track_title,track_id,sc_url,current_lyrics_id,current_lyrics_title_in_SC,CORRECT_SONG_TITLE (for lyrics_id matching correction),SONGS_title_at_current_id,correct_lyrics_id,issue_type
[32] Letter to My Friend (Never Again) • GROWsutra She Wanna Know PsyBass Circus JAZZ,2186767693,https://soundcloud.com/bananasutra/32-letter-to-my-friend-never-again-growsutra-she-wanna-know-psybass-circus-jazz-32,L-003,A Letter To My Friend (Never Again),A Letter To My Friend (Never Again),MISSING,,ORPHAN ID
[01] Letter to My Friend (Never Again) - GROWsutra Tzigane Arabesk Soul Peace Fusion Gipsy INDIE,2186767503,https://soundcloud.com/bananasutra/01-letter-to-my-friend-never-again-growsutra-tzigane-arabesk-soul-peace-fusion-gipsy-indie-1,L-003,A Letter To My Friend (Never Again),A Letter To My Friend (Never Again),MISSING,,ORPHAN ID
[08] Letter to My Friend (Never Again) - GROWsutra Tzigane Arabesk Soul Peace Fusion Gipsy INDIE,2186767548,https://soundcloud.com/bananasutra/08-letter-to-my-friend-never-again-growsutra-tzigane-arabesk-soul-peace-fusion-gipsy-indie-8,L-003,A Letter To My Friend (Never Again),A Letter To My Friend (Never Again),MISSING,,ORPHAN ID
[12] Letter to My Friend (Never Again) - GROWsutra Tzigane Arabesk Soul Peace Fusion Gipsy INDIE,2186767528,https://soundcloud.com/bananasutra/12-letter-to-my-friend-never-again-growsutra-tzigane-arabesk-soul-peace-fusion-gipsy-indie-12,L-003,A Letter To My Friend (Never Again),A Letter To My Friend (Never Again),MISSING,,ORPHAN ID
[15] Letter to My Friend (Never Again) - GROWsutra Tzigane Arabesk Soul Peace Fusion Gipsy INDIE,2186767568,https://soundcloud.com/bananasutra/15-letter-to-my-friend-never-again-growsutra-tzigane-arabesk-soul-peace-fusion-gipsy-indie-15,L-003,A Letter To My Friend (Never Again),A Letter To My Friend (Never Again),MISSING,,ORPHAN ID
[17] Letter to My Friend (Never Again) • Gipsy Peace Duende Soul Fusion INDIE LOFI,2186767513,https://soundcloud.com/bananasutra/17-letter-to-my-friend-never-again-gipsy-peace-duende-soul-fusion-indie-lofi-17,L-003,A Letter To My Friend (Never Again),A Letter To My Friend (Never Again),MISSING,,ORPHAN ID
[18] Letter to My Friend (Never Again) • Gipsy Peace Duende Soul Fusion INDIE LOFI,2186767583,https://soundcloud.com/bananasutra/18-letter-to-my-friend-never-again-gipsy-peace-duende-soul-fusion-indie-lofi-18,L-003,A Letter To My Friend (Never Again),A Letter To My Friend (Never Again),MISSING,,ORPHAN ID
[19] Letter to My Friend (Never Again) • Gipsy Peace Duende Soul Fusion INDIE LOFI,2186767668,https://soundcloud.com/bananasutra/19-letter-to-my-friend-never-again-gipsy-peace-duende-soul-fusion-indie-lofi-19,L-003,A Letter To My Friend (Never Again),A Letter To My Friend (Never Again),MISSING,,ORPHAN ID
[21] Letter to My Friend (Never Again) • Gipsy Peace Duende Soul Fusion INDIE LOFI,2186767598,https://soundcloud.com/bananasutra/21-letter-to-my-friend-never-again-gipsy-peace-duende-soul-fusion-indie-lofi-21,L-003,A Letter To My Friend (Never Again),A Letter To My Friend (Never Again),MISSING,,ORPHAN ID
[23] Letter to My Friend (Never Again) • Gipsy Peace Duende Soul Fusion INDIE LOFI,2186767688,https://soundcloud.com/bananasutra/23-letter-to-my-friend-never-again-gipsy-peace-duende-soul-fusion-indie-lofi-23,L-003,A Letter To My Friend (Never Again),A Letter To My Friend (Never Again),MISSING,,ORPHAN ID
[27] Letter to My Friend (Never Again) • GROWsutra Jazzy Hop Storyteller LOFI 02,2186767658,https://soundcloud.com/bananasutra/27-letter-to-my-friend-never-again-growsutra-jazzy-hop-storyteller-lofi-02-27,L-003,A Letter To My Friend (Never Again),A Letter To My Friend (Never Again),MISSING,,ORPHAN ID
[31] Letter to My Friend (Never Again) • GROWsutra She Wanna Know PsyBass Circus JAZZ,2186767643,https://soundcloud.com/bananasutra/31-letter-to-my-friend-never-again-growsutra-she-wanna-know-psybass-circus-jazz-31,L-003,A Letter To My Friend (Never Again),A Letter To My Friend (Never Again),MISSING,,ORPHAN ID
[39] Letter to My Friend (Never Again) • GROWsutra PsyDestiny Banjo BLUES,2186767683,https://soundcloud.com/bananasutra/39-letter-to-my-friend-never-again-growsutra-psydestiny-banjo-blues-39,L-003,A Letter To My Friend (Never Again),A Letter To My Friend (Never Again),MISSING,,ORPHAN ID
[26] Letter to My Friend (Never Again) • Gipsy Peace Duende Soul Fusion INDIE LOFI,2186767543,https://soundcloud.com/bananasutra/26-letter-to-my-friend-never-again-gipsy-peace-duende-soul-fusion-indie-lofi-26,L-003,A Letter To My Friend (Never Again),A Letter To My Friend (Never Again),MISSING,,ORPHAN ID
[28] Letter to My Friend (Never Again) • GROWsutra Jazzy Hop Storyteller LOFI 03,2186767553,https://soundcloud.com/bananasutra/28-letter-to-my-friend-never-again-growsutra-jazzy-hop-storyteller-lofi-03-28,L-003,A Letter To My Friend (Never Again),A Letter To My Friend (Never Again),MISSING,,ORPHAN ID
[02] A Man's a Man and A' That - VOL. 02 - A Spin on Robert Burns' Revolutionary Song - Capela MANTRA LOFI,2084801919,https://soundcloud.com/bananasutra/02-a-mans-a-man-and-a-that-vol-02-a-spin-on-robert-burns-revolutionary-song-capela-mantra-lofi-2,L-005,A Man's a Man and A' That,A Man's a Man and A' That,MISSING,,ORPHAN ID
ABC Of Kindness - A Is For Always Speak From Your Heart - DUBsutra (1),2029770568,https://soundcloud.com/bananasutra/abc-of-kindness-a-is-for-4,L-009,ABC Of Kindness,ABC Of Kindness,MISSING,,ORPHAN ID
[08] Ain't Doing Bad Doing Nothing ⭐︎ Public Domain Lyrics Fun ⭐︎ FLOWsutra Wet BURLESQUE,2205955087,https://soundcloud.com/bananasutra/08-aint-doing-bad-doing-public-domain-lyrics-fun-flowsutra-wet-burlesque-8,L-014,Ain't Doing Bad Doing Nothing,Ain't Doing Bad Doing Nothing,MISSING,,ORPHAN ID
[01] Ain't Doing Bad Doing Nothing ⭐︎ Public Domain Lyrics Fun ⭐︎ FLOWsutra Wet JAZZ,2205955091,https://soundcloud.com/bananasutra/01-aint-doing-bad-doing-public-domain-lyrics-fun-flowsutra-wet-jazz-1,L-014,Ain't Doing Bad Doing Nothing,Ain't Doing Bad Doing Nothing,MISSING,,ORPHAN ID
[07] Ain't Doing Bad Doing Nothing ⭐︎ Public Domain Lyrics Fun ⭐︎ FLOWsutra Wet JAZZ,2205955079,https://soundcloud.com/bananasutra/07-aint-doing-bad-doing-public-domain-lyrics-fun-flowsutra-wet-jazz-7,L-014,Ain't Doing Bad Doing Nothing,Ain't Doing Bad Doing Nothing,MISSING,,ORPHAN ID
"[04] Embraceable You - An American in Paris, Public Domain Lyrics - SHOWsutra Indie Jazz DUB",2248524077,https://soundcloud.com/bananasutra/04-embraceable-you-an-american-in-paris-public-domain-lyrics-showsutra-indie-jazz-dub-4,L-17,An American in Paris (Public Domain Lyrics),An American in Paris (Public Domain),An American in Paris (Public Domain),,WRONG ID - TITLE NOT IN SONGS
"[05] Tra-La-La - An American in Paris, Public Domain Lyrics - SHOWsutra Indie Jazz DUB",2248524068,https://soundcloud.com/bananasutra/05-tra-la-la-an-american-in-paris-public-domain-lyrics-showsutra-indie-jazz-dub-5,L-17,An American in Paris (Public Domain Lyrics),An American in Paris (Public Domain),An American in Paris (Public Domain),,WRONG ID - TITLE NOT IN SONGS
"[03] Nice Work If You Can Get It - An American in Paris, Public Domain Lyrics - SHOWsutra Indie JAZZ",2248524080,https://soundcloud.com/bananasutra/03-nice-work-if-you-can-get-it-an-american-in-paris-public-domain-lyrics-showsutra-classic-retro-indie-jazz-3,L-17,An American in Paris (Public Domain Lyrics),An American in Paris (Public Domain),An American in Paris (Public Domain),,WRONG ID - TITLE NOT IN SONGS
Side A [01] Secondhand Smoke • BLOWsutra Ego Gone Loco Gipsy Indie Trip Hop LOFI,2208202448,https://soundcloud.com/bananasutra/side-a-01-secondhand-smoke-blowsutra-ego-gone-loco-gipsy-indie-trip-hop-lofi-1,L-016,Arrogant Hearts (Second hand Smoke),Arrogant Hearts (Second hand Smoke),MISSING,,ORPHAN ID
Side A [03] Secondhand Smoke • BLOWsutra Ego Gone Loco Gipsy Indie Trip Hop LOFI,2208202451,https://soundcloud.com/bananasutra/side-a-03-secondhand-smoke-blowsutra-ego-gone-loco-gipsy-indie-trip-hop-lofi-3,L-016,Arrogant Hearts (Second hand Smoke),Arrogant Hearts (Second hand Smoke),MISSING,,ORPHAN ID
Side B [03] Arrogant Hearts - BLOWsutra Indie Cello MANTRA,2208202442,https://soundcloud.com/bananasutra/side-b-03-arrogant-hearts-blowsutra-indie-cello-mantra-6,L-016,Arrogant Hearts (Second hand Smoke),Arrogant Hearts (Second hand Smoke),MISSING,,ORPHAN ID
[01] BANANA ALLELUIA — KNOWsutra Folk Waltz Ballad BURLESQUE,2150602338,https://soundcloud.com/bananasutra/banana-alleluia-failed-soundcloud-upload,L-020,Banana Alleluia,Banana Alleluia,MISSING,,ORPHAN ID
[03] BANANA ALLELUIA — KNOWsutra Banjo Waltz Bounce BURLESQUE,2140154130,https://soundcloud.com/bananasutra/03-banana-alleluia-knowsutra-banjo-waltz-bounce-burlesque-3,L-020,Banana Alleluia,Banana Alleluia,MISSING,,ORPHAN ID
[02] Because the Fight ⭐︎ MellO BANJOsutra,2084831274,https://soundcloud.com/bananasutra/02-delete-your-butt-mellobanjosutra-2,L-026,Because the Light,Because the Light,MISSING,,ORPHAN ID
[01] Because the Light (wontdietonight) ⭐︎ Breathy LOFIsutra,2084831280,https://soundcloud.com/bananasutra/01-because-the-light-wontdietonight-breathy-lofisutra-1,L-026,Because the Light,Because the Light,MISSING,,ORPHAN ID
(what u) think about? • (introvert) FOLKsutra,1991682679,https://soundcloud.com/bananasutra/what-u-think-about-o-introvert,L-30,Berries and Beaches,Berries & Beaches,Berries & Beaches,,WRONG ID - TITLE NOT IN SONGS
[05] Blessed Be The Dogs • SHOWsutra Post-Punk Burlesque ROCK,2153509263,https://soundcloud.com/bananasutra/05-blessed-be-the-dogs-showsutra-post-punk-burlesque-rock-5,L-031,Blessed Be The Dogs,Blessed Be The Dogs,MISSING,,ORPHAN ID
Side A [01] Dare to Care (This Issue is Real) - BLOWsutra Revolt Now Jazzy Gipsy Blues DUB,2248438646,https://soundcloud.com/bananasutra/side-a-01-dare-to-care-this-issue-is-real-blowsutra-revolt-now-jazzy-gipsy-blues-dub-1,L-034,Bloom Past Doom,Bloom Past Doom,MISSING,,ORPHAN ID
Side B [07] Revolution's Lit (This Ain't Fiction) - BLOWsutra Revolt Now Bluesy Psychedelic Americana Banjo FOLK,2248438640,https://soundcloud.com/bananasutra/side-b-07-revolutions-lit-this-aint-fiction-blowsutra-revolt-now-bluesy-psychedelic-americana-banjo-folk-7,L-034,Bloom Past Doom,Bloom Past Doom,MISSING,,ORPHAN ID
Side B [05] Revolution's Lit (This Ain't Fiction) - BLOWsutra Revolt Now Jazzy INDIE,2248438649,https://soundcloud.com/bananasutra/side-b-05-revolutions-lit-this-aint-fiction-blowsutra-revolt-now-jazzy-indie-5,L-034,Bloom Past Doom,Bloom Past Doom,MISSING,,ORPHAN ID
Side A [02] Dare to Care (This Issue is Real) - BLOWsutra Revolt Now Dubby Bluesy Burlesque JAZZ,2248438631,https://soundcloud.com/bananasutra/side-a-02-dare-to-care-this-issue-is-real-blowsutra-revolt-now-dubby-bluesy-burlesque-jazz-2,L-034,Bloom Past Doom,Bloom Past Doom,MISSING,,ORPHAN ID
[02] But(t) How Can You GROWsutra Dem Sed Psychedelic Ragga DUB,2278937996,https://soundcloud.com/bananasutra/02-butt-how-can-you-growsutra-dem-sed-psychedelic-ragga-dub-2,L-038,But(t) How Can You?,But(t) How Can You?,MISSING,,ORPHAN ID
[05] But(t) How Can You GROWsutra F-Bomb Psychedelic Hip Hop LOFI,2278937993,https://soundcloud.com/bananasutra/05-butt-how-can-you-growsutra-f-bomb-psychedelic-hip-hop-lofi-5,L-038,But(t) How Can You?,But(t) How Can You?,MISSING,,ORPHAN ID
[03] Cassandra's Lullaby • World Reckoning INDIE FOLK,2129607399,https://soundcloud.com/bananasutra/03-cassandras-lullaby-world-reckoning-indie-folk-3,L-039,Cassandra's Lullaby,Cassandra's Lullaby,MISSING,,ORPHAN ID
[06] Cassandra's Lullaby • Jewish World INDIE FOLK,2129607411,https://soundcloud.com/bananasutra/06-cassandras-lullaby-jewish-world-indie-folk-6,L-039,Cassandra's Lullaby,Cassandra's Lullaby,MISSING,,ORPHAN ID
[11] Cassandra's Lullaby • Jewish Drum Indie Jazz MANTRA,2129607414,https://soundcloud.com/bananasutra/11-cassandras-lullaby-jewish-drum-indie-jazz-mantra-11,L-039,Cassandra's Lullaby,Cassandra's Lullaby,MISSING,,ORPHAN ID
"[02] Courage, Care, and Coconuts (Kindness is Clear more than Nice) - Dreamy Indie FOLKsutra",2100876342,https://soundcloud.com/bananasutra/02-courage-care-and-coconuts-kindness-is-clear-more-than-nice-dreamy-indie-folksutra-2,L-043,"Courage, care, and coconuts","Courage, care, and coconuts",MISSING,,ORPHAN ID
Creepy Con Meme • Dicky DUBsutra,2040185160,https://soundcloud.com/bananasutra/creepy-con-meme-o-dicky,L-045,Creepy Con Meme,Creepy Con Meme,MISSING,,ORPHAN ID
Side A [04] CREEPYPASTA • SHOWsutra Hide Yo Pets Bluegrass BANJO,2195089667,https://soundcloud.com/bananasutra/side-a-04-creepypasta-showsutra-hide-yo-pets-bluegrass-banjo-4,L-047,CREEPYPASTA (what the hella),Creepy Pasta (What The Hella),MISSING,,ORPHAN ID
Side B [01] CREEPYPASTA • SHOWsutra Trip Storyteller LOFI,2195089675,https://soundcloud.com/bananasutra/side-b-01-creepypasta-showsutra-trip-storyteller-lofi-14,L-047,CREEPYPASTA (what the hella),Creepy Pasta (What The Hella),MISSING,,ORPHAN ID
Side B [02] CREEPYPASTA • SHOWsutra Trip Storyteller LOFI,2195089719,https://soundcloud.com/bananasutra/side-b-02-creepypasta-showsutra-trip-storyteller-lofi-15,L-047,CREEPYPASTA (what the hella),Creepy Pasta (What The Hella),MISSING,,ORPHAN ID
#2 Darling - JAZZsutra,1963060251,https://soundcloud.com/bananasutra/2-darling-jazzsutra,L-053,Darling,Darling,MISSING,,ORPHAN ID
Double (decking) Standards VOL. 1 • DUBsutra,2015172447,https://soundcloud.com/bananasutra/double-decking-standards-why-dubsutra,L-059,Double Standards,Double Standards,MISSING,,ORPHAN ID
[01] Easy (Death Is Nothing At All) • BOWsutra Weary Banjo Mama BLUES,2177269572,https://soundcloud.com/bananasutra/01-easy-death-is-nothing-at-all-bowsutra-weary-banjo-mama-blues-1,L-062,Easy (Death Is Nothing At All),Easy (Death Is Nothing At All),MISSING,,ORPHAN ID
[07] Easy (Death Is Nothing At All) • BOWsutra La Poesita Peace DUB INDIE,2177269569,https://soundcloud.com/bananasutra/07-easy-death-is-nothing-at-all-bowsutra-la-poesita-peace-dub-indie-7,L-062,Easy (Death Is Nothing At All),Easy (Death Is Nothing At All),MISSING,,ORPHAN ID
[02] Ego Ain't Your Amigo • BLOWsutra (Ego Gone Loco) La Poesita Psychedelic Indie Flamenco DUB,2271618413,https://soundcloud.com/bananasutra/02-ego-aint-your-amigo-blowsutra-ego-gone-loco-la-poesita-psychedelic-indie-flamenco-dub-2,L-063,Ego Ain't Your Amigo,Ego Ain't Your Amigo,MISSING,,ORPHAN ID
[05] Ego Ain't Your Amigo • BLOWsutra (Ego Gone Loco) Psychedelic Bridge Poetry Folk DUB,2271618437,https://soundcloud.com/bananasutra/05-ego-aint-your-amigo-blowsutra-ego-gone-loco-psychedelic-bridge-poetry-folk-dub-5,L-063,Ego Ain't Your Amigo,Ego Ain't Your Amigo,MISSING,,ORPHAN ID
[06] Ego Ain't Your Amigo • BLOWsutra (Ego Gone Loco) Psychedelic Bridge Poetry Folk DUB,2271618449,https://soundcloud.com/bananasutra/06-ego-aint-your-amigo-blowsutra-ego-gone-loco-psychedelic-bridge-poetry-folk-dub-6,L-063,Ego Ain't Your Amigo,Ego Ain't Your Amigo,MISSING,,ORPHAN ID
[21] Ego Ain't Your Amigo • BLOWsutra (Ego Gone Loco) Queen of Authentic Dubby Psychedelic Folk BLUES,2271618428,https://soundcloud.com/bananasutra/21-ego-aint-your-amigo-blowsutra-ego-gone-loco-queen-of-authentic-dubby-psychedelic-folk-blues-21,L-063,Ego Ain't Your Amigo,Ego Ain't Your Amigo,MISSING,,ORPHAN ID
[18] Ego Ain't Your Amigo • BLOWsutra (Ego Gone Loco) Post-Punk Psychedelic IBYN Rock BURLESQUE,2271618434,https://soundcloud.com/bananasutra/18-ego-aint-your-amigo-blowsutra-ego-gone-loco-post-punk-psychedelic-ibyn-rock-burlesque-18,L-063,Ego Ain't Your Amigo,Ego Ain't Your Amigo,MISSING,,ORPHAN ID
[01] Ego Ain't Your Amigo • BLOWsutra (Ego Gone Loco) La Poesita Psychedelic Indie Flamenco DUB,2271618407,https://soundcloud.com/bananasutra/01-ego-aint-your-amigo-blowsutra-ego-gone-loco-la-poesita-psychedelic-indie-flamenco-dub-1,L-063,Ego Ain't Your Amigo,Ego Ain't Your Amigo,MISSING,,ORPHAN ID
[03] Ego Ain't Your Amigo • BLOWsutra (Ego Gone Loco) La Poesita Psychedelic Indie Flamenco DUB,2271618401,https://soundcloud.com/bananasutra/03-ego-aint-your-amigo-blowsutra-ego-gone-loco-la-poesita-psychedelic-indie-flamenco-dub-3,L-063,Ego Ain't Your Amigo,Ego Ain't Your Amigo,MISSING,,ORPHAN ID
[04] Ego Ain't Your Amigo • BLOWsutra (Ego Gone Loco) Psychedelic Bridge Poetry Folk DUB,2271618395,https://soundcloud.com/bananasutra/04-ego-aint-your-amigo-blowsutra-ego-gone-loco-psychedelic-bridge-poetry-folk-dub-4,L-063,Ego Ain't Your Amigo,Ego Ain't Your Amigo,MISSING,,ORPHAN ID
[07] Ego Ain't Your Amigo • BLOWsutra (Ego Gone Loco) Psychedelic Bridge Poetry Folk DUB,2271618422,https://soundcloud.com/bananasutra/07-ego-aint-your-amigo-blowsutra-ego-gone-loco-psychedelic-bridge-poetry-folk-dub-7,L-063,Ego Ain't Your Amigo,Ego Ain't Your Amigo,MISSING,,ORPHAN ID
[08] Ego Ain't Your Amigo • BLOWsutra (Ego Gone Loco) She Wanna Know Psychedelic Jazz Fusion DUB,2271618443,https://soundcloud.com/bananasutra/08-ego-aint-your-amigo-blowsutra-ego-gone-loco-she-wanna-know-psychedelic-jazz-fusion-dub-8,L-063,Ego Ain't Your Amigo,Ego Ain't Your Amigo,MISSING,,ORPHAN ID
[09] Ego Ain't Your Amigo • BLOWsutra (Ego Gone Loco) She Wanna Know Psychedelic Jazz Fusion DUB,2271618431,https://soundcloud.com/bananasutra/09-ego-aint-your-amigo-blowsutra-ego-gone-loco-she-wanna-know-psychedelic-jazz-fusion-dub-9,L-063,Ego Ain't Your Amigo,Ego Ain't Your Amigo,MISSING,,ORPHAN ID
[13] Ego Ain't Your Amigo • BLOWsutra (Ego Gone Loco) Psychedelic Cello Burlesque Jazz LOFI,2271618398,https://soundcloud.com/bananasutra/13-ego-aint-your-amigo-blowsutra-ego-gone-loco-psychedelic-cello-burlesque-jazz-lofi-13,L-063,Ego Ain't Your Amigo,Ego Ain't Your Amigo,MISSING,,ORPHAN ID
[15] Ego Ain't Your Amigo • BLOWsutra (Ego Gone Loco) Psychedelic Gipsy Indie Jazz Fusion LOFI,2271618389,https://soundcloud.com/bananasutra/15-ego-aint-your-amigo-blowsutra-ego-gone-loco-psychedelic-gipsy-indie-jazz-fusion-lofi-15,L-063,Ego Ain't Your Amigo,Ego Ain't Your Amigo,MISSING,,ORPHAN ID
[01] Ego Ain't Your Amigo (Fasho at Marlago) - oh hi salty honey bluesy JAZZ tempo,2079593265,https://soundcloud.com/bananasutra/01-ego-aint-your-amigo-fasho-at-marlago-oh-hi-salty-honey-bluesy-jazz-tempo-1,L-063,Ego Ain't Your Amigo,Ego Ain't Your Amigo,MISSING,,ORPHAN ID
[02] EGO's masquerade • Tzigane Trip Hop Lo-Fi INDIE,2159401536,https://soundcloud.com/bananasutra/02-egos-masquerade-tzigane-trip-hop-lo-fi-indie-2,L-064,EGO's Masquerade,EGO's Masquerade,MISSING,,ORPHAN ID
[02] El Papito Leo es No MAGA Show - Muse DUB,2118416412,https://soundcloud.com/bananasutra/02-el-papito-leo-es-no-maga-show-muse-dub-2,L-065,El Papito (Es No MAGA Show),El Papito (Es No MAGA Show),MISSING,,ORPHAN ID
[03] El Papito Leo es No MAGA Show - Muse DUB,2118416421,https://soundcloud.com/bananasutra/03-el-papito-leo-es-no-maga-show-muse-dub-3,L-065,El Papito (Es No MAGA Show),El Papito (Es No MAGA Show),MISSING,,ORPHAN ID
[01] El Papito no es loco - Latin JAZZ,2118416418,https://soundcloud.com/bananasutra/01-el-papito-no-es-loco-latin-jazz-1,L-065,El Papito (Es No MAGA Show),El Papito (Es No MAGA Show),MISSING,,ORPHAN ID
[06] El Papito Leo es No MAGA Show - Cello INDIE,2118416415,https://soundcloud.com/bananasutra/06-el-papito-leo-es-no-maga-show-cello-indie-6,L-065,El Papito (Es No MAGA Show),El Papito (Es No MAGA Show),MISSING,,ORPHAN ID
"En Vrai, On Est Tous Frères • LOFI BLUES FRENCHsutra",2019929913,https://soundcloud.com/bananasutra/en-vrai-on-est-tous-fre-res-3,L-066,"En Vrai, On Est Tous Frères","En Vrai, On Est Tous Frères",MISSING,,ORPHAN ID
[01] Everybody Knows • KNOWsutra Burlesque Trip Hop Indie Piano BLUES,2205052535,https://soundcloud.com/bananasutra/01-everybody-knows-knowsutra-burlesque-trip-hop-indie-piano-blues-1,L-067,Everybody Knows,Everybody Knows,MISSING,,ORPHAN ID
[04] Everybody Knows • KNOWsutra Burlesque Trip Hop Piano Jazz INDIE,2205052543,https://soundcloud.com/bananasutra/04-everybody-knows-knowsutra-burlesque-trip-hop-piano-jazz-indie-4,L-067,Everybody Knows,Everybody Knows,MISSING,,ORPHAN ID
[05] Everybody Knows • KNOWsutra Psychedelic Trip Hop Cello Waltz INDIE,2205052555,https://soundcloud.com/bananasutra/05-everybody-knows-knowsutra-psychedelic-trip-hop-cello-waltz-indie-5,L-067,Everybody Knows,Everybody Knows,MISSING,,ORPHAN ID
[02] Everybody Knows • KNOWsutra Burlesque Trip Hop Indie Dub Piano BLUES,2205052559,https://soundcloud.com/bananasutra/02-everybody-knows-knowsutra-burlesque-trip-hop-indie-dub-piano-blues-2,L-067,Everybody Knows,Everybody Knows,MISSING,,ORPHAN ID
[05] Fluye • Queen (of Authentic) DUB (1),2098355772,https://soundcloud.com/bananasutra/05-fluye-queen-of-authentic-dub-1-5,L-071,Fluye (como el mar),Fluye (como el mar),MISSING,,ORPHAN ID
[08] Fluye • Miss Cheeky DUB (2),2098355745,https://soundcloud.com/bananasutra/08-fluye-miss-cheeky-dub-2-8,L-071,Fluye (como el mar),Fluye (como el mar),MISSING,,ORPHAN ID
[09] Fluye • Muse Prima DUB (1),2098355769,https://soundcloud.com/bananasutra/09-fluye-muse-prima-dub-1-9,L-071,Fluye (como el mar),Fluye (como el mar),MISSING,,ORPHAN ID
[11] Fluye • Feel Di (Ragga) Riddim DUB,2098355757,https://soundcloud.com/bananasutra/11-fluye-feel-di-ragga-riddim-dub-11,L-071,Fluye (como el mar),Fluye (como el mar),MISSING,,ORPHAN ID
[06] Fluye • Queen (of Authentic) DUB (2),2098355763,https://soundcloud.com/bananasutra/06-fluye-queen-of-authentic-dub-2-6,L-071,Fluye (como el mar),Fluye (como el mar),MISSING,,ORPHAN ID
[07] Fluye • Miss Cheeky DUB (1),2098355775,https://soundcloud.com/bananasutra/07-fluye-miss-cheeky-dub-1-7,L-071,Fluye (como el mar),Fluye (como el mar),MISSING,,ORPHAN ID
[01] Fluye • Oh My (Socrates) Cello INDIE,2098355751,https://soundcloud.com/bananasutra/01-fluye-oh-my-socrates-cello-indie-1,L-071,Fluye (como el mar),Fluye (como el mar),MISSING,,ORPHAN ID
Absinthe Bliss (Kiss Me Slow) • DUBsutra,1988597215,https://soundcloud.com/bananasutra/absinthe-bliss-kiss-me-slow-o,L-073,Foolish,Foolish,MISSING,,ORPHAN ID
Dark (Lace) Rhythms • TANGOsutra,1988597211,https://soundcloud.com/bananasutra/dark-lace-rhythms-o-tangosutra,L-073,Foolish,Foolish,MISSING,,ORPHAN ID
[14] Foolish Goldfish (Forever) • KNOWsutra Peace (Not War) Psychedelic Destiny BLUES,2219108897,https://soundcloud.com/bananasutra/14-foolish-goldfish-forever-knowsutra-peace-not-war-psychedelic-destiny-blues-14,L-074,Foolish Goldfish (Forever),Foolish Goldfish (Forever),MISSING,,ORPHAN ID
[05] Foolish Goldfish (Forever) • KNOWsutra Peace (Not War) Psychedelic Poetry Dubs The Bridge DUB,2219108906,https://soundcloud.com/bananasutra/05-foolish-goldfish-forever-knowsutra-peace-not-war-psychedelic-poetry-dubs-the-bridge-dub-5,L-074,Foolish Goldfish (Forever),Foolish Goldfish (Forever),MISSING,,ORPHAN ID
[01] Foolish Goldfish (Forever) • KNOWsutra Peace (Not War) Mama-b-c Psychedelic Cello Dream INDIE,2219108903,https://soundcloud.com/bananasutra/01-foolish-goldfish-forever-knowsutra-peace-not-war-mama-b-c-psychedelic-cello-dream-indie-1,L-074,Foolish Goldfish (Forever),Foolish Goldfish (Forever),MISSING,,ORPHAN ID
[02] Foolish Goldfish (Forever) • KNOWsutra Peace (Not War) La Poesita Psychedelic Cello Dub INDIE,2219108909,https://soundcloud.com/bananasutra/02-foolish-goldfish-forever-knowsutra-peace-not-war-la-poesita-psychedelic-cello-dub-indie-2,L-074,Foolish Goldfish (Forever),Foolish Goldfish (Forever),MISSING,,ORPHAN ID
[07] Foolish Goldfish (Forever) • KNOWsutra Peace (Not War) Psychedelic Tzigane Soul Fusion LOFI,2219108891,https://soundcloud.com/bananasutra/07-foolish-goldfish-forever-knowsutra-peace-not-war-psychedelic-tzigane-soul-fusion-lofi-7,L-074,Foolish Goldfish (Forever),Foolish Goldfish (Forever),MISSING,,ORPHAN ID
[08] Foolish Goldfish (Forever) • KNOWsutra Peace (Not War) Psychedelic Tzigane Soul Fusion LOFI,2219108894,https://soundcloud.com/bananasutra/08-foolish-goldfish-forever-knowsutra-peace-not-war-psychedelic-tzigane-soul-fusion-lofi-8,L-074,Foolish Goldfish (Forever),Foolish Goldfish (Forever),MISSING,,ORPHAN ID
"Genius, You See V.1 • Indie Jazz Folk Lullaby  • sutraKNOW inspired by Albert Einstein",1944270919,https://soundcloud.com/bananasutra/genius-you-see-v1-o,L-080,Genius EP,Genius EP,MISSING,,ORPHAN ID
[04] Gladys in Sonderland • SHOWsutra Psychedelic Gentle Gipsy Piano Cello Accordion Waltz Cameo BURLESQUE,2202148451,https://soundcloud.com/bananasutra/04-gladys-in-sonderland-showsutra-psychedelic-gentle-gipsy-piano-cello-accordion-waltz-cameo-burlesque-4,L-083,Gladys in Sonderland,Gladys in Sonderland,MISSING,,ORPHAN ID
[10] Gladys in Sonderland • SHOWsutra Psychedelic Gipsy Cello Waltz INDIE BURLESQUE,2202148491,https://soundcloud.com/bananasutra/10-gladys-in-sonderland-showsutra-psychedelic-gipsy-cello-waltz-indie-burlesque-10,L-083,Gladys in Sonderland,Gladys in Sonderland,MISSING,,ORPHAN ID
[12] Gladys in Sonderland • SHOWsutra Psychedelic Gipsy Cello Waltz BURLESQUE,2202148503,https://soundcloud.com/bananasutra/12-gladys-in-sonderland-showsutra-psychedelic-gipsy-cello-waltz-burlesque-12,L-083,Gladys in Sonderland,Gladys in Sonderland,MISSING,,ORPHAN ID
[06] Gladys in Sonderland • SHOWsutra Psychedelic Gipsy Cello Waltz Breathing BURLESQUE,2202148471,https://soundcloud.com/bananasutra/06-gladys-in-sonderland-showsutra-psychedelic-gipsy-cello-waltz-breathing-burlesque-6,L-083,Gladys in Sonderland,Gladys in Sonderland,MISSING,,ORPHAN ID
[11] Gladys in Sonderland • SHOWsutra Psychedelic Gipsy Accordion Circus Waltz BURLESQUE,2202148459,https://soundcloud.com/bananasutra/11-gladys-in-sonderland-showsutra-psychedelic-gipsy-accordion-circus-waltz-burlesque-11,L-083,Gladys in Sonderland,Gladys in Sonderland,MISSING,,ORPHAN ID
"[11] Hello, Oh No • GROWsutra Psychedelic Queen of Authentic Dubby Folk Banjo BLUES",2274175502,https://soundcloud.com/bananasutra/11-hello-oh-no-growsutra-psychedelic-queen-of-authentic-dubby-folk-banjo-blues-11,L-089,"Hello, Oh No","Hello, Oh No",MISSING,,ORPHAN ID
"[01] Hello, Oh No • GROWsutra Psychedelic Folk Poetry Bridges the DUB",2274175541,https://soundcloud.com/bananasutra/01-hello-oh-no-growsutra-psychedelic-folk-poetry-bridges-the-dub-1,L-089,"Hello, Oh No","Hello, Oh No",MISSING,,ORPHAN ID
"[03] Hello, Oh No • GROWsutra Psychedelic Folk Poetry Bridges the DUB",2274175523,https://soundcloud.com/bananasutra/03-hello-oh-no-growsutra-psychedelic-folk-poetry-bridges-the-dub-3,L-089,"Hello, Oh No","Hello, Oh No",MISSING,,ORPHAN ID
"[06] Hello, Oh No • GROWsutra La Poesita Gipsy Flamenco DUB",2274175535,https://soundcloud.com/bananasutra/06-hello-oh-no-growsutra-la-poesita-gipsy-flamenco-dub-6,L-089,"Hello, Oh No","Hello, Oh No",MISSING,,ORPHAN ID
"[09] Hello, Oh No • GROWsutra Psychedelic Circus Indie Tango JAZZ",2274175505,https://soundcloud.com/bananasutra/09-hello-oh-no-growsutra-psychedelic-circus-indie-tango-jazz-9,L-089,"Hello, Oh No","Hello, Oh No",MISSING,,ORPHAN ID
"[04] Hereby, I Cry • We Sing mo' DUB",2123667888,https://soundcloud.com/bananasutra/04-hereby-i-cry-we-sing-mo-dub-4,L-090,"Hereby, I Cry","Hereby, I Cry",MISSING,,ORPHAN ID
"[05] Hereby, I Cry • Arabesk Drum MANTRA",2123667885,https://soundcloud.com/bananasutra/05-hereby-i-cry-arabesk-drum-mantra-5,L-090,"Hereby, I Cry","Hereby, I Cry",MISSING,,ORPHAN ID
"[01] Hey, Creeps • BLOWsutra Ego Gone à la Psychedelic Gipsy Bonobo Cosmic Punk LOFI",2217702719,https://soundcloud.com/bananasutra/01-hey-creeps-blowsutra-ego-gone-a-la-psychedelic-gipsy-bonobo-cosmic-punk-lofi-1,L-091,"Hey, Creeps","Hey, Creeps",MISSING,,ORPHAN ID
"[12] Hey, Creeps • BLOWsutra Ego Gone Loco Tzigane Fusion LOFI",2217702731,https://soundcloud.com/bananasutra/12-hey-creeps-blowsutra-ego-gone-loco-tzigane-fusion-lofi-12,L-091,"Hey, Creeps","Hey, Creeps",MISSING,,ORPHAN ID
"[13] Hey, Creeps • BLOWsutra Ego Gone Psychedelic Hip Hop Storyteller LOFI",2217702701,https://soundcloud.com/bananasutra/13-hey-creeps-blowsutra-ego-gone-psychedelic-hip-hop-storyteller-lofi-13,L-091,"Hey, Creeps","Hey, Creeps",MISSING,,ORPHAN ID
"[16] Hey, Creeps • BLOWsutra Ego Gone She Wanna Know Psychedelic LoFi Jazz DUB",2217702740,https://soundcloud.com/bananasutra/16-hey-creeps-blowsutra-ego-gone-she-wanna-know-psychedelic-lofi-jazz-dub-16,L-091,"Hey, Creeps","Hey, Creeps",MISSING,,ORPHAN ID
"[02] Hey, Creeps • BLOWsutra Ego Gone à la Psychedelic Gipsy Grouchy Cosmic Punk LOFI",2217702728,https://soundcloud.com/bananasutra/02-hey-creeps-blowsutra-ego-gone-a-la-psychedelic-gipsy-grouchy-cosmic-punk-lofi-2,L-091,"Hey, Creeps","Hey, Creeps",MISSING,,ORPHAN ID
"[05] Hey, Creeps • BLOWsutra Ego Gone Bamboozlers Indie CelLOFI",2217702704,https://soundcloud.com/bananasutra/05-hey-creeps-blowsutra-ego-gone-bamboozlers-indie-cellofi-5,L-091,"Hey, Creeps","Hey, Creeps",MISSING,,ORPHAN ID
"[02] Hi, My Name Is (Not Céline Dion) - SHOWsutra Gipsy Fusion Trip Hop World LOFI",2192362623,https://soundcloud.com/bananasutra/02-hi-my-name-is-not-celine-dion-showsutra-gipsy-fusion-trip-hop-world-lofi-2,L-093,"Hi, My Name Is (Not Celine Dion)","Hi, My Name Is (Not Celine Dion)",MISSING,,ORPHAN ID
"[11] Hi, My Name Is (Not Celine Dion) • SHOWsutra Cello Circus Waltz BURLESQUE",2192359415,https://soundcloud.com/bananasutra/11-hi-my-name-is-not-celine-dion-showsutra-cello-circus-waltz-burlesque-11,L-093,"Hi, My Name Is (Not Celine Dion)","Hi, My Name Is (Not Celine Dion)",MISSING,,ORPHAN ID
"[08] Hi, My Name Is (Not Céline Dion) - SHOWsutra Gipsy Fusion Trip Hop World LOFI",2192362635,https://soundcloud.com/bananasutra/08-hi-my-name-is-not-celine-dion-showsutra-gipsy-fusion-trip-hop-world-lofi-8,L-093,"Hi, My Name Is (Not Celine Dion)","Hi, My Name Is (Not Celine Dion)",MISSING,,ORPHAN ID
"#3 Hold the Mic, Babe ☰ BANJOsutra Hug for Ya, Babe",1955989803,https://soundcloud.com/bananasutra/3-hold-the-mic-babe,L-096,"Hold The Mic, Babe","Hold The Mic, Babe",MISSING,,ORPHAN ID
"#2 Hold the Mic, Babe ☰ DUBsutra Vocal Hug",1955989799,https://soundcloud.com/bananasutra/2-hold-the-mic-babe,L-096,"Hold The Mic, Babe","Hold The Mic, Babe",MISSING,,ORPHAN ID
"#1 Hold the Mic, Babe ☰ BANJOsutra Vocal Hug",1955989815,https://soundcloud.com/bananasutra/1-hold-the-mic-babe-banjo-blues,L-096,"Hold The Mic, Babe","Hold The Mic, Babe",MISSING,,ORPHAN ID
[8] How do kids learn • DRUM FOLKsutra,2078543796,https://soundcloud.com/bananasutra/8-how-do-kids-learn-drum-folksutra-9,L-100,How Do Kids Learn Now?,How Do Kids Learn Now?,Hide Your Pets,L-106,WRONG ID - FIXABLE
[0] How do kids learn • Destiny JAZZsutra (high),2078543768,https://soundcloud.com/bananasutra/0-how-do-kids-learn-destiny-jazzsutra-high-1,L-100,How Do Kids Learn Now?,How Do Kids Learn Now?,Hide Your Pets,L-106,WRONG ID - FIXABLE
Side B [16] If We Had But(t) The Truth • BLOWsutra (Censored) PsyPunk Rock Cabaret BURLESQUE,2254103159,https://soundcloud.com/bananasutra/side-b-16-if-we-had-butt-the-truth-blowsutra-censored-psypunk-rock-cabaret-burlesque-16,L-108,If We Had But(t) The Truth,If We Had But(t) The Truth,How Do You Explain War?,L-114,WRONG ID - FIXABLE
Side A [08] If We Had But(t) The Truth • BLOWsutra (Censored) Folk Poetry on the Bridge DUB,2254103219,https://soundcloud.com/bananasutra/side-a-08-if-we-had-butt-the-truth-blowsutra-censored-folk-poetry-on-the-bridge-dub-8,L-108,If We Had But(t) The Truth,If We Had But(t) The Truth,How Do You Explain War?,L-114,WRONG ID - FIXABLE
Side B [15] If We Had But(t) The Truth • BLOWsutra (Censored) Gipsy Psychedelia Accordion Cello Indie FOLK,2254103222,https://soundcloud.com/bananasutra/side-b-15-if-we-had-butt-the-truth-blowsutra-censored-gipsy-psychedelia-accordion-cello-indie-folk-15,L-108,If We Had But(t) The Truth,If We Had But(t) The Truth,How Do You Explain War?,L-114,WRONG ID - FIXABLE
Side A [06] If We Had But(t) The Truth • BLOWsutra (Censored) Folk Poetry on the Bridge DUB,2254103174,https://soundcloud.com/bananasutra/side-a-06-if-we-had-butt-the-truth-blowsutra-censored-folk-poetry-on-the-bridge-dub-6,L-108,If We Had But(t) The Truth,If We Had But(t) The Truth,How Do You Explain War?,L-114,WRONG ID - FIXABLE
Side A [09] If We Had But(t) The Truth • BLOWsutra (Censored) Feel Di Riddim Ragga Mama DUB,2254103165,https://soundcloud.com/bananasutra/side-a-09-if-we-had-butt-the-truth-blowsutra-censored-feel-di-riddim-ragga-mama-dub-9,L-108,If We Had But(t) The Truth,If We Had But(t) The Truth,How Do You Explain War?,L-114,WRONG ID - FIXABLE
Side A [01] If We Had But(t) The Truth • BLOWsutra (Censored) Jazzy Psychedelic Hip Trip Hop LOFI,2254103180,https://soundcloud.com/bananasutra/side-a-01-if-we-had-butt-the-truth-blowsutra-censored-jazzy-psychedelic-hip-trip-hop-lofi-1,L-108,If We Had But(t) The Truth,If We Had But(t) The Truth,How Do You Explain War?,L-114,WRONG ID - FIXABLE
"[03] It's an Ethical Paradox, an Oxymoron Maze • KNOWsutra (Bertrand Knows) Gipsy Burlesque Upright Bass JAZZ",2241219629,https://soundcloud.com/bananasutra/03-its-an-ethical-paradox-an-oxymoron-maze-knowsutra-bertrand-knows-gipsy-burlesque-upright-bass-jazz-3,L-110,It's An Ethical Paradox,It's An Ethical Paradox,"I Did The Math (Everything is Stupid, Absurd, and Divine",L-116,WRONG ID - FIXABLE
"[05] It's an Ethical Paradox, an Oxymoron Maze • KNOWsutra (Bertrand Knows) Gipsy Burlesque Upright Bass Piano JAZZ",2241219674,https://soundcloud.com/bananasutra/05-its-an-ethical-paradox-an-oxymoron-maze-knowsutra-bertrand-knows-gipsy-burlesque-upright-bass-piano-jazz-5,L-110,It's An Ethical Paradox,It's An Ethical Paradox,"I Did The Math (Everything is Stupid, Absurd, and Divine",L-116,WRONG ID - FIXABLE
"[07] It's an Ethical Paradox, an Oxymoron Maze • KNOWsutra (Bertrand Knows) Gipsy Burlesque Upright Bass JAZZ",2241219650,https://soundcloud.com/bananasutra/07-its-an-ethical-paradox-an-oxymoron-maze-knowsutra-bertrand-knows-gipsy-burlesque-upright-bass-jazz-7,L-110,It's An Ethical Paradox,It's An Ethical Paradox,"I Did The Math (Everything is Stupid, Absurd, and Divine",L-116,WRONG ID - FIXABLE
"[01] It's an Ethical Paradox, an Oxymoron Maze • KNOWsutra (Bertrand Knows) Gipsy Burlesque Piano Bass JAZZ",2241219644,https://soundcloud.com/bananasutra/01-its-an-ethical-paradox-an-oxymoron-maze-knowsutra-bertrand-knows-gipsy-burlesque-piano-bass-jazz-1,L-110,It's An Ethical Paradox,It's An Ethical Paradox,"I Did The Math (Everything is Stupid, Absurd, and Divine",L-116,WRONG ID - FIXABLE
"[02] It's an Ethical Paradox, an Oxymoron Maze • KNOWsutra (Bertrand Knows) Gipsy Burlesque Upright Bass JAZZ",2241219647,https://soundcloud.com/bananasutra/02-its-an-ethical-paradox-an-oxymoron-maze-knowsutra-bertrand-knows-gipsy-burlesque-upright-bass-jazz-2,L-110,It's An Ethical Paradox,It's An Ethical Paradox,"I Did The Math (Everything is Stupid, Absurd, and Divine",L-116,WRONG ID - FIXABLE
"[06] It's an Ethical Paradox, an Oxymoron Maze • KNOWsutra (Bertrand Knows) Gipsy Burlesque Piano Upright Bass JAZZ",2241219638,https://soundcloud.com/bananasutra/06-its-an-ethical-paradox-an-oxymoron-maze-knowsutra-bertrand-knows-gipsy-burlesque-piano-upright-bass-jazz-6,L-110,It's An Ethical Paradox,It's An Ethical Paradox,"I Did The Math (Everything is Stupid, Absurd, and Divine",L-116,WRONG ID - FIXABLE
"[15] It's an Ethical Paradox, an Oxymoron Maze • KNOWsutra (Bertrand Knows) Gipsy Burlesque Jazz Cello DUB",2241219641,https://soundcloud.com/bananasutra/15-its-an-ethical-paradox-an-oxymoron-maze-knowsutra-bertrand-knows-gipsy-burlesque-jazz-cello-dub-15,L-110,It's An Ethical Paradox,It's An Ethical Paradox,"I Did The Math (Everything is Stupid, Absurd, and Divine",L-116,WRONG ID - FIXABLE
"[13] It's an Ethical Paradox, an Oxymoron Maze • KNOWsutra (Bertrand Knows) Gipsy Burlesque Jazz Cello Trip Hop LOFI",2241219653,https://soundcloud.com/bananasutra/13-its-an-ethical-paradox-an-oxymoron-maze-knowsutra-bertrand-knows-gipsy-burlesque-jazz-cello-trip-hop-lofi-13,L-110,It's An Ethical Paradox,It's An Ethical Paradox,"I Did The Math (Everything is Stupid, Absurd, and Divine",L-116,WRONG ID - FIXABLE
"[14] It's an Ethical Paradox, an Oxymoron Maze • KNOWsutra (Bertrand Knows) Gipsy Burlesque Jazz Cello LOFI",2241219668,https://soundcloud.com/bananasutra/14-its-an-ethical-paradox-an-oxymoron-maze-knowsutra-bertrand-knows-gipsy-burlesque-jazz-cello-lofi-14,L-110,It's An Ethical Paradox,It's An Ethical Paradox,"I Did The Math (Everything is Stupid, Absurd, and Divine",L-116,WRONG ID - FIXABLE
"[10] It's War, My Friend • QUACKsutra Psychedelic BLUES",2167934532,https://soundcloud.com/bananasutra/10-its-war-my-friend-quacksutra-psychedelic-blues-10,L-111,"It's War, My Friend","It's War, My Friend",I Know You Didn’t Ask,L-117,WRONG ID - FIXABLE
"[11] It's War, My Friend • QUACKsutra Psychedelic Folk BLUES",2167934520,https://soundcloud.com/bananasutra/11-its-war-my-friend-quacksutra-psychedelic-folk-blues-11,L-111,"It's War, My Friend","It's War, My Friend",I Know You Didn’t Ask,L-117,WRONG ID - FIXABLE
"[15] It's War, My Friend • QUACKsutra Psychedelic Punk ROCK",2167934496,https://soundcloud.com/bananasutra/15-its-war-my-friend-quacksutra-psychedelic-punk-rock-15,L-111,"It's War, My Friend","It's War, My Friend",I Know You Didn’t Ask,L-117,WRONG ID - FIXABLE
"[02] It's War, My Friend • QUACKsutra Tzigane Indie Fusion LOFI",2167934502,https://soundcloud.com/bananasutra/02-its-war-my-friend-quacksutra-tzigane-indie-fusion-lofi-2,L-111,"It's War, My Friend","It's War, My Friend",I Know You Didn’t Ask,L-117,WRONG ID - FIXABLE
[01] Jacques Brel - French GLOWsutra Oh Boy Accordion Circus Waltz Chanson BURLESQUE,2221217696,https://soundcloud.com/bananasutra/01-jacques-brel-french-glowsutra-oh-boy-accordion-circus-waltz-chanson-burlesque-1,L-112,Jacques Brel,Jacques Brel,I Think I Need a Good Spank!ng (in Madrid),L-118,WRONG ID - FIXABLE
[07] Jacques Brel - French GLOWsutra Psychedelic Circus Cello Chanson INDIE,2221217690,https://soundcloud.com/bananasutra/07-jacques-brel-french-glowsutra-psychedelic-circus-cello-chanson-indie-7,L-112,Jacques Brel,Jacques Brel,I Think I Need a Good Spank!ng (in Madrid),L-118,WRONG ID - FIXABLE
[18] Jealousy (not for me) - Muse 1 DUB,2119797585,https://soundcloud.com/bananasutra/18-jealousy-not-for-me-muse-1-dub-18,L-113,Jealousy (Not For Me),Jealousy (Not For Me),Idiocracy Now,L-119,WRONG ID - FIXABLE
[15] Jealousy (not for me) - WSWHFN DUB,2119797558,https://soundcloud.com/bananasutra/15-jealousy-not-for-me-wswhfn-dub-15,L-113,Jealousy (Not For Me),Jealousy (Not For Me),Idiocracy Now,L-119,WRONG ID - FIXABLE
[11] Jealousy (not for me) - MAMA-B-C INDIE,2119797591,https://soundcloud.com/bananasutra/11-jealousy-not-for-me-mama-b-c-indie-11,L-113,Jealousy (Not For Me),Jealousy (Not For Me),Idiocracy Now,L-119,WRONG ID - FIXABLE
[05] Jolly Poo - No one knows how dark you are - FOLKsutra,2102319564,https://soundcloud.com/bananasutra/05-jolly-poo-no-one-knows-how-dark-you-are-folksutra-5,L-114,Jolly Poo,Jolly Poo,If We Had But(t) The Truth,L-120,WRONG ID - FIXABLE
[11] Jolly Poo - Coward Dawgs Gossip but(t) only in your back  - DUBsutra,2102319546,https://soundcloud.com/bananasutra/11-jolly-poo-coward-dawgs-gossip-butt-only-in-your-back-dubsutra-11,L-114,Jolly Poo,Jolly Poo,If We Had But(t) The Truth,L-120,WRONG ID - FIXABLE
[12] Jolly Poo - Beware of Dog who won’t Bark - DUBsutra,2102319558,https://soundcloud.com/bananasutra/12-jolly-poo-beware-of-dog-who-wont-bark-dubsutra-12,L-114,Jolly Poo,Jolly Poo,If We Had But(t) The Truth,L-120,WRONG ID - FIXABLE
Just Waltz(be) • Jazzy Grinding Waltz • sutraFLOW (v5),1949821043,https://soundcloud.com/bananasutra/just-waltzbe-jazzy-grinding-waltz-sutraflow-v5,L-115,Just Be,Just Be,Ironic Moronic Eugenics,L-121,WRONG ID - FIXABLE
Just Gasp(be) • Jazzy DUB Poetry • sutraFLOW (v1),1949821027,https://soundcloud.com/bananasutra/just-gaspbe-jazzy-folk-poetry-sutraflow-v1,L-115,Just Be,Just Be,Ironic Moronic Eugenics,L-121,WRONG ID - FIXABLE
Just Grind(ha) • Harmonica Blues Lo-fi • sutraFLOW,1949821031,https://soundcloud.com/bananasutra/just-grindha-harmonica-blues-lo-fi-sutraflow,L-115,Just Be,Just Be,Ironic Moronic Eugenics,L-121,WRONG ID - FIXABLE
[02] Kids Are Asking - KNOWsutra But(t) Why Acoustic Trip Hop LoFi JAZZ,2223668777,https://soundcloud.com/bananasutra/02-kids-are-asking-knowsutra-butt-why-acoustic-trip-hop-lofi-jazz-2,L-118,Kids Are Asking,Kids Are Asking,Jacques Brel,L-124,WRONG ID - FIXABLE
[01] La Force Douce ✪ French GROWsutra Gipsy Flamenco Duende Chanson INDIE,2184717623,https://soundcloud.com/bananasutra/01-la-force-douce-french-growsutra-gipsy-flamenco-duende-chanson-indie-1,L-126,La Force Douce,La Force Douce,Kindness,L-132,WRONG ID - FIXABLE
[02] La Force Douce - French GROWsutra Gipsy Flamenco Duende Chanson INDIE,2184717639,https://soundcloud.com/bananasutra/02-la-force-douce-french-growsutra-gipsy-flamenco-duende-chanson-indie-2,L-126,La Force Douce,La Force Douce,Kindness,L-132,WRONG ID - FIXABLE
[03] La Force Douce - French GROWsutra Gipsy Flamenco Duende Chanson INDIE,2184717631,https://soundcloud.com/bananasutra/03-la-force-douce-french-growsutra-gipsy-flamenco-duende-chanson-indie-3,L-126,La Force Douce,La Force Douce,Kindness,L-132,WRONG ID - FIXABLE
[06] La Force Douce - French GROWsutra Tzigane Peace Soul Fusion LoFi INDIE,2184717615,https://soundcloud.com/bananasutra/06-la-force-douce-french-growsutra-tzigane-peace-soul-fusion-lofi-indie-6,L-126,La Force Douce,La Force Douce,Kindness,L-132,WRONG ID - FIXABLE
[03] La Poesia Importa - Oh Lordy DUBsutra,2103061770,https://soundcloud.com/bananasutra/03-la-poesia-importa-oh-lordy-dubsutra-3,L-127,La Poesia Importa,La Poesia Importa,Kindness,L-133,WRONG ID - FIXABLE
[06] La Poesia Importa 2 (low) - Psy JAZZsutra,2103061788,https://soundcloud.com/bananasutra/06-la-poesia-importa-2-low-psy-jazzsutra-6,L-127,La Poesia Importa,La Poesia Importa,Kindness,L-133,WRONG ID - FIXABLE
"Manu, Le P'tit Menteur v2 • sutraFRENCH • Burlesque Ego Accordion Cabaret",1948327843,https://soundcloud.com/bananasutra/sutrablow-french-jazz-le-ptit-menteur-v2,L-131,Le Système,Le Système,L’Embobinage,L-137,WRONG ID - FIXABLE
"Le système, ça voulait dire… v2 • sutraFRENCH • Burlesque Ego Accordion Cabaret",1948327863,https://soundcloud.com/bananasutra/sutrablow-french-burlesque-ego-tale-le-systeme-de-macron-v2,L-131,Le Système,Le Système,L’Embobinage,L-137,WRONG ID - FIXABLE
"Manu, Le P'tit Menteur v2 • sutraFRENCH • Burlesque Ego Accordion Cabaret",1948327855,https://soundcloud.com/bananasutra/sutrablow-french-jazz-le-ptit-menteur-v1,L-131,Le Système,Le Système,L’Embobinage,L-137,WRONG ID - FIXABLE
"Le système, ça voulait dire… v3 • sutraFRENCH • Burlesque Ego JAZZZ Masquerade",1948327839,https://soundcloud.com/bananasutra/sutrablow-french-burlesque-ego-tale-le-systeme-de-macron-v3,L-131,Le Système,Le Système,L’Embobinage,L-137,WRONG ID - FIXABLE
Le Poids de l'Ego v1 • sutraFRENCH • Burlesque Ego Dub Cabaret,1948327867,https://soundcloud.com/bananasutra/sutrablow-french-dub-le-poids-de-lego-v1,L-131,Le Système,Le Système,L’Embobinage,L-137,WRONG ID - FIXABLE
Le P'tit Jupiter • sutraFRENCH • indieJAZZZ Piano LOFI Soul :),1948327811,https://soundcloud.com/bananasutra/sutrablow-french-piano-soul-le-ptit-jupiter,L-131,Le Système,Le Système,L’Embobinage,L-137,WRONG ID - FIXABLE
[02] MAHA (Make America Humane Again) • Vol. 2 • BLOWsutra Gipsy Trip Hop Lofi DUB,2264842565,https://soundcloud.com/bananasutra/02-maha-make-america-humane-again-vol-2-blowsutra-gipsy-trip-hop-lofi-dub-2,L-143,MAHA (Make America Humane Again),MAHA (Make America Humane Again),Liberty,L-149,WRONG ID - FIXABLE
[01] MAHA (Make America Humane Again) • Vol. 2 • BLOWsutra Gipsy Trip Hop Blues LOFI,2264842571,https://soundcloud.com/bananasutra/01-maha-make-america-humane-again-vol-2-blowsutra-gipsy-trip-hop-blues-lofi-1,L-143,MAHA (Make America Humane Again),MAHA (Make America Humane Again),Liberty,L-149,WRONG ID - FIXABLE
[04] MAHA (Make America Humane Again) • Vol. 2 • BLOWsutra Gipsy LoFi Trip Hip Blop LOFI,2264842556,https://soundcloud.com/bananasutra/04-maha-make-america-humane-again-vol-2-blowsutra-gipsy-lofi-trip-hip-blop-lofi-4,L-143,MAHA (Make America Humane Again),MAHA (Make America Humane Again),Liberty,L-149,WRONG ID - FIXABLE
[06] MAHA (Make America Humane Again) • Vol. 2 • BLOWsutra Gipsy Bass Trip Drum Hop Blues LOFI,2264842562,https://soundcloud.com/bananasutra/06-maha-make-america-humane-again-vol-2-blowsutra-gipsy-bass-trip-drum-hop-blues-lofi-6,L-143,MAHA (Make America Humane Again),MAHA (Make America Humane Again),Liberty,L-149,WRONG ID - FIXABLE
A [08] Make America Gulag Again • Muse DUB,2120402454,https://soundcloud.com/bananasutra/a-08-make-america-gulag-again-muse-dub-8,L-145,Make Amurica Gulag Again (MAGA),Make Amurica Gulag Again (MAGA),Like A Dog In The Sky,L-151,WRONG ID - FIXABLE
A [15] Make America Gulag Again • Di Riddim Ragga DUB,2120402478,https://soundcloud.com/bananasutra/a-15-make-america-gulag-again-di-riddim-ragga-dub-15,L-145,Make Amurica Gulag Again (MAGA),Make Amurica Gulag Again (MAGA),Like A Dog In The Sky,L-151,WRONG ID - FIXABLE
A [12] Make America Gulag Again • Ragga Lala DUB,2120402433,https://soundcloud.com/bananasutra/a-12-make-america-gulag-again-ragga-lala-dub-12,L-145,Make Amurica Gulag Again (MAGA),Make Amurica Gulag Again (MAGA),Like A Dog In The Sky,L-151,WRONG ID - FIXABLE
A [06] Make America Gulag Again • Bruh Ragga DUB,2120402448,https://soundcloud.com/bananasutra/a-06-make-america-gulag-again-bruh-ragga-dub-6,L-145,Make Amurica Gulag Again (MAGA),Make Amurica Gulag Again (MAGA),Like A Dog In The Sky,L-151,WRONG ID - FIXABLE
A [14] Make America Gulag Again • Di Riddim Ragga DUB,2120402469,https://soundcloud.com/bananasutra/a-14-make-america-gulag-again-di-riddim-ragga-dub-14,L-145,Make Amurica Gulag Again (MAGA),Make Amurica Gulag Again (MAGA),Like A Dog In The Sky,L-151,WRONG ID - FIXABLE
B [07] Make America Gulag Again • Tzigane Fusion DUB,2120402487,https://soundcloud.com/bananasutra/b-07-make-america-gulag-again-tzigane-fusion-dub-22,L-145,Make Amurica Gulag Again (MAGA),Make Amurica Gulag Again (MAGA),Like A Dog In The Sky,L-151,WRONG ID - FIXABLE
B [09] Make America Gulag Again • Tzigane Fusion DUB,2120402484,https://soundcloud.com/bananasutra/b-09-make-america-gulag-again-tzigane-fusion-dub-24,L-145,Make Amurica Gulag Again (MAGA),Make Amurica Gulag Again (MAGA),Like A Dog In The Sky,L-151,WRONG ID - FIXABLE
[2] Make your Own Bible - pbgal Burlesque LOFI,2071953044,https://soundcloud.com/bananasutra/2-make-your-own-bible-growsutra-trip-hop-pbgal-lofi-2,L-146,Make your Own Bible,Make your Own Bible,Like A Dog In The Sky (SHOWsutra Edition),L-152,WRONG ID - FIXABLE
[01] Male Fantasies • Minimal Vocal JAZZsutra,2088639993,https://soundcloud.com/bananasutra/01-male-fantasies-minimal-vocal-jazzsutra-1,L-148,Male Fantasies,Male Fantasies,Lyrics Matter (FOOsutra),L-154,WRONG ID - FIXABLE
Side A [01] MAMA-B-C (Make America Mine Achtung) • BLOWsutra Back-to-Basics Folk Indie Cello BLUES,2265711026,https://soundcloud.com/bananasutra/side-a-01-mama-b-c-make-america-mine-achtung-blowsutra-back-to-basics-folk-indie-cello-blues-1,L-150,MAMA (Make America Mine Achtung),MAMA (Make America Mine Achtung),MAKA (Make America Kind Again),L-156,WRONG ID - FIXABLE
Side A [02] MAMA-B-C (Make America Mine Achtung) • BLOWsutra psychedelic kindness is depth (high) Banjo Folk BLUES,2265711008,https://soundcloud.com/bananasutra/side-a-02-mama-b-c-make-america-mine-achtung-blowsutra-psychedelic-kindness-is-depth-high-banjo-folk-blues-2,L-150,MAMA (Make America Mine Achtung),MAMA (Make America Mine Achtung),MAKA (Make America Kind Again),L-156,WRONG ID - FIXABLE
Side A [03] MAMA-B-C (Make America Mine Achtung) • BLOWsutra Cello Melancholia Burlesque INDIE,2265711053,https://soundcloud.com/bananasutra/side-a-03-mama-b-c-make-america-mine-achtung-blowsutra-cello-melancholia-burlesque-indie-3,L-150,MAMA (Make America Mine Achtung),MAMA (Make America Mine Achtung),MAKA (Make America Kind Again),L-156,WRONG ID - FIXABLE
Side B [03] MAMA-B-C (Make America Mine Achtung) • BLOWsutra Trip Hop Smooth LOFI,2265711044,https://soundcloud.com/bananasutra/side-b-03-mama-b-c-make-america-mine-achtung-blowsutra-trip-hop-smooth-lofi-7,L-150,MAMA (Make America Mine Achtung),MAMA (Make America Mine Achtung),MAKA (Make America Kind Again),L-156,WRONG ID - FIXABLE
[01] Mass Media Freakshow • udio PSYcircus BURLESQUE,2079405168,https://soundcloud.com/bananasutra/01-mass-media-freakshow-udio-psycircus-burlesque-1,L-151,Mass Media Freakshow,Mass Media Freakshow,Make Amurica Gulag Again (MAGA),L-157,WRONG ID - FIXABLE
[05] Mass Media Freakshow - chanson encore oh boy BURLESQUE,2079405208,https://soundcloud.com/bananasutra/05-mass-media-freakshow-chanson-encore-oh-boy-burlesque-5,L-151,Mass Media Freakshow,Mass Media Freakshow,Make Amurica Gulag Again (MAGA),L-157,WRONG ID - FIXABLE
[13] Mass Media Freakshow - McKenna's Folk,2079405172,https://soundcloud.com/bananasutra/13-mass-media-freakshow-mckennas-folk-13,L-151,Mass Media Freakshow,Mass Media Freakshow,Make Amurica Gulag Again (MAGA),L-157,WRONG ID - FIXABLE
[06] MASA (Make America Safe Again) • QUACKsutra Psychedelic BANJO BLUES,2211183590,https://soundcloud.com/bananasutra/06-masa-make-america-safe-again-quacksutra-psychedelic-banjo-blues-6,L-152,MAWA (Make America Woke Again),MAWA (Make America Woke Again),Make your Own Bible,L-158,WRONG ID - FIXABLE
[07] MASA (Make America Safe Again) • QUACKsutra Psychedelic BANJO BLUES,2211183578,https://soundcloud.com/bananasutra/07-masa-make-america-safe-again-quacksutra-psychedelic-banjo-blues-7,L-152,MAWA (Make America Woke Again),MAWA (Make America Woke Again),Make your Own Bible,L-158,WRONG ID - FIXABLE
[01] MASA (Make America Safe Again) • QUACKsutra Psychedelic DUB BANJO,2211183566,https://soundcloud.com/bananasutra/01-masa-make-america-safe-again-quacksutra-psychedelic-dub-banjo-1,L-152,MAWA (Make America Woke Again),MAWA (Make America Woke Again),Make your Own Bible,L-158,WRONG ID - FIXABLE
[10] MASA (Make America Safe Again) • QUACKsutra Psychedelic Booya Country BANJO,2211183593,https://soundcloud.com/bananasutra/10-masa-make-america-safe-again-quacksutra-psychedelic-booya-country-banjo-10,L-152,MAWA (Make America Woke Again),MAWA (Make America Woke Again),Make your Own Bible,L-158,WRONG ID - FIXABLE
[02] Joseph Campbell - Hold the Sacred - KNOWsutra Chillhop Piano Psy-LOFI,2158380459,https://soundcloud.com/bananasutra/02-joseph-campbell-hold-the-sacred-knowsutra-chillhop-piano-psy-lofi-2,L-153,Metaphors' Edge (Joseph Campbell's song),Metaphors' Edge (Joseph Campbell's song),Making Songs Like,L-160,WRONG ID - FIXABLE
Mind the Felon (three) • JAZZsutra,1955826383,https://soundcloud.com/bananasutra/3-mind-the-felon,L-154,Mind the Felon,Mind the Felon,Male Fantasies,L-161,WRONG ID - FIXABLE
Mind the Felon (two) • FOLKsutra,1955826395,https://soundcloud.com/bananasutra/2-mind-the-felon,L-154,Mind the Felon,Mind the Felon,Male Fantasies,L-161,WRONG ID - FIXABLE
Mind the Felon (one) • JAZZsutra,1955826387,https://soundcloud.com/bananasutra/1-mind-the-felon,L-154,Mind the Felon,Mind the Felon,Male Fantasies,L-161,WRONG ID - FIXABLE
"New Normalcy, Space Oddity ☰ DUBsutra",1990379075,https://soundcloud.com/bananasutra/new-normalcy-space-oddity-4,L-156,New Normalcy (Planet Earth to Higher Grounds),New Normalcy (Planet Earth to Higher Grounds),MAMA (Make America Mine Achtung),L-164,WRONG ID - FIXABLE
"New Normalcy, Space Oddity ☰ BANJOsutra",1990379163,https://soundcloud.com/bananasutra/new-normalcy-space-oddity-7,L-156,New Normalcy (Planet Earth to Higher Grounds),New Normalcy (Planet Earth to Higher Grounds),MAMA (Make America Mine Achtung),L-164,WRONG ID - FIXABLE
"[04] No, I'm Not Being Political • KNOWsutra Dubby Tzigane FOLK",2149725447,https://soundcloud.com/bananasutra/04-no-im-not-being-political-knowsutra-dubby-tzigane-folk-4,L-160,"No, I'm Not Being Political (CIRCA 2025)","No, I'm Not Being Political (CIRCA 2025)",Metaphors' Edge (Joseph Campbell's song),L-168,WRONG ID - FIXABLE
[01] Nous Sommes Le Feu - Chanson à la BLUESsutra - INDIE,2170697034,https://soundcloud.com/bananasutra/01-nous-sommes-le-feu-chanson-a-la-bluessutra-indie-1,L-162,Nous Sommes Le Feu,Nous Sommes Le Feu,More Than A Plate (Anthony Bourdain <3),L-170,WRONG ID - FIXABLE
"Ooh, Freedom ♛ BLUESsutra Soul (Public Domain Heavens)",2008831139,https://soundcloud.com/bananasutra/ooh-freedom-bluessutra-soul,L-164,"Oh, Freedom","Oh, Freedom",New Normalcy (Planet Earth to Higher Grounds),L-172,WRONG ID - FIXABLE
"[04] Okey Dokey, No It's Not • Jazzy LOFIsutra",2084862306,https://soundcloud.com/bananasutra/04-okey-dokey-no-its-not-jazzy-lofisutra-4,L-166,Okie Dokie (No It's Not),Okie Dokie (No It's Not),"No Fear, My Dear",L-174,WRONG ID - FIXABLE
"[02] Okey Dokey, No It's Not • Indie LOFIsutra",2084862300,https://soundcloud.com/bananasutra/02-okey-dokey-no-its-not-indie-lofisutra-2,L-166,Okie Dokie (No It's Not),Okie Dokie (No It's Not),"No Fear, My Dear",L-174,WRONG ID - FIXABLE
"[03] Okey Dokey, No It's Not • Indie LOFIsutra",2084862303,https://soundcloud.com/bananasutra/03-okey-dokey-no-its-not-indie-lofisutra-3,L-166,Okie Dokie (No It's Not),Okie Dokie (No It's Not),"No Fear, My Dear",L-174,WRONG ID - FIXABLE
"[05] Okey Dokey, No It's Not • Jazzy LOFIsutra",2084862294,https://soundcloud.com/bananasutra/05-okey-dokey-no-its-not-jazzy-lofisutra-5,L-166,Okie Dokie (No It's Not),Okie Dokie (No It's Not),"No Fear, My Dear",L-174,WRONG ID - FIXABLE
[00] All I Want Is To Believe - CAT JAZZ BURLESQUEsutra,2115976194,https://soundcloud.com/bananasutra/00-all-i-want-is-to-believe-cat-jazz-burlesquesutra-1,L-170,Ordo Amoris (in Decay),Ordo Amoris in Decay (All I Want Is To Believe),Nous Sommes Le Feu,,WRONG ID - TITLE NOT IN SONGS
[01] Ordo Amoris In Decay - Gypsy Fado BURLESQUEsutra,2115976200,https://soundcloud.com/bananasutra/01-ordo-amoris-in-decay-gypsy-fado-burlesquesutra-2,L-170,Ordo Amoris (in Decay),Ordo Amoris in Decay (All I Want Is To Believe),Nous Sommes Le Feu,,WRONG ID - TITLE NOT IN SONGS
[02] Ordo Amoris In Decay - Oh Boy Accordion Cello BURLESQUEsutra,2115976188,https://soundcloud.com/bananasutra/02-ordo-amoris-in-decay-oh-boy-accordion-cello-burlesquesutra-3,L-170,Ordo Amoris (in Decay),Ordo Amoris in Decay (All I Want Is To Believe),Nous Sommes Le Feu,,WRONG ID - TITLE NOT IN SONGS
[05] Ordo Amoris In Decay - muse DUBsutra,2115976197,https://soundcloud.com/bananasutra/05-ordo-amoris-in-decay-muse-dubsutra-6,L-170,Ordo Amoris (in Decay),Ordo Amoris in Decay (All I Want Is To Believe),Nous Sommes Le Feu,,WRONG ID - TITLE NOT IN SONGS
[04] Ordo Amoris In Decay - Indie LOFIsutra,2115976191,https://soundcloud.com/bananasutra/04-ordo-amoris-in-decay-indie-lofisutra-5,L-170,Ordo Amoris (in Decay),Ordo Amoris in Decay (All I Want Is To Believe),Nous Sommes Le Feu,,WRONG ID - TITLE NOT IN SONGS
[10] PEDO Nation • Cello Trip Hop LOFI,2117874141,https://soundcloud.com/bananasutra/10-pedo-nation-cello-trip-hop-lofi-10,L-176,Pedo Nation (Felon Nation Redux),Pedo Nation (Felon Nation Redux),Open The Window,L-184,WRONG ID - FIXABLE
[13] PEDO Nation • High Drum Prayer MANTRA,2117874153,https://soundcloud.com/bananasutra/13-pedo-nation-high-drum-prayer-mantra-13,L-176,Pedo Nation (Felon Nation Redux),Pedo Nation (Felon Nation Redux),Open The Window,L-184,WRONG ID - FIXABLE
[06] I Wanted to Be the Poem - Bluesy Burlesque JAZZ,2082611484,https://soundcloud.com/bananasutra/06-i-wanted-to-be-the-poem-bluesy-burlesque-jazz-6,L-180,"Poem (I wanted to be, basically)","Poem (I wanted to be, basically)","Oy, We Care",L-188,WRONG ID - FIXABLE
Poetry Matters (1) ☰ BANJOsutra dream,2005804183,https://soundcloud.com/bananasutra/bananasutra-poetrymatters,L-181,Poetry Matters,Poetry Matters,Pablo's Grandeur,L-189,WRONG ID - FIXABLE
[01] Poetry Duende - DUBsutra,2104091958,https://soundcloud.com/bananasutra/01-poetry-duende-dubsutra-1,L-181,Poetry Matters,Poetry Matters,Pablo's Grandeur,L-189,WRONG ID - FIXABLE
[03] Poetry Duende - DUBsutra,2104091961,https://soundcloud.com/bananasutra/03-poetry-duende-dubsutra-3,L-181,Poetry Matters,Poetry Matters,Pablo's Grandeur,L-189,WRONG ID - FIXABLE
Poetry Matters • LOFI DUBsutra,2012288615,https://soundcloud.com/bananasutra/poetry-matters-o-mantra-1,L-181,Poetry Matters,Poetry Matters,Pablo's Grandeur,L-189,WRONG ID - FIXABLE
[01] Poetry Nah Lie - Ragga DUBsutra,2104099035,https://soundcloud.com/bananasutra/01-poetry-nah-lie-ragga-dubsutra-1,L-182,Poetry Nah Lie,Poetry Nah Lie,Peace Matters More,L-190,WRONG ID - FIXABLE
[02] Poetry Nah Lie - Ragga DUBsutra,2104099038,https://soundcloud.com/bananasutra/02-poetry-nah-lie-ragga-dubsutra-2,L-182,Poetry Nah Lie,Poetry Nah Lie,Peace Matters More,L-190,WRONG ID - FIXABLE
[03] Poetry Nah Lie - Ragga DUBsutra,2104099050,https://soundcloud.com/bananasutra/03-poetry-nah-lie-ragga-dubsutra-3,L-182,Poetry Nah Lie,Poetry Nah Lie,Peace Matters More,L-190,WRONG ID - FIXABLE
[06] Poetry Nah Lie - Ragga DUBsutra,2104099041,https://soundcloud.com/bananasutra/06-poetry-nah-lie-ragga-dubsutra-6,L-182,Poetry Nah Lie,Poetry Nah Lie,Peace Matters More,L-190,WRONG ID - FIXABLE
[02] Poetry Slow Burns - DUBsutra,2104095321,https://soundcloud.com/bananasutra/02-poetry-slow-burns-dubsutra-2,L-183,Poetry Slow Burns,Poetry Slow Burns,Peace Unseen,L-191,WRONG ID - FIXABLE
[03] Poetry Slow Burns - DUBsutra,2104095324,https://soundcloud.com/bananasutra/03-poetry-slow-burns-dubsutra-3,L-183,Poetry Slow Burns,Poetry Slow Burns,Peace Unseen,L-191,WRONG ID - FIXABLE
[01] Poetry Slow Burns  - Gold DUBsutra,2104095318,https://soundcloud.com/bananasutra/01-poetry-slow-burns-gold-dubsutra-1,L-183,Poetry Slow Burns,Poetry Slow Burns,Peace Unseen,L-191,WRONG ID - FIXABLE
[05] Poetry Slow Burns - Sweet DUBsutra,2104095327,https://soundcloud.com/bananasutra/05-poetry-slow-burns-sweet-dubsutra-5,L-183,Poetry Slow Burns,Poetry Slow Burns,Peace Unseen,L-191,WRONG ID - FIXABLE
Predators (why Kids Are Allowed To Die) • CELLOsutra,2003719715,https://soundcloud.com/bananasutra/predators-why-kids-are-1,L-186,Predators (Why War),Predators (Why War),"Philosophy, My Dear",L-194,WRONG ID - FIXABLE
"Pro-Life Means What, Honey • Jazzy Mantra DUBsutra (2)",2031314688,https://soundcloud.com/bananasutra/pro-life-means-what-honey-o,L-188,"Pro-life Means What, Honey?","Pro-life Means What, Honey?","Poem (I wanted to be, basically)",L-196,WRONG ID - FIXABLE
[01] Question Di Kingdom - Dub's the Path (Truth is the riddim) - Ragga DUBsutra,2085837549,https://soundcloud.com/bananasutra/01-question-di-kingdom-dubs-the-path-truth-is-the-riddim-ragga-dubsutra-1,L-191,Question Di Kingdom,Question Di Kingdom,Poetry Slow Burns,L-199,WRONG ID - FIXABLE
[3] Question Di Kingdom (2) • RAGGAsutra,2044681276,https://soundcloud.com/bananasutra/3-question-di-kingdom-2-o,L-191,Question Di Kingdom,Question Di Kingdom,Poetry Slow Burns,L-199,WRONG ID - FIXABLE
[04] Reason over Reverence - They said bow down but we rise 2 - DUBsutra,2085837552,https://soundcloud.com/bananasutra/04-reason-over-reverence-they-said-bow-down-but-we-rise-2-dubsutra-4,L-191,Question Di Kingdom,Question Di Kingdom,Poetry Slow Burns,L-199,WRONG ID - FIXABLE
[02] Question Di Kingdom - Dub's the Path (Truth is the riddim) - DUBsutra,2085837546,https://soundcloud.com/bananasutra/02-question-di-kingdom-dubs-the-path-truth-is-the-riddim-dubsutra-2,L-191,Question Di Kingdom,Question Di Kingdom,Poetry Slow Burns,L-199,WRONG ID - FIXABLE
[4] Question Di Kingdom (1) • RAGGAsutrawav,2044681272,https://soundcloud.com/bananasutra/4-question-di-kingdom-1-o,L-191,Question Di Kingdom,Question Di Kingdom,Poetry Slow Burns,L-199,WRONG ID - FIXABLE
[5] Dubbin' for Freedom • DUBsutra,2044681256,https://soundcloud.com/bananasutra/5-dubbin-for-freedom-o,L-191,Question Di Kingdom,Question Di Kingdom,Poetry Slow Burns,L-199,WRONG ID - FIXABLE
[8] Reason fi di win • RAGGAsutra,2044681264,https://soundcloud.com/bananasutra/8-reason-fi-di-win-o,L-191,Question Di Kingdom,Question Di Kingdom,Poetry Slow Burns,L-199,WRONG ID - FIXABLE
[06] Question The Nation • BLOWsutra (Revolt Now) Gipsy Indie Trip Hop(e) Dub LOFI,2266847465,https://soundcloud.com/bananasutra/06-question-the-nation-blowsutra-revolt-now-gipsy-indie-trip-hope-dub-lofi-6,L-192,Question The Nation,Question The Nation,Poets Hats,L-200,WRONG ID - FIXABLE
[09] Question The Nation • BLOWsutra (Revolt Now) SWK Dubby Raw Acoustic Bass Jazz LOFI,2266847453,https://soundcloud.com/bananasutra/09-question-the-nation-blowsutra-revolt-now-swk-dubby-raw-acoustic-bass-jazz-lofi-9,L-192,Question The Nation,Question The Nation,Poets Hats,L-200,WRONG ID - FIXABLE
[09] Rainbows in the Clouds • GLOWsutra Maya Mama Classic BLUES,2253218093,https://soundcloud.com/bananasutra/09-rainbows-in-the-clouds-glowsutra-maya-mama-classic-blues-9,L-194,Rainbows in the Clouds,Rainbows in the Clouds,Predators (Why War),L-202,WRONG ID - FIXABLE
[12] Rainbows in the Clouds • GLOWsutra Maya Mama Classic BLUES,2253218090,https://soundcloud.com/bananasutra/12-rainbows-in-the-clouds-glowsutra-maya-mama-classic-blues-12,L-194,Rainbows in the Clouds,Rainbows in the Clouds,Predators (Why War),L-202,WRONG ID - FIXABLE
[08] Rainbows in the Clouds • GLOWsutra Queen of Authentic Dubby Folk Classic BLUES,2253218078,https://soundcloud.com/bananasutra/08-rainbows-in-the-clouds-glowsutra-queen-of-authentic-dubby-folk-classic-blues-8,L-194,Rainbows in the Clouds,Rainbows in the Clouds,Predators (Why War),L-202,WRONG ID - FIXABLE
[01] Rainbows in the Clouds • GLOWsutra Folk Poetry Dubs the DUB,2253218081,https://soundcloud.com/bananasutra/01-rainbows-in-the-clouds-glowsutra-folk-poetry-dubs-the-dub-1,L-194,Rainbows in the Clouds,Rainbows in the Clouds,Predators (Why War),L-202,WRONG ID - FIXABLE
[02] Rainbows in the Clouds • GLOWsutra Gipsy Jazz Conscious Fusion LOFI,2253218087,https://soundcloud.com/bananasutra/02-rainbows-in-the-clouds-glowsutra-gipsy-jazz-conscious-fusion-lofi-2,L-194,Rainbows in the Clouds,Rainbows in the Clouds,Predators (Why War),L-202,WRONG ID - FIXABLE
[05] Rainbows in the Clouds • GLOWsutra Gipsy Jazz Conscious Fusion LOFI,2253218066,https://soundcloud.com/bananasutra/05-rainbows-in-the-clouds-glowsutra-gipsy-jazz-conscious-fusion-lofi-5,L-194,Rainbows in the Clouds,Rainbows in the Clouds,Predators (Why War),L-202,WRONG ID - FIXABLE
[04] Rainbows in the Clouds • GLOWsutra Gipsy Jazz Conscious Fusion LOFI,2253218105,https://soundcloud.com/bananasutra/04-rainbows-in-the-clouds-glowsutra-gipsy-jazz-conscious-fusion-lofi-4,L-194,Rainbows in the Clouds,Rainbows in the Clouds,Predators (Why War),L-202,WRONG ID - FIXABLE
Side A [03] BB is for Banned Books - SHOWsutra Gypsy Hip Hop Fusion BURLESQUE,2194994923,https://soundcloud.com/bananasutra/side-a-03-bb-is-for-banned-books-showsutra-gypsy-hip-hop-fusion-burlesque-3,L-195,Read Me Harder (BB is for Banned Books),Read Me Harder (BB is for Banned Books),Presidential Joke of The Year,L-203,WRONG ID - FIXABLE
Side A [05] READ ME HARDER (BB is for Banned Books) - SHOWsutra Gypsy Hip Hop Rebellion BURLESQUE,2194994919,https://soundcloud.com/bananasutra/side-a-05-read-me-harder-bb-is-for-banned-books-showsutra-gypsy-hip-hop-rebellion-burlesque-5,L-195,Read Me Harder (BB is for Banned Books),Read Me Harder (BB is for Banned Books),Presidential Joke of The Year,L-203,WRONG ID - FIXABLE
Side B [04] READ ME HARDER (BB for Banned Books) - SHOWsutra Psychedelic Destiny Banjo BLUES,2194994955,https://soundcloud.com/bananasutra/side-b-04-read-me-harder-bb-for-banned-books-showsutra-psychedelic-destiny-banjo-blues-13,L-195,Read Me Harder (BB is for Banned Books),Read Me Harder (BB is for Banned Books),Presidential Joke of The Year,L-203,WRONG ID - FIXABLE
Side A [06] READ ME HARDER (BB is for Banned Books) - SHOWsutra Gypsy Hip Hop Rebellion BURLESQUE,2194994927,https://soundcloud.com/bananasutra/side-a-06-read-me-harder-bb-is-for-banned-books-showsutra-gypsy-hip-hop-rebellion-burlesque-6,L-195,Read Me Harder (BB is for Banned Books),Read Me Harder (BB is for Banned Books),Presidential Joke of The Year,L-203,WRONG ID - FIXABLE
Side B [10] READ ME HARDER (BB for Banned Books) - SHOWsutra She Wanna Know Jazzy LoFi Indie DUB,2194994967,https://soundcloud.com/bananasutra/side-b-10-read-me-harder-bb-for-banned-books-showsutra-she-wanna-know-jazzy-lofi-indie-dub-19,L-195,Read Me Harder (BB is for Banned Books),Read Me Harder (BB is for Banned Books),Presidential Joke of The Year,L-203,WRONG ID - FIXABLE
[01] Reason over Reverence (No Need for Gods) • Banjo Blues FOLKsutra,2118490347,https://soundcloud.com/bananasutra/01-reason-over-reverence-no-need-for-gods-banjo-blues-folksutra-1,L-197,Reason Over Reverence,Reason Over Reverence,Project 2025 (Honky tonk dreams in the land of the free),L-205,WRONG ID - FIXABLE
[04] Reason over Reverence (No Need for Gods) • Cello Bass JAZZsutra,2118490335,https://soundcloud.com/bananasutra/04-reason-over-reverence-no-need-for-gods-cello-bass-jazzsutra-4,L-197,Reason Over Reverence,Reason Over Reverence,Project 2025 (Honky tonk dreams in the land of the free),L-205,WRONG ID - FIXABLE
[01] RhinoceroSS - BLOWsutra She Wanna Know Indie LOFI,2175964668,https://soundcloud.com/bananasutra/01-rhinoceross-blowsutra-she-wanna-know-indie-lofi-1,L-200,Rhinoceross,Rhinoceross,Question The Nation,L-208,WRONG ID - FIXABLE
"[01] Rise Up, You Naked People (Freedom Rings) - BLOWsutra Victor Hugo Revolution Ring FOLK",2267270705,https://soundcloud.com/bananasutra/01-rise-up-you-naked-people-freedom-rings-blowsutra-victor-hugo-revolution-ring-folk-1,L-201,"Rise Up, You Naked Peoples (Freedom Rings)","Rise Up, You Naked Peoples (Freedom Rings)",Rachel Barks,L-209,WRONG ID - FIXABLE
RUN v1 - cello mama,2098260693,https://soundcloud.com/bananasutra/run-v1-cello-mama-14,L-202,RUN (Now If You Can),RUN (Now If You Can),Rainbows in the Clouds,L-210,WRONG ID - FIXABLE
RUN v3  - Muse DUB (low),2098260672,https://soundcloud.com/bananasutra/run-v3-muse-dub-low-9,L-202,RUN (Now If You Can),RUN (Now If You Can),Rainbows in the Clouds,L-210,WRONG ID - FIXABLE
RUN v4 - WSWHFN DUB,2098260654,https://soundcloud.com/bananasutra/run-v4-wswhfn-dub-13,L-202,RUN (Now If You Can),RUN (Now If You Can),Rainbows in the Clouds,L-210,WRONG ID - FIXABLE
RUN v4 (2) [ordo Duende amoris],2098260696,https://soundcloud.com/bananasutra/run-v4-2-ordo-duende-amoris-20,L-202,RUN (Now If You Can),RUN (Now If You Can),Rainbows in the Clouds,L-210,WRONG ID - FIXABLE
RUN v2 - Muse DUB,2098260678,https://soundcloud.com/bananasutra/run-v2-muse-dub-7,L-202,RUN (Now If You Can),RUN (Now If You Can),Rainbows in the Clouds,L-210,WRONG ID - FIXABLE
RUN v5 (2) [ordo duende amoris],2098260717,https://soundcloud.com/bananasutra/run-v5-2-ordo-duende-amoris-22,L-202,RUN (Now If You Can),RUN (Now If You Can),Rainbows in the Clouds,L-210,WRONG ID - FIXABLE
RUN v2 - Duende Amoris FOLK,2098260714,https://soundcloud.com/bananasutra/run-v2-duende-amoris-folk-16,L-202,RUN (Now If You Can),RUN (Now If You Can),Rainbows in the Clouds,L-210,WRONG ID - FIXABLE
RUN V3 - Destiny BLUES (high),2098260705,https://soundcloud.com/bananasutra/run-v3-destiny-blues-high-5,L-202,RUN (Now If You Can),RUN (Now If You Can),Rainbows in the Clouds,L-210,WRONG ID - FIXABLE
[06] Secret de Polichinelle - French KNOWsutra Keep It Real Psychedelic Gipsy Circus Indie Chanson BURLESQUE,2210997722,https://soundcloud.com/bananasutra/06-secret-de-polichinelle-french-knowsutra-keep-it-real-psychedelic-gipsy-circus-indie-chanson-burlesque-6,L-204,Secret De Polichinelle,Secret De Polichinelle,Real Winners Dance,L-212,WRONG ID - FIXABLE
[07] Secret de Polichinelle - French KNOWsutra Keep It Real Psychedelic Gipsy Circus Piano BURLESQUE,2210997740,https://soundcloud.com/bananasutra/07-secret-de-polichinelle-french-knowsutra-keep-it-real-psychedelic-gipsy-circus-piano-burlesque-7,L-204,Secret De Polichinelle,Secret De Polichinelle,Real Winners Dance,L-212,WRONG ID - FIXABLE
[08] Secret de Polichinelle - French KNOWsutra Keep It Real Psychedelic Gipsy Circus Indie Piano BURLESQUE,2210997713,https://soundcloud.com/bananasutra/08-secret-de-polichinelle-french-knowsutra-keep-it-real-psychedelic-gipsy-circus-indie-piano-burlesque-8,L-204,Secret De Polichinelle,Secret De Polichinelle,Real Winners Dance,L-212,WRONG ID - FIXABLE
[01] Secret de Polichinelle - French KNOWsutra Keep It Real Psychedelic Gipsy Circus Accordion BURLESQUE,2210997734,https://soundcloud.com/bananasutra/01-secret-de-polichinelle-french-knowsutra-keep-it-real-psychedelic-gipsy-circus-accordion-burlesque-1,L-204,Secret De Polichinelle,Secret De Polichinelle,Real Winners Dance,L-212,WRONG ID - FIXABLE
[05] Secret de Polichinelle - French KNOWsutra Keep It Real Psychedelic Gipsy Circus Indie Chanson BURLESQUE,2210997719,https://soundcloud.com/bananasutra/05-secret-de-polichinelle-french-knowsutra-keep-it-real-psychedelic-gipsy-circus-indie-chanson-burlesque-5,L-204,Secret De Polichinelle,Secret De Polichinelle,Real Winners Dance,L-212,WRONG ID - FIXABLE
Seminal Bollocks  • DUBsutra,1991204227,https://soundcloud.com/bananasutra/seminal-bollocks-o-dubsutra,L-206,Seminal Bollocks,Seminal Bollocks,Relative Steve,L-214,WRONG ID - FIXABLE
[1] Serial BLOWERS (now twat?) • DUBsutra,2022663592,https://soundcloud.com/bananasutra/1-serial-blowers-now-twat-o,L-207,Serial BLOWerrr,Serial Blowers,Revolution's Lit,,WRONG ID - TITLE NOT IN SONGS
[05] All I Know - Shades of Fools • KNOWsutra Destiny BLUES,2215462529,https://soundcloud.com/bananasutra/05-all-i-know-shades-of-fools-knowsutra-destiny-blues-5,L-209,Shades of Fools (All I Know),Shades of Fools (All I Know),"Rise Up, You Naked Peoples (Freedom Rings)",L-217,WRONG ID - FIXABLE
[6] Shades of Fools • All I know is I dunno • Fastass BANJOsutra,2041627209,https://soundcloud.com/bananasutra/6-shades-of-fools-o-all-i-know,L-210,Shady Fools,Shady Fools,RUN (Now If You Can),L-218,WRONG ID - FIXABLE
[7] Shades of Fools • All I know is I dunno • Ragga DUBsutra High,2041627236,https://soundcloud.com/bananasutra/7-shades-of-fools-o-all-i-know,L-210,Shady Fools,Shady Fools,RUN (Now If You Can),L-218,WRONG ID - FIXABLE
[03] Sidération - The Sky Stood Still 4 - Revolution BLUESsutra,2102170023,https://soundcloud.com/bananasutra/03-sideration-the-sky-stood-still-4-revolution-bluessutra-3,L-216,Sidération (The Sky Stood Still),Sidération (The Sky Stood Still),Serial Blowers,L-224,WRONG ID - FIXABLE
[02] Sidération - The Sky Stood Still 2 - Revolution JAZZ BURLESQUEsutra,2102170017,https://soundcloud.com/bananasutra/02-sideration-the-sky-stood-still-2-revolution-jazzsutra-2,L-216,Sidération (The Sky Stood Still),Sidération (The Sky Stood Still),Serial Blowers,L-224,WRONG ID - FIXABLE
[05] Sidération - The Sky Stood Still 5 - Revolution FOLKsutra,2102170011,https://soundcloud.com/bananasutra/05-sideration-the-sky-stood-still-5-revolution-folksutra-5,L-216,Sidération (The Sky Stood Still),Sidération (The Sky Stood Still),Serial Blowers,L-224,WRONG ID - FIXABLE
"[01] Sing Your Own Gospel • GROWsutra (God, Etc.) Gipsy Gospel BLUES",2241210056,https://soundcloud.com/bananasutra/01-sing-your-own-gospel-growsutra-god-etc-gipsy-gospel-blues-1,L-219,Sing Your Own Gospel,Sing Your Own Gospel,Shameless (DEFY),L-227,WRONG ID - FIXABLE
"[04] Sing Your Own Gospel • GROWsutra (God, Etc.) Gipsy Piano JAZZ",2241210059,https://soundcloud.com/bananasutra/04-sing-your-own-gospel-growsutra-god-etc-gipsy-piano-jazz-4,L-219,Sing Your Own Gospel,Sing Your Own Gospel,Shameless (DEFY),L-227,WRONG ID - FIXABLE
"[06] Sing Your Own Gospel • GROWsutra (God, Etc.) Gipsy Bass JAZZ",2241210071,https://soundcloud.com/bananasutra/06-sing-your-own-gospel-growsutra-god-etc-gipsy-bass-jazz-6,L-219,Sing Your Own Gospel,Sing Your Own Gospel,Shameless (DEFY),L-227,WRONG ID - FIXABLE
"[07] Sing Your Own Gospel • GROWsutra (God, Etc.) Gipsy Bass JAZZ",2241210062,https://soundcloud.com/bananasutra/07-sing-your-own-gospel-growsutra-god-etc-gipsy-bass-jazz-7,L-219,Sing Your Own Gospel,Sing Your Own Gospel,Shameless (DEFY),L-227,WRONG ID - FIXABLE
"[02] So, What Is Racism • KNOWsutra Ethically Gipsy Fusion JAZZ",2291483498,https://soundcloud.com/bananasutra/02-so-what-is-racism-knowsutra-ethically-gipsy-fusion-jazz-2,L-220,"So, What Is Racism?","So, What Is Racism?",She Wears The Words,L-228,WRONG ID - FIXABLE
"[03] So, What Is Racism • KNOWsutra Ethically Gipsy Fusion JAZZ",2291483495,https://soundcloud.com/bananasutra/03-so-what-is-racism-knowsutra-ethically-gipsy-fusion-jazz-3,L-220,"So, What Is Racism?","So, What Is Racism?",She Wears The Words,L-228,WRONG ID - FIXABLE
"[17] So, What Is Racism? KNOWsutra Banjo Booya Folk Banjo Harmonica BLUES",2182601167,https://soundcloud.com/bananasutra/17-so-what-is-racism-knowsutra-banjo-booya-folk-banjo-harmonica-blues-17,L-220,"So, What Is Racism?","So, What Is Racism?",She Wears The Words,L-228,WRONG ID - FIXABLE
"[01] So, What Is Racism? KNOWsutra She Wanna Know Jazzy LoFi DUB",2182601131,https://soundcloud.com/bananasutra/01-so-what-is-racism-knowsutra-she-wanna-know-jazzy-lofi-dub-1,L-220,"So, What Is Racism?","So, What Is Racism?",She Wears The Words,L-228,WRONG ID - FIXABLE
"[03] So, What Is Racism? KNOWsutra Rebound & Rise Jazzy Ragga DUB",2182601119,https://soundcloud.com/bananasutra/03-so-what-is-racism-knowsutra-rebound-rise-jazzy-ragga-dub-3,L-220,"So, What Is Racism?","So, What Is Racism?",She Wears The Words,L-228,WRONG ID - FIXABLE
"[08] So, What Is Racism? KNOWsutra Gipsy Dub JAZZ",2182601135,https://soundcloud.com/bananasutra/08-so-what-is-racism-knowsutra-gipsy-dub-jazz-8,L-220,"So, What Is Racism?","So, What Is Racism?",She Wears The Words,L-228,WRONG ID - FIXABLE
"[09] So, What Is Racism? KNOWsutra Gipsy Dub JAZZ",2182601111,https://soundcloud.com/bananasutra/09-so-what-is-racism-knowsutra-gipsy-dub-jazz-9,L-220,"So, What Is Racism?","So, What Is Racism?",She Wears The Words,L-228,WRONG ID - FIXABLE
"[10] So, What Is Racism? KNOWsutra Gipsy Dub JAZZ",2182601151,https://soundcloud.com/bananasutra/10-so-what-is-racism-knowsutra-gipsy-dub-jazz-10,L-220,"So, What Is Racism?","So, What Is Racism?",She Wears The Words,L-228,WRONG ID - FIXABLE
"[11] So, What Is Racism? KNOWsutra Gipsy Dub JAZZ",2182601127,https://soundcloud.com/bananasutra/11-so-what-is-racism-knowsutra-gipsy-dub-jazz-11,L-220,"So, What Is Racism?","So, What Is Racism?",She Wears The Words,L-228,WRONG ID - FIXABLE
"[14] So, What Is Racism? KNOWsutra Gipsy Dub JAZZ",2182601155,https://soundcloud.com/bananasutra/14-so-what-is-racism-knowsutra-gipsy-dub-jazz-14,L-220,"So, What Is Racism?","So, What Is Racism?",She Wears The Words,L-228,WRONG ID - FIXABLE
"[07] So, What Is Racism • KNOWsutra Ethically Gipsy Fusion LOFI",2291483489,https://soundcloud.com/bananasutra/07-so-what-is-racism-knowsutra-ethically-gipsy-fusion-lofi-7,L-220,"So, What Is Racism?","So, What Is Racism?",She Wears The Words,L-228,WRONG ID - FIXABLE
Some Songs Are More JAZZ Than Others : JAZZsutra,1994042407,https://soundcloud.com/bananasutra/some-songs-are-more-jazz-than,L-221,Some Songs Are More Fun Than Others,Some Songs Are More Fun Than Others,Shining Twins,L-229,WRONG ID - FIXABLE
Some Songs Are More WOMP Than Others : CIRCUSsutra,1994042355,https://soundcloud.com/bananasutra/some-songs-are-more-womp-than,L-221,Some Songs Are More Fun Than Others,Some Songs Are More Fun Than Others,Shining Twins,L-229,WRONG ID - FIXABLE
Some Songs Are More POOH Than Others : DUBsutra,1994042391,https://soundcloud.com/bananasutra/some-songs-are-more-pooh-than,L-221,Some Songs Are More Fun Than Others,Some Songs Are More Fun Than Others,Shining Twins,L-229,WRONG ID - FIXABLE
[04] SS Means Sacred Sp3rm • Piano Jazz BURLESQUE,2121267252,https://soundcloud.com/bananasutra/04-ss-means-sacred-sp3rm-piano-jazz-burlesque-4,L-225,SS Means Sacred Sp3rm,SS Means Sacred Sp3rm,Sidération Blues,L-233,WRONG ID - FIXABLE
[10] SS Means Sacred Sp3rm • Oh Baby FOLK,2121267291,https://soundcloud.com/bananasutra/10-ss-means-sacred-sp3rm-oh-baby-folk-10,L-225,SS Means Sacred Sp3rm,SS Means Sacred Sp3rm,Sidération Blues,L-233,WRONG ID - FIXABLE
[14] SS Means Sacred Sp3rm • Jazz INDIE,2121267288,https://soundcloud.com/bananasutra/14-ss-means-sacred-sp3rm-jazz-indie-14,L-225,SS Means Sacred Sp3rm,SS Means Sacred Sp3rm,Sidération Blues,L-233,WRONG ID - FIXABLE
[06] Tell The Truth • KNOWsutra Cello BLUES Cover,2204465079,https://soundcloud.com/bananasutra/06-tell-the-truth-knowsutra-cello-blues-cover-6,L-231,Tell The Truth,Tell The Truth,Sous Terre (Underground),L-239,WRONG ID - FIXABLE
Tell the Truth : BANJOsutra,1995719283,https://soundcloud.com/bananasutra/tell-the-truth-banjosutra,L-231,Tell The Truth,Tell The Truth,Sous Terre (Underground),L-239,WRONG ID - FIXABLE
[08] Tell The Truth • KNOWsutra True BLUES Cover,2204465095,https://soundcloud.com/bananasutra/08-tell-the-truth-knowsutra-true-blues-cover-8,L-231,Tell The Truth,Tell The Truth,Sous Terre (Underground),L-239,WRONG ID - FIXABLE
Feeel The Rhythm (Tell the Truth),2015241167,https://soundcloud.com/bananasutra/feeel-the-rhythm-tell-the,L-231,Tell The Truth,Tell The Truth,Sous Terre (Underground),L-239,WRONG ID - FIXABLE
[02] Tell The Truth • KNOWsutra Bluesy ROCK Cover,2204465083,https://soundcloud.com/bananasutra/02-tell-the-truth-knowsutra-bluesy-rock-cover-2,L-231,Tell The Truth,Tell The Truth,Sous Terre (Underground),L-239,WRONG ID - FIXABLE
"[08] The Atheist Tango • GROWsutra (God, Etc) Gipsy Cello Bass Chanson Jazz BURLESQUE",2244373343,https://soundcloud.com/bananasutra/08-the-atheist-tango-growsutra-god-etc-gipsy-cello-bass-chanson-jazz-burlesque-8,L-235,The Atheist Tango,The Atheist Tango,Supreme Words (Whoop Whoop),L-243,WRONG ID - FIXABLE
"[02] The Atheist Tango • GROWsutra (God, Etc) Conscious Gipsy Burlesque Fusion LOFI",2244373349,https://soundcloud.com/bananasutra/02-the-atheist-tango-growsutra-god-etc-conscious-gipsy-burlesque-fusion-lofi-2,L-235,The Atheist Tango,The Atheist Tango,Supreme Words (Whoop Whoop),L-243,WRONG ID - FIXABLE
"[09] The Atheist Tango • GROWsutra (God, Etc) Gipsy Cello Burlesque Tango JAZZ",2244373328,https://soundcloud.com/bananasutra/09-the-atheist-tango-growsutra-god-etc-gipsy-cello-burlesque-tango-jazz-9,L-235,The Atheist Tango,The Atheist Tango,Supreme Words (Whoop Whoop),L-243,WRONG ID - FIXABLE
"[10] The Atheist Tango • GROWsutra (God, Etc) Gipsy Bass Piano Twirl Burlesque JAZZ",2244373331,https://soundcloud.com/bananasutra/10-the-atheist-tango-growsutra-god-etc-gipsy-bass-piano-twirl-burlesque-jazz-10,L-235,The Atheist Tango,The Atheist Tango,Supreme Words (Whoop Whoop),L-243,WRONG ID - FIXABLE
"[03] The Atheist Tango • GROWsutra (God, Etc) Conscious Gipsy Burlesque Fusion LOFI",2244373346,https://soundcloud.com/bananasutra/03-the-atheist-tango-growsutra-god-etc-conscious-gipsy-burlesque-fusion-lofi-3,L-235,The Atheist Tango,The Atheist Tango,Supreme Words (Whoop Whoop),L-243,WRONG ID - FIXABLE
"[04] The Atheist Tango • GROWsutra (God, Etc) Conscious Gipsy Burlesque Fusion LOFI",2244373340,https://soundcloud.com/bananasutra/04-the-atheist-tango-growsutra-god-etc-conscious-gipsy-burlesque-fusion-lofi-4,L-235,The Atheist Tango,The Atheist Tango,Supreme Words (Whoop Whoop),L-243,WRONG ID - FIXABLE
"[01] The Atheist Tango • GROWsutra (God, Etc) Conscious Gipsy Burlesque Fusion LOFI",2244373352,https://soundcloud.com/bananasutra/01-the-atheist-tango-growsutra-god-etc-conscious-gipsy-burlesque-fusion-lofi-1,L-235,The Atheist Tango,The Atheist Tango,Supreme Words (Whoop Whoop),L-243,WRONG ID - FIXABLE
"[05] The Atheist Tango • GROWsutra (God, Etc) Conscious Gipsy Burlesque Fusion LOFI",2244373334,https://soundcloud.com/bananasutra/05-the-atheist-tango-growsutra-god-etc-conscious-gipsy-burlesque-fusion-lofi-5,L-235,The Atheist Tango,The Atheist Tango,Supreme Words (Whoop Whoop),L-243,WRONG ID - FIXABLE
The Dystopian Quizz Song v3-2 ★ Blues Circus SOULsutra,2081214603,https://soundcloud.com/bananasutra/the-dystopian-quizz-song-v3-2-blues-circus-soulsutra-9,L-238,The Dystopian Quiz Song,The Dystopian Quiz Song,T.R.U.T.H,L-246,WRONG ID - FIXABLE
[02] The Echo Song - Vladimir Vysotsky Cover - Russian BLOWsutra Gipsy Arabesk World Peace Indie Trip Pop LOFI,2198516555,https://soundcloud.com/bananasutra/02-the-echo-song-vladimir-vysotsky-cover-russian-blowsutra-gipsy-arabesk-world-peace-indie-trip-pop-lofi-2,L-239,The Echo Song,The Echo Song,Tell The Truth,L-247,WRONG ID - FIXABLE
[03] The Echo Song - Vladimir Vysotsky Cover - Russian BLOWsutra Classic Psychedelic Banjo BLUES,2198516559,https://soundcloud.com/bananasutra/03-the-echo-song-vladimir-vysotsky-cover-russian-blowsutra-classic-psychedelic-banjo-blues-3,L-239,The Echo Song,The Echo Song,Tell The Truth,L-247,WRONG ID - FIXABLE
[04] The Love Of A Dove - GROWsutra Mama-b-c Peace Cello INDIE,2183295807,https://soundcloud.com/bananasutra/04-the-love-of-a-dove-growsutra-mama-b-c-peace-cello-indie-4,L-244,The Love of A Dove,The Love of A Dove,The Conquest of Happiness,L-252,WRONG ID - FIXABLE
[08] The Love Of A Dove - GROWsutra Only The Brave PsyBluegrass Dubby BLUES,2183295855,https://soundcloud.com/bananasutra/08-the-love-of-a-dove-growsutra-only-the-brave-psybluegrass-dubby-blues-8,L-244,The Love of A Dove,The Love of A Dove,The Conquest of Happiness,L-252,WRONG ID - FIXABLE
[09] The Love Of A Dove - GROWsutra Queen of Authentic Dubby Psychedelic BLUES,2183295803,https://soundcloud.com/bananasutra/09-the-love-of-a-dove-growsutra-queen-of-authentic-dubby-psychedelic-blues-9,L-244,The Love of A Dove,The Love of A Dove,The Conquest of Happiness,L-252,WRONG ID - FIXABLE
[11] The Love Of A Dove - GROWsutra Psychedelic Destiny BLUES,2183295799,https://soundcloud.com/bananasutra/11-the-love-of-a-dove-growsutra-psychedelic-destiny-blues-11,L-244,The Love of A Dove,The Love of A Dove,The Conquest of Happiness,L-252,WRONG ID - FIXABLE
[14] The Love Of A Dove - GROWsutra Feel Di Riddim Psychedelic Ragga DUB,2183295823,https://soundcloud.com/bananasutra/14-the-love-of-a-dove-growsutra-feel-di-riddim-psychedelic-ragga-dub-14,L-244,The Love of A Dove,The Love of A Dove,The Conquest of Happiness,L-252,WRONG ID - FIXABLE
[16] The Love Of A Dove - GROWsutra Dem Sed Psychedelic Ragga DUB,2183295867,https://soundcloud.com/bananasutra/16-the-love-of-a-dove-growsutra-dem-sed-psychedelic-ragga-dub-16,L-244,The Love of A Dove,The Love of A Dove,The Conquest of Happiness,L-252,WRONG ID - FIXABLE
[02] The Love Of A Dove - GROWsutra Duende Amoris Fado Fiddle INDIE,2183295839,https://soundcloud.com/bananasutra/02-the-love-of-a-dove-growsutra-duende-amoris-fado-fiddle-indie-2,L-244,The Love of A Dove,The Love of A Dove,The Conquest of Happiness,L-252,WRONG ID - FIXABLE
[01] Not Who Powers • There's No Prayer Like Desire • KNOWsutra But(t) Why Banjo Destiny BLUES,2229356468,https://soundcloud.com/bananasutra/01-not-who-powers-theres-no-prayer-like-desire-knowsutra-butt-why-banjo-destiny-blues-1,L-251,There's No Prayer Like Desire,There's No Prayer Like Desire,The Invisible Man In The Sky,L-259,WRONG ID - FIXABLE
[04] The Fire We Share • There's No Prayer Like Desire • KNOWsutra But(t) Why Accordion Chanson BURLESQUE,2229356471,https://soundcloud.com/bananasutra/04-the-fire-we-share-theres-no-prayer-like-desire-knowsutra-butt-why-accordion-chanson-burlesque-4,L-251,There's No Prayer Like Desire,There's No Prayer Like Desire,The Invisible Man In The Sky,L-259,WRONG ID - FIXABLE
"[07] They Call It Freedom (Oh Hi, Sweet Honey Bun) • BLOWsutra  (Revolt Now) Psychedelic Dubby Americana Indie LoFi FOLK",2224373894,https://soundcloud.com/bananasutra/07-they-call-it-freedom-oh-hi-sweet-honey-bun-blowsutra-revolt-now-psychedelic-dubby-americana-indie-lofi-folk-7,L-254,"They Call It Freedom (Oh Hi, Sweet Honey Bun)","They Call It Freedom (Oh Hi, Sweet Honey Bun)",The Poem,L-262,WRONG ID - FIXABLE
"[02] They Call It Freedom (Oh Hi, Sweet Honey Bun) • BLOWsutra (Revolt Now) Psychedelic Gipsy Dadadam Indie LOFI",2224373915,https://soundcloud.com/bananasutra/02-they-call-it-freedom-oh-hi-sweet-honey-bun-blowsutra-revolt-now-psychedelic-gipsy-dadadam-indie-lofi-2,L-254,"They Call It Freedom (Oh Hi, Sweet Honey Bun)","They Call It Freedom (Oh Hi, Sweet Honey Bun)",The Poem,L-262,WRONG ID - FIXABLE
"[08] They Call It Freedom (Oh Hi, Sweet Honey Bun) • BLOWsutra (Revolt Now) Classichedelic Americana Dubby Folky BLUES",2224373885,https://soundcloud.com/bananasutra/08-they-call-it-freedom-oh-hi-sweet-honey-bun-blowsutra-revolt-now-classichedelic-americana-dubby-folky-blues-8,L-254,"They Call It Freedom (Oh Hi, Sweet Honey Bun)","They Call It Freedom (Oh Hi, Sweet Honey Bun)",The Poem,L-262,WRONG ID - FIXABLE
"[10] They Call It Freedom (Oh Hi, Sweet Honey Bun) • BLOWsutra (Revolt Now) Classichedelic Americana BLUES",2224373909,https://soundcloud.com/bananasutra/10-they-call-it-freedom-oh-hi-sweet-honey-bun-blowsutra-revolt-now-classichedelic-americana-blues-10,L-254,"They Call It Freedom (Oh Hi, Sweet Honey Bun)","They Call It Freedom (Oh Hi, Sweet Honey Bun)",The Poem,L-262,WRONG ID - FIXABLE
"[06] They Call It Freedom (Oh Hi, Sweet Honey Bun) • BLOWsutra (Revolt Now) Psychedelic Gipsy Cello Trip Hip Hop Indie LOFI",2224373900,https://soundcloud.com/bananasutra/06-they-call-it-freedom-oh-hi-sweet-honey-bun-blowsutra-revolt-now-psychedelic-gipsy-cello-trip-hip-hop-indie-lofi-6,L-254,"They Call It Freedom (Oh Hi, Sweet Honey Bun)","They Call It Freedom (Oh Hi, Sweet Honey Bun)",The Poem,L-262,WRONG ID - FIXABLE
[02] Time for Rebel Romance ☆ BLOWsutra (Revolt Now) Oh Boy Psychedelic Accordion Circus BURLESQUE,2269276964,https://soundcloud.com/bananasutra/02-time-for-rebel-romance-blowsutra-revolt-now-oh-boy-psychedelic-accordion-circus-burlesque-2,L-257,Time For Rebel Romance,Time For Rebel Romance,The Tyranny of Ignorance,L-265,WRONG ID - FIXABLE
[04] Time for Rebel Romance ☆ BLOWsutra (Revolt Now) IBYN Psychedelic Piano Jazz BURLESQUE,2269276976,https://soundcloud.com/bananasutra/04-time-for-rebel-romance-blowsutra-revolt-now-ibyn-psychedelic-piano-jazz-burlesque-4,L-257,Time For Rebel Romance,Time For Rebel Romance,The Tyranny of Ignorance,L-265,WRONG ID - FIXABLE
[05] Time for Rebel Romance ☆ BLOWsutra (Revolt Now) Accordion Ragga Burlesque DUB,2269276967,https://soundcloud.com/bananasutra/05-time-for-rebel-romance-blowsutra-revolt-now-accordion-ragga-burlesque-dub-5,L-257,Time For Rebel Romance,Time For Rebel Romance,The Tyranny of Ignorance,L-265,WRONG ID - FIXABLE
[01] Time for Rebel Romance ☆ BLOWsutra (Revolt Now) Oh Boy Psychedelic Accordion Circus BURLESQUE,2269276970,https://soundcloud.com/bananasutra/01-time-for-rebel-romance-blowsutra-revolt-now-oh-boy-psychedelic-accordion-circus-burlesque-1,L-257,Time For Rebel Romance,Time For Rebel Romance,The Tyranny of Ignorance,L-265,WRONG ID - FIXABLE
[1] Trust no one - BLOWsutra Suno JAZZ,2070580252,https://soundcloud.com/bananasutra/1-trust-no-one-blowsutra-suno-jazz-1,L-261,Trust No One,Trust No One,"Out of Step, Out Of Mind",L-270,WRONG ID - FIXABLE
[2] Trust no one - BLOWsutra Udio ROCK,2070580260,https://soundcloud.com/bananasutra/2-trust-no-one-blowsutra-udio-rock-2,L-261,Trust No One,Trust No One,"Out of Step, Out Of Mind",L-270,WRONG ID - FIXABLE
[01] Tune in the Tender • LOFI BLUESsutra,2117120607,https://soundcloud.com/bananasutra/01-tune-in-the-tender-lofi-bluessutra-1,L-264,Tune In The Tender,Tune In The Tender,Thrifting Memories,L-273,WRONG ID - FIXABLE
[06] Tune in the Tender • Jazzy DUBsutra,2117120616,https://soundcloud.com/bananasutra/06-tune-in-the-tender-jazzy-dubsutra-6,L-264,Tune In The Tender,Tune In The Tender,Thrifting Memories,L-273,WRONG ID - FIXABLE
[02] Tune in the Tender • LOFI JAZZsutra,2117120613,https://soundcloud.com/bananasutra/02-tune-in-the-tender-lofi-jazzsutra-2,L-264,Tune In The Tender,Tune In The Tender,Thrifting Memories,L-273,WRONG ID - FIXABLE
[07] Tune in the Tender • Cello INDIEsutra,2117120610,https://soundcloud.com/bananasutra/07-tune-in-the-tender-cello-indiesutra-7,L-264,Tune In The Tender,Tune In The Tender,Thrifting Memories,L-273,WRONG ID - FIXABLE
"[09] Two Things, Darling • KNOWsutra Bertrand (Knows) Psychedelic Destiny Banjo BLUES",2240112725,https://soundcloud.com/bananasutra/09-two-things-darling-knowsutra-bertrand-knows-psychedelic-destiny-banjo-blues-9,L-265,"Two Things, Darling","Two Things, Darling",Time For Rebel Romance,L-274,WRONG ID - FIXABLE
"[11] Two Things, Darling • KNOWsutra Bertrand (Knows) Psychedelic Destiny Banjo BLUES",2240112746,https://soundcloud.com/bananasutra/11-two-things-darling-knowsutra-bertrand-knows-psychedelic-destiny-banjo-blues-11,L-265,"Two Things, Darling","Two Things, Darling",Time For Rebel Romance,L-274,WRONG ID - FIXABLE
"[08] Two Things, Darling • KNOWsutra Bertrand (Knows) Existential Poetry Mama DUB",2240112740,https://soundcloud.com/bananasutra/08-two-things-darling-knowsutra-bertrand-knows-existential-poetry-mama-dub-8,L-265,"Two Things, Darling","Two Things, Darling",Time For Rebel Romance,L-274,WRONG ID - FIXABLE
"[05] Two Things, Darling • KNOWsutra Bertrand (Knows) La Poesita Gipsy Flamenco Dub INDIE",2240112734,https://soundcloud.com/bananasutra/05-two-things-darling-knowsutra-bertrand-knows-la-poesita-gipsy-flamenco-dub-indie-5,L-265,"Two Things, Darling","Two Things, Darling",Time For Rebel Romance,L-274,WRONG ID - FIXABLE
"[07] Two Things, Darling • KNOWsutra Bertrand (Knows) La Poesita Gipsy Flamenco Dub INDIE",2240112737,https://soundcloud.com/bananasutra/07-two-things-darling-knowsutra-bertrand-knows-la-poesita-gipsy-flamenco-dub-indie-7,L-265,"Two Things, Darling","Two Things, Darling",Time For Rebel Romance,L-274,WRONG ID - FIXABLE
[2] Waldo's Fascist Tango - HATjazz BURLESQUE,2071884160,https://soundcloud.com/bananasutra/2-waldos-fascist-tango-hatjazz-burlesque-2,L-271,Waldo's Atheist Tango,Waldo's Atheist Tango,Truth Don't Care,L-280,WRONG ID - FIXABLE
[10] We Live Not By Lies - GROWsutra Post-Punk Rock Bar Girl BURLESQUE,2211706589,https://soundcloud.com/bananasutra/10-we-live-not-by-lies-growsutra-post-punk-rock-bar-girl-burlesque-10,L-273,We Live Not By Lies,We Live Not By Lies,Tune In The Tender,L-282,WRONG ID - FIXABLE
[03] We Live Not By Lies - GROWsutra Psychedelic Piano Cello INDIE,2211706580,https://soundcloud.com/bananasutra/03-we-live-not-by-lies-growsutra-psychedelic-piano-cello-indie-3,L-273,We Live Not By Lies,We Live Not By Lies,Tune In The Tender,L-282,WRONG ID - FIXABLE
[01] We Live Not By Lies - GROWsutra Gipsy Poetry DUB,2211706571,https://soundcloud.com/bananasutra/01-we-live-not-by-lies-growsutra-gipsy-poetry-dub-1,L-273,We Live Not By Lies,We Live Not By Lies,Tune In The Tender,L-282,WRONG ID - FIXABLE
[02] We Live Not By Lies - GROWsutra Pyschedelic Cello Dream Dub INDIE,2211706586,https://soundcloud.com/bananasutra/02-we-live-not-by-lies-growsutra-pyschedelic-cello-dream-dub-indie-2,L-273,We Live Not By Lies,We Live Not By Lies,Tune In The Tender,L-282,WRONG ID - FIXABLE
[04] We Live Not By Lies - GROWsutra Psychedelic Piano Cello INDIE,2211706565,https://soundcloud.com/bananasutra/04-we-live-not-by-lies-growsutra-psychedelic-piano-cello-indie-4,L-273,We Live Not By Lies,We Live Not By Lies,Tune In The Tender,L-282,WRONG ID - FIXABLE
[07] We Live Not By Lies - GROWsutra Tzigane Arabesk Fusion Indie LOFI,2211706574,https://soundcloud.com/bananasutra/07-we-live-not-by-lies-growsutra-tzigane-arabesk-fusion-indie-lofi-7,L-273,We Live Not By Lies,We Live Not By Lies,Tune In The Tender,L-282,WRONG ID - FIXABLE
[11] We Live Not By Lies - GROWsutra IBYN Post-Punk BURLESQUE ROCK,2211706559,https://soundcloud.com/bananasutra/11-we-live-not-by-lies-growsutra-ibyn-post-punk-burlesque-rock-11,L-273,We Live Not By Lies,We Live Not By Lies,Tune In The Tender,L-282,WRONG ID - FIXABLE
we remember what we remember when we feel 2,2106690222,https://soundcloud.com/bananasutra/we-remember-what-we-remember-when-we-feel-2-2,L-274,We Remember What (We Remember What) We Feel☉,We Remember What (We Remember What) We Feel☉,"Two Things, Darling",L-283,WRONG ID - FIXABLE
we remember what we remember when we feel 1,2106690216,https://soundcloud.com/bananasutra/we-remember-what-we-remember-when-we-feel-1-1,L-274,We Remember What (We Remember What) We Feel☉,We Remember What (We Remember What) We Feel☉,"Two Things, Darling",L-283,WRONG ID - FIXABLE
we remember what we remember when we feel 3,2106690225,https://soundcloud.com/bananasutra/we-remember-what-we-remember-when-we-feel-3-3,L-274,We Remember What (We Remember What) We Feel☉,We Remember What (We Remember What) We Feel☉,"Two Things, Darling",L-283,WRONG ID - FIXABLE
we remember what we remember when we feel 4,2106690219,https://soundcloud.com/bananasutra/we-remember-what-we-remember-when-we-feel-4-4,L-274,We Remember What (We Remember What) We Feel☉,We Remember What (We Remember What) We Feel☉,"Two Things, Darling",L-283,WRONG ID - FIXABLE
we remember what we remember when we feel 5,2106690213,https://soundcloud.com/bananasutra/we-remember-what-we-remember-when-we-feel-5-5,L-274,We Remember What (We Remember What) We Feel☉,We Remember What (We Remember What) We Feel☉,"Two Things, Darling",L-283,WRONG ID - FIXABLE
Wet Peaches • Blues BANJOsutra,2029683560,https://soundcloud.com/bananasutra/wet-peaches-o-blues-banjosutra,L-276,Wet (Prickly) Peaches vol.2,Wet (Prickly) Peaches vol.2,Untamed,L-285,WRONG ID - FIXABLE
Prickly Peaches (one) • DUB Sutra,1993857751,https://soundcloud.com/bananasutra/prickly-peaches-one-o-dub,L-276,Wet (Prickly) Peaches vol.2,Wet (Prickly) Peaches vol.3,Untamed,L-285,WRONG ID - FIXABLE
[01] What It's About • Vol. 02 • BLOWsutra Revolution Ring Piano Jazz BURLESQUE,2216245640,https://soundcloud.com/bananasutra/01-what-its-about-vol-02-blowsutra-revolution-ring-piano-jazz-burlesque-1,L-279,What It's About,What It's About,V.O.I.C.E.S (What You Want Baby),L-288,WRONG ID - FIXABLE
[03] What It's About • Vol. 02 • BLOWsutra Revolution Ring Piano Jazz BURLESQUE,2216245649,https://soundcloud.com/bananasutra/03-what-its-about-vol-02-blowsutra-revolution-ring-piano-jazz-burlesque-3,L-279,What It's About,What It's About,V.O.I.C.E.S (What You Want Baby),L-288,WRONG ID - FIXABLE
[04] What It's About • Vol. 02 • BLOWsutra Revolution Ring Psychedelic Piano Trip Hop Blues JAZZ,2216245643,https://soundcloud.com/bananasutra/04-what-its-about-vol-02-blowsutra-revolution-ring-psychedelic-piano-trip-hop-blues-jazz-4,L-279,What It's About,What It's About,V.O.I.C.E.S (What You Want Baby),L-288,WRONG ID - FIXABLE
[05] What It's About • Vol. 02 • BLOWsutra Revolution Ring Psychedelic BANJO Trip Hop Blues JAZZ,2216245634,https://soundcloud.com/bananasutra/05-what-its-about-vol-02-blowsutra-revolution-ring-psychedelic-banjo-trip-hop-blues-jazz-5,L-279,What It's About,What It's About,V.O.I.C.E.S (What You Want Baby),L-288,WRONG ID - FIXABLE
[11] How Do Kids Learn KNOWsutra Gipsy Fado Flamenco Techno Arabesk WORLD 11,2151723279,https://soundcloud.com/bananasutra/11-how-do-kids-learn-knowsutra-gipsy-fado-flamenco-techno-arabesk-world-11-11,L-284,When Did Seduction Become so Untrue?,When Did Seduction Become so Untrue?,Wear The Words,L-293,WRONG ID - FIXABLE
When We Duende 3 - FLOWsutra DUB,2113230123,https://soundcloud.com/bananasutra/when-we-duende-3-flowsutra-dub-3,L-285,When We Duende (All Night),When We Duende (All Night),Wet (Prickly) Peaches vol.2,L-294,WRONG ID - FIXABLE
When We Duende 4 - SHOWsutra JAZZ DUB,2113230117,https://soundcloud.com/bananasutra/when-we-duende-4-flowsutra-dub-4,L-285,When We Duende (All Night),When We Duende (All Night),Wet (Prickly) Peaches vol.2,L-294,WRONG ID - FIXABLE
Where Hope Expires - dem sed Dub INDIE FOLK,2082830301,https://soundcloud.com/bananasutra/where-hope-expires-dem-sed-dub-indie-folk-2,L-287,Where Hope Expires,Where Hope Expires,What If -Ism,L-296,WRONG ID - FIXABLE
Where Hope Expires - Queen of Authentic FOLK,2082830307,https://soundcloud.com/bananasutra/where-hope-expires-queen-of-authentic-folk-4,L-287,Where Hope Expires,Where Hope Expires,What If -Ism,L-296,WRONG ID - FIXABLE
Where Hope Expires - Piano CAT JAZZ,2082830295,https://soundcloud.com/bananasutra/where-hope-expires-piano-cat-jazz-5,L-287,Where Hope Expires,Where Hope Expires,What If -Ism,L-296,WRONG ID - FIXABLE
Where We Begin (one) : BURLESQUEsutra,1992560895,https://soundcloud.com/bananasutra/where-we-begin-one,L-288,Where We Begin (Preakly Peaches),Where We Begin (Preakly Peaches),What It's About,L-297,WRONG ID - FIXABLE
[18] Who Knows Where How Happiness Truly Grows • DUENDE FOLK,2125306884,https://soundcloud.com/bananasutra/18-who-knows-where-how-happiness-truly-grows-duende-folk-18,L-291,Who Knows Where How Happiness Truly Grows,Who Knows Where How Happiness Truly Grows,What’s Behind Every Door?,L-300,WRONG ID - FIXABLE
[1] Who Needs a Big D? OG BURLESQUE,2074302272,https://soundcloud.com/bananasutra/1-who-needs-a-big-d-og-burlesque-1,L-292,Who Needs A Big D?,Who Needs A Big D?,What's F-A-S-C-I-S-T?,L-301,WRONG ID - FIXABLE
[08] Who's Your Vladdy • BLOWsutra Psychedelic Poetry Folk DUB,2172422142,https://soundcloud.com/bananasutra/08-whos-your-vladdy-blowsutra-psychedelic-poetry-folk-dub-8,L-293,Who's Your Vladdy?,Who's Your Vladdy?,When Did Seduction Become so Untrue?,L-302,WRONG ID - FIXABLE
[04] Who's Your Vladdy • BLOWsutra Psychedelic World Soul FUSION,2172422124,https://soundcloud.com/bananasutra/04-whos-your-vladdy-blowsutra-psychedelic-world-soul-fusion-4,L-293,Who's Your Vladdy?,Who's Your Vladdy?,When Did Seduction Become so Untrue?,L-302,WRONG ID - FIXABLE
[07] Who's Your Vladdy • BLOWsutra Psychedelic Poetry Folk DUB,2172422136,https://soundcloud.com/bananasutra/07-whos-your-vladdy-blowsutra-psychedelic-poetry-folk-dub-7,L-293,Who's Your Vladdy?,Who's Your Vladdy?,When Did Seduction Become so Untrue?,L-302,WRONG ID - FIXABLE
Who's Your Vladdy BLOWsutra Psychedelic Burlesque Punk ROCK,2173877439,https://soundcloud.com/bananasutra/whos-your-vladdy-blowsutra-psychedelic-burlesque-punk-rock-2,L-293,Who's Your Vladdy?,Who's Your Vladdy?,When Did Seduction Become so Untrue?,L-302,WRONG ID - FIXABLE
"[08] Why Trust an Old, Mean Religion AD2 Soul INDIE",2082813372,https://soundcloud.com/bananasutra/08-why-trust-an-old-mean-religion-ad2-soul-indie-3,L-294,"Why trust an old, mean religion?","Why trust an old, mean religion?",When We Duende (All Night),L-303,WRONG ID - FIXABLE
[07] Why We Can't Be Brave - GROWsutra (Censored) Psychedelic Hip Hop Cello Indie Dub Fusion LOFI,2222937446,https://soundcloud.com/bananasutra/07-why-we-cant-be-brave-growsutra-censored-psychedelic-hip-hop-cello-indie-dub-fusion-lofi-7,L-295,Why We Can't Be Brave?,Why We Can't Be Brave?,When We Duende (Encore),L-304,WRONG ID - FIXABLE
[02] Why We Can't Be Brave - GROWsutra (Censored) Psychedelic Cello Drama Duende Dream INDIE,2222937428,https://soundcloud.com/bananasutra/02-why-we-cant-be-brave-growsutra-censored-psychedelic-cello-drama-duende-dream-indie-2,L-295,Why We Can't Be Brave?,Why We Can't Be Brave?,When We Duende (Encore),L-304,WRONG ID - FIXABLE
[04] Why We Can't Be Brave - GROWsutra (Censored) Psychedelic Flamenco Dub Cello Fusion INDIE,2222937449,https://soundcloud.com/bananasutra/04-why-we-cant-be-brave-growsutra-censored-psychedelic-flamenco-dub-cello-fusion-indie-4,L-295,Why We Can't Be Brave?,Why We Can't Be Brave?,When We Duende (Encore),L-304,WRONG ID - FIXABLE
[08] Why We Can't Be Brave - GROWsutra (Censored) Psychedelic Hip Hop Cello Indie Dub Fusion LOFI,2222937437,https://soundcloud.com/bananasutra/08-why-we-cant-be-brave-growsutra-censored-psychedelic-hip-hop-cello-indie-dub-fusion-lofi-8,L-295,Why We Can't Be Brave?,Why We Can't Be Brave?,When We Duende (Encore),L-304,WRONG ID - FIXABLE
[01] Win Win Dub ⚭ French GROWsutra Soulful Hip Hop Ragga DUB,2184157683,https://soundcloud.com/bananasutra/01-win-win-dub-french-growsutra-soulful-hip-hop-ragga-dub-1,L-298,WIN-WIN (dub),WIN-WIN (dub),Whispers (Lithium),L-307,WRONG ID - FIXABLE
Woke-N-Whack-A-Musk ☆ DUBsutra (2),2016126007,https://soundcloud.com/bananasutra/woke-n-whack-a-musk-dubsutra-2,L-300,Woke 'em Whacks,Woke 'em Whacks,Who Knows Where How Happiness Truly Grows,L-309,WRONG ID - FIXABLE
Woke-N-Whack-A-Musk ☆ BLUESsutra (2),2016126059,https://soundcloud.com/bananasutra/woke-n-whack-a-musk-bluessutra,L-300,Woke 'em Whacks,Woke 'em Whacks,Who Knows Where How Happiness Truly Grows,L-309,WRONG ID - FIXABLE
Woke-N-Whack-A-Musk ☆ BLUESsutra (1),2016126063,https://soundcloud.com/bananasutra/woke-n-whack-a-musk-1,L-300,Woke 'em Whacks,Woke 'em Whacks,Who Knows Where How Happiness Truly Grows,L-309,WRONG ID - FIXABLE
[20] Zero Sum • GROWsutra Psychedelick Post-Punk Cello Dub Cabaret BURLESQUE,2286539621,https://soundcloud.com/bananasutra/20-zero-sum-growsutra-psychedelick-post-punk-cello-dub-cabaret-burlesque-20,L-303,Zero Sum (Zero Sean),Zero Sum (Zero Sean),"Why trust an old, mean religion?",L-312,WRONG ID - FIXABLE
[07] Zero Sum • GROWsutra Psychedelick Folk Poetry Bridges The DUB,2286539651,https://soundcloud.com/bananasutra/07-zero-sum-growsutra-psychedelick-folk-poetry-bridges-the-dub-7,L-303,Zero Sum (Zero Sean),Zero Sum (Zero Sean),"Why trust an old, mean religion?",L-312,WRONG ID - FIXABLE
[08] Zero Sum • GROWsutra Psychedelick Folk Poetry Bridges The DUB,2286539684,https://soundcloud.com/bananasutra/08-zero-sum-growsutra-psychedelick-folk-poetry-bridges-the-dub-8,L-303,Zero Sum (Zero Sean),Zero Sum (Zero Sean),"Why trust an old, mean religion?",L-312,WRONG ID - FIXABLE
[10] Zero Sum • GROWsutra Psychedelick Gipsy Flamenco  Ragga Circus DUB,2286539678,https://soundcloud.com/bananasutra/10-zero-sum-growsutra-psychedelick-gipsy-flamenco-ragga-circus-dub-10,L-303,Zero Sum (Zero Sean),Zero Sum (Zero Sean),"Why trust an old, mean religion?",L-312,WRONG ID - FIXABLE
[12] Zero Sum • GROWsutra Psychedelick Gipsy Indie Ragga Flamenco DUB,2286539672,https://soundcloud.com/bananasutra/12-zero-sum-growsutra-psychedelick-gipsy-indie-ragga-flamenco-dub-12,L-303,Zero Sum (Zero Sean),Zero Sum (Zero Sean),"Why trust an old, mean religion?",L-312,WRONG ID - FIXABLE
[13] Zero Sum • GROWsutra Psychedelick Gipsy Flamenco Techno Fusion INDIE,2286539681,https://soundcloud.com/bananasutra/13-zero-sum-growsutra-psychedelick-gipsy-flamenco-techno-fusion-indie-13,L-303,Zero Sum (Zero Sean),Zero Sum (Zero Sean),"Why trust an old, mean religion?",L-312,WRONG ID - FIXABLE
[14] Zero Sum • GROWsutra Psychedelick Gipsy Flamenco Techno Fusion INDIE,2286539675,https://soundcloud.com/bananasutra/14-zero-sum-growsutra-psychedelick-gipsy-flamenco-techno-fusion-indie-14,L-303,Zero Sum (Zero Sean),Zero Sum (Zero Sean),"Why trust an old, mean religion?",L-312,WRONG ID - FIXABLE
[01] Zero Sum • GROWsutra Hypnotic Post-Punk Motorik Fusion LOFI,2286539627,https://soundcloud.com/bananasutra/01-zero-sum-growsutra-hypnotic-post-punk-motorik-fusion-lofi-1,L-303,Zero Sum (Zero Sean),Zero Sum (Zero Sean),"Why trust an old, mean religion?",L-312,WRONG ID - FIXABLE
[03] Zero Sum • GROWsutra Hypnotic Post-Punk Motorik Fusion LOFI,2286539633,https://soundcloud.com/bananasutra/03-zero-sum-growsutra-hypnotic-post-punk-motorik-fusion-lofi-3,L-303,Zero Sum (Zero Sean),Zero Sum (Zero Sean),"Why trust an old, mean religion?",L-312,WRONG ID - FIXABLE
[06] Zero Sum • GROWsutra Psychedelick Gipsy Hop Fusion LOFI,2286539630,https://soundcloud.com/bananasutra/06-zero-sum-growsutra-psychedelick-gipsy-hop-fusion-lofi-6,L-303,Zero Sum (Zero Sean),Zero Sum (Zero Sean),"Why trust an old, mean religion?",L-312,WRONG ID - FIXABLE
"[07] Hello, Oh No • GROWsutra Psychedelic Gipsy Fusion LOFI",2274175532,https://soundcloud.com/bananasutra/07-hello-oh-no-growsutra-psychedelic-gipsy-fusion-lofi-7,L-303,Zero Sum (Zero Sean),Zero Sum (Zero Sean),"Why trust an old, mean religion?",L-312,WRONG ID - FIXABLE