ep_title,ep_url,ep_volume,ep_rating,sutra,genres,genres_full,ep_total_tracks,track_titles,track_ids,total_plays,total_likes,ep_engagement_rate,duration_total,artwork_url,artwork_lg_url,lyrics_title,lyrics_id,ep_in_app,ep_featured,ep_description,ep_songbook_title,vid_exist,vid_ytplaylist,vid_yturl,created_at,playlist_names_clean
A Letter to My Friend (Never Again) EPx44 ☮ GROWsutra World Peace Mantra,https://soundcloud.com/bananasutra/sets/a-letter-to-my-friend-never-again-epx44-growsutra-world-peace-mantra,1,,KNOWsutra,"BANJO,BLUES,DUB,FOLK,INDIE,JAZZ,LOFI,MANTRA","BANJO,BLUES,DUB,FOLK,GIPSY,INDIE,JAZZ,LOFI,MANTRA,RAGGA,SOUL",44,"[01] Letter to My Friend (Never Again) - GROWsutra Tzigane Arabesk Soul Peace Fusion Gipsy INDIE, [02] Letter to My Friend (Never Again) - GROWsutra Tzigane Arabesk Soul Peace Fusion Gipsy INDIE, [03] Letter to My Friend (Never Again) - GROWsutra Tzigane Arabesk Soul Peace Fusion Gipsy INDIE, [04] Letter to My Friend (Never Again) - GROWsutra Tzigane Arabesk Soul Peace Fusion Gipsy INDIE, [05] Letter to My Friend (Never Again) - GROWsutra Tzigane Arabesk Soul Peace Fusion Gipsy INDIE, [06] Letter to My Friend (Never Again) - GROWsutra Tzigane Arabesk Soul Peace Fusion Gipsy INDIE, [07] Letter to My Friend (Never Again) - GROWsutra Tzigane Arabesk Soul Peace Fusion Gipsy INDIE, [08] Letter to My Friend (Never Again) - GROWsutra Tzigane Arabesk Soul Peace Fusion Gipsy INDIE, [09] Letter to My Friend (Never Again) - GROWsutra Tzigane Arabesk Soul Peace Fusion Gipsy INDIE, [10] Letter to My Friend (Never Again) - GROWsutra Tzigane Arabesk Soul Peace Fusion Gipsy INDIE, [11] Letter to My Friend (Never Again) - GROWsutra Tzigane Arabesk Soul Peace Fusion Gipsy INDIE, [12] Letter to My Friend (Never Again) - GROWsutra Tzigane Arabesk Soul Peace Fusion Gipsy INDIE, [13] Letter to My Friend (Never Again) - GROWsutra Tzigane Arabesk Soul Peace Fusion Gipsy INDIE, [14] Letter to My Friend (Never Again) - GROWsutra Tzigane Arabesk Soul Peace Fusion Gipsy INDIE, [15] Letter to My Friend (Never Again) - GROWsutra Tzigane Arabesk Soul Peace Fusion Gipsy INDIE, [16] Letter to My Friend (Never Again) • Gipsy Peace Duende Soul Fusion INDIE LOFI, [17] Letter to My Friend (Never Again) • Gipsy Peace Duende Soul Fusion INDIE LOFI, [18] Letter to My Friend (Never Again) • Gipsy Peace Duende Soul Fusion INDIE LOFI, [19] Letter to My Friend (Never Again) • Gipsy Peace Duende Soul Fusion INDIE LOFI, [20] Letter to My Friend (Never Again) • Gipsy Peace Duende Soul Fusion INDIE LOFI, [21] Letter to My Friend (Never Again) • Gipsy Peace Duende Soul Fusion INDIE LOFI, [22] Letter to My Friend (Never Again) • Gipsy Peace Duende Soul Fusion INDIE LOFI, [23] Letter to My Friend (Never Again) • Gipsy Peace Duende Soul Fusion INDIE LOFI, [24] Letter to My Friend (Never Again) • Gipsy Peace Duende Soul Fusion INDIE LOFI, [25] Letter to My Friend (Never Again) • Gipsy Peace Duende Soul Fusion INDIE LOFI, [26] Letter to My Friend (Never Again) • Gipsy Peace Duende Soul Fusion INDIE LOFI, [27] Letter to My Friend (Never Again) • GROWsutra Jazzy Hop Storyteller LOFI 02, [28] Letter to My Friend (Never Again) • GROWsutra Jazzy Hop Storyteller LOFI 03, [29] Letter to My Friend (Never Again) • GROWsutra Jazzy Hop BRUH LOFI, [30] Letter to My Friend (Never Again) • GROWsutra Jazzy Hop BRUH LOFI, [31] Letter to My Friend (Never Again) • GROWsutra She Wanna Know PsyBass Circus JAZZ, [32] Letter to My Friend (Never Again) • GROWsutra She Wanna Know PsyBass Circus JAZZ, [33] Letter to My Friend (Never Again) • GROWsutra What Shall We Hope For Now Psyjazz Ragga DUB, [34] Letter to My Friend (Never Again) • GROWsutra What Shall We Hope For Now Psyjazz Ragga DUB, [35] Letter to My Friend (Never Again) • GROWsutra What Shall We Hope For Now Psyjazz Ragga DUB, [36] Letter to My Friend (Never Again) • GROWsutra Wueen of Authenthic Dubby Banjo FOLK, [37] Letter to My Friend (Never Again) • GROWsutra PsyDestiny Banjo BLUES, [38] Letter to My Friend (Never Again) • GROWsutra PsyDestiny Banjo BLUES, [39] Letter to My Friend (Never Again) • GROWsutra PsyDestiny Banjo BLUES, [40] Letter to My Friend (Never Again) • GROWsutra F-Bomb Peace Drum LOFI MANTRA, [41] Letter to My Friend (Never Again) • GROWsutra F-Bomb Peace Drum LOFI MANTRA, [42] Letter to My Friend (Never Again) • GROWsutra F-Bomb Peace Drum LOFI MANTRA, [43] Letter to My Friend (Never Again) • GROWsutra F-Bomb Peace Drum LOFI MANTRA, [44] Letter to My Friend (Never Again) • GROWsutra F-Bomb Peace Drum LOFI MANTRA","2186767503, 2186767488, 2186767603, 2186767498, 2186767558, 2186767533, 2186767523, 2186767548, 2186767518, 2186767483, 2186767493, 2186767528, 2186767608, 2186767478, 2186767568, 2186767508, 2186767513, 2186767583, 2186767668, 2186767613, 2186767598, 2186767538, 2186767688, 2186767588, 2186767623, 2186767543, 2186767658, 2186767553, 2186767673, 2186767628, 2186767643, 2186767693, 2186767578, 2186767663, 2186767573, 2186767648, 2186767618, 2186767653, 2186767683, 2186767563, 2186767638, 2186767593, 2186767633, 2186767678",28563,224,0.784231,2:26:10,https://i1.sndcdn.com/artworks-wWQhnGqz9vHL3gbU-Sx2Pvw-t500x500.png,https://i1.sndcdn.com/artworks-wWQhnGqz9vHL3gbU-Sx2Pvw-t1080x1080.png,A Letter To My Friend (Never Again),L-3,checked,,"44 tracks of unapologetic peace. When did caring for one person mean betraying another? Served in banjo, blues, and dub. The numbers speak: 28k plays, 224 hearts. The peace prayer that won't shut up.",Ask: PEACE (not war),,,,2025-10-10T03:58:47Z,"BANJOsutra, BLUESsutra (Best Of), GROWsutra where we be brave, INDIEsutra, INDIEsutra (Best Of), JAZZsutra (Best Of), KNOWsutra : PEACE (not War), KNOWsutra where questions matter, LOFIsutra, LOFIsutra (Best Of), WORLDsutra (Best Of)"
A Man's a Man and A' That (à la bananasutra) EPx3 - VOL. 02 - Revolution Forever,https://soundcloud.com/bananasutra/sets/a-mans-a-man-and-a-that-a-la-bananasutra-epx3-vol-02-revolution-forever,2,,BLOWsutra,"LOFI,MANTRA","LOFI,MANTRA,TRIP HOP",3,"[01] A Man's a Man and A' That - VOL. 02 - A Spin on Robert Burns' Revolutionary Song - TripHop LOFI, [02] A Man's a Man and A' That - VOL. 02 - A Spin on Robert Burns' Revolutionary Song - Capela MANTRA LOFI, [03] A Man's a Man for A' That - VOL. 02 - A Spin on Robert Burns' Revolutionary Song - DRUM MANTRA","2084801913, 2084801919, 2084801916",933,9,0.964630,0:09:42,https://i1.sndcdn.com/artworks-1bqixGWYedpZR647-tZkbFA-t500x500.png,https://i1.sndcdn.com/artworks-1bqixGWYedpZR647-tZkbFA-t1080x1080.png,A Man's a Man and A' That,L-5,checked,,"3 tracks of truth with teeth. Robert Burns wrote it over 200 years ago. The crown is still a stamped disguise. Channeling Robert Burns, obviously. Vol. 2, because one wasn't enough. A cover, reborn.",Speak: REVOLT (now),,,,2025-04-25T03:30:20Z,"BLOWsutra : REVOLT (now), INDIEsutra, KNOWsutra where questions matter, LOFIsutra, MANTRAsutra, MANTRAsutra (Best Of)"
A Man's A Man for A' That - VOL. 01 - Revolution Forever,https://soundcloud.com/bananasutra/sets/a-mans-a-man-for-a-that-vol-01,1,,BLOWsutra,"FOLK,INDIE","FOLK,INDIE",3,"A Man’s A Man For A’ That • Revolution MANTRAsutra (2), A Man’s A Man For A’ That • Revolution MANTRAsutra (1), A Man’s A Man For A’ That • Revolution BANJOsutra","2028250100, 2028250124, 2028250288",579,6,1.036269,0:10:33,https://i1.sndcdn.com/artworks-YUOwZVtRKHQ7qgnV-7WlPYA-t500x500.jpg,https://i1.sndcdn.com/artworks-YUOwZVtRKHQ7qgnV-7WlPYA-t1080x1080.jpg,A Man's a Man and A' That,L-5,checked,,"3 tracks of truth with teeth. Robert Burns wrote it over 200 years ago. The crown is still a stamped disguise. A nod to Robert Burns. Borrowed lyrics, original soul. Revolution as a daily practice.",Speak: REVOLT (now),,,,2025-04-25T01:57:45Z,"BANJOsutra, BLOWsutra : REVOLT (now), KNOWsutra where questions matter, MANTRAsutra"
A stroll down history’s lane ☆ KNOWsutra ☆ EPx6 Vol. 1,https://soundcloud.com/bananasutra/sets/a-stroll-down-historys-lane,1,,KNOWsutra,MANTRA,MANTRA,6,"A stroll down history’s lane • DUBsutra, A stroll down history’s lane 3 • FOLKsutra, A stroll down history’s lane • PIANOsutra, A stroll down history’s lane 1 • FOLKsutra, A stroll down history’s lane 2 • BANJOsutra, A stroll down history’s lane • Mantra DUBsutra","2010294911, 2010294879, 2010294859, 2010294907, 2010294891, 2010294923",1139,10,0.877963,0:20:21,https://i1.sndcdn.com/artworks-9uz2GCIarSzz3CK9-yLGoGg-t500x500.jpg,https://i1.sndcdn.com/artworks-9uz2GCIarSzz3CK9-yLGoGg-t1080x1080.jpg,A Stroll Down History’s Lane,L-7,checked,,"6 mantra tracks built on nerve and a prayer. History's timeless trick: it rhymes, but(t) nobody listens. The peace prayer that won't shut up.",Ask: PEACE (not war),,,,2025-03-31T10:45:04Z,"BANJOsutra, BLOWsutra, DUBsutra, FOLKsutra, INDIEsutra, KNOWsutra : PEACE (not War), KNOWsutra where questions matter, MANTRAsutra"
ABCs of Kindness - KNOWsutra,https://soundcloud.com/bananasutra/sets/abcs-of-kindness-knowsutra,1,,KNOWsutra,"INDIE,BURLESQUE","INDIE,BURLESQUE",10,"ABC Of Kindness - A Is For Always Speak From Your Heart - KIDS INDIEsutra, ABC Of Kindness - A Is For Always Speak From Your Heart - DUBsutra (1), ABC Of Kindness - A Is For Always Speak From Your Heart - DUBsutra (2), ABC Of Kindness - A Is For Apologize - MANTRAsutra (1), ABC Of Kindness - A Is For Apologize - DUBsutra (2), ABC Of Kindness - A Is Ask - DUBsutra (1), ABC Of Kindness - A Is Ask - DUBsutra (2), ABC Of Kindness - A Is For Ask - DUBsutra (3), ABC Of Kindness - A Is For Ask - DUBsutra (4), ABC Of Kindness - A Is For Always Speak From Your Heart - Drum MANTRAsutra","2029770604, 2029770568, 2029770512, 2029770504, 2029770496, 2029770480, 2029770472, 2029770456, 2029770432, 2029770412",2009,13,0.647088,0:30:28,https://i1.sndcdn.com/artworks-OJbXzv5DEM6ihALr-CtrAEg-t500x500.jpg,https://i1.sndcdn.com/artworks-OJbXzv5DEM6ihALr-CtrAEg-t1080x1080.jpg,ABC Of Kindness,L-9,checked,,"A 10-track luminous ride that practices kindness like a contact sport. Kindness, alphabetized. Because some things deserve to be practiced A to Z. The sound: indie and burlesque. Kindness as rebellion.",Dare: KIND(ness),,,,2025-02-09T02:36:48Z,"DUBsutra, DUBsutra (Best Of), GROWsutra : KIND(ness), INDIEsutra, KNOWsutra where questions matter, MANTRAsutra"
AI Fair Use Manifesto EPx3 VOL.1 : LOFI BURLESQUE BLUES,https://soundcloud.com/bananasutra/sets/ai-fair-use-manifesto-epx3-vol1-lofi-burlesque-blues,1,,KNOWsutra,"BLUES,BURLESQUE,LOFI","BLUES,BURLESQUE,LOFI",3,"[1] AI Fair Use Manifesto - psyLOFI, [2] Abstracted Innuendo Tango Manifesto - GipsyJAZZ, [3] Vive la Revolution Artistique (AI Fair Use Manifesto) - banjoBLUES","2075748108, 2075748120, 2075748112",587,5,0.851789,0:09:42,https://i1.sndcdn.com/artworks-8MpTLEJF8IA3pZOl-q8KlmA-t500x500.png,https://i1.sndcdn.com/artworks-8MpTLEJF8IA3pZOl-q8KlmA-t1080x1080.png,AI Fair Use Manifesto,L-12,checked,,"3 tracks of truth with teeth. New tech, same question: what is creativity, really? Served in blues, burlesque, and lo-fi. The naked truth, served warm.",Ask: (Naked) TRUTH,,,,2025-04-10T20:36:26Z,"BANJOsutra, BLUESsutra, BURLESQUEsutra, KNOWsutra : (naked) TRUTH, KNOWsutra : but(t) WHY, KNOWsutra where questions matter, LOFIsutra"
Ain't Doing Bad Doing Nothing ⭐︎ Public Domain Vol. 02 EPx10 ⭐︎ FLOWsutra Wet JAZZ,https://soundcloud.com/bananasutra/sets/aint-doing-bad-doing-nothing-public-domain-vol-02-epx10-flowsutra-wet-jazz,1,,FLOWsutra,"BLUES,BURLESQUE,JAZZ","BLUES,BURLESQUE,JAZZ",10,"[01] Ain't Doing Bad Doing Nothing ⭐︎ Public Domain Lyrics Fun ⭐︎ FLOWsutra Wet JAZZ, [02] Ain't Doing Bad Doing Nothing ⭐︎ Public Domain Lyrics Fun ⭐︎ FLOWsutra Wet JAZZ, [03] Ain't Doing Bad Doing Nothing ⭐︎ Public Domain Lyrics Fun ⭐︎ FLOWsutra Wet JAZZ, [04] Ain't Doing Bad Doing Nothing ⭐︎ Public Domain Lyrics Fun ⭐︎ FLOWsutra Wet JAZZ, [05] Ain't Doing Bad Doing ⭐︎ Public Domain Lyrics Fun ⭐︎ FLOWsutra Wet JAZZ, [06] Ain't Doing Bad Doing Nothing ⭐︎ Public Domain Lyrics Fun ⭐︎ FLOWsutra Wet JAZZ, [07] Ain't Doing Bad Doing Nothing ⭐︎ Public Domain Lyrics Fun ⭐︎ FLOWsutra Wet JAZZ, [08] Ain't Doing Bad Doing Nothing ⭐︎ Public Domain Lyrics Fun ⭐︎ FLOWsutra Wet BURLESQUE, [09] Ain't Doing Bad Doing Nothing ⭐︎ Public Domain Lyrics Fun ⭐︎ FLOWsutra Wet BLUES, [10] Ain't Doing Bad Doing Nothing ⭐︎ Public Domain Lyrics Fun ⭐︎ FLOWsutra Wet BLUES","2205955091, 2205955067, 2205955095, 2205955063, 2205955059, 2205955071, 2205955079, 2205955087, 2205955083, 2205955075",3963,37,0.933636,0:29:52,https://i1.sndcdn.com/artworks-ywHf0D0qFVueq62i-1G6SmQ-t500x500.png,https://i1.sndcdn.com/artworks-ywHf0D0qFVueq62i-1G6SmQ-t1080x1080.png,Ain't Doing Bad Doing Nothing,L-14,checked,,"10 blues, burlesque, and jazz tracks disguised as music. The radical art of not hustling, for once. A nod to Peggy Lee. A cover, reborn. Fly like water, land like truth.",Trust: FLY (like water),,,,2025-11-04T05:33:58Z,"BLUESsutra, BURLESQUEsutra, BURLESQUEsutra (Best Of), FLOWsutra where time is space, JAZZsutra, JAZZsutra (Best Of)"
All I Know • Shades of Fools (It's the Why) • KNOWsutra EPx5 Vol. 02,https://soundcloud.com/bananasutra/sets/all-i-know-shades-of-fools-its-the-why-knowsutra-epx5-vol-02,1,,KNOWsutra,"BLUES,BURLESQUE,FOLK,INDIE,JAZZ","BLUES,BURLESQUE,FOLK,INDIE,JAZZ",5,"[01] All I Know - Shades of Fools • KNOWsutra All I know Upright Bass Folk JAZZ, [02] All I Know - Shades of Fools • KNOWsutra Accordion Chanson Jazz BURLESQUE, [03] All I know - Shades of Fools • KNOWsutra Piano Jazz BURLESQUE, [04] All I know - Shades of Fools • KNOWsutra Cello Burlesque INDIE, [05] All I Know - Shades of Fools • KNOWsutra Destiny BLUES","2215462523, 2215462526, 2215462532, 2215462535, 2215462529",2072,14,0.675676,0:16:03,https://i1.sndcdn.com/artworks-jqVeUE2kfD4URweU-kKwl8A-t500x500.png,https://i1.sndcdn.com/artworks-jqVeUE2kfD4URweU-kKwl8A-t1080x1080.png,Shades of Fools (All I Know),L-217,checked,,"5 tracks of questions that won't quit. All I know is I dunno. But it's the why that tells you which shade of fool you're dealing with. Blues, burlesque, and folk grooves from end to end. The naked truth, served warm.",Ask: (Naked) TRUTH,,,,2025-11-19T19:59:33Z,"BLUESsutra, BLUESsutra (Best Of), BURLESQUEsutra, INDIEsutra, JAZZsutra, KNOWsutra : (naked) TRUTH, KNOWsutra where questions matter"
All the -Isms | BLOWsutra EPx7,https://soundcloud.com/bananasutra/sets/all-the-isms-blowsutra-epx7,1,,BLOWsutra,"BANJO,BURLESQUE,FOLK,JAZZ","BANJO,BURLESQUE,FOLK,JAZZ",7,"[01] All Lame-Isms (she wanna know) BLOWsutra JAZZ, [02] All Lame-Isms - BLOWsutra CAT JAZZ, [03] All Lame-Isms - (Miss Cheeky) DUBsutra, [04] All Lame-Isms (oh boy) 1 - BLOWsutra BURLESQUE, [05] All Lame-Isms (oh boy) 2 - BLOWsutra BURLESQUE, [06] All Lame-Isms (Queen of Authentic) - BLOWsutra FOLK, [07] All Lame-Isms - (Hide your Pets) BLOWsutra BANJO","2159381859, 2159381862, 2159381856, 2159381847, 2159381850, 2159381865, 2159381853",1640,14,0.853659,0:22:51,https://i1.sndcdn.com/artworks-qrxklwZQpzKpzPUh-kUGDvA-t500x500.png,https://i1.sndcdn.com/artworks-qrxklwZQpzKpzPUh-kUGDvA-t1080x1080.png,All the -Isms,L-16,checked,,"7 tracks of fair-play defiance. What if every -ism was just one -ism wearing different hats? (Spoiler: it's narcissism, all the way down.) Served in banjo, burlesque, and folk. Ego, meet your reflection.",Speak: EGO (gone loco),,,,2025-08-26T02:05:59Z,"BANJOsutra, BLOWsutra, BLOWsutra : EGO (gone loco), BURLESQUEsutra, BURLESQUEsutra (Best Of), DUBsutra, FOLKsutra, FOLKsutra (Best Of), JAZZsutra, KNOWsutra where questions matter, LOFIsutra"
An American in Paris (Public Domain Lyrics) 🎙️ SHOWsutra Classic Retro Musical REMAKE,https://soundcloud.com/bananasutra/sets/an-american-in-paris-public-domain-lyrics-showsutra-classic-retro-musical-remake,1,,SHOWsutra,"DUB,INDIE,JAZZ","DUB,INDIE,JAZZ",6,"[01] I Got Rhythm - An American in Paris, Public Domain Lyrics - SHOWsutra Retro Musical INDIE, [02] By Strauss - An American in Paris, Public Domain Lyrics - SHOWsutra Retro Piano Waltz INDIE, [03] Nice Work If You Can Get It - An American in Paris, Public Domain Lyrics - SHOWsutra Indie JAZZ, [04] Embraceable You - An American in Paris, Public Domain Lyrics - SHOWsutra Indie Jazz DUB, [05] Tra-La-La - An American in Paris, Public Domain Lyrics - SHOWsutra Indie Jazz DUB, [06] Tra-La-La - An American in Paris, Public Domain Lyrics - SHOWsutra Indie Jazz DUB","2248524074, 2248524083, 2248524080, 2248524077, 2248524068, 2248524071",3641,35,0.961274,0:20:07,https://i1.sndcdn.com/artworks-dOp2MsRUp5Ta2lVZ-MjIpgA-t500x500.png,https://i1.sndcdn.com/artworks-dOp2MsRUp5Ta2lVZ-MjIpgA-t1080x1080.png,An American in Paris (Public Domain),L-17,checked,,"6 dub, indie, and jazz tracks served with no apologies. Gershwin walked into a SHOWsutra set. Five Gershwin classics, zero originals, zero apologies. Inspired by Cole Porter. Borrowed lyrics, original soul. Welcome to the Fanana club.",Play: FANANA (party),,,,2026-01-16T09:39:21Z,"DUBsutra, DUBsutra (Best Of), INDIEsutra, JAZZsutra, JAZZsutra (Best Of), SHOWsutra : FANANA Club, SHOWsutra where bananas play"
Atheist Tango EP x9 VOL. 1 ☰ Waldo's Burlesque Tales of Truth,https://soundcloud.com/bananasutra/sets/atheist-tango-ep-x9-vol-1-waldos-burlesque-tales-of-truth,1,,GROWsutra,"BURLESQUE,FOLK,JAZZ","BURLESQUE,FOLK,JAZZ",9,"[1] Waldo's Atheist Tango ☰ Dadade French Burlesque, [2] Waldo's Atheist Tango ☰ catJAZZ BURLESQUE, [3] Waldo's Atheist Tango ☰ pbgal PianoJAZZ BURLESQUE, [4] Waldo's Atheist Tango ☰ Oh boy Accordion BURLESQUE, [5] Waldo's Atheist Tango ☰ Sultry JAZZ, [6] Waldo's Atheist Tango ☰ IBYN JAZZ, [7] Waldo's Atheist Tango ☰ shewannaknow Bass JAZZ, [8] Waldo's Atheist Tango ☰ shewannaknow Bass JAZZ, [9] Waldo's Atheist Tango ☰ pbgal Burlesque FOLK","2071971712, 2071971724, 2071971740, 2071971720, 2071971716, 2071971732, 2071971728, 2071971744, 2071971736",1670,23,1.377246,0:29:14,https://i1.sndcdn.com/artworks-zGmZBF6E6J0dpCF7-7ObUQQ-t500x500.png,https://i1.sndcdn.com/artworks-zGmZBF6E6J0dpCF7-7ObUQQ-t1080x1080.png,The Atheist Tango,L-243,checked,,"9 tracks of holy doubt. Who needs a sky full of gods when you've got a tango? Inspired by Ralph Waldo Emerson. Holy questions, no holy answers.",Dare: GOD (etc.),,,,2025-04-06T05:22:34Z,"BURLESQUEsutra, FOLKsutra, GROWsutra : GOD (etc), JAZZsutra, Questions for the (kind) POPE in the Sky, SHOWsutra where bananas play"
Awe Is Mighty (Maybe Even Holy) - GLOWsutra Conscious Indie LoFi Lullaby EPx2,https://soundcloud.com/bananasutra/sets/awe-is-mighty-maybe-even-holy-glowsutra-conscious-indie-lofi-epx2,1,,GLOWsutra,"BLUES,FOLK,INDIE,LOFI,MANTRA","BLUES,FOLK,INDIE,LOFI,MANTRA,PSYCHEDELIC,TRIP HOP",2,"[01] Awe Is Mighty (Maybe Even Holy) - GLOWsutra Conscious Indie trip Hop(e) Blues Lullaby LOFI, [02] Awe Is Mighty (Maybe Even Holy) - GLOWsutra Psychedelic Folk Circus Dreamy Drum Indie MANTRA","2238682868, 2238682865",719,13,1.808067,0:06:41,https://i1.sndcdn.com/artworks-OV8ZRGizQyraCB7N-C8HWOQ-t500x500.png,https://i1.sndcdn.com/artworks-OV8ZRGizQyraCB7N-C8HWOQ-t1080x1080.png,Awe Is Mighty,L-21,checked,,"A 2-track glow-up that chases wonder like rent depends on it. Awe is not a luxury, not a miracle. It's the whole point, everywhere. Mary Oliver walked in and stayed. Poetry as essential infrastructure.",Bless: POET(ry),,,,2025-12-30T00:34:10Z,"GLOWsutra : POET(ry), GLOWsutra where gratitude feeds, HIDDEN PEELS, INDIEsutra (Best Of), LOFIsutra, MANTRAsutra"
BANANA ALLELUIA ♾ EPx5 ♾ KNOWsutra BURLESQUE,https://soundcloud.com/bananasutra/sets/banana-alleluia-epx5-knowsutra-burlesque,1,,KNOWsutra,"BANJO,BURLESQUE,FOLK","BANJO,BURLESQUE,CABARET,FOLK",6,"[01] BANANA ALLELUIA — KNOWsutra Folk Waltz Ballad BURLESQUE, [02] BANANA ALLELUIA — KNOWsutra Whisper Velvet Waltz BURLESQUE, [03] BANANA ALLELUIA — KNOWsutra Banjo Waltz Bounce BURLESQUE, [04] BANANA ALLELUIA — KNOWsutra Cello Banjo Waltz Twang BURLESQUE, [05] BANANA ALLELUIA — KNOWsutra Dystopian Cabaret BURLESQUE, [01] BANANA ALLELUIA — KNOWsutra Folk Waltz Ballad BURLESQUE","2140154127, 2140154139, 2140154130, 2140154136, 2140154133, 2150602338",1377,24,1.742919,0:20:03,https://i1.sndcdn.com/artworks-ygtp0Bp5Ccu1zSfd-ysCUOA-t500x500.png,https://i1.sndcdn.com/artworks-ygtp0Bp5Ccu1zSfd-ysCUOA-t1080x1080.png,Banana Alleluia,L-22,checked,,"A 20-minute ride of raw sense-making, across 6 tracks. In a world gone bananas, wondering might be the most revolutionary thing you do. The sound: banjo, burlesque, and folk. The naked truth, served warm.",Ask: (Naked) TRUTH,,,,2025-08-01T09:27:17Z,"BURLESQUEsutra, BURLESQUEsutra (Best Of), FOLKsutra, FOLKsutra (Best Of), HIDDEN PEELS, KNOWsutra : (naked) TRUTH, KNOWsutra where questions matter, SHOWsutra : B.J. (is for Banana Jesters)"
Because the Light ☉ EPx4 VOL.01,https://soundcloud.com/bananasutra/sets/because-the-light-epx4-vol01,1,,KNOWsutra,MANTRA,MANTRA,4,"[01] Because the Light (wontdietonight) ⭐︎ Breathy LOFIsutra, [02] Because the Fight ⭐︎ MellO BANJOsutra, [03] Delete your Butt ⭐︎ Cheeky BURLESQUEsutra, [04] Because the Joke ⭐︎ Dreamy Mantra INDIEsutra","2084831280, 2084831274, 2084831277, 2084831271",2199,20,0.909504,0:13:30,https://i1.sndcdn.com/artworks-ZPfcJ5Xdh8yItO33-t97RIA-t500x500.png,https://i1.sndcdn.com/artworks-ZPfcJ5Xdh8yItO33-t97RIA-t1080x1080.png,Because The Light,L-27,checked,,"4 mantra tracks for the ones who still give a damn. Multiple versions. One thesis: because the light pretends it's painless, we delete ourselves. Fight back. Channeling Patti Smith, obviously. Dare to care. That's the whole thing.",Dare: DARE (to care),,,,2025-04-25T04:46:25Z,"BANJOsutra, BLOWsutra, BLOWsutra : REVOLT (now), BLUESsutra (Best Of), GROWsutra : DARE (to care), INDIEsutra, KNOWsutra : PEACE (not War), LOFIsutra, LOFIsutra (Best Of), MANTRAsutra"
Bee the Fool EP x2 : BANJOsutra,https://soundcloud.com/bananasutra/sets/bee-the-fool-ep-x2-honeysutra,1,,SHOWsutra,"BANJO,BLUES,FOLK","BANJO,BLUES,FOLK",2,"Bee the full (cozitsalie) • BANJOsutra, Be the fool (Perfection is a lie) : BANJOsutra","1991163467, 1991163459",415,5,1.204819,0:07:16,https://i1.sndcdn.com/artworks-1QKzz4xNQaa8y2oX-Ru7mWg-t500x500.jpg,https://i1.sndcdn.com/artworks-1QKzz4xNQaa8y2oX-Ru7mWg-t1080x1080.jpg,Bee the Fool (Not A Lie),L-29,checked,,"A quick 7-minute burst of gleeful absurdity, across 2 tracks. Perfection is a lie. Possessions bind. Only the fool dances where others sink. Bee the fool. Channeling Jim Morrison, obviously. Be the fool worth being.",Play: (Be) The Fool,,,,2024-12-21T03:33:44Z,"BANJOsutra, FLOWsutra where time is space, SHOWsutra: (shades of) FOOLS"
Best Teacher Award · in Love & Death : Indie Bliss EPx3 VOL. 1 : BOWsutra,https://soundcloud.com/bananasutra/sets/best-teacher-award-in-love-death-indie-lofi-epx3-vol-1-bowsutra,1,,BOWsutra,INDIE,INDIE,3,"[1] Dead Dogs Deets • Emo INDIEsutra, [2] Like a Dog in the Sky • Leonard’s Birdie BLUESsutra, [3] Blessed Be the Dogs • Cappella MANTRAsutra","2074498480, 2074498484, 2074498476",671,3,0.447094,0:08:22,https://i1.sndcdn.com/artworks-naxN1Ew2hxBmEiva-OlsMuQ-t500x500.png,https://i1.sndcdn.com/artworks-naxN1Ew2hxBmEiva-OlsMuQ-t1080x1080.png,,"L-58,L-145,L-33",checked,,3 indie tracks disguised as music. Your dog left. But not really #forever Good dogs. Best teachers.,"Bow: (Thank) Dogs,EP: Best Teacher Award",,,,2025-04-09T11:15:13Z,"BLUESsutra, BOWsutra : (Thank) Dogs, BOWsutra : DEATH (is nothing), BOWsutra the last of 7 sutras · it's divine <3, INDIEsutra, MANTRAsutra"
Blaise's Tale ⭐︎ EPx3 ⭐︎ KNOWsutra Folk Cabaret,https://soundcloud.com/bananasutra/sets/blaises-tale-epx3-knowsutra-folk-cabaret,1,,KNOWsutra,"BANJO,BURLESQUE,FOLK","BANJO,BURLESQUE,CABARET,FOLK",3,"[01] Blaise's Tale ⭐︎ KNOWsutra Intimate Storytelling FOLK, [02] Blaise's Tale ⭐︎ KNOWsutra Hypnotic Banjo FOLK, [03] Blaise's Tale ⭐︎ KNOWsutra Cheeky Cabaret BURLESQUE","2158307499, 2158307502, 2158307496",587,5,0.851789,0:08:41,https://i1.sndcdn.com/artworks-nZjm9BvXode0nW5K-5dXY2A-t500x500.png,https://i1.sndcdn.com/artworks-nZjm9BvXode0nW5K-5dXY2A-t1080x1080.png,Blaise's Tale,L-31,checked,,"A quick 8-minute burst of uncut honesty, across 3 tracks. A wise 17th century warning that's been on repeat ever since #duh Channeling Blaise Pascal, obviously. The peace prayer that won't shut up.",Ask: PEACE (not war),,,,2025-08-24T01:01:14Z,"BANJOsutra, BURLESQUEsutra, FOLKsutra, KNOWsutra : PEACE (not War), KNOWsutra : but(t) WHY, KNOWsutra where questions matter"
Blessed Are the Cracked EP X3,https://soundcloud.com/bananasutra/sets/blessed-are-the-cracked-ep-x3,1,,SHOWsutra,JAZZ,JAZZ,3,"Blessed Are the Cracked Jazz, Blessed Are the Cracked Waltz #1, Blessed Are the Cracked Waltz #2","1981272919, 1981272923, 1981272927",608,4,0.657895,0:09:45,https://i1.sndcdn.com/artworks-d9e5zeXofS20S4AQ-Lb1s5g-t500x500.png,https://i1.sndcdn.com/artworks-d9e5zeXofS20S4AQ-Lb1s5g-t1080x1080.png,Blessed Are The Cracked,L-32,checked,,"A quick 9-minute burst of beauty that bleeds, across 3 tracks. Gratitude, kindness, and the occasional beach. (Dating profile for the soul.) The sound: jazz. A rainbow in someone's cloud.",Bless: RAINBOWS (in my clouds),,,,2024-12-11T23:08:16Z,"BURLESQUEsutra, GLOWsutra : RAINBOWS (in my clouds), GLOWsutra where gratitude feeds, JAZZsutra"
Blessed Be the Dogs ☰ SHOWsutra EPx9 ☰ Post-Punk Burlesque ROCK,https://soundcloud.com/bananasutra/sets/blessed-be-the-dogs-showsutra-epx9-post-punk-burlesque-rock,1,,BOWsutra,"BURLESQUE,ROCK","BURLESQUE,PUNK,ROCK",9,"[01] Blessed Be The Dogs • SHOWsutra Post-Punk Burlesque ROCK, [02] Blessed Be The Dogs • SHOWsutra Post-Punk Burlesque ROCK, [03] Blessed Be The Dogs • SHOWsutra Post-Punk Burlesque ROCK, [04] Blessed Be The Dogs • SHOWsutra Post-Punk Burlesque ROCK, [05] Blessed Be The Dogs • SHOWsutra Post-Punk Burlesque ROCK, [06] Blessed Be The Dogs • SHOWsutra Post-Punk Burlesque ROCK, [07] Blessed Be The Dogs • SHOWsutra Post-Punk Burlesque ROCK, [08] Blessed Be The Dogs • SHOWsutra Post-Punk Burlesque ROCK, [09] Blessed Be The Dogs • SHOWsutra Post-Punk Burlesque ROCK","2153509272, 2153509269, 2153509275, 2153509260, 2153509263, 2153509278, 2153509254, 2153509266, 2153509257",2230,32,1.434978,0:35:13,https://i1.sndcdn.com/artworks-kAEVcohylwIZch0q-ThHu4Q-t500x500.png,https://i1.sndcdn.com/artworks-kAEVcohylwIZch0q-ThHu4Q-t1080x1080.png,Blessed Be The Dogs (SHOWsutra Edition),L-146,checked,,A 9-track glow-up that says thank you with its whole chest. With all due respects to cringy parrots... there's nothing like a puppy belly rub in the warm morning light. A nod to Morissey. Good dogs. Best teachers.,"Bow: (Thank) Dogs,EP: Best Teacher Award",,,,2025-08-15T01:39:46Z,"BOWsutra : (Thank) Dogs, HIDDEN PEELS, ROCKsutra, ROCKsutra (Best Of), SHOWsutra where bananas play"
Blessed Be Your Voice ⭐︎ GROWsutra Vol. 02 EPx19,https://soundcloud.com/bananasutra/sets/blessed-be-your-voice-growsutra-epx19,2,,GROWsutra,INDIE,INDIE,19,"[01] Blessed Be Your Voice • GROWsutra NeoSoul Rhythm & Blues Cello Piano INDIE, [02] Blessed Be Your Voice • GROWsutra NeoSoul Rhythm & Blues Piano INDIE, [03] Blessed Be Your Voice • GROWsutra NeoSoul Rhythm & Blues Piano INDIE, [04] Blessed Be Your Voice • GROWsutra NeoSoul Rhythm & Blues Piano INDIE, [05] Blessed Be Your Voice • GROWsutra Tzigane Arabesk Gipsy Indie Hop Fusion LOFI, [06] Blessed Be Your Voice • GROWsutra Tzigane Arabesk Gipsy Indie Hop Fusion LOFI, [07] Blessed Be Your Voice • GROWsutra Tzigane Arabesk Gipsy Indie Hop Fusion LOFI, [08] Blessed Be Your Voice • GROWsutra Tzigane Arabesk Gipsy Indie Hop Cello Fusion LOFI, [09] Blessed Be Your Voice • GROWsutra Tzigane Arabesk Gipsy Indie Hop Fusion LOFI, [10] Blessed Be Your Voice • GROWsutra Tzigane Arabesk Gipsy Indie Hop Fusion LOFI, [11] Blessed Be Your Voice • GROWsutra Tzigane Arabesk Gipsy Indie Hop Fusion LOFI, [12] Blessed Be Your Voice • GROWsutra Tzigane Arabesk Gipsy Indie Hop Cello Fusion LOFI, [13] Blessed Be Your Voice • GROWsutra Fado Arabesk Trip Fusion Hop Accordion Guitar Indie WORLD, [14] Blessed Be Your Voice • GROWsutra Fado Arabesk Trip Fusion Hop Indie WORLD, [15] Blessed Be Your Voice • GROWsutra Fado Arabesk Trip Fusion Hop Accordion Cello Indie WORLD, [16] Blessed Be Your Voice • GROWsutra Fado Arabesk Trip Fusion Hop Indie WORLD, [17] Blessed Be Your Voice • GROWsutra Post-Punk I Jazz You Not BURLESQUE, [Bonus] Blessed Be Your Voice  • GROWsutra Hip Pop FOLK, [Bonus] Blessed Be Your Voice • GROWsutra Miss Cheeky Upright Bass A Capella Lullaby Mantra JAZZ","2349579404, 2349579422, 2349579386, 2349579398, 2349579407, 2349579419, 2349579380, 2349579425, 2349579383, 2349579401, 2349579389, 2349579395, 2349579416, 2349579392, 2349579434, 2349579413, 2349579410, 2349579428, 2349579431",14622,159,1.087403,0:55:09,https://i1.sndcdn.com/artworks-gn5KxAJysx00mUwS-QWvH0w-t500x500.png,https://i1.sndcdn.com/artworks-gn5KxAJysx00mUwS-QWvH0w-t1080x1080.png,Blessed Be Your Voice,L-34,checked,,Got Freedom Fruit? Oui Oui.,Dare: DARE (to care),,,,2026-06-29T02:06:06Z,"BLUESsutra, BLUESsutra (Best Of), GROWsutra : DARE (to care), GROWsutra where we be brave, LOFIsutra (Best Of)"
Bloom Past Doom (Apes Gone Wrong Series) EPx5 - BLOWsutra (Revolt Now)  Grassroots Hope Song,https://soundcloud.com/bananasutra/sets/bloom-past-doom-apes-gone-wrong-series-epx5-blowsutra-revolt-now-grassroots-hope-song,1,,BLOWsutra,"BURLESQUE,FOLK,INDIE,JAZZ","BURLESQUE,CABARET,COUNTRY,FOLK,INDIE,JAZZ,PSYCHEDELIC,SOUL",5,"[01] Bloom Past Doom (Apes Gone Wrong) - BLOWsutra (Revolt Now) Psychedelic Country Soul FOLK, [02] Bloom Past Doom (Apes Gone Wrong) - BLOWsutra (Revolt Now) Psychedelic Indie Ballad FOLK, [03] Bloom Past Doom - BLOWsutra (Revolt Now) Cello Circus Chanson Cabaret BURLESQUE, [04] Bloom Past Doom - BLOWsutra (Revolt Now) Cello Bass Burlesque Jazz Symphony INDIE, [05] Bloom Past Doom - BLOWsutra (Revolt Now) Bass Heartbeat Pluck Cello Jazz INDIE","2247770567, 2247770570, 2247770564, 2247770558, 2247770561",3618,39,1.077944,0:15:41,https://i1.sndcdn.com/artworks-NfNdCTLZ9C9HupPU-ETvEcw-t500x500.png,https://i1.sndcdn.com/artworks-NfNdCTLZ9C9HupPU-ETvEcw-t1080x1080.png,Bloom Past Doom,L-36,checked,,"5 tracks of raw sense-making. Why not think of marriage as a relationship based on equality, respect, and personal freedom, i. Served in burlesque, folk, and indie. Revolution as a daily practice.",Speak: REVOLT (now),,,,2026-01-15T07:26:42Z,"BLOWsutra, BLOWsutra : APES (gone wrong), BLOWsutra : REVOLT (now), BURLESQUEsutra, BURLESQUEsutra (Best Of), FOLKsutra, INDIEsutra, QUACKsutra where we sing FU"
Bloom Past Doom - Vol. 2 · 2 songs EPx7 - BLOWsutra (Revolution Ring Series) Fusion Jazz,https://soundcloud.com/bananasutra/sets/bloom-past-doom-vol-2-2-songs-epx7-blowsutra-revolution-ring-series-fusion-jazz,2,,BLOWsutra,"BANJO,BLUES,BURLESQUE,DUB,FOLK,INDIE,JAZZ","BANJO,BLUES,BURLESQUE,DUB,FOLK,GIPSY,INDIE,JAZZ,PSYCHEDELIC",7,"Side A [01] Dare to Care (This Issue is Real) - BLOWsutra Revolt Now Jazzy Gipsy Blues DUB, Side A [02] Dare to Care (This Issue is Real) - BLOWsutra Revolt Now Dubby Bluesy Burlesque JAZZ, Side A [03] Dare to Care (This Issue is Real) - BLOWsutra Revolt Now Dubby Bluesy Burlesque JAZZ, Side A [04] Dare to Care (This Issue is Real) - BLOWsutra Revolt Now Dubby Jazzy Blues BLUES, Side B [05] Revolution's Lit (This Ain't Fiction) - BLOWsutra Revolt Now Jazzy INDIE, Side B [06] Revolution's Lit (This Ain't Fiction) - BLOWsutra Revolt Now Cello Accordion Burlesque INDIE, Side B [07] Revolution's Lit (This Ain't Fiction) - BLOWsutra Revolt Now Bluesy Psychedelic Americana Banjo FOLK","2248438646, 2248438631, 2248438643, 2248438637, 2248438649, 2248438634, 2248438640",6057,71,1.172197,0:22:38,https://i1.sndcdn.com/artworks-UsXPQkqEgN2gCzJ6-0lSKCQ-t500x500.png,https://i1.sndcdn.com/artworks-UsXPQkqEgN2gCzJ6-0lSKCQ-t1080x1080.png,Bloom Past Doom,L-36,checked,,"7 banjo, blues, and burlesque tracks asking questions that sting. Why not think of marriage as a relationship based on equality, respect, and personal freedom, i. Volume 2 hits different. Revolution as a daily practice.",Speak: REVOLT (now),,,,2026-01-16T04:36:36Z,"BLOWsutra, BLOWsutra : REVOLT (now), BLUESsutra, DUBsutra, DUBsutra (Best Of), FOLKsutra, FOLKsutra (Best Of), HIDDEN PEELS, INDIEsutra, INDIEsutra (Best Of), JAZZsutra, JAZZsutra (Best Of)"
Bo Burnham Gone Bananas 🍌 COVERsutra Vaudeville Indie JAZZ EPx11,https://soundcloud.com/bananasutra/sets/bo-burnham-gone-bananas-coversutra-epx11,1,,SHOWsutra,"BLUES,BURLESQUE,DUB,INDIE,JAZZ,LOFI","BLUES,BURLESQUE,DUB,INDIE,JAZZ,LOFI",11,"[01] Welcome to the Internet (Bo Burnham Gone Bananas) - COVERsutra Indie JAZZ, [02] Welcome to the Internet (Bo Burnham Gone Bananas) • COVERsutra Indie Piano Burlesque JAZZ, [03] God's Perspective (Bo Burnham Gone Bananas) - COVERsutra Blues INDIE, [04] God's Perspective (Bo Burnham Gone Bananas) - COVERsutra Jazz INDIE, [05] F*CK (Bo Burnham Gone Bananas) - COVERsutra Candid Piano JAZZ, [06] F*CK (Bo Burnham Gone Bananas) - COVERsutra Candid Piano JAZZ, [07] F*CK (Bo Burnham Gone Bananas) - COVERsutra Candid Piano Jazz INDIE, [08] F*CK (Bo Burnham Gone Bananas) - COVERsutra Candid INDIE, [09] What's Funny (Bo Burnham Gone Bananas) • COVERsutra Indie Jazz BURLESQUE, [10] What's Funny (Bo Burnham Gone Bananas) - COVERsutra Indie Reggae DUB, [11] Problematic (Bo Burnham Gone Bananas) - COVERsutra Indie Pop LOFI","2279495030, 2279495021, 2279495018, 2279495036, 2279495024, 2279495045, 2279495042, 2279495039, 2279495048, 2279495027, 2279495033",4928,52,1.055195,0:43:15,https://i1.sndcdn.com/artworks-0cRNu3FFXne8uJuk-QwQNJA-t500x500.png,https://i1.sndcdn.com/artworks-0cRNu3FFXne8uJuk-QwQNJA-t1080x1080.png,Bo Burnham Covers,L-37,checked,,"11 blues, burlesque, and dub tracks steeped in equal parts fury and love. What's funny? Everything. Also nothing. Bo Burnham said so. Channeling Bo Burnham, obviously. A cover, reborn. Welcome to the Fanana club.",Play: FANANA (party),,,,2026-03-07T23:40:16Z,"BURLESQUEsutra, DUBsutra, DUBsutra (Best Of), INDIEsutra, JAZZsutra, JAZZsutra (Best Of), LOFIsutra, SHOWsutra : FANANA Club"
Broken Whole (Vol. 02) • EPx16 • GROWsutra Psychedelick Banjo BLUES + FOLK + DUB,https://soundcloud.com/bananasutra/sets/broken-whole-growsutra-vol2-epx16,2,,GROWsutra,"BANJO,FOLK","BANJO,FOLK",16,"[01] Broken Whole (Encore) • GROWsutra Psychedelick Destiny Banjo BLUES, [02] Broken Whole (Encore) • GROWsutra Psychedelick Destiny Banjo BLUES, [03] Broken Whole (Encore) • GROWsutra Psychedelick Destiny Banjo BLUES, [04] Broken Whole (Encore) • GROWsutra Psychedelick Destiny Banjo BLUES, [05] Broken Whole (Encore) • GROWsutra Psychedelick Destiny Banjo BLUES, [06] Broken Whole (Encore) • GROWsutra Psychedelick Destiny Banjo BLUES, [07] Broken Whole (Encore) • GROWsutra Kindness Is In The Depth Bluesy Banjo FOLK, [08] Broken Whole (Encore) • GROWsutra Kindness Is In The Depth Bluesy Banjo FOLK, [09] Broken Whole (Encore) • GROWsutra Queen of Authentic Dubby Banjo FOLK, [10] Broken Whole (Encore) • GROWsutra Queen of Authentic Dubby Banjo FOLK, [11] Broken Whole (Encore) • GROWsutra Psychedelick Poetry Bridges the DUB, [12] Broken Whole (Encore) • GROWsutra Psychedelick Poetry Bridges the DUB, [13] Broken Whole (Encore) • GROWsutra Psychedelick Poetry Bridges the DUB, [14] Broken Whole (Encore) • GROWsutra Psychedelick Poetry Bridges the DUB, [15] Broken Whole (Encore) • GROWsutra La Poesita Fado World Indie DUB, [16] Broken Whole (Encore) • GROWsutra La Poesita Fado World Indie DUB","2331788303, 2331788312, 2331788342, 2331788306, 2331788336, 2331788333, 2331788318, 2331788309, 2331788300, 2331788327, 2331788315, 2331788321, 2331788324, 2331788330, 2331788345, 2331788339",16199,138,0.851904,0:47:21,https://i1.sndcdn.com/artworks-z8cA6ydBGgr5F4Jp-zISI5w-t500x500.png,https://i1.sndcdn.com/artworks-z8cA6ydBGgr5F4Jp-zISI5w-t1080x1080.png,Broken Whole,L-346,checked,,"Serious questions, for you and I and us all, recycled from the bottom of my (he)art...",Dare: DARE (to care),,,,2026-06-02T02:32:16Z,"BLUESsutra, BLUESsutra (Best Of), DUBsutra, DUBsutra (Best Of), FOLKsutra, FOLKsutra (Best Of), GROWsutra : DARE (to care), GROWsutra where we be brave"
But(t) How Can You? GROWsutra (Dare to Care) EPx10,https://soundcloud.com/bananasutra/sets/butt-how-can-you-growsutra-epx10,1,,GROWsutra,"DUB,INDIE,LOFI","DUB,GIPSY,HIP HOP,INDIE,LOFI,PSYCHEDELIC,RAGGA",10,"[01] But(t) How Can You GROWsutra Dem Sed Psychedelic Ragga DUB, [02] But(t) How Can You GROWsutra Dem Sed Psychedelic Ragga DUB, [03] But(t) How Can You GROWsutra Dem Sed Psychedelic Ragga DUB, [04] But(t) How Can You GROWsutra Dem Sed Psychedelic Ragga DUB, [05] But(t) How Can You GROWsutra F-Bomb Psychedelic Hip Hop LOFI, [06] But(t) How Can You GROWsutra Psychedelic Gipsy Fusion LOFI, [07] But(t) How Can You GROWsutra Psychedelic Gipsy Fusion LOFI 1, [08] But(t) How Can You GROWsutra Psychedelic Gipsy Fusion LOFI, [09] But(t) How Can You GROWsutra Mama-b-c Magick Cello Prayer Dream INDIE, [10] But(t) How Can You GROWsutra Mama-b-c Magick Cello Prayer Dream INDIE","2278937978, 2278937996, 2278937981, 2278938002, 2278937993, 2278937990, 2278938005, 2278937984, 2278937987, 2278937999",4534,18,0.397000,0:19:15,https://i1.sndcdn.com/artworks-wzNXJ0kKC1UWtYRu-qF7vrw-t500x500.png,https://i1.sndcdn.com/artworks-wzNXJ0kKC1UWtYRu-qF7vrw-t1080x1080.png,But(t) How Can You?,L-40,checked,,"10 dub, indie, and lo-fi tracks dripping with uncomfortable truths. Have you met your conscience lately? (Asking for a friend.) A nod to ScoobyDoo. Because why not ask why.",Ask: But(t) WHY,,,,2026-03-06T21:23:30Z,"DUBsutra, DUBsutra (Best Of), GROWsutra where we be brave, INDIEsutra, LOFIsutra, LOFIsutra (Best Of), MANTRAsutra (Best Of)"
But(t) How you Kids Learn Now? EPx9 VOL. 01,https://soundcloud.com/bananasutra/sets/butt-how-you-kids-learn-now-epx9-vol-01,1,,KNOWsutra,"FOLK,INDIE,JAZZ","FOLK,INDIE,JAZZ",9,"[0] How do kids learn • Destiny JAZZsutra (high), [1] How do kids learn • Accordion JAZZ BURLESQUEsutra, [2] How do kids learn • Accordion BURLESQUEsutra, [3] How do kids learn • FOLK BANJOsutra, [4] How do kids learn • Bluesy FOLKsutra, [5] How do kids learn • Bluesy DUBsutra, [6] How do kids learn • Indie FOLKsutra, [7] How do kids learn • Tango FOLKsutra, [8] How do kids learn • DRUM FOLKsutra","2078543768, 2078543772, 2078543792, 2078543780, 2078543788, 2078543764, 2078543776, 2078543784, 2078543796",1962,29,1.478084,0:30:18,https://i1.sndcdn.com/artworks-s7JwXEm6wQmnuT1J-ySHR0g-t500x500.png,https://i1.sndcdn.com/artworks-s7JwXEm6wQmnuT1J-ySHR0g-t1080x1080.png,How Do Kids Learn Now?,L-106,checked,,"9 folk, indie, and jazz tracks disguised as music. How do kids learn what's right when the adults are still figuring it out? The naked truth, served warm.",Ask: (Naked) TRUTH,,,,2025-04-14T18:55:07Z,"BANJOsutra, BLUESsutra (Best Of), BURLESQUEsutra, FOLKsutra, FOLKsutra (Best Of), GROWsutra where we be brave, HIDDEN PEELS, JAZZsutra, KNOWsutra : (naked) TRUTH, KNOWsutra where questions matter, MANTRAsutra (Best Of)"
But(t) Where Do Pigeons Go To Die ✧ BOWsutra (Death is Nothing) Dub Folk EPx5,https://soundcloud.com/bananasutra/sets/butt-where-do-pigeons-go-to-die-bowsutra-epx5,1,,BOWsutra,"DUB,FOLK","DUB,FOLK",5,"[01] But(t) Where Do Pigeons Go To Die • BOWsutra (Death Is Nothing) Poetry Bridges the DUB, [02] But(t) Where Do Pigeons Go To Die • BOWsutra (Death Is Nothing) Poetry Bridges the DUB, [03] But(t) Where Do Pigeons Go To Die • BOWsutra (Death Is Nothing) Poetry Bridges the DUB, [04] But(t) Where Do Pigeons Go To Die • BOWsutra (Death Is Nothing) Queen Of Authentic Dubby FOLK, [05] But(t) Where Do Pigeons Go To Die • BOWsutra (Death Is Nothing) Queen Of Authentic FOLK Cover","2353813781, 2353813772, 2353813784, 2353813778, 2353813775",1610,18,1.118012,0:15:33,https://i1.sndcdn.com/artworks-FAjIdovnpd1Pj0yG-8cj3HQ-t500x500.png,https://i1.sndcdn.com/artworks-FAjIdovnpd1Pj0yG-8cj3HQ-t1080x1080.png,But(t) Where Do Pigeons Go To Die?,L-38,checked,,"5 tracks, one questions, millions of pigeons, no one knows...",Bow: Death (is nothing),,,,2026-07-06T08:28:19Z,"BOWsutra : DEATH (is nothing), BOWsutra the last of 7 sutras · it's divine <3, DUBsutra, DUBsutra (Best Of), FOLKsutra"
Camus Dit Oui • French GROWsutra Indie Jazz LoFi Dub EPx13,https://soundcloud.com/bananasutra/sets/camus-dit-oui-growsutra-epx13,1,,GROWsutra,"BURLESQUE,JAZZ,LOFI,DUB",LOFI,13,"[01] Camus Dit Oui • French GROWsutra Tango Accordion Psychedelia BURLESQUE, [02] Camus Dit Oui • French GROWsutra Tango Accordion Jazz BURLESQUE, [03] Camus Dit Oui • French GROWsutra Ethically Gipsy Burlesque Accordion Indie JAZZ, [04] Camus Dit Oui • French GROWsutra Ethically Gipsy Burlesque Accordion Indie JAZZ, [05] Camus Dit Oui • FLOWsutra (Fly Like Water) Acoustic French Trip Hop Jazz LOFI, [06] Camus Dit Oui • FLOWsutra (Fly Like Water) Acoustic French Trip Hop Jazz LOFI, [07] Camus Dit Oui • French GROWsutra Acoustic Trip Hop LOFI, [08] Camus Dit Oui • FLOWsutra (Fly Like Water) Acoustic French Trip Hop Piano Jazz LOFI, [09] Camus Dit Oui • FLOWsutra (Fly Like Water) Acoustic French Trip Hop LOFI, [10] Camus Dit Oui • FLOWsutra (Fly Like Water) Acoustic French Trip Hop Jazz LOFI, [11] Camus Dit Oui • FLOWsutra (Fly Like Water) French Poetry Bridges the DUB, [12] Camus Dit Oui • French GROWsutra Poetry Bridges the DUB, [13] Camus Dit Oui • FLOWsutra (Fly Like Water) French Poetry Bridges the DUB","2324511053, 2324511056, 2324511020, 2324511026, 2324511044, 2324511023, 2324511029, 2324511041, 2324511050, 2324511038, 2324511032, 2324511047, 2324511035",16796,157,0.934746,0:34:47,https://i1.sndcdn.com/artworks-nqgGqOvzMxeijxJs-6P7vvQ-t500x500.png,https://i1.sndcdn.com/artworks-nqgGqOvzMxeijxJs-6P7vvQ-t1080x1080.png,Camus Dit Oui,L-369,checked,,"13 tracks in 4 genres, and in French, in French, which makes everything better and worse, simultaneously. How absurd is that? Oui oui ;)",Dare: KIND(ness),,,,2026-05-20T21:57:59Z,"BURLESQUEsutra, DUBsutra, DUBsutra (Best Of), FLOWsutra : FLY (like water), FRENCHsutra oui oui · sacrebleu, GROWsutra where we be brave, JAZZsutra, JAZZsutra (Best Of), LOFIsutra"
Can You Play Win Win Games Or No? GROWsutra (Kindness Matters) Dubby Dub Dub EPx6,https://soundcloud.com/bananasutra/sets/can-you-play-win-win-games-or-no-growsutra-dub-epx6,1,,GROWsutra,DUB,DUB,6,"[01] Can You Play Win-Win Games Or No • GROWsutra (Kindness Matters) Dubby Dub Dub BANJO, [02] Can You Play Win-Win Games Or No • GROWsutra (Kindness Matters) Dubby Dub Dub BANJO, [03] Can You Play Win-Win Games Or No • GROWsutra (Kindness Matters) Dubby Dub DUB, [04] Can You Play Win-Win Games Or No • GROWsutra (Kindness Matters) Dubby Dub DUB, [05] Can You Play Win-Win Games Or No • GROWsutra (Kindness Matters) Dubby Dub DUB, [06] Can You Play Win-Win Games Or No • GROWsutra (Kindness Matters) Dubby Dub DUB","2354402357, 2354402363, 2354402360, 2354402366, 2354402369, 2354402372",1133,7,0.617829,0:20:08,https://i1.sndcdn.com/artworks-LXS4HZIEsUbZZwUX-FATSmQ-t500x500.png,https://i1.sndcdn.com/artworks-LXS4HZIEsUbZZwUX-FATSmQ-t1080x1080.png,Can You Play Win-Win Games Or No?,L-338,checked,,"Welcome to the United Win-Win States of bananasutra. Here, you'll learn that whenever you wonder “should I stay or should I go now?”, you just gotta ask “can you play win-win games, or no?” Why? Because the simple answer to that basic question defines the very probability of the clash, always ;)",Dare: KIND(ness),,,,2026-07-06T23:54:42Z,"DUBsutra, FOLKsutra (Best Of), GROWsutra : DARE (to care), GROWsutra where we be brave"
Carnival FOTUS (ctd) EP X3,https://soundcloud.com/bananasutra/sets/carnival-fotus-ctd-ep-x3,1,,QUACKsutra,BURLESQUE,BURLESQUE,3,"Carnival FOTUS #1 - ACCORDIONsutra, Carnival FOTUS #3 - ACCORDIONsutra, Carnival FOTUS #2 - ACCORDIONsutra","1989440647, 1989440655, 1989440651",569,6,1.054482,0:09:27,https://i1.sndcdn.com/artworks-MzAkEow42yD4mCMA-FITGfQ-t500x500.png,https://i1.sndcdn.com/artworks-MzAkEow42yD4mCMA-FITGfQ-t1080x1080.png,Carnival FOTUS (ctd),L-41,checked,,"3 burlesque tracks for the ones who still give a damn. Step right up. The pigs are in suits, the clowns are in congress, Ginsberg and Orwell are in the cheap seats, and the carousel never stops. With a wink to Allen Ginsberg. FOTUS rhymes with anus. Coincidence?",Quack: FOTUS Circus,,,,2024-12-19T03:54:03Z,"BURLESQUEsutra, QUACKsutra : FOTUS Circus, QUACKsutra where we sing FU, SHOWsutra where bananas play"
Cassandra’s Lullaby • KNOWsutra EPx11 World,https://soundcloud.com/bananasutra/sets/cassandras-lullaby,1,,KNOWsutra,"BLUES,BURLESQUE,FOLK,INDIE,JAZZ,MANTRA","BLUES,BURLESQUE,FOLK,INDIE,JAZZ,MANTRA",11,"[01] Cassandra's Lullaby • French Accordion World INDIE JAZZ, [02] Cassandra's Lullaby • French Accordion Burlesque INDIE FOLK, [03] Cassandra's Lullaby • World Reckoning INDIE FOLK, [04] Cassandra's Lullaby • Jewish Jazz INDIE FOLK, [05] Cassandra's Lullaby • Jewish Jazz INDIE FOLK, [06] Cassandra's Lullaby • Jewish World INDIE FOLK, [07] Cassandra's Lullaby • Jewish Jazz World INDIE FOLK, [08] Cassandra's Lullaby • Jewish World INDIE FOLK, [09] Cassandra's Lullaby • Jewish World INDIE BLUES, [10] Cassandra's Lullaby • Jewish Jazz INDIE BLUES, [11] Cassandra's Lullaby • Jewish Drum Indie Jazz MANTRA","2129607405, 2129607408, 2129607399, 2129607393, 2129607396, 2129607411, 2129607402, 2129607390, 2129607387, 2129607384, 2129607414",2646,36,1.360544,0:44:36,https://i1.sndcdn.com/artworks-8MtzAVxPSN3vdqbc-b7c54g-t500x500.png,https://i1.sndcdn.com/artworks-8MtzAVxPSN3vdqbc-b7c54g-t1080x1080.png,Cassandra's Lullaby,L-42,checked,,"11 blues, burlesque, and folk tracks that won't let you look away. She saw it coming (godamnit). Nobody listened. Again (god forbid). Channeling Cassandra, obviously. The peace prayer that won't shut up.",Ask: PEACE (not war),,,,2025-07-14T07:39:44Z,"BLUESsutra, BURLESQUEsutra, FOLKsutra, FOLKsutra (Best Of), HIDDEN PEELS, INDIEsutra, KNOWsutra : PEACE (not War), KNOWsutra where questions matter, MANTRAsutra, MANTRAsutra (Best Of)"
Courage · Care · and Coconuts © GROWsutra EPx4,https://soundcloud.com/bananasutra/sets/courage-care-and-coconuts-growsutra-epx4,1,,GROWsutra,"FOLK,INDIE","FOLK,INDIE",4,"[01] Courage, Care, and Coconuts (Kindness is Clear more than Nice) - LOFIsutra, [02] Courage, Care, and Coconuts (Kindness is Clear more than Nice) - Dreamy Indie FOLKsutra, [03] Courage, Care, and Coconuts - Folk BANJOsutra, [04] Courage, Care, and Coconuts - Folk encore BANJOsutra","2100876345, 2100876342, 2100876339, 2100876348",1035,6,0.579710,0:09:22,https://i1.sndcdn.com/artworks-QE4Tkx0EyHytvlYD-6WhWtA-t500x500.png,https://i1.sndcdn.com/artworks-QE4Tkx0EyHytvlYD-6WhWtA-t1080x1080.png,"Courage, care, and coconuts",L-46,checked,,"4 folk and indie tracks asking questions that sting. Kindness ain't just sweet, it's coconuts. Dare to care. That's the whole thing.",Dare: DARE (to care),,,,2025-05-23T12:12:38Z,"BANJOsutra, FOLKsutra, GROWsutra : DARE (to care), GROWsutra : KIND(ness), GROWsutra where we be brave, INDIEsutra (Best Of), LOFIsutra"
Creepy Con Meme EPX2 • Dicky Ducky DUBsutra,https://soundcloud.com/bananasutra/sets/creepy-con-meme-epx2-dicky-ducky-dubsutra,1,,QUACKsutra,DUB,DUB,2,"Creepy Con Meme • Ducky LOFIsutra, Creepy Con Meme • Dicky DUBsutra","2040185164, 2040185160",652,6,0.920245,0:06:26,https://i1.sndcdn.com/artworks-DywO4KaBtyF8CyML-ToVQ2g-t500x500.png,https://i1.sndcdn.com/artworks-DywO4KaBtyF8CyML-ToVQ2g-t1080x1080.png,Creepy Con Meme,L-48,checked,,2 tracks of circus critique. When the con becomes the meme becomes the president. Dub grooves from end to end. Quack quack. You know who you are.,Quack: DUCK (shady),,,,2025-02-22T21:09:04Z,"DUBsutra, DUBsutra (Best Of), HIDDEN PEELS, LOFIsutra, QUACKsutra : DUCK (shady), QUACKsutra where we sing FU"
CREEPYPASTA (what the hella) ♅ SHOWsutra ♅ EPx23 Side A+B,https://soundcloud.com/bananasutra/sets/creepypasta-what-the-hella-showsutra-epx23-side-ab,1,,SHOWsutra,"BANJO,BURLESQUE,DUB,INDIE,LOFI","BANJO,BURLESQUE,DUB,GIPSY,INDIE,LOFI,PSYCHEDELIC,PUNK,RAGGA",27,"Side A [01] CREEPYPASTA • SHOWsutra Banana Banger BANJO, Side A [02] CREEPYPASTA • SHOWsutra Banana Banger BANJO, Side A [03] CREEPYPASTA • SHOWsutra Booya Bloograss BANJO, Side A [04] CREEPYPASTA • SHOWsutra Hide Yo Pets Bluegrass BANJO, Side A [05] CREEPYPASTA • SHOWsutra Psychedelic Post-Punk Gipsy Chanson BURLESQUE, Side A [06] CREEPYPASTA • SHOWsutra Psychedelic Post-Punk Gipsy Chanson BURLESQUE, Side A [07] CREEPYPASTA • SHOWsutra Psychedelic Post-Punk Gipsy Chanson BURLESQUE, Side A [08] CREEPYPASTA • SHOWsutra Psychedelic Post-Punk Gipsy Chanson BURLESQUE, Side A [09] CREEPYPASTA • SHOWsutra Psychedelic Post-Punk Gipsy Chanson BURLESQUE, Side A [10] CREEPYPASTA • SHOWsutra Psychedelic Post-Punk Gipsy Chanson BURLESQUE, Side A [11] CREEPYPASTA • SHOWsutra Psychedelic Post-Punk Gipsy Chanson BURLESQUE, Side A [12] CREEPYPASTA • SHOWsutra Psychedelic Post-Punk Gipsy Chanson BURLESQUE, Side A [13] CREEPYPASTA • SHOWsutra Psychedelic Post-Punk Gipsy Chanson BURLESQUE, Side B [01] CREEPYPASTA • SHOWsutra Trip Storyteller LOFI, Side B [02] CREEPYPASTA • SHOWsutra Trip Storyteller LOFI, Side B [03] CREEPYPASTA • SHOWsutra Psychedelic Cello Indie LOFI, Side B [04] CREEPYPASTA • SHOWsutra Psychedelic Cello Indie LOFI, Side B [05] CREEPYPASTA • SHOWsutra Psychedelic Indie Cello LOFI, Side B [06] CREEPYPASTA • SHOWsutra Psychedelic Indie Cello LOFI, Side B [07] CREEPYPASTA • SHOWsutra Anonymous DUBSTEP, Side B [08] CREEPYPASTA • SHOWsutra What Shall We Hope For Ragga DUB, Side B [09] CREEPYPASTA • SHOWsutra What Shall We Hope For Ragga DUB, Side B [10] CREEPYPASTA • SHOWsutra Rebound & Rise Ragga LoFi DUB","2195089651, 2195089691, 2195089695, 2195089667, 2195089647, 2195089655, 2195089679, 2195089659, 2195089663, 2195089671, 2195089703, 2195089643, 2195089727, 2195089675, 2195089719, 2195089711, 2195089699, 2195089731, 2195089715, 2195089707, 2195089687, 2195089683, 2195089723",7113,44,0.618586,0:58:50,https://i1.sndcdn.com/artworks-fcCvHghEuNgLNX4y-dpY9Mg-t500x500.png,https://i1.sndcdn.com/artworks-fcCvHghEuNgLNX4y-dpY9Mg-t1080x1080.png,Creepy Pasta (What The Hella),L-49,checked,,"27 banjo, burlesque, and dub tracks steeped in equal parts fury and love. (Creepy) Byte by (creepy) byte, the internet raised us. What the hella. Pass the pasta. Welcome to the Fanana club.",Play: FANANA (party),,,,2025-10-21T08:20:29Z,"BANJOsutra, BLUESsutra (Best Of), BURLESQUEsutra, DUBsutra, INDIEsutra, LOFIsutra, LOFIsutra (Best Of), SHOWsutra : B.J. (is for Banana Jesters), SHOWsutra : FANANA Club, SHOWsutra where bananas play"
CREEPYPASTA (what the hella) ♲ LoFi DUB Edition ♲ SoundCloud is broken REDUX,https://soundcloud.com/bananasutra/sets/creepypasta-what-the-hella-lofi-dub-edition-soundcloud-is-broken-redux,1,,SHOWsutra,"LOFI,DUB","LOFI,DUB",4,"Side B [04] CREEPYPASTA • SHOWsutra Psychedelic Cello Indie LOFI, Side B [08] CREEPYPASTA • SHOWsutra What Shall We Hope For Ragga DUB, Side B [09] CREEPYPASTA • SHOWsutra What Shall We Hope For Ragga DUB, Side B [10] CREEPYPASTA • SHOWsutra Rebound & Rise Ragga LoFi DUB","2195848331, 2195848323, 2195848327, 2195848335",777,5,0.643501,0:11:03,https://i1.sndcdn.com/artworks-fcCvHghEuNgLNX4y-dpY9Mg-t500x500.png,https://i1.sndcdn.com/artworks-fcCvHghEuNgLNX4y-dpY9Mg-t1080x1080.png,Creepy Pasta (What The Hella),L-49,unchecked,,"4 tracks of sacred fooling. (Creepy) Byte by (creepy) byte, the internet raised us. What the hella. Pass the pasta. Served in lo-fi and dub. Welcome to the Fanana club.",Play: FANANA (party),,,,2025-10-21T23:25:45Z,"DUBsutra, SHOWsutra where bananas play"
Creo (La Poesia) ☘ EPx10 VOL.01 ☘ Bananasutra En Español,https://soundcloud.com/bananasutra/sets/creo-la-poesia-epx10-vol01-bananasutra-en-espanol,1,,GLOWsutra,DUB,"DUB,FADO,FLAMENCO,PSYCHEDELIC,RAGGA",10,"[01] Creo (la poesia) - Arabesk Flamenco, [02] Creo (la poesia) - Arabesk Fado, [03] Creo (la poesia) - Contrabass Guitar Classico, [04] Creo - Cello Accordion Psychedelic Circus 1, [05] Creo - Cello Accordion Psychedelic Circus 2, [06] Creo - Muse DUBsutra, [07] Creo - Ragga DUBsutra, [08] Creo - (Fbomb) Hip Dub Hop, [09] Creo - (Fbomb) Hip Dub Hop 2, [10] Creo - Drum MANTRAsutra","2103057639, 2103057624, 2103057633, 2103057636, 2103057648, 2103057627, 2103057630, 2103057651, 2103057645, 2103057642",4997,49,0.980588,0:36:34,https://i1.sndcdn.com/artworks-HYGREko4IUXdrDm0-LliGgA-t500x500.png,https://i1.sndcdn.com/artworks-HYGREko4IUXdrDm0-LliGgA-t1080x1080.png,Creo (La Poesia),L-51,checked,,"10 dub tracks disguised as music. In Spanish, for someone who deserved it. Creo en la poesía: the one language that needs no translation. En español, con alma. Poetry as essential infrastructure.",Bless: POET(ry),,,,2025-05-27T13:06:36Z,"BURLESQUEsutra (Best Of), DUBsutra, DUBsutra (Best Of), GLOWsutra : POET(ry), GLOWsutra where gratitude feeds, INDIEsutra (Best Of), MANTRAsutra, WORLDsutra : SPAN(k)ish"
Crimina/els EP,https://soundcloud.com/bananasutra/sets/crimina-els-ep,1,,BLOWsutra,"BLUES,JAZZ","BLUES,CABARET,GIPSY,JAZZ",3,"Criminals • Gipsy emoPunk Blues Cabaret Chanson • Bananasutra(BLOW), Crrriminals (v2) • emoPunkRock Jazz Cabaret Chanson • Bananasutra(BLOW), Criminels • C’est la vie haha • Bananasutra(FRENCH)","1937147408, 1937165711, 1939716146",567,6,1.058201,0:06:59,https://i1.sndcdn.com/artworks-N2bJW7Tqp3S7Ldn6-PMk8kA-t500x500.jpg,https://i1.sndcdn.com/artworks-N2bJW7Tqp3S7Ldn6-PMk8kA-t1080x1080.jpg,,"L-52,L-394,L-53",checked,,"3 tracks of truth with teeth. When the rules shift, who decides who the criminal is? Inspired by John Lennon. Bertrand would approve. Probably.","Speak: APES (gone wrong),EP: Criminals · EP: Criminals,Ask: BERTRAND (knows) · Speak: APES (gone wrong),EP: Criminals,World: FRENCHsutra",,,,2024-11-19T17:54:22Z,"BLOWsutra, BLOWsutra : APES (gone wrong), BURLESQUEsutra, FOLKsutra, FRENCHsutra oui oui · sacrebleu, OUI OUI : Pardon (my French), SINGLEsutra Exclusive SoundCloud (woo)"
Criminals • KNOWsutra (Bertrand Edition) EPx15 Vol. 04,https://soundcloud.com/bananasutra/sets/criminals-knowsutra-bertrand-edition-epx15-vol4,4,,KNOWsutra,INDIE,INDIE,15,"[01] Criminals (Bertrand Edition) • KNOWsutra Indie Piano JAZZ, [02] Criminals (Bertrand Edition) • KNOWsutra Psychedelick Destiny BLUES, [03] Criminals (Bertrand Edition) • KNOWsutra Psychedelick Acoustic Guitar Trip Hop LOFI, [04] Criminals (Bertrand Edition) • KNOWsutra Psychedelick Cello Indie LOFI, [05] Criminals (Bertrand Edition) • KNOWsutra Psychedelick Storyteller LOFI, [06] Criminals (Bertrand Edition) • KNOWsutra Psychedelick Tzigane Trip Hop Fusion LOFI, [07] Criminals (Bertrand Edition) • KNOWsutra Psychedelick Arabesk Hop Cabaret LOFI, [08] Criminals (Bertrand Edition) • KNOWsutra Psychedelick Gipsy Arabesk Hop LOFI, [09] Criminals (Bertrand Edition) • KNOWsutra Psychedelick Gipsy Arabesk Hop LOFI, [10] Criminals (Bertrand Edition) • KNOWsutra Psychedelick Gipsy Fado Techno INDIE, [11] Criminals (Bertrand Edition) • KNOWsutra Psychedelick Gipsy Fado Techno INDIE, [12] Criminals (Bertrand Edition) • KNOWsutra Psychedelick Gipsy Fado Techno INDIE, [13] Criminals (Bertrand Edition) • KNOWsutra Psychedelick Gipsy Fado Techno INDIE, [14] Criminals (Bertrand Edition) • KNOWsutra Psychedelick Gipsy Fado Techno INDIE, [15] Criminals (Bertrand Edition) • KNOWsutra Psychedelick Gipsy Fado Techno INDIE","2360644706, 2360644703, 2360644697, 2360644700, 2360644709, 2360644724, 2360644727, 2360644712, 2360644736, 2360644733, 2360644730, 2360644721, 2360644715, 2360644718, 2360644739",6077,69,1.135429,0:45:35,https://i1.sndcdn.com/artworks-lFuzd52OxT1664cP-xVlSiw-t500x500.jpg,https://i1.sndcdn.com/artworks-lFuzd52OxT1664cP-xVlSiw-t1080x1080.jpg,Criminals (Bertrand Edition),L-394,checked,,"""People seem good while they are oppressed, but they only wish to become oppressors in their turn: life is nothing but a competition to be the #criminal rather than the victim.”—Bertrand Russel",Ask: BERTRAND (knows),,,,2026-07-14T18:59:32Z,"BLUESsutra, JAZZsutra, KNOWsutra where questions matter, LOFIsutra"
Curious Like A Kiss • FLOWsutra Cheeky Duende EPx11,https://soundcloud.com/bananasutra/sets/curious-like-a-kiss-flowsutra-epx11,1,,FLOWsutra,"BURLESQUE,DUB,INDIE,LOFI","BURLESQUE,DUB,FLAMENCO,GIPSY,INDIE,LOFI",11,"[01] Curious Like A Kiss • FLOWsutra Fun French Fanana BURLESQUE, [02] Curious Like A Kiss • FLOWsutra Oh Boy Piano Waltz BURLESQUE, [03] Curious Like A Kiss • FLOWsutra La Poesita Flamenco Duende Dub INDIE, [04] Curious Like A Kiss • FLOWsutra La Poesita Flamenco Duende Dub INDIE, [05] Curious Like A Kiss • FLOWsutra La Poesita Flamenco Duende Dub INDIE, [06] Curious Like A Kiss • FLOWsutra La Poesita Flamenco Duende Dub INDIE, [07] Curious Like A Kiss • FLOWsutra Cheeky Duende Gipsy Fusion LOFI, [08] Curious Like A Kiss • FLOWsutra Cheeky Duende Gipsy Fusion LOFI, [09] Curious Like A Kiss • FLOWsutra Cheeky Duende Arabesk Dub LOFI, [10] Curious Like A Kiss • FLOWsutra Cheeky Duende Arabesk Dub LOFI, [11] Curious Like A Kiss • FLOWsutra Miss Cheeky Classic DUB","2281916123, 2281916132, 2281916144, 2281916138, 2281916150, 2281916126, 2281916147, 2281916129, 2281916153, 2281916135, 2281916141",9073,72,0.793563,0:34:05,https://i1.sndcdn.com/artworks-zbyI4lbDpbvjrsBi-cszDDA-t500x500.png,https://i1.sndcdn.com/artworks-zbyI4lbDpbvjrsBi-cszDDA-t1080x1080.png,Curious Like A Kiss,L-54,checked,,"11 tracks of tender awe. Consensual curiosity as connection. Sensual wit as rhythm. Radical honesty as the ultimate kink. The sound: burlesque, dub, and indie. Resonated: 8k plays and 63 likes so far. Where trust gets tender.",Trust: WET (my friend),,,,2026-03-11T18:25:44Z,"BURLESQUEsutra, FLOWsutra : WET (my friend), FLOWsutra where time is space, HIDDEN PEELS, INDIEsutra, INDIEsutra (Best Of), JAZZsutra, JAZZsutra (Best Of), LOFIsutra, LOFIsutra (Best Of)"
Daddy's a Creep ⚞  P3d0 T-Shirts ON SALE ⚟ BLOWsutra EPx4,https://soundcloud.com/bananasutra/sets/daddys-a-creep-p3d0-t-shirts-on-sale-blowsutra-epx4,1,,BLOWsutra,"BLUES,BURLESQUE,JAZZ,LOFI","BLUES,BURLESQUE,JAZZ,LOFI",4,"Daddy’s Shirt - Murican FOTUS CIRCUS BLUES, Daddy’s Shirt - FOTUS CIRCUS Oh Boy BURLESQUE, Daddy’s Shirt - FOTUS CIRCUS Oh Boy BURLESQUE, Daddy’s Shirt - FOTUS CIRCUS Arabesk Jazz LOFI","2125641621, 2125641627, 2125641630, 2125641624",788,5,0.634518,0:10:36,https://i1.sndcdn.com/artworks-fryyTDM2WyR2DKBA-QI4BwQ-t500x500.png,https://i1.sndcdn.com/artworks-fryyTDM2WyR2DKBA-QI4BwQ-t1080x1080.png,Daddy's a Creep,L-56,checked,,"4 blues, burlesque, and jazz tracks built on nerve and a prayer. Not from the heart. More like a please-pardon-my-puke, for the historical record. Quack quack. You know who you are.",Quack: DUCK (shady),,,,2025-07-06T22:28:20Z,"BLUESsutra, BURLESQUEsutra, FOTUS CIRCUS Playlist An American Freaks Show, MANTRAsutra, QUACKsutra : FOTUS Circus, QUACKsutra where we sing FU"
Darling EP,https://soundcloud.com/bananasutra/sets/arthur-darling,1,,BOWsutra,INDIE,INDIE,4,"#1 Darling - JAZZsutra, #2 Darling - JAZZsutra, #3 Darling - JAZZsutra, #4 Darling - JAZZsutra","1963060247, 1963060251, 1963060255, 1963060259",1567,22,1.403957,0:13:47,https://i1.sndcdn.com/artworks-sm0RyWK8U9ogWbAR-vvmBLg-t500x500.png,https://i1.sndcdn.com/artworks-sm0RyWK8U9ogWbAR-vvmBLg-t1080x1080.png,Darling,L-57,checked,,"A quick 13-minute burst of beauty that bleeds, across 4 tracks. For the ones we loved (and probably didn't love enough) while we had them. The sound: indie. Death is nothing at all. Love is everything.",Bow: Death (is nothing),,,,2024-11-20T21:30:57Z,"BOWsutra : DEATH (is nothing), BOWsutra the last of 7 sutras · it's divine <3, FOLKsutra (Best Of), INDIEsutra, JAZZsutra, MANTRAsutra"
DEFY (Vol 2) - 3 Songs EPx6 - BLOWsutra Revolution Ring LoFi Jazz Fusion,https://soundcloud.com/bananasutra/sets/defy-vol-2-3-songs-epx6-blowsutra-revolution-ring-lofi-jazz-fusion,2,,BLOWsutra,"BURLESQUE,JAZZ,LOFI","BURLESQUE,JAZZ,LOFI,PSYCHEDELIC,TRIP HOP",7,"Side A [01] Shameless - DEFY EP Vol 2 - BLOWsutra Revolution Ring Psychedelic Piano Burlesque JAZZ, Side A [02] Optics of Cruelty - DEFY EP Vol 2 - BLOWsutra Revolution Ring Psychedelic Piano Burlesque JAZZ, Side A [03] Universal Currency - DEFY EP Vol 2 - BLOWsutra Revolution Ring Psychedelic Piano Burlesque JAZZ, Side B [01] Shameless - DEFY EP Vol 2 - BLOWsutra Revolution Ring Psychedelic Trip Hop(e) LOFI, Side B [02] Optics of Cruelty - DEFY EP Vol 2 - BLOWsutra Revolution Ring Psychedelic Trip Hop(e) LOFI, Side B [03] Universal Currency - DEFY EP Vol 2 - BLOWsutra Revolution Ring Psychedelic Trip Hop(e) LOFI, [BONUS] Shameless - DEFY EP Vol 2 - BLOWsutra Revolution Ring Psychedelic Piano Jazz BURLESQUE","2243652788, 2243652791, 2243652794, 2243652800, 2243652803, 2243652797, 2243652806",7848,52,0.662589,0:19:37,https://i1.sndcdn.com/artworks-ZOzjbG3qBNgMzOWS-9LnxjQ-t500x500.png,https://i1.sndcdn.com/artworks-ZOzjbG3qBNgMzOWS-9LnxjQ-t1080x1080.png,,"L-219,L-275,L-177",checked,,"7 tracks of righteous fury. They used to hide the cruelty. Now it's front row seats. Served in burlesque, jazz, and lo-fi. This is Vol. 2—the saga deepens. Revolution as a daily practice.","Speak: REVOLT (now),EP: DEFY",,,,2026-01-08T07:26:18Z,"BLOWsutra, BLOWsutra : REVOLT (now), BURLESQUEsutra, BURLESQUEsutra (Best Of), HIDDEN PEELS, JAZZsutra, JAZZsutra (Best Of), LOFIsutra, LOFIsutra (Best Of)"
DEFY ✰ 3 Songs EPx7 ✰ BLOWsutra Jazzy Folk Lo-Fi BLUES,https://soundcloud.com/bananasutra/sets/defy-3-songs-epx7-blowsutra-jazzy-folk-lo-fi-blues,1,,BLOWsutra,"BLUES,FOLK,JAZZ,LOFI","BLUES,FOLK,JAZZ,LOFI,TRIP HOP",7,"[01] DEFY (Song 1) • Shameless • KNOWsutra BLUES, [02] DEFY (Song 1) • Shameless • KNOWsutra BLUES, [03] DEFY (Song 2) • Optics of Cruelty • BLOWsutra JAZZ LOFI, [04] DEFY (Song 2) • Optics of Cruelty • BLOWsutra Trip Hop LOFI, [05] DEFY (Song 2) • Optics of Cruelty • BLOWsutra Jazzy Trip Hop LOFI, [06] DEFY (Song 3) Universal Currency • FOLK, [07] DEFY (Song 3) Universal Currency • Destiny BLUES","2136297270, 2136297273, 2136297264, 2136297267, 2136297276, 2136297261, 2136297258",1607,12,0.746733,0:21:43,https://i1.sndcdn.com/artworks-YZdPzrWX9SlHjJ6q-GKzInQ-t500x500.png,https://i1.sndcdn.com/artworks-YZdPzrWX9SlHjJ6q-GKzInQ-t1080x1080.png,,"L-219,L-275,L-177",checked,,"A 7-track dark bloom that names the war nobody wants to name. They used to hide the cruelty. Now it's front row seats. Served in blues, folk, and jazz. Revolution as a daily practice.","Speak: REVOLT (now),EP: DEFY",,,,2025-07-25T09:45:48Z,"BLOWsutra, BLOWsutra : REVOLT (now), BLUESsutra, HIDDEN PEELS, JAZZsutra (Best Of), LOFIsutra, LOFIsutra (Best Of)"
Do Panic Now ✝ GROWsutra EPx13,https://soundcloud.com/bananasutra/sets/do-panic-now-growsutra-epx13,1,,GROWsutra,"DUB,FOLK,INDIE,JAZZ,LOFI,MANTRA","DUB,FOLK,GIPSY,INDIE,JAZZ,LOFI,MANTRA,RAGGA",13,"[01] DO PANIC NOW - Murica Galaxy Rule Number 1 - Sweet FOLK, [02] DO PANIC NOW - Murica Galaxy Rule Number 1 - Cello Folk INDIE, [03] DO PANIC NOW - Murica Galaxy Rule Number 1 - Bass Jazz INDIE, [04] DO PANIC NOW - Murica Galaxy Rule Number 1 - Bass JAZZ, [05] DO PANIC NOW - Murica Galaxy Rule Number 1 - Cello JAZZ, [06] DO PANIC NOW - Murica Galaxy Rule Number 1 - Gipsy LOFI, [07] DO PANIC NOW - 42 Flavors of Fools - Murica Galaxy Rule Number 1 - Indie LOFI, [08] DO PANIC NOW - DO PANIC NOW - 42 Flavors of Fools - Murica Galaxy Rule Number 1 - psyLOFI, [09] DO PANIC NOW - Murica Galaxy Rule Number 1 - Jazz Hop LOFI, [10] DO PANIC NOW - Murica Galaxy Rule Number 1 - DUB, [11] DO PANIC NOW - Murica Galaxy Rule Number 1 - DUB, [12] DO PANIC NOW - Murica Galaxy Rule Number 1 - Ragga DUB, [13] DO PANIC NOW - Murica Galaxy Rule Number 1 - psyLOFI MANTRA","2121403059, 2121403056, 2121403062, 2121403068, 2121403053, 2121403065, 2121403086, 2121403083, 2121403074, 2121403071, 2121403077, 2121403080, 2121403089",2567,18,0.701208,0:35:43,https://i1.sndcdn.com/artworks-BsO5CMcHbZ0M93kT-isQTpA-t500x500.png,https://i1.sndcdn.com/artworks-BsO5CMcHbZ0M93kT-isQTpA-t1080x1080.png,Do Panic Now,L-61,checked,,"A 13-track shadow-walk that wears the fool's crown with pride. ""Don't Panic"" is no longer adequate advice. Space satire gospel for the glitter-turd king era, filtered through Hitchhiker's Guide and a towel that won't save you. Served in dub, folk, and indie. Revolution as a daily practice.",Speak: REVOLT (now),,,,2025-06-29T05:49:05Z,"BLOWsutra : REVOLT (now), DUBsutra, FOLKsutra, FOLKsutra (Best Of), HIDDEN PEELS, INDIEsutra, JAZZsutra, LOFIsutra, MANTRAsutra"
Donkeys Years - SHOWsutra Fanana Club Gratitude EPx20,https://soundcloud.com/bananasutra/sets/donkeys-years-showsutra-fanana-club-gratitude-epx20,1,,GLOWsutra,"BURLESQUE,DUB,INDIE,JAZZ,LOFI,ROCK","BURLESQUE,CABARET,DUB,FLAMENCO,GIPSY,INDIE,JAZZ,LOFI,PSYCHEDELIC,RAGGA,ROCK",20,"Side A [01] Donkeys Years • SHOWsutra Fanana Club Gipsy Flamenco Cabaret Dub INDIE, Side A [02] Donkeys Years • SHOWsutra Fanana Club Gipsy La Poesita Cabaret Dub INDIE, Side A [03] Donkeys Years • SHOWsutra Fanana Club Gipsy La Poesita Cabaret Dub INDIE, Side A [04] Donkeys Years • SHOWsutra Fanana Club Gipsy La Poesita Cabaret Dub INDIE, Side A [05] Donkeys Years • SHOWsutra Fanana Club Gipsy Cabaret Indie LOFI, Side A [06] Donkeys Years • SHOWsutra Fanana Club Gipsy Cabaret Indie LOFI, Side A [07] Donkeys Years • SHOWsutra Fanana Club Gipsy Cabaret Indie LOFI, Side A [08] Donkeys Years • SHOWsutra Fanana Club Gipsy Cabaret Indie Cello LOFI, Side A [09] Donkeys Years • SHOWsutra Fanana Club Gipsy Cabaret Indie Cello LOFI, Side B [10] Donkeys Years • SHOWsutra Fanana Club Gipsy She Wanna Know Upright Indie Bass JAZZ, Side B [11] Donkeys Years • SHOWsutra Fanana Club Gipsy Cabaret Indie Piano Bass JAZZ, Side B [12] Donkeys Years • SHOWsutra Fanana Club Gipsy Cabaret Indie Piano Bass JAZZ, Side B [13] Donkeys Years • SHOWsutra Fanana Club Gipsy Piano Kitten Cabaret Burlesque JAZZ, Side B [14] Donkeys Years • SHOWsutra Fanana Club Gipsy Piano Kitten Cabaret Burlesque JAZZ, Side B [15] Donkeys Years • SHOWsutra Fanana Club Gipsy Cabaret Piano Bass BURLESQUE, Side B [16] Donkeys Years • SHOWsutra Fanana Club Psychedelic Gipsy IBYN Cabaret Rock BURLESQUE, Side B [17] Donkeys Years • SHOWsutra Fanana Club Psychedelic Gipsy IBYN Cabaret Rock BURLESQUE, Side B [18] Donkeys Years • SHOWsutra Fanana Club Gipsy Oh Boy Accordion Circus Waltz BURLESQUE, Side B [19] Donkeys Years • SHOWsutra Fanana Club Gipsy Oh Boy Accordion Circus Waltz BURLESQUE, BONUS [20] Donkeys Years • SHOWsutra Fanana Club Gipsy Cabaret Ragga Mama Dub DUB","2226413237, 2226413270, 2226413258, 2226413231, 2226413228, 2226413252, 2226413234, 2226413261, 2226413243, 2226413273, 2226413279, 2226413246, 2226413225, 2226413255, 2226413285, 2226413276, 2226413240, 2226413264, 2226413249, 2226413267",11179,101,0.903480,0:59:12,https://i1.sndcdn.com/artworks-09nrbUudNilo3UyQ-Qz1LzA-t500x500.png,https://i1.sndcdn.com/artworks-09nrbUudNilo3UyQ-Qz1LzA-t1080x1080.png,Donkeys Years,L-63,checked,,"A 20-track glow-up that takes nothing seriously except joy. Donkeys' years of dancing. Sure worth celebrating. Burlesque, dub, and indie grooves from end to end. One of the heavier hitters: 10k+ plays. A rainbow in someone's cloud.",Bless: RAINBOWS (in my clouds),,,,2025-12-09T00:16:35Z,"BURLESQUEsutra, BURLESQUEsutra (Best Of), DUBsutra (Best Of), GLOWsutra : RAINBOWS (in my clouds), INDIEsutra, JAZZsutra, JAZZsutra (Best Of), LOFIsutra, LOFIsutra (Best Of), SHOWsutra : FANANA Club, SHOWsutra where bananas play"
Double Standards EPx3 VOL. 1 • BURLESQUEsutra,https://soundcloud.com/bananasutra/sets/double-standards-epx3-burlesquesutra,1,,GROWsutra,BURLESQUE,BURLESQUE,3,"Double (decking) Standards VOL. 1 • BURLESQUEsutra, Double (decking) Standards VOL. 1 • DUBsutra, Double (decking) Standards VOL. 1 • Piano BURLESQUEsutra","2015172463, 2015172447, 2015172423",628,10,1.592357,0:09:59,https://i1.sndcdn.com/artworks-EbCkPt5OXsQDVEWJ-qwqVYw-t500x500.jpg,https://i1.sndcdn.com/artworks-EbCkPt5OXsQDVEWJ-qwqVYw-t1080x1080.jpg,Double Standards,L-64,checked,,"A quick 9-minute burst of narcissism on parade, across 3 tracks. They censor skin but cradle sin. Guns in, truth locked out. Why can't we be brave? A waltz-question that won't age. Jacques Brel walked in and stayed. Dare to care. That's the whole thing.",Dare: DARE (to care),,,,2025-01-22T09:24:33Z,"BLOWsutra, BLOWsutra : APES (gone wrong), BURLESQUEsutra, DUBsutra, DUBsutra (Best Of), GROWsutra : DARE (to care), JAZZsutra, KNOWsutra where questions matter"
Double Standards EPx4 VOL. 2 ★ BLOWsutra LOFI,https://soundcloud.com/bananasutra/sets/double-standards-ep-4-vol-2,2,,BLOWsutra,"FOLK,LOFI","FOLK,LOFI",4,"[1] Double Standards (why we can't be brave) • VOL. 2 • LOFI FOLK, [2] Double Standards (in a world of unspoken lies) • VOL. 2 • LOFI FOLKsutra, [3] Double Standards (in a world of unspoken lies) • VOL. 2 • Bass LOFIsutra, [4] Double Standards (in a world of shadows) • VOL. 2 • Acapela MANTRAsutra","2068916268, 2068916276, 2068916272, 2068916280",769,4,0.520156,0:12:16,https://i1.sndcdn.com/artworks-CzCzt9mTlZWzjTqp-8FLR4g-t500x500.png,https://i1.sndcdn.com/artworks-CzCzt9mTlZWzjTqp-8FLR4g-t1080x1080.png,Double Standards,L-64,checked,,"A 4-track shadow-walk that dares you to show up. They censor skin but cradle sin. Guns in, truth locked out. Why can't we be brave? A waltz-question that won't age. Channeling Jacques Brel, obviously. This is Vol. 2—the saga deepens. Dare to care. That's the whole thing.",Dare: DARE (to care),,,,2025-04-02T05:42:54Z,"FOLKsutra, GROWsutra : DARE (to care), GROWsutra where we be brave, JAZZsutra, MANTRAsutra"
Dressed in (nothing butt) Wonder ★ Exxxplore and Play (EP) x16 Bananas,https://soundcloud.com/bananasutra/sets/dressed-in-nothing-butt-wonder-exxxplore-and-play-ep-x16-bananas,1,,SHOWsutra,"BURLESQUE,DUB,FOLK","BURLESQUE,DUB,FOLK,RAGGA",16,"[01] Dressed in Wonder • psyBLUES BANJOsutra, [02] In my wonderland ooh la la • psyQueen of Authentic • BANJOsutra, [03] Call it Wonderland • Destiny's BLUESsutra, [04] Wonderland •  contraBASS JAZZsutra, [05] Tell 'Em Now, Cha Cha Cha • contraBASS JAZZsutra, [06] Dolled Up Hon Ragga Cha Cha • Rebound DUBsutra, [07] Queen if Heart Dressed in Wonder • Miss Cheeky Dub JAZZsutra, [08] Dressed in Wonder • Miss Cheeky Jazzy FOLKsutra, [09] Dressed for Wonder Ooh la la • Cheeky FOLKsutra, [10] Dressed in Wonder Ooh La La • Plucky FOLKsutra, [11] I'm just a dreamer, dear • Destiny BLUESsutra, [12] That Je Ne Sais Quoi • Acapela Folk BLUESsutra, [13] Red Tutu POV • Chachacha Burlesque BLUESsutra, [14] Dressed to Tango • Accordion BURLESQUEsutra, [15] Oh My Cha Cha Cha • Accordion BURLESQUEsutra, [16] Life is a costume party • Circus BURLESQUEsutra","2072424940, 2072424920, 2072424912, 2072424928, 2072424968, 2072424916, 2072424964, 2072424956, 2072424932, 2072424960, 2072424924, 2072424948, 2072424944, 2072424936, 2072424952, 2072424972",3269,35,1.070664,0:48:15,https://i1.sndcdn.com/artworks-1DyhYd51j78cqPch-AJYylQ-t500x500.png,https://i1.sndcdn.com/artworks-1DyhYd51j78cqPch-AJYylQ-t1080x1080.png,Dressed In (Nothing Butt) Wonder,L-65,checked,,"16 tracks of gleeful absurdity. Tutus, feathers, velvet, ribbons. Dressed for nobody but(t) the awe & wonder of it. Carroll Lewis walked in and stayed. Welcome to the Fanana club.",Play: FANANA (party),,,,2025-04-06T22:50:17Z,"BANJOsutra, BLUESsutra, BLUESsutra (Best Of), BURLESQUEsutra (Best Of), HIDDEN PEELS, SHOWsutra : FANANA Club, SHOWsutra where bananas play"
Drop Di Baggage • FLOWsutra (Fly Like Water) Psychedelick Ragga Mama Ambient DUB EPx7,https://soundcloud.com/bananasutra/sets/drop-di-baggage-flowsutra-ambient-dub-epx7,1,,FLOWsutra,DUB,DUB,7,"[01] Drop Di Baggage • FLOWsutra (Fly Like Water) Psychedelick Ragga Banjo Mama Ambient DUB, [02] Drop Di Baggage • FLOWsutra (Fly Like Water) Psychedelick Ragga Banjo Mama Ambient DUB, [03] Drop Di Baggage • FLOWsutra (Fly Like Water) Psychedelick Ragga Banjo Mama Ambient DUB, [04] Drop Di Baggage • FLOWsutra (Fly Like Water) Psychedelick Ragga Banjo Mama Ambient DUB, [05] Drop Di Baggage • FLOWsutra (Fly Like Water) Psychedelick Ragga Banjo Mama Ambient DUB, [06] Drop Di Baggage • FLOWsutra (Fly Like Water) Psychedelick Ragga Mama Muse DUB, [07] Drop Di Baggage • FLOWsutra (Fly Like Water) Psychedelick Ragga Mama Muse DUB","2345230601, 2345230604, 2345230595, 2345230607, 2345230592, 2345230589, 2345230598",10854,105,0.967385,0:27:56,https://i1.sndcdn.com/artworks-uv6WAjTchmbHEbgA-BEb2PA-t500x500.png,https://i1.sndcdn.com/artworks-uv6WAjTchmbHEbgA-BEb2PA-t1080x1080.png,Drop Di Baggage,L-397,checked,,"Blessed be dub, and psychedelic wisdom in  cloud 7.",Trust: FLY (like water),,,,2026-06-24T09:44:34Z,"DUBsutra, DUBsutra (Best Of), FLOWsutra : FLY (like water), FLOWsutra where time is space"
Dump Trump EPx4 🪦 BLOWsutra Burlesque ROCK,https://soundcloud.com/bananasutra/sets/dump-trump-epx4-blowsutra-burlesque-rock,1,,BLOWsutra,"BURLESQUE,LOFI,MANTRA,ROCK","BURLESQUE,LOFI,MANTRA,PUNK,ROCK",4,"[01] Dump Trump - QUACKsutra Burlesque Punk ROCK, [02] Dump Trump - QUACKsutra Burlesque Punk ROCK, [03] Dump Trump - QUACKsutra Burlesque Punk ROCK, [04] Dump Trump - QUACKsutra Drum LoFi MANTRA","2164995600, 2164995597, 2164995603, 2164995594",723,5,0.691563,0:12:41,https://i1.sndcdn.com/artworks-j9D9XVaWNRVgQ3WS-Ns1zng-t500x500.png,https://i1.sndcdn.com/artworks-j9D9XVaWNRVgQ3WS-Ns1zng-t1080x1080.png,Dump Trump,L-66,checked,,"4 burlesque, lo-fi, and mantra tracks for the ones who still give a damn. No metaphors were harmed in the making of this song (an adaptation of Smack Jack, by Nina Hagen) Nina Hagen walked in and stayed. Quack quack. You know who you are.",Quack: DUCK (shady),,,,2025-09-04T20:33:23Z,"LOFIsutra, QUACKsutra : DUCK (shady), QUACKsutra where we sing FU, ROCKsutra"
Easy (Death Is Nothing At All) ❣ BOWsutra EPx9,https://soundcloud.com/bananasutra/sets/easy-death-is-nothing-at-all-bowsutra-epx9,1,,BOWsutra,"BANJO,BLUES,DUB,INDIE","BANJO,BLUES,DUB,INDIE",9,"[01] Easy (Death Is Nothing At All) • BOWsutra Weary Banjo Mama BLUES, [02] Easy (Death Is Nothing At All) • BOWsutra Kindness is in the Depth Dubby BLUES, [03] Easy (Death Is Nothing At All) • BOWsutra Kindness is in the Depth Dubby BLUES, [04] Easy (Death Is Nothing At All) • BOWsutra Poetry is the Bridge Indie DUB, [05] Easy (Death Is Nothing At All) • BOWsutra Poetry is the Bridge Indie DUB, [06] Easy (Death Is Nothing At All) • BOWsutra Poetry is the Bridge Indie DUB, [07] Easy (Death Is Nothing At All) • BOWsutra La Poesita Peace DUB INDIE, [08] Easy (Death Is Nothing At All) • BOWsutra La Poesita Peace DUB INDIE, [09] Easy (Death Is Nothing At All) • BOWsutra Mama-b-c Cello INDIE","2177269572, 2177269560, 2177269551, 2177269566, 2177269557, 2177269575, 2177269569, 2177269563, 2177269554",2118,25,1.180359,0:32:39,https://i1.sndcdn.com/artworks-bzZBqdfk2aR7Mc8I-ba7MdA-t500x500.png,https://i1.sndcdn.com/artworks-bzZBqdfk2aR7Mc8I-ba7MdA-t1080x1080.png,Easy (Death Is Nothing At All),L-67,checked,,"A solid half-hour of beauty that bleeds, across 9 tracks. Death is nothing at all. Henry Scott Holland said so. Breathe easy, mon chéri. With a wink to Henry Scott Holland.",Bow: Death (is nothing),,,,2025-09-26T19:38:22Z,"BLUESsutra, BLUESsutra (Best Of), BOWsutra : DEATH (is nothing), BOWsutra the last of 7 sutras · it's divine <3, DUBsutra, DUBsutra (Best Of), HIDDEN PEELS, INDIEsutra"
Ego Ain't Your Amigo • Vol. 2 · EPx21 • BLOWsutra (Ego Gone Loco)  Dub LoFi Burlesque,https://soundcloud.com/bananasutra/sets/ego-aint-your-amigo-vol2-epx21-blowsutra-dub-lofi,2,,BLOWsutra,"BLUES,BURLESQUE,DUB,FOLK,INDIE,JAZZ,LOFI,ROCK","BLUES,BURLESQUE,DUB,FLAMENCO,FOLK,GIPSY,HIP HOP,INDIE,JAZZ,LOFI,PSYCHEDELIC,PUNK,ROCK",21,"[01] Ego Ain't Your Amigo • BLOWsutra (Ego Gone Loco) La Poesita Psychedelic Indie Flamenco DUB, [02] Ego Ain't Your Amigo • BLOWsutra (Ego Gone Loco) La Poesita Psychedelic Indie Flamenco DUB, [03] Ego Ain't Your Amigo • BLOWsutra (Ego Gone Loco) La Poesita Psychedelic Indie Flamenco DUB, [04] Ego Ain't Your Amigo • BLOWsutra (Ego Gone Loco) Psychedelic Bridge Poetry Folk DUB, [05] Ego Ain't Your Amigo • BLOWsutra (Ego Gone Loco) Psychedelic Bridge Poetry Folk DUB, [06] Ego Ain't Your Amigo • BLOWsutra (Ego Gone Loco) Psychedelic Bridge Poetry Folk DUB, [07] Ego Ain't Your Amigo • BLOWsutra (Ego Gone Loco) Psychedelic Bridge Poetry Folk DUB, [08] Ego Ain't Your Amigo • BLOWsutra (Ego Gone Loco) She Wanna Know Psychedelic Jazz Fusion DUB, [09] Ego Ain't Your Amigo • BLOWsutra (Ego Gone Loco) She Wanna Know Psychedelic Jazz Fusion DUB, [10] Ego Ain't Your Amigo • BLOWsutra (Ego Gone Loco) She Wanna Know Psychedelic Jazz Fusion DUB, [11] Ego Ain't Your Amigo • BLOWsutra (Ego Gone Loco) Bruh Dubby Psychedelic Hip Hop Dub LOFI, [12] Ego Ain't Your Amigo • BLOWsutra (Ego Gone Loco) Psychedelic Cello Burlesque Jazz LOFI, [13] Ego Ain't Your Amigo • BLOWsutra (Ego Gone Loco) Psychedelic Cello Burlesque Jazz LOFI, [14] Ego Ain't Your Amigo • BLOWsutra (Ego Gone Loco) Psychedelic Gipsy Indie Jazz Fusion LOFI, [15] Ego Ain't Your Amigo • BLOWsutra (Ego Gone Loco) Psychedelic Gipsy Indie Jazz Fusion LOFI, [16] Ego Ain't Your Amigo • BLOWsutra (Ego Gone Loco) Psychedelic Gipsy Indie Jazz Fusion LOFI, [17] Ego Ain't Your Amigo • BLOWsutra (Ego Gone Loco) Psychedelic Gipsy Indie Jazz Fusion LOFI, [18] Ego Ain't Your Amigo • BLOWsutra (Ego Gone Loco) Post-Punk Psychedelic IBYN Rock BURLESQUE, [19] Ego Ain't Your Amigo • BLOWsutra (Ego Gone Loco) Post-Punk Psychedelic IBYN Rock BURLESQUE, [20] Ego Ain't Your Amigo • BLOWsutra (Ego Gone Loco) Post-Punk Psychedelic IBYN Rock BURLESQUE, [21] Ego Ain't Your Amigo • BLOWsutra (Ego Gone Loco) Queen of Authentic Dubby Psychedelic Folk BLUES","2271618407, 2271618413, 2271618401, 2271618395, 2271618437, 2271618449, 2271618422, 2271618443, 2271618431, 2271618440, 2271618410, 2271618404, 2271618398, 2271618416, 2271618389, 2271618392, 2271618425, 2271618434, 2271618446, 2271618419, 2271618428",30790,321,1.042546,1:24:25,https://i1.sndcdn.com/artworks-qfOVhmHG1WJJqjc9-k1w2VA-t500x500.png,https://i1.sndcdn.com/artworks-qfOVhmHG1WJJqjc9-k1w2VA-t1080x1080.png,Ego Ain't Your Amigo,L-68,checked,checked,"Twenty-one tracks of ego on parade, built around the line ""ego ain't your amigo."" Midway through, the song asks the sutra questions back at us: ""Is it true? Is it fair? Is it fun? Are we free, or just numb, marchin' to a drum?"" Gipsy dub gives way to psychedelic lo-fi, burlesque punk, and Americana blues. The gateway in.",Speak: EGO (gone loco),,,,2026-02-23T04:45:48Z,"BLOWsutra, BLOWsutra : EGO (gone loco), BLUESsutra, BLUESsutra (Best Of), BURLESQUEsutra, BURLESQUEsutra (Best Of), DUBsutra, DUBsutra (Best Of), JAZZsutra (Best Of), LOFIsutra, LOFIsutra (Best Of)"
Ego Ain't Your Amigo ⭐︎ EPx14 VOL. 01 ⭐︎ True Tales of BLUESsutra,https://soundcloud.com/bananasutra/sets/ego-aint-your-amigo-epx14-vol-01-true-tales-of-bluessutra,1,,BLOWsutra,"BANJO,BLUES,BURLESQUE,DUB,FOLK,JAZZ","BANJO,BLUES,BURLESQUE,DUB,FOLK,JAZZ",14,"[01] Ego Ain't Your Amigo (Fasho at Marlago) - oh hi salty honey bluesy JAZZ tempo, [02] Ego Ain't Your Amigo - Destiny Oh Hi Oh Hey Banjo Blues, [03] Ego Ain't Your Amigo - Destiny Folk Banjo Blues, [04] Ego Ain't Your Amigo - Piano Jazz Gal BURLESQUE, [05] Ego Ain't Your Amigo - pbgal Bassy Jazz BURLESQUE, [06] Ego Ain't Your Amigo (at Marlago) - Kindness is the depth BLUES, [07] Ego  Ain't Your Amigo - Kindness is the plucking BANJO, [08] Ego Ain't Your Amigo - Kindness is the depth banjo 1, [09] Ego Ain't Your Amigo - Miss Cheeky dubby String me Piano JAZZ, [10] Ego Ain't Your Amigo - Queen Banjo FOLK, [11] Ego Ain't Your Amigo - Fast DUB Muse Flow, [12] Ego Ain't Your Amigo - Drum me Jazzy Blues(grassy), [13] Ego Ain't Your Amigo (at Marlago) - Hide your Pets Yo BANJO, [14] Ego Ain't Your Amigo - Hide your Pets banjo","2079593265, 2079593292, 2079593286, 2079593256, 2079593277, 2079593268, 2079593298, 2079593271, 2079593274, 2079593283, 2079593259, 2079593280, 2079593289, 2079593262",2716,22,0.810015,0:44:22,https://i1.sndcdn.com/artworks-6Al7JWcSGShXvOzO-NMakyQ-t500x500.jpg,https://i1.sndcdn.com/artworks-6Al7JWcSGShXvOzO-NMakyQ-t1080x1080.jpg,Ego Ain't Your Amigo,L-68,checked,,"Nearly an hour of ego in the mirror, across 14 tracks. Because ego just can't get over himself. So. Just quit it already. The sound: banjo, blues, and burlesque. Ego, meet your reflection.",Speak: EGO (gone loco),,,,2025-04-16T03:50:30Z,"BANJOsutra, BLUESsutra, BURLESQUEsutra, DUBsutra, FOLKsutra, FOTUS CIRCUS Playlist An American Freaks Show, GROWsutra where we be brave, HIDDEN PEELS, JAZZsutra, KNOWsutra where questions matter, QUACKsutra : DUCK (shady), QUACKsutra where we sing FU"
EGO's Masquerade • EPx4 • BLOWsutra Tzigane Trip Hop Lo-Fi INDIE,https://soundcloud.com/bananasutra/sets/egos-masquerade-epx4-tzigane-trip-hop-lo-fi-indie,1,,BLOWsutra,"INDIE,LOFI","INDIE,LOFI,TRIP HOP",4,"[01] EGO's masquerade • Tzigane Trip Hop Lo-Fi INDIE, [02] EGO's masquerade • Tzigane Trip Hop Lo-Fi INDIE, [03] EGO's masquerade • Tzigane Trip Hop Lo-Fi INDIE, [04] EGO's masquerade • Tzigane Trip Hop Lo-Fi INDIE","2159401539, 2159401536, 2159401542, 2159401533",861,14,1.626016,0:19:03,https://i1.sndcdn.com/artworks-JnuEvmR6UOwtbaIM-AYNThw-t500x500.png,https://i1.sndcdn.com/artworks-JnuEvmR6UOwtbaIM-AYNThw-t1080x1080.png,EGO's Masquerade,L-69,checked,,"A 19-minute ride of clarity with claws, across 4 tracks. Welcome to Ego's Masquerade. Charming smiles, deceit in the eyes. Pull up a chair. Watch the show. Learn the signs. Indie and lo-fi grooves from end to end. Ego, meet your reflection.",Speak: EGO (gone loco),,,,2025-08-26T03:00:50Z,"BLOWsutra, BLOWsutra : EGO (gone loco), INDIEsutra (Best Of), MANTRAsutra"
El Papito Leo Es No MAGA Show ☰ KNOWsutra EPx6,https://soundcloud.com/bananasutra/sets/el-papito-leo-es-no-maga-show-knowsutra-epx6,1,,GROWsutra,"DUB,INDIE,JAZZ","DUB,INDIE,JAZZ",6,"[01] El Papito no es loco - Latin JAZZ, [02] El Papito Leo es No MAGA Show - Muse DUB, [03] El Papito Leo es No MAGA Show - Muse DUB, [04] El Papito Leo es No MAGA Show - Muse DUB, [05] El Papito Leo es No MAGA Show - Cello INDIE, [06] El Papito Leo es No MAGA Show - Cello INDIE","2118416418, 2118416412, 2118416421, 2118416409, 2118416424, 2118416415",3693,24,0.649878,0:15:38,https://i1.sndcdn.com/artworks-pO4mbYYB5FWshxlE-Emrw6Q-t500x500.png,https://i1.sndcdn.com/artworks-pO4mbYYB5FWshxlE-Emrw6Q-t1080x1080.png,El Papito (Es No MAGA Show),L-70,checked,,"6 dub, indie, and jazz tracks for the ones who still give a damn. An American Pope walks in. MAGA walks out. Holy plot twist #bewoke Holy questions, no holy answers.",Dare: GOD (etc.),,,,2025-06-23T22:28:03Z,"DUBsutra, DUBsutra (Best Of), GROWsutra : GOD (etc), HIDDEN PEELS, INDIEsutra, INDIEsutra (Best Of), JAZZsutra, JAZZsutra (Best Of)"
En Vrai · On Est Tous Frères ䷁ FRENCH BLUESsutra EPx5,https://soundcloud.com/bananasutra/sets/en-vrai-on-est-tous-freres-banjo-frenchsutra-epx5,1,,KNOWsutra,"BANJO,BLUES,FOLK,LOFI,MANTRA","BANJO,BLUES,FOLK,LOFI,MANTRA",5,"En Vrai, On Est Tous Frères • BLUES BANJO FRENCHsutra, En Vrai, On Est Tous Frères • LOFI BLUES FRENCHsutra, En Vrai, On Est Tous Frères • BLUES MANTRA FRENCHsutra, En Vrai, On Est Tous Frères • FOLK FRENCHsutra, En Vrai, On Est Tous Frères • FOLK BANJO FRENCHsutra 5","2019929937, 2019929913, 2019929893, 2019929873, 2019929845",1351,24,1.776462,0:16:26,https://i1.sndcdn.com/artworks-LV5LoqM7mHhduC2y-UvDK3w-t500x500.jpg,https://i1.sndcdn.com/artworks-LV5LoqM7mHhduC2y-UvDK3w-t1080x1080.jpg,"En Vrai, On Est Tous Frères",L-71,checked,,"A 5-track bright spell that practices kindness like a contact sport. En vrai, on est tous seuls. En vrai, on est tous frères. Blessed be #fraternity Served in banjo, blues, and folk. En français, évidemment. The peace prayer that won't shut up.","Ask: PEACE (not war),World: FRENCHsutra",,,,2025-01-28T03:36:06Z,"BANJOsutra, BLUESsutra, FOLKsutra, FRENCHsutra oui oui · sacrebleu, GLOWsutra where gratitude feeds, KNOWsutra : PEACE (not War), KNOWsutra where questions matter, LOFIsutra, LOFIsutra (Best Of), MANTRAsutra, OUI OUI : Pardon (my French)"
Ethical Paradox (Bertrand Undone),https://soundcloud.com/bananasutra/sets/ethical-paradox-bertrand-undone,1,,KNOWsutra,INDIE,INDIE,4,"Holy All The Same (one) • LOFIsutra, Holy All The Same (two) • LOFIsutra, Bertrand Undone • FOLKsutra, They Call It Truth • JAZZsutra","1994641171, 1994641179, 1994641163, 1994641155",833,8,0.960384,0:13:54,https://i1.sndcdn.com/artworks-e6OYFWuOzXif0Mz7-XAx0EQ-t500x500.jpg,https://i1.sndcdn.com/artworks-e6OYFWuOzXif0Mz7-XAx0EQ-t1080x1080.jpg,It's An Ethical Paradox,L-116,checked,,"A quick 13-minute burst of curious reckoning, across 4 tracks. Step right up to the paradox parade. Morals, double-edged, coming on up. Inspired by Bertrand Russell. Bertrand would approve. Probably.",Ask: BERTRAND (knows),,,,2024-12-26T10:06:58Z,"BLOWsutra, DUBsutra, FOLKsutra, JAZZsutra, KNOWsutra : BERTRAND (mon chéri), KNOWsutra where questions matter, LOFIsutra, Questions for the (kind) POPE in the Sky"
Everybody Knows EP x6 : INDIEsutra,https://soundcloud.com/bananasutra/sets/everybody-knows-epx6-indie-rocksutra,2,,KNOWsutra,INDIE,INDIE,6,"Everybody Knows (not) [1], Everybody Knows (not) [3], Everybody Knows (not) [2], Everybody Knows (not) [4], Everybody Knows (not) [5]","2009503727, 2009503735, 2009503723, 2009503731, 2009503743",808,3,0.371287,0:14:37,https://i1.sndcdn.com/artworks-idU4oy8bvs1SNH2k-5V1pjg-t500x500.png,https://i1.sndcdn.com/artworks-idU4oy8bvs1SNH2k-5V1pjg-t1080x1080.png,Everybody Knows,L-72,checked,,"A 6-track sun-drunk hymn that stares history in the face. Everybody knows the truth. Now what? Channeling Leonard Cohen, obviously. Vol. 2, because one wasn't enough. The peace prayer that won't shut up.",Ask: PEACE (not war),,,,2025-01-15T00:59:05Z,"BURLESQUEsutra, INDIEsutra, KNOWsutra where questions matter, LOFIsutra, MANTRAsutra, ROCKsutra"
Everybody Knows ✔ Vol. 03 - EPx7 ✔ KNOWsutra Gipsy Trip Hop Truth Prayer Dream,https://soundcloud.com/bananasutra/sets/everybody-knows-vol-03-epx7-knowsutra-gipsy-trip-hop-truth-prayer-dream,3,,KNOWsutra,"BLUES,BURLESQUE,DUB,INDIE,JAZZ,LOFI","BLUES,BURLESQUE,DUB,GIPSY,INDIE,JAZZ,LOFI,PSYCHEDELIC,TRIP HOP",7,"[01] Everybody Knows • KNOWsutra Burlesque Trip Hop Indie Piano BLUES, [02] Everybody Knows • KNOWsutra Burlesque Trip Hop Indie Dub Piano BLUES, [03] Everybody Knows • KNOWsutra Psychedelic Trip Hop Cello Piano Waltz INDIE, [04] Everybody Knows • KNOWsutra Burlesque Trip Hop Piano Jazz INDIE, [05] Everybody Knows • KNOWsutra Psychedelic Trip Hop Cello Waltz INDIE, [06] Everybody Knows • KNOWsutra Burlesque Trip Hop Wa Wa Jazz Bass INDIE, [07] Everybody Knows • KNOWsutra Psychedelic Trip Hop Cello Piano Waltz LoFi INDIE","2205052535, 2205052559, 2205052539, 2205052543, 2205052555, 2205052551, 2205052547",4590,57,1.241830,0:28:35,https://i1.sndcdn.com/artworks-WS97VCa9dwPRoGyv-ajY3dQ-t500x500.png,https://i1.sndcdn.com/artworks-WS97VCa9dwPRoGyv-ajY3dQ-t1080x1080.png,Everybody Knows,L-72,checked,checked,"Seven tracks of humble pep talk and agnostic prayer. The KNOWsutra spine in one EP: the things we already know but pretend not to, named out loud so we can stop pretending. Leonard Cohen wrote the original ""Everybody Knows"" in 1988 and it hasn't aged a day; this is the conversation with him. Read his poem alongside this EP, as Banana puts it, and we win twice.",Ask: PEACE (not war),,,,2025-11-03T04:34:13Z,"BLUESsutra, BLUESsutra (Best Of), INDIEsutra, INDIEsutra (Best Of), JAZZsutra (Best Of), KNOWsutra : (naked) TRUTH, KNOWsutra where questions matter"
F-BOMB ⚝ SHOWsutra DUB EPx7,https://soundcloud.com/bananasutra/sets/f-bomb-showsutra-dub-epx7,1,,SHOWsutra,"BURLESQUE,DUB,INDIE","BURLESQUE,DUB,GIPSY,INDIE",7,"[01] Dropping Etymological F-Bombs (with George) - Burlesque DUBsutra, [02] Dropping Etymological F-Bombs (with George) - Indie DUBsutra, [03] Dropping Etymological F-Bombs (with George) - Gipsy DUBsutra, [04] Dropping Etymological F-Bombs (with George) - DUBsutra, [05] Dropping Etymological F-Bombs (with George) - DUBsutra, [06] Dropping Etymological F-Bombs (with George) - DUBsutra, [07] Dropping Etymological F-Bombs (with George) - DUBsutra","2123437023, 2123437038, 2123437041, 2123437029, 2123437026, 2123437032, 2123437035",1186,5,0.421585,0:21:56,https://i1.sndcdn.com/artworks-MaDI6oRlKnS475ml-wUwvOA-t500x500.png,https://i1.sndcdn.com/artworks-MaDI6oRlKnS475ml-wUwvOA-t1080x1080.png,F-BOMB,L-75,checked,,"A 21-minute ride of naked truth, across 7 tracks. Etymological deep dive into the most flexible word in the English language, delivered in dub. George Carlin's ghost nods approvingly. With a wink to George Carlin. Be the fool worth being.",Play: (Be) The Fool,,,,2025-07-02T21:47:05Z,DUBsutra
Fluye (como el mar) FLOWsutra,https://soundcloud.com/bananasutra/sets/fluye-como-el-mar-flowsutra,1,,FLOWsutra,"DUB,INDIE","DUB,FADO,INDIE,RAGGA",11,"[01] Fluye • Oh My (Socrates) Cello INDIE, [02] Fluye • La Poesita Fado (1), [03] Fluye • La Poesita Fado INDIE (1), [04] Fluye • Ordo Arabesk Amoris INDIE, [05] Fluye • Queen (of Authentic) DUB (1), [06] Fluye • Queen (of Authentic) DUB (2), [07] Fluye • Miss Cheeky DUB (1), [08] Fluye • Miss Cheeky DUB (2), [09] Fluye • Muse Prima DUB (1), [10] Fluye • Muse Prima DUB (2), [11] Fluye • Feel Di (Ragga) Riddim DUB","2098355751, 2098355760, 2098355748, 2098355766, 2098355772, 2098355763, 2098355775, 2098355745, 2098355769, 2098355754, 2098355757",4588,41,0.893636,0:30:53,https://i1.sndcdn.com/artworks-JJ4nzGR7Kbx7XkxH-xkazNQ-t500x500.png,https://i1.sndcdn.com/artworks-JJ4nzGR7Kbx7XkxH-xkazNQ-t1080x1080.png,Fluye (como el mar),L-77,checked,,"11 tracks of peace that bites back. En español, el mensaje sigue siendo Bruce Lee: fluye como el mar. Sin resistencia. A nod to Bruce Lee. En español, con alma. Fly like water, land like truth.","Trust: FLY (like water),World: SPANISHsutra",,,,2025-05-19T11:17:40Z,"DUBsutra, DUBsutra (Best Of), FLOWsutra : FLY (like water), FOLKsutra (Best Of), HIDDEN PEELS, INDIEsutra, INDIEsutra (Best Of)"
Foolish EPx5,https://soundcloud.com/bananasutra/sets/foolish-epx5,1,,FLOWsutra,"INDIE,FOLK","INDIE,FOLK",5,"Ah Foolish Me • CIRCUSsutra, Dark (Lace) Rhythms • TANGOsutra, Absinthe Bliss (Kiss Me Slow) • DUBsutra, There is a Fool (that never loves you) • FOLKsutra, Dripping in Whispers • JAZZsutra","1988597207, 1988597211, 1988597215, 1988597223, 1988597227",1372,27,1.967930,0:17:26,https://i1.sndcdn.com/artworks-ce9hM1VBBXA95Gge-sqzp2g-t500x500.png,https://i1.sndcdn.com/artworks-ce9hM1VBBXA95Gge-sqzp2g-t1080x1080.png,Foolish,L-79,checked,,"A 17-minute ride of gleeful absurdity, across 5 tracks. Five foolish songs. One letter. A circus tango dub folky drip of dark bliss. There is a fool that never loves you. He'll linger anyway. The sound: indie and folk. The peace prayer that won't shut up.",Ask: PEACE (not war),,,,2024-12-18T04:19:45Z,"BURLESQUEsutra, BURLESQUEsutra (Best Of), DUBsutra, DUBsutra (Best Of), FLOWsutra : WET (my friend), FLOWsutra where time is space, FOLKsutra, INDIEsutra, JAZZsutra, JAZZsutra (Best Of)"
Foolish Goldfish (Forever) ❃ Vol. 02 EPx15 ❃ KNOWsutra Peace (Not War),https://soundcloud.com/bananasutra/sets/foolish-goldfish-forever-vol-02-epx15-knowsutra-peace-not-war,1,,KNOWsutra,"BLUES,DUB,FOLK,INDIE,LOFI","BLUES,DUB,FOLK,INDIE,LOFI,PSYCHEDELIC,SOUL",15,"[01] Foolish Goldfish (Forever) • KNOWsutra Peace (Not War) Mama-b-c Psychedelic Cello Dream INDIE, [02] Foolish Goldfish (Forever) • KNOWsutra Peace (Not War) La Poesita Psychedelic Cello Dub INDIE, [03] Foolish Goldfish (Forever) • KNOWsutra Peace (Not War) Psychedelic Poetry Dubs The Bridge DUB, [04] Foolish Goldfish (Forever) • KNOWsutra Peace (Not War) Psychedelic Poetry Dubs The Bridge DUB, [05] Foolish Goldfish (Forever) • KNOWsutra Peace (Not War) Psychedelic Poetry Dubs The Bridge DUB, [06] Foolish Goldfish (Forever) • KNOWsutra Peace (Not War) Psychedelic Tzigane Soul Fusion LOFI, [07] Foolish Goldfish (Forever) • KNOWsutra Peace (Not War) Psychedelic Tzigane Soul Fusion LOFI, [08] Foolish Goldfish (Forever) • KNOWsutra Peace (Not War) Psychedelic Tzigane Soul Fusion LOFI, [09] Foolish Goldfish (Forever) • KNOWsutra Peace (Not War) Psychedelic Tzigane Soul Fusion LOFI, [10] Foolish Goldfish (Forever) • KNOWsutra Peace (Not War) Kindness Understands Bluesy Dub FOLK, [11] Foolish Goldfish (Forever) • KNOWsutra Peace (Not War) Kindness Understands Bluesy Dub FOLK, [12] Foolish Goldfish (Forever) • KNOWsutra Peace (Not War) Kindness is in the Depth Bluesy Dub FOLK, [13] Foolish Goldfish (Forever) • KNOWsutra Peace (Not War) Kindness is in the Depth Bluesy Dub FOLK, [14] Foolish Goldfish (Forever) • KNOWsutra Peace (Not War) Psychedelic Destiny BLUES, [15] Foolish Goldfish (Forever) • KNOWsutra Peace (Not War) Classic Weary True BLUES","2219108903, 2219108909, 2219108888, 2219108915, 2219108906, 2219108912, 2219108891, 2219108894, 2219108918, 2219108924, 2219108900, 2219108930, 2219108921, 2219108897, 2219108927",9045,62,0.685462,1:03:59,https://i1.sndcdn.com/artworks-0YzGiltzEidfTrxR-osiLXg-t500x500.png,https://i1.sndcdn.com/artworks-0YzGiltzEidfTrxR-osiLXg-t1080x1080.png,Foolish Goldfish (Forever),L-80,checked,,"15 tracks of democracy in distress. Stalin, Putin, same eyes, different era. Round and round we go, foolish goldfish, forever chasing gold-painted turds. Served in blues, dub, and folk. Resonated: 8k plays and 64 likes so far. The peace prayer that won't shut up.",Ask: PEACE (not war),,,,2025-11-26T04:04:07Z,"BLUESsutra, BLUESsutra (Best Of), DUBsutra, DUBsutra (Best Of), FOLKsutra, INDIEsutra, INDIEsutra (Best Of), KNOWsutra : PEACE (not War), LOFIsutra"
FOTUS CIRCUS ★ VOL.2 EPx10 ★ BURLESQUEsutra,https://soundcloud.com/bananasutra/sets/fotus-circus-vol2-epx10-burlesquesutra,2,,QUACKsutra,"BANJO,BURLESQUE,FOLK,JAZZ,LOFI,ROCK","BANJO,BURLESQUE,FOLK,JAZZ,LOFI,ROCK",10,"[01] FOTUS Circus VOL. 02 • This ain't no hollow show • QUACKsutra, [02] FOTUS Circus VOL. 02 • This ain't no hollow show • QUACKsutra, [03] FOTUS Circus VOL. 02 • Liberty's in Chains • JAZZ LOFI QUACKsutra, [04] FOTUS Circus Vol. 02  • Monkey Dance • QUACKsutra, [05] FOTUS Circus Vol. 02 • Monkey Dance • QUACKsutra, [06] FOTUS Circus VOL. 02 • This ain't no hollow show • QUACKsutra, [07] FOTUS Circus Vol. 02 • Ego Lore Galore • QUACKsutra, [08] FOTUS Circus VOL. 02 • Step Right In, Don't be Shy • Burlesque QUACKsutra, [09] FOTUS Circus VOL. 02 • It's FOTUS Horror Show Tonight • banjo folk QUACKsutra, [10] FOTUS Circus VOL. 02 • Liberty's in Chain • ROCK QUACKsutra","2099426610, 2099426604, 2099426616, 2099426613, 2099426619, 2099426607, 2099426625, 2099426631, 2099426622, 2099426628",1745,11,0.630372,0:32:55,https://i1.sndcdn.com/artworks-44IaWyIDQ4KPbMKz-LMbmBg-t500x500.png,https://i1.sndcdn.com/artworks-44IaWyIDQ4KPbMKz-LMbmBg-t1080x1080.png,FOTUS Circus: Ginsberg Hollow (Horror) Show,L-82,checked,,"10 banjo, burlesque, and folk tracks for the ones who still give a damn. It's the Allen Ginsberg Show (in ducklandia). Good joke. And FOTUS rhymes with anus. Channeling Allen Ginsberg, obviously. Vol. 2, because one wasn't enough.",Quack: FOTUS Circus,,,,2025-05-21T02:01:31Z,"BANJOsutra, FOTUS CIRCUS Playlist An American Freaks Show, HIDDEN PEELS, LOFIsutra, QUACKsutra : FOTUS Circus"
FOTUS CIRCUS ★ VOL.3 EPx9 ★ BURLESQUEsutra,https://soundcloud.com/bananasutra/sets/fotus-circus-vol3-epx9-burlesquesutra,3,,QUACKsutra,"BANJO,BURLESQUE,DUB,FOLK,MANTRA","BANJO,BURLESQUE,DUB,FOLK,MANTRA,RAGGA",9,"[01] FOTUS Circus VOL. 03 • Angel Eyes, Devil Lies • Folk Banjo QUACKsutra, [02] FOTUS Circus VOL. 03 • Angel Eyes, Devil Lies • Folky BANJO QUACKsutra, [03] FOTUS Circus VOL. 03 • Angel Eyes, Devil Lies • Dub QUACKsutra, [04] FOTUS Circus VOL. 03 • Angel Eyes, Devil Lies • Banjo QUACKsutra, [05] FOTUS Circus VOL. 03 • Murica, when will you be angelic  • Accordion QUACKsutra, [06] FOTUS Circus VOL. 03 • When will you be angelic (Ginzberg’s Horror Show) • BURLESQUE QUACKsutra, [07] FOTUS Circus VOL. 03 • When will you be angelic • BURLESQUE QUACKsutra, [08] FOTUS Circus VOL. 03 • Angel Eyes, Devil Lies • Ragga DUB QUACKsutra, [09] FOTUS Circus  VOL. 03 • Angel Eyes, Devil Lies • MANTRA QUACKsutra","2099428179, 2099428188, 2099428185, 2099428200, 2099428182, 2099428191, 2099428203, 2099428197, 2099428194",2427,16,0.659250,0:28:23,https://i1.sndcdn.com/artworks-TISJ7mgoFUnIyF3o-Nc2YDg-t500x500.png,https://i1.sndcdn.com/artworks-TISJ7mgoFUnIyF3o-Nc2YDg-t1080x1080.png,FOTUS Circus: Ginsberg Hollow (Horror) Show,L-82,checked,,"A 9-track shadow-walk that stays wide awake through the circus. It's the Allen Ginsberg Show (in ducklandia). Good joke. And FOTUS rhymes with anus. Inspired by Allen Ginsberg. Vol. 3, because one wasn't enough.",Quack: FOTUS Circus,,,,2025-05-21T02:07:09Z,"BANJOsutra, BURLESQUEsutra (Best Of), FOTUS CIRCUS Playlist An American Freaks Show, MANTRAsutra, QUACKsutra : FOTUS Circus"
FOTUS CIRCUS ★ VOL.4 EPx9 ★ BURLESQUEsutra,https://soundcloud.com/bananasutra/sets/fotus-circus-vol4-epx9-burlesquesutra,4,,QUACKsutra,"BANJO,BURLESQUE,DUB,JAZZ","BANJO,BURLESQUE,DUB,JAZZ",9,"[01] FOTUS Circus VOL. 04 • Step Right Up my Dearest Souls • Burlesque QUACKsutra, [02] FOTUS Circus VOL. 04 • Com'on in You Wretched Fools • Burlesque QUACKsutra, [03] FOTUS Circus VOL. 04 • Come On in You Wretched Fools  Plastic Straw Shit Show • Burlesque QUACKsutra, [04] FOTUS Circus VOL. 04 • Come On in You Wretched Fools - Oh Boy Burlesque QUACKsutra, [05] FOTUS Circus VOL. 04 • Com'on in You Wretched Fools • Oh boy Burkesque QUACKsutra, [06] FOTUS Circus VOL. 04 • Step Right Up, for Plastic Straws • Banjo QUACKsutra, [07] FOTUS Circus VOL. 04 • Step Right Up my Dearest Souls (Peacock Bling Show) • Burlesque JAZZ QUACKsutra, [08] FOTUS Circus VOL. 04 • Step Right Up, Murica Freaks (paper straws) • DUB QUACKsutra, [09] FOTUS Circus VOL. 04 • Step Right Up, My Dearest Souls • DUB QUACKsutra","2099429862, 2099429871, 2099429880, 2099429874, 2099429859, 2099429868, 2099429865, 2099429883, 2099429877",4093,21,0.513071,0:28:50,https://i1.sndcdn.com/artworks-hEoexhjMEJaTLs2Y-y53BjQ-t500x500.png,https://i1.sndcdn.com/artworks-hEoexhjMEJaTLs2Y-y53BjQ-t1080x1080.png,FOTUS Circus: Angels Eyes,L-81,checked,,"A solid half-hour of circus critique, across 9 tracks. America. It's high time you start being a little more angelic. With a wink to Allen Ginsberg. This is Vol. 4—the saga deepens. FOTUS rhymes with anus. Coincidence?",Quack: FOTUS Circus,,,,2025-05-21T02:12:15Z,"BANJOsutra, BURLESQUEsutra (Best Of), DUBsutra, DUBsutra (Best Of), FOTUS CIRCUS Playlist An American Freaks Show, JAZZsutra, QUACKsutra : FOTUS Circus"
Freak Show King • QUACKsutra (FOTUS Circus) EPx3,https://soundcloud.com/bananasutra/sets/freak-show-king-quacksutra-fotus-circus-epx3,1,,QUACKsutra,BURLESQUE,BURLESQUE,3,"[01] Freak Show King • QUACKsutra (FOTUS Circus) Burlesque Bass Revolution JAZZ, [02] Freak Show King • QUACKsutra (FOTUS Circus) Burlesque Bass Revolution JAZZ, [03] Freak Show King • QUACKsutra (FOTUS Circus) Burlesque Bass Revolution FOLK","2366201957, 2366201960, 2366201954",558,8,1.433692,0:09:20,https://i1.sndcdn.com/artworks-4BQlb0CQtpGYNBtC-22vsmg-t500x500.jpg,https://i1.sndcdn.com/artworks-4BQlb0CQtpGYNBtC-22vsmg-t1080x1080.jpg,Freak Show King,L-381,checked,,"Step right up… Welcome to my FOTUS Circus Freak Show King burlesque show encore, QUACKsutra EPx3 Jazz ’n Folk edition. Now, shall we REVOLT (please?)",Quack: FOTUS Circus,,,,2026-07-23T00:47:50Z,"FOLKsutra, FOLKsutra (Best Of), JAZZsutra, QUACKsutra where we sing FU"
Freee · La Fille • French SHOWsutra Psychedelic EPx10,https://soundcloud.com/bananasutra/sets/freee-la-fille-french-showsutra-psychedelic-epx10,1,,FLOWsutra,"BURLESQUE,DUB,LOFI","BURLESQUE,DUB,HIP HOP,LOFI,PSYCHEDELIC,RAGGA",10,"[01] Freee, La Fille • French SHOWsutra Psychedelic Accordion Circus BURLESQUE, [02] Freee, la fille (remastered) • French SHOWsutra Circus Accordion BURLESQUE, [03] Freee, la fille (remastered) • French SHOWsutra Circus Accordion BURLESQUE, [04] For Freee, La Fille • French SHOWsutra Psychedelic Xylophone Bruh LOFI, [05] Freee, La Fille • French SHOWsutra Psychedelic Hip Hop LOFI, [06] Freee, La Fille • French SHOWsutra Psychedelic Hip Hop LOFI, [07] Freee, La Fille • French SHOWsutra Psychedelic Hip Hop LOFI, [08] Freee, La Fille • French SHOWsutra Psychedelic Ragga DUB, [09] Freee, La Fille • French SHOWsutra Psychedelic Ragga DUB, [10] Freee, La Fille • French SHOWsutra Psychedelic Ragga DUB","2180444995, 2180445015, 2180445019, 2180445007, 2180445011, 2180445023, 2180445027, 2180444999, 2180445031, 2180445003",6828,53,0.776216,0:30:12,https://i1.sndcdn.com/artworks-RJT0le0yFOpGmfuI-gfY2hw-t500x500.png,https://i1.sndcdn.com/artworks-RJT0le0yFOpGmfuI-gfY2hw-t1080x1080.png,"Freee, La Fille",L-84,checked,,"A 10-track dark bloom that holds ego up to a funhouse mirror. En français, pour les filles qui en ont marre. Made in merde, c'est fini. Pour freeee. Served in burlesque, dub, and lo-fi. En français, évidemment. Fly like water, land like truth.","Trust: FLY (like water),World: FRENCHsutra",,,,2025-10-02T03:17:49Z,"BLUESsutra, BURLESQUEsutra, BURLESQUEsutra (Best Of), DUBsutra, DUBsutra (Best Of), FRENCHsutra oui oui · sacrebleu, LOFIsutra, OUI OUI : Pardon (my French), SHOWsutra where bananas play"
Genius EP,https://soundcloud.com/bananasutra/sets/genius,1,,KNOWsutra,"FOLK,INDIE,JAZZ","FOLK,INDIE,JAZZ",3,"Genius, You See V.1 • Indie Jazz Folk Lullaby  • sutraKNOW inspired by Albert Einstein, Genius, You See V.2 • Indie Jazzz Folk Lullaby  • sutraKNOW inspired by Albert Einstein, Genius, You See V.3 • Indie Jazz Folk Lullaby  • sutraKNOW inspired by Albert Einstein","1944270919, 1944272615, 1944274415",695,9,1.294964,0:07:35,https://i1.sndcdn.com/artworks-VkDI20lCoNvB6yuu-kEiBRg-t500x500.jpg,https://i1.sndcdn.com/artworks-VkDI20lCoNvB6yuu-kEiBRg-t1080x1080.jpg,"Genius, You See",L-87,checked,,"A 3-track luminous ride that insists you be exactly yourself. Judge a fish by its ability to climb a tree and it'll believe it's stupid forever. This one's for the kids. You're a genius. For real. A nod to Albert Einstein. The naked truth, served warm.",Ask: (Naked) TRUTH,,,,2024-11-19T17:52:10Z,"FOLKsutra, FOLKsutra (Best Of), GROWsutra : KIND(ness), HIDDEN PEELS, INDIEsutra, KNOWsutra where questions matter"
Gladys in Sonderland EPx14 • SHOWsutra Psychedelic Gipsy Dream,https://soundcloud.com/bananasutra/sets/gladys-in-sonderland-epx14-showsutra-psychedelic-gipsy-dream,1,,SHOWsutra,"BANJO,BLUES,BURLESQUE,INDIE,LOFI","BANJO,BLUES,BURLESQUE,GIPSY,INDIE,LOFI,PSYCHEDELIC",14,"[01] Gladys in Sonderland • SHOWsutra Psychedelic Gipsy Arabesk LoFi Waltz Fool Moon INDIE, [02] Gladys in Sonderland • SHOWsutra Psychedelic Gipsy Tango TaTata Meow Hop LOFI BURLESQUE, [03] Gladys in Sonderland • SHOWsutra Psychedelic Gipsy Piano Cello Banjo Waltz Ballad BURLESQUE, [04] Gladys in Sonderland • SHOWsutra Psychedelic Gentle Gipsy Piano Cello Accordion Waltz Cameo BURLESQUE, [05] Gladys in Sonderland • SHOWsutra Psychedelic Gipsy Piano Piano Waltz Swoon BURLESQUE, [06] Gladys in Sonderland • SHOWsutra Psychedelic Gipsy Cello Waltz Breathing BURLESQUE, [07] Gladys in Sonderland • SHOWsutra Psychedelic Gipsy Cello Waltz Indie BURLESQUE, [08] Gladys in Sonderland • SHOWsutra Psychedelic Gipsy Cello Waltz Tuba BURLESQUE, [09] Gladys in Sonderland • SHOWsutra Psychedelic Gipsy Cello Waltz Chanson BURLESQUE, [10] Gladys in Sonderland • SHOWsutra Psychedelic Gipsy Cello Waltz INDIE BURLESQUE, [11] Gladys in Sonderland • SHOWsutra Psychedelic Gipsy Accordion Circus Waltz BURLESQUE, [12] Gladys in Sonderland • SHOWsutra Psychedelic Gipsy Cello Waltz BURLESQUE, [13] Gladys In Sonderland • SHOWsutra Psychedelic Booya Banger Blues BANJO, [14] Gladys In Sonderland • SHOWsutra Weary Psychedelic Mama BLUES","2202148487, 2202148467, 2202148479, 2202148451, 2202148455, 2202148471, 2202148483, 2202148475, 2202148463, 2202148491, 2202148459, 2202148503, 2202148499, 2202148495",7813,69,0.883143,1:06:19,https://i1.sndcdn.com/artworks-6hfJ7MQsBYyjyhKs-VO8orw-t500x500.png,https://i1.sndcdn.com/artworks-6hfJ7MQsBYyjyhKs-VO8orw-t1080x1080.png,Gladys in Sonderland,L-88,checked,,"14 tracks of questions that won't quit. Alice went through the looking glass. Gladys tumbled through Sonderland. The Cheshire Cat now strips in a glitch-and-bitch show. No checkmates. Channeling Carroll Lewis, obviously. Welcome to the Fanana club.",Play: FANANA (party),,,,2025-10-30T08:21:07Z,"BANJOsutra, BLUESsutra, BURLESQUEsutra, BURLESQUEsutra (Best Of), INDIEsutra, INDIEsutra (Best Of), SHOWsutra : FANANA Club, SHOWsutra where bananas play"
Glitter on a Turd ❯ GROWsutra Banana Cabaret EPx5,https://soundcloud.com/bananasutra/sets/glitter-on-a-turd-epx5,1,,GROWsutra,"BURLESQUE,INDIE","BURLESQUE,CABARET,INDIE",5,"[01] Glitter and Guts - Circus BURLESQUEsutra, [02] Glitter and Guts - (oh boy) Circus BURLESQUE, [03] Glitter and Guts - Arabesk Indie JAZZsutra, [04] Glitter and Guts - oh lordy DUBsutra, [05] Glitter and Guts - Bass Revolution LOFIsutra","2100869745, 2100869736, 2100869751, 2100869739, 2100869742",2532,28,1.105845,0:14:49,https://i1.sndcdn.com/artworks-XYwpBnKZkAc8nA2R-sfypIw-t500x500.png,https://i1.sndcdn.com/artworks-XYwpBnKZkAc8nA2R-sfypIw-t1080x1080.png,Glitter On A Turd,L-89,checked,,5 tracks of quacking fury. Kindness without truth is just glitter on a turd. K thanks bye. Burlesque and indie grooves from end to end. Kindness as rebellion.,Dare: KIND(ness),,,,2025-05-23T11:53:25Z,"BURLESQUEsutra, BURLESQUEsutra (Best Of), DUBsutra (Best Of), GROWsutra : KIND(ness), GROWsutra where we be brave, INDIEsutra (Best Of), JAZZsutra, LOFIsutra"
Grateful For The Weird ☺︎ GLOWsutra (Rainbows In The Clouds) EPx9,https://soundcloud.com/bananasutra/sets/grateful-for-the-weird-glowsutra-epx9,1,,GLOWsutra,LOFI,LOFI,9,"[01] Grateful for the Weird • GLOWsutra Classic Big Mama BLUES, [02] Grateful For The Weird • GLOWsutra Psychedelic Gipsy Piano Bar LoFi JAZZ, [03] Grateful For The Weird • GLOWsutra Minimal Psychedelic Folk Muse Poetry DUB, [04] Grateful For The Weird • GLOWsutra La Poesita Psychedelic Gipsy Flamenco Indie DUB, [05] Grateful For The Weird • GLOWsutra Minimal Acoustic Gipsy Techno Flamenco WORLD, [06] Grateful For The Weird • GLOWsutra Minimal Acoustic Gipsy Techno Flamenco WORLD, [07] Grateful For The Weird • GLOWsutra Psychedelic Gipsy Hip Hip Hop LOFI, [08] Grateful For The Weird • GLOWsutra Psychedelic Gipsy Hip Hip Hop LOFI, [09] Grateful For The Weird • GLOWsutra Psychedelic Oh My Oh Why Cello INDIE","2324114309, 2324114318, 2324114306, 2324114324, 2324114327, 2324114321, 2324114315, 2324114330, 2324114312",5709,69,1.208618,0:28:25,https://i1.sndcdn.com/artworks-J0OlTIEkZ6tdaqkK-DxNyQg-t500x500.png,https://i1.sndcdn.com/artworks-J0OlTIEkZ6tdaqkK-DxNyQg-t1080x1080.png,Grateful For The Weird,L-344,checked,,"A 9-track GLOWsutra story about loving dogs, berries, beaches, tender fools, and all the beautiful, true, and sometimes weird lill' things.",Bless: RAINBOWS (in my clouds),,,,2026-05-20T06:31:02Z,"BLUESsutra, DUBsutra, DUBsutra (Best Of), GLOWsutra : RAINBOWS (in my clouds), GLOWsutra where gratitude feeds, INDIEsutra, INDIEsutra (Best Of), JAZZsutra, LOFIsutra"
Grifters • BLOWsutra (Apes Gone Wrong) EPx14,https://soundcloud.com/bananasutra/sets/grifters-blowsutra-epx14,1,,BLOWsutra,"BANJO,BLUES,BURLESQUE,DUB,FOLK,INDIE,LOFI,ROCK","BANJO,BLUES,BURLESQUE,COUNTRY,DUB,FADO,FLAMENCO,FOLK,GIPSY,HIP HOP,INDIE,LOFI,PSYCHEDELIC,PUNK,ROCK",14,"[01] Grifters • BLOWsutra PBGal Psychedelic Punk Rock BURLESQUE, [02] Grifters • BLOWsutra PBGal Psychedelic Punk Rock BURLESQUE, [03] Grifters • BLOWsutra IBYN Psychedelic Punk Rock BURLESQUE, [04] Grifters • BLOWsutra Psychedelic Post-Punk Country Burlesque Banjo BLUES, [05] Grifters • BLOWsutra Psychedelic Post-Punk Country Burlesque Banjo BLUES, [06] Grifters • BLOWsutra Psychedelic Post-Punk Country Blues BANJO, [07] Grifters • BLOWsutra Queen of Authentic Country Banjo Folk Dub BLUES, [08] Grifters • BLOWsutra Psychedelic Poetry Folk the Bridge DUB, [09] Grifters • BLOWsutra Psychedelic Poetry Folk the Bridge DUB, [10] Grifters • BLOWsutra Psychedelic F-Bomb Hip Hop LOFI, [11] Grifters • BLOWsutra Psychedelic F-Bomb Hip Hop LOFI, [12] Grifters • BLOWsutra Psychedelic Gipsy Flamenco Fado Techno World INDIE, [13] Grifters • BLOWsutra Psychedelic Gipsy Flamenco Fado Techno World INDIE, [14] Grifters • BLOWsutra Psychedelic Gipsy Flamenco Fado Techno World INDIE","2298680198, 2298680192, 2298680219, 2298680216, 2298680195, 2298680222, 2298680186, 2298680225, 2298680189, 2298680213, 2298680210, 2298680201, 2298680207, 2298680204",6168,60,0.972763,0:43:26,https://i1.sndcdn.com/artworks-iPtXxjIVQyjzpElZ-rzZZyw-t500x500.png,https://i1.sndcdn.com/artworks-iPtXxjIVQyjzpElZ-rzZZyw-t1080x1080.png,Grifters,L-90,checked,,"14 tracks of circus critique. One question that won’t let go: are you a grifter or a gifter? Banjo, blues, and burlesque grooves from end to end. The apes are at it again.",Speak: APES (gone wrong),,,,2026-04-08T08:58:15Z,"BANJOsutra, BLOWsutra, BLOWsutra : APES (gone wrong), BLUESsutra, BLUESsutra (Best Of), BURLESQUEsutra, DUBsutra, DUBsutra (Best Of), INDIEsutra, LOFIsutra"
Hammy On Clyde ✪ SHOWsutra EPx8,https://soundcloud.com/bananasutra/sets/hammy-on-clyde-showsutra-epx8,1,,SHOWsutra,"BLUES,DUB,FOLK,JAZZ,LOFI","BLUES,DUB,FOLK,GIPSY,JAZZ,LOFI",8,"[01] Hammy on Clyde - Destiny BLUES, [02] Hammy on Clyde - Queen of Authentic FOLK, [03] Hammy on Clyde - SHOWsutra Psy Gipsy Blues JAZZ, [04] Hammy on Clyde - SHOWsutra Psy Gipsy Blues JAZZ, [05] Hammy on Clyde - SHOWsutra Cello JAZZ LOFI, [06] Hammy on Clyde - SHOWsutra Cello JAZZ LOFI, [07] Hammy on Clyde - SHOWsutra Cheeky DUB, [08] Hammy on Clyde - SHOWsutra Cheeky DUB","2192263347, 2192263339, 2192263355, 2192263343, 2192263359, 2192263351, 2192263331, 2192263335",1632,13,0.796569,0:35:38,https://i1.sndcdn.com/artworks-safSzuvAHiwvn0LF-0u5a3Q-t500x500.png,https://i1.sndcdn.com/artworks-safSzuvAHiwvn0LF-0u5a3Q-t1080x1080.png,Hammy On Clyde,L-92,checked,,"A 8-track glow-up that takes nothing seriously except joy. His name's Hammy. He lives on Clyde Avenue. He has no agenda. Goals. The sound: blues, dub, and folk. Be the fool worth being.",Play: (Be) The Fool,,,,2025-10-17T06:26:01Z,"BANJOsutra, BLUESsutra, BOWsutra : (Thank) Dogs, DUBsutra, JAZZsutra, JAZZsutra (Best Of), LOFIsutra, SHOWsutra where bananas play, SHOWsutra: (shades of) FOOLS"
Hard Core (Questions that Matter) X5,https://soundcloud.com/bananasutra/sets/hard-core-x5,1,,KNOWsutra,BURLESQUE,BURLESQUE,5,"#1 Hard Core : Honey JAZZsutra, #2 Hard Core : Honey JAZZsutra, #3 Hard Core : Honey BLUESutra, #4 Hard Core : Burlesque Honeysutra, #5 Hard Core : Honey BLUESutra","1958761599, 1958761603, 1958761607, 1958761615, 1958761619",4742,45,0.948967,0:15:20,https://i1.sndcdn.com/artworks-TawBy2TG82lsrzx3-SEV7yw-t500x500.png,https://i1.sndcdn.com/artworks-TawBy2TG82lsrzx3-SEV7yw-t1080x1080.png,Hard Core,L-93,checked,,"5 tracks of raw sense-making. Who decides which lives are sacred? (That's the whole song.) Served in burlesque. The naked truth, served warm.",Ask: (Naked) TRUTH,,,,2024-11-15T04:12:16Z,"BANJOsutra, BLUESsutra, BLUESsutra (Best Of), BURLESQUEsutra, BURLESQUEsutra (Best Of), FOTUS CIRCUS Playlist An American Freaks Show, HIDDEN PEELS, JAZZsutra, JAZZsutra (Best Of), KNOWsutra : (naked) TRUTH, KNOWsutra where questions matter, QUACKsutra where we sing FU, Questions for the (kind) POPE in the Sky"
HashtagWHY (to be ctd...),https://soundcloud.com/bananasutra/sets/hashtagwhy-to-be-ctd,1,,KNOWsutra,ROCK,PUNK ROCK,2,"What makes your spirit alive • BANJOsutra (Dreamer’s Hunger), What makes your spirit alive • CELLOsutra (Dreamer’s Hunger)","1992351323, 1992351299",536,5,0.932836,0:06:23,https://i1.sndcdn.com/artworks-0LTSLaDkEUo21nzx-OHpjRw-t500x500.jpg,https://i1.sndcdn.com/artworks-0LTSLaDkEUo21nzx-OHpjRw-t1080x1080.jpg,HashtagWHY (Sorry Not Sorry),L-94,checked,,"A quick 6-minute burst of stubborn hope, across 2 tracks. #why. Not the who. Not the what. The why is the only question worth asking. Sorry not sorry. The sound: rock. Because why not ask why.",Ask: But(t) WHY,,,,2024-12-23T02:47:32Z,"BANJOsutra, KNOWsutra : but(t) WHY, KNOWsutra where questions matter, MANTRAsutra"
Hello · Oh No • EPx16 • GROWsutra Psychedelic Logic Harmonics,https://soundcloud.com/bananasutra/sets/hello-oh-no-growsutra-psychedelic-epx16,1,,GROWsutra,"BANJO,BLUES,BURLESQUE,DUB,FOLK,INDIE,JAZZ,LOFI","BANJO,BLUES,BURLESQUE,CABARET,DUB,FLAMENCO,FOLK,GIPSY,INDIE,JAZZ,LOFI,PSYCHEDELIC,PUNK",16,"[01] Hello, Oh No • GROWsutra Psychedelic Folk Poetry Bridges the DUB, [02] Hello, Oh No • GROWsutra Psychedelic Folk Poetry Bridges the DUB, [03] Hello, Oh No • GROWsutra Psychedelic Folk Poetry Bridges the DUB, [04] Hello, Oh No • GROWsutra What Shall We Hope For PsyRagga DUB, [05] Hello, Oh No • GROWsutra La Poesita Gipsy Flamenco DUB, [06] Hello, Oh No • GROWsutra La Poesita Gipsy Flamenco DUB, [08] Hello, Oh No • GROWsutra Psychedelic Gipsy Fusion LOFI, [09] Hello, Oh No • GROWsutra Psychedelic Circus Indie Tango JAZZ, [10] Hello, Oh No • GROWsutra Ethicaly Gipsy Psychedelic JAZZ, [11] Hello, Oh No • GROWsutra Psychedelic Queen of Authentic Dubby Folk Banjo BLUES, [12] Hello, Oh No • GROWsutra Psychedelic Queen of Authentic Dubby Folk Banjo BLUES, [13] Hello, Oh No • GROWsutra Psychedelic Booya Folk Bluegrass BANJO, [14] Hello, Oh No • GROWsutra Psychedelic Booya Folk Bluegrass BANJO, [15] Hello, Oh No • GROWsutra Post-Punk Piano Bar Gal Cabaret BURLESQUE, [16] Hello, Oh No • GROWsutra Post-Punk Piano Bar Gal Cabaret BURLESQUE","2274175541, 2274175517, 2274175523, 2274175511, 2274175538, 2274175535, 2274175529, 2274175505, 2274175514, 2274175502, 2274175520, 2274175544, 2274175508, 2274175547, 2274175526",12300,126,1.024390,0:48:03,https://i1.sndcdn.com/artworks-X8yzz8V1uH0GpZZw-fED3yQ-t500x500.png,https://i1.sndcdn.com/artworks-X8yzz8V1uH0GpZZw-fED3yQ-t1080x1080.png,"Hello, Oh No",L-95,checked,,"A 16-track shadow-walk that dares you to show up. Oh hello, ego. You're here again. No no no. The sound: banjo, blues, and burlesque. One of the heavier hitters: 11k+ plays. Dare to care. That's the whole thing.",Dare: DARE (to care),,,,2026-02-26T22:16:04Z,"BLUESsutra, BURLESQUEsutra, DUBsutra, DUBsutra (Best Of), FOLKsutra (Best Of), GROWsutra : DARE (to care), GROWsutra where we be brave, JAZZsutra, JAZZsutra (Best Of), LOFIsutra"
Hereby · I Cry ☠ BLOWsutra EPx5,https://soundcloud.com/bananasutra/sets/hereby-i-cry-blowsutra-epx5,1,,GROWsutra,"DUB,FOLK,JAZZ,MANTRA","DUB,FOLK,GIPSY,JAZZ,MANTRA",5,"[01] Hereby, I Cry - Gipsy Cello FOLK, [02] Hereby, I Cry - Gipsy Dubstep JAZZ, [03] Hereby, I Cry • We Sing DUB, [04] Hereby, I Cry • We Sing mo' DUB, [05] Hereby, I Cry • Arabesk Drum MANTRA","2123667876, 2123667882, 2123667879, 2123667888, 2123667885",1584,23,1.452020,0:18:15,https://i1.sndcdn.com/artworks-AJnyssyEpQIFaGYl-f1dxCg-t500x500.png,https://i1.sndcdn.com/artworks-AJnyssyEpQIFaGYl-f1dxCg-t1080x1080.png,"Hereby, I Cry",L-96,checked,,"5 dub, folk, and jazz tracks asking questions that sting. Not fury — memory's flame. This is the cry in the name of the sacred, the silenced, the still. Dare to care. That's the whole thing.",Dare: DARE (to care),,,,2025-07-03T08:16:22Z,"BLOWsutra, DUBsutra, DUBsutra (Best Of), FOLKsutra, FOTUS CIRCUS Playlist An American Freaks Show, GROWsutra : DARE (to care), HIDDEN PEELS, JAZZsutra, MANTRAsutra, MANTRAsutra (Best Of), QUACKsutra where we sing FU"
Hey · Creeps • EPx20 • BLOWsutra Ego Gone Loco,https://soundcloud.com/bananasutra/sets/hey-creeps-epx20-blowsutra-ego-gone-loco,1,,BLOWsutra,"BURLESQUE,DUB,INDIE,JAZZ,LOFI,ROCK","BURLESQUE,DUB,GIPSY,HIP HOP,INDIE,JAZZ,LOFI,PSYCHEDELIC,PUNK,ROCK",20,"[01] Hey, Creeps • BLOWsutra Ego Gone à la Psychedelic Gipsy Bonobo Cosmic Punk LOFI, [02] Hey, Creeps • BLOWsutra Ego Gone à la Psychedelic Gipsy Grouchy Cosmic Punk LOFI, [03] Hey, Creeps • BLOWsutra Ego Gone à la Psychedelic Gipsy Grouchy Cosmic Punk LOFI, [04] Hey, Creeps • BLOWsutra Ego Gone à la Psychedelic Gipsy Grouchy Cosmic Punk LOFI, [05] Hey, Creeps • BLOWsutra Ego Gone Bamboozlers Indie CelLOFI, [06] Hey, Creeps • BLOWsutra Ego Gone Bamboozlers Indie CelLOFI, [07] Hey, Creeps • BLOWsutra Ego Gone Bamboozlers Indie CelLOFI, [08] Hey, Creeps • BLOWsutra Ego Gone Bamboozlers Indie CelLOFI, [09] Hey, Creeps • BLOWsutra Ego Gone Bamboozlers Indie CelLOFI, [10] Hey, Creeps • BLOWsutra Ego Gone Bamboozlers Indie CelLOFI, [11] Hey, Creeps • BLOWsutra Ego Gone Loco Tzigane Fusion LOFI, [12] Hey, Creeps • BLOWsutra Ego Gone Loco Tzigane Fusion LOFI, [13] Hey, Creeps • BLOWsutra Ego Gone Psychedelic Hip Hop Storyteller LOFI, [14] Hey, Creeps • BLOWsutra Ego Gone Psychedelic Hip Hop Storyteller LOFI, [15] Hey, Creeps • BLOWsutra Ego Gone Psychedelic Hip Hop Storyteller LOFI, [16] Hey, Creeps • BLOWsutra Ego Gone She Wanna Know Psychedelic LoFi Jazz DUB, [17] Hey, Creeps • BLOWsutra Ego Gone She Wanna Know Psychedelic LoFi Jazz DUB, [18] Hey, Creeps • BLOWsutra Ego Gone Loco I Burlesque You Not Psychedelic ROCK, [19] Hey, Creeps • BLOWsutra Ego Gone Loco I Burlesque You Not Psychedelic ROCK, [20] Hey, Creeps • BLOWsutra Ego Gone Loco I Burlesque You Not Psychedelic ROCK","2217702719, 2217702728, 2217702746, 2217702722, 2217702704, 2217702707, 2217702713, 2217702710, 2217702716, 2217702737, 2217702743, 2217702731, 2217702701, 2217702725, 2217702734, 2217702740, 2217702749, 2217702758, 2217702752, 2217702755",11293,87,0.770389,1:08:23,https://i1.sndcdn.com/artworks-D95jhvq945VUHBlk-M2mkVQ-t500x500.png,https://i1.sndcdn.com/artworks-D95jhvq945VUHBlk-M2mkVQ-t1080x1080.png,"Hey, Creeps",L-97,checked,,"20 tracks of pride's reckoning. Hey, creeps. Yes, you. No, not you. You know who you are. With a wink to John Lennon. Resonated: 11k plays and 85 likes so far. The apes are at it again.",Speak: APES (gone wrong),,,,2025-11-23T19:48:48Z,"BLOWsutra, BLOWsutra : APES (gone wrong), BLOWsutra : EGO (gone loco), DUBsutra, INDIEsutra (Best Of), JAZZsutra (Best Of), LOFIsutra, LOFIsutra (Best Of), ROCKsutra"
Hey · You ✖ EPx8 ✖ BLOWsutra Indie Punk ROCK,https://soundcloud.com/bananasutra/sets/hey-you-blowsutra-jazz-punk-rock,1,,BLOWsutra,"BURLESQUE,INDIE,ROCK","BURLESQUE,INDIE,PUNK,ROCK",7,"[01] Hey, You - BLOWsutra psyPunk ROCK, [02] Hey, You - BLOWsutra psyPunk ROCK, [03] Hey, You - BLOWsutra psyPunk ROCK, [04] Hey, You - BLOWsutra psyPunk ROCK, [05] Hey, You - BLOWsutra psyPunk ROCK, [06] Hey, You - BLOWsutra rawPunk ROCK, [07] Hey, You - BLOWsutra psyPunk BURLESQUE","2140134765, 2140134756, 2140134774, 2140134753, 2140134768, 2140134759, 2140134762",1470,8,0.544218,0:13:47,https://i1.sndcdn.com/artworks-8zXPkONAqcbxOwwP-p3Wifg-t500x500.png,https://i1.sndcdn.com/artworks-8zXPkONAqcbxOwwP-p3Wifg-t1080x1080.png,"Hey, You (Creepers)",L-98,checked,,"7 burlesque, indie, and rock tracks asking questions that sting. The creeper who thinks they're invisible. They're not. Channeling John Lennon, obviously. Ego, meet your reflection.",Speak: EGO (gone loco),,,,2025-08-01T08:24:54Z,"BLOWsutra, BLOWsutra : EGO (gone loco), BURLESQUEsutra, INDIEsutra, ROCKsutra, ROCKsutra (Best Of)"
Hi · My Name Is (Not Celine Dion) - Vol02 EPx11 - SHOWsutra Dubby Grass Burlesque Edition,https://soundcloud.com/bananasutra/sets/hi-my-name-is-not-celine-dion-vol02-epx11-showsutra-dubby-grass-burlesque-edition,2,,SHOWsutra,"BANJO,BURLESQUE,DUB,FOLK,JAZZ","BANJO,BURLESQUE,COUNTRY,DUB,FOLK,JAZZ,PSYCHEDELIC",11,"[01] Hi, My Name Is (Not Celine Dion) - SHOWsutra Bluesy Burlesque DUB, [02] Hi, My Name Is (Not Celine Dion) - SHOWsutra Burlesque Country Fiddle BANJO, [03] Hi, My Name Is (Not Celine Dion) - SHOWsutra Burlesque Banjo FOLK, [04] Hi, My Name Is (Not Celine Dion) - SHOWsutra PBGal Burlesque Piano Bar FOLK, [05] Hi, My Name Is (Not Celine Dion) - SHOWsutra I Burlesque You Not JAZZ, [06] Hi, My Name Is (Not Celine Dion) - SHOWsutra Circus Accordion Jazz BURLESQUE, [07] Hi, My Name Is (Not Celine Dion) • SHOWsutra Psychedelic Circus BURLESQUE, [08] Hi, My Name Is (Not Celine Dion) • SHOWsutra Cello Circus Waltz BURLESQUE, [09] Hi, My Name Is (Not Celine Dion) • SHOWsutra Cello Circus Waltz BURLESQUE, [10] Hi, My Name Is (Not Celine Dion) • SHOWsutra Cello Circus Waltz BURLESQUE, [11] Hi, My Name Is (Not Celine Dion) • SHOWsutra Cello Circus Waltz BURLESQUE","2192359411, 2192359431, 2192359423, 2192359419, 2192359407, 2192359427, 2192359447, 2192359435, 2192359443, 2192359439, 2192359415",2093,12,0.573340,0:38:21,https://i1.sndcdn.com/artworks-8AeGeNBuRUKrnybC-5NKduw-t500x500.png,https://i1.sndcdn.com/artworks-8AeGeNBuRUKrnybC-5NKduw-t1080x1080.png,"Hi, My Name Is (Not Celine Dion)",L-99,checked,,"A 11-track luminous ride that takes nothing seriously except joy. Hi, my name is... not Celine Dion. (But she inspired me.) Served in banjo, burlesque, and dub. Vol. 2, because one wasn't enough. Welcome to the Fanana club.",Play: FANANA (party),,,,2025-10-17T10:17:13Z,"BANJOsutra, BURLESQUEsutra, BURLESQUEsutra (Best Of), DUBsutra, FOLKsutra, JAZZsutra, SHOWsutra : FANANA Club, SHOWsutra where bananas play"
Hi · My Name Is (Not Celine Dion) - Vol03 EPx11 - SHOWsutra Gipsy Trip Hop World LoFi Edition,https://soundcloud.com/bananasutra/sets/hi-my-name-is-not-celine-dion-vol03-epx11-showsutra-gipsy-trip-hop-world-lofi-edition,3,,SHOWsutra,LOFI,"GIPSY,LOFI,TRIP HOP",11,"[01] Hi, My Name Is (Not Céline Dion) - SHOWsutra Gipsy Fusion Trip Hop World LOFI, [02] Hi, My Name Is (Not Céline Dion) - SHOWsutra Gipsy Fusion Trip Hop World LOFI, [03] Hi, My Name Is (Not Céline Dion) - SHOWsutra Gipsy Fusion Trip Hop World LOFI, [04] Hi, My Name Is (Not Céline Dion) - SHOWsutea Gipsy Fusion Trip Hop World LOFI, [05] Hi, My Name Is (Not Céline Dion) - SHOWsutra Gipsy Fusion Trip Hop World LOFI, [06] Hi, My Name Is (Not Céline Dion) - SHOWsutra Gipsy Fusion Trip Hop World LOFI, [07] Hi, My Name Is (Not Céline Dion) - SHOWsutea Gipsy Fusion Trip Hop World LOFI, [08] Hi, My Name Is (Not Céline Dion) - SHOWsutra Gipsy Fusion Trip Hop World LOFI, [09] Hi, My Name Is (Not Céline Dion) - SHOWsutra Gipsy Fusion Trip Hop World LOFI, [10] Hi, My Name Is (Not Céline Dion) - SHOWsutra Gipsy Fusion Trip Hop World LOFI, [11] Hi, My Name Is (Not Céline Dion) - SHOWsutra Gipsy Fusion Trip Hop World LOFI","2192362615, 2192362623, 2192362631, 2192362639, 2192362619, 2192362611, 2192362607, 2192362635, 2192362627, 2192362647, 2192362643",2394,29,1.211362,0:40:18,https://i1.sndcdn.com/artworks-F6v264OYqZyCDfpy-bKUKiA-t500x500.png,https://i1.sndcdn.com/artworks-F6v264OYqZyCDfpy-bKUKiA-t1080x1080.png,"Hi, My Name Is (Not Celine Dion)",L-99,checked,,"11 lo-fi tracks steeped in equal parts fury and love. Hi, my name is... not Celine Dion. (But she inspired me.) Vol. 3, because one wasn't enough. Welcome to the Fanana club.",Play: FANANA (party),,,,2025-10-17T10:24:44Z,"LOFIsutra, LOFIsutra (Best Of), SHOWsutra : FANANA Club, SHOWsutra where bananas play"
Hold the Mic · Babe  EP X7 | Soul Prayer Lullabies,https://soundcloud.com/bananasutra/sets/hold-the-mic-babe-soul,1,,GROWsutra,"BLUES,FOLK,MANTRA",SOUL,7,"#1 Hold the Mic, Babe ☰ BANJOsutra Vocal Hug, #2 Hold the Mic, Babe ☰ DUBsutra Vocal Hug, #3 Hold the Mic, Babe ☰ BANJOsutra Hug for Ya, Babe, #4 Hold the Mic, Babe ☰ JAZZsutra Hug for Ya, Babe, #5 Hold the Mic, Babe ☰ DUBsutra Hug for Ya, Babe, #6 Hold the Mic, Babe ☰ DRUMsutra Vocal Hug, #7 Hold the Mic, Babe ☰ DRUMsutra Vocal Hug","1955989815, 1955989799, 1955989803, 1955989811, 1955989819, 1955989823, 1955989807",5254,26,0.494861,0:19:47,https://i1.sndcdn.com/artworks-ZzVNwSHzbhNq9mzn-vHyL4w-t500x500.png,https://i1.sndcdn.com/artworks-ZzVNwSHzbhNq9mzn-vHyL4w-t1080x1080.png,"Hold The Mic, Babe",L-102,checked,,"7 blues, folk, and mantra tracks that won't let you look away. The mic is right there. It's waiting. Dare to care. That's the whole thing.",Dare: DARE (to care),,,,2024-11-12T08:39:00Z,"BANJOsutra, BLUESsutra (Best Of), BOWsutra the last of 7 sutras · it's divine <3, DUBsutra, DUBsutra (Best Of), GROWsutra : DARE (to care), GROWsutra : KIND(ness), GROWsutra where we be brave, JAZZsutra, MANTRAsutra"
Hope is So Do-Do-Dope 🎪🦤 SHOWsutra Surreal Soul Circus EPx9,https://soundcloud.com/bananasutra/sets/hope-is-so-do-do-dope-showsutra-surreal-soul-circus-epx9,1,,SHOWsutra,"BURLESQUE,INDIE,ROCK","BURLESQUE,GIPSY,INDIE,PSYCHEDELIC,ROCK,SOUL",9,"[01] Hope is So Do-Do-Dope • SHOWsutra Mama-b-c Gipsy Cello Peace INDIE, [02] Hope Is So Do-Do-Dope • SHOWsutra Absurd Gipsy Psychedelic Circus BURLESQUE, [03] Hope is so do-do-dope • SHOWsutra Psychedelic Accordion Duende Waltz Circus BURLESQUE, [04] Hope is so do-do-dope • SHOWsutra Psychedelic Accordion Duende Waltz Circus BURLESQUE, [05] Hope is so do-do-dope • SHOWsutra Psychedelic Accordion Duende Waltz Circus BURLESQUE, [06] Hope Is So Do-Do-Dope • SHOWsutra Absurd Gipsy Psychedelic BURLESQUE ROCK, [07] Hope Is So Do-Do-Dope • SHOWsutra Absurd Gipsy Psychedelic BURLESQUE ROCK, [08] Hope Is So Do-Do-Dope • SHOWsutra Absurd Gipsy Psychedelic BURLESQUE ROCK, [09] Hope Is So Do-Do-Dope • SHOWsutra Absurd Gipsy Psychedelic BURLESQUE ROCK","2175984750, 2175984753, 2175984756, 2175984768, 2175984765, 2175984759, 2175984747, 2175984762, 2175984744",1368,10,0.730994,0:32:05,https://i1.sndcdn.com/artworks-6nsPwxZLywLDp58z-pvh8Pw-t500x500.png,https://i1.sndcdn.com/artworks-6nsPwxZLywLDp58z-pvh8Pw-t1080x1080.png,Hope is Do-Do-Dope,L-104,checked,,"A solid half-hour of gleeful absurdity, across 9 tracks. The Dodo is back. It feels like hope. And hope is dope. Right? (Ahem, let's dance.) Burlesque, indie, and rock grooves from end to end. Be the fool worth being.",Play: (Be) The Fool,,,,2025-09-24T18:31:55Z,"BURLESQUEsutra, INDIEsutra, ROCKsutra, SHOWsutra where bananas play, SHOWsutra: (shades of) FOOLS"
How to Help a Bible Bro Grow Up · In the name of Religious Freedom,https://soundcloud.com/bananasutra/sets/how-to-help-a-bible-bro-grow-up-in-the-name-of-religious-freedom,1,,GROWsutra,"DUB,FOLK,INDIE","DUB,FOLK,INDIE",7,"[1] How to Help a Bible Bro Grow Up • BANANAsutra (eat it) Jazzy Dub FOLK, [2] Watch your Mouth Yup (please) • folky dandy BANJOsutra, [3] Shush it Up Yo (Please) • DUBsutra, [4] Shush the Bull Bro (Please) • DUBsutra, [5] Shush your Mouth (Please) • DUBsutra, [6] How to Help a Bible Bro Grow Up (2) • BANANAsutra (lick it) ChillHOP, [7] Your rules don’t apply to me • Indie MANTRAsutra","2077764124, 2077764120, 2077764104, 2077764116, 2077764108, 2077764100, 2077764128",1993,19,0.953337,0:20:34,https://i1.sndcdn.com/artworks-iut6y3WtyieWGgpN-uNGjiA-t500x500.png,https://i1.sndcdn.com/artworks-iut6y3WtyieWGgpN-uNGjiA-t1080x1080.png,Shush (How To Help A Bible Bro Grow Up),L-222,checked,,"7 dub, folk, and indie tracks built on nerve and a prayer. In the name of Religious Freedom, please bro, STFU. Holy questions, no holy answers.",Dare: GOD (etc.),,,,2025-04-13T18:49:48Z,"BANJOsutra, BURLESQUEsutra, DUBsutra, DUBsutra (Best Of), FOLKsutra, GROWsutra : GOD (etc), GROWsutra where we be brave, JAZZsutra, LOFIsutra, MANTRAsutra, MANTRAsutra (Best Of), QUACKsutra where we sing FU, Questions for the (kind) POPE in the Sky"
I Ain't No Christian (No Holy Fool) ♥ EPx4 VOL. 01,https://soundcloud.com/bananasutra/sets/i-aint-no-christian-no-holy-fool-epx4-vol02,1,,KNOWsutra,"BLUES,BURLESQUE,FOLK,INDIE,ROCK","BLUES,BURLESQUE,FOLK,INDIE,ROCK,SOUL",4,"[1] I Ain't No Christian (No Holy Fool) • Jazzy Piano BURLESQUE, [2] I Ain't No Christian (lalalou) • Campy Soul FOLK, [3] I Ain't No Christian (No Holy Fool) • Indie Folk ROCK, [x] Single rePLAY •  No Holy Fool (I Ain't No Christian) • Soulful Jazzy BLUES","2081391102, 2081391111, 2081391105, 2081391108",737,8,1.085482,0:11:49,https://i1.sndcdn.com/artworks-FXu0T1aNuzRuPyMB-olhCZA-t500x500.png,https://i1.sndcdn.com/artworks-FXu0T1aNuzRuPyMB-olhCZA-t1080x1080.png,I Ain't No Christian,L-109,checked,,A 4-track sun-drunk hymn that dances where gods fear to tread. I looked for peace and logic. I found Bertrand Russell. Close enough. Inspired by Bertrand Russell. Bertrand would approve. Probably.,Ask: BERTRAND (knows),,,,2025-04-19T02:10:31Z,"BLUESsutra, BURLESQUEsutra, FOLKsutra, INDIEsutra, KNOWsutra where questions matter, QUACKsutra where we sing FU, Questions for the (kind) POPE in the Sky, ROCKsutra"
I Ain't No Christian 🍎 KNOWsutra (Bertrand Knows) Fusion Vol. 3 EPx24,https://soundcloud.com/bananasutra/sets/i-aint-no-christian-knowsutra-vol3-epx24,3,,KNOWsutra,"BLUES,DUB,INDIE","BLUES,DUB,INDIE",24,"[01] I Ain't No Christian • KNOWsutra (Bertrand Knows) Kindness Is In The Depth Folk Banjo BLUES, [02] I Ain't No Christian • KNOWsutra (Bertrand Knows) Kindness Is In The Depth Banjo FOLK, [03] I Ain't No Christian • KNOWsutra (Bertrand Knows) Psychedelic Queen Of Authentic FOLK, [04] I Ain't No Christian • KNOWsutra (Bertrand Knows) Psychedelic Queen Of Authentic FOLK, [05] I Ain't No Christian • KNOWsutra (Bertrand Knows) Psychedelic Queen Of Authentic FOLK, [06] I Ain't No Christian • KNOWsutra (Bertrand Knows) Honky Booya Harmonica Tonky Banjo FOLK, [07] I Ain't No Christian • KNOWsutra (Bertrand Knows) Honky Booya Harmonica Tonky Banjo FOLK, [08] I Ain't No Christian • KNOWsutra (Bertrand Knows) Psychedelick Trip Hop Ambient Soul DUB, [09] I Ain't No Christian • KNOWsutra (Bertrand Knows) Psychedelick Poetry Bridges the DUB, [10] I Ain't No Christian • KNOWsutra (Bertrand Knows) Psychedelick Poetry Bridges the DUB, [11] I Ain't No Christian • KNOWsutra (Bertrand Knows) Psychedelick Poetry Bridges the DUB, [12] I Ain't No Christian • KNOWsutra (Bertrand Knows) Psychedelick Poetry Bridges the DUB, [13] I Ain't No Christian • KNOWsutra (Bertrand Knows) Hip Hop Tango LOFI, [14] I Ain't No Christian • KNOWsutra (Bertrand Knows) Hip Hop Tango LOFI, [15] I Ain't No Christian • KNOWsutra (Bertrand Knows) Hip Hop Tango LOFI, [16] I Ain't No Christian • KNOWsutra (Bertrand Knows) Oh My Oh Why Accordion Upright Bass INDIE, [17] I Ain't No Christian • KNOWsutra (Bertrand Knows) Oh My Oh Why Accordion Upright Bass INDIE, [18] I Ain't No Christian • KNOWsutra (Bertrand Knows) Oh My Oh Why Accordion Upright Bass INDIE, [19] I Ain't No Christian • KNOWsutra (Bertrand Knows) Oh My Oh Why Accordion Upright Bass INDIE, [20] I Ain't No Christian • KNOWsutra (Bertrand Knows) Oh My Oh Why Cello Upright Bass INDIE, [21] I Ain't No Christian • KNOWsutra (Bertrand Knows) NeoSoul Blues Piano INDIE, [22] I Ain't No Christian • KNOWsutra (Bertrand Knows) NeoSoul Blues Piano INDIE, [23] I Ain't No Christian • KNOWsutra (Bertrand Knows) NeoSoul Blues Piano INDIE, [24] I Ain't No Christian • KNOWsutra (Bertrand Knows) NeoSoul Blues Piano Jazz INDIE","2358977747, 2358977717, 2358977711, 2358977726, 2358977723, 2358977702, 2358977714, 2358977729, 2358977705, 2358977750, 2358977738, 2358977753, 2358977741, 2358977708, 2358977732, 2358977720, 2358977765, 2358977762, 2358977735, 2358977744, 2358977768, 2358977759, 2358977771, 2358977756",9960,95,0.953815,1:19:41,https://i1.sndcdn.com/artworks-vWBmqYxogY2cPdB3-QOjsHg-t500x500.jpg,https://i1.sndcdn.com/artworks-vWBmqYxogY2cPdB3-QOjsHg-t1080x1080.jpg,I Ain't No Christian,L-109,checked,,"This is volume 3 of this song x24, inspired by my favorite dead daddy, Bertrand Russel, asking a fair, timeless question: “Has Religion Contributed Anything Useful to Civilization?”",Ask: BERTRAND (knows),,,,2026-07-12T04:45:34Z,"BLUESsutra, BLUESsutra (Best Of), DUBsutra, FOLKsutra, INDIEsutra, KNOWsutra where questions matter, LOFIsutra"
I Did the Math · and Everything is Stupid • SHOWsutra Snoopy Fanana Club EPx11,https://soundcloud.com/bananasutra/sets/i-did-the-math-and-everything-is-stupid-showsutra-snoopy-fanana-club-epx11,1,,SHOWsutra,"BURLESQUE,DUB,INDIE,JAZZ,ROCK","BURLESQUE,DUB,GIPSY,INDIE,JAZZ,PSYCHEDELIC,PUNK,ROCK",11,"[01] I Did the Math, and Everything is Stupid • SHOWsutra Indie Jazz Burlesque Snoopy DUB, [02] I Did the Math (and Everything is Stupid) • SHOWsutra Jazzy Indie Dub BURLESQUE, [03] I Did the Math (and Everything is Stupid) • SHOWsutra Indie Accordion Chanson BURLESQUE, [04] I Did the Math (and Everything is Stupid) • SHOWsutra Indie Chanson Gipsy BURLESQUE, [05] I Did the Math (and Everything is Stupid) • SHOWsutra Psychedelic Burlesque Indie ROCK, [06] I Did the Math (and Everything is Stupid) • SHOWsutra Psychedelic Burlesque Indie ROCK, [07] I Did the Math (and Everything is Stupid) • SHOWsutra Psychedelic Burlesque Indie ROCK, [08] Everything is Stupid, Absurd, and Divine • SHOWsutra Psy Punk Burlesque ROCK, [09] Everything is Stupid, Absurd, and Divine • SHOWsutra Psy Punk Chanson Burlesque ROCK, [10] Everything is Stupid, Absurd, and Divine • SHOWsutra Psy Punk Chanson Burlesque ROCK, [Bonus] I did the Math, and Everything is Stupid • SHOWsutra Snoopy Poopy INDIE","2235608816, 2235608822, 2235608837, 2235608831, 2235608819, 2235608840, 2235608828, 2235608813, 2235608825, 2235608834, 2235608843",10767,109,1.012353,0:40:34,https://i1.sndcdn.com/artworks-MzZS6UnLWFjCH0yw-Ud0ziA-t500x500.png,https://i1.sndcdn.com/artworks-MzZS6UnLWFjCH0yw-Ud0ziA-t1080x1080.png,I Did The Math (Everything is Stupid),L-110,checked,,"A solid half-hour of hard-earned wisdom, across 11 tracks. The math checks out: everything is stupid, absurd, and strangely divine. With a wink to Snoopy. Resonated: 10k plays and 105 likes so far. Welcome to the Fanana club.",Play: FANANA (party),,,,2025-12-24T09:11:18Z,"BURLESQUEsutra, BURLESQUEsutra (Best Of), DUBsutra, INDIEsutra, INDIEsutra (Best Of), ROCKsutra, ROCKsutra (Best Of)"
I Think I Need a Good Spank!ng (in Madrid) ⚯ SHOWsutra EPx9,https://soundcloud.com/bananasutra/sets/i-think-i-need-a-good-spankng-in-madrid-showsutra-epx9,1,,SHOWsutra,"BURLESQUE,DUB,INDIE,JAZZ","BURLESQUE,DUB,FADO,HIP HOP,INDIE,JAZZ",9,"[01] I think I need a good spank!ng (in Madrid) • Mama Cello INDIE, [02] I think I need a good spank!ng (in Madrid) • Fado JAZZ BURLESQUE, [03] I think I need a good spank!ng (in Madrid) • Minimal Piano Cello JAZZ, [04] I think I need a good spank!ng (in Madrid) • Husky Drum Cello INDIE JAZZ, [05] I think I need a good spank!ng (in Madrid) • Accordion BURLESQUE JAZZ, [06] I think I need a good spank!ng (in Madrid) • Accordion BURLESQUE DUB, [07] I think I need a good spank!ng (in Madrid) • Quirky Accordion BURLESQUE DUB, [08] I think I need a good spank!ng (in Madrid) • Hip Hop lalala DUB, [BONUS] I think I need a good spank!ng (in Madrid) • Hip Hop Remix","2123494455, 2123494467, 2123494449, 2123494461, 2123494452, 2123494473, 2123494470, 2123494464, 2123494458",1604,13,0.810474,0:26:59,https://i1.sndcdn.com/artworks-PfxPRXz3WMhUPWjS-5CSzRQ-t500x500.png,https://i1.sndcdn.com/artworks-PfxPRXz3WMhUPWjS-5CSzRQ-t1080x1080.png,I Think I Need a Good Spank!ng (in Madrid),L-112,checked,,"9 tracks of sacred fooling. #censored. Because SHOWsutra is where we play. And imagination is everything. The sound: burlesque, dub, and indie. Where trust gets tender.",Trust: WET (my friend),,,,2025-07-02T23:26:39Z,"BURLESQUEsutra, DUBsutra, FLOWsutra : WET (my friend), INDIEsutra, JAZZsutra, LOFIsutra"
I Wanna Know • KNOWsutra (Peace Not War)  Mantra EPx17,https://soundcloud.com/bananasutra/sets/i-wanna-know-knowsutra-epx17,1,,KNOWsutra,MANTRA,MANTRA,17,"[01] I Wanna Know • KNOWsutra (Peace Not War) Avant-Garde Piano Cello Cabaret BURLESQUE, [02] I Wanna Know • KNOWsutra (Peace Not War) Avant-Garde Piano Cello Cabaret BURLESQUE, [03] I Wanna Know • KNOWsutra (Peace Not War) Avant-Garde Piano Cello Cabaret BURLESQUE, [04] I Wanna Know • KNOWsutra (Peace Not War) Avant-Garde Piano Cello Cabaret BURLESQUE, [05] I Wanna Know • KNOWsutra (Peace Not War) Avant-Garde Piano Cello Cabaret BURLESQUE, [06] I Wanna Know • KNOWsutra (Peace Not War) Avant-Garde Piano Cello Cabaret BURLESQUE, [07] I Wanna Know • KNOWsutra (Peace Not War) Avant-Garde Piano Cello Cabaret BURLESQUE, [08] I Wanna Know • KNOWsutra (Peace Not War) NeoSoul R&B Piano Gospel INDIE, [09] I Wanna Know • KNOWsutra (Peace Not War) NeoSoul R&B Piano Gospel INDIE, [10] I Wanna Know • KNOWsutra (Peace Not War) NeoSoul R&B Piano Gospel INDIE, [11] I Wanna Know • KNOWsutra (Peace Not War) Gipsy Drum Cello Dream INDIE, [12] I Wanna Know • KNOWsutra (Peace Not War) Gipsy Piano Cello Dream INDIE, [13] I Wanna Know • KNOWsutra (Peace Not War) Mama-B-C Accordion Cello Dream INDIE, [14] I Wanna Know • KNOWsutra (Peace Not War) Mama-B-C Accordion Cello Dream INDIE, [15] I Wanna Know • KNOWsutra (Peace Not War) Oh My Oh Why Accordion Cello INDIE, [16] I Wanna Know • KNOWsutra (Peace Not War) Oh My Oh Why Accordion Cello INDIE, [17] I Wanna Know • KNOWsutra (Peace Not War) Oh My Oh Why Accordion Cello INDIE","2352638537, 2352638534, 2352638558, 2352638528, 2352638546, 2352638555, 2352638531, 2352638549, 2352638564, 2352638573, 2352638540, 2352638567, 2352638552, 2352638543, 2352638576, 2352638561, 2352638570",9449,121,1.280559,1:16:08,https://i1.sndcdn.com/artworks-fzTZbjfewlDJyO9P-ej4G4A-t500x500.png,https://i1.sndcdn.com/artworks-fzTZbjfewlDJyO9P-ej4G4A-t1080x1080.png,I Wanna Know,L-424,checked,,"17 versions of one whale wailing a song for peace, beyond treason, on the horizon of reason...",Ask: PEACE (not war),,,,2026-07-03T18:02:13Z,"BURLESQUEsutra, BURLESQUEsutra (Best Of), INDIEsutra, INDIEsutra (Best Of), KNOWsutra where questions matter"
Idiocracy Now ✪ QUACKsutra EPx10,https://soundcloud.com/bananasutra/sets/idiocracy-now-quacksutra-epx10,1,,BLOWsutra,"BANJO,BURLESQUE,FOLK,INDIE,LOFI,ROCK","BANJO,BURLESQUE,COUNTRY,FOLK,INDIE,LOFI,PUNK,ROCK",10,"[01] Idiocracy Now • QUACKsutra World Fusion FOLK, [02] Idiocracy Now • QUACKsutra World LoFi Fusion FOLK, [03] Idiocracy Now • QUACKsutra Booya Country Circus Folk BANJO, [04] Idiocracy Now • QUACKsutra Booya Country Circus Folk BANJO, [05] Idiocracy Now • QUACKsutra Hide your Pets Country Circus Folk BANJO, [06] Idiocracy Now • QUACKsutra Hide your Pets Country Circus Folk BANJO, [07] Idiocracy Now • QUACKsutra Post-Punk Burlesque Punk ROCK, [08] Idiocracy Now • QUACKsutra Post-Punk Burlesque ROCK, [09] Idiocracy Now • QUACKsutra Post-Punk Burlesque ROCK, [10] Idiocracy Now • QUACKsutra Cello Bamboozling LoFi INDIE","2167946988, 2167946997, 2167947012, 2167947000, 2167946985, 2167946994, 2167947003, 2167947009, 2167947006, 2167946991",1787,16,0.895355,0:36:19,https://i1.sndcdn.com/artworks-PbQdusXHHfL2vzQG-PVycmg-t500x500.png,https://i1.sndcdn.com/artworks-PbQdusXHHfL2vzQG-PVycmg-t1080x1080.png,Idiocracy Now,L-113,checked,,"A 10-track shadow-walk that stays wide awake through the circus. The difference between Idiocracy and MAGAcracy? The timeline. Banjo, burlesque, and folk grooves from end to end. The apes are at it again.",Speak: APES (gone wrong),,,,2025-09-10T02:31:50Z,"BANJOsutra, FOLKsutra, INDIEsutra, QUACKsutra : FOTUS Circus, QUACKsutra where we sing FU, ROCKsutra"
If We Had But(t) The Truth • Vol. 2 EPx22 • BLOWsutra (Censored) Epstein Etcetera Soundtrack,https://soundcloud.com/bananasutra/sets/if-we-had-butt-the-truth-vol-2-epx22-blowsutra-censored-epstein-etcetera-soundtrack,2,,BLOWsutra,"BLUES,BURLESQUE,DUB,FOLK,INDIE,JAZZ,LOFI,ROCK","BLUES,BURLESQUE,CABARET,DUB,FOLK,GIPSY,INDIE,JAZZ,LOFI,PSYCHEDELIC,RAGGA,ROCK,TRIP HOP",22,"Side A [01] If We Had But(t) The Truth • BLOWsutra (Censored) Jazzy Psychedelic Hip Trip Hop LOFI, Side A [02] If We Had But(t) The Truth • BLOWsutra (Censored) Jazzy Psychedelic Hip Trip Hop LOFI, Side A [03] If We Had But(t) The Truth • BLOWsutra (Censored) Jazzy Psychedelic Hip Trip Scratch Hop LOFI, Side A [04] If We Had But(t) The Truth • BLOWsutra (Censored) Jazzy Psychedelic Hip Trip Hop LOFI, Side A [05] If We Had But(t) The Truth • BLOWsutra (Censored) Storyteller Hip Trip Hop LOFI, Side A [06] If We Had But(t) The Truth • BLOWsutra (Censored) Folk Poetry on the Bridge DUB, Side A [07] If We Had But(t) The Truth • BLOWsutra (Censored) PsyFolk Poetry on the Bridge DUB, Side A [08] If We Had But(t) The Truth • BLOWsutra (Censored) Folk Poetry on the Bridge DUB, Side A [09] If We Had But(t) The Truth • BLOWsutra (Censored) Feel Di Riddim Ragga Mama DUB, Side A [10] If We Had But(t) The Truth • BLOWsutra (Censored) WSWHFN Ragga Mama DUB, Side A [11] If We Had But(t) The Truth • BLOWsutra (Censored) Dem Sed Ragga Mama DUB, Side A [12] If We Had But(t) The Truth • BLOWsutra (Censored) Dem Sed Ragga Mama DUB, Side B [13] If We Had But(t) The Truth • BLOWsutra (Censored) Destiny Classic Psychedelia BLUES, Side B [14] If We Had But(t) The Truth • BLOWsutra (Censored) Gipsy Psychedelia Strings Indie FOLK, Side B [15] If We Had But(t) The Truth • BLOWsutra (Censored) Gipsy Psychedelia Accordion Cello Indie FOLK, Side B [16] If We Had But(t) The Truth • BLOWsutra (Censored) PsyPunk Rock Cabaret BURLESQUE, Side B [17] If We Had But(t) The Truth • BLOWsutra (Censored) PsyPunk Rock Cabaret BURLESQUE, Side B [18] If We Had But(t) The Truth • BLOWsutra (Censored) PsyPunk Rock Cabaret BURLESQUE, Side B [19] If We Had But(t) The Truth • BLOWsutra (Censored) Burlesque PsyGipsy Cello Jazz INDIE, Side B [20] If We Had But(t) The Truth • BLOWsutra (Censored) Burlesque PsyGipsy Cello Jazz INDIE, Side B [21] If We Had But(t) The Truth • BLOWsutra (Censored) Burlesque PsyGipsy Cello Jazz INDIE, Side B [22] If We Had But(t) The Truth • BLOWsutra (Censored) Burlesque PsyGipsy Cello Jazz INDIE","2254103180, 2254103177, 2254103168, 2254103198, 2254103210, 2254103174, 2254103216, 2254103219, 2254103165, 2254103213, 2254103183, 2254103189, 2254103201, 2254103162, 2254103222, 2254103159, 2254103171, 2254103186, 2254103204, 2254103207, 2254103192, 2254103195",14021,96,0.684687,1:18:17,https://i1.sndcdn.com/artworks-1InxeLQ1c3LnQwmz-u75GhQ-t500x500.png,https://i1.sndcdn.com/artworks-1InxeLQ1c3LnQwmz-u75GhQ-t1080x1080.png,If We Had But(t) The Truth,L-114,checked,,"22 tracks of fair-play defiance. If we had but(t) the truth, what would we even do with it? Blues, burlesque, and dub grooves from end to end. Volume 2 hits different. One of the heavier hitters: 13k+ plays.",Speak: CENSOR(ed),,,,2026-01-25T23:52:04Z,"BLOWsutra, BLOWsutra : CENSOR(ed), BLUESsutra, BURLESQUEsutra, BURLESQUEsutra (Best Of), DUBsutra, DUBsutra (Best Of), FOLKsutra, FOLKsutra (Best Of), INDIEsutra, LOFIsutra, LOFIsutra (Best Of), QUACKsutra where we sing FU"
If We Had But(t) The Truth ☲ Easterican Profanities EPx5 ☲ QUACKsutra,https://soundcloud.com/bananasutra/sets/if-we-had-butt-the-truth-easterican-profanities-epx5-quacksutra,1,,QUACKsutra,BLUES,BLUES,5,"[01] If We Had But(t) The Truth (Not The Quack) 1 (high) - Cello INDIEsutra, [02] If We Had But(t) The Truth (Not The Quack) 2 - Cello INDIEsutra, [03] If We Had But(t) The Truth (Not The Quack) (low) - Drum INDIEsutra, [04] If We Had But(t) The Truth (Not The Quack) - Blues FOLKsutra, [05] If We Had But(t) The Truth (Not The Quack) - Drum MANTRAsutra","2103159153, 2103159159, 2103159165, 2103159162, 2103159156",1617,17,1.051330,0:16:02,https://i1.sndcdn.com/artworks-YXoYMbXvm3ILHBz6-ixlblg-t500x500.png,https://i1.sndcdn.com/artworks-YXoYMbXvm3ILHBz6-ixlblg-t1080x1080.png,If We Had But(t) The Truth,L-114,checked,,"5 blues tracks steeped in equal parts fury and love. If we had but(t) the truth, what would we even do with it? Uncensored. Obviously.",Speak: CENSOR(ed),,,,2025-05-27T15:41:22Z,"BLOWsutra : APES (gone wrong), BLUESsutra, FOLKsutra, INDIEsutra, MANTRAsutra, QUACKsutra where we sing FU"
Ironic Moronic Eugenics ☤ What Happens When KNOWsutra & BLOWsutra Make a Baby,https://soundcloud.com/bananasutra/sets/ironic-moronic-eugenics-what-happens-when-knowsutra-blowsutra-make-a-baby,1,,BLOWsutra,"BANJO,BLUES,DUB,FOLK,ROCK","BANJO,BLUES,DUB,FOLK,PSYCHEDELIC,PUNK,ROCK",8,"[01] Ironic Moronic Eugenics • BLOWsutra Psychedelic Poetry DUB, [02] Ironic Moronic Eugenics • BLOWsutra Psychedelic Queen of Authentic Bluesy Dub FOLK, [03] Ironic Moronic Eugenics • BLOWsutra Psychedelic Ukulele Bass BLUES, [04] Ironic Moronic Eugenics • BLOWsutra Psychedelic Banjo Psybass Bluegrass BLUES, [05] Ironic Moronic Eugenics • BLOWsutra Psychedelic Banjo Booya BLUES, [06] Ironic Moronic Eugenics • BLOWsutra Psychedelic Banjo Booya BLUES, [07] Ironic Moronic Eugenics • BLOWsutra Psychedelic Banjo Booya BLUES, [08] Ironic Moronic Eugenics • BLOWsutra Post-Punk Psychedelic Burles ROCK","2175054762, 2175054765, 2175054756, 2175054777, 2175054759, 2175054768, 2175054771, 2175054774",1679,15,0.893389,0:27:43,https://i1.sndcdn.com/artworks-N9z3Fy63NDAYopf0-Ffs1iA-t500x500.png,https://i1.sndcdn.com/artworks-N9z3Fy63NDAYopf0-Ffs1iA-t1080x1080.png,Ironic Moronic Eugenics,L-115,checked,,"A solid half-hour of structural outrage, across 8 tracks. The history of eugenics: what happens when certainty meets cruelty. The sound: banjo, blues, and dub. The apes are at it again.",Speak: APES (gone wrong),,,,2025-09-23T01:12:21Z,"BANJOsutra, BLOWsutra, BLOWsutra : APES (gone wrong), BLOWsutra : EGO (gone loco), BLUESsutra, BLUESsutra (Best Of), BURLESQUEsutra, DUBsutra, FOLKsutra, JAZZsutra, ROCKsutra"
It's an Ethical Paradox • Vol. 2 EPx15 • KNOWsutra (Bertrand Knows) Gipsy Burlesque Jazz,https://soundcloud.com/bananasutra/sets/its-an-ethical-paradox-an-oxymoron-maze-vol-2-epx15-knowsutra-bertrand-knows-gipsy-burlesque-jazz,2,,KNOWsutra,"BURLESQUE,DUB,JAZZ,LOFI","BURLESQUE,DUB,GIPSY,JAZZ,LOFI,TRIP HOP",15,"[01] It's an Ethical Paradox, an Oxymoron Maze • KNOWsutra (Bertrand Knows) Gipsy Burlesque Piano Bass JAZZ, [02] It's an Ethical Paradox, an Oxymoron Maze • KNOWsutra (Bertrand Knows) Gipsy Burlesque Upright Bass JAZZ, [03] It's an Ethical Paradox, an Oxymoron Maze • KNOWsutra (Bertrand Knows) Gipsy Burlesque Upright Bass JAZZ, [04] It's an Ethical Paradox, an Oxymoron Maze • KNOWsutra (Bertrand Knows) Gipsy Burlesque Upright Bass JAZZ, [05] It's an Ethical Paradox, an Oxymoron Maze • KNOWsutra (Bertrand Knows) Gipsy Burlesque Upright Bass Piano JAZZ, [06] It's an Ethical Paradox, an Oxymoron Maze • KNOWsutra (Bertrand Knows) Gipsy Burlesque Piano Upright Bass JAZZ, [07] It's an Ethical Paradox, an Oxymoron Maze • KNOWsutra (Bertrand Knows) Gipsy Burlesque Upright Bass JAZZ, [08] It's an Ethical Paradox, an Oxymoron Maze • KNOWsutra (Bertrand Knows) Gipsy Burlesque Upright Bass Cello JAZZ, [09] It's an Ethical Paradox, an Oxymoron Maze • KNOWsutra (Bertrand Knows) Gipsy Burlesque Upright Bass Cello JAZZ, [10] It's an Ethical Paradox, an Oxymoron Maze • KNOWsutra (Bertrand Knows) Gipsy Burlesque Upright Bass Cello JAZZ, [11] It's an Ethical Paradox, an Oxymoron Maze • KNOWsutra (Bertrand Knows) Gipsy Burlesque Jazz Cello Trip Hop LOFI, [12] It's an Ethical Paradox, an Oxymoron Maze • KNOWsutra (Bertrand Knows) Gipsy Burlesque Jazz Cello Trip Hop LOFI, [13] It's an Ethical Paradox, an Oxymoron Maze • KNOWsutra (Bertrand Knows) Gipsy Burlesque Jazz Cello Trip Hop LOFI, [14] It's an Ethical Paradox, an Oxymoron Maze • KNOWsutra (Bertrand Knows) Gipsy Burlesque Jazz Cello LOFI, [15] It's an Ethical Paradox, an Oxymoron Maze • KNOWsutra (Bertrand Knows) Gipsy Burlesque Jazz Cello DUB","2241219644, 2241219647, 2241219629, 2241219632, 2241219674, 2241219638, 2241219650, 2241219656, 2241219665, 2241219662, 2241219635, 2241219659, 2241219653, 2241219668, 2241219641",22871,278,1.215513,0:54:51,https://i1.sndcdn.com/artworks-dpot7zmJbp98Q8za-Swn1Rg-t500x500.png,https://i1.sndcdn.com/artworks-dpot7zmJbp98Q8za-Swn1Rg-t1080x1080.png,It's An Ethical Paradox,L-116,checked,,"15 tracks of curious reckoning. Step right up to the paradox parade. Morals, double-edged, coming on up. Inspired by Bertrand Russell. Volume 2 hits different. Over 21k plays and counting—clearly something landed.",Ask: BERTRAND (knows),,,,2026-01-04T05:49:04Z,"DUBsutra (Best Of), JAZZsutra, JAZZsutra (Best Of), KNOWsutra : BERTRAND (mon chéri), KNOWsutra where questions matter, LOFIsutra, LOFIsutra (Best Of)"
It's Enshittification · Darling • BLOWsutra (Apes Gone Wrong) True Crime Story EPx12,https://soundcloud.com/bananasutra/sets/it-s-enshittification-darling-blowsutra-epx12,1,,BLOWsutra,"LOFI,BURLESQUE",JAZZ LOFI,12,"Side A [01] It's Enshittification, Darling • BLOWsutra (Apes Gone Wrong) Trip Hop Punk Burlesque Circus LOFI, Side A [02] It's Enshittification, Darling • BLOWsutra (Apes Gone Wrong) Trip Hop Punk Burlesque Circus LOFI, Side A [03] It's Enshittification, Darling • BLOWsutra (Apes Gone Wrong) Hip Punk Hop Dub Cabaret BURLESQUE, Side A [04] It's Enshittification, Darling • BLOWsutra (Apes Gone Wrong) Hip Punk Hop Dub Cabaret BURLESQUE, Side A [05] It's Enshittification, Darling • BLOWsutra (Apes Gone Wrong) Psychedelick Post-Punk Motorik Cabaret ROCK, Side A [06] It's Enshittification, Darling • BLOWsutra (Apes Gone Wrong) Psychedelick Post-Punk Motorik Cabaret ROCK, Side A [07] It's Enshittification, Darling • BLOWsutra (Apes Gone Wrong) Psychedelick Post-Punk Motorik Cabaret ROCK, Side A [08] It's Enshittification, Darling • BLOWsutra (Apes Gone Wrong) Psychedelick Post-Punk Motorik Cabaret ROCK, Side B [01] Word of the Year - Enshittification (Circa 2024) JAZZ NOIR LOFI, Side B [02] Word of the Year - Enshittification (Circa 2024) something funny HIP HOP JAZZ LOFI, Side B [03] Word of the Year - Enshittification (Circa 2024) Vocal JAZZ LOFI, Side B [04] Word of the Year - Enshittification (Circa 2024) PIANO RAP LOFI","2347267727, 2347267754, 2347267733, 2347267742, 2347267751, 2347267736, 2347267721, 2347267739, 2347267745, 2347267757, 2347267724, 2347267730",3956,43,1.086957,0:48:16,https://i1.sndcdn.com/artworks-z6FJUu0tU1W3N8RR-yvVFDQ-t500x500.png,https://i1.sndcdn.com/artworks-z6FJUu0tU1W3N8RR-yvVFDQ-t1080x1080.png,"It's Enshittification, Darling",L-391,checked,,Word of the century. Soundtrack of our lives. 12 tracks of experimental shit (circa 2024 & 2025).,Speak: APES (gone wrong),,,,2026-06-25T22:45:15Z,"BLOWsutra, BLOWsutra : APES (gone wrong), BURLESQUEsutra, BURLESQUEsutra (Best Of)"
It's War · My Friend ☳ QUACKsutra EPx15,https://soundcloud.com/bananasutra/sets/its-war-my-friend-quacksutra-epx15,1,,QUACKsutra,"BLUES,DUB,FOLK,INDIE,LOFI,ROCK","BLUES,DUB,FOLK,INDIE,LOFI,PSYCHEDELIC,PUNK,ROCK",15,"[01] It's War, My Friend • QUACKsutra Oh My Oh Why LoFi INDIE, [02] It's War, My Friend • QUACKsutra Tzigane Indie Fusion LOFI, [03] It's War, My Friend • QUACKsutra Tzigane Indie Fusion LOFI, [04] It's War, My Friend • QUACKsutra Tzigane Indie Fusion LOFI, [05] It's War, My Friend • QUACKsutra Tzigane Indie Fusion LOFI, [06] It's War, My Friend • QUACKsutra Muse Chill DUB, [07] It's War, My Friend • QUACKsutra Psychedelic BLUES, [08] It's War, My Friend • QUACKsutra Psychedelic BLUES, [09] It's War, My Friend • QUACKsutra Psychedelic BLUES, [10] It's War, My Friend • QUACKsutra Psychedelic BLUES, [11] It's War, My Friend • QUACKsutra Psychedelic Folk BLUES, [12] It's War, My Friend • QUACKsutra Psychedelic ROCK, [13] It's War, My Friend • QUACKsutra Psychedelic ROCK, [14] It's War, My Friend • QUACKsutra Psychedelic Punk ROCK, [15] It's War, My Friend • QUACKsutra Psychedelic Punk ROCK","2167934523, 2167934502, 2167934505, 2167934493, 2167934517, 2167934511, 2167934526, 2167934514, 2167934499, 2167934532, 2167934520, 2167934490, 2167934508, 2167934529, 2167934496",3467,44,1.269109,0:50:17,https://i1.sndcdn.com/artworks-yjDwmBzrh9rcYKwR-u7wlPw-t500x500.png,https://i1.sndcdn.com/artworks-yjDwmBzrh9rcYKwR-u7wlPw-t1080x1080.png,"It's War, My Friend",L-117,checked,,"15 blues, dub, and folk tracks for the ones who still give a damn. The Better Bananas Bureau of Peace Asks: WTH ""Maximum Lethality, Not Tepid Legality"" actually means? Quack quack. You know who you are.",Quack: DUCK (shady),,,,2025-09-10T02:01:48Z,"BLUESsutra, BLUESsutra (Best Of), DUBsutra, HIDDEN PEELS, INDIEsutra, LOFIsutra, LOFIsutra (Best Of), QUACKsutra : DUCK (shady), QUACKsutra : FOTUS Circus, QUACKsutra where we sing FU, ROCKsutra, ROCKsutra (Best Of)"
Jacques Brel : French EPx9 : GLOWsutra Burlesque Indie Blues Gratitude POET(ry),https://soundcloud.com/bananasutra/sets/jacques-brel-french-epx9-glowsutra-burlesque-indie-blues-gratitude-poetry,1,,GLOWsutra,"BANJO,BLUES,BURLESQUE,INDIE","BANJO,BLUES,BURLESQUE,INDIE,PSYCHEDELIC",9,"[01] Jacques Brel - French GLOWsutra Oh Boy Accordion Circus Waltz Chanson BURLESQUE, [02] Jacques Brel - French GLOWsutra Oh Boy Accordion Circus Waltz Chanson BURLESQUE, [03] Jacques Brel - French GLOWsutra Psychedelic Accordion Chanson INDIE, [04] Jacques Brel - French GLOWsutra Psychedelic Circus Cello Chanson INDIE, [05] Jacques Brel - French GLOWsutra Psychedelic Circus Cello Chanson INDIE, [06] Jacques Brel - French GLOWsutra Psychedelic Circus Cello Chanson INDIE, [07] Jacques Brel - French GLOWsutra Psychedelic Circus Cello Chanson INDIE, [08] Jacques Brel - French GLOWsutra Psychedelic Circus Cello Chanson INDIE, [09] Jacques Brel - French GLOWsutra Psychedelic Destiny True Banjo BLUES","2221217696, 2221217693, 2221217699, 2221217708, 2221217702, 2221217684, 2221217690, 2221217705, 2221217687",3319,31,0.934016,0:38:47,https://i1.sndcdn.com/artworks-e0sOW6yRL70L2ZRD-C8tirQ-t500x500.png,https://i1.sndcdn.com/artworks-e0sOW6yRL70L2ZRD-C8tirQ-t1080x1080.png,Jacques Brel,L-118,checked,,"9 tracks of beauty that bleeds. Pour Jacques Brel, qui nous a appris que les larmes pouvaient danser. A nod to Jacques Brel. En français, évidemment. A rainbow in someone's cloud.","Bless: RAINBOWS (in my clouds),World: FRENCHsutra",,,,2025-11-29T22:24:03Z,"BLUESsutra, BURLESQUEsutra, BURLESQUEsutra (Best Of), FRENCHsutra oui oui · sacrebleu, GLOWsutra : RAINBOWS (in my clouds), GLOWsutra where gratitude feeds, HIDDEN PEELS, INDIEsutra, INDIEsutra (Best Of), OUI OUI : Pardon (my French)"
Jealousy (not for me) ♡ GROWsutra EPx22,https://soundcloud.com/bananasutra/sets/jealousy-not-for-me-growsutra-epx22,1,,GROWsutra,"BLUES,BURLESQUE,DUB,INDIE,JAZZ,LOFI","BLUES,BURLESQUE,DUB,HIP HOP,INDIE,JAZZ,LOFI,RAGGA",22,"[01] Jealousy (not for me) - Deep Dub BLUES, [02] Jealousy (not for me) - Deep Dub BLUES, [03] Jealousy (not for me) - Deep Dub BLUES, [04] Jealousy (not for me) - Deep Dub BLUES, [05] Jealousy (not for me) - Only the Brave BLUES, [06] Jealousy (not for me) - Ordo Duende Amoris JAZZ, [07] Jealousy (not for me) - Ordo Duende Amoris JAZZ, [08] Jealousy (not for me) - Ordo Amoris BURLESQUE, [09] Jealousy (not for me) - Ordo Amoris BURLESQUE, [10] Jealousy (not for me) - Oh My Oh Why Bass INDIE, [11] Jealousy (not for me) - MAMA-B-C INDIE, [12] Jealousy (not for me) - Bruh Hip Hop Jazz, [13] Jealousy (not for me) - Mama LOFI, [14] Jealousy (not for me) - Mama LOFI, [15] Jealousy (not for me) - WSWHFN DUB, [16] Jealousy (not for me) - Oh Lordy DUB, [17] Jealousy (not for me) - Miss Cheeky DUB, [18] Jealousy (not for me) - Muse 1 DUB, [19] Jealousy (not for me) - Muse 2 DUB, [20] Jealousy (not for me) - Rebound DUB, [21] Jealousy (not for me) - Feel Di Riddim Ragga DUB, [22] Jealousy (not for me) - Dem Sed Ragga DUB","2119797606, 2119797594, 2119797570, 2119797600, 2119797576, 2119797567, 2119797573, 2119797618, 2119797609, 2119797561, 2119797591, 2119797588, 2119797597, 2119797555, 2119797558, 2119797564, 2119797603, 2119797585, 2119797579, 2119797582, 2119797612, 2119797615",5508,44,0.798838,1:02:36,https://i1.sndcdn.com/artworks-NrFEJYn5QiBNXnw5-RFTkHQ-t500x500.png,https://i1.sndcdn.com/artworks-NrFEJYn5QiBNXnw5-RFTkHQ-t1080x1080.png,Jealousy (Not For Me),L-119,checked,,"Over an hour of narcissism on parade, across 22 tracks. Jealousy smells like fear. Your joy doesn't take away my path. EPx22 of love languages, and the math is soft. Blues, burlesque, and dub grooves from end to end. Kindness as rebellion.",Dare: KIND(ness),,,,2025-06-26T10:26:11Z,"BLUESsutra, BURLESQUEsutra, DUBsutra, FLOWsutra where time is space, GROWsutra : KIND(ness), INDIEsutra, JAZZsutra, LOFIsutra, MANTRAsutra (Best Of)"
Jolly Poo - EPx15 VOL. 01 - Banjo Blues BLOWsutra,https://soundcloud.com/bananasutra/sets/jolly-poo-epx15-vol-01-banjo-blues-blowsutra,1,,BLOWsutra,"BANJO,BLUES","BANJO,BLUES,RAGGA",15,"[01] Jolly Poo - Wicked Walk in the Park - BANJOsutra, [02] Jolly Poo - Dog so Wicked, Fake Outlaw - BANJOsutra, [03] Jolly Poo - Freaking Freak Gone Mad Dog - BANJOsutra, [04] Jolly Poo - Wicked Dog WAAAH - FOLKsutra, [05] Jolly Poo - No one knows how dark you are - FOLKsutra, [06] Jolly Poo - Who Knew Bad Dawgs don’t Bark, they only Growl in your back - Weary BLUESsutra, [07] Jolly Poo - Who Knew Dog so Dark he’ll Snark in your Back - BLUEsutra, [08] Jolly Poo - Dog Hiding Wicked Bass Cello Boy - BLUESsutra, [09] Jolly Poo - Dog Growls Mumble Speak lol - BLUESsutra, [10] Jolly Poo - Who Know That Dawg’s Dark Gangsta RAGGA DUBsutra, [11] Jolly Poo - Coward Dawgs Gossip but(t) only in your back  - DUBsutra, [12] Jolly Poo - Beware of Dog who won’t Bark - DUBsutra, [13] Jolly Poo - Dark Dawg Bite Muse - DUBsutra, [14] Jolly Poo - Raw Clapping Bruh Hides Dawging So Darkly - MANTRAsutra, [BONUS] Jolly Poo - Psychedelia Psycho Cello Outlaw BLUESsutra","2102319549, 2102319531, 2102319555, 2102319537, 2102319564, 2102319534, 2102319543, 2102319552, 2102319561, 2102319528, 2102319546, 2102319558, 2102319540, 2102319567, 2102319570",4452,24,0.539084,0:49:08,https://i1.sndcdn.com/artworks-KLgAMRClt5uPFoax-dDF6zQ-t500x500.png,https://i1.sndcdn.com/artworks-KLgAMRClt5uPFoax-dDF6zQ-t1080x1080.png,Jolly Poo,L-120,checked,,"15 banjo and blues tracks disguised as music. An ode to the ego that refuses to compost. Ego, meet your reflection.",Speak: EGO (gone loco),,,,2025-05-26T09:49:41Z,"BANJOsutra, BLOWsutra, BLOWsutra : EGO (gone loco), BLUESsutra, DUBsutra, DUBsutra (Best Of), FOLKsutra (Best Of), MANTRAsutra"
Joseph Campbell's Truth Metaphors ☷ KNOWsutra EPx12,https://soundcloud.com/bananasutra/sets/joseph-campbells-truth-metaphors-knowsutra-epx12,1,,KNOWsutra,"BLUES,BURLESQUE,DUB,INDIE,LOFI,MANTRA","BLUES,BURLESQUE,DUB,INDIE,LOFI,MANTRA",12,"[01] Joseph Campbell - Hold the Sacred - KNOWsutra Anonymous MANTRA LOFI, [02] Joseph Campbell - Hold the Sacred - KNOWsutra Chillhop Piano Psy-LOFI, [03] Joseph Campbell's Truth Metaphors - The Song of the Universe - KNOWsutra Oh Lordy Dreamy Dubby INDIE, [04] Joseph Campbell's Truth Metaphors - The Song of the Universe - KNOWsutra Oh Lordy Dreamy Dubby INDIE, [05] Joseph Campbell's Truth Metaphors - The Song of the Universe - KNOWsutra Kindness is in the Depth BLUES, [06] Joseph Campbell's Truth Metaphors Edge - KNOWsutra Kindness is in the Depth in BLUES, [07] Joseph Campbell's Truth Metaphors - The Song of the Universe - KNOWsutra Kindness is in the Depth of BLUES, [08] Joseph Campbell's Truth Metaphors - Sacred Shadows - KNOWsutra Oh Lordy DUB, [09] Joseph Campbell's Truth Metaphors - Sacred Shadows - KNOWsutra Oh Lordy DUB, [10] Joseph Campbell - Hold the Sacred - KNOWsutra wdwhf Burlesque DUB, [11] Joseph Campbell's Truth Metaphors' Edge - KNOWsutra Accordion Chanson BURLESQUE, [12] Joseph Campbell - Hold the Sacred - KNOWsutra Oh Boy Accordion BURLESQUE","2158380444, 2158380459, 2158380465, 2158380447, 2158380477, 2158380462, 2158380471, 2158380450, 2158380456, 2158380468, 2158380474, 2158380453",2269,22,0.969590,0:41:38,https://i1.sndcdn.com/artworks-jy4Ny3sg2PSbdteq-7zc7yg-t500x500.jpg,https://i1.sndcdn.com/artworks-jy4Ny3sg2PSbdteq-7zc7yg-t1080x1080.jpg,Metaphors' Edge (Joseph Campbell's song),L-160,checked,,"12 blues, burlesque, and dub tracks dripping with uncomfortable truths. When does a metaphor become a cage? (Joseph Campbell has thoughts.) Joseph Campbell walked in and stayed. The naked truth, served warm.",Ask: (Naked) TRUTH,,,,2025-08-24T06:22:51Z,"BLUESsutra, BURLESQUEsutra, DUBsutra, INDIEsutra, KNOWsutra : (naked) TRUTH, KNOWsutra where questions matter, LOFIsutra, MANTRAsutra, MANTRAsutra (Best Of)"
Just Be EP X7 | Vocal Honey Audio Ideals,https://soundcloud.com/bananasutra/sets/just-be-vocal-jazz-honey-x7,1,,FLOWsutra,"BLUES,DUB,JAZZ,LOFI","BLUES,DUB,JAZZ,LOFI",7,"Just Be(you)• Jazz Lo-Fi • sutraFLOW (v4), Just Waltz(be) • Jazzy Grinding Waltz • sutraFLOW (v5), Just Gasp(be) • Jazzy DUB Poetry • sutraFLOW (v1), Just Grind(ha) • Harmonica Blues Lo-fi • sutraFLOW, Just Oui(be) • Jazz Lo-fi • sutraFLOW (v3), Just Trust(be) • Jazz Lo-Fi • sutraFLOW (v4), Just Flow(be) • psyHeartbeat Jazz LOFI • sutraFLOW","1949821023, 1949821043, 1949821027, 1949821031, 1949821035, 1949821039, 1949821047",5755,47,0.816681,0:23:21,https://i1.sndcdn.com/artworks-IDfjsYaZOumrtQ1L-jseSkw-t500x500.png,https://i1.sndcdn.com/artworks-IDfjsYaZOumrtQ1L-jseSkw-t1080x1080.png,Just Be,L-121,checked,,"7 tracks of earned knowing. The hardest thing you'll ever do: just be. The sound: blues, dub, and jazz. Fly like water, land like truth.",Trust: FLY (like water),,,,2024-11-05T03:05:13Z,"BANJOsutra, BURLESQUEsutra, DUBsutra, DUBsutra (Best Of), FLOWsutra : FLY (like water), FLOWsutra where time is space, FOLKsutra, FOLKsutra (Best Of), INDIEsutra, INDIEsutra (Best Of), JAZZsutra, JAZZsutra (Best Of), LOFIsutra (Best Of), MANTRAsutra, ROCKsutra"
Kids Are Asking ✪ KNOWsutra But(t) Why EPx3,https://soundcloud.com/bananasutra/sets/kids-are-asking-knowsutra-butt-why-epx3,1,,KNOWsutra,"DUB,FOLK,INDIE,JAZZ,LOFI,MANTRA","ACOUSTIC,DUB,FOLK,INDIE,JAZZ,LOFI,MANTRA,TRIP HOP",3,"[01] Kids Are Asking - KNOWsutra But(t) Why Sweet Dreams Indie FOLK, [02] Kids Are Asking - KNOWsutra But(t) Why Acoustic Trip Hop LoFi JAZZ, [03] Kids Are Asking - KNOWsutra But(t) Why Drum Dub LoFi MANTRA","2223668774, 2223668777, 2223668771",1083,2,0.184672,0:09:14,https://i1.sndcdn.com/artworks-L6uXyHUyGsqH0ZAv-cvmeZg-t500x500.png,https://i1.sndcdn.com/artworks-L6uXyHUyGsqH0ZAv-cvmeZg-t1080x1080.png,Kids Are Asking,L-124,checked,,"3 tracks of raw sense-making. The kids are asking about the double standards. Nobody has a good answer. Dub, folk, and indie grooves from end to end. Because why not ask why.",Ask: But(t) WHY,,,,2025-12-04T06:56:57Z,"FOLKsutra, JAZZsutra (Best Of), KNOWsutra : but(t) WHY, KNOWsutra where questions matter, LOFIsutra, MANTRAsutra"
Kindness - Psychedelic INDIEsutra,https://soundcloud.com/bananasutra/sets/kindness-psychedelic-indiesutra,2,,GROWsutra,INDIE,PSYCHEDELIC,2,"Kindness - Psychedelic INDIEsutra, Kindness - Psychedelic INDIEsutra","2027358316, 2027358284",309,3,0.970874,0:04:22,https://i1.sndcdn.com/artworks-60rWtzt0Ur5yDsl8-lcLgjQ-t500x500.jpg,https://i1.sndcdn.com/artworks-60rWtzt0Ur5yDsl8-lcLgjQ-t1080x1080.jpg,Kindness,L-126,checked,,"2 indie tracks asking questions that sting. You don't know the weight of kindness until you've needed it. Channeling Naomi Shihab Nye, obviously. Vol. 2, because one wasn't enough. Kindness as rebellion.",Dare: KIND(ness),,,,2025-02-06T09:39:00Z,"INDIEsutra, KNOWsutra where questions matter"
Kindness Matters - Human Life Soundtrack EP,https://soundcloud.com/bananasutra/sets/kindness-matters-human-life-soundtrackl,1,,GROWsutra,INDIE,INDIE,5,"Kindness - LOFIsutra, Kindness - FOLKsutra, Kindness - BLUESsutra, Kindness - BANJOsutra, Kindness - JAZZsutra","2027323756, 2027323740, 2027323720, 2027323700, 2027323672",1467,10,0.681663,0:18:08,https://i1.sndcdn.com/artworks-qsLSixra831RrldW-lEhsdw-t500x500.jpg,https://i1.sndcdn.com/artworks-qsLSixra831RrldW-lEhsdw-t1080x1080.jpg,Kindness,L-126,checked,,5 indie tracks asking questions that sting. You don't know the weight of kindness until you've needed it. A nod to Naomi Shihab Nye. Kindness as rebellion.,Dare: KIND(ness),,,,2025-02-06T07:58:39Z,"BANJOsutra, BLUESsutra, FOLKsutra, GROWsutra : KIND(ness), KNOWsutra where questions matter, LOFIsutra"
Kiss A Pulse • GLOWsutra (Lucille Clifton Poetry) EPx16,https://soundcloud.com/bananasutra/sets/kiss-a-pulse-glowsutra-epx16,1,,GLOWsutra,"BANJO,BLUES,BURLESQUE,DUB,FOLK,INDIE,JAZZ,LOFI","BANJO,BLUES,BURLESQUE,CABARET,DUB,FOLK,GIPSY,INDIE,JAZZ,LOFI,PSYCHEDELIC,SOUL",16,"[01] Kiss A Pulse • GLOWsutra (Lucille Clifton Poetry) Ethically Gipsy JAZZ, [02] Kiss A Pulse • GLOWsutra (Lucille Clifton Poetry) Ethically Gipsy JAZZ, [03] Kiss A Pulse • GLOWsutra (Lucille Clifton Poetry) Indie Gipsy Fusion LOFI, [04] Kiss A Pulse • GLOWsutra (Lucille Clifton Poetry) Indie Gipsy Fusion LOFI, [05] Kiss A Pulse • GLOWsutra (Lucille Clifton Poetry) Indie Gipsy Fusion LOFI, [06] Kiss A Pulse • GLOWsutra (Lucille Clifton Poetry) Psychedelic Folk Bridges the DUB, [07] Kiss A Pulse • GLOWsutra (Lucille Clifton Poetry) Psychedelic Folk Bridges the DUB, [08] Kiss A Pulse • GLOWsutra (Lucille Clifton Poetry) Psychedelic Folk Bridges the DUB, [09] Kiss A Pulse • GLOWsutra (Lucille Clifton Poetry) Psychedelic Folk Bridges the DUB, [10] Kiss A Pulse • GLOWsutra (Lucille Clifton Poetry) Psychedelic Poesita Cello Indie DUB, [11] Kiss A Pulse • GLOWsutra (Lucille Clifton Poetry) Psychedelic Indie Tango Cabaret BURLESQUE, [12] Kiss A Pulse • GLOWsutra (Lucille Clifton Poetry) Psychedelic Indie Tango Cabaret BURLESQUE, [13] Kiss A Pulse • GLOWsutra (Lucille Clifton Poetry) Psychedelic Indie Tango Cabaret BURLESQUE, [14] Kiss A Pulse • GLOWsutra (Lucille Clifton Poetry) Psychedelic Indie Cello Cabaret BURLESQUE, [15] Kiss A Pulse • GLOWsutra (Lucille Clifton Poetry) Psychedelic Destiny Banjo Soul BLUES, [16] Kiss A Pulse • GLOWsutra (Lucille Clifton Poetry) Psychedelic Destiny Banjo Soul BLUES","2275847504, 2275847519, 2275847507, 2275847531, 2275847537, 2275847513, 2275847510, 2275847549, 2275847525, 2275847522, 2275847516, 2275847540, 2275847534, 2275847543, 2275847546, 2275847528",17492,194,1.109078,0:45:33,https://i1.sndcdn.com/artworks-FsS9zAJyonxRU7Rm-RHZvfQ-t500x500.png,https://i1.sndcdn.com/artworks-FsS9zAJyonxRU7Rm-RHZvfQ-t1080x1080.png,Kiss A Pulse,L-129,checked,,"Sixteen tracks of letting the music move through marrow instead of ego. Inspired by Lucille Clifton: ""one should wish to celebrate more than one wishes to be celebrated."" Sultry jazz drifts into gipsy lo-fi, dreamy dub, indie burlesque, and smoky blues, anchored by an upright bass that beats like a second heart. SC-tagged GLOW because the lyrics shimmer; we feature it on FLOW because the practice is letting go. Blessed be the sound in our bones.",Trust: WET (my friend),,,,2026-03-02T02:26:36Z,"BLUESsutra, BLUESsutra (Best Of), BURLESQUEsutra, BURLESQUEsutra (Best Of), DUBsutra, DUBsutra (Best Of), GLOWsutra : POET(ry), GLOWsutra where gratitude feeds, HIDDEN PEELS, JAZZsutra, JAZZsutra (Best Of), LOFIsutra, LOFIsutra (Best Of)"
L'Accordéon de l'Ignorance EP X9,https://soundcloud.com/bananasutra/sets/laccordeon-de-lignorance-ep-x9,1,,QUACKsutra,BURLESQUE,BURLESQUE,9,"Comme un canard #1, Comme un canard #2, Comme un canard #3, Comme un canard #4, Comme un canard #5, Comme un canard #6, Comme un canard #7, Comme un canard #8, Comme un canard #9","1981193307, 1981193311, 1981193323, 1981193327, 1981193331, 1981193339, 1981193347, 1981193355, 1981193359",2266,16,0.706090,0:26:40,https://i1.sndcdn.com/artworks-otyCSuVjsJ2YL8G1-qQb1mw-t500x500.png,https://i1.sndcdn.com/artworks-otyCSuVjsJ2YL8G1-qQb1mw-t1080x1080.png,L'Accordéon De l'Ignorance,L-130,checked,,"A solid half-hour of circus critique, across 9 tracks. Un canard sans conscience qui joue des peurs et divise. Avec un accordéon. Et l'ignorance en refrain. A nod to Jacques Brel. En français, évidemment. Quack quack. You know who you are.","Quack: DUCK (shady),World: FRENCHsutra",,,,2024-12-11T21:31:47Z,"BLOWsutra, BURLESQUEsutra, FOLKsutra, FRENCHsutra oui oui · sacrebleu, INDIEsutra, JAZZsutra, JAZZsutra (Best Of), MANTRAsutra, OUI OUI : Pardon (my French), QUACKsutra : DUCK (shady)"
L'Embobinage (d'après Carl Sagan) • French GROWsutra EPx17,https://soundcloud.com/bananasutra/sets/lembobinage-dapres-carl-sagan-french-growsutra-epx17,1,,BLOWsutra,"BURLESQUE,DUB,INDIE,JAZZ","BURLESQUE,DUB,FLAMENCO,INDIE,JAZZ",17,"[01] L'Embobinage (d'après Carl Sagan) • French GROWsutra World Peace CelLOFI, [02] L'Embobinage (d'après Carl Sagan) • French GROWsutra World Peace CelLOFI, [03] L'Embobinage (d'après Carl Sagan) • French GROWsutra World Peace PsyAccordion CelLOFI INDIE, [04] L'Embobinage (d'après Carl Sagan) • French GROWsutra World Peace Tzigane Fusion INDIE, [05] L'Embobinage (d'après Carl Sagan) • French GROWsutra World Peace Tzigane Fusion INDIE, [06] L'Embobinage (d'après Carl Sagan) • French GROWsutra World Peace Tzigane Fusion INDIE, [07] L'Embobinage (d'après Carl Sagan) • French GROWsutra World Peace Hypnotic Tango Jazz INDIE, [08] L'Embobinage (d'après Carl Sagan) • French GROWsutra World Peace Hypnotic Tango Jazz INDIE, [09] L'Embobinage (d'après Carl Sagan) • French GROWsutra World Peace Hypnotic Tango Jazz INDIE, [10] L'Embobinage (d'après Carl Sagan) • French GROWsutra World Peace Hypnotic Tango Jazz INDIE, [11] L'Embobinage (d'après Carl Sagan) • French GROWsutra World Peace La Poesita Flamenco INDIE DUB, [12] L'Embobinage (d'après Carl Sagan) • French GROWsutra World Peace Miss Cheeky DUB, [13] L'Embobinage (d'après Carl Sagan) • French GROWsutra World Peace Miss Cheeky DUB, [14] L'Embobinage (d'après Carl Sagan) • French GROWsutra World Peace PsyAccordion POP BURLESQUE 3 INDIE, [15] L'Embobinage (d'après Carl Sagan) • French GROWsutra World Peace PsyAccordion POP BURLESQUE INDIE, [16] L'Embobinage (d'après Carl Sagan) • French GROWsutra World Peace Waltz Circus BURLESQUE, [17] L'Embobinage (d'après Carl Sagan) • French GROWsutra World Peace Waltz Circus BURLESQUE","2178859223, 2178859263, 2178859279, 2178859267, 2178859251, 2178859247, 2178859255, 2178859259, 2178859275, 2178859239, 2178859235, 2178859227, 2178859271, 2178859283, 2178859219, 2178859243, 2178859231",12177,117,0.960828,0:50:14,https://i1.sndcdn.com/artworks-CtDeRlGcQzG1ofC3-5Y1m0w-t500x500.png,https://i1.sndcdn.com/artworks-CtDeRlGcQzG1ofC3-5Y1m0w-t1080x1080.png,L’Embobinage,L-131,checked,,"17 burlesque, dub, and indie tracks built on nerve and a prayer. Carl Sagan said: the saddest truth is how long we've been bamboozled. With a wink to Carl Sagan. Resonated: 11k plays and 114 likes so far. En français, évidemment.","Speak: CENSOR(ed),World: FRENCHsutra",,,,2025-09-29T21:24:08Z,"BLOWsutra : CENSOR(ed), BURLESQUEsutra, BURLESQUEsutra (Best Of), DUBsutra, DUBsutra (Best Of), FRENCHsutra oui oui · sacrebleu, GROWsutra where we be brave, HIDDEN PEELS, INDIEsutra, INDIEsutra (Best Of), JAZZsutra (Best Of), LOFIsutra, LOFIsutra (Best Of), OUI OUI : Pardon (my French)"
La Force Douce EPx7 ✪ French GROWsutra World Peace Duende LoFi Indie Fusion,https://soundcloud.com/bananasutra/sets/la-force-douce-epx7-french-growsutra-world-peace-duende-lofi-indie-fusion,1,,GROWsutra,"INDIE,LOFI","FLAMENCO,GIPSY,INDIE,LOFI,SOUL",7,"[01] La Force Douce ✪ French GROWsutra Gipsy Flamenco Duende Chanson INDIE, [02] La Force Douce - French GROWsutra Gipsy Flamenco Duende Chanson INDIE, [03] La Force Douce - French GROWsutra Gipsy Flamenco Duende Chanson INDIE, [04] La Force Douce - French GROWsutra Tzigane Peace Soul Fusion LoFi INDIE, [05] La Force Douce - French GROWsutra Tzigane Peace Soul Fusion LoFi INDIE, [06] La Force Douce - French GROWsutra Tzigane Peace Soul Fusion LoFi INDIE, [07] La Force Douce - French GROWsutra Tzigane Peace Soul Fusion LoFi INDIE","2184717623, 2184717639, 2184717631, 2184717619, 2184717627, 2184717615, 2184717611",5645,40,0.708592,0:23:54,https://i1.sndcdn.com/artworks-oqgzYZ3lzrGih5hj-WJ2hFQ-t500x500.png,https://i1.sndcdn.com/artworks-oqgzYZ3lzrGih5hj-WJ2hFQ-t1080x1080.png,La Force Douce,L-132,checked,,"A 23-minute ride of questions that won't quit, across 7 tracks. Rivers cut stone without lifting a hand. La force douce: choosing love when everything crumbles around you. Served in indie and lo-fi. En français, évidemment. Kindness as rebellion.","Dare: KIND(ness),World: FRENCHsutra",,,,2025-10-08T00:29:03Z,"FRENCHsutra oui oui · sacrebleu, GROWsutra : KIND(ness), GROWsutra where we be brave, HIDDEN PEELS, INDIEsutra, INDIEsutra (Best Of), LOFIsutra, OUI OUI : Pardon (my French)"
La Poesia Importa ♕ EPx7 VOL.01 ♕ Bananasutra En Español,https://soundcloud.com/bananasutra/sets/la-poesia-importa-epx7-vol01-bananasutra-en-espanol,1,,GLOWsutra,LOFI,"FADO,LOFI",7,"[01] La Poesia Importa - Miss Cheeky DUBsutra, [02] La Poesia Importa - Muse DUBsutra, [03] La Poesia Importa - Oh Lordy DUBsutra, [04] La Poesia Importa - fado LOFI, [05] La Poesia Importa 1 - Psy JAZZsutra, [06] La Poesia Importa 2 (low) - Psy JAZZsutra, [07] La Poesia Importa - Oh Boy Accordion BURLESQUEsutra","2103061779, 2103061773, 2103061770, 2103061776, 2103061782, 2103061788, 2103061767",2535,26,1.025641,0:22:29,https://i1.sndcdn.com/artworks-DQAHMhBcDTcoVFfl-BTKWAA-t500x500.png,https://i1.sndcdn.com/artworks-DQAHMhBcDTcoVFfl-BTKWAA-t1080x1080.png,La Poesia Importa,L-133,checked,,"7 tracks of beauty that bleeds. ¿La poesía importa? Sí. Y si lo dudas, esta canción es para ti. The sound: lo-fi. En español, con alma. Poetry as essential infrastructure.","Bless: POET(ry),World: SPANISHsutra",,,,2025-05-27T13:16:04Z,"BURLESQUEsutra, DUBsutra, DUBsutra (Best Of), GLOWsutra : POET(ry), GLOWsutra where gratitude feeds, JAZZsutra, JAZZsutra (Best Of), LOFIsutra, WORLDsutra : SPAN(k)ish"
Le Bal Des Salauds - French BLOWsutra Indie Gipsy Burlesque EPx9,https://soundcloud.com/bananasutra/sets/le-bal-des-salauds-french-blowsutra-indie-gipsy-burlesque-epx9,1,,BLOWsutra,"BURLESQUE,FOLK,INDIE,LOFI,MANTRA","BURLESQUE,FOLK,GIPSY,INDIE,LOFI,MANTRA",9,"[01] Le Bal Des Salauds • French BLOWsutra Oh My Oh Why Cello Circus INDIE, [02] Le Bal Des Salauds • French BLOWsutra Gipsy LoFi Chanson INDIE, [03] Le Bal Des Salauds • French BLOWsutra PBGal Chanson BURLESQUE, [04] Le Bal Des Salauds • French BLOWsutra Oh Boy Accordion Circus BURLESQUE, [05] Le Bal Des Salauds • French BLOWsutra Oh Boy Cello Accordion Circus BURLESQUE, [06] Le Bal Des Salauds • French BLOWsutra Gipsy Accordion' Indie Folk BURLESQUE, [07] Le Bal Des Salauds • French BLOWsutra Gipsy Accordion' Indie Folk BURLESQUE, [08] Le Bal Des Salauds • French BLOWsutra Tzigane World Indie LOFI, [09] Le Bal Des Salauds • French BLOWsutra Gipsy Drum Chanson Burlesque MANTRA","2203927191, 2203927207, 2203927215, 2203927211, 2203927195, 2203927199, 2203927223, 2203927219, 2203927203",8825,91,1.031161,0:35:32,https://i1.sndcdn.com/artworks-y8HtxewGKAQtoPJZ-3ZbprQ-t500x500.png,https://i1.sndcdn.com/artworks-y8HtxewGKAQtoPJZ-3ZbprQ-t1080x1080.png,Le Bal Des Salauds,L-134,checked,,"9 tracks of fair-play defiance. Bienvenue au bal. Les salauds ont réservé la meilleure table. Burlesque, folk, and indie grooves from end to end. Resonated: 8k plays and 88 likes so far. En français, évidemment.","Speak: APES (gone wrong),World: FRENCHsutra",,,,2025-11-01T08:25:48Z,"BLOWsutra : APES (gone wrong), BURLESQUEsutra, BURLESQUEsutra (Best Of), FRENCHsutra oui oui · sacrebleu, HIDDEN PEELS, INDIEsutra (Best Of), LOFIsutra (Best Of), MANTRAsutra (Best Of), OUI OUI : Pardon (my French)"
Le Système EP MIX X16 | Bluesy French Jazz,https://soundcloud.com/bananasutra/sets/le-systeme-de-macron-le-ptit-con,1,,BLOWsutra,"BURLESQUE,DUB,JAZZ,LOFI","BURLESQUE,CABARET,DUB,JAZZ,LOFI,PUNK,SOUL",17,"Le P'tit Jupiter • sutraFRENCH • indieJAZZZ Piano LOFI Soul :), Le système, ça voulait dire… v1 • sutraFRENCH • Burlesque Ego Accordion Cabaret, Le système, ça voulait dire… v10 • sutraFRENCH • Burlesque Ego Accordion Masquerade, Le système, ça voulait dire… v9 • sutraFRENCH • Burlesque Ego Accordion Masquerade, Le système, ça voulait dire… v8 • sutraFRENCH • Burlesque Ego Accordion Masquerade, Le système, ça voulait dire… v6 • sutraFRENCH • Burlesque Ego Accordion Masquerade, Le système, ça voulait dire… v8 • sutraFRENCH • Burlesque Ego Accordion Masquerade, Le système, ça voulait dire… v5 • sutraFRENCH • Burlesque Ego Cabaret, Le système, ça voulait dire… v4 • sutraFRENCH • Burlesque Ego Accordion Cabaret, Le système, ça voulait dire… v2 • sutraFRENCH • Burlesque Ego Accordion Cabaret, Le système, ça voulait dire… v3 • sutraFRENCH • Burlesque Ego JAZZZ Masquerade, Le système, ça voulait dire… v9 • sutraFRENCH • Burlesque Ego Cabaret, Manu, Le P'tit Menteur v2 • sutraFRENCH • Burlesque Ego Accordion Cabaret, Manu, Le P'tit Menteur v2 • sutraFRENCH • Burlesque Ego Accordion Cabaret, Le Poids de l'Ego v1 • sutraFRENCH • Burlesque Ego Dub Cabaret, Le Poids de l'Ego v2 • sutraFRENCH • Post-Punk Burlesque Ego Masquerade, Male Fantasies • Vocal Honey Jazz • sutraKNOW","1948327811, 1948327815, 1948327859, 1948327819, 1948327831, 1948327823, 1948327847, 1948327835, 1948327827, 1948327863, 1948327839, 1948327851, 1948327855, 1948327843, 1948327867, 1948327875, 1948437631",6062,81,1.336193,0:46:58,https://i1.sndcdn.com/artworks-Jz9sGDEqD1gTTB5H-sILJIA-t500x500.jpg,https://i1.sndcdn.com/artworks-Jz9sGDEqD1gTTB5H-sILJIA-t1080x1080.jpg,,"L-137,L-136",checked,,"17 tracks of quacking fury. Je vous parle d'un temps où Macron mentait avec éclat. Ah, le bon vieux temps. Inspired by Charles Aznavour. En français, évidemment. The apes are at it again.","Speak: APES (gone wrong),World: FRENCHsutra",,,,2024-11-03T02:33:18Z,"BLOWsutra, BLOWsutra : APES (gone wrong), BLOWsutra : CENSOR(ed), BURLESQUEsutra, BURLESQUEsutra (Best Of), DUBsutra, DUBsutra (Best Of), FOLKsutra, FRENCHsutra oui oui · sacrebleu, INDIEsutra, INDIEsutra (Best Of), JAZZsutra, JAZZsutra (Best Of), KNOWsutra where questions matter, LOFIsutra, OUI OUI : Pardon (my French), ROCKsutra, SINGLEsutra Exclusive SoundCloud (woo)"
Let’s Do It (Let's Fall in Love) EP • Public Domain Lyrics • JAZZsutra,https://soundcloud.com/bananasutra/sets/lets-do-it-lets-fall-in-love-ep-public-domain-lyrics-jazzsutra,1,,FLOWsutra,JAZZ,"JAZZ,PSYCHEDELIC",4,"Let’s Do It • Public Domain Lyrics • JAZZsutra 1, Let’s Do It • Public Domain Lyrics • JAZZsutra 2, Let’s Do It • Public Domain Lyrics • JAZZsutra 3, Let’s Do It • Public Domain Lyrics • JAZZsutra 4","2012769147, 2012769119, 2012769107, 2012769087",1117,16,1.432408,0:13:04,https://i1.sndcdn.com/artworks-eBfjOLCOGCrYzDzL-qn290w-t500x500.jpg,https://i1.sndcdn.com/artworks-eBfjOLCOGCrYzDzL-qn290w-t1080x1080.jpg,Let's Do It,L-140,checked,,"A quick 13-minute burst of beauty that bleeds, across 4 tracks. Birds do it. Bees do it. Even educated fleas do it. Let's fall in love. Cole Porter walked in and stayed. Borrowed lyrics, original soul. Where trust gets tender.",Trust: WET (my friend),,,,2025-01-19T23:44:20Z,"FLOWsutra : WET (my friend), FLOWsutra where time is space, HIDDEN PEELS, JAZZsutra, JAZZsutra (Best Of)"
Lightly · My Darling ✦ FLOWsutra (Fly Like Water) BANJO EPx5,https://soundcloud.com/bananasutra/sets/lightly-my-darling-banjo-flowsutra-epx5,1,,FLOWsutra,"BANJO,BLUES,FOLK","BANJO,BLUES,FOLK",5,"[01] Lightly, My Darling • FLOWsutra Psychedelick Bluesy Banjo FOLK, [02] Lightly, My Darling • FLOWsutra Psychedelick Bluesy Banjo FOLK, [03] Lightly, My Darling • FLOWsutra Psychedelick Bluesy Banjo FOLK, [04] Lightly, My Darling • FLOWsutra Psychedelick Bluesy Banjo FOLK, [05] Lightly, My Darling • FLOWsutra Psychedelick Bluesy Banjo FOLK","2304721610, 2304721604, 2304721613, 2304721607, 2304721601",4204,39,0.927688,0:16:24,https://i1.sndcdn.com/artworks-6MpLlzyctLk0ODIC-7RamRA-t500x500.png,https://i1.sndcdn.com/artworks-6MpLlzyctLk0ODIC-7RamRA-t1080x1080.png,"Lightly, My Darling",L-390,checked,checked,"5 banjo, blues, and folk tracks built on nerve and a prayer. Here’s the quote (because quotes matter, and this one’s yummy, darling): ""It's dark because you are trying too hard"". Aldous Huxley walked in and stayed... Fly like water, land like truth.",Trust: FLY (like water),,,,2026-04-18T03:41:07Z,"BANJOsutra, FLOWsutra : FLY (like water), FLOWsutra where time is space, FOLKsutra, FOLKsutra (Best Of)"
Linguistic Weaponry EPx4 (Vol 2) DUBsutra,https://soundcloud.com/bananasutra/sets/linguistic-weaponry-epx4-vol-2-dubsutra,2,,SHOWsutra,DUB,"DUB,HIP HOP",1,Yeah I'm dropping (F)Bombs DUBsutra 3,2047602524,164,1,0.609756,0:03:19,https://i1.sndcdn.com/artworks-gk645DrsmcEOxAyn-PRMvkA-t500x500.png,https://i1.sndcdn.com/artworks-gk645DrsmcEOxAyn-PRMvkA-t1080x1080.png,Linguistic Weaponry,L-147,checked,,"A quick 3-minute burst of clarity with claws, across 1 tracks. F*ck: noun, verb, adjective, adverb, and apparently, a Supreme Court problem. A hymn to the most flexible word in the English language. With a wink to George Carlin. This is Vol. 2—the saga deepens. Welcome to the Fanana club.",Play: FANANA (party),,,,2025-03-06T00:24:30Z,"KNOWsutra where questions matter, MANTRAsutra"
Linguistic Weaponry EPx7 Burlesque DUBsutra,https://soundcloud.com/bananasutra/sets/linguistic-weaponry-epx7-burlesque-dubsutra,1,,SHOWsutra,"BURLESQUE,DUB","BURLESQUE,DUB,GIPSY",3,"F-Bomb  Gipsy BRUHsutra, Yeah I'm dropping (F)Bombs - Dub Muse INDIEsutra, Yeah I'm dropping (F)Bombs DUBsutra 1","2047594040, 2047594052, 2047594044",615,5,0.813008,0:08:25,https://i1.sndcdn.com/artworks-gk645DrsmcEOxAyn-PRMvkA-t500x500.png,https://i1.sndcdn.com/artworks-gk645DrsmcEOxAyn-PRMvkA-t1080x1080.png,Linguistic Weaponry,L-147,checked,,"3 burlesque and dub tracks steeped in equal parts fury and love. F*ck: noun, verb, adjective, adverb, and apparently, a Supreme Court problem. A hymn to the most flexible word in the English language. George Carlin walked in and stayed. Welcome to the Fanana club.",Play: FANANA (party),,,,2025-03-06T00:05:10Z,"DUBsutra, INDIEsutra, KNOWsutra where questions matter, LOFIsutra, SHOWsutra : FANANA Club"
MAHA (Make America Humane Again) ☆ VOL.2 EPx6 ☆ BLOWsutra (MAxA Series) Psychedelic Trip Hop,https://soundcloud.com/bananasutra/sets/maha-make-america-humane-again-vol2-epx6-blowsutra-psy-trip-hop,1,,QUACKsutra,"BLUES,DUB,LOFI","BLUES,DUB,GIPSY,LOFI,PSYCHEDELIC,TRIP HOP",6,"[01] MAHA (Make America Humane Again) • Vol. 2 • BLOWsutra Gipsy Trip Hop Blues LOFI, [02] MAHA (Make America Humane Again) • Vol. 2 • BLOWsutra Gipsy Trip Hop Lofi DUB, [03] MAHA (Make America Humane Again) • Vol. 2 • BLOWsutra Gipsy Trip Hop Blues LOFI, [04] MAHA (Make America Humane Again) • Vol. 2 • BLOWsutra Gipsy LoFi Trip Hip Blop LOFI, [05] MAHA (Make America Humane Again) • Vol. 2 • BLOWsutra Gipsy LoFi Trip Lo Hop BLUES, [06] MAHA (Make America Humane Again) • Vol. 2 • BLOWsutra Gipsy Bass Trip Drum Hop Blues LOFI","2264842571, 2264842565, 2264842568, 2264842556, 2264842559, 2264842562",9039,59,0.652727,0:16:57,https://i1.sndcdn.com/artworks-JGT1OnfOXKJX40oI-WLwAYA-t500x500.png,https://i1.sndcdn.com/artworks-JGT1OnfOXKJX40oI-WLwAYA-t1080x1080.png,MAHA (Make America Humane Again),L-149,checked,,"6 blues, dub, and lo-fi tracks served with no apologies. Make America Humane Again. It's not a radical idea. It should not be. One of the heavier hitters: 8k+ plays. Make America anything-but-this again.",Quack: MAxxxA Saga,,,,2026-02-11T23:37:07Z,"BLOWsutra, BLUESsutra, DUBsutra, DUBsutra (Best Of), LOFIsutra, LOFIsutra (Best Of)"
MAKA MAKA EPx7 ⭐︎ MAxA Series · Vol. 4,https://soundcloud.com/bananasutra/sets/maka-maka-epx7-maxa-series-vol-4,1,,QUACKsutra,FOLK,"COUNTRY,FOLK",7,"[1] MAKA MAKA (mark my words) • Destiny BLUESsutra, [2] MAKA (Moonshine) • Bass BANJOsutra, [3] MAKA MAKA (lill' ruckus) - Piano BURLESQUEsutra, [4] MAKA MAKA - Oh Hey Folk BANJOsutra, [5] MAKA MAKA • Accordion Tango JAZZsutra, [6] MAKA MAKA (lill' ruckus) - Country BANJOsutra, [7] MAKA MAKA (lill' ruckus) - Bluesgrass BANJOsutra","2065163268, 2065163256, 2065163252, 2065163276, 2065163272, 2065163264, 2065163260",2114,14,0.662252,0:18:59,https://i1.sndcdn.com/artworks-9mKo23b9tXJzWs5t-yMjheA-t500x500.png,https://i1.sndcdn.com/artworks-9mKo23b9tXJzWs5t-yMjheA-t1080x1080.png,MAKA (Make America Kind Again),L-150,checked,,7 folk tracks served with no apologies. MAKA: Make America Kind Again. (The harder acronym. The better one.) Make America anything-but-this again.,Quack: MAxxxA Saga,,,,2025-03-28T02:27:47Z,"BANJOsutra, BLOWsutra : MAxA Series, BLUESsutra, BURLESQUEsutra, JAZZsutra, QUACKsutra where we sing FU"
Make Amurica Gulag Again ☭ BLOWsutra DUB EPx25,https://soundcloud.com/bananasutra/sets/make-amurica-gulag-again-blowsutra-dub-epx25,1,,BLOWsutra,"DUB,FOLK,INDIE,LOFI","DUB,FOLK,GIPSY,INDIE,LOFI,RAGGA",25,"A [01] Make America Gulag Again - Gipsy Arabesk  LOFI, A [02] Make America Gulag Again • F-bomb Ragga DUB, A [03] Make America Gulag Again • F-bomb Ragga DUB, A [04] Make America Gulag Again • F-bomb Ragga DUB, A [05] Make America Gulag Again • F-bomb Ragga DUB, A [06] Make America Gulag Again • Bruh Ragga DUB, A [07] Make America Gulag Again • Bruh Ragga DUB, A [08] Make America Gulag Again • Muse DUB, A [09] Make America Gulag Again • Muse DUB, A [10] Make America Gulag Again • Dem Sed Ragga DUB, A [11] Make America Gulag Again • Dem Sed Ragga DUB, A [12] Make America Gulag Again • Ragga Lala DUB, A [13] Make America Gulag Again • Ragga Hope DUB, A [14] Make America Gulag Again • Di Riddim Ragga DUB, A [15] Make America Gulag Again • Di Riddim Ragga DUB, B [01] Make America B Gulag Again - Gipsy Arabesk LOFI, B [02] Make America Gulag Again • Cello Drum LOFI, B [03] Make America Gulag Again - Indie FOLK LOFI, B [04] Make America Gulag Again • Tzigane Fusion DUB, B [05] B Make America Gulag Again • Tzigane Fusion DUB, B [06]  Make America Gulag Again • Tzigane Fusion DUB, B [07] Make America Gulag Again • Tzigane Fusion DUB, B [08] Make America Gulag Again • Tzigane Fusion DUB, B [09] Make America Gulag Again • Tzigane Fusion DUB, B [10] Make America Gulag Again • PsyCello Arabesk DUB","2120402436, 2120402439, 2120402427, 2120402430, 2120402457, 2120402448, 2120402421, 2120402454, 2120402460, 2120402418, 2120402442, 2120402433, 2120402445, 2120402469, 2120402478, 2120402424, 2120402451, 2120402490, 2120402463, 2120402481, 2120402472, 2120402487, 2120402475, 2120402484, 2120402466",8441,87,1.030684,1:19:51,https://i1.sndcdn.com/artworks-EtyWMtEaw4pyLtcc-MBCl2Q-t500x500.png,https://i1.sndcdn.com/artworks-EtyWMtEaw4pyLtcc-MBCl2Q-t1080x1080.png,Make Amurica Gulag Again (MAGA),L-151,checked,,"25 dub, folk, and indie tracks for the ones who still give a damn. Not an opinion. A fact. Forty-five billion for cages, not doctors. The land of the free has the most in a pen. This is not a drill. Resonated: 8k plays and 87 likes so far. Make America anything-but-this again.",Quack: MAxxxA Saga,,,,2025-06-27T04:05:48Z,"BLOWsutra, BLOWsutra : MAxA Series, DUBsutra, DUBsutra (Best Of), FOTUS CIRCUS Playlist An American Freaks Show, LOFIsutra, MANTRAsutra (Best Of), QUACKsutra where we sing FU"
Make your Own Bible EP x6 VOL. 1 ℧ A Jazzy Burlesque Folk Trip Hop LOFI Venture (oui oui),https://soundcloud.com/bananasutra/sets/make-your-own-bible-ep-x6-vol-1-a-jazzy-burlesque-folk-trip-hop-lofi-venture-oui-oui,1,,GROWsutra,"BURLESQUE,FOLK,JAZZ,LOFI","BURLESQUE,FOLK,JAZZ,LOFI,TRIP HOP",6,"[1] Make your Own Bible - queenofauth FOLK, [2] Make your Own Bible - pbgal Burlesque LOFI, [3] Make your Own Bible - Burlesque Accordion JAZZ, [4] Make your Own Bible - AnonymousJAZZ LOFI, [5] Make your Own Bible - Burlesque LOFImama, [6] Make your Own Bible - she hmmmJAZZ LOFI","2071953032, 2071953044, 2071953028, 2071953036, 2071953024, 2071953040",1222,4,0.327332,0:18:34,https://i1.sndcdn.com/artworks-7xjmVBpcmAIlWBfO-5Ebr4Q-t500x500.png,https://i1.sndcdn.com/artworks-7xjmVBpcmAIlWBfO-5Ebr4Q-t1080x1080.png,Make your Own Bible,L-152,checked,,"6 tracks of holy doubt. Ralph Waldo Emerson said it first. Select and collect. Make your own bible. Write your own song. A nod to Ralph Waldo Emerson. Holy questions, no holy answers.",Dare: GOD (etc.),,,,2025-04-06T04:23:44Z,"GROWsutra : GOD (etc), JAZZsutra (Best Of), LOFIsutra, MANTRAsutra (Best Of), Questions for the (kind) POPE in the Sky"
Male Fantasies - bananasutra EPx2 Vol. 03,https://soundcloud.com/bananasutra/sets/male-fantasies-bananasutra-epx2-vol-03,3,,BLOWsutra,INDIE,INDIE,2,"[01] Male Fantasies • Minimal Vocal JAZZsutra, [02] Male Fantasies • Minimal DRUM LOFIsutra","2088639993, 2088639996",1653,12,0.725953,0:07:19,https://i1.sndcdn.com/artworks-xSBf70BkIjbkDGPA-9368AQ-t500x500.png,https://i1.sndcdn.com/artworks-xSBf70BkIjbkDGPA-9368AQ-t1080x1080.png,Male Fantasies,L-154,checked,,"A 2-track dark bloom that holds ego up to a funhouse mirror. The pedestal they built for you wasn't a gift. It was a trap. A nod to Margaret Atwood. This is Vol. 3—the saga deepens. Ego, meet your reflection.",Speak: EGO (gone loco),,,,2025-05-02T03:14:54Z,"BLOWsutra, BLOWsutra : EGO (gone loco), BLUESsutra (Best Of), JAZZsutra (Best Of), LOFIsutra"
Male Fantasies • CheekySUTRA EPx6 VOL. 02,https://soundcloud.com/bananasutra/sets/male-fantasies-cheekysutra-epx6-vol-02,2,,BLOWsutra,INDIE,INDIE,6,"[1] Male Fantasies • EPx6 VOL. 02 • JAZZsutra, [2] Male Fantasies • EPx6 VOL. 02 • BURLESQUEsutra, [3] Male Fantasies • EPx6 VOL. 02 • BASSsutra, [4] Male Fantasies • EPx6 VOL. 02 • LOFIsutra, [5] Male Fantasies • EPx6 VOL. 02 • INDIEsutra, [6] Male Fantasies • EPx6 VOL. 02 • BANJOsutra","2081831391, 2081831394, 2081831403, 2081831388, 2081831400, 2081831397",1000,6,0.600000,0:20:32,https://i1.sndcdn.com/artworks-VQwphayyp6Az5g1b-6E63wg-t500x500.png,https://i1.sndcdn.com/artworks-VQwphayyp6Az5g1b-6E63wg-t1080x1080.png,Male Fantasies,L-154,checked,,"6 indie tracks disguised as music. Up on a pedestal, put there by someone else's fantasy. Inspired by Margaret Atwood. This is Vol. 2—the saga deepens. Ego, meet your reflection.",Speak: EGO (gone loco),,,,2025-04-20T01:19:09Z,"BANJOsutra, BURLESQUEsutra, INDIEsutra, JAZZsutra, LOFIsutra"
MAMA-B-C (Make America Mine Achtung Encore) • BLOWsutra MAxA Series EPx3,https://soundcloud.com/bananasutra/sets/mama-b-c-blowsutra-maxa-series-epx3,2,,BLOWsutra,"BANJO,DUB,INDIE,MANTRA","ACOUSTIC,BANJO,COUNTRY,DUB,INDIE,MANTRA,TRIP HOP",3,"Side B [01] MA-A Motherland Gone Dark • BLOWsutra Booya Country Bluegrass Harmonica BANJO, Side B [02] MA-A Motherland Gone Dark • BLOWsutra Acoustic Trip Hop Indie DUB, Side B [04] MA-A Motherland Gone Dark • BLOWsutra Cello Trip Hop INDIE MANTRA","2265720167, 2265720173, 2265720170",632,7,1.107595,0:11:37,https://i1.sndcdn.com/artworks-uDzqzbtn80lOeo3H-hV475g-t500x500.png,https://i1.sndcdn.com/artworks-uDzqzbtn80lOeo3H-hV475g-t1080x1080.png,MAMA (Make America Mine Achtung),L-156,checked,,"3 tracks of circus critique. MAGA. MACA. MAMA. Make America Mine Achtung. Like a toddler in a war room with nukes and mommy issues. The sound: banjo, dub, and indie. Vol. 2, because one wasn't enough. Make America anything-but-this again.",Quack: MAxxxA Saga,,,,2026-02-13T06:21:03Z,"BLOWsutra, BLUESsutra, DUBsutra, INDIEsutra"
MAMA-B-C (Make America Mine Achtung) • BLOWsutra MAxA Series EPx8,https://soundcloud.com/bananasutra/sets/mama-b-c-blowsutra-maxa-series-epx8,1,,QUACKsutra,"BANJO,BLUES,BURLESQUE,FOLK,INDIE,LOFI","BANJO,BLUES,BURLESQUE,FOLK,INDIE,LOFI,PSYCHEDELIC,TRIP HOP",8,"Side A [01] MAMA-B-C (Make America Mine Achtung) • BLOWsutra Back-to-Basics Folk Indie Cello BLUES, Side A [02] MAMA-B-C (Make America Mine Achtung) • BLOWsutra psychedelic kindness is depth (high) Banjo Folk BLUES, Side A [03] MAMA-B-C (Make America Mine Achtung) • BLOWsutra Cello Melancholia Burlesque INDIE, Side A [04] MAMA-B-C  (Make America Mine Achtung) • BLOWsutra Spoken Words LOFI, Side B [03] MAMA-B-C (Make America Mine Achtung) • BLOWsutra Trip Hop Smooth LOFI","2265711026, 2265711008, 2265711053, 2265711047, 2265711044",7247,41,0.565751,0:20:16,https://i1.sndcdn.com/artworks-uDzqzbtn80lOeo3H-hV475g-t500x500.png,https://i1.sndcdn.com/artworks-uDzqzbtn80lOeo3H-hV475g-t1080x1080.png,MAMA (Make America Mine Achtung),L-156,checked,,"8 banjo, blues, and burlesque tracks served with no apologies. MAGA. MACA. MAMA. Make America Mine Achtung. Like a toddler in a war room with nukes and mommy issues. Make America anything-but-this again.",Quack: MAxxxA Saga,,,,2026-02-13T05:48:37Z,"BLOWsutra, BLOWsutra : MAxA Series, BLUESsutra, BLUESsutra (Best Of), INDIEsutra, INDIEsutra (Best Of), JAZZsutra (Best Of), LOFIsutra, LOFIsutra (Best Of)"
MASA (Make America Safe Again) ✮ EPX12 ✮ QUACKsutra Psychedelic BANJO,https://soundcloud.com/bananasutra/sets/masa-make-america-safe-again-epx12-quacksutra-psychedelic-banjo,1,,QUACKsutra,"BANJO,BLUES,BURLESQUE,DUB,ROCK","BANJO,BLUES,BURLESQUE,COUNTRY,DUB,PSYCHEDELIC,ROCK",12,"[01] MASA (Make America Safe Again) • QUACKsutra Psychedelic DUB BANJO, [02] MASA (Make America Safe Again) • QUACKsutra Psychedelic DUB BANJO, [03] MASA (Make America Safe Again) • QUACKsutra Psychedelic DUB BANJO, [04] MASA (Make America Safe Again) • QUACKsutra Psychedelic Destiny Banjo BLUES, [05] MASA (Make America Safe Again) • QUACKsutra Psychedelic Destiny Banjo BLUES, [06] MASA (Make America Safe Again) • QUACKsutra Psychedelic BANJO BLUES, [07] MASA (Make America Safe Again) • QUACKsutra Psychedelic BANJO BLUES, [08] MASA (Make America Safe Again) • QUACKsutra Hide Your Pets Country BANJO, [09] MASA (Make America Safe Again) • QUACKsutra Psychedelic Harmonica Country BANJO, [10] MASA (Make America Safe Again) • QUACKsutra Psychedelic Booya Country BANJO, [11] MASA (Make America Safe Again) • QUACKsutra Psychedelic Burlesque ROCK, [BONUS] MASA • Make Amurica Safe (and Smart) Again • Education rhymes with Chanson • BLOWsutra French Accordion BURLESQUE","2211183566, 2211183569, 2211183584, 2211183572, 2211183560, 2211183590, 2211183578, 2211183581, 2211183575, 2211183593, 2211183563, 2211183587",5486,37,0.674444,0:38:28,https://i1.sndcdn.com/artworks-zGBEcizIyyXPbSgu-fuTgSg-t500x500.png,https://i1.sndcdn.com/artworks-zGBEcizIyyXPbSgu-fuTgSg-t1080x1080.png,MASA (Make America Safe Again),L-326,checked,,"12 tracks of fair-play defiance. Make America Safe? Start with books, not boys in blue. Every dollar spent on school cuts down crime. That's it. That's the whole plan. Served in banjo, blues, and burlesque. Make America anything-but-this again.",Quack: MAxxxA Saga,,,,2025-11-12T10:23:15Z,"BANJOsutra, BLOWsutra, BLOWsutra : MAxA Series, BLUESsutra (Best Of), BURLESQUEsutra, DUBsutra (Best Of), FOLKsutra (Best Of), QUACKsutra where we sing FU"
Mass Media Freakshow EPx13 VOL.02 ⭐︎ Terrence MCKenna KNOWs ⭐︎ Burlesque or Snooze?,https://soundcloud.com/bananasutra/sets/mass-media-freakshow-epx13-vol02-terrence-mckenna-knows-burlesque-or-snooze,1,,BLOWsutra,"BURLESQUE,FOLK,JAZZ","BURLESQUE,FOLK,JAZZ",13,"[01] Mass Media Freakshow • udio PSYcircus BURLESQUE, [02] Mass Media Freakshow (1) Oh Boy •  Piano Cello BURLESQUE, [03] Mass Media Freakshow Oh Boy • psyAccordion Circus BURLESQUE, [04] Mass Media Freakshow - Accordion Oh Boy BURLESQUE, [05] Mass Media Freakshow - chanson encore oh boy BURLESQUE, [06] Mass Media Freakshow - McKenna's Bass Burlesque, [07] Mass Media Freakshow - McKenna's Burlesque CHANSON, [08] Mass Media Freakshow - chanson capela BURLESQUE, [09] Mass media Freakshow-MC Kenna's Cheeky JAZZ, [10] Mass Media Freakshow • Cello Accordion JAZZ, [11] Mass Media Freakshow • PBgal psyBASS JAZZ, [12] Mass media Freakshow - McKenna's Cheeky oui JAZZ, [13] Mass Media Freakshow - McKenna's Folk","2079405168, 2079405188, 2079405196, 2079405180, 2079405208, 2079405184, 2079405204, 2079405192, 2079405176, 2079405160, 2079405164, 2079405200, 2079405172",3316,19,0.572979,0:44:35,https://i1.sndcdn.com/artworks-Xranl6ikDYKoluYT-FdIOxQ-t500x500.png,https://i1.sndcdn.com/artworks-Xranl6ikDYKoluYT-FdIOxQ-t1080x1080.png,Mass Media Freakshow,L-157,checked,,"13 burlesque, folk, and jazz tracks built on nerve and a prayer. Step right in. Corporate clowns, kids chasing fame, golems lost in glitter. Terrence McKenna saw this coming. So did the duck. Inspired by Terrence McKenna. Uncensored. Obviously.",Speak: CENSOR(ed),,,,2025-04-15T20:39:22Z,"BLOWsutra : APES (gone wrong), BLOWsutra : CENSOR(ed), BLUESsutra (Best Of), BURLESQUEsutra, BURLESQUEsutra (Best Of), FOLKsutra, FOLKsutra (Best Of), JAZZsutra"
MAWA MAWA EPx2 (if Soundcloud allows) ⭐︎ MAxA Series · Vol. 2,https://soundcloud.com/bananasutra/sets/mawa-mawa-epx2-maxa-series-vol-2,1,,QUACKsutra,LOFI,LOFI,2,"MAWA MAWA • Make America Woke Again • Accordion Cello Lament BURLESQUEsutra, MAWA MAWA • Make America Woke Again • LOFI JAZZsutra","2065185448, 2065185452",457,3,0.656455,0:07:03,https://i1.sndcdn.com/artworks-ohldLp0ezWMHuexZ-Z1TUbg-t500x500.png,https://i1.sndcdn.com/artworks-ohldLp0ezWMHuexZ-Z1TUbg-t1080x1080.png,MAWA (Make America Woke Again),L-158,checked,,2 tracks of circus critique. Woke ain't weak. It means your mind stays open. MAWA: because staying blind while they snatch your plate was never the plan. Lo-fi grooves from end to end. Make America anything-but-this again.,Quack: MAxxxA Saga,,,,2025-03-28T03:19:02Z,"BURLESQUEsutra, BURLESQUEsutra (Best Of), GROWsutra where we be brave, JAZZsutra, QUACKsutra where we sing FU"
MAxA Alphabet Series Compilation - Make America Humane · Kind · Safe · Smart · etcetera Alright?!,https://soundcloud.com/bananasutra/sets/maxa-series,1,,QUACKsutra,"BANJO,BURLESQUE","BANJO,BURLESQUE",20,"[8] MAHA • Make America Humane Again • Weary BLUESsutra, [4] MAHA • Make America Humane Again • Accordion CAT BURLESQUEsutra, [5] MAHA • Make America Humane Again • Authentic Banjo FOLKsutra, [6] MAHA • Make America Humane Again • DUBsutra, [2] MAHA • Make America Humane Again • Psy Waltz BURLESQUEsutra (2), [7] MAHA • Make America Humane Again • Booya BANJOsutra, [3] MAHA • Make America Humane Again • Bass IBYN BURLESQUE JAZZsutra, [1] MAHA • Make America Humane Again • Psy Waltz BURLESQUEsutra, MAWA MAWA • Make America Woke Again • Banger BANJOsutra, MASA MASA • Contrabass DUBsutra (2), MASA MASA • Booya BANJOsutra, MASA MASA • Contrabass DUBsutra (1)","2058528344, 2058528372, 2058528368, 2058528364, 2058528348, 2058528352, 2058528356, 2058528360, 2045732792, 2040118236, 2040113024, 2040113020",4890,49,1.002045,0:39:53,https://i1.sndcdn.com/artworks-1kvONAzRbkd2SdIu-RVmpoA-t500x500.png,https://i1.sndcdn.com/artworks-1kvONAzRbkd2SdIu-RVmpoA-t1080x1080.png,,"L-149,L-150,L-326,L-158",checked,,20 tracks of circus critique. Make America Humane Again. It's not a radical idea. It should not be. Served in banjo and burlesque. Make America anything-but-this again.,Quack: MAxxxA Saga,,,,2025-03-23T16:19:58Z,"BANJOsutra, BLOWsutra, BLOWsutra : MAxA Series, BLUESsutra, BLUESsutra (Best Of), BURLESQUEsutra, BURLESQUEsutra (Best Of), DUBsutra, FOLKsutra, FOLKsutra (Best Of), FOTUS CIRCUS Playlist An American Freaks Show, GROWsutra where we be brave, HIDDEN PEELS, INDIEsutra, JAZZsutra, LOFIsutra, QUACKsutra where we sing FU"
Men-Oh-Pause 🩸 KNOWsutra EPx14,https://soundcloud.com/bananasutra/sets/men-oh-pause-knowsutra-epx14,1,,BLOWsutra,"BLUES,BURLESQUE,DUB,FOLK,INDIE,JAZZ,LOFI,ROCK","BLUES,BURLESQUE,DUB,FADO,FOLK,HIP HOP,INDIE,JAZZ,LOFI,PSYCHEDELIC,PUNK,RAGGA,ROCK",14,"[01] Men-Oh-Pause • GROWsutra La Poesita Fado Arabesk World INDIE, [02] Men-Oh-Pause • GROWsutra La Poesita Fado Arabesk World INDIE, [03] Men-Oh-Pause • GROWsutra She Wanna Know Fusion Jazz CelLOFI INDIE, [04] Men-Oh-Pause • GROWsutra She Wanna Know Fusion Jazz CelLOFI INDIE, [05] Men-Oh-Pause • GROWsutra She Wanna Know Fusion Jazz CelLOFI INDIE, [06] Men-Oh-Pause • GROWsutra F-Bomb Hip Hop LOFI, [07] Men-Oh-Pause • GROWsutra Muse DUB, [08] Men-Oh-Pause • GROWsutra Dem Sed Ragga DUB, [09] Men-Oh-Pause • GROWsutra Kindness is in the Depth Indie FOLK, [10] Men-Oh-Pause • GROWsutra Psychedelic Destiny BLUES, [11] Men-Oh-Pause • GROWsutra Accordion Circus BURLESQUE, [12] Men-Oh-Pause • GROWsutra Accordion Circus BURLESQUE, [13] Men-Oh-Pause • GROWsutra Accordion Circus BURLESQUE, [14] Men-Oh-Pause • GROWsutra I Burlesque You Not Psychedelic Punk ROCK","2171402745, 2171402724, 2171402736, 2171402715, 2171402721, 2171402739, 2171402712, 2171402718, 2171402727, 2171402709, 2171402742, 2171402706, 2171402733, 2171402730",4507,44,0.976259,0:52:56,https://i1.sndcdn.com/artworks-CwrH2fJ04mrnXKyD-lpasyg-t500x500.png,https://i1.sndcdn.com/artworks-CwrH2fJ04mrnXKyD-lpasyg-t1080x1080.png,Men-Oh-Pause,L-159,checked,,"Nearly an hour of fair-play defiance, across 14 tracks. Taboo for who, exactly? A body politics reckoning on the weaponized silence that costs half the world its dignity. Served in blues, burlesque, and dub. The apes are at it again.",Speak: APES (gone wrong),,,,2025-09-16T11:10:47Z,"BLOWsutra, BLOWsutra : CENSOR(ed), BLUESsutra, BURLESQUEsutra, BURLESQUEsutra (Best Of), DUBsutra, DUBsutra (Best Of), FOLKsutra, GROWsutra where we be brave, HIDDEN PEELS, INDIEsutra, KNOWsutra : but(t) WHY, KNOWsutra where questions matter, LOFIsutra, LOFIsutra (Best Of), MANTRAsutra (Best Of), ROCKsutra, ROCKsutra (Best Of)"
Mind the Felon EP X5 | JAZZ LOFI : Psychedelic Paradox Soul Chanson,https://soundcloud.com/bananasutra/sets/mind-the-felon-bananasutra-jazz-lofi,1,,QUACKsutra,"JAZZ,LOFI","JAZZ,LOFI,PSYCHEDELIC,SOUL",5,"Mind the Felon (one) • JAZZsutra, Mind the Felon (two) • FOLKsutra, Mind the Felon (three) • JAZZsutra, Mind the Felon (four) • JAZZsutra, Mind the Felon • MANTRAsutra","1955826387, 1955826395, 1955826383, 1955826391, 1955826399",3221,29,0.900342,0:15:38,https://i1.sndcdn.com/artworks-JhmQUJamnQmJaWeu-4kvdTA-t500x500.png,https://i1.sndcdn.com/artworks-JhmQUJamnQmJaWeu-4kvdTA-t1080x1080.png,Mind the Felon,L-161,checked,,A 5-track shadow-walk that stays wide awake through the circus. Mind the gap. Mind the felon. Mind the charm that hides the web. Served in jazz and lo-fi. Quack quack. You know who you are.,Quack: DUCK (shady),,,,2024-11-12T02:31:02Z,"BLOWsutra, BURLESQUEsutra, FOLKsutra, FOLKsutra (Best Of), JAZZsutra, JAZZsutra (Best Of), MANTRAsutra, QUACKsutra : DUCK (shady), QUACKsutra where we sing FU"
Muddy Waters EP,https://soundcloud.com/bananasutra/sets/muddy-waters-ep,2,,BLOWsutra,LOFI,LOFI,3,"Nietzsche’s Gift V.3 • LOFI Jazzz • sutraKNOW, Nietzsche’s Gift V.1 • LOFI Jazzz • sutraKNOW, Nietzsche’s Gift V.2 • LOFI Jazzz • sutraKNOW","1939621334, 1939619060, 1939620257",2465,34,1.379310,0:10:06,https://i1.sndcdn.com/artworks-nMqZKsyaPrkeqrcw-6Z1nNw-t500x500.jpg,https://i1.sndcdn.com/artworks-nMqZKsyaPrkeqrcw-6Z1nNw-t1080x1080.jpg,Nietzsche's Gift (Muddy Waters),L-165,checked,,"A quick 10-minute burst of ego autopsy, across 3 tracks. They muddy the water to make it look deep. Nietzsche saw through it. Inspired by Friedrich Nietzsche. Volume 2 hits different. Ego, meet your reflection.",Speak: EGO (gone loco),,,,2024-11-19T17:53:10Z,"BLOWsutra : EGO (gone loco), KNOWsutra where questions matter, LOFIsutra, LOFIsutra (Best Of)"
My Quest • EPx6 Vol. 2 • GLOWsutra Jacques Brel Dream,https://soundcloud.com/bananasutra/sets/my-quest-glowsutra-jacques-brel-epx7,2,,GLOWsutra,"BANJO,BLUES,BURLESQUE,DUB,INDIE,JAZZ,ROCK","BANJO,BLUES,BURLESQUE,DUB,INDIE,JAZZ,PSYCHEDELIC,ROCK,TRIP HOP",6,"[01] My Quest • To dream an impossible dream • GLOWsutra Psychedelic Cello Lullaby INDIE, [02] My Quest • To dream an impossible dream • GLOWsutra Psychedelic Cello Lullaby INDIE, [03] My Quest • To dream an impossible dream • GLOWsutra She Wanna Know Psychedelic Bass Hop JAZZ, [04] My Quest • To dream an impossible dream with Jacques Brel • GLOWsutra Psychedelic Muse DUB, [05] My Quest • To dream an impossible dream • GLOWsutra Burlesque Indie Trip Hop ROCK, [06] My Quest • To dream an impossible dream with Jacques Brel • GLOWsutra Indie Banjo BLUES","2284234370, 2284234373, 2284234376, 2284234379, 2284234364, 2284234367",3015,17,0.563847,0:16:43,https://i1.sndcdn.com/artworks-RvPg90tJzDpSlPKh-ns1cUw-t500x500.png,https://i1.sndcdn.com/artworks-RvPg90tJzDpSlPKh-ns1cUw-t1080x1080.png,My Quest,L-163,checked,,A 6-track glow-up that dares you to show up. Born with a fire that silence could not tame. This is the quest. A nod to Jacques Brel. Volume 2 hits different. A rainbow in someone's cloud.,Bless: RAINBOWS (in my clouds),,,,2026-03-15T16:44:40Z,"BLUESsutra, DUBsutra, DUBsutra (Best Of), GLOWsutra : POET(ry), GLOWsutra where gratitude feeds, INDIEsutra, INDIEsutra (Best Of), JAZZsutra, ROCKsutra"
New Normalcy (Planet Earth to Higher Grounds) EP x7,https://soundcloud.com/bananasutra/sets/new-normalcy-planet-earth-to-higher-grounds-ep-x7,1,,KNOWsutra,FOLK,FOLK,7,"New Normalcy, Space Oddity ☰ BANJOsutra, New Normalcy, Space Oddity ☰ BURLESQUEsutra, New Normalcy, Space Oddity ☰ COUNTRYsutra, New Normalcy, Space Oddity ☰ DUBsutra, New Normalcy, Space Oddity ☰ FOLK JAZZsutra, New Normalcy, Space Oddity ☰ ROCKsutra, New Normalcy, Space Oddity ☰ PIANOsutra","1990379163, 1990379143, 1990379095, 1990379075, 1990379067, 1990379031, 1990378999",1891,19,1.004759,0:25:21,https://i1.sndcdn.com/artworks-ud5KKsf2ftHwkxwZ-emOxEw-t500x500.jpg,https://i1.sndcdn.com/artworks-ud5KKsf2ftHwkxwZ-emOxEw-t1080x1080.jpg,New Normalcy (Planet Earth to Higher Grounds),L-164,checked,,"A 25-minute ride of war-weary prayer, across 7 tracks. Planet Earth to Higher Grounds. What have we done now? Beautiful things don’t ask for attention... Inspired by David Bowie. The naked truth, served warm.",Ask: (Naked) TRUTH,,,,2024-12-20T02:30:09Z,"BANJOsutra, BLOWsutra : APES (gone wrong), BURLESQUEsutra, DUBsutra, DUBsutra (Best Of), FOLKsutra, INDIEsutra (Best Of), JAZZsutra, KNOWsutra : (naked) TRUTH, KNOWsutra where questions matter, ROCKsutra"
Nietzsche's Gift (They Muddy the Water to Make it Look Deep) - KNOWsutra EPx13 Vol. 5,https://soundcloud.com/bananasutra/sets/nietzsches-gift-they-muddy-the-water-to-make-it-look-deep-knowsutra-epx13-vol-5,4,,KNOWsutra,"BANJO,BLUES,BURLESQUE,DUB,FOLK,INDIE,JAZZ,LOFI","BANJO,BLUES,BURLESQUE,DUB,FOLK,INDIE,JAZZ,LOFI",13,"[01] They Muddy the Water • Nietzsche's Gift • KNOWsutra Piano BURLESQUE, [02] They Muddy the Water • Nietzsche's Gift • KNOWsutra Piano BURLESQUE, [03] They Muddy the Water • Nietzsche's Gift • KNOWsutra Accordion BURLESQUE, [04] They Muddy the Water • Nietzsche's Gift • KNOWsutra Jazz BURLESQUE, [05] They Muddy the Water • Nietzsche's Gift • KNOWsutra Bluesy Bass (Remastered) JAZZ, [06] They Muddy the Water • Nietzsche's Gift • KNOWsutra Jazzy Folk INDIE, [07] They Muddy the Water • Nietzsche's Gift • KNOWsutra Destiny Blues BANJO, [08] They Muddy the Water • Nietzsche's Gift • KNOWsutra Tzigane Fusion FOLK DUB, [09] They Muddy the Water • Nietzsche's Gift • KNOWsutra Tzigane Indie Fusion FOLK DUB, [10] They Muddy the Water • Nietzsche's Gift • KNOWsutra Muse DUB, [11] They Muddy the Water • Nietzsche's Gift • KNOWsutra Dubby Dub DUB, [12] They Muddy the Water • Nietzsche's Gift • KNOWsutra Dubby Dub DUB, [13] They Muddy the Water • Nietzsche's Gift • KNOWsutra Drum LOFI","2164975245, 2164975269, 2164975272, 2164975260, 2164975254, 2164975266, 2164975248, 2164975275, 2164975257, 2164975251, 2164975263, 2164975239, 2164975242",2660,26,0.977444,0:42:09,https://i1.sndcdn.com/artworks-LHMRQArJDO3UAyuX-tkyzjg-t500x500.png,https://i1.sndcdn.com/artworks-LHMRQArJDO3UAyuX-tkyzjg-t1080x1080.png,Nietzsche's Gift (Muddy Waters),L-165,checked,,"13 tracks of ego autopsy. They muddy the water to make it look deep. Nietzsche saw through it. A nod to Friedrich Nietzsche. Volume 4 hits different. Ego, meet your reflection.",Speak: EGO (gone loco),,,,2025-09-04T19:56:59Z,"BANJOsutra, BLOWsutra : EGO (gone loco), BURLESQUEsutra, DUBsutra, INDIEsutra, JAZZsutra, KNOWsutra where questions matter, LOFIsutra"
No Fear · My Dear ❢ BLOWsutra Revolution Ring Jazz EPx19,https://soundcloud.com/bananasutra/sets/no-fear-my-dear-blowsutra-revolution-ring-jazz-epx19,1,,BLOWsutra,"BLUES,FOLK,INDIE,JAZZ,LOFI","BLUES,FOLK,GIPSY,INDIE,JAZZ,LOFI,PSYCHEDELIC",19,"Side A [01] No Fear, My Dear • BLOWsutra Revolt Now Bluesy Psychedelic Chanson Piano JAZZ, Side A [02] No Fear, My Dear • BLOWsutra Revolt Now Bluesy Psychedelic Chanson Piano Bass JAZZ, Side A [03] No Fear, My Dear • BLOWsutra Revolt Now Bluesy Psychedelic Chanson Piano JAZZ, Side A [04] No Fear, My Dear • BLOWsutra Revolt Now Bluesy Psychedelic Chanson Piano JAZZ, Side A [05] No Fear, My Dear • BLOWsutra Revolt Now Bluesy Psychedelic Chanson Piano JAZZ, Side A [06] No Fear, My Dear • BLOWsutra Revolt Now Dubby Bluesy Psychedelic Chanson Piano JAZZ, Side A [07] No Fear, My Dear • BLOWsutra Revolt Now Dubby Bluesy Psychedelic Chanson Piano JAZZ, Side A [08] No Fear, My Dear • BLOWsutra Revolt Now Psychedelic Gipsy World LoFi Fusion Piano Indie JAZZ, Side A [09] No Fear, My Dear • BLOWsutra Revolt Now Bluesy Psychedelic Chanson Piano JAZZ, Side A [10] No Fear, My Dear • BLOWsutra Revolt Now Dubby Psychedelic Chanson Bluesy JAZZ, Side B [11] No Fear, My Dear • BLOWsutra Revolt Now Dubby Psychedelic Folky BLUES, Side B [12] No Fear, My Dear • BLOWsutra Revolt Now Dubby Bluesy Jazzy Psychedelic Chanson Piano FOLK, Side B [13] No Fear, My Dear • BLOWsutra Revolt Now Dubby Psychedelic FOLK, Side B [14] No Fear, My Dear • BLOWsutra Revolt Now Psychedelic Gipsy World LoFi Folk Fusion INDIE, Side B [15] No Fear, My Dear • BLOWsutra Revolt Now Psychedelic Gipsy World LoFi Folk Fusion INDIE, Side B [16] No Fear, My Dear • BLOWsutra Revolt Now Psychedelic Gipsy World LoFi Folk Fusion INDIE, Side B [17] No Fear, My Dear • BLOWsutra Revolt Now Psychedelic Gipsy World LoFi Fusion INDIE, Side B [18] No Fear, My Dear • BLOWsutra Revolt Now Psychedelic Gipsy World Fusion Indie LOFI, Side B [19] No Fear, My Dear • BLOWsutra Revolt Now Psychedelic Gipsy World Fusion Indie LOFI","2220926042, 2220926045, 2220926036, 2220926033, 2220926057, 2220926078, 2220926075, 2220926039, 2220926051, 2220926063, 2220926081, 2220926066, 2220926054, 2220926060, 2220926069, 2220926048, 2220926030, 2220926072, 2220926027",14875,143,0.961345,1:15:40,https://i1.sndcdn.com/artworks-ecBWNrgF4umdHgXR-yDUv4A-t500x500.png,https://i1.sndcdn.com/artworks-ecBWNrgF4umdHgXR-yDUv4A-t1080x1080.png,"No Fear, My Dear",L-166,checked,,"Over an hour of structural outrage, across 19 tracks. Freedom means no fear. Nina Simone said it. We're still working on it. Inspired by Nina Simone. One of the heavier hitters: 14k+ plays. Revolution as a daily practice.",Speak: REVOLT (now),,,,2025-11-29T07:48:10Z,"BLOWsutra, BLOWsutra : REVOLT (now), BLUESsutra, BLUESsutra (Best Of), FOLKsutra, FOLKsutra (Best Of), INDIEsutra, JAZZsutra, JAZZsutra (Best Of), LOFIsutra, LOFIsutra (Best Of)"
No · I'm Not Being Political (circa 2026) ⚉ Vol. 2 EPx10 ⚉ BLOWsutra Quacks Gone Wrong,https://soundcloud.com/bananasutra/sets/no-im-not-being-political-circa-2026-blowsutra-epx10,2,,GROWsutra,"LOFI,DUB,INDIE","LOFI,DUB,INDIE",10,"[01] No, I'm Not Being Political • BLOWsutra Psychedelic Folk Poetry Bridges the DUB, [02] No, I'm Not Being Political • BLOWsutra Psychedelic Folk Poetry Bridges the DUB, [03] No, I'm Not Being Political • BLOWsutra Psychedelic Folk Poetry Bridges the DUB, [04] No, I'm Not Being Political • BLOWsutra Psychedelic Gipsy Circus Ragga DUB, [05] No, I'm Not Being Political • BLOWsutra Psychedelic Gipsy Circus Ragga DUB, [06] No, I'm Not Being Political • BLOWsutra Psychedelic Gipsy Circus Ragga DUB, [07] No, I'm Not Being Political • BLOWsutra Psychedelic Gipsy Circus Ragga DUB, [08] No, I'm Not Being Political • BLOWsutra Hypnotick Psychedelick Motorick LOFI, [09] No, I'm Not Being Political • BLOWsutra Hypnotick Psychedelick Motorick LOFI, [10] No, I'm Not Being Political • BLOWsutra Psychedelic Post-Punk PB Gal BURLESQUE","2317900739, 2317900748, 2317900745, 2317900727, 2317900736, 2317900724, 2317900730, 2317900721, 2317900733, 2317900742",14109,129,0.914310,0:40:12,https://i1.sndcdn.com/artworks-IZ8a3FakdTggbyZU-ULxipg-t500x500.png,https://i1.sndcdn.com/artworks-IZ8a3FakdTggbyZU-ULxipg-t1080x1080.png,"No, I'm Not Being Political (CIRCA 2026)",L-169,checked,,"A 10 track sequel of the 2025 story... updated with the Big Beautifool Bill, miscarriages counting as murder, illegal wars, dystopian galore etc... because guess what, fascism never gets better.","Speak: APES (gone wrong),EP: Criminals · EP: Criminals,Ask: BERTRAND (knows) · Speak: APES (gone wrong),EP: Criminals,World: FRENCHsutra",,,,2026-05-10T05:53:54Z,"BLOWsutra, BURLESQUEsutra, DUBsutra, DUBsutra (Best Of), GROWsutra : DARE (to care), LOFIsutra, LOFIsutra (Best Of), ROCKsutra (Best Of)"
No · I'm Not Being Political 🇺🇸 KNOWsutra Indie Dub EPx15,https://soundcloud.com/bananasutra/sets/no-im-not-being-political-knowsutra-indie-dub-epx15,1,,GROWsutra,"DUB,FOLK,INDIE,LOFI,MANTRA","DUB,FOLK,INDIE,LOFI,MANTRA",15,"[01] No, I'm Not Being Political • KNOWsutra La poesita Folk INDIE, [02] No, I'm Not Being Political • KNOWsutra Folk INDIE, [03] No, I'm Not Being Political • KNOWsutra Dubby Tzigane FOLK, [04] No, I'm Not Being Political • KNOWsutra Dubby Tzigane FOLK, [05] No, I'm Not Being Political • KNOWsutra Dubby Tzigane FOLK, [06] No, I'm Not Being Political • KNOWsutra Dubby Tzigane FOLK, [07] No, I'm Not Being Political • KNOWsutra Dubby Tzigane LOFI, [08] No, I'm Not Being Political • KNOWsutra Dubby Tzigane LOFI, [09] No, I'm Not Being Political • KNOWsutra Dubby Tzigane LOFI, [10] No, I'm Not Being Political • KNOWsutra Indie DUB, [11] No, I'm Not Being Political • KNOWsutra Indie DUB, [12] No, I'm Not Being Political • KNOWsutra DUB, [13] No, I'm Not Being Political • KNOWsutra DUB, [14] No, I'm Not Being Political • KNOWsutra DUB, [15] No, I'm Not Being Political • KNOWsutra Drum MANTRA","2149725444, 2149725432, 2149725429, 2149725447, 2149725438, 2149725423, 2149725435, 2149725450, 2149725426, 2149725441, 2149725465, 2149725453, 2149725462, 2149725456, 2149725468",2970,25,0.841751,0:48:40,https://i1.sndcdn.com/artworks-zz7WsK7tAEH4cMHT-fSdPcQ-t500x500.png,https://i1.sndcdn.com/artworks-zz7WsK7tAEH4cMHT-fSdPcQ-t1080x1080.png,"No, I'm Not Being Political (CIRCA 2025)",L-168,checked,,"15 dub, folk, and indie tracks that won't let you look away. No, I'm not being political. I'm just awake. (Circa 2025.) Dare to care. That's the whole thing.",Dare: DARE (to care),,,,2025-08-07T22:37:43Z,"BLOWsutra : APES (gone wrong), BLOWsutra : REVOLT (now), FOLKsutra (Best Of), GROWsutra : DARE (to care), KNOWsutra where questions matter"
Nous Sommes Le Feu EPx4 ☲ GROWsutra French Peace Indie,https://soundcloud.com/bananasutra/sets/nous-sommes-le-feu-epx4-growsutra-french-peace-indie,1,,GROWsutra,"DUB,INDIE,MANTRA","DUB,INDIE,MANTRA",4,"[01] Nous Sommes Le Feu - Chanson à la BLUESsutra - INDIE, [02] Nous Sommes Le Feu - Chanson à la JAZZsutra - INDIE, [03] Nous Sommes Le Feu - Jazzy Muse DUB, [04] Nous Sommes Le Feu - Queen FOLKsutra - MANTRA","2170697034, 2170697040, 2170697031, 2170697037",879,10,1.137656,0:12:40,https://i1.sndcdn.com/artworks-LI16piMdqgOBh7oK-so3Vwg-t500x500.png,https://i1.sndcdn.com/artworks-LI16piMdqgOBh7oK-so3Vwg-t1080x1080.png,Nous Sommes Le Feu,L-170,checked,,"A 4-track luminous ride that practices kindness like a contact sport. Nous sommes le monde — en français, du fond de l'âme humaniste. On est le feu, les cendres, la lumière. Served in dub, indie, and mantra. En français, évidemment. Kindness as rebellion.","Dare: KIND(ness),World: FRENCHsutra",,,,2025-09-15T08:03:07Z,"DUBsutra, FRENCHsutra oui oui · sacrebleu, GROWsutra : KIND(ness), GROWsutra where we be brave, INDIEsutra, MANTRAsutra, MANTRAsutra (Best Of), OUI OUI : Pardon (my French)"
Oh My · Oh Why (Socrates Song) - GROWsutra EPx7,https://soundcloud.com/bananasutra/sets/oh-my-oh-why-socrates-song-growsutra-epx7,1,,GROWsutra,"DUB,FOLK,INDIE","DUB,FOLK,INDIE",7,"[02] Oh My, Oh Why (Socrates Song) - GROWsutra INDIE, [03] Oh My, Oh Why (Socrates Song) - GROWsutra Bass INDIE, [04] Oh My, Oh Why (Socrates Song) - GROWsutra INDIE FOLK, [05] Oh My, Oh Why (Socrates Song) - GROWsutra FOLK, [06] Oh My, Oh Why (Socrates Song) - GROWsutra mo FOLK, [07] Oh My, Oh Why (Socrates Song) - GROWsutra Muse DUB, [01] Oh My, Oh Why (Socrates Song) - GROWsutra Vocal INDIE","2149787106, 2149787094, 2149787100, 2149787088, 2149787097, 2149787103, 2149787091",1264,12,0.949367,0:26:35,https://i1.sndcdn.com/artworks-u4xWThnzlboyzPPM-yy5lxA-t500x500.png,https://i1.sndcdn.com/artworks-u4xWThnzlboyzPPM-yy5lxA-t1080x1080.png,"Oh My, Oh Why (Socrates Song)",L-171,checked,,"A 7-track smoldering reckoning that refuses to stop asking why. He said 'I know I know nothing.' They sentenced him to death. Oh my, oh why — is truth still the crime they crucify? A nod to Socrates. Because why not ask why.",Ask: But(t) WHY,,,,2025-08-08T01:24:27Z,"BURLESQUEsutra, DUBsutra, FOLKsutra, GROWsutra where we be brave, INDIEsutra, KNOWsutra : but(t) WHY, MANTRAsutra"
Oh · Freedom EP x10 ♛ BLUESsutra (Public Domain Lyrics),https://soundcloud.com/bananasutra/sets/oh-freedom-bluessutra-public-domain-lyrics,1,,BLOWsutra,BLUES,SOUL,10,"Oh, Freedom ♛ BLUESsutra (Public Domain Heavens), Oh, Freedom ♛ GOSPELsutra (Public Domain Heavens), Oh, Freedom ♛ Reverb BLUESsutra (Public Domain Heavens), Oh, Freedom ♛ Circus BLUESsutra (Public Domain Heavens), Oh, Freedom ♛ Dubby BLUESsutra (Public Domain Heavens), Ooh, Freedom ♛ BLUESsutra (Public Domain Heavens on Fire), Ooh, Freedom ♛ BLUESsutra Soul (Public Domain Heavens), oh freedom (no more segregation) • indieBLUESsutra, oh (ohoh) freedom • BLUESsutra, oh (oh) freedom • BLUESsutra","2008831151, 2008831155, 2008831143, 2008831147, 2008831167, 2008831163, 2008831139, 2008878207, 2008879623, 2008880803",1885,25,1.326260,0:28:24,https://i1.sndcdn.com/artworks-P78u62myC8kQzJcZ-qk1VzQ-t500x500.png,https://i1.sndcdn.com/artworks-P78u62myC8kQzJcZ-qk1VzQ-t1080x1080.png,"Oh, Freedom",L-172,checked,,"10 tracks of structural outrage. Before I be a slave, I'll be buried in my grave. The oldest, truest freedom song. The sound: blues. Revolution as a daily practice.",Speak: REVOLT (now),,,,2025-01-14T09:27:32Z,"BANJOsutra, BLOWsutra, BLOWsutra : REVOLT (now), BLUESsutra, BLUESsutra (Best Of), BOWsutra the last of 7 sutras · it's divine <3, BURLESQUEsutra, DUBsutra, FOLKsutra, GROWsutra where we be brave, HIDDEN PEELS, JAZZsutra, ROCKsutra"
Oh · Martine ❃ French GLOW+BOWsutra ❃ Side A+B EPx28,https://soundcloud.com/bananasutra/sets/oh-martine-french-glowbowsutra-side-ab-epx28,1,,BOWsutra,"BLUES,BURLESQUE,DUB,FOLK,INDIE,JAZZ,LOFI,ROCK","BLUES,BURLESQUE,DUB,FADO,FOLK,GIPSY,INDIE,JAZZ,LOFI,PSYCHEDELIC,PUNK,ROCK",28,"Side A [01] Oh Martine • BOWsutra French Accordion Tango Circus Jazz INDIE, Side A [02] Oh Martine • BOWsutra Oh Boy French Accordion Circus Jazz BURLESQUE, Side A [03] Oh Martine • BOWsutra Cheeky Piano Bar Kittens BURLESQUE, Side A [04] Oh Martine • BOWsutra Cheeky Piano Bar Kittens BURLESQUE, Side A [05] Oh Martine • BOWsutra French Psychedelic Cello Indie JAZZ, Side A [06] Oh Martine • BOWsutra French Psychedelic Cello Indie JAZZ, Side A [07] Oh Martine • BOWsutra French Psychedelic Cello Indie JAZZ, Side A [08] Oh Martine • BOWsutra French Psychedelic Cello Indie JAZZ, Side A [09] Oh Martine • BOWsutra French Accordion Psychedelia INDIE, Side A [10] Oh Martine • BOWsutra French Accordion Psychedelia INDIE, Side A [11] Oh Martine • BOWsutra French Accordion Psychedelia INDIE, Side A [12] Oh Martine • BOWsutra La Poesita Fado World Duende INDIE, Side A [13] Oh Martine • BOWsutra La Poesita Fado World Duende INDIE, Side A [14] Oh Martine • BOWsutra La Poesita Fado World Duende INDIE, Side A [15] Oh Martine • BOWsutra La Poesita Fado World Duende INDIE, Side B [01] Oh Martine • BOWsutra Ethereal French BLUES, Side B [02] Oh Martine • BOWsutra Ethereal French BLUES, Side B [03] Oh Martine • BOWsutra Alternative Post-Punk French Burlesque ROCK, Side B [04] Oh Martine • BOWsutra Alternative Post-Punk French Burlesque ROCK, Side B [05] Oh Martine • BOWsutra Alternative Post-Punk French Burlesque ROCK, Side B [06] Oh Martine • BOWsutra Alternative Post-Punk French Burlesque ROCK, Side B [07] Oh Martine • BOWsutra Gipsy World LoFi Fusion INDIE, Side B [08] Oh Martine • BOWsutra Gipsy World LoFi Fusion INDIE, Side B [09] Oh Martine • BOWsutra Gipsy World LoFi Fusion INDIE, Side B [10] Oh Martine • BOWsutra French Cello Psychedelia Indie LOFI, Side B [11] Oh Martine • BOWsutra French Storyteller Mama Indie LOFI, Side B [12] Oh Martine • BOWsutra French Storyteller Mama Indie LOFI, Side B [13] Oh Martine • BOWsutra French Folk Poetry DUB","2196026371, 2196026379, 2196026359, 2196026355, 2196026351, 2196026363, 2196026347, 2196026367, 2196026395, 2196026399, 2196026387, 2196026415, 2196026411, 2196026375, 2196026431, 2196026383, 2196026455, 2196026439, 2196026443, 2196026391, 2196026419, 2196026403, 2196026451, 2196026435, 2196026427, 2196026447, 2196026407, 2196026423",11482,104,0.905766,1:03:00,https://i1.sndcdn.com/artworks-PhV4HcOuFKRdx4bD-cO41eQ-t500x500.png,https://i1.sndcdn.com/artworks-PhV4HcOuFKRdx4bD-cO41eQ-t1080x1080.png,"Oh, Martine",L-173,checked,,"A 28-track glow-up that says thank you with its whole chest. Pour ma tante Martine, qui me manque. Des tartines, des clins d'œil, et un amour pour toujours. Blues, burlesque, and dub grooves from end to end. Resonated: 11k plays and 104 likes so far. En français, évidemment.","Bow: Death (is nothing),World: FRENCHsutra",,,,2025-10-22T06:19:19Z,"BLUESsutra, BOWsutra : DEATH (is nothing), BOWsutra the last of 7 sutras · it's divine <3, BURLESQUEsutra, BURLESQUEsutra (Best Of), DUBsutra, HIDDEN PEELS, INDIEsutra, INDIEsutra (Best Of), JAZZsutra, JAZZsutra (Best Of), LOFIsutra, LOFIsutra (Best Of), OUI OUI : Pardon (my French), ROCKsutra"
Okey Dokey · No It's Not Ξ EPx5 Ξ LOFIsutra,https://soundcloud.com/bananasutra/sets/okey-dokey-no-its-not-epx5-lofisutra,1,,BLOWsutra,INDIE,INDIE,5,"[01] Okey Dokey, No It's Not • Banger BANJOsutra, [02] Okey Dokey, No It's Not • Indie LOFIsutra, [03] Okey Dokey, No It's Not • Indie LOFIsutra, [04] Okey Dokey, No It's Not • Jazzy LOFIsutra, [05] Okey Dokey, No It's Not • Jazzy LOFIsutra","2084862297, 2084862300, 2084862303, 2084862306, 2084862294",6801,49,0.720482,0:15:26,https://i1.sndcdn.com/artworks-lY0oFqEouYMs8MxL-RFc5iA-t500x500.png,https://i1.sndcdn.com/artworks-lY0oFqEouYMs8MxL-RFc5iA-t1080x1080.png,Okie Dokie (No It's Not),L-174,checked,,A 5-track shadow-walk that stays wide awake through the circus. Okie dokie. (No. It's not.) Served in indie. The apes are at it again.,Speak: APES (gone wrong),,,,2025-04-25T06:33:17Z,"BANJOsutra, BLOWsutra, BLOWsutra : APES (gone wrong), FOLKsutra (Best Of), LOFIsutra, LOFIsutra (Best Of), MANTRAsutra (Best Of)"
One Percent Rising • GROWsutra (Dare to Care) Psychedelic Indie EPx6,https://soundcloud.com/bananasutra/sets/one-percent-rising-growsutra-dare-to-care-epx6,1,,GROWsutra,"INDIE,LOFI,ROCK","GIPSY,HIP HOP,INDIE,LOFI,PSYCHEDELIC,PUNK,ROCK",6,"[01] One Percent Rising • GROWsutra (Dare to Care) IBYN Post-Punk PsyBurlesque ROCK, [02] One Percent Rising • GROWsutra (Dare to Care) IBYN Post-Punk PsyBurlesque ROCK, [03] One Percent Rising • GROWsutra (Dare to Care) IBYN Post-Punk PsyBurlesque ROCK, [04] One Percent Rising • GROWsutra (Dare to Care) Psychedelic Indie Gipsy Hip Hop Fusion LOFI, [05] One Percent Rising • GROWsutra (Dare to Care) Psychedelic Indie Gipsy Hip Hop Fusion LOFI, [06] One Percent Rising • GROWsutra (Dare to Care) Psychedelic Indie Gipsy Hip Hop Fusion LOFI","2272770212, 2272770227, 2272770221, 2272770218, 2272770224, 2272770215",1370,15,1.094891,0:17:03,https://i1.sndcdn.com/artworks-kgjEyPp1tNR5wzhb-SWAbWQ-t500x500.png,https://i1.sndcdn.com/artworks-kgjEyPp1tNR5wzhb-SWAbWQ-t1080x1080.png,One Percent Rising,L-175,checked,,"A 17-minute ride of curious reckoning, across 6 tracks. More curious than 99% of the population. That's the one percent that matters. The sound: indie, lo-fi, and rock. Dare to care. That's the whole thing.",Dare: DARE (to care),,,,2026-02-24T20:27:47Z,"GROWsutra : DARE (to care), GROWsutra where we be brave, LOFIsutra, LOFIsutra (Best Of), ROCKsutra"
Ordo Amoris in Decay ♡ GROWsutra EPx6,https://soundcloud.com/bananasutra/sets/ordo-amoris-in-decay-growsutra-epx6,1,,GROWsutra,"INDIE,JAZZ","FADO,INDIE,JAZZ",6,"[00] All I Want Is To Believe - CAT JAZZ BURLESQUEsutra, [01] Ordo Amoris In Decay - Gypsy Fado BURLESQUEsutra, [02] Ordo Amoris In Decay - Oh Boy Accordion Cello BURLESQUEsutra, [03] Ordo Amoris In Decay - Gypsy Fado INDIEsutra, [04] Ordo Amoris In Decay - Indie LOFIsutra, [05] Ordo Amoris In Decay - muse DUBsutra","2115976194, 2115976200, 2115976188, 2115976185, 2115976191, 2115976197",4864,43,0.884046,0:19:10,https://i1.sndcdn.com/artworks-opR2DJpgXbteguGo-J7W1sA-t500x500.png,https://i1.sndcdn.com/artworks-opR2DJpgXbteguGo-J7W1sA-t1080x1080.png,Ordo Amoris in Decay (All I Want Is To Believe),L-178,checked,,"6 indie and jazz tracks asking questions that sting. It's Pride month. Authenticity isn't loud and proud — it's humble, vulnerable, and brave. Ordo amoris, in a world of ego. Holy questions, no holy answers.",Dare: GOD (etc.),,,,2025-06-19T10:35:09Z,"BLOWsutra : APES (gone wrong), BURLESQUEsutra, BURLESQUEsutra (Best Of), DUBsutra, DUBsutra (Best Of), GROWsutra : GOD (etc), INDIEsutra, LOFIsutra, MANTRAsutra, MANTRAsutra (Best Of)"
Oy · We Care 🦆 QUACKsutra Psychedelic Punk Rock Mantra EPx4,https://soundcloud.com/bananasutra/sets/oy-we-care-quacksutra-psychedelic-punk-rock-mantra-epx4,1,,BLOWsutra,"BURLESQUE,FOLK,MANTRA,ROCK","BURLESQUE,FOLK,MANTRA,PSYCHEDELIC,PUNK,ROCK",4,"Oy, We Care! BLOWsutra I Burlesque You Not 1, Oy, We Care! BLOWsutra I Burlesque You Not 2, Oy, We Care! BLOWsutra I Burlesque You Not 3, Oy, We Care! BLOWsutra I Piano Bar Burlesque FOLK","2182690583, 2182690587, 2182690591, 2182690579",1620,9,0.555556,0:08:44,https://i1.sndcdn.com/artworks-Jej1tzscsQG6oWg9-XF2L3Q-t500x500.png,https://i1.sndcdn.com/artworks-Jej1tzscsQG6oWg9-XF2L3Q-t1080x1080.png,"Oy, We Care",L-180,checked,,"4 burlesque, folk, and mantra tracks for the ones who still give a damn. Oy! We care! Oy! We dare! Born to love, not kneel to greed. Time to boom through the gloom. Revolution as a daily practice.",Speak: REVOLT (now),,,,2025-10-05T06:46:42Z,"BLOWsutra : REVOLT (now), BURLESQUEsutra, QUACKsutra where we sing FU, ROCKsutra, ROCKsutra (Best Of)"
Peace Matters More (The Only Wish Worth Making) 🪽 GROWsutra Birthday Wish Song,https://soundcloud.com/bananasutra/sets/peace-matters-more-the-only-wish-worth-making-growsutra-birthday-wish-song,1,,KNOWsutra,"BURLESQUE,DUB,INDIE,JAZZ","BURLESQUE,DUB,GIPSY,INDIE,JAZZ",7,"[01] Peace Matters More - GROWsutra Gipsy psyCello INDIE, [02] Peace Matters More - GROWsutra Gipsy Burlesque INDIE, [03] Peace Matters More - GROWsutra Gipsy Circus BURLESQUE, [04] Peace Matters More - GROWsutra Gipsy Circus BURLESQUE, [05] Peace Matters More - GROWsutra Gipsy DUB JAZZ, [06] Peace Matters More - GROWsutra Gipsy Hop DUB, [07] Peace Matters More - GROWsutra Gipsy Hop DUB","2208891416, 2208891413, 2208891431, 2208891422, 2208891425, 2208891428, 2208891419",8642,78,0.902569,0:31:58,https://i1.sndcdn.com/artworks-E8wykXuhdIZsTYC5-7gZGHQ-t500x500.png,https://i1.sndcdn.com/artworks-E8wykXuhdIZsTYC5-7gZGHQ-t1080x1080.png,Peace Matters More,L-182,checked,,"7 tracks of stubborn hope. The only wish worth making: peace. Just peace. Please? Burlesque, dub, and indie grooves from end to end. Resonated: 8k plays and 78 likes so far. The peace prayer that won't shut up.",Ask: PEACE (not war),,,,2025-11-08T04:29:57Z,"BURLESQUEsutra, BURLESQUEsutra (Best Of), DUBsutra, DUBsutra (Best Of), GROWsutra where we be brave, INDIEsutra, INDIEsutra (Best Of), JAZZsutra, JAZZsutra (Best Of), KNOWsutra : PEACE (not War)"
Pedo Nation ★ Felon Nation Redux ★ BLOWsutra EPx14,https://soundcloud.com/bananasutra/sets/pedo-nation-felon-nation-redux-blowsutra-epx14,1,,QUACKsutra,"BANJO,BLUES,DUB,LOFI,MANTRA","BANJO,BLUES,COUNTRY,DUB,LOFI,MANTRA,TRIP HOP",14,"[01] PEDO Nation • bluesy yum BLUES, [02] PEDO Nation • Psy Banger BANJO, [03] PEDO Nation • Hide Your Pets Country BANJO, [04] PEDO Nation • Hide Your Pets Country BANJO, [05] PEDO Nation • Hide Your Pets Country BANJO, [06] PEDO Nation • Hide Your Pets Country BANJO, [07] PEDO Nation • Hide Your Pets Country BANJO, [08] PEDO Nation • Hide Your Pets Country BANJO, [09] PEDO Nation • Donny Daddy likes 'em young DUB, [10] PEDO Nation • Cello Trip Hop LOFI, [11] PEDO Nation • Cello Trip Hop LOFI, [12] PEDO Nation • Cello Trip Hop LOFI, [13] PEDO Nation • High Drum Prayer MANTRA, [14] PEDO Nation • High Drum Prayer MANTRA","2117874132, 2117874117, 2117874126, 2117874150, 2117874147, 2117874123, 2117874144, 2117874114, 2117874138, 2117874141, 2117874129, 2117874135, 2117874153, 2117874120",3241,27,0.833076,0:50:51,https://i1.sndcdn.com/artworks-LhTksDdMzsR3b0mE-zpGPhA-t500x500.png,https://i1.sndcdn.com/artworks-LhTksDdMzsR3b0mE-zpGPhA-t1080x1080.png,Pedo Nation,L-184,checked,,"14 banjo, blues, and dub tracks steeped in equal parts fury and love. For the silenced girls. Private jets, blackmail nights, masked faces. The shame isn't tiny. The story must be told. Quack quack. You know who you are.",Quack: DUCK (shady),,,,2025-06-23T03:11:57Z,"BANJOsutra, BLUESsutra, DUBsutra, LOFIsutra, LOFIsutra (Best Of), MANTRAsutra, MANTRAsutra (Best Of), QUACKsutra : DUCK (shady), QUACKsutra where we sing FU"
Peel Me Kindly 🍌 SHOWsutra Gone Banana à la Gipsy JAZZ EPx7,https://soundcloud.com/bananasutra/sets/peel-me-kindly-showsutra-gone-banana-a-la-gipsy-jazz,1,,GROWsutra,JAZZ,"GIPSY,JAZZ",7,"[01] Peel Me Kindly • FLOWsutra Gone Banana Joke Gipsy JAZZ, [02] Peel Me Kindly • FLOWsutra Gone Banana Joke Gipsy JAZZ, [03] Peel Me Kindly • FLOWsutra Gone Banana Joke Gipsy JAZZ, [04] Peel Me Kindly • FLOWsutra Gone Banana Joke Gipsy JAZZ, [05] Peel Me Kindly • FLOWsutra Gone Banana Joke Gipsy JAZZ, [06] Peel Me Kindly • FLOWsutra Gone Banana Joke Gipsy JAZZ, [07] Peel Me Kindly • FLOWsutra Gone Banana Joke Gipsy JAZZ","2225001395, 2225001401, 2225001398, 2225001413, 2225001407, 2225001404, 2225001410",5233,60,1.146570,0:30:57,https://i1.sndcdn.com/artworks-lciyCEyApUx6fnqe-mWMztg-t500x500.png,https://i1.sndcdn.com/artworks-lciyCEyApUx6fnqe-mWMztg-t1080x1080.png,Peel Me Kindly,L-185,checked,,"A 7-track luminous ride that insists you be exactly yourself. Seven secrets, one sutra. Peel when ready. The sound: jazz. Kindness as rebellion.",Dare: KIND(ness),,,,2025-12-06T09:47:10Z,"FLOWsutra : WET (my friend), GROWsutra : KIND(ness), INDIEsutra (Best Of), JAZZsutra, JAZZsutra (Best Of), SHOWsutra where bananas play"
Please Pardon My French • SHOWsutra (Be The Fool) Vaudeville EPx12,https://soundcloud.com/bananasutra/sets/please-pardon-my-french-showsutra-ep12,1,,SHOWsutra,"BURLESQUE,JAZZ","BURLESQUE,JAZZ",12,"[01] Please Pardon My French • SHOWsutra (Be The Fool) Psychedelick Motorik Accordion Rock BURLESQUE, [02] Please Pardon My French • SHOWsutra (Be The Fool) Psychedelick Accordion Cello BURLESQUE, [03] Please Pardon My French • SHOWsutra (Be The Fool) Oh Boy Circus Waltz BURLESQUE, [04] Please Pardon My French • SHOWsutra (Be The Fool) Avant-Garde Accordion Jazz Cabaret BURLESQUE, [05] Please Pardon My French • SHOWsutra (Be The Fool) Avant-Garde Accordion Chanson Cabaret BURLESQUE, [06] Please Pardon My French • SHOWsutra (Be The Fool) Avant-Garde Accordion Cello Chanson BURLESQUE, [07] Please Pardon My French • SHOWsutra (Be The Fool) Accordion Tango Circus BURLESQUE, [08] Please Pardon My French • SHOWsutra (Be The Fool) Ethically Gipsy Piano Burlesque JAZZ, [09] Please Pardon My French • SHOWsutra (Be The Fool) Ethically Gipsy Accordion Piano Burlesque JAZZ, [10] Please Pardon My French • SHOWsutra (Be The Fool) Psychedelick Cello Bass LoFi JAZZ, [11] Please Pardon My French • SHOWsutra (Be The Fool) Avant-Garde Accordion Burlesque Bass Jazz LOFI, [12] Please Pardon My French • SHOWsutra (Be The Fool) Cello Hip Indie Jazz LOFI","2340846626, 2340846602, 2340846617, 2340846635, 2340846611, 2340846605, 2340846632, 2340846620, 2340846608, 2340846623, 2340846614, 2340846629",13094,101,0.771346,0:35:44,https://i1.sndcdn.com/artworks-n9O8dHayUi2hOvCf-l6iE6Q-t500x500.png,https://i1.sndcdn.com/artworks-n9O8dHayUi2hOvCf-l6iE6Q-t1080x1080.png,Please Pardon My French,L-187,checked,,"Now dis oui oui 12 times, and have a laugh on me.",Play: (Be) The Fool,,,,2026-06-17T02:00:35Z,"BURLESQUEsutra, BURLESQUEsutra (Best Of), JAZZsutra, JAZZsutra (Best Of), LOFIsutra, SHOWsutra where bananas play, SHOWsutra: (shades of) FOOLS"
Poem (I wanted to be · basically) ℘ EPx14 VOL.01,https://soundcloud.com/bananasutra/sets/poem-i-wanted-to-be-basically-epx14-vol01,1,,GLOWsutra,"BANJO,BLUES,BURLESQUE,DUB,FOLK,INDIE,JAZZ,LOFI","BANJO,BLUES,BURLESQUE,DUB,FOLK,INDIE,JAZZ,LOFI,PSYCHEDELIC",14,"[01] I thought I wanted to be a poet but(t) - Piano Folk INDIE, [02] I Wanted to Be the Poem - Jazzy Piano INDIE, [03] I Wanted to Be the Poem - Piano Folks INDIE, [04] I Wanted to Be the Poem - Jazzy Sax INDIE, [05] I Wanted to Be the Poem - Dreamy Piano JAZZ, [06] I Wanted to Be the Poem - Bluesy Burlesque JAZZ, [07] I Wanted to Be the Poem - Indie Pop LOFI, [08] I Wanted to Be the Poem - Psychedelic DRUM DUB LOFI, [09] I Wanted to Be the Poem - Bluesy Banjo BLUES, [10] I Wanted to Be the Poem - Dreamy Strings FOLK, [11] I Wanted to Be the Poem - Jazzy Singalong FOLK, [12] I Wanted to Be the Poem - Bluesy Indie FOLK, [13] I Wanted to Be the Poem - Strumming along FOLK, [14] I Wanted to Be the Poem - Booya Banger BANJO","2082611487, 2082611466, 2082611469, 2082611475, 2082611478, 2082611484, 2082611496, 2082611490, 2082611493, 2082611502, 2082611499, 2082611472, 2082611481, 2082611508",2422,20,0.825764,0:46:15,https://i1.sndcdn.com/artworks-z3oqCWriMGQ0OJPD-bZzyHg-t500x500.png,https://i1.sndcdn.com/artworks-z3oqCWriMGQ0OJPD-bZzyHg-t1080x1080.png,The Poem,L-254,checked,,"14 tracks of questions that won't quit. I thought I wanted to be a poet. But really, I wanted to be a poem. Federico Garcia Lorca walked in and stayed. Poetry as essential infrastructure.",Bless: POET(ry),,,,2025-04-21T18:32:18Z,"BANJOsutra, BLUESsutra, FOLKsutra, GLOWsutra : POET(ry), GLOWsutra where gratitude feeds, HIDDEN PEELS, INDIEsutra, JAZZsutra, JAZZsutra (Best Of), LOFIsutra"
Poetry Matters EP vol.3,https://soundcloud.com/bananasutra/sets/poetry-matters-ep-vol3,3,,GLOWsutra,"FOLK,LOFI,MANTRA","FOLK,LOFI,MANTRA",3,"Poetry Matters • Folk DUBsutra, Poetry Matters • LOFI DUBsutra, Poetry Matters • Mantra DRUMsutra","2012288647, 2012288615, 2012288591",599,9,1.502504,0:10:10,https://i1.sndcdn.com/artworks-2YAEhVqYbh7DwilS-Nd8dqg-t500x500.jpg,https://i1.sndcdn.com/artworks-2YAEhVqYbh7DwilS-Nd8dqg-t1080x1080.jpg,Poetry Matters,L-189,checked,,"A quick 10-minute burst of beauty that bleeds, across 3 tracks. Question my empathy. I dare you. (Poetry has entered the chat.) The sound: folk, lo-fi, and mantra. This is Vol. 3—the saga deepens. Poetry as essential infrastructure.",Bless: POET(ry),,,,2025-01-19T05:28:52Z,"BOWsutra the last of 7 sutras · it's divine <3, DUBsutra, GLOWsutra : POET(ry), GLOWsutra where gratitude feeds, HIDDEN PEELS, KNOWsutra where questions matter, LOFIsutra, MANTRAsutra, MANTRAsutra (Best Of)"
Poetry Matters ☰ BANJOsutra EPx2,https://soundcloud.com/bananasutra/sets/poetry-matters-banjosutra-ep,2,,GLOWsutra,"BANJO,BLUES","BANJO,BLUES",5,"Poetry Matters (1) ☰ BANJOsutra dream, Poetry Matters (2) ☰ BANJOsutra dream, Poetry Matters (I believe) DUBsutra","2005804183, 2005804179, 2010307139",787,9,1.143583,0:11:40,https://i1.sndcdn.com/artworks-2YAEhVqYbh7DwilS-Nd8dqg-t500x500.jpg,https://i1.sndcdn.com/artworks-2YAEhVqYbh7DwilS-Nd8dqg-t1080x1080.jpg,Poetry Matters,L-189,checked,,5 tracks of beauty that bleeds. Question my empathy. I dare you. (Poetry has entered the chat.) Banjo and blues grooves from end to end. This is Vol. 2—the saga deepens. Poetry as essential infrastructure.,Bless: POET(ry),,,,2025-01-10T09:33:55Z,"BANJOsutra, DUBsutra, FOLKsutra, FOLKsutra (Best Of), GLOWsutra : POET(ry), GLOWsutra where gratitude feeds, GROWsutra where we be brave, JAZZsutra, SINGLEsutra Exclusive SoundCloud (woo)"
Poetry Matters ☲ EPx3 Vol.05 ☲ DUBsutra,https://soundcloud.com/bananasutra/sets/poetry-matters-epx3-vol05-dubsutra,1,,GLOWsutra,DUB,DUB,3,"[01] Poetry Duende - DUBsutra, [02] Poetry Duende - DUBsutra, [03] Poetry Duende - DUBsutra","2104091958, 2104091955, 2104091961",2297,22,0.957771,0:12:21,https://i1.sndcdn.com/artworks-abyBryFxsG9vVsON-VYqfCQ-t500x500.png,https://i1.sndcdn.com/artworks-abyBryFxsG9vVsON-VYqfCQ-t1080x1080.png,Poetry Matters,L-189,checked,,"A quick 12-minute burst of beauty that bleeds, across 3 tracks. Question my empathy. I dare you. (Poetry has entered the chat.) The sound: dub. Poetry as essential infrastructure.",Bless: POET(ry),,,,2025-05-29T03:53:25Z,"DUBsutra, DUBsutra (Best Of), GLOWsutra : POET(ry), GLOWsutra where gratitude feeds"
Poetry Nah Lie ☲ EPx6 Vol.01 ☲ DUBsutra,https://soundcloud.com/bananasutra/sets/poetry-nah-lie-epx6-vol01-dubsutra,1,,GLOWsutra,DUB,RAGGA,6,"[01] Poetry Nah Lie - Ragga DUBsutra, [02] Poetry Nah Lie - Ragga DUBsutra, [03] Poetry Nah Lie - Ragga DUBsutra, [04] Poetry Nah Lie - Ragga DUBsutra, [05] Poetry Nah Lie - Ragga DUBsutra, [06] Poetry Nah Lie - Ragga DUBsutra","2104099035, 2104099038, 2104099050, 2104099044, 2104099047, 2104099041",3463,39,1.126191,0:21:43,https://i1.sndcdn.com/artworks-XirUpSPl2GiR23bD-IUcZyA-t500x500.png,https://i1.sndcdn.com/artworks-XirUpSPl2GiR23bD-IUcZyA-t1080x1080.png,Poetry Nah Lie,L-190,checked,,"6 dub tracks disguised as music. Poetry nah lie. It's vital like a plant. Medicine for truth, in a world where viral means value. Poetry as essential infrastructure.",Bless: POET(ry),,,,2025-05-29T04:13:57Z,"DUBsutra, GLOWsutra where gratitude feeds"
Poetry Slow Burns ☲ EPx5 Vol.01 ☲ DUBsutra,https://soundcloud.com/bananasutra/sets/poetry-slow-burns-epx5-vol01-dubsutra,1,,GLOWsutra,DUB,DUB,5,"[01] Poetry Slow Burns  - Gold DUBsutra, [02] Poetry Slow Burns - DUBsutra, [03] Poetry Slow Burns - DUBsutra, [04] Poetry Slow Burns - DUBsutra, [05] Poetry Slow Burns - Sweet DUBsutra","2104095318, 2104095321, 2104095324, 2104095330, 2104095327",4071,37,0.908868,0:19:17,https://i1.sndcdn.com/artworks-kFKsDMSXWH3Vpk1z-DJlmNw-t500x500.png,https://i1.sndcdn.com/artworks-kFKsDMSXWH3Vpk1z-DJlmNw-t1080x1080.png,Poetry Slow Burns,L-191,checked,,"A 19-minute ride of beauty that bleeds, across 5 tracks. Not for show, not for fame. Just to name the ache and sing the flame. Poetry slow burns — soft, deadly. Dub grooves from end to end. Poetry as essential infrastructure.",Bless: POET(ry),,,,2025-05-29T03:59:25Z,"DUBsutra, DUBsutra (Best Of), GLOWsutra : POET(ry), GLOWsutra where gratitude feeds"
Possum Scrotum • GROWsutra (Dare to Care) Psychedelick EPx7,https://soundcloud.com/bananasutra/sets/possum-scrotum-growsutra-epx7,1,,GROWsutra,"BURLESQUE,LOFI","BURLESQUE,LOFI",7,"[01] Possum Scrotum • GROWsutra (Dare to Care) Psychedelick Accordion Funk Hop LOFI, [02] Possum Scrotum • GROWsutra (Dare to Care) Psychedelick Accordion Funk Hop LOFI, [03] Possum Scrotum • GROWsutra (Dare to Care) Psychedelick Accordion Funk Hop LOFI, [04] Possum Scrotum • GROWsutra (Dare to Care) Psychedelick Jazz Sirene Hop Drum BURLESQUE, [05] Possum Scrotum • GROWsutra (Dare to Care) Psychedelick Jazz Sirene Accordion BURLESQUE, [06] Possum Scrotum • GROWsutra (Dare to Care) Psychedelick Jazz Sirene Drum Hop BURLESQUE, [07] Possum Scrotum • GROWsutra (Dare to Care) Psychedelick Jazz Sirene A Capella Accordion Burlesque MANTRA","2366145398, 2366145383, 2366145392, 2366145386, 2366145395, 2366145380, 2366145389",1502,11,0.732357,0:24:07,https://i1.sndcdn.com/artworks-b3R46VLkPB8QzmsF-rIaCYA-t500x500.jpg,https://i1.sndcdn.com/artworks-b3R46VLkPB8QzmsF-rIaCYA-t1080x1080.jpg,Possum Scrotum,L-193,checked,,"Because... Democracy ain’t a matter of chance.
You’ve got to fight for the right to dance.
But(t) too many play dead possum, still...
As if silence could break a tyrant’s will.",Dare: DARE (to care),,,,2026-07-22T22:33:09Z,"BURLESQUEsutra, GROWsutra : DARE (to care), GROWsutra where we be brave, LOFIsutra, MANTRAsutra"
Predators (why war) EP x11 vol.2,https://soundcloud.com/bananasutra/sets/predators-why-war-ep-vol2,2,,KNOWsutra,MANTRA,MANTRA,11,"Predators (why Kids Are Allowed To Die) • BASS JAZZsutra, You Know Why (wars) • CONTRABASS LOFIsutra, Why They Die (predators) 1 • INDIEsutra, Why They Die (predators) 2 • INDIEsutra, WAR They Die (predators) 3 • WARsutra, Who Cares Who Knows • WTFsutra, Predators (why Kids Are Allowed To Die) • FOLKsutra, Predators (why Kids Are Allowed To Die • PIANO JAZZsutra, Predators (why Kids Are Allowed To Die) • CELLOsutra, Predators (why Kids Are Allowed To Die) • MANTRA DRUMsutra, Predators (why Kids Are Allowed To Die) MANTRAencore DRUMsutra","2003720019, 2003720003, 2003719887, 2003719931, 2003719847, 2003719863, 2003719735, 2003719691, 2003719715, 2003719755, 2003719787",2163,23,1.063338,0:38:38,https://i1.sndcdn.com/artworks-OWRInG4UzoJJhhFd-ho8qyg-t500x500.jpg,https://i1.sndcdn.com/artworks-OWRInG4UzoJJhhFd-ho8qyg-t1080x1080.jpg,Predators (Why War),L-194,checked,,"A 11-track dark bloom that asks the fairness question out loud. Why? No one cares. No one hears. Predators in history, memories in mystery. Vol. 2, because war's a long story. The sound: mantra. Vol. 2, because one wasn't enough. The peace prayer that won't shut up.",Ask: PEACE (not war),,,,2025-01-08T00:47:56Z,"BURLESQUEsutra, FOLKsutra, INDIEsutra, JAZZsutra, KNOWsutra : PEACE (not War), LOFIsutra, MANTRAsutra"
Prickly Peaches DUBsutra EPx3,https://soundcloud.com/bananasutra/sets/prickly-peaches-dubsutra-epx3,1,,FLOWsutra,DUB,DUB,3,"Prickly Peaches (one) • DUB Sutra, Prickly Peaches (two) • DUB Sutra, Prickly Peaches (three) • DUB Sutra","1993857751, 1993857731, 1993857711",863,11,1.274623,0:10:53,https://i1.sndcdn.com/artworks-RAzwB4AnKcyRKbyO-wrGX6g-t500x500.jpg,https://i1.sndcdn.com/artworks-RAzwB4AnKcyRKbyO-wrGX6g-t1080x1080.jpg,Wet (Prickly) Peaches vol.2,L-285,checked,,"3 dub tracks built on nerve and a prayer. What Jefferson Airplane would sound like as a haunting psychedelic ode to radical intimacy. Vol. 2, because some songs are cheekier than others. Where trust gets tender.","Trust: WET (my friend),EP: Peachy",,,,2024-12-24T21:59:40Z,"DUBsutra, DUBsutra (Best Of), FLOWsutra : WET (my friend), FLOWsutra where time is space, HIDDEN PEELS"
Pro-life means what · honey?,https://soundcloud.com/bananasutra/sets/pro-life-means-what-honey,1,,GROWsutra,"BANJO,MANTRA","BANJO,MANTRA",6,"Pro-Life Means What, Honey • Banjo BLUESsutra (1), Pro-Life Means What, Honey • Banjo BLUESsutra (2), Pro-Life Means What, Honey • Banjo BLUESsutra (3), Pro-Life Means What, Honey • Banjo BLUESsutra (4), Pro-Life Means What, Honey • Reggae DUBsutra (1), Pro-Life Means What, Honey • Jazzy Mantra DUBsutra (2)","2031314788, 2031314764, 2031314740, 2031314724, 2031314704, 2031314688",1233,18,1.459854,0:20:15,https://i1.sndcdn.com/artworks-6n9qPQKkYrr2fiIl-Ru83aw-t500x500.jpg,https://i1.sndcdn.com/artworks-6n9qPQKkYrr2fiIl-Ru83aw-t1080x1080.jpg,"Pro-life Means What, Honey?",L-196,checked,,"A 20-minute ride of holy doubt, across 6 tracks. Pro-life means what, exactly? (Still waiting for a straight answer.) The sound: banjo and mantra. Holy questions, no holy answers.",Dare: GOD (etc.),,,,2025-02-11T03:29:51Z,"BANJOsutra, BLUESsutra, DUBsutra, GROWsutra : GOD (etc), HIDDEN PEELS, KNOWsutra where questions matter, MANTRAsutra (Best Of), QUACKsutra where we sing FU, Questions for the (kind) POPE in the Sky"
Project 2-0-2-5 (Explicit Fascism Advisory) • Pray for Murica SOULsutra EPx7,https://soundcloud.com/bananasutra/sets/project-2-0-2-5-explicit-fascism-advisory-pray-for-murica-soulsutra-epx7,1,,QUACKsutra,FOLK,"FOLK,SOUL",7,"Project 2-0-2-5 • Folksy DUBsutra, Project 2-0-2-5 • Bully FOLKsutra, Project 2-0-2-5 • Dummy FOLKsutra, Project 2-0-2-5 • Ducky BLUESsutra, Project 2-0-2-5 • Tonky BLUESsutra, Project 2-0-2-5 • Wonky BLUESutra, Project 2-0-2-5 • Honky INDIEsutra","2021403369, 2021403377, 2021403365, 2021403389, 2021403373, 2021403385, 2021403381",1396,16,1.146132,0:24:25,https://i1.sndcdn.com/artworks-Gpeeqzc8b4frhVCd-pyGbug-t500x500.png,https://i1.sndcdn.com/artworks-Gpeeqzc8b4frhVCd-pyGbug-t1080x1080.png,Project 2025 (Honky tonk dreams in the land of the free),L-197,checked,,"A 7-track shadow-walk that stays wide awake through the circus. Project 2025: a reading list nobody asked for, a playlist everyone needs. The sound: folk. Quack quack. You know who you are.",Quack: DUCK (shady),,,,2025-01-30T00:32:50Z,"BLOWsutra, BLUESsutra, BLUESsutra (Best Of), DUBsutra, FOLKsutra, FOLKsutra (Best Of), INDIEsutra, QUACKsutra : DUCK (shady), QUACKsutra where we sing FU"
Queer Almighty (Holy Questions Matter) - EPx16 VOL. 02,https://soundcloud.com/bananasutra/sets/queer-almighty-holy-questions-matter-epx16-vol-02,2,,GROWsutra,"BANJO,BLUES,FOLK,MANTRA","BANJO,BLUES,CABARET,COUNTRY,FOLK,MANTRA",16,"[01] Queer Almighty - Folk BANJOsutra, [02] Queer Almighty - Blues BANJOsutra, [03] Queer Almighty - Brave enough to be - Country BANJOsutra, [04] Queer Almighty • Bluegrass BANJOsutra, [05] Queer Almighty - Jazzy Queer Almighty - BLUESy BANJOsutra, [06] Queer Almighty - Queer Enough to Cabaret - BANJOsutra, [07] Queer Almighty - Oh my queer almighty why - BANJOsutra, [08] Queer Almighty - Tell me why - FOLK BANJOsutra, [09] Queer Almighty - FOLK BANJOsutra, [10] Queer Almighty - Why - Banjo Tango FOLKsutra, [11] Queer Almighty - BURLESQUEsutra, [12] Queer Almighty - Why is it so hard - Piano BURLESQUEsutra, [13] Queer Almighty - Born to Waltz - BANJOsutra, [14] Queer Almighty - love unmasked - JAZZsutra, [15] Queer Almighty - Drum Mantra DUBsutra, [16] Queer Almighty • Accordion MANTRAsutra","2085884382, 2085884385, 2085884379, 2085884391, 2085884376, 2085884394, 2085884403, 2085884388, 2085884397, 2085884400, 2085884415, 2085884412, 2085884421, 2085884418, 2085884406, 2085884409",9389,66,0.702950,0:51:38,https://i1.sndcdn.com/artworks-AW1E67BzmypJfRI1-6hZzEg-t500x500.png,https://i1.sndcdn.com/artworks-AW1E67BzmypJfRI1-6hZzEg-t1080x1080.png,Queer Almighty,L-198,checked,,"16 banjo, blues, and folk tracks for the ones who still give a damn. Queer almighty: if God made everything, the closet wasn't His idea. Vol. 2, because one wasn't enough. Resonated: 9k plays and 66 likes so far. Holy questions, no holy answers.",Dare: GOD (etc.),,,,2025-04-27T06:04:28Z,"BANJOsutra, BLUESsutra, BURLESQUEsutra, DUBsutra, DUBsutra (Best Of), FOLKsutra (Best Of), GROWsutra : GOD (etc), KNOWsutra where questions matter, MANTRAsutra, Questions for the (kind) POPE in the Sky"
Question Di Kingdom EPx4 VOL.02,https://soundcloud.com/bananasutra/sets/question-di-kingdom-epx4-vol02,2,,KNOWsutra,DUB,"DUB,RAGGA",4,"[01] Question Di Kingdom - Dub's the Path (Truth is the riddim) - Ragga DUBsutra, [02] Question Di Kingdom - Dub's the Path (Truth is the riddim) - DUBsutra, [03] Reason over Reverence - They said bow down but we rise 1 - DUBsutra, [04] Reason over Reverence - They said bow down but we rise 2 - DUBsutra","2085837549, 2085837546, 2085837543, 2085837552",4838,48,0.992146,0:11:40,https://i1.sndcdn.com/artworks-di7zASJGwZPfXRsD-DluSHw-t500x500.png,https://i1.sndcdn.com/artworks-di7zASJGwZPfXRsD-DluSHw-t1080x1080.png,Question Di Kingdom,L-199,checked,,"A 4-track sun-drunk hymn that dances where gods fear to tread. Rise up tall. Reason first. Kingdom, second (if needed). Channeling Bertrand Russell, obviously. This is Vol. 2—the saga deepens. Bertrand would approve. Probably.",Ask: BERTRAND (knows),,,,2025-04-27T02:47:39Z,"DUBsutra, DUBsutra (Best Of), KNOWsutra : BERTRAND (mon chéri), KNOWsutra where questions matter, Questions for the (kind) POPE in the Sky"
Question di Kingdom ✰ Ragga DUBsutra EPx10,https://soundcloud.com/bananasutra/sets/question-di-kingdom-ragga-dubsutra-epx10,1,,KNOWsutra,DUB,RAGGA,10,"[1] Bertrand said reason • BANJOsutra, [2]  Chains wide, with Russel • LOFIsutra, [3] Question Di Kingdom (2) • RAGGAsutra, [4] Question Di Kingdom (1) • RAGGAsutrawav, [5] Dubbin' for Freedom • DUBsutra, [6] Step into Russel's rhythm (1) • DUBsutra, [7] Step into Russel's rhythm (2) • DUBsutra, [8] Reason fi di win • RAGGAsutra, [9] Reason fi di win • RAGGAsutra, [10] Question it All, Blessed Bertrand Russel • LOFIsutra","2044681252, 2044681268, 2044681276, 2044681272, 2044681256, 2044681280, 2044681260, 2044681264, 2044681249, 2044681284",2911,24,0.824459,0:27:13,https://i1.sndcdn.com/artworks-mKTmWGkHkyRy4ocv-MREqIQ-t500x500.png,https://i1.sndcdn.com/artworks-mKTmWGkHkyRy4ocv-MREqIQ-t1080x1080.png,Question Di Kingdom,L-199,checked,,"A 10-track sun-drunk hymn that dances where gods fear to tread. Rise up tall. Reason first. Kingdom, second (if needed). Channeling Bertrand Russell, obviously. Bertrand would approve. Probably.",Ask: BERTRAND (knows),,,,2025-03-01T11:04:15Z,"BANJOsutra, DUBsutra, KNOWsutra : BERTRAND (mon chéri), KNOWsutra where questions matter, LOFIsutra, Questions for the (kind) POPE in the Sky"
Question the Nation • EPx10 • BLOWsutra Psychedelic Dub Revolution,https://soundcloud.com/bananasutra/sets/question-the-nation-blowsutra-psychedelic-revolution-epx10,1,,BLOWsutra,"BLUES,DUB,INDIE,JAZZ,LOFI","ACOUSTIC,BLUES,DUB,GIPSY,INDIE,JAZZ,LOFI,PSYCHEDELIC,RAGGA,TRIP HOP",10,"[01] Question The Nation • BLOWsutra (Revolt Now) Gipsy Indie LoFi Dub BLUES, [02] Question The Nation • BLOWsutra (Revolt Now) Gipsy Indie Trip Hop(e) Dub LOFI, [03] Question The Nation • BLOWsutra (Revolt Now) Gipsy Indie Trip Hop(e) Dub LOFI, [04] Question The Nation • BLOWsutra (Revolt Now) Gipsy Indie Trip Hop(e) Dub LOFI, [05] Question The Nation • BLOWsutra (Revolt Now) Gipsy Indie Trip Hop(e) Dub LOFI, [06] Question The Nation • BLOWsutra (Revolt Now) Gipsy Indie Trip Hop(e) Dub LOFI, [07] Question The Nation • BLOWsutra (Revolt Now) Gipsy Indie Trip Hop(e) Dub LOFI, [08] Question The Nation • BLOWsutra (Revolt Now) Gipsy Indie Trip Hop(e) Dub LOFI, [09] Question The Nation • BLOWsutra (Revolt Now) SWK Dubby Raw Acoustic Bass Jazz LOFI, [10] Question The Nation • BLOWsutra (Revolt Now) Rebound 'n Rise Psychedelic Ragga Mama DUB","2266847459, 2266847450, 2266847471, 2266847462, 2266847456, 2266847465, 2266847474, 2266847468, 2266847453, 2266847447",4156,44,1.058710,0:35:59,https://i1.sndcdn.com/artworks-kMicgGnKLarUxkiZ-jURgUg-t500x500.png,https://i1.sndcdn.com/artworks-kMicgGnKLarUxkiZ-jURgUg-t1080x1080.png,Question The Nation,L-200,checked,,A 10-track shadow-walk that refuses to stop asking why. Question the nation. Truth is on sabbatical. Or what(TF)? A nod to Hannah Arendt. Bertrand would approve. Probably.,Ask: BERTRAND (knows),,,,2026-02-15T04:08:15Z,"BLOWsutra, BLOWsutra : REVOLT (now), BLUESsutra, DUBsutra, LOFIsutra, LOFIsutra (Best Of)"
Radio Static ⭐︎ QUACKsutra (FOTUS Circus) Piano Cabaret EPx4,https://soundcloud.com/bananasutra/sets/radio-static-quacksutra-cabaret-epx4,1,,QUACKsutra,INDIE,INDIE,4,"[01] Radio Static • QUACKsutra (FOTUS Circus) Shhh Piano Indie BURLESQUE, [02] Radio Static • QUACKsutra (FOTUS Circus) Burlesque Piano Cello Chanson INDIE, [03] Radio Static • QUACKsutra (FOTUS Circus) Burlesque Chanson Piano INDIE, [04] Radio Static • QUACKsutra (FOTUS Circus) Burlesque Piano Cello Bass INDIE","2335653740, 2335653731, 2335653734, 2335653737",3359,33,0.982435,0:15:22,https://i1.sndcdn.com/artworks-M9jkZvZV3768oFED-Djs8Eg-t500x500.png,https://i1.sndcdn.com/artworks-M9jkZvZV3768oFED-Djs8Eg-t1080x1080.png,Radio Static (The Dystopian Cabaret),L-321,checked,,"Because the dystopian cabaret is where we're at... rad, yo.",Quack: DUCK (shady),,,,2026-06-08T18:16:12Z,"FOTUS CIRCUS Playlist An American Freaks Show, INDIEsutra, JAZZsutra, JAZZsutra (Best Of), QUACKsutra : FOTUS Circus"
Rainbows in the Clouds • GLOWsutra Dub LoFi Blues,https://soundcloud.com/bananasutra/sets/rainbows-in-the-clouds-glowsutra-dub-lofi-blues,1,,GLOWsutra,"BANJO,BLUES,DUB,FOLK,INDIE,JAZZ,LOFI","BANJO,BLUES,COUNTRY,DUB,FOLK,GIPSY,INDIE,JAZZ,LOFI",14,"[01] Rainbows in the Clouds • GLOWsutra Folk Poetry Dubs the DUB, [02] Rainbows in the Clouds • GLOWsutra Gipsy Jazz Conscious Fusion LOFI, [03] Rainbows in the Clouds • GLOWsutra Gipsy Jazz Conscious Fusion LOFI, [04] Rainbows in the Clouds • GLOWsutra Gipsy Jazz Conscious Fusion LOFI, [05] Rainbows in the Clouds • GLOWsutra Gipsy Jazz Conscious Fusion LOFI, [06] Rainbows in the Clouds • GLOWsutra Gipsy Tripsy Conscious Hop LOFI, [07] Rainbows in the Clouds • GLOWsutra Americana Booya Country Banjo FOLK, [08] Rainbows in the Clouds • GLOWsutra Queen of Authentic Dubby Folk Classic BLUES, [09] Rainbows in the Clouds • GLOWsutra Maya Mama Classic BLUES, [10] Rainbows in the Clouds • GLOWsutra Maya Mama Classic BLUES, [11] Rainbows in the Clouds • GLOWsutra Maya Mama Classic BLUES, [12] Rainbows in the Clouds • GLOWsutra Maya Mama Classic BLUES, [13] Rainbows in the Clouds • GLOWsutra Magic Mama-b-c Cello Lullaby INDIE, [14] Rainbows in the Clouds • GLOWsutra Magic Mama-b-c Cello Lullaby INDIE","2253218081, 2253218087, 2253218096, 2253218105, 2253218066, 2253218084, 2253218072, 2253218078, 2253218093, 2253218099, 2253218069, 2253218090, 2253218102, 2253218075",16882,188,1.113612,0:33:40,https://i1.sndcdn.com/artworks-OuzjTqyXc8wz8Uv9-0cXu0Q-t500x500.png,https://i1.sndcdn.com/artworks-OuzjTqyXc8wz8Uv9-0cXu0Q-t1080x1080.png,Rainbows in the Clouds,L-202,checked,checked,"Fourteen tracks of gratitude with teeth. Maya Angelou said be a rainbow in someone's cloud; Banana spent an EP figuring out what that means in practice, and dedicated this version to her friend Sri, who left after a brave five-year battle and who would have laughed at every verse. Beyond labels, lines, tiers, bias, noise, and fears: a song for everyone daring not to fit the square.",Bless: RAINBOWS (in my clouds),,,,2026-01-24T05:17:34Z,"BLUESsutra, BLUESsutra (Best Of), DUBsutra, DUBsutra (Best Of), FOLKsutra, GLOWsutra : RAINBOWS (in my clouds), GLOWsutra where gratitude feeds, INDIEsutra, LOFIsutra, LOFIsutra (Best Of)"
Read Me Harder (BB is for Banned Books) ☆ SHOWsutra Side A+B EPx19,https://soundcloud.com/bananasutra/sets/read-me-harder-bb-is-for-banned-books-showsutra-side-ab-epx19,1,,SHOWsutra,"BANJO,BLUES,BURLESQUE,DUB,FOLK,INDIE,JAZZ,LOFI,ROCK","BANJO,BLUES,BURLESQUE,COUNTRY,DUB,FOLK,HIP HOP,INDIE,JAZZ,LOFI,PSYCHEDELIC,ROCK",19,"Side A [01] READ ME HARDER (BB for Banned Books) - SHOWsutra Cello Accordion Tango Burlesque JAZZ, Side A [02] BB is for Banned Books - SHOWsutra Gypsy Hip Hop Fusion BURLESQUE, Side A [03] BB is for Banned Books - SHOWsutra Gypsy Hip Hop Fusion BURLESQUE, Side A [04] BB is for Banned Books - SHOWsutra Gypsy Hip Hop Fusion BURLESQUE, Side A [05] READ ME HARDER (BB is for Banned Books) - SHOWsutra Gypsy Hip Hop Rebellion BURLESQUE, Side A [06] READ ME HARDER (BB is for Banned Books) - SHOWsutra Gypsy Hip Hop Rebellion BURLESQUE, Side A [07] READ ME HARDER (BB is for Banned Books) - SHOWsutra Gypsy Hip Hop Rebellion BURLESQUE, Side A [08] READ ME HARDER (BB is for Banned Books) - SHOWsutra Gypsy Hip Hop Rebellion BURLESQUE, Side A [09] READ ME HARDER (BB for Banned Books) - SHOWsutra oh boy accordion circus waltz BURLESQUE, Side B [01] READ ME HARDER (BB for Banned Books) - SHOWsutra Banjo Booya Country Folk BLUES, Side B [02] READ ME HARDER (BB for Banned Books) - SHOWsutra Psychedelic Destiny Banjo BLUES, Side B [03] READ ME HARDER (BB for Banned Books) - SHOWsutra Psychedelic Destiny Banjo BLUES, Side B [04] READ ME HARDER (BB for Banned Books) - SHOWsutra Psychedelic Destiny Banjo BLUES, Side B [05] READ ME HARDER (BB for Banned Books) - SHOWsutra Psychedelic Destiny Banjo BLUES, Side B [06] READ ME HARDER (BB for Banned Books) - SHOWsutra IBYN Burlesque ROCK, Side B [07] READ ME HARDER (BB for Banned Books) - SHOWsutra IBYN Burlesque ROCK, Side B [08] READ ME HARDER (BB for Banned Books) - SHOWsutra IBYN Burlesque ROCK, Side B [09] READ ME HARDER (BB for Banned Books) - SHOWsutra She Wanna Know Jazzy LoFi Indie DUB, Side B [10] READ ME HARDER (BB for Banned Books) - SHOWsutra She Wanna Know Jazzy LoFi Indie DUB","2194994987, 2194994935, 2194994923, 2194994939, 2194994919, 2194994927, 2194994915, 2194994931, 2194994963, 2194994943, 2194994951, 2194994947, 2194994955, 2194994959, 2194994971, 2194994979, 2194994975, 2194994983, 2194994967",9777,68,0.695510,1:02:22,https://i1.sndcdn.com/artworks-AsBdOuYSmx4CVzKs-Y8zKhQ-t500x500.png,https://i1.sndcdn.com/artworks-AsBdOuYSmx4CVzKs-Y8zKhQ-t1080x1080.png,Read Me Harder (BB is for Banned Books),L-203,checked,,A 19-track shadow-walk that lights up whatever it touches. They banned the books but not the beat. BB is for Banned Books — and Badass Brains. Read harder. Inspired by Margaret Atwood. Resonated: 9k plays and 67 likes so far. Uncensored. Obviously.,Speak: CENSOR(ed),,,,2025-10-21T03:56:20Z,"BLOWsutra : CENSOR(ed), BLUESsutra, BLUESsutra (Best Of), BURLESQUEsutra, BURLESQUEsutra (Best Of), DUBsutra, JAZZsutra (Best Of), ROCKsutra, SHOWsutra where bananas play"
Reason over Reverence (No need for God) ☷ KNOWsutra EPx6,https://soundcloud.com/bananasutra/sets/reason-over-reverence-no-need-for-god-knowsutra-epx6,1,,KNOWsutra,"BANJO,BLUES","BANJO,BLUES",6,"[01] Reason over Reverence (No Need for Gods) • Banjo Blues FOLKsutra, [02] Reason over Reverence (No Need for Gods) • Accordion BURLESQUEsutra, [03] Reason over Reverence (No Need for Gods) • ACCORDION BANJOsutra, [04] Reason over Reverence (No Need for Gods) • Cello Bass JAZZsutra, [05] Reason over Reverence (No Need for Gods) • Cello DUBsutra, [06] Reason over Reverence (No Need for Gods) • Cello INDIEsutra","2118490347, 2118490344, 2118490332, 2118490335, 2118490341, 2118490338",1771,16,0.903444,0:19:56,https://i1.sndcdn.com/artworks-52aEtWxS2ijbwMuq-syAe6A-t500x500.png,https://i1.sndcdn.com/artworks-52aEtWxS2ijbwMuq-syAe6A-t1080x1080.png,Reason Over Reverence,L-205,checked,,"A 19-minute ride of holy doubt, across 6 tracks. They built heaven on fear. Reason is a better foundation. A nod to Bertrand Russell. Holy questions, no holy answers.",Dare: GOD (etc.),,,,2025-06-24T01:57:03Z,"BANJOsutra, BLUESsutra, BURLESQUEsutra, DUBsutra, FOLKsutra, FOLKsutra (Best Of), GROWsutra : GOD (etc), HIDDEN PEELS, INDIEsutra, JAZZsutra, JAZZsutra (Best Of), KNOWsutra : BERTRAND (mon chéri)"
Relative Steve - KNOWsutra Hip de la HoP EPx2 Bass Interlude,https://soundcloud.com/bananasutra/sets/relative-steve-knowsutra-hip-de-la-hop-epx2-bass-interlude,1,,BLOWsutra,LOFI,"LOFI,HIP HOP",2,"Relative Steve • KNOWsutra Psy Hip Weee Hop, Relative Steve • KNOWsutra Psy Hip Wooo Hop","2149778703, 2149778700",365,7,1.917808,0:03:54,https://i1.sndcdn.com/artworks-lhsvkiQu3Jgy5T0S-iRyHyQ-t500x500.png,https://i1.sndcdn.com/artworks-lhsvkiQu3Jgy5T0S-iRyHyQ-t1080x1080.png,Relative Steve,L-206,checked,,"2 tracks of clarity with claws. Is truth relative, Steve? A vintage hip hop song asking the dumb recycled questions. Yo. Served in lo-fi. Ego, meet your reflection.",Speak: EGO (gone loco),,,,2025-08-08T01:02:52Z,"BLOWsutra : EGO (gone loco), KNOWsutra where questions matter, LOFIsutra"
RHINOCEROSS ♦ EPx7 ♦ BLOWsutra Surreal Real Poetry,https://soundcloud.com/bananasutra/sets/rhinoceross-epx7-blowsutra-surreal-real-poetry,1,,BLOWsutra,"BLUES,BURLESQUE,DUB,FOLK,INDIE,LOFI,ROCK","BLUES,BURLESQUE,DUB,FOLK,INDIE,LOFI,PSYCHEDELIC,ROCK",7,"[01] RhinoceroSS - BLOWsutra She Wanna Know Indie LOFI, [02] RhinoceroSS - BLOWsutra La Poesita Cello Dream INDIE, [03] RhinoceroSS - BLOWsutra La Poesita Cello Dream INDIE, [04] RhinoceroSS - BLOWsutra Poetry on the Bridge Folk DUB, [05] RhinoceroSS - BLOWsutra Poetry on the Bridge Folk DUB, [06] RhinoceroSS - BLOWsutra Only the Brave Psychedelic BLUES, [07] RhinoceroSS - BLOWsutra I Burlesque You Not PsyPunk ROCK","2175964668, 2175964665, 2175964674, 2175964659, 2175964662, 2175964671, 2175964656",1824,20,1.096491,0:33:21,https://i1.sndcdn.com/artworks-WaElY6xZh0PPyRbQ-4p9Ziw-t500x500.png,https://i1.sndcdn.com/artworks-WaElY6xZh0PPyRbQ-4p9Ziw-t1080x1080.png,Rhinoceross,L-208,checked,,"7 tracks of circus critique. When everyone who is right becomes a rhinoceros. One song on the far right lane, looking out at a world gone insane. With a wink to Eugene Ionesco. The apes are at it again.",Speak: APES (gone wrong),,,,2025-09-24T17:55:19Z,"BLOWsutra, BLOWsutra : APES (gone wrong), BLUESsutra, DUBsutra, INDIEsutra, LOFIsutra, LOFIsutra (Best Of), ROCKsutra"
Rise Up · You Naked Peoples (Freedom Rings) ☆ BLOWsutra Victor Hugo Revolution Song,https://soundcloud.com/bananasutra/sets/rise-up-you-naked-peoples-blowsutra-victor-hugo-revolution,1,,BLOWsutra,FOLK,FOLK,2,"[01] Rise Up, You Naked People (Freedom Rings) - BLOWsutra Victor Hugo Revolution Ring FOLK, [02] Rise Up, You Naked People (Freedom Rings)- BLOWsutra Victor Hugo Revolution Ring (miss cheeky) FOLK","2267270705, 2267270702",574,5,0.871080,0:06:41,https://i1.sndcdn.com/artworks-XITSzbW3Jfw7E2Bb-d1yIpQ-t500x500.png,https://i1.sndcdn.com/artworks-XITSzbW3Jfw7E2Bb-d1yIpQ-t1080x1080.png,"Rise Up, You Naked Peoples (Freedom Rings)",L-209,checked,,"A 2-track bright spell that dares you to show up. Victor Hugo would approve. Rise up, ye naked peoples. Freedom rings. Heed the call. Channeling Victor Hugo, obviously. Revolution as a daily practice.",Speak: REVOLT (now),,,,2026-02-16T00:22:03Z,"BLOWsutra, BLOWsutra : REVOLT (now), FOLKsutra, INDIEsutra (Best Of)"
RUN (now · if you can),https://soundcloud.com/bananasutra/sets/run-now-if-you-can,1,,QUACKsutra,"BLUES,DUB,FOLK","BLUES,DUB,FOLK",22,"RUN v5 - Booya Blowers BANJOsutra, RUN v3 (1) - Booya Blowers BANJOsutra, RUN v3 (2) - Booya Blowers BANJOsutra, RUN v5 - Destiny BLUES (high), RUN V3 - Destiny BLUES (high), RUN v1 - Muse DUB, RUN v2 - Muse DUB, RUN v2 (1) - Muse DUB, RUN v3  - Muse DUB (low), RUN v3 - Muse DUB (high, RUN v4 (2) - Muse DUB, RUN v4 (1) - Muse DUB, RUN v4 - WSWHFN DUB, RUN v1 - cello mama, RUN v5 - cello-fi, RUN v2 - Duende Amoris FOLK, RUN v3 [ordo Duende amoris], RUN V1 - Duende Amoris (high), RUN v4 (1) [ordo Duende amoris], RUN v4 (2) [ordo Duende amoris], RUN v5 (1) [ordo duende amoris], RUN v5 (2) [ordo duende amoris]","2098260657, 2098260681, 2098260684, 2098260690, 2098260705, 2098260660, 2098260678, 2098260687, 2098260672, 2098260669, 2098260675, 2098260702, 2098260654, 2098260693, 2098260708, 2098260714, 2098260711, 2098260699, 2098260666, 2098260696, 2098260663, 2098260717",9732,84,0.863132,1:17:34,https://i1.sndcdn.com/artworks-5ysLQg1Z7QHERkaa-XU5K0Q-t500x500.jpg,https://i1.sndcdn.com/artworks-5ysLQg1Z7QHERkaa-XU5K0Q-t1080x1080.jpg,RUN (Now If You Can),L-210,checked,checked,"Twenty-two tracks of plain sense. RUN is the alarm bell, written when the freakshow stopped being funny and the duck purge began. The unedited description is part of the work; it harmonizes with the local chaos. Sharp medicine. Not a permanent address.",Quack: DUCK (shady),,,,2025-05-19T05:33:22Z,"BANJOsutra, BLOWsutra, BLOWsutra : REVOLT (now), BLUESsutra, BLUESsutra (Best Of), DUBsutra (Best Of), FOLKsutra, FOLKsutra (Best Of), HIDDEN PEELS, INDIEsutra (Best Of), QUACKsutra : DUCK (shady)"
Second Hand Smoke (of) Arrogant Hearts - BLOWsutra EGO Therapy EPx6,https://soundcloud.com/bananasutra/sets/second-hand-smoke-of-arrogant-hearts-blowsutra-ego-therapy-epx6,1,,BLOWsutra,"BANJO,BURLESQUE,DUB,INDIE,LOFI,MANTRA","BANJO,BURLESQUE,DUB,GIPSY,INDIE,LOFI,MANTRA,SOUL,TRIP HOP",6,"Side A [01] Secondhand Smoke • BLOWsutra Ego Gone Loco Gipsy Indie Trip Hop LOFI, Side A [02] Secondhand Smoke • BLOWsutra Ego Gone Loco Gipsy Indie Trip Hop LOFI, Side A [03] Secondhand Smoke • BLOWsutra Ego Gone Loco Gipsy Indie Trip Hop LOFI, Side B [01] Arrogant Hearts - BLOWsutra Burlesque Bluegrass BANJO, Side B [02] Arrogant Hearts - BLOWsutra Arabesk Tzigane Soul Fusion LoFi DUB, Side B [03] Arrogant Hearts - BLOWsutra Indie Cello MANTRA","2208202448, 2208202454, 2208202451, 2208202445, 2208202439, 2208202442",4809,51,1.060512,0:17:53,https://i1.sndcdn.com/artworks-Tee0LuKXPZj5MLJY-pyJfiA-t500x500.png,https://i1.sndcdn.com/artworks-Tee0LuKXPZj5MLJY-pyJfiA-t1080x1080.png,Arrogant Hearts (Second Hand Smoke),L-18,checked,,"A 17-minute ride of ego in the mirror, across 6 tracks. You didn't start the fire. You're still choking. The sound: banjo, burlesque, and dub. Ego, meet your reflection.",Speak: EGO (gone loco),,,,2025-11-06T23:12:09Z,"BANJOsutra, BLOWsutra, BLOWsutra : EGO (gone loco), BLUESsutra, JAZZsutra (Best Of), LOFIsutra, LOFIsutra (Best Of), MANTRAsutra, MANTRAsutra (Best Of)"
Secret de Polichinelle 🎪 French EPx10 🎪 KNOWsutra Psychedelic Gipsy Circus,https://soundcloud.com/bananasutra/sets/secret-de-polichinelle-french-epx10-knowsutra-psychedelic-gipsy-circus,1,,BLOWsutra,"BURLESQUE,INDIE,JAZZ","BURLESQUE,GIPSY,INDIE,JAZZ,PSYCHEDELIC",10,"[01] Secret de Polichinelle - French KNOWsutra Keep It Real Psychedelic Gipsy Circus Accordion BURLESQUE, [02] Secret de Polichinelle - French KNOWsutra Keep It Real Psychedelic Gipsy Circus Accordion BURLESQUE, [03] Secret de Polichinelle - French KNOWsutra Keep It Real Psychedelic Gipsy Circus Bass Cello BURLESQUE, [04] Secret de Polichinelle - French KNOWsutra Keep It Real Psychedelic Gipsy Circus Jazz Chanson BURLESQUE, [05] Secret de Polichinelle - French KNOWsutra Keep It Real Psychedelic Gipsy Circus Indie Chanson BURLESQUE, [06] Secret de Polichinelle - French KNOWsutra Keep It Real Psychedelic Gipsy Circus Indie Chanson BURLESQUE, [07] Secret de Polichinelle - French KNOWsutra Keep It Real Psychedelic Gipsy Circus Piano BURLESQUE, [08] Secret de Polichinelle - French KNOWsutra Keep It Real Psychedelic Gipsy Circus Indie Piano BURLESQUE, [09] Secret de Polichinelle - French KNOWsutra Keep It Real Psychedelic Gipsy Circus Piano BURLESQUE, [10] Secret de Polichinelle - French KNOWsutra Keep It Real Psychedelic Gipsy Circus Piano BURLESQUE","2210997734, 2210997737, 2210997725, 2210997716, 2210997719, 2210997722, 2210997740, 2210997713, 2210997728, 2210997731",5560,55,0.989209,0:35:11,https://i1.sndcdn.com/artworks-xr4XjkoXh1PH9F6I-IQ3wCQ-t500x500.png,https://i1.sndcdn.com/artworks-xr4XjkoXh1PH9F6I-IQ3wCQ-t1080x1080.png,Secret De Polichinelle,L-212,checked,,"A 10-track dark bloom that stays wide awake through the circus. Chut. Fais semblant de ne pas voir. Le roi est nu. Tout le monde le sais. Personne ne le dit. (C'est un secret de Polichinelle, comme on dit chez nous.) Burlesque, indie, and jazz grooves from end to end. En français, évidemment. Uncensored. Obviously.","Speak: CENSOR(ed),World: FRENCHsutra",,,,2025-11-11T23:41:22Z,"BLOWsutra : CENSOR(ed), BURLESQUEsutra, BURLESQUEsutra (Best Of), FRENCHsutra oui oui · sacrebleu, HIDDEN PEELS, OUI OUI : Pardon (my French)"
Segggsting • SHOWsutra EPx6 • French Burlesque Jazz Cabaret,https://soundcloud.com/bananasutra/sets/segggsting-showsutra-epx6-burlesque-jazz-cabaret,1,,SHOWsutra,"BANJO,BURLESQUE,JAZZ","BANJO,BURLESQUE,CABARET,JAZZ",6,"[01] Segsting • Whoa • SHOWsutra French JAZZsutra, [02] Segsting • Oh BeBe • SHOWsutra French Pop BURLESQUE, [03] Segsting • Flirty Banjo • SHOWsutra Gypsy JAZZ BURLESQUE, [04] Segsting • Burlesque Me Softly • SHOWsutra JAZZ BURLESQUE, [05] Segsting • Whimsy • SHOWsutra Swing JAZZ, [06] Segsting • La Fin du Show • SHOWsutra Accordion CIRCUS BURLESQUE","2134342215, 2134342224, 2134342221, 2134342209, 2134342218, 2134342212",1257,6,0.477327,0:21:22,https://i1.sndcdn.com/artworks-ysjQ1M8gFBitUZAA-QR72zg-t500x500.png,https://i1.sndcdn.com/artworks-ysjQ1M8gFBitUZAA-QR72zg-t1080x1080.png,Segggsting,L-213,checked,,"6 tracks of sacred fooling. Segsting — c'est pas du s3xe, mais c'est presque aussi bien. Parfois mieux. Un cheeky cabaret romp en français. Bo Burnham walked in and stayed. En français, évidemment. Where trust gets tender.","Trust: WET (my friend),World: FRENCHsutra",,,,2025-07-22T05:12:28Z,"BANJOsutra, BURLESQUEsutra, FRENCHsutra oui oui · sacrebleu, INDIEsutra, JAZZsutra, LOFIsutra, OUI OUI : Pardon (my French), SHOWsutra where bananas play"
Seminal Bollocks - Merry Psychedelic GROWsutra (God Etc.) EPx10,https://soundcloud.com/bananasutra/sets/seminal-bollocks-merry-psychedelic-growsutra-god-etc-epx10,2,,GROWsutra,"BURLESQUE,FOLK,INDIE,LOFI,ROCK","BURLESQUE,COUNTRY,FADO,FOLK,GIPSY,INDIE,LOFI,PSYCHEDELIC,PUNK,ROCK",10,"[01] Seminal Bollocks - GROWsutra (God, Etc) Bass Psychedelia Burlesque Punk Punk ROCK, [02] Seminal Bollocks - GROWsutra (God, Etc) Bass Psychedelia Burlesque Funk Punk ROCK, [03] Seminal Bollocks - GROWsutra (God, Etc) Country Bluesy PsyMama Chanson FOLK, [04] Seminal Bollocks - GROWsutra (God, Etc) French Accordion Psychedelia BURLESQUE, [05] Seminal Bollocks - GROWsutra (God, Etc) French Accordion Psychedelia BURLESQUE, [06] Seminal Bollocks - GROWsutra (God, Etc) Psychedelic Tzigane Fusion Folk LOFI, [07] Seminal Bollocks - GROWsutra (God, Etc) Gipsy Trip BRUH Hop LOFI, [08] Seminal Bollocks - GROWsutra (God, Etc) Gipsy Anonymous Dubby Dubstep LOFI, [09] Seminal Bollocks - GROWsutra (God, Etc) Gipsy Fado Cello Mama INDIE, [10] Seminal Bollocks - GROWsutra (God, Etc) Gipsy Fado Cello Mama INDIE","2236683374, 2236683368, 2236683365, 2236683362, 2236683371, 2236683356, 2236683380, 2236683359, 2236683377, 2236683383",9522,78,0.819156,0:36:45,https://i1.sndcdn.com/artworks-WZTqldC4Qw8BIhVK-eZYyAA-t500x500.png,https://i1.sndcdn.com/artworks-WZTqldC4Qw8BIhVK-eZYyAA-t1080x1080.png,Seminal Bollocks,L-214,checked,,"A 10-track shadow-walk that dances where gods fear to tread. Who fact-checked the prophets? (Nobody's answering.) Channeling Nina Hagen, obviously. This is Vol. 2—the saga deepens. One of the heavier hitters: 9k+ plays.",Dare: GOD (etc.),,,,2025-12-26T06:19:48Z,"BURLESQUEsutra, BURLESQUEsutra (Best Of), FOLKsutra, GROWsutra : GOD (etc), GROWsutra where we be brave, INDIEsutra, LOFIsutra, LOFIsutra (Best Of), ROCKsutra"
Seminal Bollocks EP,https://soundcloud.com/bananasutra/sets/seminal-bollocks-ep,1,,GROWsutra,ROCK,ROCK,2,"Seminal Bollocks  • DUBsutra, Seminal Bollocks • Biblical indiePunk Pop Rock Chanson •  sutraKNOW Augmented Idiocy Music","1991204227, 1937099546",956,20,2.092050,0:05:05,https://i1.sndcdn.com/artworks-q37xEnqpYSi9JjNM-xhFyxw-t500x500.jpg,https://i1.sndcdn.com/artworks-q37xEnqpYSi9JjNM-xhFyxw-t1080x1080.jpg,Seminal Bollocks,L-214,checked,,"2 rock tracks for the ones who still give a damn. Who fact-checked the prophets? (Nobody's answering.) With a wink to Nina Hagen. Holy questions, no holy answers.",Dare: GOD (etc.),,,,2024-12-21T05:40:52Z,"DUBsutra, DUBsutra (Best Of), GROWsutra : GOD (etc), HIDDEN PEELS, INDIEsutra, KNOWsutra where questions matter, Questions for the (kind) POPE in the Sky, ROCKsutra, SINGLEsutra Exclusive SoundCloud (woo)"
Serial BLOWerrr ✰ RAGGA DUBsutra,https://soundcloud.com/bananasutra/sets/serial-blowerrr,1,,BLOWsutra,DUB,"DUB,FLAMENCO,RAGGA",7,"[1] Serial BLOWERS (now twat?) • DUBsutra, [2] Serial BLOWERS (now twat?) • DUBsutra, [3] Serial BLOWerrrs (now Twat?) • psyDUBsutra, [4] Serial BLOWERS (what the twat?) • psyRAGGA DUBsutra, [5] Serial Twatters (what the twat?) • RAGGA DUB, [6] Serial TWATors (BLOWerrrs) • RAGGA DUBsutra, [7] Serial Bullies • DUBmuse à la Flamenco Techno (Drums Gone Wild > 120bpm)","2022663592, 2022663616, 2022663600, 2022663604, 2022663620, 2022663596, 2022663612",1549,15,0.968367,0:23:25,https://i1.sndcdn.com/artworks-L6YErpavAldzq4cD-HRzVlg-t500x500.png,https://i1.sndcdn.com/artworks-L6YErpavAldzq4cD-HRzVlg-t1080x1080.png,Serial Blowers,L-216,checked,,7 tracks of circus critique. Power. Gender. Color. Favors. Why are we still asking the same questions? The sound: dub. The apes are at it again.,Speak: APES (gone wrong),,,,2025-01-31T13:03:25Z,"BLOWsutra, BLOWsutra : APES (gone wrong), BLUESsutra (Best Of), DUBsutra, HIDDEN PEELS, QUACKsutra where we sing FU"
Serial BLOWers ⭐︎ LoFi Burlesque Blues Vol. 02 EPx7,https://soundcloud.com/bananasutra/sets/serial-blowers-vol2-epx7,2,,QUACKsutra,LOFI,LOFI,7,"[01] Serial Blowerrrs - QUACKsutra Tzigane Hip Hop Fusion Indie LOFI, [02] Serial Blowerrrs • BLOWsutra Tzigane Acoustic LOFI, [03] Serial Blowerrrs - QUACKsutra Tzigane Hip Hop Fusion Indie LOFI, [04] Serial Blowerrrs - QUACKsutra IBYN post-punk rock BURLESQUE, [05] Serial Blowerrrs - QUACKsutra pbgal post-punk rock BURLESQUE, [06] Serial Blowerrrs - QUACKsutra IBYN post-punk rock BURLESQUE, [07] Serial Blowerrrs - QUACKsutra Hide you Banjo Country Bluegrass FOLK","2343028361, 2343028364, 2343028367, 2343028349, 2343028352, 2343028355, 2343028358",1894,30,1.583949,0:26:24,https://i1.sndcdn.com/artworks-5TQSmV5yKqLtxWvG-YoTiqQ-t500x500.png,https://i1.sndcdn.com/artworks-5TQSmV5yKqLtxWvG-YoTiqQ-t1080x1080.png,Serial Blowers,L-216,checked,,"There's Serial Killers, and then there's Serial BLOWerrrs... same same, you know? 7 tracks, 3 styles, same old poo story.",Speak: APES (gone wrong),,,,2026-06-20T12:17:10Z,"BLOWsutra, BURLESQUEsutra, FOLKsutra, LOFIsutra"
Seven Sutras Gone Bananas • SHOWsutra Psychedelick Gospel EPx13,https://soundcloud.com/bananasutra/sets/seven-sutras-gone-bananas-showsutra-epx13,1,,SHOWsutra,INDIE,INDIE,13,"[01] Seven Sutras Gone Bananas • SHOWsutra Psychedelick Burlesque Cello Fusion Jazz DUB, [02] Seven Sutras Gone Bananas • SHOWsutra Psychedelick Gipsy Trip Hop Jazz Fusion LOFI, [03] Seven Sutras Gone Bananas • SHOWsutra Psychedelick Gipsy Trip Hop Jazz Fusion LOFI, [04] Seven Sutras Gone Bananas • SHOWsutra Psychedelick Gipsy Trip Hop Jazz Fusion LOFI, [05] Seven Sutras Gone Bananas • SHOWsutra Psychedelick Gipsy Trip Hop Jazz Fusion LOFI, [06] Seven Sutras Gone Bananas • SHOWsutra Psychedelick Gipsy Trip Hop Jazz Fusion LOFI, [07] Seven Sutras Gone Bananas • SHOWsutra Psychedelick Indie Cello Fusion BURLESQUE, [08] Seven Sutras Gone Bananas • SHOWsutra Psychedelick Indie Cello Fusion BURLESQUE, [09] Seven Sutras Gone Bananas • SHOWsutra Psychedelick Indie Cello Fusion BURLESQUE, [10] Seven Sutras Gone Bananas • SHOWsutra Psychedelick Indie Cello Fusion BURLESQUE, [11] Seven Sutras Gone Bananas • SHOWsutra Psychedelick  Gipsy Punk Cabaret BURLESQUE, [12] Seven Sutras Gone Bananas • SHOWsutra Country Booya Banjo Bluegrass FOLK, [13] Seven Sutras Gone Bananas • SHOWsutra Hide Yo Pets Country Banjo Bluegrass FOLK","2341410959, 2341410965, 2341410980, 2341410950, 2341410983, 2341410971, 2341410968, 2341410986, 2341410962, 2341410956, 2341410953, 2341410974, 2341410977",10003,83,0.829751,0:40:02,https://i1.sndcdn.com/artworks-VyOrYXDzwztuP7zE-yboeOg-t500x500.png,https://i1.sndcdn.com/artworks-VyOrYXDzwztuP7zE-yboeOg-t1080x1080.png,Seven Sutras Gone Banana,L-383,checked,,"Where I attempt to explain the why, what, how, when of the seven sutras in one fun song.",Play: B.J. (is for banana jokes),,,,2026-06-17T23:51:27Z,"BANJOsutra, BURLESQUEsutra, BURLESQUEsutra (Best Of), DUBsutra, LOFIsutra, LOFIsutra (Best Of), SHOWsutra : B.J. (is for Banana Jesters), SHOWsutra where bananas play"
Shades of Fools EPx9,https://soundcloud.com/bananasutra/sets/shades-of-fools-epx9,1,,KNOWsutra,BANJO,"BANJO,RAGGA",9,"[1] Shades of Fools •  All I know is I dunno • Accordion BURLESQUEsutra (1), [2] Shades of Fools • All I know is I dunno • Accordion BURLESQUEsutra (2), [3] Shades of Fools • All I know is I dunno • Cello BURLESQUEsutra, [4] Shades of Fools • All I know is I dunno • Guitar FOLKsutra, [5] Shades of Fools • All I know is I dunno • Harmonica BANJOsutra, [6] Shades of Fools • All I know is I dunno • Fastass BANJOsutra, [7] Shades of Fools • All I know is I dunno • Ragga DUBsutra High, [9] Shady Fools •  All I know is I dunno • Banjo BLUESsutra, Everybody Knows (not) [6] • psyROCKsutra","2041627232, 2041627216, 2041627228, 2041627212, 2041627220, 2041627209, 2041627236, 2041627224, 2009503739",1805,17,0.941828,0:26:00,https://i1.sndcdn.com/artworks-vmrDjbUos6J6FBAc-PCByYA-t500x500.png,https://i1.sndcdn.com/artworks-vmrDjbUos6J6FBAc-PCByYA-t1080x1080.png,Shady Fools,L-218,checked,,9 tracks of gleeful absurdity. We're all fools on show. The question is what shade. Banjo grooves from end to end. Because why not ask why.,Ask: But(t) WHY,,,,2025-02-25T03:59:53Z,"BANJOsutra, BLUESsutra, BURLESQUEsutra, DUBsutra (Best Of), FOLKsutra, FOLKsutra (Best Of), GROWsutra where we be brave, INDIEsutra, JAZZsutra (Best Of), KNOWsutra where questions matter, ROCKsutra, SHOWsutra: (shades of) FOOLS"
Shady Fools (Oh Can’t You See?) • Vol. 2 EPx9 • BLOWsutra Ego Gone Loco LoFi Burlesque,https://soundcloud.com/bananasutra/sets/shady-fools-oh-cant-you-see-vol-2-epx9-blowsutra-ego-gone-loco-lofi-burlesque,2,,BLOWsutra,"BURLESQUE,DUB,FOLK,INDIE,LOFI,ROCK","BURLESQUE,DUB,FADO,FOLK,HIP HOP,INDIE,LOFI,PSYCHEDELIC,ROCK",9,"[01] Shady Fools (Oh Can’t You See?) • BLOWsutra Indie Burlesque ROCK, [02] Shady Fools (Oh Can’t You See?) • BLOWsutra Psychedelic Folk Rock BURLESQUE, [03] Shady  Fools (Oh Can’t You See?) • BLOWsutra BURLESQUE, [04] Shady Fools (Oh Can’t You See?) • BLOWsutra Arabesk Fado Hip Hop LOFI, [05] Shady Fools (Oh Can’t You See?) • BLOWsutra Arabesk Fado Hip Hop LOFI, [06] Shady Fools (Oh Can’t You See?) • BLOWsutra Arabesk Fado Hip Hop LOFI, [07] Shady Fools (Oh can’t you see?) • BLOWsutra Arabesk Fado Hip Hop LOFI, [08] Shady Fools (Oh Can’t You See?) • BLOWsutra psyGipsy Tango Dub INDIE, [BONUS] Shady Fools (I lived and learned) • BLOWsutra Oh Boy Psychedelic Waltz BURLESQUE","2216896448, 2216896457, 2216896451, 2216896445, 2216896442, 2216896460, 2216896463, 2216896454, 2216896439",1856,21,1.131466,0:29:15,https://i1.sndcdn.com/artworks-3Pm91yJCMrEECvrj-EP3ozg-t500x500.png,https://i1.sndcdn.com/artworks-3Pm91yJCMrEECvrj-EP3ozg-t1080x1080.png,Shady Fools,L-218,checked,,"A 9-track luminous ride that wears the fool's crown with pride. We're all fools on show. The question is what shade. Served in burlesque, dub, and folk. This is Vol. 2—the saga deepens. Because why not ask why.",Ask: But(t) WHY,,,,2025-11-22T01:27:59Z,"BLOWsutra, BURLESQUEsutra, INDIEsutra, LOFIsutra, LOFIsutra (Best Of), ROCKsutra"
Sidération - Spoken Words Intro - EPx3 VOL. 1 of 4,https://soundcloud.com/bananasutra/sets/sideration-spoken-words-intro-epx3-vol-1-of-4,1,,BLOWsutra,LOFI,LOFI,3,"[01] Sidération - Revolution Speaks Up - LOFI MANTRAsutra, [02] Sidération - Revolution Speaks Up - MANTRAsutra, [03] Sidération - Revolution Speaks Up - LOFI MANTRAsutra","2102169030, 2102169033, 2102169036",515,2,0.388350,0:09:55,https://i1.sndcdn.com/artworks-lf1lRd9pToH4z1il-dFOkVA-t500x500.png,https://i1.sndcdn.com/artworks-lf1lRd9pToH4z1il-dFOkVA-t1080x1080.png,Sidération,L-223,checked,,A 3-track dark bloom that goes where the music leads. Sidération: when something is so absurd your brain just freezes. Like your soul slipped on a banana peel. The sound: lo-fi. Revolution as a daily practice.,"Speak: REVOLT (now),EP: Sidération",,,,2025-05-26T00:35:52Z,"BLOWsutra : REVOLT (now), LOFIsutra, MANTRAsutra, Playlist Sidération Gone Bananas x29, QUACKsutra where we sing FU"
Sidération - The Sky Stood Still - EPx6 VOL. 2 of 4,https://soundcloud.com/bananasutra/sets/sideration-the-sky-stood-still-epx6-vol-2-of-4,2,,BLOWsutra,JAZZ,JAZZ,6,"[01] Sidération - The Sky Stood Still - Revolution JAZZsutra, [02] Sidération - The Sky Stood Still 2 - Revolution JAZZ BURLESQUEsutra, [03] Sidération - The Sky Stood Still 4 - Revolution BLUESsutra, [04] Sidération - The Sky Stood Still 2 - Revolution BLUESsutra, [05] Sidération - The Sky Stood Still 5 - Revolution FOLKsutra, [06] Sidération - The Sky Stood Still 3 - Revolution MANTRAsutra","2102170014, 2102170017, 2102170023, 2102170026, 2102170011, 2102170020",2054,20,0.973710,0:18:19,https://i1.sndcdn.com/artworks-gwDy1gyG7fsttlqv-odJ2KA-t500x500.png,https://i1.sndcdn.com/artworks-gwDy1gyG7fsttlqv-odJ2KA-t1080x1080.png,Sidération (The Sky Stood Still),L-224,checked,,"6 jazz tracks steeped in equal parts fury and love. The sky stood still. The oath was mocked. The bible dropped. And we stood, turned to stone. Volume 2 hits different. Revolution as a daily practice.","Speak: REVOLT (now),EP: Sidération",,,,2025-05-26T00:39:25Z,"BLOWsutra, BLOWsutra : REVOLT (now), BLUESsutra, BLUESsutra (Best Of), BURLESQUEsutra, FOLKsutra, FOLKsutra (Best Of), HIDDEN PEELS, JAZZsutra, JAZZsutra (Best Of), MANTRAsutra, Playlist Sidération Gone Bananas x29, QUACKsutra where we sing FU"
Sidération Blues - A Song of Wrong - EPx7 Vol 3 of 4,https://soundcloud.com/bananasutra/sets/sideration-blues-a-song-of-wrong-epx7-vol-3-of-4,3,,BLOWsutra,BLUES,BLUES,7,"[01] Sideration Blues Revolution - A Song of Wrong - BLUESsutra, [02] Sidération Blues Revolution - A Song of Wrong - BLUESsutra, [03] Sidération Blues Revolution - A Song of Wrong - BLUESsutra, [04] Sidération Blues Revolution - A Song of Wrong - BLUESsutra, [05] Sidération Blues Revolution - A Song of Wrong - BLUESsutra, [06] Sideration - No Velvet Scream - BLUESsutra, [07] Sideration - No Velvet Scream - BLUESsutra","2102172087, 2102172075, 2102172084, 2102172090, 2102172078, 2102172093, 2102172081",3396,31,0.912839,0:23:24,https://i1.sndcdn.com/artworks-m0yZE3BD5czpTSpy-yzAs5A-t500x500.png,https://i1.sndcdn.com/artworks-m0yZE3BD5czpTSpy-yzAs5A-t1080x1080.png,Sidération Blues,L-225,checked,,"A 7-track dark bloom that goes where the music leads. Sidération's in the marrow, where deep breaths forget to grow. This is a song that sings of wrong. The sound: blues. Vol. 3, because one wasn't enough. Revolution as a daily practice.","Speak: REVOLT (now),EP: Sidération",,,,2025-05-26T00:46:48Z,"BLOWsutra : REVOLT (now), BLUESsutra, BLUESsutra (Best Of), Playlist Sidération Gone Bananas x29, QUACKsutra where we sing FU"
Sidération's Calling - White House's Burning - EPx13 Vol 4 of 4,https://soundcloud.com/bananasutra/sets/siderations-calling-white-houses-burning-epx13-vol-4-of-4,4,,BLOWsutra,LOFI,"LOFI,RAGGA",13,"[01] Sideration's Calling • White House's Burning • Banger BURLESQUEsutra, [02] Sideration's Calling • White House's Burning • Jazzy LOFI DUBsutra, [03] Sideration's Calling 2 • White House's Burning • Bruh LOFIsutra, [04] Sideration's Calling 3 • White House's Burning • Bruh LOFIsutra, [05] Sideration's Calling • White House's Burning • Bruh LOFIsutra, [06] Sideration's Calling • White House's Burning • Oh Lordy 1 DUBsutra, [07] Sideration's Calling • White House's Burning • Oh Lordy 2 DUBsutra, [08] Sideration's Calling • White House's Burning • Cheeky DUBsutra, [09] Sideration's Calling • White House's Burning • Riddim Sister RAGGA DUBsutra, [10] Sideration's Calling • White House's Burning • Dem sed RAGGA DUBsutra, [11] Sideration's Calling • White House's Burning •  Riddim Sister RAGGA 1 DUBsutra, [12] Sideration's Calling • White House's Burning • F-BOMB 2 LOFIsutra, [13] Sideration's Calling • White House's Burning • F-BOMB LOFIsutra","2102175780, 2102175762, 2102175783, 2102175771, 2102175759, 2102175765, 2102175756, 2102175768, 2102175786, 2102175789, 2102175774, 2102175777, 2102175753",4011,23,0.573423,0:36:35,https://i1.sndcdn.com/artworks-58HtMVlI0dnLHSez-V8vJyA-t500x500.png,https://i1.sndcdn.com/artworks-58HtMVlI0dnLHSez-V8vJyA-t1080x1080.png,Sidération's Calling,L-226,checked,,"A solid half-hour of truth with teeth, across 13 tracks. White House's burning, no alarm. The new normal is illegal. Sidération's calling. The sound: lo-fi. Vol. 4, because one wasn't enough. Revolution as a daily practice.","Speak: REVOLT (now),EP: Sidération",,,,2025-05-26T01:01:10Z,"BLOWsutra, BLOWsutra : REVOLT (now), BURLESQUEsutra, BURLESQUEsutra (Best Of), DUBsutra, DUBsutra (Best Of), JAZZsutra (Best Of), LOFIsutra, Playlist Sidération Gone Bananas x29, QUACKsutra where we sing FU"
Sing Your Own Gospel • Vol. 2 EPx7 • GROWsutra (God · Etc) Revolutionary Gipsy JAZZ,https://soundcloud.com/bananasutra/sets/sing-your-own-gospel-vol-2-epx7-growsutra-god-etc-revolutionary-gipsy-jazz,1,,GROWsutra,"BLUES,FOLK,INDIE,JAZZ","BLUES,FOLK,GIPSY,INDIE,JAZZ",7,"[01] Sing Your Own Gospel • GROWsutra (God, Etc.) Gipsy Gospel BLUES, [02] Sing Your Own Gospel • GROWsutra (God, Etc.) Gipsy Indie FOLK, [03] Sing Your Own Gospel • GROWsutra (God, Etc.) Gipsy Chanson JAZZ, [04] Sing Your Own Gospel • GROWsutra (God, Etc.) Gipsy Piano JAZZ, [05] Sing Your Own Gospel • GROWsutra (God, Etc.) Gipsy Piano JAZZ, [06] Sing Your Own Gospel • GROWsutra (God, Etc.) Gipsy Bass JAZZ, [07] Sing Your Own Gospel • GROWsutra (God, Etc.) Gipsy Bass JAZZ","2241210056, 2241210065, 2241210068, 2241210059, 2241210074, 2241210071, 2241210062",6750,98,1.451852,0:21:46,https://i1.sndcdn.com/artworks-kWzeemU5Sy6IEyqW-Ipy4sA-t500x500.png,https://i1.sndcdn.com/artworks-kWzeemU5Sy6IEyqW-Ipy4sA-t1080x1080.png,Sing Your Own Gospel,L-227,checked,,"7 blues, folk, and indie tracks built on nerve and a prayer. Don't look for God in a book. It's in the music. Ralph Waldo Emerson walked in and stayed. One of the heavier hitters: 6k+ plays. Holy questions, no holy answers.",Dare: GOD (etc.),,,,2026-01-04T05:10:23Z,"BLUESsutra, BLUESsutra (Best Of), FOLKsutra, GROWsutra : GOD (etc), GROWsutra where we be brave, HIDDEN PEELS, JAZZsutra, JAZZsutra (Best Of)"
So Woken ❣️ GROWsutra (Kindness) Fusion EPx26,https://soundcloud.com/bananasutra/sets/so-woken-growsutra-kindness-epx26,1,,GROWsutra,JAZZ,INDIE,26,"[01] So Woken • GROWsutra (Kindness) Acoustic Gipsy Dream World JAZZ, [02] So Woken • GROWsutra (Kindness) Acoustic Gipsy Dream World JAZZ, [03] So Woken • GROWsutra (Kindness) Acoustic Gipsy Dream World JAZZ, [04] So Woken • GROWsutra (Kindness) Acoustic Gipsy Dream World JAZZ, [05] So Woken • GROWsutra (Kindness) Acoustic NeoSoul Piano Blues Indie JAZZ, [06] So Woken • GROWsutra (Kindness) Acoustic NeoSoul Piano Blues Indie JAZZ, [07] So Woken • GROWsutra (Kindness) Acoustic NeoSoul Piano Blues Indie JAZZ, [08] So Woken • GROWsutra (Kindness) Acoustic NeoSoul Piano Blues Indie JAZZ, [09] So Woken • GROWsutra (Kindness) Acoustic NeoSoul Piano Blues Indie JAZZ, [10] So Woken • GROWsutra (Kindness) Mama-B-C Accordion Bass Burlesque INDIE, [11] So Woken • GROWsutra (Kindness) Mama-B-C Accordion Bass Burlesque INDIEwav, [12] So Woken • GROWsutra (Kindness) Mama-B-C Accordion Bass Burlesque INDIE, [13] So Woken • GROWsutra (Kindness) Mama-B-C Accordion Bass Burlesque INDIE, [14] So Woken • GROWsutra (Kindness) Poetry Bridges The DUB, [15] So Woken • GROWsutra (Kindness) Poetry Bridges The DUB, [16] So Woken • GROWsutra (Kindness) Poetry Bridges The DUB, [17] So Woken • GROWsutra (Kindness) Poetry Bridges The DUB, [18] So Woken • GROWsutra (Kindness) Poetry Bridges The DUB, [19] So Woken • GROWsutra (Kindness) Poetry Bridges The DUB, [20] So Woken • GROWsutra (Kindness) Queen Of Authentic Dubby Banjo Folk BLUES, [21] So Woken • GROWsutra (Kindness) Queen Of Authentic Banjo Folk BLUES, [22] So Woken • GROWsutra (Kindness) Queen Of Authentic Bluesy Banjo Folk BLUES, [23] So Woken • GROWsutra (Kindness) Queen Of Authentic Banjo Folk BLUES, [24] So Woken • GROWsutra (Kindness) Psychedelic Destiny Banjo BLUES, [25] So Woken • GROWsutra (Kindness) Psychedelic Destiny Banjo BLUES, [26] So Woken • GROWsutra (Kindness) Only The Brave Bluesy Banjo BLUES","2355493529, 2355493472, 2355493484, 2355493508, 2355493481, 2355493496, 2355493475, 2355493514, 2355493478, 2355493511, 2355493493, 2355493487, 2355493490, 2355493499, 2355493532, 2355493535, 2355493541, 2355493544, 2355493502, 2355493523, 2355493505, 2355493517, 2355493547, 2355493538, 2355493520, 2355493526",14721,174,1.181985,1:45:19,https://i1.sndcdn.com/artworks-z3N32DCHnz9O6lz5-eqgWXw-t500x500.png,https://i1.sndcdn.com/artworks-z3N32DCHnz9O6lz5-eqgWXw-t1080x1080.png,So Woken,L-426,checked,,"Wrote this one in one breath, or maybe 26... Pondering fauXism... bullshitting, wrong doing, blames busting, fears fussing, blind folding, trust failing... Culture wars, consuming, exonyms... Hopes sunken. Sweet heavens. So broken. Blessed be Björk, and kindness—not faking, not fading, still dreaming #bewoken",Dare: KIND(ness),,,,2026-07-08T05:26:30Z,"BLUESsutra, BLUESsutra (Best Of), DUBsutra, DUBsutra (Best Of), GROWsutra where we be brave, INDIEsutra, JAZZsutra, JAZZsutra (Best Of)"
So · What Is Racism • EPx9 Vol. 2 • KNOWsutra Gipsy Jazz + LoFi,https://soundcloud.com/bananasutra/sets/so-what-is-racism-knowsutra-jazz-lofi-epx9-vol2,2,,KNOWsutra,"JAZZ,LOFI","GIPSY,JAZZ,LOFI",9,"[01] So, What Is Racism • KNOWsutra Ethically Gipsy Fusion JAZZ, [02] So, What Is Racism • KNOWsutra Ethically Gipsy Fusion JAZZ, [03] So, What Is Racism • KNOWsutra Ethically Gipsy Fusion JAZZ, [04] So, What Is Racism • KNOWsutra Ethically Gipsy Fusion LOFI, [05] So, What Is Racism • KNOWsutra Ethically Gipsy Fusion LOFI, [06] So, What Is Racism • KNOWsutra Ethically Gipsy Fusion LOFI, [07] So, What Is Racism • KNOWsutra Ethically Gipsy Fusion LOFI, [08] So, What Is Racism • KNOWsutra Ethically Gipsy Fusion LOFI, [09] So, What Is Racism • KNOWsutra Ethically Gipsy Fusion LOFI","2291483501, 2291483498, 2291483495, 2291483513, 2291483492, 2291483507, 2291483489, 2291483504, 2291483510",8472,77,0.908876,0:29:01,https://i1.sndcdn.com/artworks-NK0wy8xSKMBP4LSI-DlE3WA-t500x500.png,https://i1.sndcdn.com/artworks-NK0wy8xSKMBP4LSI-DlE3WA-t1080x1080.png,"So, What Is Racism?",L-228,checked,,"A solid half-hour of truth with teeth, across 9 tracks. So, what is racism? (It's in the jokes when the room gets quiet.) The sound: jazz and lo-fi. Vol. 2, because one wasn't enough. The naked truth, served warm.",Ask: (Naked) TRUTH,,,,2026-03-27T04:14:46Z,"JAZZsutra, JAZZsutra (Best Of), KNOWsutra : (naked) TRUTH, KNOWsutra where questions matter, LOFIsutra, LOFIsutra (Best Of)"
So · What Is Racism? KNOWsutra Gone Banana EPx17,https://soundcloud.com/bananasutra/sets/so-what-is-racism-knowsutra-gone-banana-epx17,1,,KNOWsutra,"BANJO,BLUES,DUB,FOLK,JAZZ,LOFI","BANJO,BLUES,DUB,FOLK,GIPSY,JAZZ,LOFI,RAGGA",17,"[01] So, What Is Racism? KNOWsutra She Wanna Know Jazzy LoFi DUB, [02] So, What Is Racism? KNOWsutra She Wanna Know Jazzy LoFi DUB, [03] So, What Is Racism? KNOWsutra Rebound & Rise Jazzy Ragga DUB, [04] So, What Is Racism? KNOWsutra Dem Sed Jazzy Mama Ragga DUB, [05] So, What Is Racism? KNOWsutra Dem Sed Jazzy Mama Ragga DUB, [06] So, What Is Racism? KNOWsutra Gipsy Dub JAZZ, [07] So, What Is Racism? KNOWsutra Gipsy Dub JAZZ, [08] So, What Is Racism? KNOWsutra Gipsy Dub JAZZ, [09] So, What Is Racism? KNOWsutra Gipsy Dub JAZZ, [10] So, What Is Racism? KNOWsutra Gipsy Dub JAZZ, [11] So, What Is Racism? KNOWsutra Gipsy Dub JAZZ, [12] So, What Is Racism? KNOWsutra Gipsy Dub JAZZ, [13] So, What Is Racism? KNOWsutra Gipsy Dub JAZZ, [14] So, What Is Racism? KNOWsutra Gipsy Dub JAZZ, [15] So, What Is Racism? KNOWsutra Gipsy Dub JAZZ, [16] So, What Is Racism? KNOWsutra Banjo Booya Folk Banjo Harmonica BLUES, [17] So, What Is Racism? KNOWsutra Banjo Booya Folk Banjo Harmonica BLUES","2182601131, 2182601143, 2182601119, 2182601147, 2182601123, 2182601139, 2182601163, 2182601135, 2182601111, 2182601151, 2182601127, 2182601115, 2182601175, 2182601155, 2182601159, 2182601171, 2182601167",16913,174,1.028794,0:52:18,https://i1.sndcdn.com/artworks-2Y1pH6yfxZuC4LKe-PWzeJA-t500x500.png,https://i1.sndcdn.com/artworks-2Y1pH6yfxZuC4LKe-PWzeJA-t1080x1080.png,"So, What Is Racism?",L-228,checked,,"17 tracks of truth with teeth. So, what is racism? (It's in the jokes when the room gets quiet.) Banjo, blues, and dub grooves from end to end. Over 16k plays and counting—clearly something landed. The naked truth, served warm.",Ask: (Naked) TRUTH,,,,2025-10-05T01:34:13Z,"BLUESsutra, BLUESsutra (Best Of), DUBsutra, DUBsutra (Best Of), FOLKsutra, FOLKsutra (Best Of), JAZZsutra, JAZZsutra (Best Of), KNOWsutra : but(t) WHY, KNOWsutra where questions matter"
some songs are more fun than others EP x8 ∞,https://soundcloud.com/bananasutra/sets/some-songs-are-more-fun-than-others-ep,1,,SHOWsutra,JAZZ,JAZZ,8,"Some Songs Are More JAZZ Than Others : JAZZsutra, Some Songs Are More POOH Than Others : DUBsutra, Some Songs Are More SEUSS Than Others : DUBsutra, Some Songs Are More WOMP Than Others : CIRCUSsutra, Some Songs Are More AWE Than Others : CIRCUSsutra, Some Songs Are More TRUE Than Others : CIRCUSsutra, Some Songs Have More THUMP Than Others : CIRCUSsutra, Some Songs Are More FART Than Others : CIRCUSsutra","1994042407, 1994042391, 1994042371, 1994042355, 1994042335, 1994042315, 1994042287, 1994042267",1930,32,1.658031,0:23:33,https://i1.sndcdn.com/artworks-nykdkPQFrFTjZX28-gv5jEA-t500x500.jpg,https://i1.sndcdn.com/artworks-nykdkPQFrFTjZX28-gv5jEA-t1080x1080.jpg,Some Songs Are More Fun Than Others,L-229,checked,,A 8-track luminous ride that takes nothing seriously except joy. Some songs are more fun than others. This is one of those. With a wink to Dr Seuss. Be the fool worth being.,Play: (Be) The Fool,,,,2024-12-25T05:23:30Z,"BURLESQUEsutra, BURLESQUEsutra (Best Of), DUBsutra, DUBsutra (Best Of), HIDDEN PEELS, JAZZsutra, JAZZsutra (Best Of), SHOWsutra : FANANA Club, SHOWsutra where bananas play, SHOWsutra: (shades of) FOOLS"
Some Truths (Are Harder to Swallow) EPx7,https://soundcloud.com/bananasutra/sets/some-truths-are-harder-to-swallow-epx7,1,,KNOWsutra,"BLUES,INDIE,LOFI","BLUES,INDIE,LOFI",7,"Some Truths Are Harder To Swallow : JAZZsutra 1, Some Truths Are Harder To Swallow : JAZZsutra 2, Some Truths Are Harder To Swallow : JAZZsutra 3, Some Truths Are Harder To Swallow : JAZZsutra 4, Some Truths Are Harder To Swallow : JAZZsutra 5, Some Truths Are Harder To Swallow : JAZZsutra 6, Some Truths Are Harder To Swallow : ROCKsutra","1993813267, 1993813251, 1993813239, 1993813203, 1993813171, 1993813147, 1993813115",1251,7,0.559552,0:21:48,https://i1.sndcdn.com/artworks-SUUIsI7woB0IboJy-gnp3pA-t500x500.jpg,https://i1.sndcdn.com/artworks-SUUIsI7woB0IboJy-gnp3pA-t1080x1080.jpg,Some Truths Are Harder to Swallow,L-230,checked,,"7 tracks of raw sense-making. Some truths are harder to swallow. But they go down easier as a song. A nod to Carl Sagan. The naked truth, served warm.",Ask: (Naked) TRUTH,,,,2024-12-24T20:25:45Z,"BLOWsutra : CENSOR(ed), BURLESQUEsutra, GROWsutra where we be brave, JAZZsutra, ROCKsutra, SHOWsutra where bananas play"
Spit Back The Lies • BLOWsutra (Revolution Ring) EPx20,https://soundcloud.com/bananasutra/sets/spit-back-the-lies-blowsutra-epx20,1,,BLOWsutra,"BANJO,BLUES,BURLESQUE,DUB,FOLK,INDIE,LOFI,ROCK","BANJO,BLUES,BURLESQUE,DUB,FLAMENCO,FOLK,GIPSY,HIP HOP,INDIE,LOFI,PSYCHEDELIC,PUNK,ROCK",20,"[01] Spit Back The Lies • BLOWsutra (Revolution Ring) Mama-b-c Psychedelic Cello Fusion INDIE, [02] Spit Back The Lies • BLOWsutra (Revolution Ring) Mama-b-c Psychedelic Cello Fusion INDIE, [03] Spit Back The Lies • BLOWsutra (Revolution Ring) Mama-b-c Psychedelic Cello Fusion INDIE, [04] Spit Back The Lies • BLOWsutra (Revolution Ring) La Poesita Indie Flamenco Fusion DUB, [05] Spit Back The Lies • BLOWsutra (Revolution Ring) La Poesita Indie Flamenco Fusion DUB, [06] Spit Back The Lies • BLOWsutra (Revolution Ring) Psychedelick Folk Poetry Bridges the DUB, [07] Spit Back The Lies • BLOWsutra (Revolution Ring) Psychedelick Folk Poetry Bridges the DUB, [08] Spit Back The Lies • BLOWsutra (Revolution Ring) Psychedelick Folk Poetry Bridges the DUB, [09] Spit Back The Lies • BLOWsutra (Revolution Ring) Psychedelick Folk Poetry Bridges the DUB, [10] Spit Back The Lies • BLOWsutra (Revolution Ring) Psychedelick Folk Poetry Bridges the DUB, [11] Spit Back The Lies • BLOWsutra (Revolution Ring) Indie Gipsy Hip Hop Fusion LOFI, [12] Spit Back The Lies • BLOWsutra (Revolution Ring) Indie Gipsy Hip Hop Fusion LOFI, [13] Spit Back The Lies • BLOWsutra (Revolution Ring) Psychedelic Bruh Hip Hop Dub LOFI, [14] Spit Back The Lies • BLOWsutra (Revolution Ring) Psychedelic F-Bomb Hip Hop Fusion LOFI, [15] Spit Back The Lies • BLOWsutra (Revolution Ring) Psychedelic F-Bomb Hip Hop Fusion LOFI, [16] Spit Back The Lies • BLOWsutra (Revolution Ring) IBYN Post-Punk Burlesque ROCK, [17] Spit Back The Lies • BLOWsutra (Revolution Ring) IBYN Post-Punk Burlesque ROCK, [18] Spit Back The Lies • BLOWsutra (Revolution Ring) PB Gal Post-Punk Burlesque ROCK, [19] Spit Back The Lies • BLOWsutra (Revolution Ring) Psychedelic Destiny Banjo BLUES, [20] Spit Back The Lies • BLOWsutra (Revolution Ring) Psychedelic Destiny Banjo BLUES","2278406729, 2278406741, 2278406747, 2278406768, 2278406777, 2278406771, 2278406735, 2278406738, 2278406756, 2278406759, 2278406744, 2278406726, 2278406723, 2278406762, 2278406732, 2278406774, 2278406765, 2278406720, 2278406750, 2278406753",15532,153,0.985063,0:57:42,https://i1.sndcdn.com/artworks-qXPEntVNqNX60KsD-pPXHNg-t500x500.png,https://i1.sndcdn.com/artworks-qXPEntVNqNX60KsD-pPXHNg-t1080x1080.png,Spit Back the Lies,L-232,checked,,"Nearly an hour of structural outrage, across 20 tracks. They built a house of hollow prayers... Time to spit back the lies. Aleksandr Solzhenitsyn walked in and stayed. One of the heavier hitters: 14k+ plays. Revolution as a daily practice.",Speak: REVOLT (now),,,,2026-03-06T00:52:13Z,"BLOWsutra, BLOWsutra : REVOLT (now), BLUESsutra, BLUESsutra (Best Of), DUBsutra, DUBsutra (Best Of), INDIEsutra, INDIEsutra (Best Of), LOFIsutra, LOFIsutra (Best Of), ROCKsutra"
SS Means Sacred Sp3rm ☠ BLOWsutra EPx19,https://soundcloud.com/bananasutra/sets/ss-means-sacred-sp3rm-blowsutra-epx19,1,,QUACKsutra,"BURLESQUE,FOLK,INDIE,JAZZ,ROCK","BURLESQUE,FOLK,INDIE,JAZZ,ROCK",19,"[01] SS Means Sacred Sp3rm • Accordion BURLESQUE, [02] SS Means Sacred Sp3rm • Piano BURLESQUE, [03] SS Means Sacred Sp3rm • Piano BURLESQUE, [04] SS Means Sacred Sp3rm • Piano Jazz BURLESQUE, [05] SS Means Sacred Sp3rm • Minimal Upright FOLK, [06] SS Means Sacred Sp3rm • Folky Burlesque FOLK, [07] SS Means Sacred Sp3rm • Jazzy FOLK, [08] SS Means Sacred Sp3rm • Folky FOLK, [09] SS Means Sacred Sp3rm • Indie FOLK, [10] SS Means Sacred Sp3rm • Oh Baby FOLK, [11] SS Means Sacred Sp3rm • Folk Duo JAZZ, [12] SS Means Sacred Sp3rm • Folky JAZZ, [13] SS Means Sacred Sp3rm • Dubby Folk INDIE, [14] SS Means Sacred Sp3rm • Jazz INDIE, [15] SS Means Sacred Sp3rm • Jazz INDIE, [16] SS Means Sacred Sp3rm • High Folk ROCK, [17] SS Means Sacred Sp3rm • Slow Burlesque ROCK, [18] SS Means Sacred Sp3rm • MANTRAsutra, [19] SS Means Sacred Sp3rm • MANTRAsutra","2121267264, 2121267261, 2121267255, 2121267252, 2121267267, 2121267273, 2121267258, 2121267270, 2121267282, 2121267291, 2121267300, 2121267279, 2121267285, 2121267288, 2121267294, 2121267276, 2121267303, 2121267306, 2121267297",4051,38,0.938040,1:02:31,https://i1.sndcdn.com/artworks-Ewv6TYyznUIgQm3O-4hTy5Q-t500x500.png,https://i1.sndcdn.com/artworks-Ewv6TYyznUIgQm3O-4hTy5Q-t1080x1080.png,SS Means Sacred Sp3rm,L-233,checked,,"19 tracks of circus critique. A true crime story, happening now in Murica. Served in burlesque, folk, and indie. Quack quack. You know who you are.",Quack: DUCK (shady),,,,2025-06-28T21:33:38Z,"BLOWsutra, BLOWsutra : CENSOR(ed), BLUESsutra, BURLESQUEsutra, BURLESQUEsutra (Best Of), FOLKsutra, FOLKsutra (Best Of), HIDDEN PEELS, INDIEsutra, JAZZsutra, JAZZsutra (Best Of), LOFIsutra, MANTRAsutra, QUACKsutra : DUCK (shady), ROCKsutra"
Stymied Felon goes Stymy Stymy Yuck Encore - Freee Bonus EPx2 VOL.02,https://soundcloud.com/bananasutra/sets/stymied-felon-goes-stymy-stymy-yuck-encore-freee-bonus-epx2-vol02,2,,QUACKsutra,LOFI,"LOFI,HIP HOP",2,"[01] Stymied Stymied Yuck (what shall we hope for now) - DUBsutra, [02] Stymied Stymied Whack (what shall we hope for now) - DUBsutra","2083283973, 2083283970",428,4,0.934579,0:05:48,https://i1.sndcdn.com/artworks-MnjuWCHszuAJt8sg-DJvk4g-t500x500.png,https://i1.sndcdn.com/artworks-MnjuWCHszuAJt8sg-DJvk4g-t1080x1080.png,Stymy Stymy Yuck,L-234,checked,,"2 lo-fi tracks for the ones who still give a damn. Stymy. Bleh. Yuck. Sometimes politics only has one syllable. Or two, or five, like that Shimy Shimy Yeah song. You know? Volume 2 hits different. Quack quack. You know who you are.",Quack: DUCK (shady),,,,2025-04-22T19:11:58Z,"BLOWsutra, DUBsutra, QUACKsutra : DUCK (shady), QUACKsutra where we sing FU"
Stymy Stymy Yuck : A Story of Old Bastards - EPx5 VOL.1 - DUBsutra,https://soundcloud.com/bananasutra/sets/stymy-stymy-yuck-a-story-of-old-bastards-epx5-vol1-dubsutra,1,,QUACKsutra,"DUB,LOFI","DUB,LOFI",5,"[1] stymy stymy yuck • LOFI, [2] stymy stymy yuck • muse DUB, [3] Stymy Stymy Yuck • Hope Fiddle DUBgrass, [4] Stymy Stymy Yuck • Mama F-BOMB DUB, [5] stymy stymy yuck • Arabesk DUB","2075930748, 2075930744, 2075937348, 2075938516, 2075930756",1367,17,1.243599,0:15:19,https://i1.sndcdn.com/artworks-Mec8nBlPvyM8XXLn-dyCagw-t500x500.jpg,https://i1.sndcdn.com/artworks-Mec8nBlPvyM8XXLn-dyCagw-t1080x1080.jpg,Stymy Stymy Yuck,L-234,checked,,"A quick 15-minute burst of circus critique, across 5 tracks. Stymy. Bleh. Yuck. Sometimes politics only has one syllable. Or two, or five, like that Shimy Shimy Yeah song. You know? Dub and lo-fi grooves from end to end. Quack quack. You know who you are.",Quack: DUCK (shady),,,,2025-04-11T01:30:24Z,"BLOWsutra, DUBsutra, DUBsutra (Best Of), HIDDEN PEELS, KNOWsutra where questions matter, LOFIsutra, QUACKsutra : DUCK (shady), QUACKsutra where we sing FU"
Sutra of Immanence - FLOWsutra Dog Poetry - Jazz & Dub EPx3,https://soundcloud.com/bananasutra/sets/sutra-of-immanence-flowsutra-dog-poetry-jazz-dub-epx3,1,,FLOWsutra,"DUB,JAZZ","DUB,JAZZ",3,"[01] Sutra of Immanence • PAWsutra FLOW DUB, [02] Sutra of Immanence • PAWsutra FLOW DUB, [03] Sutra of Immanence • PAWsutra FLOW JAZZ","2108817387, 2108817390, 2108817384",577,10,1.733102,0:08:18,https://i1.sndcdn.com/artworks-NVoSzyd2p5Cnj9Qz-g4JRiQ-t500x500.png,https://i1.sndcdn.com/artworks-NVoSzyd2p5Cnj9Qz-g4JRiQ-t1080x1080.png,Sutra of Immanence,L-236,checked,,"3 tracks of gratitude with grit. The sacred is scruffy. The holy wears fur. The prophets are playful. And god lives in the tail wag. The sound: dub and jazz. Fly like water, land like truth.",Trust: FLY (like water),,,,2025-06-06T12:12:36Z,"BOWsutra : (Thank) Dogs, DUBsutra, DUBsutra (Best Of), FLOWsutra : FLY (like water), FLOWsutra where time is space, JAZZsutra"
SynthemaSutra ♆ SHOWsutra Banana EPx8,https://soundcloud.com/bananasutra/sets/synthemasutra-showsutra-banana-epx8,1,,SHOWsutra,"BURLESQUE,DUB,INDIE,LOFI,ROCK","BURLESQUE,DUB,FLAMENCO,INDIE,LOFI,PSYCHEDELIC,PUNK,ROCK,SOUL",8,"[01] Synthema Sutras - SHOWsutra Banana Tzigane Cello Duende Flamenco Soul Fusion INDIE, [02] Synthema Sutras - SHOWsutra Banana Tzigane Conscious Soul Fusion Indie LOFI, [03] Synthema Sutras - SHOWsutra Banana Psy Punk Rock Burlesque LOFI, [04] Synthema Sutras - SHOWsutra Banana Jazzy Bass Indie Cello Fusion DUB, [05] Synthema Sutras - SHOWsutra Banana Oh Boy Circus Accordion Waltz BURLESQUE, [06] Synthema Sutras - SHOWsutra Banana Oh Boy Circus Accordion Waltz BURLESQUE, [07] Synthema Sutras - SHOWsutra Banana Psychedelic Punk Rock BURLESQUE, [08] Synthema Sutras - SHOWsutra Banana Psychedelic Burlesque Indie Punk ROCK","2218612010, 2218612022, 2218612013, 2218612004, 2218612016, 2218612001, 2218612007, 2218612019",2912,28,0.961538,0:34:03,https://i1.sndcdn.com/artworks-yoEMRKS82rZVyqki-15yXGg-t500x500.png,https://i1.sndcdn.com/artworks-yoEMRKS82rZVyqki-15yXGg-t1080x1080.png,SynthemaSutra,L-237,checked,,"8 tracks of questions that won't quit. All seven sutras, as if they were good old greek synthemas. Timeless philosophy in motion. Served in burlesque, dub, and indie. Welcome to the Fanana club.",Play: FANANA (party),,,,2025-11-25T08:59:19Z,"BURLESQUEsutra, DUBsutra, DUBsutra (Best Of), HIDDEN PEELS, INDIEsutra, LOFIsutra, LOFIsutra (Best Of), ROCKsutra, ROCKsutra (Best Of), SHOWsutra : B.J. (is for Banana Jesters), SHOWsutra : FANANA Club, SHOWsutra where bananas play"
T-R-U-T-H • KNOWsutra (Naked Truth) EPx12,https://soundcloud.com/bananasutra/sets/t-r-u-t-h-knowsutra-naked-truth-epx12,1,,KNOWsutra,"JAZZ,BURLESQUE",BURLESQUE,12,"[01] T-R-U-T-H • KNOWsutra (Naked Truth) PsyPunkPop Alternative ROCK, [02] T-R-U-T-H • KNOWsutra (Naked Truth) Psychedelick Piano Accordion Burlesque Cabaret JAZZ, [03] T-R-U-T-H • KNOWsutra (Naked Truth) Psychedelick Piano Accordion Burlesque Cabaret JAZZ, [04] T-R-U-T-H • KNOWsutra (Naked Truth) Psychedelick Piano Accordion Jazz Cabaret BURLESQUE, [05] T-R-U-T-H • KNOWsutra (Naked Truth) Psychedelick Cello Piano Cabaret Burlesque INDIE, [06] T-R-U-T-H • KNOWsutra (Naked Truth) Psychedelick Hop CelLOFI, [07] T-R-U-T-H • KNOWsutra (Naked Truth) Psychedelick Hop CelLOFI, [08] T-R-U-T-H • KNOWsutra (Naked Truth) Psychedelick Hop CelLOFI, [09] T-R-U-T-H • KNOWsutra (Naked Truth) Psychedelick Gipsy Accordion Hop World LOFI, [10] T-R-U-T-H • KNOWsutra (Naked Truth) Psychedelick Gipsy Accordion Hop World LOFI, [11] T-R-U-T-H • KNOWsutra (Naked Truth) Psychedelick Gipsy Accordion Hop World LOFI, [12] T-R-U-T-H • KNOWsutra (Naked Truth) Psychedelick WSWHFN Ragga Mama DUB","2368440884, 2368440869, 2368440896, 2368440887, 2368440878, 2368440902, 2368440881, 2368440899, 2368440893, 2368440875, 2368440872, 2368440890",2003,35,1.747379,0:30:59,https://i1.sndcdn.com/artworks-XC0vcUzUcVpyoSHp-479zng-t500x500.jpg,https://i1.sndcdn.com/artworks-XC0vcUzUcVpyoSHp-479zng-t1080x1080.jpg,T-R-U-T-H,L-238,checked,,"Because in a world gone surreal bananas, it all starts by telling the T-R-U-T-H... That's my story, baby.",Ask: (Naked) TRUTH,,,,2026-07-27T01:05:38Z,"BURLESQUEsutra, DUBsutra, INDIEsutra, JAZZsutra, KNOWsutra where questions matter, LOFIsutra, ROCKsutra, ROCKsutra (Best Of)"
Tell The Truth (encore) KNOWsutra EPx9 Vol. 04,https://soundcloud.com/bananasutra/sets/tell-the-truth-encore-knowsutra-epx9-vol-04,3,,KNOWsutra,"BANJO,BLUES,ROCK","BANJO,BLUES,PSYCHEDELIC,ROCK",9,"[01] Tell The Truth • KNOWsutra Bluesy ROCK Cover, [02] Tell The Truth • KNOWsutra Bluesy ROCK Cover, [03] Tell The Truth • KNOWsutra Bluesy ROCK Cover, [04] Tell The Truth • KNOWsutra Psychedelic Bass Bluesy ROCK Cover, [05] Tell the Truth (Remastered) • KNOWsutra Psychedelic Banjo Brush Drum Replay BLUES, [06] Tell The Truth • KNOWsutra Cello BLUES Cover, [07] Tell the Truth (Remastered) • KNOWsutra Psychedelic Banjo Clarinet Replay BLUES, [08] Tell The Truth • KNOWsutra True BLUES Cover, [BONUS] Tell the truth - Accordion BURLESQUEsutra","2204465091, 2204465083, 2204465087, 2204465075, 2204465063, 2204465079, 2204465071, 2204465095, 2204465067",11720,192,1.638225,0:37:21,https://i1.sndcdn.com/artworks-64Uv99JMUudNjTVz-iC67zQ-t500x500.png,https://i1.sndcdn.com/artworks-64Uv99JMUudNjTVz-iC67zQ-t1080x1080.png,Tell The Truth,L-239,checked,,"A solid half-hour of raw sense-making, across 9 tracks. Tell the truth. Even when it's inconvenient. Especially then. Served in banjo, blues, and rock. This is Vol. 3—the saga deepens. Over 10k plays and counting—clearly something landed.",Ask: (Naked) TRUTH,,,,2025-11-02T05:28:17Z,"BLUESsutra, BLUESsutra (Best Of), BURLESQUEsutra, KNOWsutra : (naked) TRUTH, KNOWsutra where questions matter, ROCKsutra, ROCKsutra (Best Of)"
Tell the Truth EP x4 BLUESsutra,https://soundcloud.com/bananasutra/sets/tell-the-truth-ep-x4-bluessutra,2,,KNOWsutra,"BANJO,BLUES,JAZZ","BANJO,BLUES,JAZZ",5,"Tell the Truth (That Spark In Your Eye), That Spark In Your Eye (Tell the Truth), Feeel The Rhythm (Tell the Truth), Face The World (Feel the Bass), Tell the Truth : BANJOsutra","2015241203, 2015241187, 2015241167, 2015241127, 1995719283",1326,21,1.583710,0:18:54,https://i1.sndcdn.com/artworks-1orEckq5nx9HrqGz-OMASFw-t500x500.jpg,https://i1.sndcdn.com/artworks-1orEckq5nx9HrqGz-OMASFw-t1080x1080.jpg,Tell The Truth,L-239,checked,,"5 banjo, blues, and jazz tracks dripping with uncomfortable truths. Tell the truth. Even when it's inconvenient. Especially then. This is Vol. 2—the saga deepens. The naked truth, served warm.",Ask: (Naked) TRUTH,,,,2025-01-22T11:10:23Z,"BANJOsutra, BLUESsutra, BLUESsutra (Best Of), GROWsutra where we be brave, INDIEsutra, JAZZsutra, KNOWsutra : (naked) TRUTH, KNOWsutra where questions matter"
Thank you · Mister Paine - American Accountability Revolution Blues EPx3,https://soundcloud.com/bananasutra/sets/thank-you-mister-paine-american-accountability-revolution-blues-epx3,1,,BLOWsutra,BLUES,BLUES,3,"[01] Thank you, Mister Paine - American Accountability Revolution BLUESsutra, [02] Thank you, Mister Paine - American Accountability Revolution BLUESsutra, [03] Thank you, Mister Paine - American Accountability Revolution BLUESsutra","2108793285, 2108793282, 2108793279",872,14,1.605505,0:11:47,https://i1.sndcdn.com/artworks-u5pewrASgTDY7LtN-z0b1TA-t500x500.png,https://i1.sndcdn.com/artworks-u5pewrASgTDY7LtN-z0b1TA-t1080x1080.png,"Thank you, Mister Paine",L-240,checked,,"A 3-track bright spell that says thank you with its whole chest. A body of men accountable to nobody ought not to be trusted by anybody.' — Thomas Paine. Thank you, Mister Paine. Channeling Thomas Paine, obviously. Revolution as a daily practice.",Speak: REVOLT (now),,,,2025-06-06T11:12:45Z,"BLOWsutra : REVOLT (now), BLUESsutra, BLUESsutra (Best Of), QUACKsutra where we sing FU"
The Accordion of Ignorance EP X4,https://soundcloud.com/bananasutra/sets/the-accordion-of-ignorance-ep-x4,1,,QUACKsutra,FOLK,FOLK,4,"The Tyranny of Ignorance #1, The Tyranny of Ignorance #2 : FOLK BLUESsutra, The Tyranny of Ignorance #3, The Tyranny of Ignorance #4","1981197855, 1981197867, 1981197875, 1981197891",704,7,0.994318,0:15:49,https://i1.sndcdn.com/artworks-ppd320RXiIyfcazy-2Vw1DA-t500x500.png,https://i1.sndcdn.com/artworks-ppd320RXiIyfcazy-2Vw1DA-t1080x1080.png,The Accordion of Ignorance,L-242,checked,,4 tracks of political puke. The accordion of ignorance plays itself louder the more you pull it open. With a wink to Jacques Brel. FOTUS rhymes with anus. Coincidence?,Quack: FOTUS Circus,,,,2024-12-11T21:36:45Z,"BLOWsutra, BLOWsutra : APES (gone wrong), BLUESsutra, BURLESQUEsutra, FOLKsutra"
The Atheist Tango • Vol. 2 EPx12  •  GROWsutra (God · Etc) Conscious Gipsy LoFi Burlesque Jazz,https://soundcloud.com/bananasutra/sets/the-atheist-tango-vol-2-epx12-growsutra-god-etc-conscious-gipsy-lofi-burlesque-jazz,2,,GROWsutra,"BURLESQUE,JAZZ,LOFI","BURLESQUE,GIPSY,JAZZ,LOFI",12,"[01] The Atheist Tango • GROWsutra (God, Etc) Conscious Gipsy Burlesque Fusion LOFI, [02] The Atheist Tango • GROWsutra (God, Etc) Conscious Gipsy Burlesque Fusion LOFI, [03] The Atheist Tango • GROWsutra (God, Etc) Conscious Gipsy Burlesque Fusion LOFI, [04] The Atheist Tango • GROWsutra (God, Etc) Conscious Gipsy Burlesque Fusion LOFI, [05] The Atheist Tango • GROWsutra (God, Etc) Conscious Gipsy Burlesque Fusion LOFI, [06] The Atheist Tango • GROWsutra (God, Etc) Gipsy Cello Chanson Jazz BURLESQUE, [07] The Atheist Tango • GROWsutra (God, Etc) Gipsy Cello Bass Chanson Jazz BURLESQUE, [08] The Atheist Tango • GROWsutra (God, Etc) Gipsy Cello Bass Chanson Jazz BURLESQUE, [09] The Atheist Tango • GROWsutra (God, Etc) Gipsy Cello Burlesque Tango JAZZ, [10] The Atheist Tango • GROWsutra (God, Etc) Gipsy Bass Piano Twirl Burlesque JAZZ, [11] The Atheist Tango • GROWsutra (God, Etc) Burlesque Gipsy Tripsy Panther Piano JAZZ, [12] The Atheist Tango • GROWsutra (God, Etc) Burlesque Gipsy Tripsy Uppety Piano JAZZ","2244373352, 2244373349, 2244373346, 2244373340, 2244373334, 2244373337, 2244373322, 2244373343, 2244373328, 2244373331, 2244373355, 2244373325",14474,153,1.057068,0:39:26,https://i1.sndcdn.com/artworks-eYKRlb3V6IdPR1u7-GGSyjw-t500x500.png,https://i1.sndcdn.com/artworks-eYKRlb3V6IdPR1u7-GGSyjw-t1080x1080.png,The Atheist Tango,L-243,checked,,"12 burlesque, jazz, and lo-fi tracks for the ones who still give a damn. Who needs a sky full of gods when you've got a tango? Inspired by Ralph Waldo Emerson. This is Vol. 2—the saga deepens. Over 14k plays and counting—clearly something landed.",Dare: GOD (etc.),,,,2026-01-09T06:56:25Z,"BURLESQUEsutra, BURLESQUEsutra (Best Of), GROWsutra : GOD (etc), GROWsutra where we be brave, JAZZsutra, JAZZsutra (Best Of), LOFIsutra, LOFIsutra (Best Of)"
The Conquest of Happiness (according to Bertrand Russel) ☰ 2 Songs EPx10 ☰ KNOWsutra,https://soundcloud.com/bananasutra/sets/the-conquest-of-happiness-according-to-bertrand-russel-2-songs-epx10-knowsutra,1,,KNOWsutra,"BURLESQUE,FOLK,INDIE,JAZZ,MANTRA","BURLESQUE,FOLK,INDIE,JAZZ,MANTRA",10,"Side A [01] EP Bertrand - The Unhappiness Dance - GROWsutra Jazzy BURLESQUE, Side A [02] EP Bertrand - The Unhappiness Dance - GROWsutra Jazzy BURLESQUE, Side A [03] EP Bertrand - The Unhappiness Dance - GROWsutra Jazzy Indie FOLK, Side A [04] EP Bertrand - The Unhappiness Dance - GROWsutra Folk INDIE, Side A [05] EP Bertrand - The Unhappiness Dance - GROWsutra Indie JAZZ, Side B [01] EP Bertrand - The Conquest of Happiness - GROWsutra Lullaby Indie MANTRA, Side B [02] EP Bertrand - The Conquest of Happiness - GROWsutra Indie FOLK, Side B [03] EP Bertrand - The Conquest of Happiness - GROWsutra Jazzy FOLK, Side B [04] EP Bertrand - The Conquest of Happiness - GROWsutra Indie Folk JAZZ, Side B [05] EP Bertrand - The Conquest of Happiness - GROWsutra Sweet Waltz BURLESQUE","2213380424, 2213380418, 2213380433, 2213380421, 2213380412, 2213380409, 2213380415, 2213380406, 2213380430, 2213380427",4770,51,1.069182,0:44:45,https://i1.sndcdn.com/artworks-mzPTVVzYjzKf5bIY-HeAycA-t500x500.png,https://i1.sndcdn.com/artworks-mzPTVVzYjzKf5bIY-HeAycA-t1080x1080.png,,"L-393,L-244",checked,,10 tracks of curious reckoning. The happiness they sold you was a tango with the wrong partner on your shoulder. With a wink to Bertrand Russell. Bertrand would approve. Probably.,Ask: BERTRAND (knows),,,,2025-11-16T04:20:40Z,"BURLESQUEsutra, BURLESQUEsutra (Best Of), FOLKsutra, FOLKsutra (Best Of), GROWsutra where we be brave, HIDDEN PEELS, INDIEsutra, JAZZsutra, JAZZsutra (Best Of), KNOWsutra : BERTRAND (mon chéri), MANTRAsutra"
The Courage To Care • GROWsutra (Kindness) EPx7,https://soundcloud.com/bananasutra/sets/the-courage-to-care-growsutra-kindness-epx7,1,,GROWsutra,LOFI,LOFI,7,"[01] The Courage To Care • GROWsutra Dare To Be Kind & Conscious Gipsy Fusion LOFI, [02] The Courage To Care • GROWsutra Dare To Be Kind & Conscious Gipsy Fusion LOFI, [03] The Courage To Care • GROWsutra Dare To Be Kind & Conscious Cinematic LOFI, [04] The Courage To Care • GROWsutra Dare To Be Kind & Conscious Cinematic LOFI, [05] The Courage To Care • GROWsutra Dare To Be Kind & Conscious Gipsy Fusion LOFI, [06] The Courage To Care • GROWsutra Dare To Be Kind & Conscious Cinematic LOFI, [bonus] The Courage To Care • GROWsutra Dare To Be Kind & Conscious Gipsy A Capela Indie LOFI","2328018965, 2328018956, 2328018959, 2328018962, 2328018968, 2328018971, 2328018953",2211,24,1.085482,0:30:00,https://i1.sndcdn.com/artworks-iC3XwXUfLLhXG77c-lKx1KA-t500x500.png,https://i1.sndcdn.com/artworks-iC3XwXUfLLhXG77c-lKx1KA-t1080x1080.png,The Courage To Care,L-318,checked,,"1-in-7 tracks dedicated to people who believe empathy is essentially a “performative” thing… simply because they can’t feel any, but(t) for themselves.",Dare: KIND(ness),,,,2026-05-26T22:41:10Z,"GROWsutra : DARE (to care), GROWsutra where we be brave, LOFIsutra, LOFIsutra (Best Of)"
The Dystopian Quiz Song ★ EPx15 ★ Acoustic SOULsutra,https://soundcloud.com/bananasutra/sets/the-dystopian-quiz-song-epx15-acoustic-soulsutra,1,,BLOWsutra,"BLUES,BURLESQUE,JAZZ,MANTRA","ACOUSTIC,BLUES,BURLESQUE,JAZZ,MANTRA",15,"Take the (Dystopian) Quiz Encore ★ Capela Circus JAZZ MANTRA, Take the (Dystopian) Quiz Encore ★ Accordion Circus JAZZ BURLESQUE, Take the (Dystopian) Quiz ★ Oh Accordion Boy Circus BURLESQUE, Take the (Dystopian) Quiz Encore ★ Oh Cello Boy Circus BURLESQUE, The Dystopian Quizz Song v1 ★ Blues Circus SOULsutra, The Dystopian Quizz Song v2-1 ★ Blues Circus SOULsutra, The Dystopian Quizz Song v2-2 ★ Blues Circus SOULsutra, The Dystopian Quizz Song v3-1 ★ Blues Circus SOULsutra, The Dystopian Quizz Song v3-2 ★ Blues Circus SOULsutra, The Dystopian Quizz Song v4-1 ★ Blues Circus SOULsutra, The Dystopian Quizz Song v4-kindness ★ Blues Circus SOULsutra, The Dystopian Quizz Song v5-2 ★ Blues Circus SOULsutra, The Dystopian Quizz Song v6 ★ Blues Circus SOULsutra, The Dystopian Quizz Song v8 ★ Blues Circus SOULsutra, The Dystopian Quizz Song v9 ★ Blues Circus SOULsutra","2081214567, 2081214564, 2081214579, 2081214588, 2081214576, 2081214570, 2081214582, 2081214597, 2081214603, 2081214573, 2081214585, 2081214591, 2081214606, 2081214594, 2081214600",2973,14,0.470905,0:46:20,https://i1.sndcdn.com/artworks-jQRym0eZpol8JOvs-sUKVsw-t500x500.png,https://i1.sndcdn.com/artworks-jQRym0eZpol8JOvs-sUKVsw-t1080x1080.png,The Dystopian Quiz Song,L-246,checked,,15 tracks of raw sense-making. Take the quiz. Is your world a circus or a dystopia? (Trick question.) With a wink to George Orwell. Uncensored. Obviously.,Speak: CENSOR(ed),,,,2025-04-18T20:27:25Z,"BANJOsutra, BLOWsutra : CENSOR(ed), BLUESsutra, BURLESQUEsutra, FOLKsutra, FOLKsutra (Best Of), FOTUS CIRCUS Playlist An American Freaks Show, GROWsutra where we be brave, INDIEsutra, JAZZsutra, MANTRAsutra, QUACKsutra where we sing FU"
The Echo Song Song ☭ Vladimir Vysotsky - EPx6  English Cover ☭ BLOWsutra Gipsy Trip Hop Trip,https://soundcloud.com/bananasutra/sets/the-echo-song-song-vladimir-vysotsky-epx6-english-cover-blowsutra-gipsy-trip-hop-trip,2,,BLOWsutra,"BURLESQUE,DUB,FOLK,INDIE,LOFI","BURLESQUE,DUB,FOLK,GIPSY,INDIE,LOFI,PSYCHEDELIC,TRIP HOP",6,"[01] The (Bloody Mountain) Echo - Vladimir Vysotsky English Cover - BLOWsutra Poetry Dubs the Bridge DUB, [02] The (Bloody Mountain) Echo - Vladimir Vysotsky English Cover - BLOWsutra Gipsy La Poesita Cello Indie Folk DUB, [03] The (Bloody Mountain) Echo - Vladimir Vysotsky English Cover - BLOWsutra Gipsy Trip Hop Indie LOFI, [04] The (Bloody Mountain) Echo - Vladimir Vysotsky English Cover - BLOWsutra Oh Boy Psychedelic Dodododo Circus BURLESQUE, [05] The (Bloody Mountain) Echo - Vladimir Vysotsky English Cover - BLOWsutra Gipsy Piano Cello Duende INDIE, [06] The (Bloody Mountain) Echo - Vladimir Vysotsky English Cover - BLOWsutra Gipsy Trip Hop Piano INDIE","2199637455, 2199637447, 2199637451, 2199637463, 2199637459, 2199637443",3571,29,0.812097,0:18:46,https://i1.sndcdn.com/artworks-csa1LSOJaNbx8eWJ-OVqzHA-t500x500.png,https://i1.sndcdn.com/artworks-csa1LSOJaNbx8eWJ-OVqzHA-t1080x1080.png,The Echo Song,L-247,checked,,"6 tracks of unapologetic peace. Even the mountains echo the sounds of war. Nobody listens. Channeling Vladimir Vysotsky, obviously. Volume 2 hits different. Revolution as a daily practice.",Speak: REVOLT (now),,,,2025-10-27T04:02:41Z,"BLOWsutra, BLOWsutra : REVOLT (now), BURLESQUEsutra, DUBsutra, DUBsutra (Best Of), INDIEsutra, INDIEsutra (Best Of), LOFIsutra"
The Echo Song ☭ Russian EPx3 ☭ Gipsy BLOWsutra LoFi Blues (Vladimir Vysotsky Cover),https://soundcloud.com/bananasutra/sets/the-echo-song-russian-epx3-gipsy-blowsutra-lofi-blues-vladimir-vysotsky-cover,1,,BLOWsutra,"BANJO,BLUES,INDIE,LOFI","BANJO,BLUES,GIPSY,INDIE,LOFI,PSYCHEDELIC",3,"[01] The Echo Song - Vladimir Vysotsky Cover - Russian BLOWsutra Gipsy Arabesk World Peace Indie Trip Pop LOFI, [02] The Echo Song - Vladimir Vysotsky Cover - Russian BLOWsutra Gipsy Arabesk World Peace Indie Trip Pop LOFI, [03] The Echo Song - Vladimir Vysotsky Cover - Russian BLOWsutra Classic Psychedelic Banjo BLUES","2198516563, 2198516555, 2198516559",2917,35,1.199863,0:09:40,https://i1.sndcdn.com/artworks-acFrdgqIA6o30Zzp-mlZM9A-t500x500.png,https://i1.sndcdn.com/artworks-acFrdgqIA6o30Zzp-mlZM9A-t1080x1080.png,The Echo Song (Russian Edition),L-392,checked,,"3 banjo, blues, and indie tracks that won't let you look away. A friend of mine asserted that this song, by Soviet singer-songwriter and poet Vladimir #vysotsky is “a perfect song”. Vladimir Vysotsky walked in and stayed. Revolution as a daily practice.","World: RUSSIANsutra,Speak: REVOLT (now)",,,,2025-10-25T08:16:51Z,"BLOWsutra : REVOLT (now), BLUESsutra, BLUESsutra (Best Of), HIDDEN PEELS, LOFIsutra, LOFIsutra (Best Of), WORLDsutra : Russian(ish)"
The Great Naked King • SHOWsutra Psychedelick Fools Cabaret EPx30,https://soundcloud.com/bananasutra/sets/the-great-naked-king-showsutra-epx30,1,,SHOWsutra,"BANJO,BLUES,BURLESQUE,INDIE,JAZZ,LOFI","BANJO,BLUES,BURLESQUE,CABARET,FADO,FLAMENCO,GIPSY,HIP HOP,INDIE,JAZZ,LOFI",30,"[01] The Great Naked King • SHOWsutra Tribal Psychedelick Gipsy Flamenco Fado Techno INDIE, [02] The Great Naked King • SHOWsutra Tribal Psychedelick Gipsy Flamenco Fado Techno INDIE, [03] The Great Naked King • SHOWsutra Tribal Psychedelick Gipsy Flamenco Fado Techno INDIE, [04] The Great Naked King • SHOWsutra Psychedelick French Accordion Cello Tango JAZZ, [05] The Great Naked King • SHOWsutra Psychedelick French Accordion Cello Tango JAZZ, [06] The Great Naked King • SHOWsutra Psychedelick French Accordion Cello Tango JAZZ, [07] The Great Naked King • SHOWsutra Psychedelick French Accordion Cello Tango JAZZ, [08] The Great Naked King • SHOWsutra Psychedelick French Accordion Cello Tango JAZZ, [09] The Great Naked King • SHOWsutra French Psychedelick Accordion Gipsy Tango BURLESQUE, [10] The Great Naked King • SHOWsutra Psychedelick Circus Accordion Tango BURLESQUE, [11] The Great Naked King • SHOWsutra Psychedelick Circus Accordion Waltz BURLESQUE, [12] The Great Naked King • SHOWsutra Psychedelick Circus Accordion Waltz BURLESQUE, [13] The Great Naked King • SHOWsutra Psychedelick Circus Accordion Waltz BURLESQUE, [14] The Great Naked King • SHOWsutra Psychedelick Circus Accordion Waltz BURLESQUE, [15] The Great Naked King • SHOWsutra Psychedelick Circus Accordion Waltz BURLESQUE, [16] The Great Naked King • SHOWsutra Psychedelick Circus Accordion Waltz BURLESQUE, [17] The Great Naked King • SHOWsutra Psychedelick Cabaret Jazz Swing BURLESQUE, [18] The Great Naked King • SHOWsutra Psychedelick Cabaret Gipsy Swing BURLESQUE, [19] The Great Naked King • SHOWsutra Psychedelick Gipsy Hip Hop Jazz LOFI, [20] The Great Naked King • SHOWsutra Psychedelick Gipsy Hip Hop Jazz LOFI, [21] The Great Naked King • SHOWsutra Psychedelick Gipsy Hip Hop Jazz LOFI, [22] The Great Naked King • SHOWsutra Psychedelick Hop Pop Piano Jazz LOFI, [23] The Great Naked King • SHOWsutra Psychedelick Gipsy Hop Pop Indie LOFI, [24] The Great Naked King • SHOWsutra Psychedelick Gipsy Hop Pop Indie LOFI, [25] The Great Naked King • SHOWsutra Psychedelick Gipsy Hop Pop Indie LOFI, [26] The Great Naked King • SHOWsutra Psychedelick Hillbilly Hop Pop Indie Blues Banjo LOFI, [27] The Great Naked King • SHOWsutra Psychedelick Hillbilly Hop Pop Blues Banjo LOFI, [28] The Great Naked King • SHOWsutra Psychedelick Hillbilly Hop Pop Blues Banjo LOFI, [29] The Great Naked King • SHOWsutra Psychedelick Hillbilly Hop Pop Blues Banjo LOFI, [30] The Great Naked King • SHOWsutra Psychedelick Hillbilly Americana Jazzy Banjo BLUES","2294911073, 2294911094, 2294911067, 2294911070, 2294911088, 2294911097, 2294911091, 2294911118, 2294911112, 2294911082, 2294911100, 2294911079, 2294911085, 2294911076, 2294911115, 2294911106, 2294911139, 2294911127, 2294911148, 2294911103, 2294911136, 2294911124, 2294911109, 2294911151, 2294911121, 2294911142, 2294911145, 2294911130, 2294911154, 2294911133",29520,342,1.158537,1:46:12,https://i1.sndcdn.com/artworks-QRaUbtlHanDIuOON-8Hr9pg-t500x500.png,https://i1.sndcdn.com/artworks-QRaUbtlHanDIuOON-8Hr9pg-t1080x1080.png,The Great Naked King,L-250,checked,checked,"Thirty tracks of holy fooling around, anchored in the oldest trick in the book: the crowd convinced that what it cannot see is proof of its own unworthiness. Andersen wrote the parable in 1837. Chaplin filmed it in 1940. Banana sings it now, across flamenco techno, French tango jazz, gipsy burlesque, and Americana blues. Laughter as the seriousness that has nothing left to lose; be the great fool worth being.",Play: (Be) The Fool,,,,2026-04-01T23:37:18Z,"BLUESsutra, BURLESQUEsutra, BURLESQUEsutra (Best Of), HIDDEN PEELS, INDIEsutra, JAZZsutra, JAZZsutra (Best Of), LOFIsutra, LOFIsutra (Best Of), SHOWsutra where bananas play, SHOWsutra: (shades of) FOOLS"
The Invisible Man in the Sky (a song inspired by George Carlin) EPx8 VOL.01,https://soundcloud.com/bananasutra/sets/the-invisible-man-in-the-sky-a-song-inspired-by-george-carlin-epx8-vol01,1,,GROWsutra,"BURLESQUE,DUB,LOFI","BURLESQUE,DUB,LOFI",8,"[1] The invisible man in the sky • BLUESsutra, [2] The invisible man in the sky • BLUESsutra, [3] The invisible man in the sky • DUB BLUESsutra, [4] The invisible man in the sky • BURLESQUE JAZZsutra, [5] The invisible man in the sky • CIRCUSsutra, [6] The invisible man in the sky • Duende FOLKsutra, [7] The invisible man in the sky • FLOW LOFIsutra, [8] The invisible man in the sky (udio) lofi ROCKsutra","2077910400, 2077910408, 2077910392, 2077910396, 2077910416, 2077910412, 2077910384, 2077910404",1468,13,0.885559,0:20:53,https://i1.sndcdn.com/artworks-X3sSPUgbNbib2XW8-7bIcSQ-t500x500.png,https://i1.sndcdn.com/artworks-X3sSPUgbNbib2XW8-7bIcSQ-t1080x1080.png,The Invisible Man In The Sky,L-251,checked,,"8 tracks of holy doubt. The invisible man in the sky: a character study. With a wink to George Carlin. Holy questions, no holy answers.",Dare: GOD (etc.),,,,2025-04-13T23:17:52Z,"BLUESsutra, BURLESQUEsutra, FOLKsutra, GROWsutra : GOD (etc), GROWsutra where we be brave, LOFIsutra, Questions for the (kind) POPE in the Sky, ROCKsutra"
The Love of a Dove ☩ EPx18 ☩ GROWsutra Peace Fusion Prayer,https://soundcloud.com/bananasutra/sets/the-love-of-a-dove-epx18-growsutra-peace-fusion-prayer,1,,GROWsutra,"BLUES,DUB,FOLK,INDIE","BLUES,DUB,FADO,FOLK,INDIE,PSYCHEDELIC,RAGGA,SOUL",18,"[01] The Love Of A Dove - GROWsutra Tzigane Soul Peace Fusion INDIE, [02] The Love Of A Dove - GROWsutra Duende Amoris Fado Fiddle INDIE, [03] The Love Of A Dove - GROWsutra Mama-b-c Peace Cello INDIE, [04] The Love Of A Dove - GROWsutra Mama-b-c Peace Cello INDIE, [05] The Love Of A Dove - GROWsutra Mama-b-c Peace Cello INDIE, [06] The Love Of A Dove - GROWsutra Kindness is in the Depth Bluesy Psychedelic FOLK, [07] The Love Of A Dove - GROWsutra Kindness is in the Depth Bluesy Psychedelic FOLK, [08] The Love Of A Dove - GROWsutra Only The Brave PsyBluegrass Dubby BLUES, [09] The Love Of A Dove - GROWsutra Queen of Authentic Dubby Psychedelic BLUES, [10] The Love Of A Dove - GROWsutra Psychedelic Destiny BLUES, [11] The Love Of A Dove - GROWsutra Psychedelic Destiny BLUES, [12] The Love Of A Dove - GROWsutra Psychedelic Destiny BLUES, [13] The Love Of A Dove - GROWsutra Poetry Dubs The Bridge DUB, [14] The Love Of A Dove - GROWsutra Feel Di Riddim Psychedelic Ragga DUB, [15] The Love Of A Dove - GROWsutra Dem Sed Psychedelic Ragga DUB, [16] The Love Of A Dove - GROWsutra Dem Sed Psychedelic Ragga DUB, [17] The Love Of A Dove - GROWsutra Dem Sed Psychedelic Ragga DUB, [18] The Love Of A Dove - GROWsutra Psychedelic Peace Soul Muse DUB","2183295843, 2183295839, 2183295815, 2183295807, 2183295851, 2183295835, 2183295847, 2183295855, 2183295803, 2183295831, 2183295799, 2183295827, 2183295811, 2183295823, 2183295863, 2183295867, 2183295859, 2183295819",13920,164,1.178161,0:55:13,https://i1.sndcdn.com/artworks-JAgkPz4F7h0eq74Z-njbS5Q-t500x500.png,https://i1.sndcdn.com/artworks-JAgkPz4F7h0eq74Z-njbS5Q-t1080x1080.png,The Love of A Dove,L-252,checked,,"A 18-track bright spell that practices kindness like a contact sport. Love rising above bloody ashes. The dove's stubbornest trick. Blues, dub, and folk grooves from end to end. A fan favorite: 13k+ plays deep. The peace prayer that won't shut up.",Ask: PEACE (not war),,,,2025-10-06T08:08:01Z,"BLUESsutra, BLUESsutra (Best Of), DUBsutra, DUBsutra (Best Of), FOLKsutra, GROWsutra where we be brave, INDIEsutra, INDIEsutra (Best Of), KNOWsutra : PEACE (not War)"
The Sound Of Logic • KNOWsutra Psychedelick LoFi DUB EPx27,https://soundcloud.com/bananasutra/sets/the-sound-of-logic-knowsutra-dub-epx27,1,,KNOWsutra,"LOFI,DUB","LOFI,DUB",27,"[01] The Sound Of Logic • KNOWsutra Psychedelick Hop Bruh LoFi DUB, [02] The Sound Of Logic • KNOWsutra Psychedelick Hop Bruh LoFi DUB, [03] The Sound Of Logic • KNOWsutra Psychedelick Hop Bruh LoFi DUB 4, [04] The Sound Of Logic • KNOWsutra Psychedelick Hop Bruh LoFi DUB, [05] The Sound Of Logic • KNOWsutra Psychedelick Flamenco Ragga DUB, [06] The Sound Of Logic • KNOWsutra Psychedelick Flamenco Ragga DUB, [07] The Sound Of Logic • KNOWsutra Psychedelick Ragga Circus DUB, [08] The Sound Of Logic • KNOWsutra Psychedelick Ragga Circus DUB, [09] The Sound Of Logic • KNOWsutra Psychedelick Ragga Circus DUB, [10] The Sound Of Logic • KNOWsutra Psychedelick Storyteller LoFi DUB, [11] The Sound Of Logic • KNOWsutra Psychedelick Storyteller LoFi DUB, [12] The Sound Of Logic • KNOWsutra Psychedelick Storyteller LoFi DUB, [13] The Sound Of Logic • KNOWsutra Psychedelick Storyteller LoFi DUB, [14] The Sound Of Logic • KNOWsutra Psychedelick Storyteller LoFi DUB, [15] The Sound Of Logic • KNOWsutra Psychedelick Storyteller LoFi DUB, [16] The Sound Of Logic • KNOWsutra Psychedelick Storyteller Dub LOFI, [17] The Sound Of Logic • KNOWsutra Psychedelick Accordion Dub World LOFI, [18] The Sound Of Logic • KNOWsutra Psychedelick Arabesk Dub World LOFI, [19] The Sound Of Logic • KNOWsutra Psychedelick Storyteller Dub LOFI, [20] The Sound Of Logic • KNOWsutra Psychedelick Motorik INDIE, [21] The Sound Of Logic • KNOWsutra Psychedelick Da-Da-Dee Motorik INDIE, [22] The Sound of Logic • KNOWsutra Psychedelick Bass Motorik INDIE, [23] The Sound Of Logic • KNOWsutra Psychedelick Burlesque Motorik INDIE, [24] The Sound Of Logic • KNOWsutra Psychedelick Bass Motorik INDIE, [25] The Sound Of Logic • KNOWsutra Psychedelick Flamenco Techno WORLD, [26] The Sound Of Logic • KNOWsutra Psychedelick Flamenco Techno WORLD, [27] The Sound Of Logic • KNOWsutra Psychedelick Flamenco Techno WORLD","2313584576, 2313584588, 2313584642, 2313584582, 2313584594, 2313584585, 2313584579, 2313584600, 2313584573, 2313584597, 2313584591, 2313584615, 2313584618, 2313584612, 2313584627, 2313584609, 2313584630, 2313584606, 2313584624, 2313584603, 2313584621, 2313584639, 2313584651, 2313584636, 2313584633, 2313584645, 2313584648",29259,273,0.933046,1:51:06,https://i1.sndcdn.com/artworks-iTMnLbPUyo5PZgb5-Yvmp6g-t500x500.png,https://i1.sndcdn.com/artworks-iTMnLbPUyo5PZgb5-Yvmp6g-t1080x1080.png,The Sound Of Logic,L-380,checked,,"Over an hour of naked truth, across 27 tracks. Acoustic or algorithmic? Human or harmonic? Is it chaos or logic? Bananasutra speaks... Lo-fi and dub grooves from end to end. Because why not ask why.",Ask: But(t) WHY,,,,2026-05-03T01:05:55Z,"DUBsutra (Best Of), INDIEsutra (Best Of), KNOWsutra where questions matter, LOFIsutra (Best Of)"
There's No Prayer Like Desire • KNOWsutra But(t) Why EPx4,https://soundcloud.com/bananasutra/sets/theres-no-prayer-like-desire-knowsutra-butt-why-epx4,1,,KNOWsutra,"BANJO,BLUES,BURLESQUE","BANJO,BLUES,BURLESQUE",3,"[01] Not Who Powers • There's No Prayer Like Desire • KNOWsutra But(t) Why Banjo Destiny BLUES, [02] There's No Prayer Like Desire • KNOWsutra But(t) Why Banjo Destiny BLUES, [04] The Fire We Share • There's No Prayer Like Desire • KNOWsutra But(t) Why Accordion Chanson BURLESQUE","2229356468, 2229356462, 2229356471",2046,20,0.977517,0:08:29,https://i1.sndcdn.com/artworks-BZeLqNQ4AlXL9NGG-8Sntuw-t500x500.png,https://i1.sndcdn.com/artworks-BZeLqNQ4AlXL9NGG-8Sntuw-t1080x1080.png,There's No Prayer Like Desire,L-259,checked,,A 3-track shadow-walk that refuses to stop asking why. The most honest prayer you'll ever say isn't in a church. With a wink to Tom Waits. Because why not ask why.,Ask: But(t) WHY,,,,2025-12-14T04:18:40Z,"BLUESsutra, BLUESsutra (Best Of), BURLESQUEsutra, BURLESQUEsutra (Best Of), FOLKsutra (Best Of), KNOWsutra : but(t) WHY, KNOWsutra where questions matter"
They Call Her Wild (All She Knows) • FLOWsutra EPx27 · Vol. 02,https://soundcloud.com/bananasutra/sets/they-call-her-wild-flowsutra-epx27-vol2,2,,FLOWsutra,"INDIE,FOLK,LOFI,WORLD","INDIE,FOLK,LOFI,WORLD",27,"[01] They Call Her Wild • FLOWsutra (Fly Like Water) NeoSoul Piano Piano Blues INDIE, [02] They Call Her Wild • FLOWsutra (Fly Like Water) NeoSoul Piano Piano Blues INDIE, [03] They Call Her Wild • FLOWsutra (Fly Like Water) NeoSoul Piano Piano Blues INDIE, [04] They Call Her Wild • FLOWsutra (Fly Like Water) NeoSoul Piano Cello Blues INDIE, [05] They Call Her Wild • FLOWsutra (Fly Like Water) NeoSoul Piano Cello Blues INDIE, [06] They Call Her Wild • FLOWsutra (Fly Like Water) Kindness Undesrtand Banjo FOLK, [07] They Call Her Wild • FLOWsutra (Fly Like Water) Weary Harmonica Bluesy BLUES, [08] They Call Her Wild • FLOWsutra (Fly Like Water) Queen Of Authentic Dubby Banjo FOLK, [09] They Call Her Wild • FLOWsutra (Fly Like Water) Queen Of Authentic Dubby Banjo FOLK, [10] They Call Her Wild • FLOWsutra (Fly Like Water) Queen Of Authentic Dubby Banjo FOLK, [11] They Call Her Wild • FLOWsutra (Fly Like Water) Queen Of Authentic Dubby Banjo FOLK, [12] They Call Her Wild • FLOWsutra (Fly Like Water) PsyPoetry Bridges The DUB, [13] They Call Her Wild • FLOWsutra (Fly Like Water) PsyPoetry Bridges The DUB, [14] They Call Her Wild • FLOWsutra (Fly Like Water) Cello Hop Fusion LOFI, [15] They Call Her Wild • FLOWsutra (Fly Like Water) Cello Hop Fusion LOFI, [16] They Call Her Wild • FLOWsutra (Fly Like Water) Cello Hop Fusion LOFI, [17] They Call Her Wild • FLOWsutra (Fly Like Water) Tzigane Fusion LOFI, [18] They Call Her Wild • FLOWsutra (Fly Like Water) Tzigane Fusion LOFI, [19] They Call Her Wild • FLOWsutra (Fly Like Water) Tzigane Fusion LOFI, [20] They Call Her Wild • FLOWsutra (Fly Like Water) Tzigane Fusion LOFI, [21] They Call Her Wild • FLOWsutra (Fly Like Water) Tzigane Fusion LOFI, [22] They Call Her Wild • FLOWsutra (Fly Like Water) Burlesque Ragga Circus DUB, [23] They Call Her Wild • FLOWsutra (Fly Like Water) Burlesque Ragga Circus DUB, [24] They Call Her Wild • FLOWsutra (Fly Like Water) Burlesque Ragga Circus DUB, [25] They Call Her Wild • FLOWsutra (Fly Like Water) Minimal Flamenco Tango Techno  Cabaret WORLD, [26] They Call Her Wild • FLOWsutra (Fly Like Water) Minimal Flamenco Tango Techno Cabaret WORLD, [27] They Call Her Wild • FLOWsutra (Fly Like Water) Minimal Flamenco Tango Techno  Cabaret WORLD","2369648243, 2369648309, 2369648312, 2369648279, 2369648276, 2369648264, 2369648240, 2369648255, 2369648252, 2369648291, 2369648249, 2369648303, 2369648288, 2369648246, 2369648261, 2369648294, 2369648297, 2369648273, 2369648270, 2369648258, 2369648267, 2369648315, 2369648300, 2369648318, 2369648285, 2369648306, 2369648282",4640,51,1.099138,1:31:19,https://i1.sndcdn.com/artworks-lMVsIsibPIyOHaVb-9ZOcHg-t500x500.jpg,https://i1.sndcdn.com/artworks-lMVsIsibPIyOHaVb-9ZOcHg-t1080x1080.jpg,They Call Her Wild (But She's Just Free),L-260,checked,,"Because when we be free. It's ecstasy, truthfully.","Trust: FLY (like water),World: SPANISHsutra",,,,2026-07-28T19:54:49Z,"BLUESsutra, DUBsutra, FLOWsutra where time is space, FOLKsutra, INDIEsutra, LOFIsutra"
They Call Her Wild (But She's Just Free) • FLOWsutra EPx7 · Vol. 01,https://soundcloud.com/bananasutra/sets/they-call-her-wild-flowsutra-epx7-vol1,1,,FLOWsutra,"FOLK,INDIE","FOLK,INDIE",7,"[01] They Call Her Wild (But She's Just Free) • FLOWsutra Queen of Autentic Banjo FOLK, [02] They Call Her Wild (But She's Just Free) • FLOWsutra Queen of Autentic Banjo FOLK, [03] They Call Her Wild (But She's Just Free) • FLOWsutra Queen of Autentic Banjo FOLK, [04] They Call Her Wild (But She's Just Free) • FLOWsutra Psy Accordion Sirene LoFi Jazz BURLESQUE, [05] They Call Her Wild (But She's Just Free) • FLOWsutra Psy Accordion Sirene LoFi Jazz BURLESQUE, [06] They Call Her Wild (But She's Just Free) • FLOWsutra MAMA-B-C Mellow Yolo Cello INDIE, [07] They Call Her Wild (But She's Just Free) • FLOWsutra MAMA-B-C Mellow Yolo Cello INDIE","2369646017, 2369646023, 2369646026, 2369646014, 2369646020, 2369646032, 2369646029",1251,12,0.959233,0:23:47,https://i1.sndcdn.com/artworks-DxMwyDfh1eUq1uQ3-775DwQ-t500x500.jpg,https://i1.sndcdn.com/artworks-DxMwyDfh1eUq1uQ3-775DwQ-t1080x1080.jpg,They Call Her Wild (But She's Just Free),L-260,checked,,"Because when we be free. It's ecstasy, truthfully.","Trust: FLY (like water),World: SPANISHsutra",,,,2026-07-28T19:50:40Z,FLOWsutra where time is space
They Call It Freedom (Oh Hi · Sweet Honey Bun) ✯ BLOWsutra (Revolt Now) EPx11,https://soundcloud.com/bananasutra/sets/they-call-it-freedom-oh-hi-sweet-honey-bun-blowsutra-revolt-now-epx11,1,,BLOWsutra,"BLUES,BURLESQUE,FOLK,INDIE,LOFI","BLUES,BURLESQUE,FOLK,GIPSY,HIP HOP,INDIE,LOFI,PSYCHEDELIC,TRIP HOP",11,"[01] They Call It Freedom (Oh Hi, Sweet Honey Bun) • BLOWsutra (Revolt Now) Gipsy Oh Hi Psychedelic Indie LOFI, [02] They Call It Freedom (Oh Hi, Sweet Honey Bun) • BLOWsutra (Revolt Now) Psychedelic Gipsy Dadadam Indie LOFI, [03] They Call It Freedom (Oh Hi, Sweet Honey Bun) • BLOWsutra (Revolt Now) Psychedelic Gipsy Trip Hop Indie LOFI, [04] They Call It Freedom (Oh Hi, Sweet Honey Bun) • BLOWsutra (Revolt Now) Psychedelic Gipsy Doing Doing Indie Hip Hop LOFI, [05] They Call It Freedom (Oh Hi, Sweet Honey Bun) • BLOWsutra (Revolt Now) Psychedelic Gipsy Indie Trip Hip Hop LOFI, [06] They Call It Freedom (Oh Hi, Sweet Honey Bun) • BLOWsutra (Revolt Now) Psychedelic Gipsy Cello Trip Hip Hop Indie LOFI, [07] They Call It Freedom (Oh Hi, Sweet Honey Bun) • BLOWsutra  (Revolt Now) Psychedelic Dubby Americana Indie LoFi FOLK, [08] They Call It Freedom (Oh Hi, Sweet Honey Bun) • BLOWsutra (Revolt Now) Classichedelic Americana Dubby Folky BLUES, [09] They Call It Freedom (Oh Hi, Sweet Honey Bun) • BLOWsutra (Revolt Now) Classichedelic Americana BLUES, [10] They Call It Freedom (Oh Hi, Sweet Honey Bun) • BLOWsutra (Revolt Now) Classichedelic Americana BLUES, [Bonus] They Call It Freedom (Oh Hi, Sweet Honey Bun) • BLOWsutra (Revolt Now) Psychedelic Gipsy Accordion Gun It BURLESQUE","2224373888, 2224373915, 2224373891, 2224373912, 2224373906, 2224373900, 2224373894, 2224373885, 2224373897, 2224373909, 2224373903",6769,79,1.167085,0:36:40,https://i1.sndcdn.com/artworks-kwu5kFHr0XzItgSe-7wgK2Q-t500x500.png,https://i1.sndcdn.com/artworks-kwu5kFHr0XzItgSe-7wgK2Q-t1080x1080.png,"They Call It Freedom (Oh Hi, Sweet Honey Bun)",L-262,checked,,"11 blues, burlesque, and folk tracks that won't let you look away. Oh hi, sweet honey bun. They call it freedom. It looks more like steel boots stomping truth again. Revolution as a daily practice.",Speak: REVOLT (now),,,,2025-12-05T05:48:04Z,"BLOWsutra, BLOWsutra : REVOLT (now), BLUESsutra, BLUESsutra (Best Of), BURLESQUEsutra, FOLKsutra, FOLKsutra (Best Of), INDIEsutra (Best Of), LOFIsutra, LOFIsutra (Best Of)"
They Muddy the Waters (aka Nietzsche's Gift) EPx5 VOL. 04,https://soundcloud.com/bananasutra/sets/they-muddy-the-waters-aka-nietzsches-gift-epx5-vol-04,3,,BLOWsutra,"BANJO,BURLESQUE,FOLK,INDIE,LOFI","BANJO,BURLESQUE,FOLK,INDIE,LOFI",5,"[1] Muddy Waters (Nietzsche's Gift) VOL. 04 - Bluesy FOLK BANJO, [2] Muddy Waters (Nietzsche's Gift) VOL. 04 - Accordion BURLESQUE, [3] Muddy Waters (Nietzsche's Gift) VOL. 04 - Dreamy Folk BURLESQUE, [4] Muddy Waters (Nietzsche's Gift) VOL. 04 - Burlesque LOFI, [5] Muddy Waters (Nietzsche's Gift) VOL. 04 - Piano Burlesque INDIE","2078077956, 2078077960, 2078077944, 2078077952, 2078077948",1098,6,0.546448,0:16:27,https://i1.sndcdn.com/artworks-8WQovcQ1YWF6xgZ0-sPC0bQ-t500x500.png,https://i1.sndcdn.com/artworks-8WQovcQ1YWF6xgZ0-sPC0bQ-t1080x1080.png,Nietzsche's Gift (Muddy Waters),L-165,checked,,"5 banjo, burlesque, and folk tracks steeped in equal parts fury and love. They muddy the water to make it look deep. Nietzsche saw through it. A nod to Friedrich Nietzsche. Vol. 3, because one wasn't enough. Ego, meet your reflection.",Speak: EGO (gone loco),,,,2025-04-14T06:55:18Z,"BANJOsutra, BLOWsutra, BLOWsutra : EGO (gone loco), BURLESQUEsutra, INDIEsutra, LOFIsutra, MANTRAsutra"
This Is My Quest • GROWsutra (Dare to Care) Dream EPx19,https://soundcloud.com/bananasutra/sets/this-is-my-quest-growsutra-epx19,1,,GLOWsutra,"DUB,INDIE,JAZZ,LOFI","DUB,FADO,FLAMENCO,GIPSY,INDIE,JAZZ,LOFI,PSYCHEDELIC",19,"[01] This Is My Quest • GROWsutra Psychedelic Gipsy Techno Fado Flamenco Duende INDIE, [02] This Is My Quest • GROWsutra Psychedelic Gipsy Techno Fado Flamenco Duende INDIE, [03] This Is My Quest • GROWsutra Psychedelic Gipsy Techno Fado Flamenco Duende INDIE, [04] This Is My Quest • GROWsutra Psychedelic Gipsy Techno Fado Flamenco Duende INDIE, [05] This Is My Quest • GROWsutra Psychedelic Gipsy Techno Fado Flamenco Duende INDIE, [06] This Is My Quest • GROWsutra Psychedelic Gipsy Techno Fado Flamenco Duende INDIE, [07] This Is My Quest • GROWsutra La Poesita Gipsy Fado Flamenco Duende DUB, [08] This Is My Quest • GROWsutra La Poesita Gipsy Fado Flamenco Duende DUB, [09] This Is My Quest • GROWsutra Psychedelic Gipsy Fado Arabesk Lofi Dub INDIE, [10] This Is My Quest • GROWsutra Psychedelic Gipsy Fado Arabesk Lofi Dub INDIE, [11] This Is My Quest • GROWsutra Psychedelic Poetry Bridges the DUB, [12] This Is My Quest • GROWsutra Psychedelic Poetry Bridges the DUB, [13] This Is My Quest • GROWsutra Psychedelic Poetry Bridges the DUB, [14] This Is My Quest • GROWsutra Psychedelic Poetry Bridges the DUB, [15] This Is My Quest • GROWsutra Psychedelic Poetry Bridges the DUB, [16] This Is My Quest • GROWsutra Psychedelic Poetry Bridges the DUB, [17] This Is My Quest • GROWsutra Ethically Psychedelic Gipsy JAZZ, [18] This Is My Quest • GROWsutra Ethically Psychedelic Gipsy JAZZ, [19] This Is My Quest • GROWsutra Ethically Psychedelic Gipsy JAZZ","2285005589, 2285005595, 2285005607, 2285005601, 2285005574, 2285005592, 2285005613, 2285005598, 2285005571, 2285005586, 2285005583, 2285005577, 2285005568, 2285005565, 2285005610, 2285005616, 2285005580, 2285005619, 2285005604",19308,143,0.740626,1:13:50,https://i1.sndcdn.com/artworks-qhqHRqMMeCjATzsp-RQ8fQQ-t500x500.png,https://i1.sndcdn.com/artworks-qhqHRqMMeCjATzsp-RQ8fQQ-t1080x1080.png,This Is My Quest,L-263,checked,,"Over an hour of gratitude with grit, across 19 tracks. Born with a fire that silence could not tame. This is the quest. With a wink to Jacques Brel. Over 18k plays and counting—clearly something landed. A rainbow in someone's cloud.",Bless: RAINBOWS (in my clouds),,,,2026-03-16T18:54:21Z,"DUBsutra, DUBsutra (Best Of), GLOWsutra : RAINBOWS (in my clouds), GROWsutra where we be brave, INDIEsutra, INDIEsutra (Best Of), JAZZsutra, JAZZsutra (Best Of)"
This Is What Dissent Looks Like Now - BLOWsutra (Revolution Ring) Jazz Indie LoFi Dream,https://soundcloud.com/bananasutra/sets/this-is-what-dissent-looks-like-now-blowsutra-revolution-ring-jazz-indie-lofi-dream,1,,BLOWsutra,"BURLESQUE,INDIE,JAZZ,LOFI","BURLESQUE,CABARET,GIPSY,HIP HOP,INDIE,JAZZ,LOFI,PSYCHEDELIC,PUNK,TRIP HOP",14,"[01] What Dissent Looks Like Now • BLOWsutra Post-Punk Piano Trip Hop Lo-Fi Burlesque JAZZ, [02] What Dissent Looks Like Now • BLOWsutra Post-Punk Trip Hop Lo-Fi Burlesque Piano JAZZ, [03] What Dissent Looks Like Now • BLOWsutra Post-Punk Piano Trip Hop Lo-Fi Burlesque JAZZ, [04] What Dissent Looks Like Now • BLOWsutra Post-Punk Piano Trip Hop Lo-Fi Burlesque JAZZ, [05] What Dissent Looks Like Now • BLOWsutra Post-Punk Piano Trip Hop Lo-Fi Burlesque JAZZ, [06] What Dissent Looks Like Now • BLOWsutra Post-Punk Tzigane Trip Hop Lo-Fi Burlesque JAZZ, [07] What Dissent Looks Like Now • BLOWsutra Post-Punk Gipsy Trip Hop Lo-Fi Burlesque INDIE, [08] What Dissent Looks Like Now • BLOWsutra Post-Punk Gipsy Trip Hop Lo-Fi Burlesque INDIE, [09] What Dissent Looks Like Now • BLOWsutra Post-Punk Gipsy Trip Hop Lo-Fi Burlesque INDIE, [10] What Dissent Looks Like Now • BLOWsutra Post-Punk Gipsy Trip Hop Lo-Fi Burlesque INDIE, [11] What Dissent Looks Like Now • BLOWsutra Psychedelic Hip Hop BRUH Cabaret Rap LOFI, [11] What Dissent Looks Like Now • BLOWsutra Psychedelic Hip Hop Bruh LOFI, [12] What Dissent Looks Like Now • BLOWsutra Psychedelic Hip Hop BRUH Cabaret Rap LOFI, [BONUS] What Dissent Looks Like Now • BLOWsutra Psychedelic Burlesque MamA-B-Cello Dream Cabaret INDIE","2255341607, 2255341625, 2255341598, 2255341622, 2255341613, 2255341634, 2255341616, 2255341601, 2255341610, 2255341628, 2255341604, 2255341595, 2255341619, 2255341631",18104,152,0.839593,0:55:10,https://i1.sndcdn.com/artworks-oX7ZY3z8JzrLVWyA-Iz5Tsg-t500x500.png,https://i1.sndcdn.com/artworks-oX7ZY3z8JzrLVWyA-Iz5Tsg-t1080x1080.png,What Dissent Looks Like Now,L-286,checked,,"A 14-track shadow-walk that stays wide awake through the circus. Dissent used to look different. Now it looks like this. Served in burlesque, indie, and jazz. Over 17k plays and counting—clearly something landed. Revolution as a daily practice.",Speak: REVOLT (now),,,,2026-01-27T21:09:22Z,"BLOWsutra, BLOWsutra : CENSOR(ed), BLOWsutra : REVOLT (now), BURLESQUEsutra (Best Of), INDIEsutra, INDIEsutra (Best Of), JAZZsutra, JAZZsutra (Best Of), LOFIsutra, LOFIsutra (Best Of)"
Time for Rebel Romance ☆ EPx6 ☆ BLOWsutra (Revolt Now) Cabaret,https://soundcloud.com/bananasutra/sets/time-for-rebel-romance-epx6-blowsutra-revolt-now-cabaret,1,,BLOWsutra,"BURLESQUE,DUB,INDIE,JAZZ,MANTRA,ROCK","BURLESQUE,CABARET,DUB,INDIE,JAZZ,MANTRA,PSYCHEDELIC,RAGGA,ROCK,TRIP HOP",6,"[01] Time for Rebel Romance ☆ BLOWsutra (Revolt Now) Oh Boy Psychedelic Accordion Circus BURLESQUE, [02] Time for Rebel Romance ☆ BLOWsutra (Revolt Now) Oh Boy Psychedelic Accordion Circus BURLESQUE, [03] Time for Rebel Romance ☆ BLOWsutra (Revolt Now) CAT Psychedelic Accordion Circus BURLESQUE, [04] Time for Rebel Romance ☆ BLOWsutra (Revolt Now) IBYN Psychedelic Piano Jazz BURLESQUE, [05] Time for Rebel Romance ☆ BLOWsutra (Revolt Now) Accordion Ragga Burlesque DUB, [06] Time for Rebel Romance ☆ BLOWsutra (Revolt Now) Alternative Mantra Indie Trip Hop(e) ROCK","2269276970, 2269276964, 2269276979, 2269276976, 2269276967, 2269276973",10906,94,0.861911,0:18:05,https://i1.sndcdn.com/artworks-FCpNyoKfIRn6bNzD-59cLWg-t500x500.png,https://i1.sndcdn.com/artworks-FCpNyoKfIRn6bNzD-59cLWg-t1080x1080.png,Time For Rebel Romance,L-265,checked,,"6 tracks of circus critique. History's spinning that wheel again. Time for a rebel romance. Served in burlesque, dub, and indie. Resonated: 10k plays and 92 likes so far. Revolution as a daily practice.",Speak: REVOLT (now),,,,2026-02-19T08:00:16Z,"BLOWsutra, BLOWsutra : REVOLT (now), BURLESQUEsutra, BURLESQUEsutra (Best Of), DUBsutra, DUBsutra (Best Of), GROWsutra : KIND(ness), QUACKsutra where we sing FU, ROCKsutra"
To Dream EP X8 | Jacques Brel Chanson Reimagined : Psychedelic French Poetry JAZZsutra X5,https://soundcloud.com/bananasutra/sets/the-quest-brel-poetry-jazz-remakes-x8,1,,GLOWsutra,JAZZ,"JAZZ,PSYCHEDELIC",8,"#1 The Quest • Jacques Brel Remake • Bananasutra French Accordion, #2 The Quest of an Unyielding Star (v3) • Jacques Brel Remake • Bananasutra Jazz, #3 The Quest of an Unyielding Star (v2) • Jacques Brel Remake • Bananasutra Jazz, #4 The Quest of an Unyielding Star (v1) • Jacques Brel Remake • Bananasutra Jazz, #5 Chasing an Unattainable Quest • Jacques Brel Remake • Bananasutra Chanson Delight, #6 The Quest of Unreachable Stars • Jacques Brel Remake • Bananasutra Chanson Delight, #7 To Chase an Unreachable Quest • Jacques Brel Remake • Bananasutra Chanson Delight, #8 Chasing Unattainable Stars • Jacques Brel Remake • Bananasutra Chanson Delight","1953531575, 1953531587, 1953531591, 1953531603, 1953531599, 1953531579, 1953531583, 1953531595",5705,61,1.069238,0:21:21,https://i1.sndcdn.com/artworks-QUpuRg3OOi3Qb9MF-h5LTAw-t500x500.png,https://i1.sndcdn.com/artworks-QUpuRg3OOi3Qb9MF-h5LTAw-t1080x1080.png,To Dream,L-266,checked,,"A 8-track glow-up that dares you to show up. The lyrics say ""Oops."" The silence says the rest. Jacques Brel walked in and stayed. Poetry as essential infrastructure.",Bless: POET(ry),,,,2024-11-09T00:48:07Z,"BURLESQUEsutra, BURLESQUEsutra (Best Of), FOLKsutra, GLOWsutra : POET(ry), GLOWsutra where gratitude feeds, JAZZsutra, JAZZsutra (Best Of), MANTRAsutra, ROCKsutra"
Too Hard · My Friend • FLOWsutra (Fly Like Water) Lullabies EPx2,https://soundcloud.com/bananasutra/sets/too-hard-flowsutra-epx2,1,,FLOWsutra,"LOFI,INDIE","LOFI,INDIE",2,"[01] Too Hard • Aldous Huxley • FLOWsutra (Fly Like Water) Lullaby Indie LOFI, [02] Too Hard • Aldous Huxley • FLOWsutra (Fly Like Water) A Cappella Indie JAZZ","2304640388, 2304640391",483,0,0.000000,0:06:05,https://i1.sndcdn.com/artworks-Ky48s5ZarF8xscUO-tegDyw-t500x500.png,https://i1.sndcdn.com/artworks-Ky48s5ZarF8xscUO-tegDyw-t1080x1080.png,"Too Hard, My Friend",L-267,checked,,"A 2-track luminous ride that goes where the music leads. You're trying too hard, my friend. The river doesn't try. It flows. Aldous Huxley walked in and stayed. Fly like water, land like truth.",Trust: FLY (like water),,,,2026-04-17T23:32:31Z,"FLOWsutra where time is space, JAZZsutra, LOFIsutra"
Trauma Begets Trauma - KNOWsutra Peace (not War) Piano Kitten Truth EPx5,https://soundcloud.com/bananasutra/sets/trauma-begets-trauma-knowsutra-peace-not-war-piano-kitten-truth-epx5,1,,KNOWsutra,INDIE,"GIPSY,INDIE",5,"[01] Trauma Begets Trauma • KNOWsutra Whimsical Gipsy Peace Kitten Dream Piano INDIE, [02] Trauma Begets Trauma • KNOWsutra Whimsical Gipsy Peace Kitten Dream Piano INDIE, [03] Trauma Begets Trauma • KNOWsutra Whimsical Gipsy Peace Kitten Dream Piano INDIE, [04] Trauma Begets Trauma • KNOWsutra Whimsical Gipsy Peace Kitten Dream Piano INDIE, [05] Trauma Begets Trauma • KNOWsutra Whimsical Gipsy Peace Kitten Dream Piano INDIE","2209323959, 2209323965, 2209323968, 2209323962, 2209323971",4339,34,0.783591,0:15:46,https://i1.sndcdn.com/artworks-O1DJ2yudziIuoAWo-vRdodg-t500x500.png,https://i1.sndcdn.com/artworks-O1DJ2yudziIuoAWo-vRdodg-t1080x1080.png,Trauma Begets Trauma,L-268,checked,,5 indie tracks that won't let you look away. Trauma begets trauma. The cycle ends when someone decides it does. The peace prayer that won't shut up.,Ask: PEACE (not war),,,,2025-11-09T01:54:36Z,"INDIEsutra (Best Of), JAZZsutra (Best Of), KNOWsutra : PEACE (not War), KNOWsutra where questions matter"
Trump Derangement Syndrome ™ EPx7,https://soundcloud.com/bananasutra/sets/trump-derangement-syndrome-epx7,1,,QUACKsutra,"BANJO,BURLESQUE,DUB,JAZZ,MANTRA","BANJO,BURLESQUE,DUB,JAZZ,MANTRA",7,"[01] Trump Derangement Syndrome ™ - Burlesque Cello INDIEsutra, [02] Trump Derangement Syndrome ™ Nom Nom - Dubby (High) JAZZ, [03] Trump Derangement Syndrome ™ - Bluesy Burlesque ROCKsutra, [04] Trump Derangement Syndrome ™ - Dubby (low) Dub FOLKsutra, [05] Trump Derangement Syndrome ™ - Banjo Booya BANJOsutra, [06] Trump Derangement Syndrome ™ Nom Nom - Dubby outlaw bluegrass BLUESsutra, [07] Trump Derangement Syndrome ™ - Bass Mantra BANJOsutra","2115596235, 2115596229, 2115596232, 2115596226, 2115596238, 2115596241, 2115596244",1400,16,1.142857,0:22:00,https://i1.sndcdn.com/artworks-Ys4zGlSmXhrD1HsT-Kvzuxg-t500x500.png,https://i1.sndcdn.com/artworks-Ys4zGlSmXhrD1HsT-Kvzuxg-t1080x1080.png,Trump Derangement Syndrome ™,L-269,checked,,"A 22-minute ride of circus critique, across 7 tracks. Symptoms include: knowing history, sneezing at hypocrisy, coughing at autocracy. You're not sick. He's just a dick. Served in banjo, burlesque, and dub. Quack quack. You know who you are.",Quack: DUCK (shady),,,,2025-06-18T17:12:28Z,"BANJOsutra, BLUESsutra, INDIEsutra, MANTRAsutra, QUACKsutra : DUCK (shady), QUACKsutra where we sing FU"
Trust No One EP x3 VOL.1 ☆ BLOWsutra Alternative Indie ROCK,https://soundcloud.com/bananasutra/sets/trust-no-one-ep-x3-vol1-blowsutra-alternative-indie-rock,1,,BLOWsutra,"INDIE,JAZZ,ROCK","INDIE,JAZZ,ROCK",3,"[1] Trust no one - BLOWsutra Suno JAZZ, [2] Trust no one - BLOWsutra Udio ROCK, [3] Trust no one - BLOWsutra Udio ROCK","2070580252, 2070580260, 2070580256",945,12,1.269841,0:06:33,https://i1.sndcdn.com/artworks-zo2LcEgQQvZyFMXS-Hip2cg-t500x500.png,https://i1.sndcdn.com/artworks-zo2LcEgQQvZyFMXS-Hip2cg-t1080x1080.png,Trust No One,L-270,checked,,"A 3-track dark bloom that stays wide awake through the circus. They told you to trust. Then they taught you why not to. A song about both. Served in indie, jazz, and rock. The apes are at it again.",Speak: APES (gone wrong),,,,2025-04-04T03:18:49Z,"BLOWsutra, BLOWsutra : APES (gone wrong), BLOWsutra : EGO (gone loco), INDIEsutra, JAZZsutra (Best Of), ROCKsutra, ROCKsutra (Best Of)"
Truth Don't Care ✗ EPx2 ✗ KNOWsutra Psychedelic Muse Cabaret,https://soundcloud.com/bananasutra/sets/truth-dont-care-epx2-knowsutra-psychedelic-muse-cabaret,1,,KNOWsutra,"BURLESQUE,JAZZ","BURLESQUE,CABARET,JAZZ,PSYCHEDELIC",2,"[01] Truth Don't Care ✗ KNOWsutra Bass JAZZ, [02] Truth Don't Care ✗ KNOWsutra Accordion BURLESQUE","2158333812, 2158333809",378,3,0.793651,0:06:52,https://i1.sndcdn.com/artworks-2pO2JGvoTeCfSURr-2A3VeA-t500x500.png,https://i1.sndcdn.com/artworks-2pO2JGvoTeCfSURr-2A3VeA-t1080x1080.png,Truth Don't Care,L-271,checked,,"2 burlesque and jazz tracks asking questions that sting. Truth don't care what you believe. Doesn't bow to gold or kings. Doesn't owe history a damn thing. Channeling Eckhart Tolle, obviously. The naked truth, served warm.",Ask: (Naked) TRUTH,,,,2025-08-24T02:48:49Z,"BURLESQUEsutra, JAZZsutra, KNOWsutra : (naked) TRUTH, KNOWsutra where questions matter"
Truth I Never Knew (Crushing on Bertrand) • KNOWsutra Acoustic Psychedelick Fusion EPx28,https://soundcloud.com/bananasutra/sets/truth-i-never-knew-knowsutra-epx28,1,,KNOWsutra,DUB,DUB,28,"[01] Truth I Never Knew (Crushing on Bertrand) • KNOWsutra Americana Bluegrass Banjo BLUES, [02] Truth I Never Knew (Crushing on Bertrand) • KNOWsutra Psychedelick Authentic Dubby FOLK, [03] Truth I Never Knew (Crushing on Bertrand) • KNOWsutra Psychedelick Authentic Dubby FOLK, [04] Truth I Never Knew (Crushing on Bertrand) • KNOWsutra Psychedelick Gipsy Arabesk Hop LOFI, [05] Truth I Never Knew (Crushing on Bertrand) • KNOWsutra Psychedelick Gipsy Arabesk Hop LOFI, [06] Truth I Never Knew (Crushing on Bertrand) • KNOWsutra Psychedelick Gipsy Arabesk Accordion Hop LOFI, [07] Truth I Never Knew (Crushing on Bertrand) • KNOWsutra Psychedelick Gipsy Arabesk Hop LOFI, [08] Truth I Never Knew (Crushing on Bertrand) • KNOWsutra Psychedelick Tzigane Fusion LOFI, [09] Truth I Never Knew (Crushing on Bertrand) • KNOWsutra Psychedelick Tzigane Fusion LOFI, [10] Truth I Never Knew (Crushing on Bertrand) • KNOWsutra Psychedelick Tzigane Fusion LOFI, [11] Truth I Never Knew (Crushing on Bertrand) • KNOWsutra Psychedelick F-Bomb Trip Hop Dub LOFI, [12] Truth I Never Knew (Crushing on Bertrand) • KNOWsutra Psychedelick F-Bomb Trip Hop Dub LOFI, [13] Truth I Never Knew (Crushing on Bertrand) • KNOWsutra Psychedelick F-Bomb Trip Hop Dub LOFI, [14] Truth I Never Knew (Crushing on Bertrand) • KNOWsutra Psychedelick Hop Hop Bruh LOF, [15] Truth I Never Knew (Crushing on Bertrand) • KNOWsutra Psychedelick Hop Hop Bruh LOFI, [16] Truth I Never Knew (Crushing on Bertrand) • KNOWsutra Psychedelick Gipsy Motorik INDIE, [17] Truth I Never Knew (Crushing on Bertrand) • KNOWsutra Psychedelick Gipsy Motorik INDIE, [18] Truth I Never Knew (Crushing on Bertrand) • KNOWsutra Psychedelick Gipsy Motorik INDIE, [19] Truth I Never Knew (Crushing on Bertrand) • KNOWsutra Psychedelick Gipsy Motorik INDIE, [20] Truth I Never Knew (Crushing on Bertrand) • KNOWsutra Psychedelick Gipsy Motorik INDIEwav, [21] Truth I Never Knew (Crushing on Bertrand) • KNOWsutra Psychedelick Gipsy Motorik INDIE, [22] Truth I Never Knew (Crushing on Bertrand) • KNOWsutra Psychedelick Gipsy Motorik INDIE, [23] Truth I Never Knew (Crushing on Bertrand) • KNOWsutra Gipsy Mama Ragga Circus DUB, [24] Truth I Never Knew (Crushing on Bertrand) • KNOWsutra Psychedelick Ragga Mama Circus DUB, [25] Truth I Never Knew (Crushing on Bertrand) • KNOWsutra Psychedelick Ragga Mama Circus DUB, [26] Truth I Never Knew (Crushing on Bertrand) • KNOWsutra Psychedelick Ragga Mama Circus DUB, [27] Truth I Never Knew (Crushing on Bertrand) • KNOWsutra Psychedelick Ragga Mama Circus DUB, [28] Truth I Never Knew (Crushing on Bertrand) • KNOWsutra Psychedelick Gipsy Fado Techno World INDIE","2364209942, 2364209912, 2364209939, 2364209915, 2364209921, 2364209927, 2364209930, 2364209924, 2364209933, 2364209918, 2364209936, 2364209975, 2364209954, 2364209963, 2364209990, 2364209948, 2364209951, 2364209972, 2364209993, 2364209957, 2364209969, 2364209966, 2364209945, 2364209987, 2364209981, 2364209984, 2364209978, 2364209960",7089,84,1.184934,1:49:44,https://i1.sndcdn.com/artworks-USjXE89RQzptyvXI-fGzBJg-t500x500.jpg,https://i1.sndcdn.com/artworks-USjXE89RQzptyvXI-fGzBJg-t1080x1080.jpg,Truth I Never Knew (Crushing on Bertrand),L-272,checked,,"28 tracks about that one day I finally understood most people would rather believe what feels comfortable than confront an uncomfortable truth, myself included... until I met Bertrand.",Ask: BERTRAND (knows),,,,2026-07-20T06:51:16Z,"BLUESsutra, DUBsutra, DUBsutra (Best Of), FOLKsutra, INDIEsutra, KNOWsutra : BERTRAND (mon chéri), KNOWsutra where questions matter, LOFIsutra"
Tune in the Tender ☲ #GROWsutra EPx9,https://soundcloud.com/bananasutra/sets/tune-in-the-tender-growsutra-epx9,1,,GROWsutra,"DUB,INDIE,LOFI","DUB,INDIE,LOFI",9,"[01] Tune in the Tender • LOFI BLUESsutra, [02] Tune in the Tender • LOFI JAZZsutra, [03] Tune in the Tender • Jazzy DUBsutra, [04] Tune in the Tender • Indie DUB, [05] Tune in the Tender • Jazzy DUBsutra, [06] Tune in the Tender • Jazzy DUBsutra, [07] Tune in the Tender • Cello INDIEsutra, [08] Tune in the Tender • Cello Drum Howl MANTRAsutra, [09] Tune in the Tender • Cello Indie Howl MANTRAsutra","2117120607, 2117120613, 2117120595, 2117120598, 2117120601, 2117120616, 2117120610, 2117120604, 2117120619",2946,32,1.086219,0:36:05,https://i1.sndcdn.com/artworks-ayo6PDrn2o8EClWe-wyHddg-t500x500.png,https://i1.sndcdn.com/artworks-ayo6PDrn2o8EClWe-wyHddg-t1080x1080.png,Tune In The Tender,L-273,checked,,"A solid half-hour of beauty that bleeds, across 9 tracks. I still care. I still cry. That's why I'm still here. Inspired by Herman Hesse. Kindness as rebellion.",Dare: KIND(ness),,,,2025-06-21T09:02:24Z,"BLUESsutra, BLUESsutra (Best Of), DUBsutra, DUBsutra (Best Of), GLOWsutra : RAINBOWS (in my clouds), GLOWsutra where gratitude feeds, GROWsutra : KIND(ness), HIDDEN PEELS, INDIEsutra, INDIEsutra (Best Of), JAZZsutra, JAZZsutra (Best Of), LOFIsutra (Best Of), MANTRAsutra"
Two Things · Darling • EPx11 • KNOWsutra (Bertrand) Conscious Gipsy LoFi Blues INDIE,https://soundcloud.com/bananasutra/sets/two-things-darling-epx11-knowsutra-bertrand-conscious-gipsy-lofi-blues-indie,1,,KNOWsutra,"BANJO,BLUES,DUB,INDIE,LOFI","BANJO,BLUES,DUB,FLAMENCO,GIPSY,INDIE,LOFI,PSYCHEDELIC,TRIP HOP",11,"[01] Two Things, Darling • KNOWsutra Bertrand (Knows) Tzigane Peace Conscious Fusion Indie LOFI, [02] Two Things, Darling • KNOWsutra Bertrand (Knows) Tzigane Peace Conscious Fusion Indie LOFI, [03] Two Things, Darling • KNOWsutra Bertrand (Knows) Existential Cello Trip Hop(e) LOFI, [04] Two Things, Darling • KNOWsutra Bertrand (Knows) La Poesita Gipsy Flamenco Dub INDIE, [05] Two Things, Darling • KNOWsutra Bertrand (Knows) La Poesita Gipsy Flamenco Dub INDIE, [06] Two Things, Darling • KNOWsutra Bertrand (Knows) La Poesita Gipsy Flamenco Dub INDIE, [07] Two Things, Darling • KNOWsutra Bertrand (Knows) La Poesita Gipsy Flamenco Dub INDIE, [08] Two Things, Darling • KNOWsutra Bertrand (Knows) Existential Poetry Mama DUB, [09] Two Things, Darling • KNOWsutra Bertrand (Knows) Psychedelic Destiny Banjo BLUES, [10] Two Things, Darling • KNOWsutra Bertrand (Knows) Psychedelic Destiny Banjo BLUES, [11] Two Things, Darling • KNOWsutra Bertrand (Knows) Psychedelic Destiny Banjo BLUES","2240112722, 2240112716, 2240112731, 2240112728, 2240112734, 2240112743, 2240112737, 2240112740, 2240112725, 2240112719, 2240112746",8440,75,0.888626,0:43:01,https://i1.sndcdn.com/artworks-arUtRqgFTtrbCyLv-f6mbwA-t500x500.png,https://i1.sndcdn.com/artworks-arUtRqgFTtrbCyLv-f6mbwA-t1080x1080.png,"Two Things, Darling",L-274,checked,,"Nearly an hour of curious reckoning, across 11 tracks. Two things, darling: the world is mad, and kindness is the only sane response. Get the facts right. Keep love in sight. Bertrand Russell walked in and stayed. One of the heavier hitters: 8k+ plays. Bertrand would approve. Probably.",Ask: BERTRAND (knows),,,,2026-01-01T22:37:09Z,"BLUESsutra, BLUESsutra (Best Of), DUBsutra, DUBsutra (Best Of), HIDDEN PEELS, INDIEsutra, INDIEsutra (Best Of), JAZZsutra (Best Of), KNOWsutra : BERTRAND (mon chéri), KNOWsutra where questions matter, LOFIsutra"
Untamed EP X3,https://soundcloud.com/bananasutra/sets/untamed-ep-x3,1,,GROWsutra,INDIE,INDIE,3,"Belief Untamed, Just a Heart that Stays the Same, No Rebelion, No Shame","1984707755, 1984707763, 1984707767",534,2,0.374532,0:07:37,https://i1.sndcdn.com/artworks-h4WvLIv6GtEpPvLT-kyZycQ-t500x500.png,https://i1.sndcdn.com/artworks-h4WvLIv6GtEpPvLT-kyZycQ-t1080x1080.png,Untamed,L-276,checked,,"A 3-track sun-drunk hymn that dares you to show up. Born untamed. Nobody chooses the path they roam. The sound: indie. Holy questions, no holy answers.",Dare: GOD (etc.),,,,2024-12-14T20:25:26Z,"BANJOsutra, BLUESsutra, BOWsutra the last of 7 sutras · it's divine <3, FOLKsutra, GROWsutra : GOD (etc), Questions for the (kind) POPE in the Sky"
Up a San Francisco Hill EP(x4) VOL.2,https://soundcloud.com/bananasutra/sets/up-a-san-francisco-hill-epx4-vol2,2,,GLOWsutra,DUB,DUB,4,"Up a San Francisco Hill • dubby DUBsutra, Up a San Francisco Hill • dubby FOLKsutra, Up a San Francisco Hill • jazzy INDIEsutra, Up a San Francisco Hill • Jazzy DUB(step)sutra","2021229413, 2021246561, 2021247549, 2021229409",753,9,1.195219,0:13:31,https://i1.sndcdn.com/artworks-pNf3bEZAmay75ojX-AjKkkg-t500x500.png,https://i1.sndcdn.com/artworks-pNf3bEZAmay75ojX-AjKkkg-t1080x1080.png,Up a San Francisco Hill,L-277,checked,,"4 tracks of beauty that bleeds. Hippies puffing, poets dreaming, tambourines, hair flowers flying. Sundays on a San Francisco hill, and nowhere else to be. With a wink to Jacques Brel. Vol. 2, because one wasn't enough. A rainbow in someone's cloud.",Bless: RAINBOWS (in my clouds),,,,2025-01-29T19:15:53Z,"GLOWsutra : RAINBOWS (in my clouds), GLOWsutra where gratitude feeds, INDIEsutra"
Up a San Francisco Hill • Bananasutra Heart Beats,https://soundcloud.com/bananasutra/sets/up-a-san-francisco-hill-bananasutra-heart-beats,1,,GLOWsutra,DUB,DUB,8,"Up A San Francisco Hill • BURLESQUEsutra • Humble Hippie Dub Dub Drums, Up A San Francisco Hill • INDIEsutra • Humble Hippie Dub Dub House, Up A San Francisco Hill • DUBsutra • Humble Hippie Dub Dub Dreams, Up A San Francisco Hill • MANTRAsutra • Humble Hippie Drum Drum Beat","2018851181, 2018851133, 2018851165, 2018851153",799,3,0.375469,0:12:52,https://i1.sndcdn.com/artworks-GDiJpggFg27JRXo9-ZnhHqQ-t500x500.jpg,https://i1.sndcdn.com/artworks-GDiJpggFg27JRXo9-ZnhHqQ-t1080x1080.jpg,Up a San Francisco Hill,L-277,checked,,"8 tracks of beauty that bleeds. Hippies puffing, poets dreaming, tambourines, hair flowers flying. Sundays on a San Francisco hill, and nowhere else to be. With a wink to Jacques Brel. A rainbow in someone's cloud.",Bless: RAINBOWS (in my clouds),,,,2025-01-26T23:36:26Z,"BURLESQUEsutra, DUBsutra, GLOWsutra where gratitude feeds, INDIEsutra, MANTRAsutra"
Waldo's Fascist Tango EPx3 VOL. 1 • Burlesque JAZZ,https://soundcloud.com/bananasutra/sets/waldos-fascist-tango-epx3-vol-1-blowsutra-burlesque,1,,GROWsutra,"BURLESQUE,JAZZ","BURLESQUE,JAZZ",3,"[1] Waldo's Fascist Tango - CATjazz BURLESQUE, [2] Waldo's Fascist Tango - HATjazz BURLESQUE, [3] Waldo's Fascist Tango - Oh Boy Accordion BURLESQUE","2071884156, 2071884160, 2071884152",696,7,1.005747,0:10:30,https://i1.sndcdn.com/artworks-c3L1ZrA7GdTEUNpD-srMlmg-t500x500.png,https://i1.sndcdn.com/artworks-c3L1ZrA7GdTEUNpD-srMlmg-t1080x1080.png,Waldo's Fascist Tango (Down We Go),L-281,checked,,"3 burlesque and jazz tracks disguised as music. The ballroom is lit. The leaders are waltzing. Down we go. A nod to Ralph Waldo Emerson. Holy questions, no holy answers.",Dare: GOD (etc.),,,,2025-04-06T01:10:44Z,"BLOWsutra : APES (gone wrong), BURLESQUEsutra, BURLESQUEsutra (Best Of), GROWsutra : GOD (etc), QUACKsutra where we sing FU, Questions for the (kind) POPE in the Sky"
We Live Not By Lies ⚬ EPx12 ⚬ GROWsutra Revolution Ring,https://soundcloud.com/bananasutra/sets/we-live-not-by-lies-epx12-growsutra-revolution-ring,1,,GROWsutra,"BURLESQUE,DUB,INDIE,LOFI,ROCK","BURLESQUE,DUB,GIPSY,INDIE,LOFI,PSYCHEDELIC,PUNK,ROCK",12,"[01] We Live Not By Lies - GROWsutra Gipsy Poetry DUB, [02] We Live Not By Lies - GROWsutra Pyschedelic Cello Dream Dub INDIE, [03] We Live Not By Lies - GROWsutra Psychedelic Piano Cello INDIE, [04] We Live Not By Lies - GROWsutra Psychedelic Piano Cello INDIE, [05] We Live Not By Lies - GROWsutra Tzigane Arabesk Fusion Indie LOFI, [06] We Live Not By Lies - GROWsutra Tzigane Arabesk Fusion Indie LOFI, [07] We Live Not By Lies - GROWsutra Tzigane Arabesk Fusion Indie LOFI, [08] We Live Not By Lies - GROWsutra Tzigane Arabesk Fusion Indie LOFI, [09] We Live Not By Lies - GROWsutra Tzigane Arabesk Fusion Indie LOFI, [10] We Live Not By Lies - GROWsutra Post-Punk Rock Bar Girl BURLESQUE, [11] We Live Not By Lies - GROWsutra IBYN Post-Punk BURLESQUE ROCK, [12] We Live Not By Lies - GROWsutra IBYN Post-Punk BURLESQUE ROCK","2211706571, 2211706586, 2211706580, 2211706565, 2211706562, 2211706556, 2211706574, 2211706568, 2211706583, 2211706589, 2211706559, 2211706577",11228,106,0.944068,0:34:57,https://i1.sndcdn.com/artworks-aUUxzKo6oEXsOIfq-vtqUJA-t500x500.png,https://i1.sndcdn.com/artworks-aUUxzKo6oEXsOIfq-vtqUJA-t1080x1080.png,We Live Not By Lies,L-282,checked,,"A solid half-hour of uncut honesty, across 12 tracks. We live not by lies. Solzhenitsyn said it. It's still true. Inspired by Aleksandr Solzhenitsyn. Resonated: 11k plays and 107 likes so far. Dare to care. That's the whole thing.",Dare: DARE (to care),,,,2025-11-13T07:30:08Z,"BLOWsutra : REVOLT (now), BURLESQUEsutra, BURLESQUEsutra (Best Of), DUBsutra, DUBsutra (Best Of), GROWsutra : DARE (to care), GROWsutra where we be brave, HIDDEN PEELS, INDIEsutra, INDIEsutra (Best Of), KNOWsutra : (naked) TRUTH, LOFIsutra, ROCKsutra, ROCKsutra (Best Of)"
We Remember What (We Remember What) We Feel☉EPx5 INDIE GROWsutra,https://soundcloud.com/bananasutra/sets/we-remember-what-we-remember-what-we-feelepx5-indie-growsutra,1,,GROWsutra,INDIE,INDIE,5,"we remember what we remember when we feel 1, we remember what we remember when we feel 2, we remember what we remember when we feel 3, we remember what we remember when we feel 4, we remember what we remember when we feel 5","2106690216, 2106690222, 2106690225, 2106690219, 2106690213",1442,37,2.565881,0:15:54,https://i1.sndcdn.com/artworks-InO7MMy9vHYpBdDo-YcZoDQ-t500x500.png,https://i1.sndcdn.com/artworks-InO7MMy9vHYpBdDo-YcZoDQ-t1080x1080.png,We Remember What (We Remember What) We Feel☉,L-283,checked,,5 indie tracks asking questions that sting. They say “empathy is weakness” because feeling makes you question what they can’t afford to answer... Dare to care. That's the whole thing.,Dare: DARE (to care),,,,2025-06-02T23:28:12Z,"GROWsutra : DARE (to care), GROWsutra where we be brave, HIDDEN PEELS, INDIEsutra, INDIEsutra (Best Of), MANTRAsutra (Best Of)"
We're Tiny Specks · Right • BOWsutra,https://soundcloud.com/bananasutra/sets/were-tiny-specks-right-bowsutra-epx11,1,,BOWsutra,"LOFI,DUB,INDIE","LOFI,DUB,INDIE,PSYCHEDELIC,GIPSY",11,"[01] We're Tiny Specks, Right • BOWsutra (Cosmic Banana) Psychedelick Indie Hop Hop LOFI, [02] We're Tiny Specks, Right • BOWsutra (Cosmic Banana) Psychedelick Indie Hop Hop LOFI, [03] We're Tiny Specks, Right • BOWsutra (Cosmic Banana) Psychedelick Indie Hop Hop LOFI, [04] We're Tiny Specks, Right • BOWsutra (Cosmic Banana) Psychedelick Arabesk Hop Indie LOFI, [05] We're Tiny Specks, Right • BOWsutra (Cosmic Banana) Psychedelick Arabesk Hop Indie LOFI 2, [06] We're Tiny Specks, Right • BOWsutra (Cosmic Banana) Psychedelick Indie Cello LOFI, [07] We're Tiny Specks, Right • BOWsutra (Cosmic Banana) Psychedelick Acoustic DUB, [08] We're Tiny Specks, Right • BOWsutra (Cosmic Banana) Psychedelick Acoustic DUB, [09] We're Tiny Specks, Right • BOWsutra (Cosmic Banana) Psychedelick Motorik INDIE, [10] We're Tiny Specks, Right • BOWsutra (Cosmic Banana) Psychedelick Motorik INDIE, [11] We're Tiny Specks, Right • BOWsutra (Cosmic Banana) Psychedelick Motorik INDIE","2301494084, 2301494105, 2301494087, 2301494081, 2301494093, 2301494090, 2301494108, 2301494099, 2301494111, 2301494102, 2301494096",10009,119,1.188930,0:25:36,https://i1.sndcdn.com/artworks-iSBnDzZ6pNZ2thIT-zteX6Q-t500x500.png,https://i1.sndcdn.com/artworks-iSBnDzZ6pNZ2thIT-zteX6Q-t1080x1080.png,"We’re Tiny Specks, Right?",L-359,checked,checked,"Eleven tracks of cosmic shrug and chosen care. Carl Sagan said we're tiny specks in a sea of stars; Banana asks the follow-up: if nothing out there is keeping score, what do we choose to care about? Psychedelic hop, dreamy dub, trippy motorik, drifting in space. The whole EP loops toward one word: care.",Bow: Cosmic Bananas,,,,2026-04-13T02:45:07Z,"BOWsutra the last of 7 sutras · it's divine <3, DUBsutra, DUBsutra (Best Of), HIDDEN PEELS, INDIEsutra, INDIEsutra (Best Of), LOFIsutra, LOFIsutra (Best Of)"
Wet (Prickly) Peaches vol.2,https://soundcloud.com/bananasutra/sets/wet-prickly-peaches-vol2,2,,FLOWsutra,BLUES,BLUES,9,"Wet Peaches • Cello INDIEsutra, Wet Peaches • Cello INDIEsutra (1), Wet Peaches • Cello INDIEsutra (2), Wet Peaches • Cello INDIEsutra (3), Wet Peaches • DUBsutra (1), Wet Peaches • DUBsutra (2), Wet Peaches • DUBsutra (3), Wet Peaches • JAZZsutra, Wet Peaches • Blues BANJOsutra","2029683436, 2029683528, 2029683492, 2029683456, 2029683404, 2029683356, 2029683308, 2029683260, 2029683560",2109,33,1.564723,0:27:28,https://i1.sndcdn.com/artworks-y6GNuYSUFwSvEtI4-VH6lnQ-t500x500.jpg,https://i1.sndcdn.com/artworks-y6GNuYSUFwSvEtI4-VH6lnQ-t1080x1080.jpg,Wet (Prickly) Peaches vol.2,L-285,checked,,"A solid half-hour of gleeful absurdity, across 9 tracks. What Jefferson Airplane would sound like as a haunting psychedelic ode to radical intimacy. Vol. 2, because some songs are cheekier than others. Served in blues. Volume 2 hits different. Where trust gets tender.","Trust: WET (my friend),EP: Peachy",,,,2025-02-08T23:13:28Z,"BANJOsutra, BLUESsutra, BLUESsutra (Best Of), DUBsutra, FLOWsutra : WET (my friend), INDIEsutra, JAZZsutra, SHOWsutra where bananas play"
What It's About - Blues Dub Murica Mantra EPx7,https://soundcloud.com/bananasutra/sets/what-its-about-blues-dub-murica-mantra-epx7,1,,BLOWsutra,"BLUES,DUB,MANTRA","BLUES,DUB,MANTRA",7,"[01] What It's About - BLUESsutra, [02] What It's About - BLUESsutra, [03] What It's About - INDIEsutra, [04] What It's About - DUBsutra, [05] What It's About - DUBsutra, [06] What It's About - Drum MANTRAsutra, [07] What It's About - Drum MANTRAsutra","2107318947, 2107318959, 2107318965, 2107318962, 2107318950, 2107318956, 2107318953",1500,21,1.400000,0:24:28,https://i1.sndcdn.com/artworks-GLU0pK07IFyP9sOF-R4l6cg-t500x500.jpg,https://i1.sndcdn.com/artworks-GLU0pK07IFyP9sOF-R4l6cg-t1080x1080.jpg,What It's About,L-288,checked,,"A 7-track sun-drunk hymn that stares history in the face. It's not about you or me. It's about the wounds nobody named. The sound: blues, dub, and mantra. The peace prayer that won't shut up.",Ask: PEACE (not war),,,,2025-06-04T01:10:00Z,"BLOWsutra, BLUESsutra, BLUESsutra (Best Of), GROWsutra : DARE (to care), INDIEsutra, MANTRAsutra, QUACKsutra where we sing FU"
What It's About • Vol. 02 EPx6 • BLOWsutra Revolution Ring,https://soundcloud.com/bananasutra/sets/what-its-about-vol-02-epx6-blowsutra-revolution-ring,2,,KNOWsutra,"BANJO,BLUES,BURLESQUE,JAZZ","BANJO,BLUES,BURLESQUE,JAZZ,PSYCHEDELIC,TRIP HOP",6,"[01] What It's About • Vol. 02 • BLOWsutra Revolution Ring Piano Jazz BURLESQUE, [02] What It's About • Vol. 02 • BLOWsutra Revolution Ring Piano Jazz BURLESQUE, [03] What It's About • Vol. 02 • BLOWsutra Revolution Ring Piano Jazz BURLESQUE, [04] What It's About • Vol. 02 • BLOWsutra Revolution Ring Psychedelic Piano Trip Hop Blues JAZZ, [05] What It's About • Vol. 02 • BLOWsutra Revolution Ring Psychedelic BANJO Trip Hop Blues JAZZ, [06] What It's About • Vol. 02 • BLOWsutra Revolution Ring Psychedelic Banjo Trip Hop Blues JAZZ","2216245640, 2216245637, 2216245649, 2216245643, 2216245634, 2216245646",5039,75,1.488391,0:25:11,https://i1.sndcdn.com/artworks-f5X1h7BNCNHQw6au-Qj1DyQ-t500x500.png,https://i1.sndcdn.com/artworks-f5X1h7BNCNHQw6au-Qj1DyQ-t1080x1080.png,What It's About,L-288,checked,,"A 25-minute ride of uncut honesty, across 6 tracks. It's not about you or me. It's about the wounds nobody named. The sound: banjo, blues, and burlesque. Volume 2 hits different. The peace prayer that won't shut up.",Ask: PEACE (not war),,,,2025-11-20T22:24:13Z,"BLOWsutra, BURLESQUEsutra (Best Of), JAZZsutra (Best Of), KNOWsutra : PEACE (not War)"
What the Mirror Said (Reste Lucide) - GLOWsutra JAZZ,https://soundcloud.com/bananasutra/sets/what-the-mirror-said-reste-lucide-glowsutra-jazz,1,,GROWsutra,"BURLESQUE,INDIE,JAZZ","BURLESQUE,INDIE,JAZZ",5,"What the Mirror Said (Reste Lucide) • Lucille Clifton • GLOWsutra Lucide French JAZZ, What the Mirror Said (Reste Lucide) • Lucille Clifton • GLOWsutra Radiance French JAZZ, What the Mirror Said (Reste Lucide) • Lucille Clifton • GLOWsutra Believe French INDIE, What the Mirror Said (Reste Lucide) • Lucille Clifton • GLOWsutra This Light French JAZZ, What the Mirror Said (Reste Lucide) • Lucille Clifton • GLOWsutra Miroir Oh Miroir French BURLESQUE","2136264261, 2136264267, 2136264270, 2136264273, 2136264264",772,7,0.906736,0:18:38,https://i1.sndcdn.com/artworks-VQkWPBpI3EhvPQjd-JaXiYg-t500x500.png,https://i1.sndcdn.com/artworks-VQkWPBpI3EhvPQjd-JaXiYg-t1080x1080.png,What the Mirror Said (Reste Lucide),L-290,checked,,"A 18-minute ride of beauty that bleeds, across 5 tracks. Un hommage à Lucille Clifton — en français. T'es un feu, un fleuve, une immensité. Reste lucide. Burlesque, indie, and jazz grooves from end to end. En français, évidemment. Kindness as rebellion.",Dare: KIND(ness),,,,2025-07-25T08:08:38Z,"BURLESQUEsutra, FRENCHsutra oui oui · sacrebleu, GLOWsutra where gratitude feeds, GROWsutra : KIND(ness), JAZZsutra, JAZZsutra (Best Of), OUI OUI : Pardon (my French)"
What's F-A-S-C-I-S-T? EPx8 VOL. 1 ☆ BLOWsutra JAZZ FOLK Fusion,https://soundcloud.com/bananasutra/sets/whats-f-a-s-c-i-s-t-epx9-vol-1-blowsutra-jazz-folk-fusion,1,,BLOWsutra,"BURLESQUE,FOLK,JAZZ,LOFI","BURLESQUE,COUNTRY,FOLK,JAZZ,LOFI",8,"[1] What's Fascist - My song is a little bit Snarky (misscheeky) - FOLK, [2] What's Fascist - My song is a little bit Snarky (CATjazz) - BURLESQUE, [3] What's Fascist - My song is a little bit Quirky (LOFIstoryteller) - JAZZ, [4] What's Fascist - My song is a little bit Quirky [AD] - LOFI, [5] What's Fascist - My Country's got a new Daddy (IBYN) - FOLK, [6] What's Fascist - My Country's got a new Daddy (shewannaknow) - JAZZ LOFI, [7] What's F-A-S-C-I-S-T  Welcome to the State of the not so Free (psyTenor) - BURLESQUE, [8] What's F-A-S-C-I-S-T  Welcome to the State of the not so Free (AD) - JAZZ LOFI","2070512072, 2070512040, 2070512056, 2070512060, 2070512036, 2070512048, 2070512052, 2070512064",1563,11,0.703775,0:25:17,https://i1.sndcdn.com/artworks-ovG5pHzgSSHWXS4C-9duL4w-t500x500.png,https://i1.sndcdn.com/artworks-ovG5pHzgSSHWXS4C-9duL4w-t1080x1080.png,What's F-A-S-C-I-S-T?,L-292,checked,,"8 tracks of democracy in distress. F is for... wait, let's spell it out slowly. Served in burlesque, folk, and jazz. The naked truth, served warm.",Ask: (Naked) TRUTH,,,,2025-04-04T00:41:21Z,"BLOWsutra, BLOWsutra : CENSOR(ed), BURLESQUEsutra, FOLKsutra, FOTUS CIRCUS Playlist An American Freaks Show, GROWsutra where we be brave, JAZZsutra, LOFIsutra, QUACKsutra where we sing FU"
When Did Seduction Become so Untrue? EPx16 Vol. 02 ䷶ KNOWsutra Flamenco Techno,https://soundcloud.com/bananasutra/sets/when-did-seduction-become-so-untrue-how-do-kids-learn-now-epx16-vol-02-knowsutra-flamenco-techno,1,,KNOWsutra,"INDIE,WORLD","FADO,FLAMENCO,GIPSY",16,"[01] How Do Kids Learn? KNOWsutra Gipsy Fado Flamenco Techno WORLD 4, [02] How Do Kids Learn? KNOWsutra Gipsy Fado Flamenco Techno WORLD, [03] How Do Kids Learn? KNOWsutra Gipsy Fado Flamenco Techno WORLD, [04] How Do Kids Learn KNOWsutra Gipsy Fado Flamenco Techno WORLD, [05] How Do Kids Learn KNOWsutra Gipsy Fado Flamenco Techno WORLD, [06] How Do Kids Learn KNOWsutra Gipsy Fado Flamenco Techno WORLD, [07] How Do Kids Learn KNOWsutra Gipsy Fado Flamenco Techno WORLD, [08] How Do Kids Learn KNOWsutra Gipsy Fado Flamenco Techno WORLD 2, [09] How Do Kids Learn KNOWsutra Gipsy Fado Flamenco Techno WORLD, [10] How Do Kids Learn KNOWsutra Gipsy Fado Flamenco Techno WORLD 10, [11] How Do Kids Learn KNOWsutra Gipsy Fado Flamenco Techno Arabesk WORLD 11, [12] How Do Kids Learn KNOWsutra Gipsy Fado Flamenco Techno Arabesk WORLD, [13] How Do Kids Learn KNOWsutra Gipsy Fado Flamenco Techno Arabesk WORLD 13, [14] How Do Kids Learn? KNOWsutra Gipsy Fado Flamenco Techno Arabesk WORLD, [15] How Do Kids Learn KNOWsutra Gipsy Fado Flamenco Techno Arabesk WORLD, [16] How Do Kids Learn KNOWsutra Gipsy Fado Flamenco Techno Arabesk WORLD","2151723270, 2151723249, 2151723243, 2151723267, 2151723255, 2151723288, 2151723276, 2151723252, 2151723246, 2151723261, 2151723279, 2151723273, 2151723264, 2151723258, 2151723282, 2151723285",3422,21,0.613676,1:12:03,https://i1.sndcdn.com/artworks-vJJyHyvScNYFs8IL-ASDhig-t500x500.png,https://i1.sndcdn.com/artworks-vJJyHyvScNYFs8IL-ASDhig-t1080x1080.png,When Did Seduction Become so Untrue?,L-293,checked,,"A 16-track shadow-walk that refuses to stop asking why. Track 1000 on SoundCloud. A milestone song asking: when did consent become a ruse, and liberty a cover for contempt? A nod to Lucille Clifton. The naked truth, served warm.",Ask: (Naked) TRUTH,,,,2025-08-12T02:17:39Z,"INDIEsutra (Best Of), KNOWsutra : (naked) TRUTH, KNOWsutra where questions matter"
When We Duende (All Night) EPx9 ☯ DUB + BURLESQUEsutra,https://soundcloud.com/bananasutra/sets/when-we-duende-all-night-epx9-dub-burlesquesutra,1,,SHOWsutra,"BURLESQUE,DUB,JAZZ","BURLESQUE,DUB,JAZZ",9,"When We Duende 1 - FLOWsutra DUB, When We Duende 2 - FLOWsutra DUB, When We Duende 3 - FLOWsutra DUB, When We Duende 4 - SHOWsutra JAZZ DUB, When We Duende 5 - SHOWsutra BURLESQUE, When We Duende 6 - SHOWsutra BURLESQUE, When We Duende 7 - SHOWsutra BURLESQUE, When We Duende 8 - SHOWsutra BURLESQUE, When We Duende 9 - SHOWsutra BURLESQUE","2113230138, 2113230120, 2113230123, 2113230117, 2113230126, 2113230114, 2113230129, 2113230132, 2113230135",2474,21,0.848828,0:29:29,https://i1.sndcdn.com/artworks-9BOw1039glUsyHSi-RcOVWw-t500x500.png,https://i1.sndcdn.com/artworks-9BOw1039glUsyHSi-RcOVWw-t1080x1080.png,When We Duende (All Night),L-294,checked,,"A 9-track glow-up that says thank you with its whole chest. Eyes closed tight, finding the light. Blessed be fools who are grateful. When we duende, all night. The sound: burlesque, dub, and jazz. Where trust gets tender.",Trust: WET (my friend),,,,2025-06-14T09:24:26Z,"BURLESQUEsutra, DUBsutra, DUBsutra (Best Of), FLOWsutra : WET (my friend), HIDDEN PEELS, JAZZsutra"
When We Duende · Encore ★ Arabesk Fado Soul EPx2 VOL.2,https://soundcloud.com/bananasutra/sets/when-we-duende-encore-arabesk-fado-soul-epx2-vol2,1,,FLOWsutra,INDIE,"FADO,SOUL",2,"When We Duende, Encore 1 ★ Arabesk Fado Soul, When We Duende, Encore 2 ★ Arabesk Fado Soul","2114156913, 2114156916",449,4,0.890869,0:07:52,https://i1.sndcdn.com/artworks-2HTk9xJWFp1O434r-CXIyuA-t500x500.png,https://i1.sndcdn.com/artworks-2HTk9xJWFp1O434r-CXIyuA-t1080x1080.png,When We Duende (Encore),L-295,checked,,"2 tracks of beauty that bleeds. #censored. Because when consciousness longs for tenderness, imagination always matters more. Served in indie. Where trust gets tender.",Trust: WET (my friend),,,,2025-06-16T11:25:37Z,"FLOWsutra : WET (my friend), LOFIsutra"
Where Hope Expires ℧ EPx8 VOL.02,https://soundcloud.com/bananasutra/sets/where-hope-expires-epx8-vol02,1,,GROWsutra,"DUB,FOLK,INDIE,JAZZ","DUB,FOLK,INDIE,JAZZ",8,"Where Hope Expires - dem sed Indie DUB, Where Hope Expires - dem sed Dub INDIE FOLK, Where Hope Expires - String Me Jazzy INDIE, Where Hope Expires - Queen of Authentic FOLK, Where Hope Expires - Piano CAT JAZZ, Where Hope Expires - Capela pbgal JAZZ, Where Hope Expires - Rebound Dub JAZZ, Where Hope Expires - She Wanna Know Capela JAZZ","2082830316, 2082830301, 2082830298, 2082830307, 2082830295, 2082830310, 2082830313, 2082830304",1768,21,1.187783,0:26:33,https://i1.sndcdn.com/artworks-RDHQvbzOVwhs5g5O-y1W0yw-t500x500.png,https://i1.sndcdn.com/artworks-RDHQvbzOVwhs5g5O-y1W0yw-t1080x1080.png,Where Hope Expires (Hole of Fire),L-296,checked,,A 8-track shadow-walk that dares you to show up. Where hope expires... and the choice to keep going anyway. With a wink to Johnny Cash. Dare to care. That's the whole thing.,Dare: DARE (to care),,,,2025-04-22T03:58:49Z,"BLOWsutra, BLOWsutra : EGO (gone loco), DUBsutra, FOLKsutra, FOLKsutra (Best Of), INDIEsutra, JAZZsutra, JAZZsutra (Best Of), MANTRAsutra"
Where We Begin (Preakly Peaches) EPx4,https://soundcloud.com/bananasutra/sets/where-we-begin-preakly-peaches-epx4,1,,FLOWsutra,"BURLESQUE,DUB","BURLESQUE,DUB",4,"Where We Begin (one) : BURLESQUEsutra, Where We Begin (two) : INDIEsutra, Where We Begin (three) : BURLESQUEsutra, Where We Begin (four) : ROCKsutra","1992560895, 1992560891, 1992560879, 1992560863",785,9,1.146497,0:10:39,https://i1.sndcdn.com/artworks-jm4lztgC6B1n1CHp-ql6gNg-t500x500.jpg,https://i1.sndcdn.com/artworks-jm4lztgC6B1n1CHp-ql6gNg-t1080x1080.jpg,Where We Begin (Preakly Peaches),L-297,checked,,4 burlesque and dub tracks asking questions that sting. When jazzy white rabbits share crispy stories of whimsical peaches wrapped in nothing but what we felt on a psychedelic blue day in the S.F. Bay. Where trust gets tender.,"Trust: WET (my friend),EP: Peachy",,,,2024-12-23T12:00:10Z,"BURLESQUEsutra, BURLESQUEsutra (Best Of), FLOWsutra : WET (my friend), FLOWsutra where time is space, HIDDEN PEELS, INDIEsutra, ROCKsutra"
Who Knows Where How Happiness Truly Grows ☰ GROWsutra EPx29,https://soundcloud.com/bananasutra/sets/who-knows-where-how-happiness-truly-grows-growsutra-epx29,1,,GROWsutra,"BURLESQUE,DUB,FOLK,INDIE,JAZZ,LOFI,MANTRA","BURLESQUE,DUB,FOLK,INDIE,JAZZ,LOFI,MANTRA",29,"[01] Who Knows Where How Happiness Truly Grows • Accordion Cello DUENDE BURLESQUE, [02] Who Knows Where How Happiness Truly Grows • Cello DUENDE BURLESQUE, [03] Who Knows Where How Happiness Truly Grows • Cello DUENDE BURLESQUE, [04] Who Knows Where How Happiness Truly Grows • Accordion Cello DUENDE BURLESQUE, [05] Who Knows Where How Happiness Truly Grows • Accordion Cello DUENDE BURLESQUE, [06] Who Knows Where How Happiness Truly Grows • Fanfare DUENDE BURLESQUE, [07] Who Knows Where How Happiness Truly Grows • DUENDE JAZZ, [08] Who Knows Where How Happiness Truly Grows • DUENDE JAZZ, [09] Who Knows Where How Happiness Truly Grows • Burlesque DUENDE JAZZ, [10] Who Knows Where How Happiness Truly Grows • DUENDE JAZZ, [11] Who Knows Where How Happiness Truly Grows • DUENDE JAZZ, [12] Who Knows Where How Happiness Truly Grows • Burlesque DUENDE JAZZ, [13] Who Knows Where How Happiness Truly Grows • Burlesque DUENDE JAZZ, [14] Who Knows Where How Happiness Truly Grows • DUENDE JAZZ, [15] Who Knows Where How Happiness Truly Grows • DUENDE JAZZ, [16] Who Knows Where How Happiness Truly Grows • Indie DUENDE FOLK, [17] Who Knows Where How Happiness Truly Grows • Indie DUENDE FOLK, [18] Who Knows Where How Happiness Truly Grows • DUENDE FOLK, [19] Who Knows Where How Happiness Truly Grows • DUENDE FOLK, [20] Who Knows Where How Happiness Truly Grows • Jazzy DUENDE FOLK, [21] Who Knows Where How Happiness Truly Grows • Dubby DUENDE FOLK, [22] Who Knows Where How Happiness Truly Grows • DUENDE DUB, [23] Who Knows Where How Happiness Truly Grows • DUENDE DUB, [24] Who Knows Where How Happiness Truly Grows • DUENDE DUB, [25] Who Knows Where How Happiness Truly Grows • DUENDE DUB, [26] Who Knows Where How Happiness Truly Grows • DUENDE DUB, [27] Who Knows Where How Happiness Truly Grows • DUENDE DUB, [28] Who Knows Where How Happiness Truly Grows • DUENDE LOFI DUB, [29] Who Knows Where How Happiness Truly Grows • Drum DUENDE MANTRA","2125306893, 2125306881, 2125306911, 2125306890, 2125306947, 2125306938, 2125306899, 2125306878, 2125306944, 2125306923, 2125306905, 2125306866, 2125306875, 2125306908, 2125306926, 2125306941, 2125306902, 2125306884, 2125306872, 2125306929, 2125306935, 2125306887, 2125306896, 2125306932, 2125306914, 2125306869, 2125306920, 2125306917, 2125306863",5517,45,0.815661,1:48:44,https://i1.sndcdn.com/artworks-Ooj55UF0JzVS0KFh-9aN0SA-t500x500.png,https://i1.sndcdn.com/artworks-Ooj55UF0JzVS0KFh-9aN0SA-t1080x1080.png,Who Knows Where How Happiness Truly Grows,L-300,checked,checked,"Twenty-nine tracks asking where happiness actually grows when it isn't for sale. The whole sutra in one line: ""I dare to care, no fear, no fail."" Burlesque slides into jazz, folk, dub, and closes on a mantra. The brave answer to a market that calls everything that doesn't scale worthless.",Dare: KIND(ness),,,,2025-07-06T04:05:12Z,"BURLESQUEsutra, DUBsutra, FOLKsutra, FOLKsutra (Best Of), GROWsutra : KIND(ness), HIDDEN PEELS, INDIEsutra, JAZZsutra, KNOWsutra : but(t) WHY, LOFIsutra, MANTRAsutra"
Who Needs a Big D? EP x8 VOL. 1 - JAZZ 'n DUB,https://soundcloud.com/bananasutra/sets/who-needs-a-big-d-ep-x8-vol-1-jazz-n-dub,1,,SHOWsutra,"BURLESQUE,DUB,FOLK,JAZZ,LOFI","BURLESQUE,DUB,FOLK,JAZZ,LOFI",8,"[1] Who Needs a Big D? OG BURLESQUE, [2] Who Needs a Big D? - pbgal folk JAZZ, [3] Who Needs a Big D? - pbgal Piano JAZZ, [4] Who Needs a Big D - IBYN Piano JAZZ, [5] Who Needs a Big D? - oh boy Cello BURLESQUE, [6] Who Needs a Big D - dubmuse Reggae DUB, [7] Who Needs a Big D - bruh LOFI DUB, [8] Who Needs a Big D? - Anonymous DUB","2074302272, 2074302288, 2074302280, 2074302300, 2074302292, 2074302296, 2074302276, 2074302284",1912,16,0.836820,0:25:49,https://i1.sndcdn.com/artworks-jhyk7fARubhfUtQC-VqNUCQ-t500x500.png,https://i1.sndcdn.com/artworks-jhyk7fARubhfUtQC-VqNUCQ-t1080x1080.png,Who Needs A Big D?,L-301,checked,,"8 burlesque, dub, and folk tracks steeped in equal parts fury and love. Who needs a big D? (The answer is funnier than you think.) All the world's a stage. Dress accordingly.",Play: B.J. (is for banana jokes),,,,2025-04-09T03:13:29Z,"BURLESQUEsutra, BURLESQUEsutra (Best Of), DUBsutra, HIDDEN PEELS, JAZZsutra, SHOWsutra : B.J. (is for Banana Jesters), SHOWsutra where bananas play"
Who's Your Vladdy? EPx10 ☿ BLOWsutra World Peace Fusion Indie,https://soundcloud.com/bananasutra/sets/whos-your-vladdy-epx10-blowsutra-world-peace-fusion-indie,1,,QUACKsutra,"BANJO,BLUES,BURLESQUE,DUB,FOLK,INDIE,LOFI,ROCK","BANJO,BLUES,BURLESQUE,DUB,FOLK,GIPSY,HIP HOP,INDIE,LOFI,PSYCHEDELIC,PUNK,ROCK,SOUL",10,"[01] Who's Your Vladdy • BLOWsutra Psychedelic Gipsy Clarinet Dream INDIE, [02] Who's Your Vladdy • BLOWsutra Psychedelic Gipsy Clarinet Dream INDIE, [03] Who's Your Vladdy • BLOWsutra Psychedelic World Soul FUSION, [04] Who's Your Vladdy • BLOWsutra Psychedelic World Soul FUSION, [05] Who's Your Vladdy • BLOWsutra (She Wanna Know) Psychedelic Hip Hop Fusion LOFI, [06] Who's Your Vladdy • BLOWsutra (She Wanna Know) Psychedelic Hip Hop Fusion LOFI, [07] Who's Your Vladdy • BLOWsutra Psychedelic Poetry Folk DUB, [08] Who's Your Vladdy • BLOWsutra Psychedelic Poetry Folk DUB, [09] Who's Your Vladdy • BLOWsutra Psychedelic Queen of Authentic Banjo Folks BLUES, [10] Who's Your Vladdy • BLOWsutra Psychedelic Burlesque Punk ROCK","2172422133, 2172422130, 2172422115, 2172422124, 2172422121, 2172422139, 2172422136, 2172422142, 2172422127, 2172422118",2434,25,1.027116,0:43:06,https://i1.sndcdn.com/artworks-HdcKeFj5zjo8xoo9-37TalQ-t500x500.png,https://i1.sndcdn.com/artworks-HdcKeFj5zjo8xoo9-37TalQ-t1080x1080.png,Who's Your Vladdy?,L-302,checked,,"10 banjo, blues, and burlesque tracks built on nerve and a prayer. Who's your Vladdy in the dark? Whose whispers leave a bloody mark? If you can't answer, history already did. Quack quack. You know who you are.",Quack: DUCK (shady),,,,2025-09-18T05:53:34Z,"BANJOsutra, BLOWsutra, DUBsutra, DUBsutra (Best Of), INDIEsutra, LOFIsutra, LOFIsutra (Best Of), QUACKsutra : DUCK (shady), QUACKsutra where we sing FU, ROCKsutra, WORLDsutra : Russian(ish)"
Who's Your Vladdy? EPx2 VOL.02 ☿ BLOWsutra World Peace LOFI + ROCK,https://soundcloud.com/bananasutra/sets/whos-your-vladdy-epx2-vol02-blowsutra-world-peace-lofi-rock,2,,QUACKsutra,"BURLESQUE,LOFI,ROCK","BURLESQUE,GIPSY,LOFI,PSYCHEDELIC,PUNK,ROCK",2,"Who's Your Vladdy BLOWsutra Gipsy World Peace Fusion LOFI, Who's Your Vladdy BLOWsutra Psychedelic Burlesque Punk ROCK","2173877436, 2173877439",709,9,1.269394,0:08:37,https://i1.sndcdn.com/artworks-301rwrEjz0M0tuZV-1dVJMg-t500x500.png,https://i1.sndcdn.com/artworks-301rwrEjz0M0tuZV-1dVJMg-t1080x1080.png,Who's Your Vladdy?,L-302,checked,,"A 2-track shadow-walk that holds ego up to a funhouse mirror. Who's your Vladdy in the dark? Whose whispers leave a bloody mark? If you can't answer, history already did. Served in burlesque, lo-fi, and rock. This is Vol. 2—the saga deepens. Quack quack. You know who you are.",Quack: DUCK (shady),,,,2025-09-20T18:14:32Z,"BLOWsutra, HIDDEN PEELS, KNOWsutra where questions matter, LOFIsutra, QUACKsutra : DUCK (shady), QUACKsutra where we sing FU, ROCKsutra, ROCKsutra (Best Of), WORLDsutra : Russian(ish)"
Why Trust an Old · Mean Religion? EPx9 VOL. 01,https://soundcloud.com/bananasutra/sets/why-trust-an-old-mean-religion-epx9-vol-01,1,,GROWsutra,"BANJO,BLUES,DUB,FOLK,INDIE,LOFI","BANJO,BLUES,DUB,FOLK,INDIE,LOFI,SOUL",9,"[01] Why Trust an Old, Mean Religion Kindness Understands FOLK, [09] Why Trust an Old, Mean Religion AD1 Capela DUBstep LOFI, [08] Why Trust an Old, Mean Religion AD2 Soul INDIE, [07] Why Trust an Old Mean Religion (Bruh) Dub LOFI, [06] Why Trust an Old, Mean Religion Bruh DUB, [05] Why Trust an Old Mean Religion - Muse DUB, [04] Why Trust an Old, Mean Religion Kindness Understands Banjo BLUES, [03] Why Trust an Old Mean Religion (Hide your pets) Folk BANJO, [02] Why Trust an Old, Mean Religion (Hide your pets) Soul Folk BANJO","2082813384, 2082813387, 2082813372, 2082813363, 2082813366, 2082813375, 2082813369, 2082813378, 2082813381",1776,13,0.731982,0:29:51,https://i1.sndcdn.com/artworks-Z6c6IDbs2ejUVhp8-iueiCg-t500x500.png,https://i1.sndcdn.com/artworks-Z6c6IDbs2ejUVhp8-iueiCg-t1080x1080.png,"Why trust an old, mean religion?",L-303,checked,,"9 banjo, blues, and dub tracks for the ones who still give a damn. Why trust an old, mean religion? (Still waiting on the good answer.) Holy questions, no holy answers.",Dare: GOD (etc.),,,,2025-04-22T03:01:57Z,"BANJOsutra, BLUESsutra, DUBsutra, FOLKsutra, GROWsutra : GOD (etc), GROWsutra where we be brave, INDIEsutra, INDIEsutra (Best Of), KNOWsutra : but(t) WHY, LOFIsutra, MANTRAsutra, Questions for the (kind) POPE in the Sky"
Why We Can't Be Brave? ☷ GROWsutra (Censored) Cello EPx8,https://soundcloud.com/bananasutra/sets/why-we-cant-be-brave-growsutra-censored-cello-epx8,1,,GROWsutra,"BURLESQUE,DUB,INDIE,LOFI","BURLESQUE,DUB,FLAMENCO,HIP HOP,INDIE,LOFI,PSYCHEDELIC",8,"[01] Why We Can't Be Brave - GROWsutra (Censored) Psychedelic Accordion Cello Waltz BURLESQUE, [02] Why We Can't Be Brave - GROWsutra (Censored) Psychedelic Cello Drama Duende Dream INDIE, [03] Why We Can't Be Brave - GROWsutra (Censored) Psychedelic Flamenco Dub Cello Fusion INDIE, [04] Why We Can't Be Brave - GROWsutra (Censored) Psychedelic Flamenco Dub Cello Fusion INDIE, [05] Why We Can't Be Brave - GROWsutra (Censored) Psychedelic Flamenco Dub Cello Fusion INDIE, [06] Why We Can't Be Brave - GROWsutra (Censored) Psychedelic Flamenco Dub Cello Fusion INDIE, [07] Why We Can't Be Brave - GROWsutra (Censored) Psychedelic Hip Hop Cello Indie Dub Fusion LOFI, [08] Why We Can't Be Brave - GROWsutra (Censored) Psychedelic Hip Hop Cello Indie Dub Fusion LOFI","2222937434, 2222937428, 2222937440, 2222937449, 2222937431, 2222937443, 2222937446, 2222937437",6277,65,1.035527,0:28:47,https://i1.sndcdn.com/artworks-rB89JSlaccuJ12aJ-01Yopg-t500x500.png,https://i1.sndcdn.com/artworks-rB89JSlaccuJ12aJ-01Yopg-t1080x1080.png,Why We Can't Be Brave?,L-304,checked,,"8 burlesque, dub, and indie tracks that won't let you look away. Bravery has a dress code. (Nobody told the women.) Dare to care. That's the whole thing.",Dare: DARE (to care),,,,2025-12-02T22:33:38Z,"BLOWsutra : CENSOR(ed), BURLESQUEsutra, DUBsutra (Best Of), GROWsutra : DARE (to care), GROWsutra where we be brave, HIDDEN PEELS, INDIEsutra, INDIEsutra (Best Of), LOFIsutra, LOFIsutra (Best Of), MANTRAsutra, MANTRAsutra (Best Of)"
Why You Lie (to the People's Face) EP x7 ☠ QUACKsutra,https://soundcloud.com/bananasutra/sets/why-you-lie-to-the-peoples-face-quacksutra,1,,QUACKsutra,"BURLESQUE,FOLK,INDIE","BURLESQUE,FOLK,HIP HOP,INDIE,RAGGA",7,"[1] Project 2025 Vol. 2  ☠ Why You Lie (to the People's face) ☠ Accordion BURLESQUE, [2] Project 2025 Vol. 2  ☠ Why You Lie (to the People's face) ☠ Indie BURLESQUEsutra, [3] Project 2025 Vol. 2  ☠ Why You Lie (to the People's face) ☠ FOLKsutra, [4] Project 2025 Vol. 2  ☠ Why You Lie (to the People's face) ☠ Folk BLUESsutra, [5] Project 2025 Vol. 2  ☠ Why You Lie (to the People's face) ☠ Ragga DUBsutra, [6] Project 2025 Vol. 2  ☠ Why You Lie (to the People's face) ☠ Hip Hop LOFIsutra, [7] Project 2025 Vol. 2  ☠ Why You Lie (to the People's face) ☠ Drum LOFIsutra","2045146244, 2045146248, 2045146268, 2045146260, 2045146252, 2045146256, 2045146264",1484,15,1.010782,0:21:42,https://i1.sndcdn.com/artworks-OY8Egh3zRPXQxH74-PbCZmw-t500x500.png,https://i1.sndcdn.com/artworks-OY8Egh3zRPXQxH74-PbCZmw-t1080x1080.png,Why You Lie (To The People's Face)?,L-305,checked,,"7 tracks of circus critique. Same lie. New hat. Why you lying to the people's face? Served in burlesque, folk, and indie. Quack quack. You know who you are.",Quack: DUCK (shady),,,,2025-03-02T06:57:03Z,"BLUESsutra, BURLESQUEsutra, DUBsutra, FOTUS CIRCUS Playlist An American Freaks Show, LOFIsutra, LOFIsutra (Best Of), QUACKsutra : DUCK (shady), QUACKsutra where we sing FU"
Win-Win After Midnight ⭐︎ FLOWsutra (Wet My Friend) Indie Folk EPx4,https://soundcloud.com/bananasutra/sets/win-win-after-midnight-flowsutra-folk-epx4,1,,FLOWsutra,"BANJO,FOLK","BANJO,FOLK",4,"[01] Win-Win After Midnight • FLOWsutra (Wet, My Friend) Tzigane LoFi Fusion JAZZ, [02] Win-Win After Midnight • FLOWsutra (Wet, My Friend) Southern Blues Banjo FOLK, [03] Win-Win After Midnight • FLOWsutra (Wet, My Friend) Southern Blues Banjo FOLK, [04] Win-Win After Midnight • FLOWsutra (Wet, My Friend) Southern Jazz Banjo FOLK","2308946942, 2308946951, 2308946945, 2308946948",5804,78,1.343901,0:11:34,https://i1.sndcdn.com/artworks-uJrRNfc2mPG53hUI-tdlVIw-t500x500.png,https://i1.sndcdn.com/artworks-uJrRNfc2mPG53hUI-tdlVIw-t1080x1080.png,Win-Win After Midnight,L-345,checked,,"A quick 11-minute burst of tender awe, across 4 tracks. After midnight, the only fair game is the one where you both win. Honest wrapped in skin. A gentler no. A deeper yes. The sound: banjo and folk. Where trust gets tender.",Trust: WET (my friend),,,,2026-04-25T04:53:55Z,"FLOWsutra : WET (my friend), FLOWsutra where time is space, FOLKsutra, FOLKsutra (Best Of), JAZZsutra"
WIN-WIN DUB EPx3 ⚭ French-English GROWsutra Fusion Soul,https://soundcloud.com/bananasutra/sets/win-win-dub-epx3-french-english-growsutra-fusion-soul,1,,GROWsutra,DUB,"DUB,HIP HOP,RAGGA,SOUL",3,"[01] Win Win Dub ⚭ French GROWsutra Soulful Hip Hop Ragga DUB, [02] Win Win Dub ⚭ French GROWsutra Soulful Hip Hop Ragga DUB, [03] Win Win Dub ⚭ French GROWsutra Soulful Hip Hop Ragga DUB","2184157683, 2184157687, 2184157691",781,7,0.896287,0:08:12,https://i1.sndcdn.com/artworks-oBETDaFyMMJRa4Qg-sDo0ng-t500x500.png,https://i1.sndcdn.com/artworks-oBETDaFyMMJRa4Qg-sDo0ng-t1080x1080.png,WIN-WIN (Franglish Dub),L-307,checked,,"A quick 8-minute burst of stubborn hope, across 3 tracks. Kindness ain't weakness, it's holy steel. Win-win, c'est ma religion — en français-anglais fusion soul. The sound: dub. En français, évidemment. Kindness as rebellion.","Dare: KIND(ness),World: FRENCHsutra",,,,2025-10-07T09:27:15Z,"DUBsutra, DUBsutra (Best Of), FRENCHsutra oui oui · sacrebleu, GROWsutra : KIND(ness), GROWsutra where we be brave, OUI OUI : Pardon (my French), SHOWsutra: (shades of) FOOLS"
Woke 'em Whacks EPx4 : BLUES & DUBsutra (Music Therapy),https://soundcloud.com/bananasutra/sets/woke-em-whacks-epx4-blues-dubsutra-music-therapy,1,,QUACKsutra,BLUES,BLUES,4,"Woke-N-Whack-A-Musk ☆ BLUESsutra (1), Woke-N-Whack-A-Musk ☆ BLUESsutra (2), Woke-N-Whack-A-Musk ☆ DUBsutra (1), Woke-N-Whack-A-Musk ☆ DUBsutra (2)","2016126063, 2016126059, 2016126035, 2016126007",1155,19,1.645022,0:12:56,https://i1.sndcdn.com/artworks-w61imgKjvg3ASHMz-HXgbbA-t500x500.jpg,https://i1.sndcdn.com/artworks-w61imgKjvg3ASHMz-HXgbbA-t1080x1080.jpg,Woke 'em Whacks,L-309,checked,,"4 tracks of ego in the mirror. If you're not racist, you're woke. If you're not sexist, you're woke. Super-woke, actually. Stay wide awake, forever woke. The sound: blues. Quack quack. You know who you are.",Quack: DUCK (shady),,,,2025-01-23T05:57:03Z,"BLOWsutra, BLUESsutra, BLUESsutra (Best Of), DUBsutra, FOLKsutra, FOLKsutra (Best Of), HIDDEN PEELS, INDIEsutra, JAZZsutra, LOFIsutra, QUACKsutra : DUCK (shady), QUACKsutra where we sing FU"
Zero Sum (Zero Sean) • GROWsutra (Dare to Care) EPx22,https://soundcloud.com/bananasutra/sets/zero-sum-growsutra-epx22,1,,GROWsutra,"BURLESQUE,DUB,FOLK,INDIE,JAZZ,LOFI","BURLESQUE,CABARET,DUB,FADO,FLAMENCO,FOLK,GIPSY,INDIE,JAZZ,LOFI,PSYCHEDELIC,PUNK,RAGGA",23,"[01] Zero Sum • GROWsutra Hypnotic Post-Punk Motorik Fusion LOFI, [02] Zero Sum • GROWsutra Hypnotic Post-Punk Motorik Fusion LOFI, [03] Zero Sum • GROWsutra Hypnotic Post-Punk Motorik Fusion LOFI, [04] Zero Sum • GROWsutra Psychedelick Gipsy Hop Fusion LOFI, [05] Zero Sum • GROWsutra Psychedelick Gipsy Hop Fusion LOFI, [06] Zero Sum • GROWsutra Psychedelick Gipsy Hop Fusion LOFI, [07] Zero Sum • GROWsutra Psychedelick Folk Poetry Bridges The DUB, [08] Zero Sum • GROWsutra Psychedelick Folk Poetry Bridges The DUB, [09] Zero Sum • GROWsutra She Wanna Know Psychedelick Jazz Fusion LoFi DUB, [10] Zero Sum • GROWsutra Psychedelick Gipsy Flamenco  Ragga Circus DUB, [11] Zero Sum • GROWsutra Psychedelick Gipsy Indie Ragga Flamenco DUB, [12] Zero Sum • GROWsutra Psychedelick Gipsy Indie Ragga Flamenco DUB, [13] Zero Sum • GROWsutra Psychedelick Gipsy Flamenco Techno Fusion INDIE, [14] Zero Sum • GROWsutra Psychedelick Gipsy Flamenco Techno Fusion INDIE, [15] Zero Sum • GROWsutra Psychedelick Gipsy Flamenco Techno Fusion INDIE, [16] Zero Sum • GROWsutra Psychedelick Gipsy Fado Punk Cabaret BURLESQUE, [17] Zero Sum • GROWsutra Psychedelick Gipsy Fado Punk Cabaret BURLESQUE, [18] Zero Sum • GROWsutra Psychedelick Gipsy Fado Punk Cabaret BURLESQUE, [19] Zero Sum • GROWsutra Psychedelick Post-Punk Accordion Dub Cabaret BURLESQUE, [20] Zero Sum • GROWsutra Psychedelick Post-Punk Cello Dub Cabaret BURLESQUE, [21] Zero Sum • GROWsutra PB Gal Psychedelick Post-Punk Cabaret BURLESQUE, [22] Zero Sum • GROWsutra PB Gal Psychedelick Post-Punk Cabaret BURLESQUE, [07] Hello, Oh No • GROWsutra Psychedelic Gipsy Fusion LOFI","2286539627, 2286539624, 2286539633, 2286539654, 2286539669, 2286539630, 2286539651, 2286539684, 2286539663, 2286539678, 2286539642, 2286539672, 2286539681, 2286539675, 2286539645, 2286539636, 2286539666, 2286539657, 2286539639, 2286539621, 2286539660, 2286539648, 2274175532",26534,269,1.013794,1:17:31,https://i1.sndcdn.com/artworks-EIMomqQ3VHc9dl93-DvcAsA-t500x500.png,https://i1.sndcdn.com/artworks-EIMomqQ3VHc9dl93-DvcAsA-t1080x1080.png,Zero Sum (Zero Sean),L-312,checked,,"A 23-track dark bloom that holds ego up to a funhouse mirror. When someone mistakes scarcity for personality... or something strangely suspicious like that. Burlesque, dub, and folk grooves from end to end. Over 23k plays and counting—clearly something landed. Dare to care. That's the whole thing.",Dare: DARE (to care),,,,2026-03-19T06:42:31Z,"BURLESQUEsutra, BURLESQUEsutra (Best Of), DUBsutra, DUBsutra (Best Of), GROWsutra : DARE (to care), GROWsutra where we be brave, HIDDEN PEELS, INDIEsutra, INDIEsutra (Best Of), JAZZsutra (Best Of), LOFIsutra, LOFIsutra (Best Of), ROCKsutra (Best Of), WORLDsutra (Best Of)"
