ep_title,ep_url,sutra,genres,genres_full,ep_total_tracks,total_plays,total_likes,duration_total,artwork_url,lyrics_id,created_at,playlist_names_clean,TRACKs
A Letter to My Friend (Never Again) EPx44 ☮ GROWsutra World Peace Mantra,https://soundcloud.com/bananasutra/sets/a-letter-to-my-friend-never-again-epx44-growsutra-world-peace-mantra,GROWsutra,"BANJO,BLUES,DUB,FOLK,INDIE,JAZZ,LOFI,MANTRA","BANJO,BLUES,DUB,FOLK,GIPSY,INDIE,JAZZ,LOFI,MANTRA,RAGGA,SOUL",44,28085,224,0:00:00,https://i1.sndcdn.com/artworks-wWQhnGqz9vHL3gbU-Sx2Pvw-t500x500.png,L-3,,"BANJOsutra, GROWsutra where we be brave, INDIEsutra, KNOWsutra : PEACE (not War), LOFIsutra","[32] Letter to My Friend (Never Again) • GROWsutra She Wanna Know PsyBass Circus JAZZ, [23] Letter to My Friend (Never Again) • Gipsy Peace Duende Soul Fusion INDIE LOFI, [39] Letter to My Friend (Never Again) • GROWsutra PsyDestiny Banjo BLUES, [44] Letter to My Friend (Never Again) • GROWsutra F-Bomb Peace Drum LOFI MANTRA, [29] Letter to My Friend (Never Again) • GROWsutra Jazzy Hop BRUH LOFI, [19] Letter to My Friend (Never Again) • Gipsy Peace Duende Soul Fusion INDIE LOFI, [34] Letter to My Friend (Never Again) • GROWsutra What Shall We Hope For Now Psyjazz Ragga DUB, [27] Letter to My Friend (Never Again) • GROWsutra Jazzy Hop Storyteller LOFI 02, [38] Letter to My Friend (Never Again) • GROWsutra PsyDestiny Banjo BLUES, [36] Letter to My Friend (Never Again) • GROWsutra Wueen of Authenthic Dubby Banjo FOLK, [31] Letter to My Friend (Never Again) • GROWsutra She Wanna Know PsyBass Circus JAZZ, [41] Letter to My Friend (Never Again) • GROWsutra F-Bomb Peace Drum LOFI MANTRA, [43] Letter to My Friend (Never Again) • GROWsutra F-Bomb Peace Drum LOFI MANTRA, [30] Letter to My Friend (Never Again) • GROWsutra Jazzy Hop BRUH LOFI, [25] Letter to My Friend (Never Again) • Gipsy Peace Duende Soul Fusion INDIE LOFI, [37] Letter to My Friend (Never Again) • GROWsutra PsyDestiny Banjo BLUES, [20] Letter to My Friend (Never Again) • Gipsy Peace Duende Soul Fusion INDIE LOFI, [13] Letter to My Friend (Never Again) - GROWsutra Tzigane Arabesk Soul Peace Fusion Gipsy INDIE, [03] Letter to My Friend (Never Again) - GROWsutra Tzigane Arabesk Soul Peace Fusion Gipsy INDIE, [21] Letter to My Friend (Never Again) • Gipsy Peace Duende Soul Fusion INDIE LOFI, [42] Letter to My Friend (Never Again) • GROWsutra F-Bomb Peace Drum LOFI MANTRA, [24] Letter to My Friend (Never Again) • Gipsy Peace Duende Soul Fusion INDIE LOFI, [18] Letter to My Friend (Never Again) • Gipsy Peace Duende Soul Fusion INDIE LOFI, [33] Letter to My Friend (Never Again) • GROWsutra What Shall We Hope For Now Psyjazz Ragga DUB, [35] Letter to My Friend (Never Again) • GROWsutra What Shall We Hope For Now Psyjazz Ragga DUB, [15] Letter to My Friend (Never Again) - GROWsutra Tzigane Arabesk Soul Peace Fusion Gipsy INDIE, [40] Letter to My Friend (Never Again) • GROWsutra F-Bomb Peace Drum LOFI MANTRA, [05] Letter to My Friend (Never Again) - GROWsutra Tzigane Arabesk Soul Peace Fusion Gipsy INDIE, [28] Letter to My Friend (Never Again) • GROWsutra Jazzy Hop Storyteller LOFI 03, [08] Letter to My Friend (Never Again) - GROWsutra Tzigane Arabesk Soul Peace Fusion Gipsy INDIE, [26] Letter to My Friend (Never Again) • Gipsy Peace Duende Soul Fusion INDIE LOFI, [22] Letter to My Friend (Never Again) • Gipsy Peace Duende Soul Fusion INDIE LOFI, [06] Letter to My Friend (Never Again) - GROWsutra Tzigane Arabesk Soul Peace Fusion Gipsy INDIE, [12] Letter to My Friend (Never Again) - GROWsutra Tzigane Arabesk Soul Peace Fusion Gipsy INDIE, [07] Letter to My Friend (Never Again) - GROWsutra Tzigane Arabesk Soul Peace Fusion Gipsy INDIE, [09] Letter to My Friend (Never Again) - GROWsutra Tzigane Arabesk Soul Peace Fusion Gipsy INDIE, [17] Letter to My Friend (Never Again) • Gipsy Peace Duende Soul Fusion INDIE LOFI, [16] Letter to My Friend (Never Again) • Gipsy Peace Duende Soul Fusion INDIE LOFI, [01] Letter to My Friend (Never Again) - GROWsutra Tzigane Arabesk Soul Peace Fusion Gipsy INDIE, [04] Letter to My Friend (Never Again) - GROWsutra Tzigane Arabesk Soul Peace Fusion Gipsy INDIE, [11] Letter to My Friend (Never Again) - GROWsutra Tzigane Arabesk Soul Peace Fusion Gipsy INDIE, [02] Letter to My Friend (Never Again) - GROWsutra Tzigane Arabesk Soul Peace Fusion Gipsy INDIE, [10] Letter to My Friend (Never Again) - GROWsutra Tzigane Arabesk Soul Peace Fusion Gipsy INDIE, [14] Letter to My Friend (Never Again) - GROWsutra Tzigane Arabesk Soul Peace Fusion Gipsy INDIE"
A Man's a Man and A' That (à la bananasutra) EPx3 - VOL. 02 - Revolution Forever,https://soundcloud.com/bananasutra/sets/a-mans-a-man-and-a-that-a-la-bananasutra-epx3-vol-02-revolution-forever,BLOWsutra,"LOFI,MANTRA","LOFI,MANTRA,TRIP HOP",3,931,9,0:00:00,https://i1.sndcdn.com/artworks-1bqixGWYedpZR647-tZkbFA-t500x500.png,L-5,,"BLOWsutra : REVOLT (now), INDIEsutra, KNOWsutra where questions matter, LOFIsutra, MANTRAsutra","[02] A Man's a Man and A' That - VOL. 02 - A Spin on Robert Burns' Revolutionary Song - Capela MANTRA LOFI, [03] A Man's a Man for A' That - VOL. 02 - A Spin on Robert Burns' Revolutionary Song - DRUM MANTRA, [01] A Man's a Man and A' That - VOL. 02 - A Spin on Robert Burns' Revolutionary Song - TripHop LOFI"
A Man's A Man for A' That - VOL. 01 - Revolution Forever,https://soundcloud.com/bananasutra/sets/a-mans-a-man-for-a-that-vol-01,KNOWsutra,"FOLK,INDIE","FOLK,INDIE",3,575,6,0:00:00,https://i1.sndcdn.com/artworks-YUOwZVtRKHQ7qgnV-7WlPYA-t500x500.jpg,L-5,,"BANJOsutra, BLOWsutra : REVOLT (now), KNOWsutra where questions matter, MANTRAsutra","A Man’s A Man For A’ That • Revolution BANJOsutra, A Man’s A Man For A’ That • Revolution MANTRAsutra (1), A Man’s A Man For A’ That • Revolution MANTRAsutra (2)"
A stroll down history’s lane ☆ KNOWsutra ☆ EPx6 Vol. 1,https://soundcloud.com/bananasutra/sets/a-stroll-down-historys-lane,KNOWsutra,MANTRA,MANTRA,6,1122,10,0:00:00,https://i1.sndcdn.com/artworks-9uz2GCIarSzz3CK9-yLGoGg-t500x500.jpg,L-7,,"BANJOsutra, BLOWsutra, DUBsutra, FOLKsutra, INDIEsutra, KNOWsutra : PEACE (not War), KNOWsutra where questions matter, MANTRAsutra","A stroll down history’s lane • Mantra DUBsutra, A stroll down history’s lane • DUBsutra, A stroll down history’s lane 1 • FOLKsutra, A stroll down history’s lane 2 • BANJOsutra, A stroll down history’s lane 3 • FOLKsutra, A stroll down history’s lane • PIANOsutra"
ABCs of Kindness - KNOWsutra,https://soundcloud.com/bananasutra/sets/abcs-of-kindness-knowsutra,KNOWsutra,"INDIE,BURLESQUE","INDIE,BURLESQUE",10,1956,13,0:00:00,https://i1.sndcdn.com/artworks-OJbXzv5DEM6ihALr-CtrAEg-t500x500.jpg,L-9,,"DUBsutra, GROWsutra : KIND(ness), INDIEsutra, KNOWsutra where questions matter, MANTRAsutra","ABC Of Kindness - A Is For Always Speak From Your Heart - KIDS INDIEsutra, ABC Of Kindness - A Is For Always Speak From Your Heart - DUBsutra (1), ABC Of Kindness - A Is For Always Speak From Your Heart - DUBsutra (2), ABC Of Kindness - A Is For Apologize - MANTRAsutra (1), ABC Of Kindness - A Is For Apologize - DUBsutra (2), ABC Of Kindness - A Is Ask - DUBsutra (1), ABC Of Kindness - A Is Ask - DUBsutra (2), ABC Of Kindness - A Is For Ask - DUBsutra (3), ABC Of Kindness - A Is For Ask - DUBsutra (4), ABC Of Kindness - A Is For Always Speak From Your Heart - Drum MANTRAsutra"
AI Fair Use Manifesto EPx3 VOL.1 : LOFI BURLESQUE BLUES,https://soundcloud.com/bananasutra/sets/ai-fair-use-manifesto-epx3-vol1-lofi-burlesque-blues,KNOWsutra,"BLUES,BURLESQUE,LOFI","BLUES,BURLESQUE,LOFI",3,576,5,0:00:00,https://i1.sndcdn.com/artworks-8MpTLEJF8IA3pZOl-q8KlmA-t500x500.png,L-12,2025-04-10 20:36,"BANJOsutra, BLUESsutra, BURLESQUEsutra, KNOWsutra : but(t) WHY, LOFIsutra","[2] Abstracted Innuendo Tango Manifesto - GipsyJAZZ, [3] Vive la Revolution Artistique (AI Fair Use Manifesto) - banjoBLUES, [1] AI Fair Use Manifesto - psyLOFI"
Ain't Doing Bad Doing Nothing ⭐︎ Public Domain Vol. 02 EPx10 ⭐︎ FLOWsutra Wet JAZZ,https://soundcloud.com/bananasutra/sets/aint-doing-bad-doing-nothing-public-domain-vol-02-epx10-flowsutra-wet-jazz,FLOWsutra,"BLUES,BURLESQUE,JAZZ","BLUES,BURLESQUE,JAZZ",10,3843,38,0:00:00,https://i1.sndcdn.com/artworks-ywHf0D0qFVueq62i-1G6SmQ-t500x500.png,L-14,,"BLUESsutra, BURLESQUEsutra, FLOWsutra where time is space, JAZZsutra","[03] Ain't Doing Bad Doing Nothing ⭐︎ Public Domain Lyrics Fun ⭐︎ FLOWsutra Wet JAZZ, [01] Ain't Doing Bad Doing Nothing ⭐︎ Public Domain Lyrics Fun ⭐︎ FLOWsutra Wet JAZZ, [08] Ain't Doing Bad Doing Nothing ⭐︎ Public Domain Lyrics Fun ⭐︎ FLOWsutra Wet BURLESQUE, [09] Ain't Doing Bad Doing Nothing ⭐︎ Public Domain Lyrics Fun ⭐︎ FLOWsutra Wet BLUES, [07] Ain't Doing Bad Doing Nothing ⭐︎ Public Domain Lyrics Fun ⭐︎ FLOWsutra Wet JAZZ, [10] Ain't Doing Bad Doing Nothing ⭐︎ Public Domain Lyrics Fun ⭐︎ FLOWsutra Wet BLUES, [06] Ain't Doing Bad Doing Nothing ⭐︎ Public Domain Lyrics Fun ⭐︎ FLOWsutra Wet JAZZ, [02] Ain't Doing Bad Doing Nothing ⭐︎ Public Domain Lyrics Fun ⭐︎ FLOWsutra Wet JAZZ, [04] Ain't Doing Bad Doing Nothing ⭐︎ Public Domain Lyrics Fun ⭐︎ FLOWsutra Wet JAZZ, [05] Ain't Doing Bad Doing ⭐︎ Public Domain Lyrics Fun ⭐︎ FLOWsutra Wet JAZZ"
All I Know • Shades of Fools (It's the Why) • KNOWsutra EPx5 Vol. 02,https://soundcloud.com/bananasutra/sets/all-i-know-shades-of-fools-its-the-why-knowsutra-epx5-vol-02,KNOWsutra,"BLUES,BURLESQUE,FOLK,INDIE,JAZZ","BLUES,BURLESQUE,FOLK,INDIE,JAZZ",5,2017,15,0:00:00,https://i1.sndcdn.com/artworks-jqVeUE2kfD4URweU-kKwl8A-t500x500.png,L-209,2025-11-19 19:59,"BLUESsutra, BURLESQUEsutra, INDIEsutra, JAZZsutra, KNOWsutra where questions matter","[04] All I know - Shades of Fools • KNOWsutra Cello Burlesque INDIE, [03] All I know - Shades of Fools • KNOWsutra Piano Jazz BURLESQUE, [05] All I Know - Shades of Fools • KNOWsutra Destiny BLUES, [02] All I Know - Shades of Fools • KNOWsutra Accordion Chanson Jazz BURLESQUE, [01] All I Know - Shades of Fools • KNOWsutra All I know Upright Bass Folk JAZZ"
All the -Isms | BLOWsutra EPx7,https://soundcloud.com/bananasutra/sets/all-the-isms-blowsutra-epx7,BLOWsutra,"BANJO,BURLESQUE,FOLK,JAZZ","BANJO,BURLESQUE,FOLK,JAZZ",7,1614,14,0:00:00,https://i1.sndcdn.com/artworks-qrxklwZQpzKpzPUh-kUGDvA-t500x500.png,L-16,,"BANJOsutra, BLOWsutra, BLOWsutra : EGO (gone loco), BURLESQUEsutra, DUBsutra, FOLKsutra, JAZZsutra, KNOWsutra where questions matter, LOFIsutra","[06] All Lame-Isms (Queen of Authentic) - BLOWsutra FOLK, [02] All Lame-Isms - BLOWsutra CAT JAZZ, [01] All Lame-Isms (she wanna know) BLOWsutra JAZZ, [03] All Lame-Isms - (Miss Cheeky) DUBsutra, [07] All Lame-Isms - (Hide your Pets) BLOWsutra BANJO, [05] All Lame-Isms (oh boy) 2 - BLOWsutra BURLESQUE, [04] All Lame-Isms (oh boy) 1 - BLOWsutra BURLESQUE"
An American in Paris (Public Domain Lyrics) 🎙️ SHOWsutra Classic Retro Musical REMAKE,https://soundcloud.com/bananasutra/sets/an-american-in-paris-public-domain-lyrics-showsutra-classic-retro-musical-remake,SHOWsutra,"DUB,INDIE,JAZZ","DUB,INDIE,JAZZ",6,3563,35,0:00:00,https://i1.sndcdn.com/artworks-dOp2MsRUp5Ta2lVZ-MjIpgA-t500x500.png,L-17,,"DUBsutra, INDIEsutra, JAZZsutra, SHOWsutra where bananas play","[02] By Strauss - An American in Paris, Public Domain Lyrics - SHOWsutra Retro Piano Waltz INDIE, [03] Nice Work If You Can Get It - An American in Paris, Public Domain Lyrics - SHOWsutra Indie JAZZ, [04] Embraceable You - An American in Paris, Public Domain Lyrics - SHOWsutra Indie Jazz DUB, [01] I Got Rhythm - An American in Paris, Public Domain Lyrics - SHOWsutra Retro Musical INDIE, [06] Tra-La-La - An American in Paris, Public Domain Lyrics - SHOWsutra Indie Jazz DUB, [05] Tra-La-La - An American in Paris, Public Domain Lyrics - SHOWsutra Indie Jazz DUB"
Atheist Tango EP x9 VOL. 1 ☰ Waldo's Burlesque Tales of Truth,https://soundcloud.com/bananasutra/sets/atheist-tango-ep-x9-vol-1-waldos-burlesque-tales-of-truth,KNOWsutra,"BURLESQUE,FOLK,JAZZ","BURLESQUE,FOLK,JAZZ",9,1659,23,0:00:00,https://i1.sndcdn.com/artworks-zGmZBF6E6J0dpCF7-7ObUQQ-t500x500.png,L-235,,"BURLESQUEsutra, FOLKsutra, GROWsutra : GOD (etc), JAZZsutra, Questions for the (kind) POPE in the Sky, SHOWsutra where bananas play","[8] Waldo's Atheist Tango ☰ shewannaknow Bass JAZZ, [3] Waldo's Atheist Tango ☰ pbgal PianoJAZZ BURLESQUE, [9] Waldo's Atheist Tango ☰ pbgal Burlesque FOLK, [6] Waldo's Atheist Tango ☰ IBYN JAZZ, [7] Waldo's Atheist Tango ☰ shewannaknow Bass JAZZ, [2] Waldo's Atheist Tango ☰ catJAZZ BURLESQUE, [4] Waldo's Atheist Tango ☰ Oh boy Accordion BURLESQUE, [5] Waldo's Atheist Tango ☰ Sultry JAZZ, [1] Waldo's Atheist Tango ☰ Dadade French Burlesque"
Awe Is Mighty (Maybe Even Holy) - GLOWsutra Conscious Indie LoFi Lullaby EPx2,https://soundcloud.com/bananasutra/sets/awe-is-mighty-maybe-even-holy-glowsutra-conscious-indie-lofi-epx2,GLOWsutra,"BLUES,FOLK,INDIE,LOFI,MANTRA","BLUES,FOLK,INDIE,LOFI,MANTRA,PSYCHEDELIC,TRIP HOP",2,672,12,0:00:00,https://i1.sndcdn.com/artworks-OV8ZRGizQyraCB7N-C8HWOQ-t500x500.png,L-21,,"GLOWsutra : POET(ry), GLOWsutra where gratitude feeds, LOFIsutra, MANTRAsutra","[01] Awe Is Mighty (Maybe Even Holy) - GLOWsutra Conscious Indie trip Hop(e) Blues Lullaby LOFI, [02] Awe Is Mighty (Maybe Even Holy) - GLOWsutra Psychedelic Folk Circus Dreamy Drum Indie MANTRA"
BANANA ALLELUIA ♾ EPx5 ♾ KNOWsutra BURLESQUE,https://soundcloud.com/bananasutra/sets/banana-alleluia-epx5-knowsutra-burlesque,KNOWsutra,"BANJO,BURLESQUE,FOLK","BANJO,BURLESQUE,CABARET,FOLK",5,1110,18,0:00:00,https://i1.sndcdn.com/artworks-ygtp0Bp5Ccu1zSfd-ysCUOA-t500x500.png,L-20,,"BURLESQUEsutra, SHOWsutra : B.J. (is for Banana Jesters)","[01] BANANA ALLELUIA — KNOWsutra Folk Waltz Ballad BURLESQUE, [02] BANANA ALLELUIA — KNOWsutra Whisper Velvet Waltz BURLESQUE, [04] BANANA ALLELUIA — KNOWsutra Cello Banjo Waltz Twang BURLESQUE, [05] BANANA ALLELUIA — KNOWsutra Dystopian Cabaret BURLESQUE, [03] BANANA ALLELUIA — KNOWsutra Banjo Waltz Bounce BURLESQUE"
Because the Light ☉ EPx4 VOL.01,https://soundcloud.com/bananasutra/sets/because-the-light-epx4-vol01,GROWsutra,MANTRA,MANTRA,4,2188,20,0:00:00,https://i1.sndcdn.com/artworks-ZPfcJ5Xdh8yItO33-t97RIA-t500x500.png,L-26,,"BANJOsutra, BLOWsutra, BLOWsutra : REVOLT (now), INDIEsutra, LOFIsutra, MANTRAsutra","[01] Because the Light (wontdietonight) ⭐︎ Breathy LOFIsutra, [03] Delete your Butt ⭐︎ Cheeky BURLESQUEsutra, [02] Because the Fight ⭐︎ MellO BANJOsutra, [04] Because the Joke ⭐︎ Dreamy Mantra INDIEsutra"
Bee the Fool EP x2 : BANJOsutra,https://soundcloud.com/bananasutra/sets/bee-the-fool-ep-x2-honeysutra,SHOWsutra,"BANJO,BLUES,FOLK","BANJO,BLUES,FOLK",2,391,5,0:00:00,https://i1.sndcdn.com/artworks-1QKzz4xNQaa8y2oX-Ru7mWg-t500x500.jpg,L-26,,"BANJOsutra, FLOWsutra where time is space, SHOWsutra: (shades of) FOOLS","Bee the full (cozitsalie) • BANJOsutra, Be the fool (Perfection is a lie) : BANJOsutra"
Best Teacher Award · in Love & Death : Indie Bliss EPx3 VOL. 1 : BOWsutra,https://soundcloud.com/bananasutra/sets/best-teacher-award-in-love-death-indie-lofi-epx3-vol-1-bowsutra,BOWsutra,INDIE,INDIE,3,665,3,0:00:00,https://i1.sndcdn.com/artworks-naxN1Ew2hxBmEiva-OlsMuQ-t500x500.png,,2025-04-09 11:15,"BLUESsutra, BOWsutra : (Thank) Dogs, BOWsutra : DEATH (is nothing), BOWsutra the last of 7 sutras · it's divine <3, INDIEsutra, MANTRAsutra","[2] Like a Dog in the Sky • Leonard’s Birdie BLUESsutra, [1] Dead Dogs Deets • Emo INDIEsutra, [3] Blessed Be the Dogs • Cappella MANTRAsutra"
Blaise's Tale ⭐︎ EPx3 ⭐︎ KNOWsutra Folk Cabaret,https://soundcloud.com/bananasutra/sets/blaises-tale-epx3-knowsutra-folk-cabaret,KNOWsutra,"BANJO,BURLESQUE,FOLK","BANJO,BURLESQUE,CABARET,FOLK",3,587,5,0:00:00,https://i1.sndcdn.com/artworks-nZjm9BvXode0nW5K-5dXY2A-t500x500.png,L-29,,"BANJOsutra, BURLESQUEsutra, FOLKsutra, KNOWsutra : but(t) WHY, KNOWsutra where questions matter","[02] Blaise's Tale ⭐︎ KNOWsutra Hypnotic Banjo FOLK, [01] Blaise's Tale ⭐︎ KNOWsutra Intimate Storytelling FOLK, [03] Blaise's Tale ⭐︎ KNOWsutra Cheeky Cabaret BURLESQUE"
Blessed Are the Cracked EP X3,https://soundcloud.com/bananasutra/sets/blessed-are-the-cracked-ep-x3,GLOWsutra,JAZZ,JAZZ,3,599,4,0:00:00,https://i1.sndcdn.com/artworks-d9e5zeXofS20S4AQ-Lb1s5g-t500x500.png,L-30,2024-12-11 23:08,"BURLESQUEsutra, GLOWsutra : RAINBOWS (in my clouds), GLOWsutra where gratitude feeds, JAZZsutra","Blessed Are the Cracked Waltz #2, Blessed Are the Cracked Waltz #1, Blessed Are the Cracked Jazz"
Blessed Be the Dogs ☰ SHOWsutra EPx9 ☰ Post-Punk Burlesque ROCK,https://soundcloud.com/bananasutra/sets/blessed-be-the-dogs-showsutra-epx9-post-punk-burlesque-rock,SHOWsutra,"BURLESQUE,ROCK","BURLESQUE,PUNK,ROCK",9,1830,27,0:00:00,https://i1.sndcdn.com/artworks-kAEVcohylwIZch0q-ThHu4Q-t500x500.png,L-31,,"BOWsutra : (Thank) Dogs, ROCKsutra, SHOWsutra where bananas play","[06] Blessed Be The Dogs • SHOWsutra Post-Punk Burlesque ROCK, [03] Blessed Be The Dogs • SHOWsutra Post-Punk Burlesque ROCK, [01] Blessed Be The Dogs • SHOWsutra Post-Punk Burlesque ROCK, [02] Blessed Be The Dogs • SHOWsutra Post-Punk Burlesque ROCK, [08] Blessed Be The Dogs • SHOWsutra Post-Punk Burlesque ROCK, [05] Blessed Be The Dogs • SHOWsutra Post-Punk Burlesque ROCK, [04] Blessed Be The Dogs • SHOWsutra Post-Punk Burlesque ROCK, [09] Blessed Be The Dogs • SHOWsutra Post-Punk Burlesque ROCK, [07] Blessed Be The Dogs • SHOWsutra Post-Punk Burlesque ROCK"
Bloom Past Doom (Apes Gone Wrong Series) EPx5 - BLOWsutra (Revolt Now)  Grassroots Hope Song,https://soundcloud.com/bananasutra/sets/bloom-past-doom-apes-gone-wrong-series-epx5-blowsutra-revolt-now-grassroots-hope-song,BLOWsutra,"BURLESQUE,FOLK,INDIE,JAZZ","BURLESQUE,CABARET,COUNTRY,FOLK,INDIE,JAZZ,PSYCHEDELIC,SOUL",5,3419,37,0:00:00,https://i1.sndcdn.com/artworks-NfNdCTLZ9C9HupPU-ETvEcw-t500x500.png,L-36,,"BLOWsutra, BLOWsutra : REVOLT (now), BURLESQUEsutra, FOLKsutra, INDIEsutra, QUACKsutra where we sing FU","[02] Bloom Past Doom (Apes Gone Wrong) - BLOWsutra (Revolt Now) Psychedelic Indie Ballad FOLK, [01] Bloom Past Doom (Apes Gone Wrong) - BLOWsutra (Revolt Now) Psychedelic Country Soul FOLK, [03] Bloom Past Doom - BLOWsutra (Revolt Now) Cello Circus Chanson Cabaret BURLESQUE, [05] Bloom Past Doom - BLOWsutra (Revolt Now) Bass Heartbeat Pluck Cello Jazz INDIE, [04] Bloom Past Doom - BLOWsutra (Revolt Now) Cello Bass Burlesque Jazz Symphony INDIE"
Bloom Past Doom - Vol. 2 · 2 songs EPx7 - BLOWsutra (Revolution Ring Series) Fusion Jazz,https://soundcloud.com/bananasutra/sets/bloom-past-doom-vol-2-2-songs-epx7-blowsutra-revolution-ring-series-fusion-jazz,BLOWsutra,"BANJO,BLUES,BURLESQUE,DUB,FOLK,INDIE,JAZZ","BANJO,BLUES,BURLESQUE,DUB,FOLK,GIPSY,INDIE,JAZZ,PSYCHEDELIC",7,5482,67,0:00:00,https://i1.sndcdn.com/artworks-UsXPQkqEgN2gCzJ6-0lSKCQ-t500x500.png,L-34,,"BLOWsutra, BLUESsutra, DUBsutra, FOLKsutra, INDIEsutra, JAZZsutra","Side B [05] Revolution's Lit (This Ain't Fiction) - BLOWsutra Revolt Now Jazzy INDIE, Side A [01] Dare to Care (This Issue is Real) - BLOWsutra Revolt Now Jazzy Gipsy Blues DUB, Side A [03] Dare to Care (This Issue is Real) - BLOWsutra Revolt Now Dubby Bluesy Burlesque JAZZ, Side B [07] Revolution's Lit (This Ain't Fiction) - BLOWsutra Revolt Now Bluesy Psychedelic Americana Banjo FOLK, Side A [04] Dare to Care (This Issue is Real) - BLOWsutra Revolt Now Dubby Jazzy Blues BLUES, Side B [06] Revolution's Lit (This Ain't Fiction) - BLOWsutra Revolt Now Cello Accordion Burlesque INDIE, Side A [02] Dare to Care (This Issue is Real) - BLOWsutra Revolt Now Dubby Bluesy Burlesque JAZZ"
Bo Burnham Gone Bananas 🍌 COVERsutra Vaudeville Indie JAZZ EPx11,https://soundcloud.com/bananasutra/sets/bo-burnham-gone-bananas-coversutra-epx11,SHOWsutra,"BLUES,BURLESQUE,DUB,INDIE,JAZZ,LOFI","BLUES,BURLESQUE,DUB,INDIE,JAZZ,LOFI",11,4186,46,0:00:00,https://i1.sndcdn.com/artworks-0cRNu3FFXne8uJuk-QwQNJA-t500x500.png,L-37,2026-03-07 23:40,"BURLESQUEsutra, DUBsutra, INDIEsutra, JAZZsutra, LOFIsutra","[09] What's Funny (Bo Burnham Gone Bananas) • COVERsutra Indie Jazz BURLESQUE, [06] F*CK (Bo Burnham Gone Bananas) - COVERsutra Candid Piano JAZZ, [07] F*CK (Bo Burnham Gone Bananas) - COVERsutra Candid Piano Jazz INDIE, [08] F*CK (Bo Burnham Gone Bananas) - COVERsutra Candid INDIE, [04] God's Perspective (Bo Burnham Gone Bananas) - COVERsutra Jazz INDIE, [11] Problematic (Bo Burnham Gone Bananas) - COVERsutra Indie Pop LOFI, [01] Welcome to the Internet (Bo Burnham Gone Bananas) - COVERsutra Indie JAZZ, [10] What's Funny (Bo Burnham Gone Bananas) - COVERsutra Indie Reggae DUB, [05] F*CK (Bo Burnham Gone Bananas) - COVERsutra Candid Piano JAZZ, [02] Welcome to the Internet (Bo Burnham Gone Bananas) • COVERsutra Indie Piano Burlesque JAZZ, [03] God's Perspective (Bo Burnham Gone Bananas) - COVERsutra Blues INDIE"
But(t) How Can You? GROWsutra (Dare to Care) EPx10,https://soundcloud.com/bananasutra/sets/butt-how-can-you-growsutra-epx10,GROWsutra,"DUB,INDIE,LOFI","DUB,GIPSY,HIP HOP,INDIE,LOFI,PSYCHEDELIC,RAGGA",10,4254,16,0:00:00,https://i1.sndcdn.com/artworks-wzNXJ0kKC1UWtYRu-qF7vrw-t500x500.png,L-38,2026-03-06 21:23,"DUBsutra, GROWsutra where we be brave, INDIEsutra, LOFIsutra","[07] But(t) How Can You GROWsutra Psychedelic Gipsy Fusion LOFI 1, [04] But(t) How Can You GROWsutra Dem Sed Psychedelic Ragga DUB, [10] But(t) How Can You GROWsutra Mama-b-c Magick Cello Prayer Dream INDIE, [02] But(t) How Can You GROWsutra Dem Sed Psychedelic Ragga DUB, [05] But(t) How Can You GROWsutra F-Bomb Psychedelic Hip Hop LOFI, [06] But(t) How Can You GROWsutra Psychedelic Gipsy Fusion LOFI, [09] But(t) How Can You GROWsutra Mama-b-c Magick Cello Prayer Dream INDIE, [08] But(t) How Can You GROWsutra Psychedelic Gipsy Fusion LOFI, [03] But(t) How Can You GROWsutra Dem Sed Psychedelic Ragga DUB, [01] But(t) How Can You GROWsutra Dem Sed Psychedelic Ragga DUB"
But(t) How you Kids Learn Now? EPx9 VOL. 01,https://soundcloud.com/bananasutra/sets/butt-how-you-kids-learn-now-epx9-vol-01,KNOWsutra,"FOLK,INDIE,JAZZ","FOLK,INDIE,JAZZ",9,1951,29,0:00:00,https://i1.sndcdn.com/artworks-s7JwXEm6wQmnuT1J-ySHR0g-t500x500.png,L-100,2025-04-14 18:55,"BANJOsutra, BURLESQUEsutra, FOLKsutra, GROWsutra where we be brave, JAZZsutra, KNOWsutra : (naked) TRUTH","[8] How do kids learn • DRUM FOLKsutra, [2] How do kids learn • Accordion BURLESQUEsutra, [4] How do kids learn • Bluesy FOLKsutra, [7] How do kids learn • Tango FOLKsutra, [3] How do kids learn • FOLK BANJOsutra, [6] How do kids learn • Indie FOLKsutra, [1] How do kids learn • Accordion JAZZ BURLESQUEsutra, [0] How do kids learn • Destiny JAZZsutra (high), [5] How do kids learn • Bluesy DUBsutra"
Carnival FOTUS (ctd) EP X3,https://soundcloud.com/bananasutra/sets/carnival-fotus-ctd-ep-x3,SHOWsutra,BURLESQUE,BURLESQUE,3,549,6,0:00:00,https://i1.sndcdn.com/artworks-MzAkEow42yD4mCMA-FITGfQ-t500x500.png,L-41,,"BURLESQUEsutra, QUACKsutra : FOTUS Circus, QUACKsutra where we sing FU, SHOWsutra where bananas play","Carnival FOTUS #3 - ACCORDIONsutra, Carnival FOTUS #2 - ACCORDIONsutra, Carnival FOTUS #1 - ACCORDIONsutra"
Cassandra’s Lullaby • KNOWsutra EPx11 World,https://soundcloud.com/bananasutra/sets/cassandras-lullaby,KNOWsutra,"BLUES,BURLESQUE,FOLK,INDIE,JAZZ,MANTRA","BLUES,BURLESQUE,FOLK,INDIE,JAZZ,MANTRA",11,2594,35,0:00:00,https://i1.sndcdn.com/artworks-8MtzAVxPSN3vdqbc-b7c54g-t500x500.png,L-39,,"BLUESsutra, BURLESQUEsutra, FOLKsutra, INDIEsutra, KNOWsutra : PEACE (not War), KNOWsutra where questions matter, MANTRAsutra","[11] Cassandra's Lullaby • Jewish Drum Indie Jazz MANTRA, [06] Cassandra's Lullaby • Jewish World INDIE FOLK, [02] Cassandra's Lullaby • French Accordion Burlesque INDIE FOLK, [01] Cassandra's Lullaby • French Accordion World INDIE JAZZ, [07] Cassandra's Lullaby • Jewish Jazz World INDIE FOLK, [03] Cassandra's Lullaby • World Reckoning INDIE FOLK, [05] Cassandra's Lullaby • Jewish Jazz INDIE FOLK, [04] Cassandra's Lullaby • Jewish Jazz INDIE FOLK, [08] Cassandra's Lullaby • Jewish World INDIE FOLK, [09] Cassandra's Lullaby • Jewish World INDIE BLUES, [10] Cassandra's Lullaby • Jewish Jazz INDIE BLUES"
Courage · Care · and Coconuts © GROWsutra EPx4,https://soundcloud.com/bananasutra/sets/courage-care-and-coconuts-growsutra-epx4,GROWsutra,"FOLK,INDIE","FOLK,INDIE",4,1014,6,0:00:00,https://i1.sndcdn.com/artworks-QE4Tkx0EyHytvlYD-6WhWtA-t500x500.png,L-43,2025-05-23 12:12,"BANJOsutra, FOLKsutra, GROWsutra : KIND(ness), GROWsutra where we be brave, LOFIsutra","[04] Courage, Care, and Coconuts - Folk encore BANJOsutra, [01] Courage, Care, and Coconuts (Kindness is Clear more than Nice) - LOFIsutra, [02] Courage, Care, and Coconuts (Kindness is Clear more than Nice) - Dreamy Indie FOLKsutra, [03] Courage, Care, and Coconuts - Folk BANJOsutra"
Creepy Con Meme EPX2 • Dicky Ducky DUBsutra,https://soundcloud.com/bananasutra/sets/creepy-con-meme-epx2-dicky-ducky-dubsutra,BLOWsutra,DUB,DUB,2,549,4,0:00:00,https://i1.sndcdn.com/artworks-DywO4KaBtyF8CyML-ToVQ2g-t500x500.png,L-45,2025-02-22 21:09,"DUBsutra, LOFIsutra, QUACKsutra : DUCK (shady), QUACKsutra where we sing FU","Creepy Con Meme • Ducky LOFIsutra, Creepy Con Meme • Dicky DUBsutra"
CREEPYPASTA (what the hella) ♅ SHOWsutra ♅ EPx23 Side A+B,https://soundcloud.com/bananasutra/sets/creepypasta-what-the-hella-showsutra-epx23-side-ab,SHOWsutra,"BANJO,BURLESQUE,DUB,INDIE,LOFI","BANJO,BURLESQUE,DUB,GIPSY,INDIE,LOFI,PSYCHEDELIC,PUNK,RAGGA",27,7010,45,0:00:00,https://i1.sndcdn.com/artworks-fcCvHghEuNgLNX4y-dpY9Mg-t500x500.png,L-47,,"BANJOsutra, BURLESQUEsutra, DUBsutra, INDIEsutra, LOFIsutra, SHOWsutra : B.J. (is for Banana Jesters), SHOWsutra where bananas play","Side B [05] CREEPYPASTA • SHOWsutra Psychedelic Indie Cello LOFI, Side A [13] CREEPYPASTA • SHOWsutra Psychedelic Post-Punk Gipsy Chanson BURLESQUE, Side B [10] CREEPYPASTA • SHOWsutra Rebound & Rise Ragga LoFi DUB, Side B [02] CREEPYPASTA • SHOWsutra Trip Storyteller LOFI, Side B [06] CREEPYPASTA • SHOWsutra Psychedelic Indie Cello LOFI, Side B [03] CREEPYPASTA • SHOWsutra Psychedelic Cello Indie LOFI, Side B [07] CREEPYPASTA • SHOWsutra Anonymous DUBSTEP, Side A [11] CREEPYPASTA • SHOWsutra Psychedelic Post-Punk Gipsy Chanson BURLESQUE, Side B [04] CREEPYPASTA • SHOWsutra Psychedelic Cello Indie LOFI, Side A [03] CREEPYPASTA • SHOWsutra Booya Bloograss BANJO, Side A [02] CREEPYPASTA • SHOWsutra Banana Banger BANJO, Side B [08] CREEPYPASTA • SHOWsutra What Shall We Hope For Ragga DUB, Side B [09] CREEPYPASTA • SHOWsutra What Shall We Hope For Ragga DUB, Side A [07] CREEPYPASTA • SHOWsutra Psychedelic Post-Punk Gipsy Chanson BURLESQUE, Side B [01] CREEPYPASTA • SHOWsutra Trip Storyteller LOFI, Side A [10] CREEPYPASTA • SHOWsutra Psychedelic Post-Punk Gipsy Chanson BURLESQUE, Side A [04] CREEPYPASTA • SHOWsutra Hide Yo Pets Bluegrass BANJO, Side A [09] CREEPYPASTA • SHOWsutra Psychedelic Post-Punk Gipsy Chanson BURLESQUE, Side A [08] CREEPYPASTA • SHOWsutra Psychedelic Post-Punk Gipsy Chanson BURLESQUE, Side A [06] CREEPYPASTA • SHOWsutra Psychedelic Post-Punk Gipsy Chanson BURLESQUE, Side A [01] CREEPYPASTA • SHOWsutra Banana Banger BANJO, Side A [05] CREEPYPASTA • SHOWsutra Psychedelic Post-Punk Gipsy Chanson BURLESQUE, Side A [12] CREEPYPASTA • SHOWsutra Psychedelic Post-Punk Gipsy Chanson BURLESQUE"
CREEPYPASTA (what the hella) ♲ LoFi DUB Edition ♲ SoundCloud is broken REDUX,https://soundcloud.com/bananasutra/sets/creepypasta-what-the-hella-lofi-dub-edition-soundcloud-is-broken-redux,SHOWsutra,"DUB,INDIE,LOFI","DUB,INDIE,LOFI,PSYCHEDELIC,RAGGA",4,772,5,0:00:00,https://i1.sndcdn.com/artworks-fcCvHghEuNgLNX4y-dpY9Mg-t500x500.png,L-49,2025-10-21 23:25,"DUBsutra, SHOWsutra where bananas play","Side B [10] CREEPYPASTA • SHOWsutra Rebound & Rise Ragga LoFi DUB, Side B [04] CREEPYPASTA • SHOWsutra Psychedelic Cello Indie LOFI, Side B [09] CREEPYPASTA • SHOWsutra What Shall We Hope For Ragga DUB, Side B [08] CREEPYPASTA • SHOWsutra What Shall We Hope For Ragga DUB"
Creo (La Poesia) ☘ EPx10 VOL.01 ☘ Bananasutra En Español,https://soundcloud.com/bananasutra/sets/creo-la-poesia-epx10-vol01-bananasutra-en-espanol,GLOWsutra,DUB,"DUB,FADO,FLAMENCO,PSYCHEDELIC,RAGGA",10,4678,47,0:00:00,https://i1.sndcdn.com/artworks-HYGREko4IUXdrDm0-LliGgA-t500x500.png,L-51,2025-05-27 13:06,"DUBsutra, GLOWsutra : POET(ry), GLOWsutra where gratitude feeds, MANTRAsutra, WORLDsutra : SPAN(k)ish","[08] Creo - (Fbomb) Hip Dub Hop, [05] Creo - Cello Accordion Psychedelic Circus 2, [09] Creo - (Fbomb) Hip Dub Hop 2, [10] Creo - Drum MANTRAsutra, [01] Creo (la poesia) - Arabesk Flamenco, [04] Creo - Cello Accordion Psychedelic Circus 1, [03] Creo (la poesia) - Contrabass Guitar Classico, [07] Creo - Ragga DUBsutra, [06] Creo - Muse DUBsutra, [02] Creo (la poesia) - Arabesk Fado"
Crimina/els EP,https://soundcloud.com/bananasutra/sets/crimina-els-ep,BLOWsutra,"BLUES,JAZZ","BLUES,CABARET,GIPSY,JAZZ",3,551,6,0:00:00,https://i1.sndcdn.com/artworks-N2bJW7Tqp3S7Ldn6-PMk8kA-t500x500.jpg,L-48,,"BLOWsutra, BLOWsutra : APES (gone wrong), BURLESQUEsutra, FOLKsutra, FRENCHsutra oui oui · sacrebleu, OUI OUI : Pardon (my French), SINGLEsutra Exclusive SoundCloud (woo)","Criminels • C’est la vie haha • Bananasutra(FRENCH), Crrriminals (v2) • emoPunkRock Jazz Cabaret Chanson • Bananasutra(BLOW), Criminals • Gipsy emoPunk Blues Cabaret Chanson • Bananasutra(BLOW)"
Curious Like A Kiss • FLOWsutra Cheeky Duende EPx11,https://soundcloud.com/bananasutra/sets/curious-like-a-kiss-flowsutra-epx11,FLOWsutra,"BURLESQUE,DUB,INDIE,LOFI","BURLESQUE,DUB,FLAMENCO,GIPSY,INDIE,LOFI",11,7865,63,0:00:00,https://i1.sndcdn.com/artworks-zbyI4lbDpbvjrsBi-cszDDA-t500x500.png,L-54,2026-03-11 18:25,"BURLESQUEsutra, FLOWsutra where time is space, INDIEsutra, LOFIsutra","[09] Curious Like A Kiss • FLOWsutra Cheeky Duende Arabesk Dub LOFI, [05] Curious Like A Kiss • FLOWsutra La Poesita Flamenco Duende Dub INDIE, [07] Curious Like A Kiss • FLOWsutra Cheeky Duende Gipsy Fusion LOFI, [03] Curious Like A Kiss • FLOWsutra La Poesita Flamenco Duende Dub INDIE, [11] Curious Like A Kiss • FLOWsutra Miss Cheeky Classic DUB, [04] Curious Like A Kiss • FLOWsutra La Poesita Flamenco Duende Dub INDIE, [10] Curious Like A Kiss • FLOWsutra Cheeky Duende Arabesk Dub LOFI, [02] Curious Like A Kiss • FLOWsutra Oh Boy Piano Waltz BURLESQUE, [08] Curious Like A Kiss • FLOWsutra Cheeky Duende Gipsy Fusion LOFI, [06] Curious Like A Kiss • FLOWsutra La Poesita Flamenco Duende Dub INDIE, [01] Curious Like A Kiss • FLOWsutra Fun French Fanana BURLESQUE"
Daddy's a Creep ⚞  P3d0 T-Shirts ON SALE ⚟ BLOWsutra EPx4,https://soundcloud.com/bananasutra/sets/daddys-a-creep-p3d0-t-shirts-on-sale-blowsutra-epx4,BLOWsutra,"BLUES,BURLESQUE,JAZZ,LOFI","BLUES,BURLESQUE,JAZZ,LOFI",4,780,5,0:00:00,https://i1.sndcdn.com/artworks-fryyTDM2WyR2DKBA-QI4BwQ-t500x500.png,L-56,2025-07-06 22:28,"BLUESsutra, BURLESQUEsutra, FOTUS CIRCUS Playlist An American Freaks Show, MANTRAsutra, QUACKsutra : FOTUS Circus, QUACKsutra where we sing FU","Daddy’s Shirt - FOTUS CIRCUS Oh Boy BURLESQUE, Daddy’s Shirt - FOTUS CIRCUS Oh Boy BURLESQUE, Daddy’s Shirt - FOTUS CIRCUS Arabesk Jazz LOFI, Daddy’s Shirt - Murican FOTUS CIRCUS BLUES"
Darling EP,https://soundcloud.com/bananasutra/sets/arthur-darling,BOWsutra,INDIE,INDIE,4,1548,22,0:00:00,https://i1.sndcdn.com/artworks-sm0RyWK8U9ogWbAR-vvmBLg-t500x500.png,L-53,2024-11-20 21:30,"BOWsutra : DEATH (is nothing), BOWsutra the last of 7 sutras · it's divine <3, INDIEsutra, JAZZsutra, MANTRAsutra","#4 Darling - JAZZsutra, #3 Darling - JAZZsutra, #2 Darling - JAZZsutra, #1 Darling - JAZZsutra"
DEFY (Vol 2) - 3 Songs EPx6 - BLOWsutra Revolution Ring LoFi Jazz Fusion,https://soundcloud.com/bananasutra/sets/defy-vol-2-3-songs-epx6-blowsutra-revolution-ring-lofi-jazz-fusion,BLOWsutra,"BURLESQUE,JAZZ,LOFI","BURLESQUE,JAZZ,LOFI,PSYCHEDELIC,TRIP HOP",7,7633,50,0:00:00,https://i1.sndcdn.com/artworks-ZOzjbG3qBNgMzOWS-9LnxjQ-t500x500.png,L-219,,"BLOWsutra, BURLESQUEsutra, JAZZsutra, LOFIsutra","[BONUS] Shameless - DEFY EP Vol 2 - BLOWsutra Revolution Ring Psychedelic Piano Jazz BURLESQUE, Side B [02] Optics of Cruelty - DEFY EP Vol 2 - BLOWsutra Revolution Ring Psychedelic Trip Hop(e) LOFI, Side B [01] Shameless - DEFY EP Vol 2 - BLOWsutra Revolution Ring Psychedelic Trip Hop(e) LOFI, Side B [03] Universal Currency - DEFY EP Vol 2 - BLOWsutra Revolution Ring Psychedelic Trip Hop(e) LOFI, Side A [03] Universal Currency - DEFY EP Vol 2 - BLOWsutra Revolution Ring Psychedelic Piano Burlesque JAZZ, Side A [02] Optics of Cruelty - DEFY EP Vol 2 - BLOWsutra Revolution Ring Psychedelic Piano Burlesque JAZZ, Side A [01] Shameless - DEFY EP Vol 2 - BLOWsutra Revolution Ring Psychedelic Piano Burlesque JAZZ"
DEFY ✰ 3 Songs EPx7 ✰ BLOWsutra Jazzy Folk Lo-Fi BLUES,https://soundcloud.com/bananasutra/sets/defy-3-songs-epx7-blowsutra-jazzy-folk-lo-fi-blues,BLOWsutra,"BLUES,FOLK,JAZZ,LOFI","BLUES,FOLK,JAZZ,LOFI,TRIP HOP",7,1529,11,0:00:00,https://i1.sndcdn.com/artworks-YZdPzrWX9SlHjJ6q-GKzInQ-t500x500.png,L-219,,"BLOWsutra, BLOWsutra : REVOLT (now), BLUESsutra, LOFIsutra","[05] DEFY (Song 2) • Optics of Cruelty • BLOWsutra Jazzy Trip Hop LOFI, [02] DEFY (Song 1) • Shameless • KNOWsutra BLUES, [01] DEFY (Song 1) • Shameless • KNOWsutra BLUES, [04] DEFY (Song 2) • Optics of Cruelty • BLOWsutra Trip Hop LOFI, [03] DEFY (Song 2) • Optics of Cruelty • BLOWsutra JAZZ LOFI, [06] DEFY (Song 3) Universal Currency • FOLK, [07] DEFY (Song 3) Universal Currency • Destiny BLUES"
Do Panic Now ✝ GROWsutra EPx13,https://soundcloud.com/bananasutra/sets/do-panic-now-growsutra-epx13,GROWsutra,"DUB,FOLK,INDIE,JAZZ,LOFI,MANTRA","DUB,FOLK,GIPSY,INDIE,JAZZ,LOFI,MANTRA,RAGGA",13,2550,18,0:00:00,https://i1.sndcdn.com/artworks-BsO5CMcHbZ0M93kT-isQTpA-t500x500.png,L-61,,"BLOWsutra : REVOLT (now), DUBsutra, FOLKsutra, INDIEsutra, JAZZsutra, LOFIsutra, MANTRAsutra","[13] DO PANIC NOW - Murica Galaxy Rule Number 1 - psyLOFI MANTRA, [07] DO PANIC NOW - 42 Flavors of Fools - Murica Galaxy Rule Number 1 - Indie LOFI, [08] DO PANIC NOW - DO PANIC NOW - 42 Flavors of Fools - Murica Galaxy Rule Number 1 - psyLOFI, [12] DO PANIC NOW - Murica Galaxy Rule Number 1 - Ragga DUB, [11] DO PANIC NOW - Murica Galaxy Rule Number 1 - DUB, [09] DO PANIC NOW - Murica Galaxy Rule Number 1 - Jazz Hop LOFI, [10] DO PANIC NOW - Murica Galaxy Rule Number 1 - DUB, [04] DO PANIC NOW - Murica Galaxy Rule Number 1 - Bass JAZZ, [06] DO PANIC NOW - Murica Galaxy Rule Number 1 - Gipsy LOFI, [03] DO PANIC NOW - Murica Galaxy Rule Number 1 - Bass Jazz INDIE, [01] DO PANIC NOW - Murica Galaxy Rule Number 1 - Sweet FOLK, [02] DO PANIC NOW - Murica Galaxy Rule Number 1 - Cello Folk INDIE, [05] DO PANIC NOW - Murica Galaxy Rule Number 1 - Cello JAZZ"
Donkeys Years - SHOWsutra Fanana Club Gratitude EPx20,https://soundcloud.com/bananasutra/sets/donkeys-years-showsutra-fanana-club-gratitude-epx20,SHOWsutra,"BURLESQUE,DUB,INDIE,JAZZ,LOFI,ROCK","BURLESQUE,CABARET,DUB,FLAMENCO,GIPSY,INDIE,JAZZ,LOFI,PSYCHEDELIC,RAGGA,ROCK",20,10795,103,0:00:00,https://i1.sndcdn.com/artworks-09nrbUudNilo3UyQ-Qz1LzA-t500x500.png,L-63,,"BURLESQUEsutra, INDIEsutra, JAZZsutra, LOFIsutra, SHOWsutra : FANANA Club, SHOWsutra where bananas play","Side B [15] Donkeys Years • SHOWsutra Fanana Club Gipsy Cabaret Piano Bass BURLESQUE, Side B [11] Donkeys Years • SHOWsutra Fanana Club Gipsy Cabaret Indie Piano Bass JAZZ, Side B [16] Donkeys Years • SHOWsutra Fanana Club Psychedelic Gipsy IBYN Cabaret Rock BURLESQUE, Side B [10] Donkeys Years • SHOWsutra Fanana Club Gipsy She Wanna Know Upright Indie Bass JAZZ, Side A [02] Donkeys Years • SHOWsutra Fanana Club Gipsy La Poesita Cabaret Dub INDIE, BONUS [20] Donkeys Years • SHOWsutra Fanana Club Gipsy Cabaret Ragga Mama Dub DUB, Side B [18] Donkeys Years • SHOWsutra Fanana Club Gipsy Oh Boy Accordion Circus Waltz BURLESQUE, Side A [08] Donkeys Years • SHOWsutra Fanana Club Gipsy Cabaret Indie Cello LOFI, Side A [03] Donkeys Years • SHOWsutra Fanana Club Gipsy La Poesita Cabaret Dub INDIE, Side B [14] Donkeys Years • SHOWsutra Fanana Club Gipsy Piano Kitten Cabaret Burlesque JAZZ, Side A [06] Donkeys Years • SHOWsutra Fanana Club Gipsy Cabaret Indie LOFI, Side B [19] Donkeys Years • SHOWsutra Fanana Club Gipsy Oh Boy Accordion Circus Waltz BURLESQUE, Side B [12] Donkeys Years • SHOWsutra Fanana Club Gipsy Cabaret Indie Piano Bass JAZZ, Side A [09] Donkeys Years • SHOWsutra Fanana Club Gipsy Cabaret Indie Cello LOFI, Side B [17] Donkeys Years • SHOWsutra Fanana Club Psychedelic Gipsy IBYN Cabaret Rock BURLESQUE, Side A [01] Donkeys Years • SHOWsutra Fanana Club Gipsy Flamenco Cabaret Dub INDIE, Side A [07] Donkeys Years • SHOWsutra Fanana Club Gipsy Cabaret Indie LOFI, Side A [04] Donkeys Years • SHOWsutra Fanana Club Gipsy La Poesita Cabaret Dub INDIE, Side A [05] Donkeys Years • SHOWsutra Fanana Club Gipsy Cabaret Indie LOFI, Side B [13] Donkeys Years • SHOWsutra Fanana Club Gipsy Piano Kitten Cabaret Burlesque JAZZ"
Double Standards EPx3 VOL. 1 • BURLESQUEsutra,https://soundcloud.com/bananasutra/sets/double-standards-epx3-burlesquesutra,GROWsutra,BURLESQUE,BURLESQUE,3,609,10,0:00:00,https://i1.sndcdn.com/artworks-EbCkPt5OXsQDVEWJ-qwqVYw-t500x500.jpg,L-59,,"BLOWsutra, BLOWsutra : APES (gone wrong), BURLESQUEsutra, DUBsutra, JAZZsutra, KNOWsutra where questions matter","Double (decking) Standards VOL. 1 • BURLESQUEsutra, Double (decking) Standards VOL. 1 • DUBsutra, Double (decking) Standards VOL. 1 • Piano BURLESQUEsutra"
Double Standards EPx4 VOL. 2 ★ BLOWsutra LOFI,https://soundcloud.com/bananasutra/sets/double-standards-ep-4-vol-2,BLOWsutra,"FOLK,LOFI","FOLK,LOFI",4,755,4,0:00:00,https://i1.sndcdn.com/artworks-CzCzt9mTlZWzjTqp-8FLR4g-t500x500.png,L-59,,"FOLKsutra, GROWsutra : DARE (to care), GROWsutra where we be brave, JAZZsutra, MANTRAsutra","[4] Double Standards (in a world of shadows) • VOL. 2 • Acapela MANTRAsutra, [2] Double Standards (in a world of unspoken lies) • VOL. 2 • LOFI FOLKsutra, [3] Double Standards (in a world of unspoken lies) • VOL. 2 • Bass LOFIsutra, [1] Double Standards (why we can't be brave) • VOL. 2 • LOFI FOLK"
Dressed in (nothing butt) Wonder ★ Exxxplore and Play (EP) x16 Bananas,https://soundcloud.com/bananasutra/sets/dressed-in-nothing-butt-wonder-exxxplore-and-play-ep-x16-bananas,SHOWsutra,"BURLESQUE,DUB,FOLK","BURLESQUE,DUB,FOLK,RAGGA",16,3233,35,0:00:00,https://i1.sndcdn.com/artworks-1DyhYd51j78cqPch-AJYylQ-t500x500.png,L-65,2025-04-06 22:50,"BANJOsutra, BLUESsutra, SHOWsutra : FANANA Club, SHOWsutra where bananas play","[16] Life is a costume party • Circus BURLESQUEsutra, [05] Tell 'Em Now, Cha Cha Cha • contraBASS JAZZsutra, [07] Queen if Heart Dressed in Wonder • Miss Cheeky Dub JAZZsutra, [10] Dressed in Wonder Ooh La La • Plucky FOLKsutra, [08] Dressed in Wonder • Miss Cheeky Jazzy FOLKsutra, [15] Oh My Cha Cha Cha • Accordion BURLESQUEsutra, [12] That Je Ne Sais Quoi • Acapela Folk BLUESsutra, [13] Red Tutu POV • Chachacha Burlesque BLUESsutra, [01] Dressed in Wonder • psyBLUES BANJOsutra, [14] Dressed to Tango • Accordion BURLESQUEsutra, [09] Dressed for Wonder Ooh la la • Cheeky FOLKsutra, [04] Wonderland •  contraBASS JAZZsutra, [11] I'm just a dreamer, dear • Destiny BLUESsutra, [02] In my wonderland ooh la la • psyQueen of Authentic • BANJOsutra, [06] Dolled Up Hon Ragga Cha Cha • Rebound DUBsutra, [03] Call it Wonderland • Destiny's BLUESsutra"
Dump Trump EPx4 🪦 BLOWsutra Burlesque ROCK,https://soundcloud.com/bananasutra/sets/dump-trump-epx4-blowsutra-burlesque-rock,BLOWsutra,"BURLESQUE,LOFI,MANTRA,ROCK","BURLESQUE,LOFI,MANTRA,PUNK,ROCK",4,719,5,0:00:00,https://i1.sndcdn.com/artworks-j9D9XVaWNRVgQ3WS-Ns1zng-t500x500.png,L-61,2025-09-04 20:33,"LOFIsutra, QUACKsutra : DUCK (shady), QUACKsutra where we sing FU, ROCKsutra","[03] Dump Trump - QUACKsutra Burlesque Punk ROCK, [01] Dump Trump - QUACKsutra Burlesque Punk ROCK, [02] Dump Trump - QUACKsutra Burlesque Punk ROCK, [04] Dump Trump - QUACKsutra Drum LoFi MANTRA"
Easy (Death Is Nothing At All) ❣ BOWsutra EPx9,https://soundcloud.com/bananasutra/sets/easy-death-is-nothing-at-all-bowsutra-epx9,BOWsutra,"BANJO,BLUES,DUB,INDIE","BANJO,BLUES,DUB,INDIE",9,2013,25,0:00:00,https://i1.sndcdn.com/artworks-bzZBqdfk2aR7Mc8I-ba7MdA-t500x500.png,L-62,2025-09-26 19:38,"BLUESsutra, BOWsutra : DEATH (is nothing), BOWsutra the last of 7 sutras · it's divine <3, DUBsutra, INDIEsutra","[06] Easy (Death Is Nothing At All) • BOWsutra Poetry is the Bridge Indie DUB, [01] Easy (Death Is Nothing At All) • BOWsutra Weary Banjo Mama BLUES, [07] Easy (Death Is Nothing At All) • BOWsutra La Poesita Peace DUB INDIE, [04] Easy (Death Is Nothing At All) • BOWsutra Poetry is the Bridge Indie DUB, [08] Easy (Death Is Nothing At All) • BOWsutra La Poesita Peace DUB INDIE, [02] Easy (Death Is Nothing At All) • BOWsutra Kindness is in the Depth Dubby BLUES, [05] Easy (Death Is Nothing At All) • BOWsutra Poetry is the Bridge Indie DUB, [09] Easy (Death Is Nothing At All) • BOWsutra Mama-b-c Cello INDIE, [03] Easy (Death Is Nothing At All) • BOWsutra Kindness is in the Depth Dubby BLUES"
Ego Ain't Your Amigo • Vol. 2 · EPx21 • BLOWsutra (Ego Gone Loco)  Dub LoFi Burlesque,https://soundcloud.com/bananasutra/sets/ego-aint-your-amigo-vol2-epx21-blowsutra-dub-lofi,BLOWsutra,"BLUES,BURLESQUE,DUB,FOLK,INDIE,JAZZ,LOFI,ROCK","BLUES,BURLESQUE,DUB,FLAMENCO,FOLK,GIPSY,HIP HOP,INDIE,JAZZ,LOFI,PSYCHEDELIC,PUNK,ROCK",21,27017,282,0:00:00,https://i1.sndcdn.com/artworks-qfOVhmHG1WJJqjc9-k1w2VA-t500x500.png,L-63,,"BLOWsutra, BLOWsutra : EGO (gone loco), BLUESsutra, BURLESQUEsutra, DUBsutra, LOFIsutra","[06] Ego Ain't Your Amigo • BLOWsutra (Ego Gone Loco) Psychedelic Bridge Poetry Folk DUB, [19] Ego Ain't Your Amigo • BLOWsutra (Ego Gone Loco) Post-Punk Psychedelic IBYN Rock BURLESQUE, [08] Ego Ain't Your Amigo • BLOWsutra (Ego Gone Loco) She Wanna Know Psychedelic Jazz Fusion DUB, [10] Ego Ain't Your Amigo • BLOWsutra (Ego Gone Loco) She Wanna Know Psychedelic Jazz Fusion DUB, [05] Ego Ain't Your Amigo • BLOWsutra (Ego Gone Loco) Psychedelic Bridge Poetry Folk DUB, [18] Ego Ain't Your Amigo • BLOWsutra (Ego Gone Loco) Post-Punk Psychedelic IBYN Rock BURLESQUE, [09] Ego Ain't Your Amigo • BLOWsutra (Ego Gone Loco) She Wanna Know Psychedelic Jazz Fusion DUB, [21] Ego Ain't Your Amigo • BLOWsutra (Ego Gone Loco) Queen of Authentic Dubby Psychedelic Folk BLUES, [17] Ego Ain't Your Amigo • BLOWsutra (Ego Gone Loco) Psychedelic Gipsy Indie Jazz Fusion LOFI, [07] Ego Ain't Your Amigo • BLOWsutra (Ego Gone Loco) Psychedelic Bridge Poetry Folk DUB, [20] Ego Ain't Your Amigo • BLOWsutra (Ego Gone Loco) Post-Punk Psychedelic IBYN Rock BURLESQUE, [14] Ego Ain't Your Amigo • BLOWsutra (Ego Gone Loco) Psychedelic Gipsy Indie Jazz Fusion LOFI, [02] Ego Ain't Your Amigo • BLOWsutra (Ego Gone Loco) La Poesita Psychedelic Indie Flamenco DUB, [11] Ego Ain't Your Amigo • BLOWsutra (Ego Gone Loco) Bruh Dubby Psychedelic Hip Hop Dub LOFI, [01] Ego Ain't Your Amigo • BLOWsutra (Ego Gone Loco) La Poesita Psychedelic Indie Flamenco DUB, [12] Ego Ain't Your Amigo • BLOWsutra (Ego Gone Loco) Psychedelic Cello Burlesque Jazz LOFI, [03] Ego Ain't Your Amigo • BLOWsutra (Ego Gone Loco) La Poesita Psychedelic Indie Flamenco DUB, [13] Ego Ain't Your Amigo • BLOWsutra (Ego Gone Loco) Psychedelic Cello Burlesque Jazz LOFI, [04] Ego Ain't Your Amigo • BLOWsutra (Ego Gone Loco) Psychedelic Bridge Poetry Folk DUB, [16] Ego Ain't Your Amigo • BLOWsutra (Ego Gone Loco) Psychedelic Gipsy Indie Jazz Fusion LOFI, [15] Ego Ain't Your Amigo • BLOWsutra (Ego Gone Loco) Psychedelic Gipsy Indie Jazz Fusion LOFI"
Ego Ain't Your Amigo ⭐︎ EPx14 VOL. 01 ⭐︎ True Tales of BLUESsutra,https://soundcloud.com/bananasutra/sets/ego-aint-your-amigo-epx14-vol-01-true-tales-of-bluessutra,BLOWsutra,"BANJO,BLUES,BURLESQUE,DUB,FOLK,JAZZ","BANJO,BLUES,BURLESQUE,DUB,FOLK,JAZZ",14,2693,22,0:00:00,https://i1.sndcdn.com/artworks-6Al7JWcSGShXvOzO-NMakyQ-t500x500.jpg,L-63,,"BANJOsutra, BLUESsutra, BURLESQUEsutra, DUBsutra, FOLKsutra, FOTUS CIRCUS Playlist An American Freaks Show, GROWsutra where we be brave, JAZZsutra, KNOWsutra where questions matter, QUACKsutra : DUCK (shady), QUACKsutra where we sing FU","[07] Ego  Ain't Your Amigo - Kindness is the plucking BANJO, [02] Ego Ain't Your Amigo - Destiny Oh Hi Oh Hey Banjo Blues, [13] Ego Ain't Your Amigo (at Marlago) - Hide your Pets Yo BANJO, [03] Ego Ain't Your Amigo - Destiny Folk Banjo Blues, [10] Ego Ain't Your Amigo - Queen Banjo FOLK, [12] Ego Ain't Your Amigo - Drum me Jazzy Blues(grassy), [05] Ego Ain't Your Amigo - pbgal Bassy Jazz BURLESQUE, [09] Ego Ain't Your Amigo - Miss Cheeky dubby String me Piano JAZZ, [08] Ego Ain't Your Amigo - Kindness is the depth banjo 1, [06] Ego Ain't Your Amigo (at Marlago) - Kindness is the depth BLUES, [01] Ego Ain't Your Amigo (Fasho at Marlago) - oh hi salty honey bluesy JAZZ tempo, [14] Ego Ain't Your Amigo - Hide your Pets banjo, [11] Ego Ain't Your Amigo - Fast DUB Muse Flow, [04] Ego Ain't Your Amigo - Piano Jazz Gal BURLESQUE"
EGO's Masquerade • EPx4 • BLOWsutra Tzigane Trip Hop Lo-Fi INDIE,https://soundcloud.com/bananasutra/sets/egos-masquerade-epx4-tzigane-trip-hop-lo-fi-indie,BLOWsutra,"INDIE,LOFI","INDIE,LOFI,TRIP HOP",4,820,14,0:00:00,https://i1.sndcdn.com/artworks-JnuEvmR6UOwtbaIM-AYNThw-t500x500.png,L-64,,"BLOWsutra, BLOWsutra : EGO (gone loco), MANTRAsutra","[03] EGO's masquerade • Tzigane Trip Hop Lo-Fi INDIE, [01] EGO's masquerade • Tzigane Trip Hop Lo-Fi INDIE, [02] EGO's masquerade • Tzigane Trip Hop Lo-Fi INDIE, [04] EGO's masquerade • Tzigane Trip Hop Lo-Fi INDIE"
El Papito Leo Es No MAGA Show ☰ KNOWsutra EPx6,https://soundcloud.com/bananasutra/sets/el-papito-leo-es-no-maga-show-knowsutra-epx6,KNOWsutra,"DUB,INDIE,JAZZ","DUB,INDIE,JAZZ",6,3623,24,0:00:00,https://i1.sndcdn.com/artworks-pO4mbYYB5FWshxlE-Emrw6Q-t500x500.png,L-65,2025-06-23 22:28,"DUBsutra, GROWsutra : GOD (etc), INDIEsutra, JAZZsutra","[05] El Papito Leo es No MAGA Show - Cello INDIE, [03] El Papito Leo es No MAGA Show - Muse DUB, [01] El Papito no es loco - Latin JAZZ, [06] El Papito Leo es No MAGA Show - Cello INDIE, [02] El Papito Leo es No MAGA Show - Muse DUB, [04] El Papito Leo es No MAGA Show - Muse DUB"
En Vrai · On Est Tous Frères ䷁ FRENCH BLUESsutra EPx5,https://soundcloud.com/bananasutra/sets/en-vrai-on-est-tous-freres-banjo-frenchsutra-epx5,KNOWsutra,"BANJO,BLUES,FOLK,LOFI,MANTRA","BANJO,BLUES,FOLK,LOFI,MANTRA",5,1334,24,0:00:00,https://i1.sndcdn.com/artworks-LV5LoqM7mHhduC2y-UvDK3w-t500x500.jpg,L-66,,"BANJOsutra, BLUESsutra, FOLKsutra, FRENCHsutra oui oui · sacrebleu, GLOWsutra where gratitude feeds, KNOWsutra where questions matter, LOFIsutra, MANTRAsutra, OUI OUI : Pardon (my French)","En Vrai, On Est Tous Frères • BLUES BANJO FRENCHsutra, En Vrai, On Est Tous Frères • LOFI BLUES FRENCHsutra, En Vrai, On Est Tous Frères • BLUES MANTRA FRENCHsutra, En Vrai, On Est Tous Frères • FOLK FRENCHsutra, En Vrai, On Est Tous Frères • FOLK BANJO FRENCHsutra 5"
Ethical Paradox (Bertrand Undone),https://soundcloud.com/bananasutra/sets/ethical-paradox-bertrand-undone,KNOWsutra,INDIE,INDIE,4,774,8,0:00:00,https://i1.sndcdn.com/artworks-e6OYFWuOzXif0Mz7-XAx0EQ-t500x500.jpg,L-116,2024-12-26 10:06,"BLOWsutra, DUBsutra, FOLKsutra, JAZZsutra, KNOWsutra : BERTRAND (mon chéri), KNOWsutra where questions matter, LOFIsutra, Questions for the (kind) POPE in the Sky","Holy All The Same (two) • LOFIsutra, Holy All The Same (one) • LOFIsutra, Bertrand Undone • FOLKsutra, They Call It Truth • JAZZsutra"
Everybody Knows EP x6 : INDIEsutra,https://soundcloud.com/bananasutra/sets/everybody-knows-epx6-indie-rocksutra,KNOWsutra,INDIE,INDIE,6,805,3,0:00:00,https://i1.sndcdn.com/artworks-idU4oy8bvs1SNH2k-5V1pjg-t500x500.png,L-67,,"BURLESQUEsutra, INDIEsutra, KNOWsutra where questions matter, LOFIsutra, MANTRAsutra, ROCKsutra","Everybody Knows (not) [5], Everybody Knows (not) [3], Everybody Knows (not) [4], Everybody Knows (not) [1], Everybody Knows (not) [2]"
Everybody Knows ✔ Vol. 03 - EPx7 ✔ KNOWsutra Gipsy Trip Hop Truth Prayer Dream,https://soundcloud.com/bananasutra/sets/everybody-knows-vol-03-epx7-knowsutra-gipsy-trip-hop-truth-prayer-dream,KNOWsutra,"BLUES,BURLESQUE,DUB,INDIE,JAZZ,LOFI","BLUES,BURLESQUE,DUB,GIPSY,INDIE,JAZZ,LOFI,PSYCHEDELIC,TRIP HOP",7,4441,56,0:00:00,https://i1.sndcdn.com/artworks-WS97VCa9dwPRoGyv-ajY3dQ-t500x500.png,L-67,,"BLUESsutra, INDIEsutra, KNOWsutra : (naked) TRUTH, KNOWsutra where questions matter","[02] Everybody Knows • KNOWsutra Burlesque Trip Hop Indie Dub Piano BLUES, [05] Everybody Knows • KNOWsutra Psychedelic Trip Hop Cello Waltz INDIE, [06] Everybody Knows • KNOWsutra Burlesque Trip Hop Wa Wa Jazz Bass INDIE, [07] Everybody Knows • KNOWsutra Psychedelic Trip Hop Cello Piano Waltz LoFi INDIE, [04] Everybody Knows • KNOWsutra Burlesque Trip Hop Piano Jazz INDIE, [03] Everybody Knows • KNOWsutra Psychedelic Trip Hop Cello Piano Waltz INDIE, [01] Everybody Knows • KNOWsutra Burlesque Trip Hop Indie Piano BLUES"
F-BOMB ⚝ SHOWsutra DUB EPx7,https://soundcloud.com/bananasutra/sets/f-bomb-showsutra-dub-epx7,SHOWsutra,"BURLESQUE,DUB,INDIE","BURLESQUE,DUB,GIPSY,INDIE",7,1185,5,0:00:00,https://i1.sndcdn.com/artworks-MaDI6oRlKnS475ml-wUwvOA-t500x500.png,L-75,2025-07-02 21:47,DUBsutra,"[03] Dropping Etymological F-Bombs (with George) - Gipsy DUBsutra, [02] Dropping Etymological F-Bombs (with George) - Indie DUBsutra, [07] Dropping Etymological F-Bombs (with George) - DUBsutra, [06] Dropping Etymological F-Bombs (with George) - DUBsutra, [04] Dropping Etymological F-Bombs (with George) - DUBsutra, [05] Dropping Etymological F-Bombs (with George) - DUBsutra, [01] Dropping Etymological F-Bombs (with George) - Burlesque DUBsutra"
Fluye (como el mar) FLOWsutra,https://soundcloud.com/bananasutra/sets/fluye-como-el-mar-flowsutra,FLOWsutra,"DUB,INDIE","DUB,FADO,INDIE,RAGGA",11,4206,41,0:00:00,https://i1.sndcdn.com/artworks-JJ4nzGR7Kbx7XkxH-xkazNQ-t500x500.png,L-71,2025-05-19 11:17,"DUBsutra, FLOWsutra : FLY (like water), INDIEsutra","[07] Fluye • Miss Cheeky DUB (1), [05] Fluye • Queen (of Authentic) DUB (1), [09] Fluye • Muse Prima DUB (1), [04] Fluye • Ordo Arabesk Amoris INDIE, [06] Fluye • Queen (of Authentic) DUB (2), [02] Fluye • La Poesita Fado (1), [11] Fluye • Feel Di (Ragga) Riddim DUB, [10] Fluye • Muse Prima DUB (2), [01] Fluye • Oh My (Socrates) Cello INDIE, [03] Fluye • La Poesita Fado INDIE (1), [08] Fluye • Miss Cheeky DUB (2)"
Foolish EPx5,https://soundcloud.com/bananasutra/sets/foolish-epx5,FLOWsutra,"INDIE,FOLK","INDIE,FOLK",5,1317,26,0:00:00,https://i1.sndcdn.com/artworks-ce9hM1VBBXA95Gge-sqzp2g-t500x500.png,L-73,,"BURLESQUEsutra, DUBsutra, FLOWsutra : WET (my friend), FLOWsutra where time is space, FOLKsutra, INDIEsutra, JAZZsutra","Dripping in Whispers • JAZZsutra, There is a Fool (that never loves you) • FOLKsutra, Absinthe Bliss (Kiss Me Slow) • DUBsutra, Dark (Lace) Rhythms • TANGOsutra, Ah Foolish Me • CIRCUSsutra"
Foolish Goldfish (Forever) ❃ Vol. 02 EPx15 ❃ KNOWsutra Peace (Not War),https://soundcloud.com/bananasutra/sets/foolish-goldfish-forever-vol-02-epx15-knowsutra-peace-not-war,KNOWsutra,"BLUES,DUB,FOLK,INDIE,LOFI","BLUES,DUB,FOLK,INDIE,LOFI,PSYCHEDELIC,SOUL",15,8859,66,0:00:00,https://i1.sndcdn.com/artworks-0YzGiltzEidfTrxR-osiLXg-t500x500.png,L-74,,"BLUESsutra, DUBsutra, FOLKsutra, INDIEsutra, KNOWsutra : PEACE (not War), LOFIsutra","[12] Foolish Goldfish (Forever) • KNOWsutra Peace (Not War) Kindness is in the Depth Bluesy Dub FOLK, [15] Foolish Goldfish (Forever) • KNOWsutra Peace (Not War) Classic Weary True BLUES, [10] Foolish Goldfish (Forever) • KNOWsutra Peace (Not War) Kindness Understands Bluesy Dub FOLK, [13] Foolish Goldfish (Forever) • KNOWsutra Peace (Not War) Kindness is in the Depth Bluesy Dub FOLK, [09] Foolish Goldfish (Forever) • KNOWsutra Peace (Not War) Psychedelic Tzigane Soul Fusion LOFI, [04] Foolish Goldfish (Forever) • KNOWsutra Peace (Not War) Psychedelic Poetry Dubs The Bridge DUB, [06] Foolish Goldfish (Forever) • KNOWsutra Peace (Not War) Psychedelic Tzigane Soul Fusion LOFI, [02] Foolish Goldfish (Forever) • KNOWsutra Peace (Not War) La Poesita Psychedelic Cello Dub INDIE, [05] Foolish Goldfish (Forever) • KNOWsutra Peace (Not War) Psychedelic Poetry Dubs The Bridge DUB, [01] Foolish Goldfish (Forever) • KNOWsutra Peace (Not War) Mama-b-c Psychedelic Cello Dream INDIE, [11] Foolish Goldfish (Forever) • KNOWsutra Peace (Not War) Kindness Understands Bluesy Dub FOLK, [14] Foolish Goldfish (Forever) • KNOWsutra Peace (Not War) Psychedelic Destiny BLUES, [08] Foolish Goldfish (Forever) • KNOWsutra Peace (Not War) Psychedelic Tzigane Soul Fusion LOFI, [07] Foolish Goldfish (Forever) • KNOWsutra Peace (Not War) Psychedelic Tzigane Soul Fusion LOFI, [03] Foolish Goldfish (Forever) • KNOWsutra Peace (Not War) Psychedelic Poetry Dubs The Bridge DUB"
FOTUS CIRCUS ★ VOL.2 EPx10 ★ BURLESQUEsutra,https://soundcloud.com/bananasutra/sets/fotus-circus-vol2-epx10-burlesquesutra,BLOWsutra,"BANJO,BURLESQUE,FOLK,JAZZ,LOFI,ROCK","BANJO,BURLESQUE,FOLK,JAZZ,LOFI,ROCK",10,1697,11,0:00:00,https://i1.sndcdn.com/artworks-44IaWyIDQ4KPbMKz-LMbmBg-t500x500.png,L-82,,"BANJOsutra, FOTUS CIRCUS Playlist An American Freaks Show, LOFIsutra, QUACKsutra : FOTUS Circus","[08] FOTUS Circus VOL. 02 • Step Right In, Don't be Shy • Burlesque QUACKsutra, [10] FOTUS Circus VOL. 02 • Liberty's in Chain • ROCK QUACKsutra, [07] FOTUS Circus Vol. 02 • Ego Lore Galore • QUACKsutra, [09] FOTUS Circus VOL. 02 • It's FOTUS Horror Show Tonight • banjo folk QUACKsutra, [05] FOTUS Circus Vol. 02 • Monkey Dance • QUACKsutra, [03] FOTUS Circus VOL. 02 • Liberty's in Chains • JAZZ LOFI QUACKsutra, [04] FOTUS Circus Vol. 02  • Monkey Dance • QUACKsutra, [01] FOTUS Circus VOL. 02 • This ain't no hollow show • QUACKsutra, [06] FOTUS Circus VOL. 02 • This ain't no hollow show • QUACKsutra, [02] FOTUS Circus VOL. 02 • This ain't no hollow show • QUACKsutra"
FOTUS CIRCUS ★ VOL.3 EPx9 ★ BURLESQUEsutra,https://soundcloud.com/bananasutra/sets/fotus-circus-vol3-epx9-burlesquesutra,BLOWsutra,"BANJO,BURLESQUE,DUB,FOLK,MANTRA","BANJO,BURLESQUE,DUB,FOLK,MANTRA,RAGGA",9,2415,16,0:00:00,https://i1.sndcdn.com/artworks-TISJ7mgoFUnIyF3o-Nc2YDg-t500x500.png,L-82,,"BANJOsutra, FOTUS CIRCUS Playlist An American Freaks Show, MANTRAsutra, QUACKsutra : FOTUS Circus","[07] FOTUS Circus VOL. 03 • When will you be angelic • BURLESQUE QUACKsutra, [04] FOTUS Circus VOL. 03 • Angel Eyes, Devil Lies • Banjo QUACKsutra, [08] FOTUS Circus VOL. 03 • Angel Eyes, Devil Lies • Ragga DUB QUACKsutra, [09] FOTUS Circus  VOL. 03 • Angel Eyes, Devil Lies • MANTRA QUACKsutra, [06] FOTUS Circus VOL. 03 • When will you be angelic (Ginzberg’s Horror Show) • BURLESQUE QUACKsutra, [02] FOTUS Circus VOL. 03 • Angel Eyes, Devil Lies • Folky BANJO QUACKsutra, [03] FOTUS Circus VOL. 03 • Angel Eyes, Devil Lies • Dub QUACKsutra, [05] FOTUS Circus VOL. 03 • Murica, when will you be angelic  • Accordion QUACKsutra, [01] FOTUS Circus VOL. 03 • Angel Eyes, Devil Lies • Folk Banjo QUACKsutra"
FOTUS CIRCUS ★ VOL.4 EPx9 ★ BURLESQUEsutra,https://soundcloud.com/bananasutra/sets/fotus-circus-vol4-epx9-burlesquesutra,BLOWsutra,"BANJO,BURLESQUE,DUB,JAZZ","BANJO,BURLESQUE,DUB,JAZZ",9,3951,22,0:00:00,https://i1.sndcdn.com/artworks-hEoexhjMEJaTLs2Y-y53BjQ-t500x500.png,L-81,,"BANJOsutra, DUBsutra, FOTUS CIRCUS Playlist An American Freaks Show, JAZZsutra, QUACKsutra : FOTUS Circus","[08] FOTUS Circus VOL. 04 • Step Right Up, Murica Freaks (paper staws) • DUB QUACKsutra, [03] FOTUS Circus VOL. 04 • Come On in You Wretched Fools  Plastic Straw Shit Show • Burlesque QUACKsutra, [09] FOTUS Circus VOL. 04 • Step Right Up, My Dearest Souls • DUB QUACKsutra, [04] FOTUS Circus VOL. 04 • Come On in You Wretched Fools - Oh Boy Burlesque QUACKsutra, [02] FOTUS Circus VOL. 04 • Com'on in You Wretched Fools • Burlesque QUACKsutra, [06] FOTUS Circus VOL. 04 • Step Right Up, for Plastic Straws • Banjo QUACKsutra, [07] FOTUS Circus VOL. 04 • Step Right Up my Dearest Souls (Peacock Bling Show) • Burlesque JAZZ QUACKsutra, [01] FOTUS Circus VOL. 04 • Step Right Up my Dearest Souls • Burlesque QUACKsutra, [05] FOTUS Circus VOL. 04 • Com'on in You Wretched Fools • Oh boy Burkesque QUACKsutra"
Freee · La Fille • French SHOWsutra Psychedelic EPx10,https://soundcloud.com/bananasutra/sets/freee-la-fille-french-showsutra-psychedelic-epx10,SHOWsutra,"BURLESQUE,DUB,LOFI","BURLESQUE,DUB,HIP HOP,LOFI,PSYCHEDELIC,RAGGA",10,6698,53,0:00:00,https://i1.sndcdn.com/artworks-RJT0le0yFOpGmfuI-gfY2hw-t500x500.png,L-84,,"BLUESsutra, BURLESQUEsutra, DUBsutra, FRENCHsutra oui oui · sacrebleu, LOFIsutra, OUI OUI : Pardon (my French), SHOWsutra where bananas play","[09] Freee, La Fille • French SHOWsutra Psychedelic Ragga DUB, [07] Freee, La Fille • French SHOWsutra Psychedelic Hip Hop LOFI, [06] Freee, La Fille • French SHOWsutra Psychedelic Hip Hop LOFI, [03] Freee, la fille (remastered) • French SHOWsutra Circus Accordion BURLESQUE, [02] Freee, la fille (remastered) • French SHOWsutra Circus Accordion BURLESQUE, [05] Freee, La Fille • French SHOWsutra Psychedelic Hip Hop LOFI, [04] For Freee, La Fille • French SHOWsutra Psychedelic Xylophone Bruh LOFI, [10] Freee, La Fille • French SHOWsutra Psychedelic Ragga DUB, [08] Freee, La Fille • French SHOWsutra Psychedelic Ragga DUB, [01] Freee, La Fille • French SHOWsutra Psychedelic Accordion Circus BURLESQUE"
Genius EP,https://soundcloud.com/bananasutra/sets/genius,GROWsutra,"FOLK,INDIE,JAZZ","FOLK,INDIE,JAZZ",3,676,9,0:00:00,https://i1.sndcdn.com/artworks-VkDI20lCoNvB6yuu-kEiBRg-t500x500.jpg,L-80,2024-10-28 21:12,"FOLKsutra, GROWsutra : KIND(ness), INDIEsutra, KNOWsutra where questions matter","Genius, You See V.3 • Indie Jazz Folk Lullaby  • sutraKNOW inspired by Albert Einstein, Genius, You See V.2 • Indie Jazzz Folk Lullaby  • sutraKNOW inspired by Albert Einstein, Genius, You See V.1 • Indie Jazz Folk Lullaby  • sutraKNOW inspired by Albert Einstein"
Gladys in Sonderland EPx14 • SHOWsutra Psychedelic Gipsy Dream,https://soundcloud.com/bananasutra/sets/gladys-in-sonderland-epx14-showsutra-psychedelic-gipsy-dream,SHOWsutra,"BANJO,BLUES,BURLESQUE,INDIE,LOFI","BANJO,BLUES,BURLESQUE,GIPSY,INDIE,LOFI,PSYCHEDELIC",14,7679,68,0:00:00,https://i1.sndcdn.com/artworks-6hfJ7MQsBYyjyhKs-VO8orw-t500x500.png,L-83,,"BANJOsutra, BLUESsutra, BURLESQUEsutra, INDIEsutra, SHOWsutra : FANANA Club, SHOWsutra where bananas play","[12] Gladys in Sonderland • SHOWsutra Psychedelic Gipsy Cello Waltz BURLESQUE, [13] Gladys In Sonderland • SHOWsutra Psychedelic Booya Banger Blues BANJO, [14] Gladys In Sonderland • SHOWsutra Weary Psychedelic Mama BLUES, [10] Gladys in Sonderland • SHOWsutra Psychedelic Gipsy Cello Waltz INDIE BURLESQUE, [01] Gladys in Sonderland • SHOWsutra Psychedelic Gipsy Arabesk LoFi Waltz Fool Moon INDIE, [07] Gladys in Sonderland • SHOWsutra Psychedelic Gipsy Cello Waltz Indie BURLESQUE, [03] Gladys in Sonderland • SHOWsutra Psychedelic Gipsy Piano Cello Banjo Waltz Ballad BURLESQUE, [08] Gladys in Sonderland • SHOWsutra Psychedelic Gipsy Cello Waltz Tuba BURLESQUE, [06] Gladys in Sonderland • SHOWsutra Psychedelic Gipsy Cello Waltz Breathing BURLESQUE, [02] Gladys in Sonderland • SHOWsutra Psychedelic Gipsy Tango TaTata Meow Hop LOFI BURLESQUE, [09] Gladys in Sonderland • SHOWsutra Psychedelic Gipsy Cello Waltz Chanson BURLESQUE, [11] Gladys in Sonderland • SHOWsutra Psychedelic Gipsy Accordion Circus Waltz BURLESQUE, [05] Gladys in Sonderland • SHOWsutra Psychedelic Gipsy Piano Piano Waltz Swoon BURLESQUE, [04] Gladys in Sonderland • SHOWsutra Psychedelic Gentle Gipsy Piano Cello Accordion Waltz Cameo BURLESQUE"
Glitter on a Turd ❯ GROWsutra Banana Cabaret EPx5,https://soundcloud.com/bananasutra/sets/glitter-on-a-turd-epx5,GROWsutra,"BURLESQUE,INDIE","BURLESQUE,CABARET,INDIE",5,2491,25,0:00:00,https://i1.sndcdn.com/artworks-XYwpBnKZkAc8nA2R-sfypIw-t500x500.png,L-89,2025-05-23 11:53,"BURLESQUEsutra, GROWsutra : KIND(ness), GROWsutra where we be brave, JAZZsutra, LOFIsutra","[03] Glitter and Guts - Arabesk Indie JAZZsutra, [01] Glitter and Guts - Circus BURLESQUEsutra, [05] Glitter and Guts - Bass Revolution LOFIsutra, [04] Glitter and Guts - oh lordy DUBsutra, [02] Glitter and Guts - (oh boy) Circus BURLESQUE"
Grifters • BLOWsutra (Apes Gone Wrong) EPx14,https://soundcloud.com/bananasutra/sets/grifters-blowsutra-epx14,BLOWsutra,"BANJO,BLUES,BURLESQUE,DUB,FOLK,INDIE,LOFI,ROCK","BANJO,BLUES,BURLESQUE,COUNTRY,DUB,FADO,FLAMENCO,FOLK,GIPSY,HIP HOP,INDIE,LOFI,PSYCHEDELIC,PUNK,ROCK",14,2904,27,0:00:00,https://i1.sndcdn.com/artworks-iPtXxjIVQyjzpElZ-rzZZyw-t500x500.png,L-90,,"BANJOsutra, BLOWsutra, BLUESsutra, BURLESQUEsutra, DUBsutra, INDIEsutra, LOFIsutra","[08] Grifters • BLOWsutra Psychedelic Poetry Folk the Bridge DUB, [06] Grifters • BLOWsutra Psychedelic Post-Punk Country Blues BANJO, [03] Grifters • BLOWsutra IBYN Psychedelic Punk Rock BURLESQUE, [04] Grifters • BLOWsutra Psychedelic Post-Punk Country Burlesque Banjo BLUES, [10] Grifters • BLOWsutra Psychedelic F-Bomb Hip Hop LOFI, [11] Grifters • BLOWsutra Psychedelic F-Bomb Hip Hop LOFI, [13] Grifters • BLOWsutra Psychedelic Gipsy Flamenco Fado Techno World INDIE, [14] Grifters • BLOWsutra Psychedelic Gipsy Flamenco Fado Techno World INDIE, [12] Grifters • BLOWsutra Psychedelic Gipsy Flamenco Fado Techno World INDIE, [01] Grifters • BLOWsutra PBGal Psychedelic Punk Rock BURLESQUE, [05] Grifters • BLOWsutra Psychedelic Post-Punk Country Burlesque Banjo BLUES, [02] Grifters • BLOWsutra PBGal Psychedelic Punk Rock BURLESQUE, [09] Grifters • BLOWsutra Psychedelic Poetry Folk the Bridge DUB, [07] Grifters • BLOWsutra Queen of Authentic Country Banjo Folk Dub BLUES"
Hammy On Clyde ✪ SHOWsutra EPx8,https://soundcloud.com/bananasutra/sets/hammy-on-clyde-showsutra-epx8,SHOWsutra,"BLUES,DUB,FOLK,JAZZ,LOFI","BLUES,DUB,FOLK,GIPSY,JAZZ,LOFI",8,1571,11,0:00:00,https://i1.sndcdn.com/artworks-safSzuvAHiwvn0LF-0u5a3Q-t500x500.png,L-86,,"BANJOsutra, BLUESsutra, BOWsutra : (Thank) Dogs, DUBsutra, JAZZsutra, LOFIsutra, SHOWsutra where bananas play","[05] Hammy on Clyde - SHOWsutra Cello JAZZ LOFI, [03] Hammy on Clyde - SHOWsutra Psy Gipsy Blues JAZZ, [06] Hammy on Clyde - SHOWsutra Cello JAZZ LOFI, [01] Hammy on Clyde - Destiny BLUES, [04] Hammy on Clyde - SHOWsutra Psy Gipsy Blues JAZZ, [02] Hammy on Clyde - Queen of Authentic FOLK, [08] Hammy on Clyde - SHOWsutra Cheeky DUB, [07] Hammy on Clyde - SHOWsutra Cheeky DUB"
Hard Core (Questions that Matter) X5,https://soundcloud.com/bananasutra/sets/hard-core-x5,KNOWsutra,BURLESQUE,BURLESQUE,5,4657,44,0:00:00,https://i1.sndcdn.com/artworks-TawBy2TG82lsrzx3-SEV7yw-t500x500.png,L-93,,"BANJOsutra, BLUESsutra, BURLESQUEsutra, FOTUS CIRCUS Playlist An American Freaks Show, JAZZsutra, KNOWsutra : (naked) TRUTH, KNOWsutra where questions matter, QUACKsutra where we sing FU, Questions for the (kind) POPE in the Sky","#5 Hard Core : Honey BLUESutra, #4 Hard Core : Burlesque Honeysutra, #3 Hard Core : Honey BLUESutra, #2 Hard Core : Honey JAZZsutra, #1 Hard Core : Honey JAZZsutra"
HashtagWHY (to be ctd...),https://soundcloud.com/bananasutra/sets/hashtagwhy-to-be-ctd,KNOWsutra,ROCK,PUNK ROCK,2,529,5,0:00:00,https://i1.sndcdn.com/artworks-0LTSLaDkEUo21nzx-OHpjRw-t500x500.jpg,L-94,,"BANJOsutra, KNOWsutra : but(t) WHY, KNOWsutra where questions matter, MANTRAsutra","What makes your spirit alive • BANJOsutra (Dreamer’s Hunger), What makes your spirit alive • CELLOsutra (Dreamer’s Hunger)"
Hello · Oh No • EPx16 • GROWsutra Psychedelic Logic Harmonics,https://soundcloud.com/bananasutra/sets/hello-oh-no-growsutra-psychedelic-epx16,GROWsutra,"BANJO,BLUES,BURLESQUE,DUB,FOLK,INDIE,JAZZ,LOFI","BANJO,BLUES,BURLESQUE,CABARET,DUB,FLAMENCO,FOLK,GIPSY,INDIE,JAZZ,LOFI,PSYCHEDELIC,PUNK",16,10998,120,0:00:00,https://i1.sndcdn.com/artworks-X8yzz8V1uH0GpZZw-fED3yQ-t500x500.png,L-89,2026-02-26 22:16,"DUBsutra, GROWsutra where we be brave","[15] Hello, Oh No • GROWsutra Post-Punk Piano Bar Gal Cabaret BURLESQUE, [13] Hello, Oh No • GROWsutra Psychedelic Booya Folk Bluegrass BANJO, [01] Hello, Oh No • GROWsutra Psychedelic Folk Poetry Bridges the DUB, [05] Hello, Oh No • GROWsutra La Poesita Gipsy Flamenco DUB, [06] Hello, Oh No • GROWsutra La Poesita Gipsy Flamenco DUB, [08] Hello, Oh No • GROWsutra Psychedelic Gipsy Fusion LOFI, [16] Hello, Oh No • GROWsutra Post-Punk Piano Bar Gal Cabaret BURLESQUE, [03] Hello, Oh No • GROWsutra Psychedelic Folk Poetry Bridges the DUB, [12] Hello, Oh No • GROWsutra Psychedelic Queen of Authentic Dubby Folk Banjo BLUES, [02] Hello, Oh No • GROWsutra Psychedelic Folk Poetry Bridges the DUB, [10] Hello, Oh No • GROWsutra Ethicaly Gipsy Psychedelic JAZZ, [04] Hello, Oh No • GROWsutra What Shall We Hope For PsyRagga DUB, [14] Hello, Oh No • GROWsutra Psychedelic Booya Folk Bluegrass BANJO, [09] Hello, Oh No • GROWsutra Psychedelic Circus Indie Tango JAZZ, [11] Hello, Oh No • GROWsutra Psychedelic Queen of Authentic Dubby Folk Banjo BLUES"
Hereby · I Cry ☠ BLOWsutra EPx5,https://soundcloud.com/bananasutra/sets/hereby-i-cry-blowsutra-epx5,BLOWsutra,"DUB,FOLK,JAZZ,MANTRA","DUB,FOLK,GIPSY,JAZZ,MANTRA",5,1531,22,0:00:00,https://i1.sndcdn.com/artworks-AJnyssyEpQIFaGYl-f1dxCg-t500x500.png,L-90,,"BLOWsutra, DUBsutra, FOLKsutra, FOTUS CIRCUS Playlist An American Freaks Show, GROWsutra : DARE (to care), JAZZsutra, MANTRAsutra, QUACKsutra where we sing FU","[04] Hereby, I Cry • We Sing mo' DUB, [05] Hereby, I Cry • Arabesk Drum MANTRA, [02] Hereby, I Cry - Gipsy Dubstep JAZZ, [03] Hereby, I Cry • We Sing DUB, [01] Hereby, I Cry - Gipsy Cello FOLK"
Hey · Creeps • EPx20 • BLOWsutra Ego Gone Loco,https://soundcloud.com/bananasutra/sets/hey-creeps-epx20-blowsutra-ego-gone-loco,BLOWsutra,"BURLESQUE,DUB,INDIE,JAZZ,LOFI,ROCK","BURLESQUE,DUB,GIPSY,HIP HOP,INDIE,JAZZ,LOFI,PSYCHEDELIC,PUNK,ROCK",20,10957,87,0:00:00,https://i1.sndcdn.com/artworks-D95jhvq945VUHBlk-M2mkVQ-t500x500.png,L-91,2025-11-23 19:48,"BLOWsutra, BLOWsutra : EGO (gone loco), DUBsutra, LOFIsutra, ROCKsutra","[18] Hey, Creeps • BLOWsutra Ego Gone Loco I Burlesque You Not Psychedelic ROCK, [20] Hey, Creeps • BLOWsutra Ego Gone Loco I Burlesque You Not Psychedelic ROCK, [19] Hey, Creeps • BLOWsutra Ego Gone Loco I Burlesque You Not Psychedelic ROCK, [17] Hey, Creeps • BLOWsutra Ego Gone She Wanna Know Psychedelic LoFi Jazz DUB, [03] Hey, Creeps • BLOWsutra Ego Gone à la Psychedelic Gipsy Grouchy Cosmic Punk LOFI, [11] Hey, Creeps • BLOWsutra Ego Gone Loco Tzigane Fusion LOFI, [16] Hey, Creeps • BLOWsutra Ego Gone She Wanna Know Psychedelic LoFi Jazz DUB, [10] Hey, Creeps • BLOWsutra Ego Gone Bamboozlers Indie CelLOFI, [15] Hey, Creeps • BLOWsutra Ego Gone Psychedelic Hip Hop Storyteller LOFI, [12] Hey, Creeps • BLOWsutra Ego Gone Loco Tzigane Fusion LOFI, [02] Hey, Creeps • BLOWsutra Ego Gone à la Psychedelic Gipsy Grouchy Cosmic Punk LOFI, [14] Hey, Creeps • BLOWsutra Ego Gone Psychedelic Hip Hop Storyteller LOFI, [04] Hey, Creeps • BLOWsutra Ego Gone à la Psychedelic Gipsy Grouchy Cosmic Punk LOFI, [01] Hey, Creeps • BLOWsutra Ego Gone à la Psychedelic Gipsy Bonobo Cosmic Punk LOFI, [09] Hey, Creeps • BLOWsutra Ego Gone Bamboozlers Indie CelLOFI, [07] Hey, Creeps • BLOWsutra Ego Gone Bamboozlers Indie CelLOFI, [08] Hey, Creeps • BLOWsutra Ego Gone Bamboozlers Indie CelLOFI, [06] Hey, Creeps • BLOWsutra Ego Gone Bamboozlers Indie CelLOFI, [05] Hey, Creeps • BLOWsutra Ego Gone Bamboozlers Indie CelLOFI, [13] Hey, Creeps • BLOWsutra Ego Gone Psychedelic Hip Hop Storyteller LOFI"
Hey · You ✖ EPx8 ✖ BLOWsutra Indie Punk ROCK,https://soundcloud.com/bananasutra/sets/hey-you-blowsutra-jazz-punk-rock,BLOWsutra,"BURLESQUE,INDIE,ROCK","BURLESQUE,INDIE,PUNK,ROCK",7,1468,8,0:00:00,https://i1.sndcdn.com/artworks-8zXPkONAqcbxOwwP-p3Wifg-t500x500.png,L-98,,"BLOWsutra, BLOWsutra : EGO (gone loco), BURLESQUEsutra, INDIEsutra, ROCKsutra","[03] Hey, You - BLOWsutra psyPunk ROCK, [05] Hey, You - BLOWsutra psyPunk ROCK, [01] Hey, You - BLOWsutra psyPunk ROCK, [07] Hey, You - BLOWsutra psyPunk BURLESQUE, [06] Hey, You - BLOWsutra rawPunk ROCK, [02] Hey, You - BLOWsutra psyPunk ROCK, [04] Hey, You - BLOWsutra psyPunk ROCK"
Hi · My Name Is (Not Celine Dion) - Vol02 EPx11 - SHOWsutra Dubby Grass Burlesque Edition,https://soundcloud.com/bananasutra/sets/hi-my-name-is-not-celine-dion-vol02-epx11-showsutra-dubby-grass-burlesque-edition,SHOWsutra,"BANJO,BURLESQUE,DUB,FOLK,JAZZ","BANJO,BURLESQUE,COUNTRY,DUB,FOLK,JAZZ,PSYCHEDELIC",11,2070,13,0:00:00,https://i1.sndcdn.com/artworks-8AeGeNBuRUKrnybC-5NKduw-t500x500.png,L-93,2025-10-17 10:17,"BANJOsutra, BURLESQUEsutra, DUBsutra, FOLKsutra, JAZZsutra, SHOWsutra : FANANA Club, SHOWsutra where bananas play","[07] Hi, My Name Is (Not Celine Dion) • SHOWsutra Psychedelic Circus BURLESQUE, [09] Hi, My Name Is (Not Celine Dion) • SHOWsutra Cello Circus Waltz BURLESQUE, [10] Hi, My Name Is (Not Celine Dion) • SHOWsutra Cello Circus Waltz BURLESQUE, [08] Hi, My Name Is (Not Celine Dion) • SHOWsutra Cello Circus Waltz BURLESQUE, [02] Hi, My Name Is (Not Celine Dion) - SHOWsutra Burlesque Country Fiddle BANJO, [06] Hi, My Name Is (Not Celine Dion) - SHOWsutra Circus Accordion Jazz BURLESQUE, [03] Hi, My Name Is (Not Celine Dion) - SHOWsutra Burlesque Banjo FOLK, [04] Hi, My Name Is (Not Celine Dion) - SHOWsutra PBGal Burlesque Piano Bar FOLK, [11] Hi, My Name Is (Not Celine Dion) • SHOWsutra Cello Circus Waltz BURLESQUE, [01] Hi, My Name Is (Not Celine Dion) - SHOWsutra Bluesy Burlesque DUB, [05] Hi, My Name Is (Not Celine Dion) - SHOWsutra I Burlesque You Not JAZZ"
Hi · My Name Is (Not Celine Dion) - Vol03 EPx11 - SHOWsutra Gipsy Trip Hop World LoFi Edition,https://soundcloud.com/bananasutra/sets/hi-my-name-is-not-celine-dion-vol03-epx11-showsutra-gipsy-trip-hop-world-lofi-edition,SHOWsutra,LOFI,"GIPSY,LOFI,TRIP HOP",11,2360,32,0:00:00,https://i1.sndcdn.com/artworks-F6v264OYqZyCDfpy-bKUKiA-t500x500.png,L-93,2025-10-17 10:24,"LOFIsutra, SHOWsutra : FANANA Club, SHOWsutra where bananas play","[10] Hi, My Name Is (Not Céline Dion) - SHOWsutra Gipsy Fusion Trip Hop World LOFI, [11] Hi, My Name Is (Not Céline Dion) - SHOWsutra Gipsy Fusion Trip Hop World LOFI, [04] Hi, My Name Is (Not Céline Dion) - SHOWsutea Gipsy Fusion Trip Hop World LOFI, [08] Hi, My Name Is (Not Céline Dion) - SHOWsutra Gipsy Fusion Trip Hop World LOFI, [03] Hi, My Name Is (Not Céline Dion) - SHOWsutra Gipsy Fusion Trip Hop World LOFI, [09] Hi, My Name Is (Not Céline Dion) - SHOWsutra Gipsy Fusion Trip Hop World LOFI, [02] Hi, My Name Is (Not Céline Dion) - SHOWsutra Gipsy Fusion Trip Hop World LOFI, [05] Hi, My Name Is (Not Céline Dion) - SHOWsutra Gipsy Fusion Trip Hop World LOFI, [01] Hi, My Name Is (Not Céline Dion) - SHOWsutra Gipsy Fusion Trip Hop World LOFI, [06] Hi, My Name Is (Not Céline Dion) - SHOWsutra Gipsy Fusion Trip Hop World LOFI, [07] Hi, My Name Is (Not Céline Dion) - SHOWsutea Gipsy Fusion Trip Hop World LOFI"
Hold the Mic · Babe  EP X7 | Soul Prayer Lullabies,https://soundcloud.com/bananasutra/sets/hold-the-mic-babe-soul,GROWsutra,"BLUES,FOLK,MANTRA",SOUL,7,5083,23,0:00:00,https://i1.sndcdn.com/artworks-ZzVNwSHzbhNq9mzn-vHyL4w-t500x500.png,L-96,,"BANJOsutra, BOWsutra the last of 7 sutras · it's divine <3, DUBsutra, GROWsutra : KIND(ness), GROWsutra where we be brave, JAZZsutra, MANTRAsutra","#6 Hold the Mic, Babe ☰ DRUMsutra Vocal Hug, #5 Hold the Mic, Babe ☰ DUBsutra Hug for Ya, Babe, #1 Hold the Mic, Babe ☰ BANJOsutra Vocal Hug, #4 Hold the Mic, Babe ☰ JAZZsutra Hug for Ya, Babe, #7 Hold the Mic, Babe ☰ DRUMsutra Vocal Hug, #3 Hold the Mic, Babe ☰ BANJOsutra Hug for Ya, Babe, #2 Hold the Mic, Babe ☰ DUBsutra Vocal Hug"
Hope is So Do-Do-Dope 🎪🦤 SHOWsutra Surreal Soul Circus EPx9,https://soundcloud.com/bananasutra/sets/hope-is-so-do-do-dope-showsutra-surreal-soul-circus-epx9,SHOWsutra,"BURLESQUE,INDIE,ROCK","BURLESQUE,GIPSY,INDIE,PSYCHEDELIC,ROCK,SOUL",9,1365,9,0:00:00,https://i1.sndcdn.com/artworks-6nsPwxZLywLDp58z-pvh8Pw-t500x500.png,L-104,2025-09-24 18:31,"BURLESQUEsutra, INDIEsutra, ROCKsutra, SHOWsutra where bananas play","[04] Hope is so do-do-dope • SHOWsutra Psychedelic Accordion Duende Waltz Circus BURLESQUE, [05] Hope is so do-do-dope • SHOWsutra Psychedelic Accordion Duende Waltz Circus BURLESQUE, [08] Hope Is So Do-Do-Dope • SHOWsutra Absurd Gipsy Psychedelic BURLESQUE ROCK, [06] Hope Is So Do-Do-Dope • SHOWsutra Absurd Gipsy Psychedelic BURLESQUE ROCK, [03] Hope is so do-do-dope • SHOWsutra Psychedelic Accordion Duende Waltz Circus BURLESQUE, [02] Hope Is So Do-Do-Dope • SHOWsutra Absurd Gipsy Psychedelic Circus BURLESQUE, [01] Hope is So Do-Do-Dope • SHOWsutra Mama-b-c Gipsy Cello Peace INDIE, [07] Hope Is So Do-Do-Dope • SHOWsutra Absurd Gipsy Psychedelic BURLESQUE ROCK, [09] Hope Is So Do-Do-Dope • SHOWsutra Absurd Gipsy Psychedelic BURLESQUE ROCK"
How to Help a Bible Bro Grow Up · In the name of Religious Freedom,https://soundcloud.com/bananasutra/sets/how-to-help-a-bible-bro-grow-up-in-the-name-of-religious-freedom,GROWsutra,"DUB,FOLK,INDIE","DUB,FOLK,INDIE",7,1744,16,0:00:00,https://i1.sndcdn.com/artworks-iut6y3WtyieWGgpN-uNGjiA-t500x500.png,L-222,2025-04-13 18:49,"BANJOsutra, BURLESQUEsutra, DUBsutra, FOLKsutra, GROWsutra : GOD (etc), GROWsutra where we be brave, JAZZsutra, LOFIsutra, MANTRAsutra, QUACKsutra where we sing FU, Questions for the (kind) POPE in the Sky","[7] Your rules don’t apply to me • Indie MANTRAsutra, [1] How to Help a Bible Bro Grow Up • BANANAsutra (eat it) Jazzy Dub FOLK, [2] Watch your Mouth Yup (please) • folky dandy BANJOsutra, [4] Shush the Bull Bro (Please) • DUBsutra, [5] Shush your Mouth (Please) • DUBsutra, [3] Shush it Up Yo (Please) • DUBsutra, [6] How to Help a Bible Bro Grow Up (2) • BANANAsutra (lick it) ChillHOP"
I Ain't No Christian (No Holy Fool) ♥ EPx4 VOL.02,https://soundcloud.com/bananasutra/sets/i-aint-no-christian-no-holy-fool-epx4-vol02,SHOWsutra,"BLUES,BURLESQUE,FOLK,INDIE,ROCK","BLUES,BURLESQUE,FOLK,INDIE,ROCK,SOUL",4,733,8,0:00:00,https://i1.sndcdn.com/artworks-FXu0T1aNuzRuPyMB-olhCZA-t500x500.png,L-109,,"BLUESsutra, BURLESQUEsutra, FOLKsutra, INDIEsutra, KNOWsutra where questions matter, QUACKsutra where we sing FU, Questions for the (kind) POPE in the Sky, ROCKsutra","[2] I Ain't No Christian (lalalou) • Campy Soul FOLK, [x] Single rePLAY •  No Holy Fool (I Ain't No Christian) • Soulful Jazzy BLUES, [3] I Ain't No Christian (No Holy Fool) • Indie Folk ROCK, [1] I Ain't No Christian (No Holy Fool) • Jazzy Piano BURLESQUE"
I Did the Math · and Everything is Stupid • SHOWsutra Snoopy Fanana Club EPx11,https://soundcloud.com/bananasutra/sets/i-did-the-math-and-everything-is-stupid-showsutra-snoopy-fanana-club-epx11,SHOWsutra,"BURLESQUE,DUB,INDIE,JAZZ,ROCK","BURLESQUE,DUB,GIPSY,INDIE,JAZZ,PSYCHEDELIC,PUNK,ROCK",11,10126,100,0:00:00,https://i1.sndcdn.com/artworks-MzZS6UnLWFjCH0yw-Ud0ziA-t500x500.png,L-110,,"BURLESQUEsutra, DUBsutra, INDIEsutra, ROCKsutra","[Bonus] I did the Math, and Everything is Stupid • SHOWsutra Snoopy Poopy INDIE, [06] I Did the Math (and Everything is Stupid) • SHOWsutra Psychedelic Burlesque Indie ROCK, [03] I Did the Math (and Everything is Stupid) • SHOWsutra Indie Accordion Chanson BURLESQUE, [10] Everything is Stupid, Absurd, and Divine • SHOWsutra Psy Punk Chanson Burlesque ROCK, [04] I Did the Math (and Everything is Stupid) • SHOWsutra Indie Chanson Gipsy BURLESQUE, [07] I Did the Math (and Everything is Stupid) • SHOWsutra Psychedelic Burlesque Indie ROCK, [09] Everything is Stupid, Absurd, and Divine • SHOWsutra Psy Punk Chanson Burlesque ROCK, [02] I Did the Math (and Everything is Stupid) • SHOWsutra Jazzy Indie Dub BURLESQUE, [05] I Did the Math (and Everything is Stupid) • SHOWsutra Psychedelic Burlesque Indie ROCK, [01] I Did the Math, and Everything is Stupid • SHOWsutra Indie Jazz Burlesque Snoopy DUB, [08] Everything is Stupid, Absurd, and Divine • SHOWsutra Psy Punk Burlesque ROCK"
I Think I Need a Good Spank!ng (in Madrid) ⚯ SHOWsutra EPx9,https://soundcloud.com/bananasutra/sets/i-think-i-need-a-good-spankng-in-madrid-showsutra-epx9,SHOWsutra,"BURLESQUE,DUB,INDIE,JAZZ","BURLESQUE,DUB,FADO,HIP HOP,INDIE,JAZZ",9,1593,13,0:00:00,https://i1.sndcdn.com/artworks-PfxPRXz3WMhUPWjS-5CSzRQ-t500x500.png,L-106,2025-07-02 23:26,"BURLESQUEsutra, DUBsutra, FLOWsutra : WET (my friend), INDIEsutra, JAZZsutra, LOFIsutra","[06] I think I need a good spank!ng (in Madrid) • Accordion BURLESQUE DUB, [07] I think I need a good spank!ng (in Madrid) • Quirky Accordion BURLESQUE DUB, [02] I think I need a good spank!ng (in Madrid) • Fado JAZZ BURLESQUE, [08] I think I need a good spank!ng (in Madrid) • Hip Hop lalala DUB, [04] I think I need a good spank!ng (in Madrid) • Husky Drum Cello INDIE JAZZ, [BONUS] I think I need a good spank!ng (in Madrid) • Hip Hop Remix, [01] I think I need a good spank!ng (in Madrid) • Mama Cello INDIE, [05] I think I need a good spank!ng (in Madrid) • Accordion BURLESQUE JAZZ, [03] I think I need a good spank!ng (in Madrid) • Minimal Piano Cello JAZZ"
Idiocracy Now ✪ QUACKsutra EPx10,https://soundcloud.com/bananasutra/sets/idiocracy-now-quacksutra-epx10,BLOWsutra,"BANJO,BURLESQUE,FOLK,INDIE,LOFI,ROCK","BANJO,BURLESQUE,COUNTRY,FOLK,INDIE,LOFI,PUNK,ROCK",10,1771,16,0:00:00,https://i1.sndcdn.com/artworks-PbQdusXHHfL2vzQG-PVycmg-t500x500.png,L-107,,"BANJOsutra, FOLKsutra, INDIEsutra, QUACKsutra : FOTUS Circus, QUACKsutra where we sing FU, ROCKsutra","[03] Idiocracy Now • QUACKsutra Booya Country Circus Folk BANJO, [08] Idiocracy Now • QUACKsutra Post-Punk Burlesque ROCK, [09] Idiocracy Now • QUACKsutra Post-Punk Burlesque ROCK, [07] Idiocracy Now • QUACKsutra Post-Punk Burlesque Punk ROCK, [04] Idiocracy Now • QUACKsutra Booya Country Circus Folk BANJO, [02] Idiocracy Now • QUACKsutra World LoFi Fusion FOLK, [06] Idiocracy Now • QUACKsutra Hide your Pets Country Circus Folk BANJO, [10] Idiocracy Now • QUACKsutra Cello Bamboozling LoFi INDIE, [01] Idiocracy Now • QUACKsutra World Fusion FOLK, [05] Idiocracy Now • QUACKsutra Hide your Pets Country Circus Folk BANJO"
If We Had But(t) The Truth • Vol. 2 EPx22 • BLOWsutra (Censored) Epstein Etcetera Soundtrack,https://soundcloud.com/bananasutra/sets/if-we-had-butt-the-truth-vol-2-epx22-blowsutra-censored-epstein-etcetera-soundtrack,BLOWsutra,"BLUES,BURLESQUE,DUB,FOLK,INDIE,JAZZ,LOFI,ROCK","BLUES,BURLESQUE,CABARET,DUB,FOLK,GIPSY,INDIE,JAZZ,LOFI,PSYCHEDELIC,RAGGA,ROCK,TRIP HOP",22,13521,100,0:00:00,https://i1.sndcdn.com/artworks-1InxeLQ1c3LnQwmz-u75GhQ-t500x500.png,L-108,2026-01-25 23:52,"BLOWsutra, BLOWsutra : CENSOR(ed), BLUESsutra, BURLESQUEsutra, DUBsutra, FOLKsutra, INDIEsutra, LOFIsutra, QUACKsutra where we sing FU","Side B [15] If We Had But(t) The Truth • BLOWsutra (Censored) Gipsy Psychedelia Accordion Cello Indie FOLK, Side A [08] If We Had But(t) The Truth • BLOWsutra (Censored) Folk Poetry on the Bridge DUB, Side A [07] If We Had But(t) The Truth • BLOWsutra (Censored) PsyFolk Poetry on the Bridge DUB, Side A [10] If We Had But(t) The Truth • BLOWsutra (Censored) WSWHFN Ragga Mama DUB, Side A [05] If We Had But(t) The Truth • BLOWsutra (Censored) Storyteller Hip Trip Hop LOFI, Side B [20] If We Had But(t) The Truth • BLOWsutra (Censored) Burlesque PsyGipsy Cello Jazz INDIE, Side B [19] If We Had But(t) The Truth • BLOWsutra (Censored) Burlesque PsyGipsy Cello Jazz INDIE, Side B [13] If We Had But(t) The Truth • BLOWsutra (Censored) Destiny Classic Psychedelia BLUES, Side A [04] If We Had But(t) The Truth • BLOWsutra (Censored) Jazzy Psychedelic Hip Trip Hop LOFI, Side B [22] If We Had But(t) The Truth • BLOWsutra (Censored) Burlesque PsyGipsy Cello Jazz INDIE, Side B [21] If We Had But(t) The Truth • BLOWsutra (Censored) Burlesque PsyGipsy Cello Jazz INDIE, Side A [12] If We Had But(t) The Truth • BLOWsutra (Censored) Dem Sed Ragga Mama DUB, Side B [18] If We Had But(t) The Truth • BLOWsutra (Censored) PsyPunk Rock Cabaret BURLESQUE, Side A [11] If We Had But(t) The Truth • BLOWsutra (Censored) Dem Sed Ragga Mama DUB, Side A [01] If We Had But(t) The Truth • BLOWsutra (Censored) Jazzy Psychedelic Hip Trip Hop LOFI, Side A [02] If We Had But(t) The Truth • BLOWsutra (Censored) Jazzy Psychedelic Hip Trip Hop LOFI, Side A [06] If We Had But(t) The Truth • BLOWsutra (Censored) Folk Poetry on the Bridge DUB, Side B [17] If We Had But(t) The Truth • BLOWsutra (Censored) PsyPunk Rock Cabaret BURLESQUE, Side A [03] If We Had But(t) The Truth • BLOWsutra (Censored) Jazzy Psychedelic Hip Trip Scratch Hop LOFI, Side A [09] If We Had But(t) The Truth • BLOWsutra (Censored) Feel Di Riddim Ragga Mama DUB, Side B [14] If We Had But(t) The Truth • BLOWsutra (Censored) Gipsy Psychedelia Strings Indie FOLK, Side B [16] If We Had But(t) The Truth • BLOWsutra (Censored) PsyPunk Rock Cabaret BURLESQUE"
If We Had But(t) The Truth ☲ Easterican Profanities EPx5 ☲ QUACKsutra,https://soundcloud.com/bananasutra/sets/if-we-had-butt-the-truth-easterican-profanities-epx5-quacksutra,BLOWsutra,BLUES,BLUES,5,1606,18,0:00:00,https://i1.sndcdn.com/artworks-YXoYMbXvm3ILHBz6-ixlblg-t500x500.png,L-114,2025-05-27 15:41,"BLOWsutra : APES (gone wrong), BLUESsutra, FOLKsutra, INDIEsutra, MANTRAsutra, QUACKsutra where we sing FU","[03] If We Had But(t) The Truth (Not The Quack) (low) - Drum INDIEsutra, [04] If We Had But(t) The Truth (Not The Quack) - Blues FOLKsutra, [02] If We Had But(t) The Truth (Not The Quack) 2 - Cello INDIEsutra, [05] If We Had But(t) The Truth (Not The Quack) - Drum MANTRAsutra, [01] If We Had But(t) The Truth (Not The Quack) 1 (high) - Cello INDIEsutra"
Ironic Moronic Eugenics ☤ What Happens When KNOWsutra & BLOWsutra Make a Baby,https://soundcloud.com/bananasutra/sets/ironic-moronic-eugenics-what-happens-when-knowsutra-blowsutra-make-a-baby,KNOWsutra,"BANJO,BLUES,DUB,FOLK,ROCK","BANJO,BLUES,DUB,FOLK,PSYCHEDELIC,PUNK,ROCK",8,1664,15,0:00:00,https://i1.sndcdn.com/artworks-N9z3Fy63NDAYopf0-Ffs1iA-t500x500.png,L-115,,"BANJOsutra, BLOWsutra, BLOWsutra : EGO (gone loco), BLUESsutra, BURLESQUEsutra, DUBsutra, FOLKsutra, JAZZsutra, ROCKsutra","[04] Ironic Moronic Eugenics • BLOWsutra Psychedelic Banjo Psybass Bluegrass BLUES, [08] Ironic Moronic Eugenics • BLOWsutra Post-Punk Psychedelic Burles ROCK, [07] Ironic Moronic Eugenics • BLOWsutra Psychedelic Banjo Booya BLUES, [06] Ironic Moronic Eugenics • BLOWsutra Psychedelic Banjo Booya BLUES, [02] Ironic Moronic Eugenics • BLOWsutra Psychedelic Queen of Authentic Bluesy Dub FOLK, [01] Ironic Moronic Eugenics • BLOWsutra Psychedelic Poetry DUB, [05] Ironic Moronic Eugenics • BLOWsutra Psychedelic Banjo Booya BLUES, [03] Ironic Moronic Eugenics • BLOWsutra Psychedelic Ukulele Bass BLUES"
It's an Ethical Paradox • Vol. 2 EPx15 • KNOWsutra (Bertrand Knows) Gipsy Burlesque Jazz,https://soundcloud.com/bananasutra/sets/its-an-ethical-paradox-an-oxymoron-maze-vol-2-epx15-knowsutra-bertrand-knows-gipsy-burlesque-jazz,KNOWsutra,"BURLESQUE,DUB,JAZZ,LOFI","BURLESQUE,DUB,GIPSY,JAZZ,LOFI,TRIP HOP",15,21244,271,0:00:00,https://i1.sndcdn.com/artworks-dpot7zmJbp98Q8za-Swn1Rg-t500x500.png,L-110,,"JAZZsutra, KNOWsutra : BERTRAND (mon chéri), KNOWsutra where questions matter, LOFIsutra","[05] It's an Ethical Paradox, an Oxymoron Maze • KNOWsutra (Bertrand Knows) Gipsy Burlesque Upright Bass Piano JAZZ, [14] It's an Ethical Paradox, an Oxymoron Maze • KNOWsutra (Bertrand Knows) Gipsy Burlesque Jazz Cello LOFI, [09] It's an Ethical Paradox, an Oxymoron Maze • KNOWsutra (Bertrand Knows) Gipsy Burlesque Upright Bass Cello JAZZ, [10] It's an Ethical Paradox, an Oxymoron Maze • KNOWsutra (Bertrand Knows) Gipsy Burlesque Upright Bass Cello JAZZ, [12] It's an Ethical Paradox, an Oxymoron Maze • KNOWsutra (Bertrand Knows) Gipsy Burlesque Jazz Cello Trip Hop LOFI, [08] It's an Ethical Paradox, an Oxymoron Maze • KNOWsutra (Bertrand Knows) Gipsy Burlesque Upright Bass Cello JAZZ, [13] It's an Ethical Paradox, an Oxymoron Maze • KNOWsutra (Bertrand Knows) Gipsy Burlesque Jazz Cello Trip Hop LOFI, [07] It's an Ethical Paradox, an Oxymoron Maze • KNOWsutra (Bertrand Knows) Gipsy Burlesque Upright Bass JAZZ, [02] It's an Ethical Paradox, an Oxymoron Maze • KNOWsutra (Bertrand Knows) Gipsy Burlesque Upright Bass JAZZ, [01] It's an Ethical Paradox, an Oxymoron Maze • KNOWsutra (Bertrand Knows) Gipsy Burlesque Piano Bass JAZZ, [15] It's an Ethical Paradox, an Oxymoron Maze • KNOWsutra (Bertrand Knows) Gipsy Burlesque Jazz Cello DUB, [06] It's an Ethical Paradox, an Oxymoron Maze • KNOWsutra (Bertrand Knows) Gipsy Burlesque Piano Upright Bass JAZZ, [11] It's an Ethical Paradox, an Oxymoron Maze • KNOWsutra (Bertrand Knows) Gipsy Burlesque Jazz Cello Trip Hop LOFI, [04] It's an Ethical Paradox, an Oxymoron Maze • KNOWsutra (Bertrand Knows) Gipsy Burlesque Upright Bass JAZZ, [03] It's an Ethical Paradox, an Oxymoron Maze • KNOWsutra (Bertrand Knows) Gipsy Burlesque Upright Bass JAZZ"
It's War · My Friend ☳ QUACKsutra EPx15,https://soundcloud.com/bananasutra/sets/its-war-my-friend-quacksutra-epx15,BLOWsutra,"BLUES,DUB,FOLK,INDIE,LOFI,ROCK","BLUES,DUB,FOLK,INDIE,LOFI,PSYCHEDELIC,PUNK,ROCK",15,3111,40,0:00:00,https://i1.sndcdn.com/artworks-yjDwmBzrh9rcYKwR-u7wlPw-t500x500.png,L-111,,"BLUESsutra, DUBsutra, INDIEsutra, QUACKsutra : DUCK (shady), QUACKsutra : FOTUS Circus, QUACKsutra where we sing FU, ROCKsutra","[10] It's War, My Friend • QUACKsutra Psychedelic BLUES, [14] It's War, My Friend • QUACKsutra Psychedelic Punk ROCK, [07] It's War, My Friend • QUACKsutra Psychedelic BLUES, [01] It's War, My Friend • QUACKsutra Oh My Oh Why LoFi INDIE, [11] It's War, My Friend • QUACKsutra Psychedelic Folk BLUES, [05] It's War, My Friend • QUACKsutra Tzigane Indie Fusion LOFI, [08] It's War, My Friend • QUACKsutra Psychedelic BLUES, [06] It's War, My Friend • QUACKsutra Muse Chill DUB, [13] It's War, My Friend • QUACKsutra Psychedelic ROCK, [03] It's War, My Friend • QUACKsutra Tzigane Indie Fusion LOFI, [02] It's War, My Friend • QUACKsutra Tzigane Indie Fusion LOFI, [09] It's War, My Friend • QUACKsutra Psychedelic BLUES, [15] It's War, My Friend • QUACKsutra Psychedelic Punk ROCK, [04] It's War, My Friend • QUACKsutra Tzigane Indie Fusion LOFI, [12] It's War, My Friend • QUACKsutra Psychedelic ROCK"
Jacques Brel : French EPx9 : GLOWsutra Burlesque Indie Blues Gratitude POET(ry),https://soundcloud.com/bananasutra/sets/jacques-brel-french-epx9-glowsutra-burlesque-indie-blues-gratitude-poetry,GLOWsutra,"BANJO,BLUES,BURLESQUE,INDIE","BANJO,BLUES,BURLESQUE,INDIE,PSYCHEDELIC",9,3199,28,0:00:00,https://i1.sndcdn.com/artworks-e0sOW6yRL70L2ZRD-C8tirQ-t500x500.png,L-112,2025-11-29 22:24,"BLUESsutra, BURLESQUEsutra, FRENCHsutra oui oui · sacrebleu, GLOWsutra where gratitude feeds, INDIEsutra, OUI OUI : Pardon (my French)","[04] Jacques Brel - French GLOWsutra Psychedelic Circus Cello Chanson INDIE, [08] Jacques Brel - French GLOWsutra Psychedelic Circus Cello Chanson INDIE, [05] Jacques Brel - French GLOWsutra Psychedelic Circus Cello Chanson INDIE, [03] Jacques Brel - French GLOWsutra Psychedelic Accordion Chanson INDIE, [01] Jacques Brel - French GLOWsutra Oh Boy Accordion Circus Waltz Chanson BURLESQUE, [02] Jacques Brel - French GLOWsutra Oh Boy Accordion Circus Waltz Chanson BURLESQUE, [07] Jacques Brel - French GLOWsutra Psychedelic Circus Cello Chanson INDIE, [09] Jacques Brel - French GLOWsutra Psychedelic Destiny True Banjo BLUES, [06] Jacques Brel - French GLOWsutra Psychedelic Circus Cello Chanson INDIE"
Jealousy (not for me) ♡ GROWsutra EPx22,https://soundcloud.com/bananasutra/sets/jealousy-not-for-me-growsutra-epx22,GROWsutra,"BLUES,BURLESQUE,DUB,INDIE,JAZZ,LOFI","BLUES,BURLESQUE,DUB,HIP HOP,INDIE,JAZZ,LOFI,RAGGA",22,5321,43,0:00:00,https://i1.sndcdn.com/artworks-NrFEJYn5QiBNXnw5-RFTkHQ-t500x500.png,L-113,2025-06-26 10:26,"BLUESsutra, BURLESQUEsutra, DUBsutra, FLOWsutra : FLY (like water), FLOWsutra where time is space, INDIEsutra, JAZZsutra, LOFIsutra","[08] Jealousy (not for me) - Ordo Amoris BURLESQUE, [22] Jealousy (not for me) - Dem Sed Ragga DUB, [21] Jealousy (not for me) - Feel Di Riddim Ragga DUB, [09] Jealousy (not for me) - Ordo Amoris BURLESQUE, [01] Jealousy (not for me) - Deep Dub BLUES, [17] Jealousy (not for me) - Miss Cheeky DUB, [04] Jealousy (not for me) - Deep Dub BLUES, [13] Jealousy (not for me) - Mama LOFI, [02] Jealousy (not for me) - Deep Dub BLUES, [11] Jealousy (not for me) - MAMA-B-C INDIE, [12] Jealousy (not for me) - Bruh Hip Hop Jazz, [18] Jealousy (not for me) - Muse 1 DUB, [20] Jealousy (not for me) - Rebound DUB, [19] Jealousy (not for me) - Muse 2 DUB, [05] Jealousy (not for me) - Only the Brave BLUES, [07] Jealousy (not for me) - Ordo Duende Amoris JAZZ, [03] Jealousy (not for me) - Deep Dub BLUES, [06] Jealousy (not for me) - Ordo Duende Amoris JAZZ, [16] Jealousy (not for me) - Oh Lordy DUB, [10] Jealousy (not for me) - Oh My Oh Why Bass INDIE, [15] Jealousy (not for me) - WSWHFN DUB, [14] Jealousy (not for me) - Mama LOFI"
Jolly Poo - EPx15 VOL. 01 - Banjo Blues BLOWsutra,https://soundcloud.com/bananasutra/sets/jolly-poo-epx15-vol-01-banjo-blues-blowsutra,BLOWsutra,"BANJO,BLUES","BANJO,BLUES,RAGGA",15,4255,24,0:00:00,https://i1.sndcdn.com/artworks-KLgAMRClt5uPFoax-dDF6zQ-t500x500.png,L-114,,"BANJOsutra, BLOWsutra, BLOWsutra : EGO (gone loco), BLUESsutra, DUBsutra, MANTRAsutra","[BONUS] Jolly Poo - Psychedelia Psycho Cello Outlaw BLUESsutra, [14] Jolly Poo - Raw Clapping Bruh Hides Dawging So Darkly - MANTRAsutra, [05] Jolly Poo - No one knows how dark you are - FOLKsutra, [09] Jolly Poo - Dog Growls Mumble Speak lol - BLUESsutra, [12] Jolly Poo - Beware of Dog who won’t Bark - DUBsutra, [03] Jolly Poo - Freaking Freak Gone Mad Dog - BANJOsutra, [08] Jolly Poo - Dog Hiding Wicked Bass Cello Boy - BLUESsutra, [01] Jolly Poo - Wicked Walk in the Park - BANJOsutra, [11] Jolly Poo - Coward Dawgs Gossip but(t) only in your back  - DUBsutra, [07] Jolly Poo - Who Knew Dog so Dark he’ll Snark in your Back - BLUEsutra, [13] Jolly Poo - Dark Dawg Bite Muse - DUBsutra, [04] Jolly Poo - Wicked Dog WAAAH - FOLKsutra, [06] Jolly Poo - Who Knew Bad Dawgs don’t Bark, they only Growl in your back - Weary BLUESsutra, [02] Jolly Poo - Dog so Wicked, Fake Outlaw - BANJOsutra, [10] Jolly Poo - Who Know That Dawg’s Dark Gangsta RAGGA DUBsutra"
Joseph Campbell's Truth Metaphors ☷ KNOWsutra EPx12,https://soundcloud.com/bananasutra/sets/joseph-campbells-truth-metaphors-knowsutra-epx12,KNOWsutra,"BLUES,BURLESQUE,DUB,INDIE,LOFI,MANTRA","BLUES,BURLESQUE,DUB,INDIE,LOFI,MANTRA",12,2253,22,0:00:00,https://i1.sndcdn.com/artworks-jy4Ny3sg2PSbdteq-7zc7yg-t500x500.jpg,L-153,,"BLUESsutra, BURLESQUEsutra, DUBsutra, INDIEsutra, KNOWsutra : (naked) TRUTH, KNOWsutra where questions matter, LOFIsutra, MANTRAsutra","[05] Joseph Campbell's Truth Metaphors - The Song of the Universe - KNOWsutra Kindness is in the Depth BLUES, [11] Joseph Campbell's Truth Metaphors' Edge - KNOWsutra Accordion Chanson BURLESQUE, [07] Joseph Campbell's Truth Metaphors - The Song of the Universe - KNOWsutra Kindness is in the Depth of BLUES, [10] Joseph Campbell - Hold the Sacred - KNOWsutra wdwhf Burlesque DUB, [03] Joseph Campbell's Truth Metaphors - The Song of the Universe - KNOWsutra Oh Lordy Dreamy Dubby INDIE, [06] Joseph Campbell's Truth Metaphors Edge - KNOWsutra Kindness is in the Depth in BLUES, [02] Joseph Campbell - Hold the Sacred - KNOWsutra Chillhop Piano Psy-LOFI, [09] Joseph Campbell's Truth Metaphors - Sacred Shadows - KNOWsutra Oh Lordy DUB, [12] Joseph Campbell - Hold the Sacred - KNOWsutra Oh Boy Accordion BURLESQUE, [08] Joseph Campbell's Truth Metaphors - Sacred Shadows - KNOWsutra Oh Lordy DUB, [04] Joseph Campbell's Truth Metaphors - The Song of the Universe - KNOWsutra Oh Lordy Dreamy Dubby INDIE, [01] Joseph Campbell - Hold the Sacred - KNOWsutra Anonymous MANTRA LOFI"
Just Be EP X7 | Vocal Honey Audio Ideals,https://soundcloud.com/bananasutra/sets/just-be-vocal-jazz-honey-x7,FLOWsutra,"BLUES,DUB,JAZZ,LOFI","BLUES,DUB,JAZZ,LOFI",7,5669,46,0:00:00,https://i1.sndcdn.com/artworks-IDfjsYaZOumrtQ1L-jseSkw-t500x500.png,L-115,,"BANJOsutra, BURLESQUEsutra, DUBsutra, FLOWsutra : FLY (like water), FLOWsutra where time is space, FOLKsutra, INDIEsutra, JAZZsutra, MANTRAsutra, ROCKsutra","Just Flow(be) • psyHeartbeat Jazz LOFI • sutraFLOW, Just Waltz(be) • Jazzy Grinding Waltz • sutraFLOW (v5), Just Trust(be) • Jazz Lo-Fi • sutraFLOW (v4), Just Oui(be) • Jazz Lo-fi • sutraFLOW (v3), Just Grind(ha) • Harmonica Blues Lo-fi • sutraFLOW, Just Gasp(be) • Jazzy DUB Poetry • sutraFLOW (v1), Just Be(you)• Jazz Lo-Fi • sutraFLOW (v4)"
Kids Are Asking ✪ KNOWsutra But(t) Why EPx3,https://soundcloud.com/bananasutra/sets/kids-are-asking-knowsutra-butt-why-epx3,KNOWsutra,"DUB,FOLK,INDIE,JAZZ,LOFI,MANTRA","ACOUSTIC,DUB,FOLK,INDIE,JAZZ,LOFI,MANTRA,TRIP HOP",3,1078,2,0:00:00,https://i1.sndcdn.com/artworks-L6uXyHUyGsqH0ZAv-cvmeZg-t500x500.png,L-118,,"FOLKsutra, KNOWsutra : but(t) WHY, KNOWsutra where questions matter, LOFIsutra, MANTRAsutra","[02] Kids Are Asking - KNOWsutra But(t) Why Acoustic Trip Hop LoFi JAZZ, [01] Kids Are Asking - KNOWsutra But(t) Why Sweet Dreams Indie FOLK, [03] Kids Are Asking - KNOWsutra But(t) Why Drum Dub LoFi MANTRA"
Kindness - Psychedelic INDIEsutra,https://soundcloud.com/bananasutra/sets/kindness-psychedelic-indiesutra,KNOWsutra,INDIE,PSYCHEDELIC,2,306,3,0:00:00,https://i1.sndcdn.com/artworks-60rWtzt0Ur5yDsl8-lcLgjQ-t500x500.jpg,L-126,,"INDIEsutra, KNOWsutra where questions matter","Kindness - Psychedelic INDIEsutra, Kindness - Psychedelic INDIEsutra"
Kindness Matters - Human Life Soundtrack EP,https://soundcloud.com/bananasutra/sets/kindness-matters-human-life-soundtrackl,KNOWsutra,INDIE,INDIE,5,1454,10,0:00:00,https://i1.sndcdn.com/artworks-qsLSixra831RrldW-lEhsdw-t500x500.jpg,L-126,,"BANJOsutra, BLUESsutra, FOLKsutra, GROWsutra : KIND(ness), KNOWsutra where questions matter, LOFIsutra","Kindness - LOFIsutra, Kindness - FOLKsutra, Kindness - BLUESsutra, Kindness - BANJOsutra, Kindness - JAZZsutra"
Kiss A Pulse • GLOWsutra (Lucille Clifton Poetry) EPx16,https://soundcloud.com/bananasutra/sets/kiss-a-pulse-glowsutra-epx16,GLOWsutra,"BANJO,BLUES,BURLESQUE,DUB,FOLK,INDIE,JAZZ,LOFI","BANJO,BLUES,BURLESQUE,CABARET,DUB,FOLK,GIPSY,INDIE,JAZZ,LOFI,PSYCHEDELIC,SOUL",16,14985,176,0:00:00,https://i1.sndcdn.com/artworks-FsS9zAJyonxRU7Rm-RHZvfQ-t500x500.png,L-129,,"BLUESsutra, BURLESQUEsutra, DUBsutra, GLOWsutra where gratitude feeds, JAZZsutra, LOFIsutra","[08] Kiss A Pulse • GLOWsutra (Lucille Clifton Poetry) Psychedelic Folk Bridges the DUB, [15] Kiss A Pulse • GLOWsutra (Lucille Clifton Poetry) Psychedelic Destiny Banjo Soul BLUES, [14] Kiss A Pulse • GLOWsutra (Lucille Clifton Poetry) Psychedelic Indie Cello Cabaret BURLESQUE, [12] Kiss A Pulse • GLOWsutra (Lucille Clifton Poetry) Psychedelic Indie Tango Cabaret BURLESQUE, [05] Kiss A Pulse • GLOWsutra (Lucille Clifton Poetry) Indie Gipsy Fusion LOFI, [13] Kiss A Pulse • GLOWsutra (Lucille Clifton Poetry) Psychedelic Indie Tango Cabaret BURLESQUE, [04] Kiss A Pulse • GLOWsutra (Lucille Clifton Poetry) Indie Gipsy Fusion LOFI, [16] Kiss A Pulse • GLOWsutra (Lucille Clifton Poetry) Psychedelic Destiny Banjo Soul BLUES, [09] Kiss A Pulse • GLOWsutra (Lucille Clifton Poetry) Psychedelic Folk Bridges the DUB, [10] Kiss A Pulse • GLOWsutra (Lucille Clifton Poetry) Psychedelic Poesita Cello Indie DUB, [02] Kiss A Pulse • GLOWsutra (Lucille Clifton Poetry) Ethically Gipsy JAZZ, [11] Kiss A Pulse • GLOWsutra (Lucille Clifton Poetry) Psychedelic Indie Tango Cabaret BURLESQUE, [06] Kiss A Pulse • GLOWsutra (Lucille Clifton Poetry) Psychedelic Folk Bridges the DUB, [07] Kiss A Pulse • GLOWsutra (Lucille Clifton Poetry) Psychedelic Folk Bridges the DUB, [03] Kiss A Pulse • GLOWsutra (Lucille Clifton Poetry) Indie Gipsy Fusion LOFI, [01] Kiss A Pulse • GLOWsutra (Lucille Clifton Poetry) Ethically Gipsy JAZZ"
L'Accordéon de l'Ignorance EP X9,https://soundcloud.com/bananasutra/sets/laccordeon-de-lignorance-ep-x9,BLOWsutra,BURLESQUE,BURLESQUE,9,1731,14,0:00:00,https://i1.sndcdn.com/artworks-otyCSuVjsJ2YL8G1-qQb1mw-t500x500.png,L-124,2024-12-11 21:31,"BLOWsutra, BURLESQUEsutra, FOLKsutra, FRENCHsutra oui oui · sacrebleu, INDIEsutra, JAZZsutra, MANTRAsutra, OUI OUI : Pardon (my French)","Comme un canard #9, Comme un canard #8, Comme un canard #7, Comme un canard #6, Comme un canard #5, Comme un canard #4, Comme un canard #3, Comme un canard #2, Comme un canard #1"
L'Embobinage (d'après Carl Sagan) • French GROWsutra EPx17,https://soundcloud.com/bananasutra/sets/lembobinage-dapres-carl-sagan-french-growsutra-epx17,GROWsutra,"BURLESQUE,DUB,INDIE,JAZZ","BURLESQUE,DUB,FLAMENCO,INDIE,JAZZ",17,11573,114,0:00:00,https://i1.sndcdn.com/artworks-CtDeRlGcQzG1ofC3-5Y1m0w-t500x500.png,L-131,2025-09-29 21:24,"BURLESQUEsutra, DUBsutra, FRENCHsutra oui oui · sacrebleu, GROWsutra where we be brave, INDIEsutra, LOFIsutra, OUI OUI : Pardon (my French)","[14] L'Embobinage (d'après Carl Sagan) • French GROWsutra World Peace PsyAccordion POP BURLESQUE 3 INDIE, [03] L'Embobinage (d'après Carl Sagan) • French GROWsutra World Peace PsyAccordion CelLOFI INDIE, [09] L'Embobinage (d'après Carl Sagan) • French GROWsutra World Peace Hypnotic Tango Jazz INDIE, [13] L'Embobinage (d'après Carl Sagan) • French GROWsutra World Peace Miss Cheeky DUB, [04] L'Embobinage (d'après Carl Sagan) • French GROWsutra World Peace Tzigane Fusion INDIE, [02] L'Embobinage (d'après Carl Sagan) • French GROWsutra World Peace CelLOFI, [08] L'Embobinage (d'après Carl Sagan) • French GROWsutra World Peace Hypnotic Tango Jazz INDIE, [07] L'Embobinage (d'après Carl Sagan) • French GROWsutra World Peace Hypnotic Tango Jazz INDIE, [05] L'Embobinage (d'après Carl Sagan) • French GROWsutra World Peace Tzigane Fusion INDIE, [06] L'Embobinage (d'après Carl Sagan) • French GROWsutra World Peace Tzigane Fusion INDIE, [16] L'Embobinage (d'après Carl Sagan) • French GROWsutra World Peace Waltz Circus BURLESQUE, [10] L'Embobinage (d'après Carl Sagan) • French GROWsutra World Peace Hypnotic Tango Jazz INDIE, [11] L'Embobinage (d'après Carl Sagan) • French GROWsutra World Peace La Poesita Flamenco INDIE DUB, [17] L'Embobinage (d'après Carl Sagan) • French GROWsutra World Peace Waltz Circus BURLESQUE, [12] L'Embobinage (d'après Carl Sagan) • French GROWsutra World Peace Miss Cheeky DUB, [01] L'Embobinage (d'après Carl Sagan) • French GROWsutra World Peace CelLOFI, [15] L'Embobinage (d'après Carl Sagan) • French GROWsutra World Peace PsyAccordion POP BURLESQUE INDIE"
La Force Douce EPx7 ✪ French GROWsutra World Peace Duende LoFi Indie Fusion,https://soundcloud.com/bananasutra/sets/la-force-douce-epx7-french-growsutra-world-peace-duende-lofi-indie-fusion,GROWsutra,"INDIE,LOFI","FLAMENCO,GIPSY,INDIE,LOFI,SOUL",7,5254,38,0:00:00,https://i1.sndcdn.com/artworks-oqgzYZ3lzrGih5hj-WJ2hFQ-t500x500.png,L-126,,"FRENCHsutra oui oui · sacrebleu, GROWsutra : KIND(ness), GROWsutra where we be brave, INDIEsutra, LOFIsutra, OUI OUI : Pardon (my French)","[02] La Force Douce - French GROWsutra Gipsy Flamenco Duende Chanson INDIE, [03] La Force Douce - French GROWsutra Gipsy Flamenco Duende Chanson INDIE, [05] La Force Douce - French GROWsutra Tzigane Peace Soul Fusion LoFi INDIE, [01] La Force Douce ✪ French GROWsutra Gipsy Flamenco Duende Chanson INDIE, [04] La Force Douce - French GROWsutra Tzigane Peace Soul Fusion LoFi INDIE, [06] La Force Douce - French GROWsutra Tzigane Peace Soul Fusion LoFi INDIE, [07] La Force Douce - French GROWsutra Tzigane Peace Soul Fusion LoFi INDIE"
La Poesia Importa ♕ EPx7 VOL.01 ♕ Bananasutra En Español,https://soundcloud.com/bananasutra/sets/la-poesia-importa-epx7-vol01-bananasutra-en-espanol,GLOWsutra,LOFI,"FADO,LOFI",7,2501,26,0:00:00,https://i1.sndcdn.com/artworks-DQAHMhBcDTcoVFfl-BTKWAA-t500x500.png,L-127,2025-05-27 13:16,"BURLESQUEsutra, DUBsutra, GLOWsutra : POET(ry), GLOWsutra where gratitude feeds, JAZZsutra, LOFIsutra, WORLDsutra : SPAN(k)ish","[06] La Poesia Importa 2 (low) - Psy JAZZsutra, [05] La Poesia Importa 1 - Psy JAZZsutra, [01] La Poesia Importa - Miss Cheeky DUBsutra, [04] La Poesia Importa - fado LOFI, [02] La Poesia Importa - Muse DUBsutra, [03] La Poesia Importa - Oh Lordy DUBsutra, [07] La Poesia Importa - Oh Boy Accordion BURLESQUEsutra"
Le Bal Des Salauds - French BLOWsutra Indie Gipsy Burlesque EPx9,https://soundcloud.com/bananasutra/sets/le-bal-des-salauds-french-blowsutra-indie-gipsy-burlesque-epx9,BLOWsutra,"BURLESQUE,FOLK,INDIE,LOFI,MANTRA","BURLESQUE,FOLK,GIPSY,INDIE,LOFI,MANTRA",9,8494,88,0:00:00,https://i1.sndcdn.com/artworks-y8HtxewGKAQtoPJZ-3ZbprQ-t500x500.png,L-134,,"BURLESQUEsutra, FRENCHsutra oui oui · sacrebleu, OUI OUI : Pardon (my French)","[07] Le Bal Des Salauds • French BLOWsutra Gipsy Accordion' Indie Folk BURLESQUE, [08] Le Bal Des Salauds • French BLOWsutra Tzigane World Indie LOFI, [03] Le Bal Des Salauds • French BLOWsutra PBGal Chanson BURLESQUE, [04] Le Bal Des Salauds • French BLOWsutra Oh Boy Accordion Circus BURLESQUE, [02] Le Bal Des Salauds • French BLOWsutra Gipsy LoFi Chanson INDIE, [09] Le Bal Des Salauds • French BLOWsutra Gipsy Drum Chanson Burlesque MANTRA, [06] Le Bal Des Salauds • French BLOWsutra Gipsy Accordion' Indie Folk BURLESQUE, [05] Le Bal Des Salauds • French BLOWsutra Oh Boy Cello Accordion Circus BURLESQUE, [01] Le Bal Des Salauds • French BLOWsutra Oh My Oh Why Cello Circus INDIE"
Le Système EP MIX X16 | Bluesy French Jazz,https://soundcloud.com/bananasutra/sets/le-systeme-de-macron-le-ptit-con,BLOWsutra,"BURLESQUE,DUB,JAZZ,LOFI","BURLESQUE,CABARET,DUB,JAZZ,LOFI,PUNK,SOUL",17,5877,80,0:00:00,https://i1.sndcdn.com/artworks-Jz9sGDEqD1gTTB5H-sILJIA-t500x500.jpg,L-131,,"BLOWsutra, BLOWsutra : CENSOR(ed), BURLESQUEsutra, DUBsutra, FOLKsutra, FRENCHsutra oui oui · sacrebleu, INDIEsutra, JAZZsutra, KNOWsutra where questions matter, LOFIsutra, OUI OUI : Pardon (my French), ROCKsutra, SINGLEsutra Exclusive SoundCloud (woo)","Male Fantasies • Vocal Honey Jazz • sutraKNOW, Le Poids de l'Ego v2 • sutraFRENCH • Post-Punk Burlesque Ego Masquerade, Le Poids de l'Ego v1 • sutraFRENCH • Burlesque Ego Dub Cabaret, Le système, ça voulait dire… v2 • sutraFRENCH • Burlesque Ego Accordion Cabaret, Le système, ça voulait dire… v10 • sutraFRENCH • Burlesque Ego Accordion Masquerade, Manu, Le P'tit Menteur v2 • sutraFRENCH • Burlesque Ego Accordion Cabaret, Le système, ça voulait dire… v9 • sutraFRENCH • Burlesque Ego Cabaret, Le système, ça voulait dire… v8 • sutraFRENCH • Burlesque Ego Accordion Masquerade, Manu, Le P'tit Menteur v2 • sutraFRENCH • Burlesque Ego Accordion Cabaret, Le système, ça voulait dire… v3 • sutraFRENCH • Burlesque Ego JAZZZ Masquerade, Le système, ça voulait dire… v5 • sutraFRENCH • Burlesque Ego Cabaret, Le système, ça voulait dire… v8 • sutraFRENCH • Burlesque Ego Accordion Masquerade, Le système, ça voulait dire… v4 • sutraFRENCH • Burlesque Ego Accordion Cabaret, Le système, ça voulait dire… v6 • sutraFRENCH • Burlesque Ego Accordion Masquerade, Le système, ça voulait dire… v9 • sutraFRENCH • Burlesque Ego Accordion Masquerade, Le système, ça voulait dire… v1 • sutraFRENCH • Burlesque Ego Accordion Cabaret, Le P'tit Jupiter • sutraFRENCH • indieJAZZZ Piano LOFI Soul :)"
Let’s Do It (Let's Fall in Love) EP • Public Domain Lyrics • JAZZsutra,https://soundcloud.com/bananasutra/sets/lets-do-it-lets-fall-in-love-ep-public-domain-lyrics-jazzsutra,FLOWsutra,JAZZ,"JAZZ,PSYCHEDELIC",4,1026,15,0:00:00,https://i1.sndcdn.com/artworks-eBfjOLCOGCrYzDzL-qn290w-t500x500.jpg,L-140,2025-01-19 23:44,"FLOWsutra : WET (my friend), FLOWsutra where time is space, JAZZsutra","Let’s Do It • Public Domain Lyrics • JAZZsutra 1, Let’s Do It • Public Domain Lyrics • JAZZsutra 2, Let’s Do It • Public Domain Lyrics • JAZZsutra 3, Let’s Do It • Public Domain Lyrics • JAZZsutra 4"
Linguistic Weaponry EPx4 (Vol 2) DUBsutra,https://soundcloud.com/bananasutra/sets/linguistic-weaponry-epx4-vol-2-dubsutra,KNOWsutra,DUB,"DUB,HIP HOP",1,163,1,0:00:00,https://i1.sndcdn.com/artworks-gk645DrsmcEOxAyn-PRMvkA-t500x500.png,L-141,,"KNOWsutra where questions matter, MANTRAsutra",Yeah I'm dropping (F)Bombs DUBsutra 3
Linguistic Weaponry EPx7 Burlesque DUBsutra,https://soundcloud.com/bananasutra/sets/linguistic-weaponry-epx7-burlesque-dubsutra,SHOWsutra,"BURLESQUE,DUB","BURLESQUE,DUB,GIPSY",3,611,5,0:00:00,https://i1.sndcdn.com/artworks-gk645DrsmcEOxAyn-PRMvkA-t500x500.png,L-141,,"DUBsutra, INDIEsutra, KNOWsutra where questions matter, LOFIsutra, SHOWsutra : FANANA Club","Yeah I'm dropping (F)Bombs - Dub Muse INDIEsutra, Yeah I'm dropping (F)Bombs DUBsutra 1, F-Bomb  Gipsy BRUHsutra"
MAHA (Make America Humane Again) ☆ VOL.2 EPx6 ☆ BLOWsutra (MAxA Series) Psychedelic Trip Hop,https://soundcloud.com/bananasutra/sets/maha-make-america-humane-again-vol2-epx6-blowsutra-psy-trip-hop,BLOWsutra,"BLUES,DUB,LOFI","BLUES,DUB,GIPSY,LOFI,PSYCHEDELIC,TRIP HOP",6,8592,56,0:00:00,https://i1.sndcdn.com/artworks-JGT1OnfOXKJX40oI-WLwAYA-t500x500.png,L-143,2026-02-11 23:37,"BLOWsutra, BLUESsutra, DUBsutra, LOFIsutra","[01] MAHA (Make America Humane Again) • Vol. 2 • BLOWsutra Gipsy Trip Hop Blues LOFI, [03] MAHA (Make America Humane Again) • Vol. 2 • BLOWsutra Gipsy Trip Hop Blues LOFI, [02] MAHA (Make America Humane Again) • Vol. 2 • BLOWsutra Gipsy Trip Hop Lofi DUB, [06] MAHA (Make America Humane Again) • Vol. 2 • BLOWsutra Gipsy Bass Trip Drum Hop Blues LOFI, [05] MAHA (Make America Humane Again) • Vol. 2 • BLOWsutra Gipsy LoFi Trip Lo Hop BLUES, [04] MAHA (Make America Humane Again) • Vol. 2 • BLOWsutra Gipsy LoFi Trip Hip Blop LOFI"
MAKA MAKA EPx7 ⭐︎ MAxA Series · Vol. 4,https://soundcloud.com/bananasutra/sets/maka-maka-epx7-maxa-series-vol-4,BLOWsutra,FOLK,"COUNTRY,FOLK",7,2097,14,0:00:00,https://i1.sndcdn.com/artworks-9mKo23b9tXJzWs5t-yMjheA-t500x500.png,L-150,,"BANJOsutra, BLOWsutra : MAxA Series, BLUESsutra, BURLESQUEsutra, JAZZsutra, QUACKsutra where we sing FU","[4] MAKA MAKA - Oh Hey Folk BANJOsutra, [5] MAKA MAKA • Accordion Tango JAZZsutra, [1] MAKA MAKA (mark my words) • Destiny BLUESsutra, [6] MAKA MAKA (lill' ruckus) - Country BANJOsutra, [7] MAKA MAKA (lill' ruckus) - Bluesgrass BANJOsutra, [2] MAKA (Moonshine) • Bass BANJOsutra, [3] MAKA MAKA (lill' ruckus) - Piano BURLESQUEsutra"
Make Amurica Gulag Again ☭ BLOWsutra DUB EPx25,https://soundcloud.com/bananasutra/sets/make-amurica-gulag-again-blowsutra-dub-epx25,BLOWsutra,"DUB,FOLK,INDIE,LOFI","DUB,FOLK,GIPSY,INDIE,LOFI,RAGGA",25,8362,87,0:00:00,https://i1.sndcdn.com/artworks-EtyWMtEaw4pyLtcc-MBCl2Q-t500x500.png,L-145,,"BLOWsutra, BLOWsutra : MAxA Series, DUBsutra, FOTUS CIRCUS Playlist An American Freaks Show, LOFIsutra, QUACKsutra where we sing FU","B [03] Make America Gulag Again - Indie FOLK LOFI, B [07] Make America Gulag Again • Tzigane Fusion DUB, B [09] Make America Gulag Again • Tzigane Fusion DUB, B [05] B Make America Gulag Again • Tzigane Fusion DUB, A [15] Make America Gulag Again • Di Riddim Ragga DUB, B [08] Make America Gulag Again • Tzigane Fusion DUB, B [06]  Make America Gulag Again • Tzigane Fusion DUB, A [14] Make America Gulag Again • Di Riddim Ragga DUB, B [10] Make America Gulag Again • PsyCello Arabesk DUB, B [04] Make America Gulag Again • Tzigane Fusion DUB, A [09] Make America Gulag Again • Muse DUB, A [05] Make America Gulag Again • F-bomb Ragga DUB, A [08] Make America Gulag Again • Muse DUB, B [02] Make America Gulag Again • Cello Drum LOFI, A [06] Make America Gulag Again • Bruh Ragga DUB, A [13] Make America Gulag Again • Ragga Hope DUB, A [11] Make America Gulag Again • Dem Sed Ragga DUB, A [02] Make America Gulag Again • F-bomb Ragga DUB, A [01] Make America Gulag Again - Gipsy Arabesk  LOFI, A [12] Make America Gulag Again • Ragga Lala DUB, A [04] Make America Gulag Again • F-bomb Ragga DUB, A [03] Make America Gulag Again • F-bomb Ragga DUB, B [01] Make America B Gulag Again - Gipsy Arabesk LOFI, A [07] Make America Gulag Again • Bruh Ragga DUB, A [10] Make America Gulag Again • Dem Sed Ragga DUB"
Make your Own Bible EP x6 VOL. 1 ℧ A Jazzy Burlesque Folk Trip Hop LOFI Venture (oui oui),https://soundcloud.com/bananasutra/sets/make-your-own-bible-ep-x6-vol-1-a-jazzy-burlesque-folk-trip-hop-lofi-venture-oui-oui,GROWsutra,"BURLESQUE,FOLK,JAZZ,LOFI","BURLESQUE,FOLK,JAZZ,LOFI,TRIP HOP",6,1214,4,0:00:00,https://i1.sndcdn.com/artworks-7xjmVBpcmAIlWBfO-5Ebr4Q-t500x500.png,L-146,,"GROWsutra : GOD (etc), LOFIsutra, Questions for the (kind) POPE in the Sky","[2] Make your Own Bible - pbgal Burlesque LOFI, [6] Make your Own Bible - she hmmmJAZZ LOFI, [4] Make your Own Bible - AnonymousJAZZ LOFI, [1] Make your Own Bible - queenofauth FOLK, [3] Make your Own Bible - Burlesque Accordion JAZZ, [5] Make your Own Bible - Burlesque LOFImama"
Male Fantasies - bananasutra EPx2 Vol. 03,https://soundcloud.com/bananasutra/sets/male-fantasies-bananasutra-epx2-vol-03,KNOWsutra,INDIE,INDIE,2,1650,12,0:00:00,https://i1.sndcdn.com/artworks-xSBf70BkIjbkDGPA-9368AQ-t500x500.png,L-148,,"BLOWsutra, BLOWsutra : EGO (gone loco), LOFIsutra","[02] Male Fantasies • Minimal DRUM LOFIsutra, [01] Male Fantasies • Minimal Vocal JAZZsutra"
Male Fantasies • CheekySUTRA EPx6 VOL. 02,https://soundcloud.com/bananasutra/sets/male-fantasies-cheekysutra-epx6-vol-02,SHOWsutra,INDIE,INDIE,6,999,6,0:00:00,https://i1.sndcdn.com/artworks-VQwphayyp6Az5g1b-6E63wg-t500x500.png,L-148,,"BANJOsutra, BURLESQUEsutra, INDIEsutra, JAZZsutra, LOFIsutra","[3] Male Fantasies • EPx6 VOL. 02 • BASSsutra, [5] Male Fantasies • EPx6 VOL. 02 • INDIEsutra, [6] Male Fantasies • EPx6 VOL. 02 • BANJOsutra, [2] Male Fantasies • EPx6 VOL. 02 • BURLESQUEsutra, [1] Male Fantasies • EPx6 VOL. 02 • JAZZsutra, [4] Male Fantasies • EPx6 VOL. 02 • LOFIsutra"
MAMA-B-C (Make America Mine Achtung Encore) • BLOWsutra MAxA Series EPx3,https://soundcloud.com/bananasutra/sets/mama-b-c-blowsutra-maxa-series-epx3,BLOWsutra,"BANJO,DUB,INDIE,MANTRA","ACOUSTIC,BANJO,COUNTRY,DUB,INDIE,MANTRA,TRIP HOP",3,610,7,0:00:00,https://i1.sndcdn.com/artworks-uDzqzbtn80lOeo3H-hV475g-t500x500.png,L-150,,"BLOWsutra, BLUESsutra, DUBsutra, INDIEsutra","Side B [02] MA-A Motherland Gone Dark • BLOWsutra Acoustic Trip Hop Indie DUB, Side B [04] MA-A Motherland Gone Dark • BLOWsutra Cello Trip Hop INDIE MANTRA, Side B [01] MA-A Motherland Gone Dark • BLOWsutra Booya Country Bluegrass Harmonica BANJO"
MAMA-B-C (Make America Mine Achtung) • BLOWsutra MAxA Series EPx8,https://soundcloud.com/bananasutra/sets/mama-b-c-blowsutra-maxa-series-epx8,BLOWsutra,"BANJO,BLUES,BURLESQUE,FOLK,INDIE,LOFI","BANJO,BLUES,BURLESQUE,FOLK,INDIE,LOFI,PSYCHEDELIC,TRIP HOP",8,6990,43,0:00:00,https://i1.sndcdn.com/artworks-uDzqzbtn80lOeo3H-hV475g-t500x500.png,L-150,,"BLOWsutra, BLOWsutra : MAxA Series, BLUESsutra, INDIEsutra, LOFIsutra","Side A [03] MAMA-B-C (Make America Mine Achtung) • BLOWsutra Cello Melancholia Burlesque INDIE, Side A [04] MAMA-B-C  (Make America Mine Achtung) • BLOWsutra Spoken Words LOFI, Side B [03] MAMA-B-C (Make America Mine Achtung) • BLOWsutra Trip Hop Smooth LOFI, Side A [01] MAMA-B-C (Make America Mine Achtung) • BLOWsutra Back-to-Basics Folk Indie Cello BLUES, Side A [02] MAMA-B-C (Make America Mine Achtung) • BLOWsutra psychedelic kindness is depth (high) Banjo Folk BLUES"
MASA (Make America Safe Again) ✮ EPX12 ✮ QUACKsutra Psychedelic BANJO,https://soundcloud.com/bananasutra/sets/masa-make-america-safe-again-epx12-quacksutra-psychedelic-banjo,BLOWsutra,"BANJO,BLUES,BURLESQUE,DUB,ROCK","BANJO,BLUES,BURLESQUE,COUNTRY,DUB,PSYCHEDELIC,ROCK",12,5417,37,0:00:00,https://i1.sndcdn.com/artworks-zGBEcizIyyXPbSgu-fuTgSg-t500x500.png,L-152,2025-11-12 10:23,"BANJOsutra, BLOWsutra, BLOWsutra : MAxA Series, BURLESQUEsutra, QUACKsutra where we sing FU","[10] MASA (Make America Safe Again) • QUACKsutra Psychedelic Booya Country BANJO, [06] MASA (Make America Safe Again) • QUACKsutra Psychedelic BANJO BLUES, [BONUS] MASA • Make Amurica Safe (and Smart) Again • Education rhymes with Chanson • BLOWsutra French Accordion BURLESQUE, [03] MASA (Make America Safe Again) • QUACKsutra Psychedelic DUB BANJO, [08] MASA (Make America Safe Again) • QUACKsutra Hide Your Pets Country BANJO, [07] MASA (Make America Safe Again) • QUACKsutra Psychedelic BANJO BLUES, [09] MASA (Make America Safe Again) • QUACKsutra Psychedelic Harmonica Country BANJO, [04] MASA (Make America Safe Again) • QUACKsutra Psychedelic Destiny Banjo BLUES, [02] MASA (Make America Safe Again) • QUACKsutra Psychedelic DUB BANJO, [01] MASA (Make America Safe Again) • QUACKsutra Psychedelic DUB BANJO, [11] MASA (Make America Safe Again) • QUACKsutra Psychedelic Burlesque ROCK, [05] MASA (Make America Safe Again) • QUACKsutra Psychedelic Destiny Banjo BLUES"
Mass Media Freakshow EPx13 VOL.02 ⭐︎ Terrence MCKenna KNOWs ⭐︎ Burlesque or Snooze?,https://soundcloud.com/bananasutra/sets/mass-media-freakshow-epx13-vol02-terrence-mckenna-knows-burlesque-or-snooze,BLOWsutra,"BURLESQUE,FOLK,JAZZ","BURLESQUE,FOLK,JAZZ",13,3268,19,0:00:00,https://i1.sndcdn.com/artworks-Xranl6ikDYKoluYT-FdIOxQ-t500x500.png,L-151,2025-04-15 20:39,"BLOWsutra : APES (gone wrong), BURLESQUEsutra, FOLKsutra, JAZZsutra","[05] Mass Media Freakshow - chanson encore oh boy BURLESQUE, [07] Mass Media Freakshow - McKenna's Burlesque CHANSON, [12] Mass media Freakshow - McKenna's Cheeky oui JAZZ, [03] Mass Media Freakshow Oh Boy • psyAccordion Circus BURLESQUE, [08] Mass Media Freakshow - chanson capela BURLESQUE, [02] Mass Media Freakshow (1) Oh Boy •  Piano Cello BURLESQUE, [06] Mass Media Freakshow - McKenna's Bass Burlesque, [04] Mass Media Freakshow - Accordion Oh Boy BURLESQUE, [09] Mass media Freakshow-MC Kenna's Cheeky JAZZ, [13] Mass Media Freakshow - McKenna's Folk, [01] Mass Media Freakshow • udio PSYcircus BURLESQUE, [11] Mass Media Freakshow • PBgal psyBASS JAZZ, [10] Mass Media Freakshow • Cello Accordion JAZZ"
MAWA MAWA EPx2 (if Soundcloud allows) ⭐︎ MAxA Series · Vol. 2,https://soundcloud.com/bananasutra/sets/mawa-mawa-epx2-maxa-series-vol-2,GROWsutra,LOFI,LOFI,2,455,3,0:00:00,https://i1.sndcdn.com/artworks-ohldLp0ezWMHuexZ-Z1TUbg-t500x500.png,L-158,,"BURLESQUEsutra, GROWsutra where we be brave, JAZZsutra, QUACKsutra where we sing FU","MAWA MAWA • Make America Woke Again • LOFI JAZZsutra, MAWA MAWA • Make America Woke Again • Accordion Cello Lament BURLESQUEsutra"
MAxA Alphabet Series Compilation - Make America Humane · Kind · Safe · Smart · etcetera Alright?!,https://soundcloud.com/bananasutra/sets/maxa-series,BLOWsutra,"BANJO,BURLESQUE","BANJO,BURLESQUE",20,4827,49,0:00:00,https://i1.sndcdn.com/artworks-1kvONAzRbkd2SdIu-RVmpoA-t500x500.png,L-149,2025-02-22 18:37,"BANJOsutra, BLOWsutra, BLOWsutra : MAxA Series, BLUESsutra, BURLESQUEsutra, DUBsutra, FOLKsutra, FOTUS CIRCUS Playlist An American Freaks Show, GROWsutra where we be brave, INDIEsutra, JAZZsutra, LOFIsutra, QUACKsutra where we sing FU","[4] MAHA • Make America Humane Again • Accordion CAT BURLESQUEsutra, [5] MAHA • Make America Humane Again • Authentic Banjo FOLKsutra, [6] MAHA • Make America Humane Again • DUBsutra, [1] MAHA • Make America Humane Again • Psy Waltz BURLESQUEsutra, [3] MAHA • Make America Humane Again • Bass IBYN BURLESQUE JAZZsutra, [7] MAHA • Make America Humane Again • Booya BANJOsutra, [2] MAHA • Make America Humane Again • Psy Waltz BURLESQUEsutra (2), [8] MAHA • Make America Humane Again • Weary BLUESsutra, MAWA MAWA • Make America Woke Again • Banger BANJOsutra, MASA MASA • Contrabass DUBsutra (2), MASA MASA • Booya BANJOsutra, MASA MASA • Contrabass DUBsutra (1)"
Men-Oh-Pause 🩸 KNOWsutra EPx14,https://soundcloud.com/bananasutra/sets/men-oh-pause-knowsutra-epx14,KNOWsutra,"BLUES,BURLESQUE,DUB,FOLK,INDIE,JAZZ,LOFI,ROCK","BLUES,BURLESQUE,DUB,FADO,FOLK,HIP HOP,INDIE,JAZZ,LOFI,PSYCHEDELIC,PUNK,RAGGA,ROCK",14,4270,47,0:00:00,https://i1.sndcdn.com/artworks-CwrH2fJ04mrnXKyD-lpasyg-t500x500.png,L-159,2025-09-16 11:10,"BLOWsutra : CENSOR(ed), BLUESsutra, BURLESQUEsutra, DUBsutra, FOLKsutra, GROWsutra where we be brave, INDIEsutra, KNOWsutra : but(t) WHY, KNOWsutra where questions matter, LOFIsutra, ROCKsutra","[01] Men-Oh-Pause • GROWsutra La Poesita Fado Arabesk World INDIE, [11] Men-Oh-Pause • GROWsutra Accordion Circus BURLESQUE, [06] Men-Oh-Pause • GROWsutra F-Bomb Hip Hop LOFI, [03] Men-Oh-Pause • GROWsutra She Wanna Know Fusion Jazz CelLOFI INDIE, [13] Men-Oh-Pause • GROWsutra Accordion Circus BURLESQUE, [14] Men-Oh-Pause • GROWsutra I Burlesque You Not Psychedelic Punk ROCK, [09] Men-Oh-Pause • GROWsutra Kindness is in the Depth Indie FOLK, [02] Men-Oh-Pause • GROWsutra La Poesita Fado Arabesk World INDIE, [05] Men-Oh-Pause • GROWsutra She Wanna Know Fusion Jazz CelLOFI INDIE, [08] Men-Oh-Pause • GROWsutra Dem Sed Ragga DUB, [04] Men-Oh-Pause • GROWsutra She Wanna Know Fusion Jazz CelLOFI INDIE, [07] Men-Oh-Pause • GROWsutra Muse DUB, [10] Men-Oh-Pause • GROWsutra Psychedelic Destiny BLUES, [12] Men-Oh-Pause • GROWsutra Accordion Circus BURLESQUE"
Mind the Felon EP X5 | JAZZ LOFI : Psychedelic Paradox Soul Chanson,https://soundcloud.com/bananasutra/sets/mind-the-felon-bananasutra-jazz-lofi,BLOWsutra,"JAZZ,LOFI","JAZZ,LOFI,PSYCHEDELIC,SOUL",5,3178,28,0:00:00,https://i1.sndcdn.com/artworks-JhmQUJamnQmJaWeu-4kvdTA-t500x500.png,L-154,,"BLOWsutra, BURLESQUEsutra, FOLKsutra, JAZZsutra, MANTRAsutra, QUACKsutra : DUCK (shady), QUACKsutra where we sing FU","Mind the Felon • MANTRAsutra, Mind the Felon (two) • FOLKsutra, Mind the Felon (four) • JAZZsutra, Mind the Felon (one) • JAZZsutra, Mind the Felon (three) • JAZZsutra"
Muddy Waters EP,https://soundcloud.com/bananasutra/sets/muddy-waters-ep,KNOWsutra,LOFI,LOFI,3,2439,35,0:00:00,https://i1.sndcdn.com/artworks-nMqZKsyaPrkeqrcw-6Z1nNw-t500x500.jpg,L-165,2024-10-22 18:43,"BLOWsutra : EGO (gone loco), KNOWsutra where questions matter, LOFIsutra","Nietzsche’s Gift V.3 • LOFI Jazzz • sutraKNOW, Nietzsche’s Gift V.2 • LOFI Jazzz • sutraKNOW, Nietzsche’s Gift V.1 • LOFI Jazzz • sutraKNOW"
My Quest • EPx6 Vol. 2 • GLOWsutra Jacques Brel Dream,https://soundcloud.com/bananasutra/sets/my-quest-glowsutra-jacques-brel-epx7,GLOWsutra,"BANJO,BLUES,BURLESQUE,DUB,INDIE,JAZZ,ROCK","BANJO,BLUES,BURLESQUE,DUB,INDIE,JAZZ,PSYCHEDELIC,ROCK,TRIP HOP",6,2792,18,0:00:00,https://i1.sndcdn.com/artworks-RvPg90tJzDpSlPKh-ns1cUw-t500x500.png,L-163,2026-03-15 16:44,"BLUESsutra, DUBsutra, GLOWsutra where gratitude feeds, INDIEsutra, JAZZsutra, ROCKsutra","[04] My Quest • To dream an impossible dream with Jacques Brel • GLOWsutra Psychedelic Muse DUB, [03] My Quest • To dream an impossible dream • GLOWsutra She Wanna Know Psychedelic Bass Hop JAZZ, [02] My Quest • To dream an impossible dream • GLOWsutra Psychedelic Cello Lullaby INDIE, [01] My Quest • To dream an impossible dream • GLOWsutra Psychedelic Cello Lullaby INDIE, [06] My Quest • To dream an impossible dream with Jacques Brel • GLOWsutra Indie Banjo BLUES, [05] My Quest • To dream an impossible dream • GLOWsutra Burlesque Indie Trip Hop ROCK"
New Normalcy (Planet Earth to Higher Grounds) EP x7,https://soundcloud.com/bananasutra/sets/new-normalcy-planet-earth-to-higher-grounds-ep-x7,KNOWsutra,FOLK,FOLK,7,1847,19,0:00:00,https://i1.sndcdn.com/artworks-ud5KKsf2ftHwkxwZ-emOxEw-t500x500.jpg,L-156,,"BANJOsutra, BLOWsutra : APES (gone wrong), BURLESQUEsutra, DUBsutra, FOLKsutra, JAZZsutra, KNOWsutra where questions matter, ROCKsutra","New Normalcy, Space Oddity ☰ BANJOsutra, New Normalcy, Space Oddity ☰ BURLESQUEsutra, New Normalcy, Space Oddity ☰ COUNTRYsutra, New Normalcy, Space Oddity ☰ DUBsutra, New Normalcy, Space Oddity ☰ FOLK JAZZsutra, New Normalcy, Space Oddity ☰ ROCKsutra, New Normalcy, Space Oddity ☰ PIANOsutra"
Nietzsche's Gift (They Muddy the Water to Make it Look Deep) - KNOWsutra EPx13 Vol. 5,https://soundcloud.com/bananasutra/sets/nietzsches-gift-they-muddy-the-water-to-make-it-look-deep-knowsutra-epx13-vol-5,KNOWsutra,"BANJO,BLUES,BURLESQUE,DUB,FOLK,INDIE,JAZZ,LOFI","BANJO,BLUES,BURLESQUE,DUB,FOLK,INDIE,JAZZ,LOFI",13,2615,26,0:00:00,https://i1.sndcdn.com/artworks-LHMRQArJDO3UAyuX-tkyzjg-t500x500.png,L-165,2025-09-04 19:56,"BANJOsutra, BLOWsutra : EGO (gone loco), BURLESQUEsutra, DUBsutra, INDIEsutra, JAZZsutra, KNOWsutra where questions matter, LOFIsutra","[08] They Muddy the Water • Nietzsche's Gift • KNOWsutra Tzigane Fusion FOLK DUB, [03] They Muddy the Water • Nietzsche's Gift • KNOWsutra Accordion BURLESQUE, [02] They Muddy the Water • Nietzsche's Gift • KNOWsutra Piano BURLESQUE, [06] They Muddy the Water • Nietzsche's Gift • KNOWsutra Jazzy Folk INDIE, [11] They Muddy the Water • Nietzsche's Gift • KNOWsutra Dubby Dub DUB, [04] They Muddy the Water • Nietzsche's Gift • KNOWsutra Jazz BURLESQUE, [09] They Muddy the Water • Nietzsche's Gift • KNOWsutra Tzigane Indie Fusion FOLK DUB, [05] They Muddy the Water • Nietzsche's Gift • KNOWsutra Bluesy Bass (Remastered) JAZZ, [10] They Muddy the Water • Nietzsche's Gift • KNOWsutra Muse DUB, [07] They Muddy the Water • Nietzsche's Gift • KNOWsutra Destiny Blues BANJO, [01] They Muddy the Water • Nietzsche's Gift • KNOWsutra Piano BURLESQUE, [13] They Muddy the Water • Nietzsche's Gift • KNOWsutra Drum LOFI, [12] They Muddy the Water • Nietzsche's Gift • KNOWsutra Dubby Dub DUB"
No Fear · My Dear ❢ BLOWsutra Revolution Ring Jazz EPx19,https://soundcloud.com/bananasutra/sets/no-fear-my-dear-blowsutra-revolution-ring-jazz-epx19,BLOWsutra,"BLUES,FOLK,INDIE,JAZZ,LOFI","BLUES,FOLK,GIPSY,INDIE,JAZZ,LOFI,PSYCHEDELIC",19,14392,146,0:00:00,https://i1.sndcdn.com/artworks-ecBWNrgF4umdHgXR-yDUv4A-t500x500.png,L-166,,"BLOWsutra, BLOWsutra : REVOLT (now), BLUESsutra, FOLKsutra, INDIEsutra, JAZZsutra, LOFIsutra","Side B [11] No Fear, My Dear • BLOWsutra Revolt Now Dubby Psychedelic Folky BLUES, Side A [06] No Fear, My Dear • BLOWsutra Revolt Now Dubby Bluesy Psychedelic Chanson Piano JAZZ, Side A [07] No Fear, My Dear • BLOWsutra Revolt Now Dubby Bluesy Psychedelic Chanson Piano JAZZ, Side B [18] No Fear, My Dear • BLOWsutra Revolt Now Psychedelic Gipsy World Fusion Indie LOFI, Side B [15] No Fear, My Dear • BLOWsutra Revolt Now Psychedelic Gipsy World LoFi Folk Fusion INDIE, Side B [12] No Fear, My Dear • BLOWsutra Revolt Now Dubby Bluesy Jazzy Psychedelic Chanson Piano FOLK, Side A [10] No Fear, My Dear • BLOWsutra Revolt Now Dubby Psychedelic Chanson Bluesy JAZZ, Side B [14] No Fear, My Dear • BLOWsutra Revolt Now Psychedelic Gipsy World LoFi Folk Fusion INDIE, Side A [05] No Fear, My Dear • BLOWsutra Revolt Now Bluesy Psychedelic Chanson Piano JAZZ, Side B [13] No Fear, My Dear • BLOWsutra Revolt Now Dubby Psychedelic FOLK, Side A [09] No Fear, My Dear • BLOWsutra Revolt Now Bluesy Psychedelic Chanson Piano JAZZ, Side B [16] No Fear, My Dear • BLOWsutra Revolt Now Psychedelic Gipsy World LoFi Folk Fusion INDIE, Side A [02] No Fear, My Dear • BLOWsutra Revolt Now Bluesy Psychedelic Chanson Piano Bass JAZZ, Side A [01] No Fear, My Dear • BLOWsutra Revolt Now Bluesy Psychedelic Chanson Piano JAZZ, Side A [08] No Fear, My Dear • BLOWsutra Revolt Now Psychedelic Gipsy World LoFi Fusion Piano Indie JAZZ, Side A [03] No Fear, My Dear • BLOWsutra Revolt Now Bluesy Psychedelic Chanson Piano JAZZ, Side A [04] No Fear, My Dear • BLOWsutra Revolt Now Bluesy Psychedelic Chanson Piano JAZZ, Side B [17] No Fear, My Dear • BLOWsutra Revolt Now Psychedelic Gipsy World LoFi Fusion INDIE, Side B [19] No Fear, My Dear • BLOWsutra Revolt Now Psychedelic Gipsy World Fusion Indie LOFI"
No · I'm Not Being Political 🇺🇸 KNOWsutra Indie Dub EPx15,https://soundcloud.com/bananasutra/sets/no-im-not-being-political-knowsutra-indie-dub-epx15,KNOWsutra,"DUB,FOLK,INDIE,LOFI,MANTRA","DUB,FOLK,INDIE,LOFI,MANTRA",15,2944,25,0:00:00,https://i1.sndcdn.com/artworks-zz7WsK7tAEH4cMHT-fSdPcQ-t500x500.png,L-160,2025-08-07 22:37,BLOWsutra : APES (gone wrong),"[15] No, I'm Not Being Political • KNOWsutra Drum MANTRA, [11] No, I'm Not Being Political • KNOWsutra Indie DUB, [13] No, I'm Not Being Political • KNOWsutra DUB, [14] No, I'm Not Being Political • KNOWsutra DUB, [12] No, I'm Not Being Political • KNOWsutra DUB, [08] No, I'm Not Being Political • KNOWsutra Dubby Tzigane LOFI, [04] No, I'm Not Being Political • KNOWsutra Dubby Tzigane FOLK, [01] No, I'm Not Being Political • KNOWsutra La poesita Folk INDIE, [10] No, I'm Not Being Political • KNOWsutra Indie DUB, [05] No, I'm Not Being Political • KNOWsutra Dubby Tzigane FOLK, [07] No, I'm Not Being Political • KNOWsutra Dubby Tzigane LOFI, [02] No, I'm Not Being Political • KNOWsutra Folk INDIE, [03] No, I'm Not Being Political • KNOWsutra Dubby Tzigane FOLK, [09] No, I'm Not Being Political • KNOWsutra Dubby Tzigane LOFI, [06] No, I'm Not Being Political • KNOWsutra Dubby Tzigane FOLK"
Nous Sommes Le Feu EPx4 ☲ GROWsutra French Peace Indie,https://soundcloud.com/bananasutra/sets/nous-sommes-le-feu-epx4-growsutra-french-peace-indie,GROWsutra,"DUB,INDIE,MANTRA","DUB,INDIE,MANTRA",4,856,10,0:00:00,https://i1.sndcdn.com/artworks-LI16piMdqgOBh7oK-so3Vwg-t500x500.png,L-162,,"DUBsutra, FRENCHsutra oui oui · sacrebleu, GROWsutra where we be brave, INDIEsutra, MANTRAsutra, OUI OUI : Pardon (my French)","[02] Nous Sommes Le Feu - Chanson à la JAZZsutra - INDIE, [04] Nous Sommes Le Feu - Queen FOLKsutra - MANTRA, [01] Nous Sommes Le Feu - Chanson à la BLUESsutra - INDIE, [03] Nous Sommes Le Feu - Jazzy Muse DUB"
Oh My · Oh Why (Socrates Song) - GROWsutra EPx7,https://soundcloud.com/bananasutra/sets/oh-my-oh-why-socrates-song-growsutra-epx7,GROWsutra,"DUB,FOLK,INDIE","DUB,FOLK,INDIE",7,1243,12,0:00:00,https://i1.sndcdn.com/artworks-u4xWThnzlboyzPPM-yy5lxA-t500x500.png,L-163,,"BURLESQUEsutra, DUBsutra, FOLKsutra, GROWsutra where we be brave, INDIEsutra, KNOWsutra : but(t) WHY, MANTRAsutra","[02] Oh My, Oh Why (Socrates Song) - GROWsutra INDIE, [07] Oh My, Oh Why (Socrates Song) - GROWsutra Muse DUB, [04] Oh My, Oh Why (Socrates Song) - GROWsutra INDIE FOLK, [06] Oh My, Oh Why (Socrates Song) - GROWsutra mo FOLK, [03] Oh My, Oh Why (Socrates Song) - GROWsutra Bass INDIE, [01] Oh My, Oh Why (Socrates Song) - GROWsutra Vocal INDIE, [05] Oh My, Oh Why (Socrates Song) - GROWsutra FOLK"
Oh · Freedom EP x10 ♛ BLUESsutra (Public Domain Lyrics),https://soundcloud.com/bananasutra/sets/oh-freedom-bluessutra-public-domain-lyrics,BOWsutra,BLUES,SOUL,10,1852,24,0:00:00,https://i1.sndcdn.com/artworks-P78u62myC8kQzJcZ-qk1VzQ-t500x500.png,L-164,,"BANJOsutra, BLOWsutra, BLOWsutra : REVOLT (now), BLUESsutra, BOWsutra the last of 7 sutras · it's divine <3, BURLESQUEsutra, DUBsutra, FOLKsutra, GROWsutra where we be brave, JAZZsutra, ROCKsutra","oh (oh) freedom • BLUESsutra, oh (ohoh) freedom • BLUESsutra, oh freedom (no more segregation) • indieBLUESsutra, Oh, Freedom ♛ Dubby BLUESsutra (Public Domain Heavens), Ooh, Freedom ♛ BLUESsutra (Public Domain Heavens on Fire), Oh, Freedom ♛ GOSPELsutra (Public Domain Heavens), Oh, Freedom ♛ BLUESsutra (Public Domain Heavens), Oh, Freedom ♛ Circus BLUESsutra (Public Domain Heavens), Oh, Freedom ♛ Reverb BLUESsutra (Public Domain Heavens), Ooh, Freedom ♛ BLUESsutra Soul (Public Domain Heavens)"
Oh · Martine ❃ French GLOW+BOWsutra ❃ Side A+B EPx28,https://soundcloud.com/bananasutra/sets/oh-martine-french-glowbowsutra-side-ab-epx28,BOWsutra,"BLUES,BURLESQUE,DUB,FOLK,INDIE,JAZZ,LOFI,ROCK","BLUES,BURLESQUE,DUB,FADO,FOLK,GIPSY,INDIE,JAZZ,LOFI,PSYCHEDELIC,PUNK,ROCK",28,11217,101,0:00:00,https://i1.sndcdn.com/artworks-PhV4HcOuFKRdx4bD-cO41eQ-t500x500.png,L-173,,"BLUESsutra, BOWsutra : DEATH (is nothing), BOWsutra the last of 7 sutras · it's divine <3, BURLESQUEsutra, DUBsutra, INDIEsutra, JAZZsutra, LOFIsutra, OUI OUI : Pardon (my French), ROCKsutra","Side B [02] Oh Martine • BOWsutra Ethereal French BLUES, Side B [08] Oh Martine • BOWsutra Gipsy World LoFi Fusion INDIE, Side B [11] Oh Martine • BOWsutra French Storyteller Mama Indie LOFI, Side B [04] Oh Martine • BOWsutra Alternative Post-Punk French Burlesque ROCK, Side B [03] Oh Martine • BOWsutra Alternative Post-Punk French Burlesque ROCK, Side B [09] Oh Martine • BOWsutra Gipsy World LoFi Fusion INDIE, Side A [15] Oh Martine • BOWsutra La Poesita Fado World Duende INDIE, Side B [10] Oh Martine • BOWsutra French Cello Psychedelia Indie LOFI, Side B [13] Oh Martine • BOWsutra French Folk Poetry DUB, Side B [06] Oh Martine • BOWsutra Alternative Post-Punk French Burlesque ROCK, Side A [12] Oh Martine • BOWsutra La Poesita Fado World Duende INDIE, Side A [13] Oh Martine • BOWsutra La Poesita Fado World Duende INDIE, Side B [12] Oh Martine • BOWsutra French Storyteller Mama Indie LOFI, Side B [07] Oh Martine • BOWsutra Gipsy World LoFi Fusion INDIE, Side A [10] Oh Martine • BOWsutra French Accordion Psychedelia INDIE, Side A [09] Oh Martine • BOWsutra French Accordion Psychedelia INDIE, Side B [05] Oh Martine • BOWsutra Alternative Post-Punk French Burlesque ROCK, Side A [11] Oh Martine • BOWsutra French Accordion Psychedelia INDIE, Side B [01] Oh Martine • BOWsutra Ethereal French BLUES, Side A [02] Oh Martine • BOWsutra Oh Boy French Accordion Circus Jazz BURLESQUE, Side A [14] Oh Martine • BOWsutra La Poesita Fado World Duende INDIE, Side A [01] Oh Martine • BOWsutra French Accordion Tango Circus Jazz INDIE, Side A [08] Oh Martine • BOWsutra French Psychedelic Cello Indie JAZZ, Side A [06] Oh Martine • BOWsutra French Psychedelic Cello Indie JAZZ, Side A [03] Oh Martine • BOWsutra Cheeky Piano Bar Kittens BURLESQUE, Side A [04] Oh Martine • BOWsutra Cheeky Piano Bar Kittens BURLESQUE, Side A [05] Oh Martine • BOWsutra French Psychedelic Cello Indie JAZZ, Side A [07] Oh Martine • BOWsutra French Psychedelic Cello Indie JAZZ"
Okey Dokey · No It's Not Ξ EPx5 Ξ LOFIsutra,https://soundcloud.com/bananasutra/sets/okey-dokey-no-its-not-epx5-lofisutra,BLOWsutra,INDIE,INDIE,5,6749,49,0:00:00,https://i1.sndcdn.com/artworks-lY0oFqEouYMs8MxL-RFc5iA-t500x500.png,L-166,,"BANJOsutra, BLOWsutra, BLOWsutra : APES (gone wrong), LOFIsutra","[04] Okey Dokey, No It's Not • Jazzy LOFIsutra, [03] Okey Dokey, No It's Not • Indie LOFIsutra, [02] Okey Dokey, No It's Not • Indie LOFIsutra, [01] Okey Dokey, No It's Not • Banger BANJOsutra, [05] Okey Dokey, No It's Not • Jazzy LOFIsutra"
One Percent Rising • GROWsutra (Dare to Care) Psychedelic Indie EPx6,https://soundcloud.com/bananasutra/sets/one-percent-rising-growsutra-dare-to-care-epx6,GROWsutra,"INDIE,LOFI,ROCK","GIPSY,HIP HOP,INDIE,LOFI,PSYCHEDELIC,PUNK,ROCK",6,1314,15,0:00:00,https://i1.sndcdn.com/artworks-kgjEyPp1tNR5wzhb-SWAbWQ-t500x500.png,L-175,2026-02-24 20:27,"GROWsutra where we be brave, LOFIsutra, ROCKsutra","[02] One Percent Rising • GROWsutra (Dare to Care) IBYN Post-Punk PsyBurlesque ROCK, [05] One Percent Rising • GROWsutra (Dare to Care) Psychedelic Indie Gipsy Hip Hop Fusion LOFI, [03] One Percent Rising • GROWsutra (Dare to Care) IBYN Post-Punk PsyBurlesque ROCK, [04] One Percent Rising • GROWsutra (Dare to Care) Psychedelic Indie Gipsy Hip Hop Fusion LOFI, [06] One Percent Rising • GROWsutra (Dare to Care) Psychedelic Indie Gipsy Hip Hop Fusion LOFI, [01] One Percent Rising • GROWsutra (Dare to Care) IBYN Post-Punk PsyBurlesque ROCK"
Ordo Amoris in Decay ♡ GROWsutra EPx6,https://soundcloud.com/bananasutra/sets/ordo-amoris-in-decay-growsutra-epx6,GROWsutra,"INDIE,JAZZ","FADO,INDIE,JAZZ",6,4837,42,0:00:00,https://i1.sndcdn.com/artworks-opR2DJpgXbteguGo-J7W1sA-t500x500.png,L-170,2025-06-19 10:35,"BLOWsutra : APES (gone wrong), BURLESQUEsutra, DUBsutra, INDIEsutra, LOFIsutra","[01] Ordo Amoris In Decay - Gypsy Fado BURLESQUEsutra, [05] Ordo Amoris In Decay - muse DUBsutra, [00] All I Want Is To Believe - CAT JAZZ BURLESQUEsutra, [04] Ordo Amoris In Decay - Indie LOFIsutra, [02] Ordo Amoris In Decay - Oh Boy Accordion Cello BURLESQUEsutra, [03] Ordo Amoris In Decay - Gypsy Fado INDIEsutra"
Oy · We Care 🦆 QUACKsutra Psychedelic Punk Rock Mantra EPx4,https://soundcloud.com/bananasutra/sets/oy-we-care-quacksutra-psychedelic-punk-rock-mantra-epx4,BLOWsutra,"BURLESQUE,FOLK,MANTRA,ROCK","BURLESQUE,FOLK,MANTRA,PSYCHEDELIC,PUNK,ROCK",4,1596,9,0:00:00,https://i1.sndcdn.com/artworks-Jej1tzscsQG6oWg9-XF2L3Q-t500x500.png,L-180,,"BLOWsutra : REVOLT (now), BURLESQUEsutra, QUACKsutra where we sing FU, ROCKsutra","Oy, We Care! BLOWsutra I Burlesque You Not 3, Oy, We Care! BLOWsutra I Burlesque You Not 2, Oy, We Care! BLOWsutra I Burlesque You Not 1, Oy, We Care! BLOWsutra I Piano Bar Burlesque FOLK"
Peace Matters More (The Only Wish Worth Making) 🪽 GROWsutra Birthday Wish Song,https://soundcloud.com/bananasutra/sets/peace-matters-more-the-only-wish-worth-making-growsutra-birthday-wish-song,GROWsutra,"BURLESQUE,DUB,INDIE,JAZZ","BURLESQUE,DUB,GIPSY,INDIE,JAZZ",7,8465,78,0:00:00,https://i1.sndcdn.com/artworks-E8wykXuhdIZsTYC5-7gZGHQ-t500x500.png,L-182,,"BURLESQUEsutra, DUBsutra, GROWsutra where we be brave, INDIEsutra, JAZZsutra, KNOWsutra : PEACE (not War)","[03] Peace Matters More - GROWsutra Gipsy Circus BURLESQUE, [06] Peace Matters More - GROWsutra Gipsy Hop DUB, [05] Peace Matters More - GROWsutra Gipsy DUB JAZZ, [04] Peace Matters More - GROWsutra Gipsy Circus BURLESQUE, [07] Peace Matters More - GROWsutra Gipsy Hop DUB, [01] Peace Matters More - GROWsutra Gipsy psyCello INDIE, [02] Peace Matters More - GROWsutra Gipsy Burlesque INDIE"
Pedo Nation ★ Felon Nation Redux ★ BLOWsutra EPx14,https://soundcloud.com/bananasutra/sets/pedo-nation-felon-nation-redux-blowsutra-epx14,BLOWsutra,"BANJO,BLUES,DUB,LOFI,MANTRA","BANJO,BLUES,COUNTRY,DUB,LOFI,MANTRA,TRIP HOP",14,3222,24,0:00:00,https://i1.sndcdn.com/artworks-LhTksDdMzsR3b0mE-zpGPhA-t500x500.png,L-176,,"BANJOsutra, BLUESsutra, DUBsutra, LOFIsutra, MANTRAsutra, QUACKsutra : DUCK (shady), QUACKsutra where we sing FU","[13] PEDO Nation • High Drum Prayer MANTRA, [04] PEDO Nation • Hide Your Pets Country BANJO, [05] PEDO Nation • Hide Your Pets Country BANJO, [07] PEDO Nation • Hide Your Pets Country BANJO, [10] PEDO Nation • Cello Trip Hop LOFI, [09] PEDO Nation • Donny Daddy likes 'em young DUB, [12] PEDO Nation • Cello Trip Hop LOFI, [01] PEDO Nation • bluesy yum BLUES, [11] PEDO Nation • Cello Trip Hop LOFI, [03] PEDO Nation • Hide Your Pets Country BANJO, [06] PEDO Nation • Hide Your Pets Country BANJO, [14] PEDO Nation • High Drum Prayer MANTRA, [02] PEDO Nation • Psy Banger BANJO, [08] PEDO Nation • Hide Your Pets Country BANJO"
Peel Me Kindly 🍌 SHOWsutra Gone Banana à la Gipsy JAZZ EPx7,https://soundcloud.com/bananasutra/sets/peel-me-kindly-showsutra-gone-banana-a-la-gipsy-jazz,SHOWsutra,JAZZ,"GIPSY,JAZZ",7,5115,60,0:00:00,https://i1.sndcdn.com/artworks-lciyCEyApUx6fnqe-mWMztg-t500x500.png,L-185,,"FLOWsutra : WET (my friend), JAZZsutra, SHOWsutra where bananas play","[04] Peel Me Kindly • FLOWsutra Gone Banana Joke Gipsy JAZZ, [07] Peel Me Kindly • FLOWsutra Gone Banana Joke Gipsy JAZZ, [05] Peel Me Kindly • FLOWsutra Gone Banana Joke Gipsy JAZZ, [06] Peel Me Kindly • FLOWsutra Gone Banana Joke Gipsy JAZZ, [02] Peel Me Kindly • FLOWsutra Gone Banana Joke Gipsy JAZZ, [03] Peel Me Kindly • FLOWsutra Gone Banana Joke Gipsy JAZZ, [01] Peel Me Kindly • FLOWsutra Gone Banana Joke Gipsy JAZZ"
Poem (I wanted to be · basically) ℘ EPx14 VOL.01,https://soundcloud.com/bananasutra/sets/poem-i-wanted-to-be-basically-epx14-vol01,GLOWsutra,"BANJO,BLUES,BURLESQUE,DUB,FOLK,INDIE,JAZZ,LOFI","BANJO,BLUES,BURLESQUE,DUB,FOLK,INDIE,JAZZ,LOFI,PSYCHEDELIC",14,2385,20,0:00:00,https://i1.sndcdn.com/artworks-z3oqCWriMGQ0OJPD-bZzyHg-t500x500.png,L-180,2025-04-21 18:32,"BANJOsutra, BLUESsutra, FOLKsutra, GLOWsutra : POET(ry), GLOWsutra where gratitude feeds, INDIEsutra, JAZZsutra, LOFIsutra","[14] I Wanted to Be the Poem - Booya Banger BANJO, [10] I Wanted to Be the Poem - Dreamy Strings FOLK, [11] I Wanted to Be the Poem - Jazzy Singalong FOLK, [07] I Wanted to Be the Poem - Indie Pop LOFI, [09] I Wanted to Be the Poem - Bluesy Banjo BLUES, [08] I Wanted to Be the Poem - Psychedelic DRUM DUB LOFI, [01] I thought I wanted to be a poet but(t) - Piano Folk INDIE, [06] I Wanted to Be the Poem - Bluesy Burlesque JAZZ, [13] I Wanted to Be the Poem - Strumming along FOLK, [05] I Wanted to Be the Poem - Dreamy Piano JAZZ, [04] I Wanted to Be the Poem - Jazzy Sax INDIE, [12] I Wanted to Be the Poem - Bluesy Indie FOLK, [03] I Wanted to Be the Poem - Piano Folks INDIE, [02] I Wanted to Be the Poem - Jazzy Piano INDIE"
Poetry Matters EP vol.3,https://soundcloud.com/bananasutra/sets/poetry-matters-ep-vol3,BOWsutra,"FOLK,LOFI,MANTRA","FOLK,LOFI,MANTRA",3,539,8,0:00:00,https://i1.sndcdn.com/artworks-2YAEhVqYbh7DwilS-Nd8dqg-t500x500.jpg,L-181,,"BOWsutra the last of 7 sutras · it's divine <3, DUBsutra, GLOWsutra : POET(ry), GLOWsutra where gratitude feeds, KNOWsutra where questions matter, LOFIsutra, MANTRAsutra","Poetry Matters • Folk DUBsutra, Poetry Matters • LOFI DUBsutra, Poetry Matters • Mantra DRUMsutra"
Poetry Matters ☰ BANJOsutra EPx2,https://soundcloud.com/bananasutra/sets/poetry-matters-banjosutra-ep,GLOWsutra,"BANJO,BLUES","BANJO,BLUES",5,766,9,0:00:00,https://i1.sndcdn.com/artworks-2YAEhVqYbh7DwilS-Nd8dqg-t500x500.jpg,L-181,,"BANJOsutra, DUBsutra, GLOWsutra : POET(ry), GLOWsutra where gratitude feeds, GROWsutra where we be brave, JAZZsutra, SINGLEsutra Exclusive SoundCloud (woo)","Poetry Matters (I believe) DUBsutra, Poetry Matters (1) ☰ BANJOsutra dream, Poetry Matters (2) ☰ BANJOsutra dream"
Poetry Matters ☲ EPx3 Vol.05 ☲ DUBsutra,https://soundcloud.com/bananasutra/sets/poetry-matters-epx3-vol05-dubsutra,GLOWsutra,DUB,DUB,3,2245,22,0:00:00,https://i1.sndcdn.com/artworks-abyBryFxsG9vVsON-VYqfCQ-t500x500.png,L-181,,"DUBsutra, GLOWsutra : POET(ry), GLOWsutra where gratitude feeds","[03] Poetry Duende - DUBsutra, [01] Poetry Duende - DUBsutra, [02] Poetry Duende - DUBsutra"
Poetry Nah Lie ☲ EPx6 Vol.01 ☲ DUBsutra,https://soundcloud.com/bananasutra/sets/poetry-nah-lie-epx6-vol01-dubsutra,GLOWsutra,DUB,RAGGA,6,3403,39,0:00:00,https://i1.sndcdn.com/artworks-XirUpSPl2GiR23bD-IUcZyA-t500x500.png,L-182,,"DUBsutra, GLOWsutra where gratitude feeds","[03] Poetry Nah Lie - Ragga DUBsutra, [05] Poetry Nah Lie - Ragga DUBsutra, [04] Poetry Nah Lie - Ragga DUBsutra, [06] Poetry Nah Lie - Ragga DUBsutra, [02] Poetry Nah Lie - Ragga DUBsutra, [01] Poetry Nah Lie - Ragga DUBsutra"
Poetry Slow Burns ☲ EPx5 Vol.01 ☲ DUBsutra,https://soundcloud.com/bananasutra/sets/poetry-slow-burns-epx5-vol01-dubsutra,GLOWsutra,DUB,DUB,5,4049,37,0:00:00,https://i1.sndcdn.com/artworks-kFKsDMSXWH3Vpk1z-DJlmNw-t500x500.png,L-183,,"DUBsutra, GLOWsutra : POET(ry), GLOWsutra where gratitude feeds","[04] Poetry Slow Burns - DUBsutra, [05] Poetry Slow Burns - Sweet DUBsutra, [03] Poetry Slow Burns - DUBsutra, [02] Poetry Slow Burns - DUBsutra, [01] Poetry Slow Burns  - Gold DUBsutra"
Predators (why war) EP x11 vol.2,https://soundcloud.com/bananasutra/sets/predators-why-war-ep-vol2,BLOWsutra,MANTRA,MANTRA,11,2151,23,0:00:00,https://i1.sndcdn.com/artworks-OWRInG4UzoJJhhFd-ho8qyg-t500x500.jpg,L-186,,"BURLESQUEsutra, FOLKsutra, INDIEsutra, JAZZsutra, KNOWsutra : PEACE (not War), LOFIsutra, MANTRAsutra","Predators (why Kids Are Allowed To Die) • BASS JAZZsutra, You Know Why (wars) • CONTRABASS LOFIsutra, Why They Die (predators) 2 • INDIEsutra, Why They Die (predators) 1 • INDIEsutra, Who Cares Who Knows • WTFsutra, WAR They Die (predators) 3 • WARsutra, Predators (why Kids Are Allowed To Die) MANTRAencore DRUMsutra, Predators (why Kids Are Allowed To Die) • MANTRA DRUMsutra, Predators (why Kids Are Allowed To Die) • FOLKsutra, Predators (why Kids Are Allowed To Die) • CELLOsutra, Predators (why Kids Are Allowed To Die • PIANO JAZZsutra"
Prickly Peaches DUBsutra EPx3,https://soundcloud.com/bananasutra/sets/prickly-peaches-dubsutra-epx3,FLOWsutra,DUB,DUB,3,640,8,0:00:00,https://i1.sndcdn.com/artworks-RAzwB4AnKcyRKbyO-wrGX6g-t500x500.jpg,L-276,2024-12-24 21:59,"DUBsutra, FLOWsutra : WET (my friend), FLOWsutra where time is space","Prickly Peaches (one) • DUB Sutra, Prickly Peaches (two) • DUB Sutra, Prickly Peaches (three) • DUB Sutra"
Pro-life means what · honey?,https://soundcloud.com/bananasutra/sets/pro-life-means-what-honey,KNOWsutra,"BANJO,MANTRA","BANJO,MANTRA",6,1210,18,0:00:00,https://i1.sndcdn.com/artworks-6n9qPQKkYrr2fiIl-Ru83aw-t500x500.jpg,L-188,,"BANJOsutra, BLUESsutra, DUBsutra, GROWsutra : GOD (etc), KNOWsutra where questions matter, QUACKsutra where we sing FU, Questions for the (kind) POPE in the Sky","Pro-Life Means What, Honey • Banjo BLUESsutra (1), Pro-Life Means What, Honey • Banjo BLUESsutra (2), Pro-Life Means What, Honey • Banjo BLUESsutra (3), Pro-Life Means What, Honey • Banjo BLUESsutra (4), Pro-Life Means What, Honey • Reggae DUBsutra (1), Pro-Life Means What, Honey • Jazzy Mantra DUBsutra (2)"
Project 2-0-2-5 (Explicit Fascism Advisory) • Pray for Murica SOULsutra EPx7,https://soundcloud.com/bananasutra/sets/project-2-0-2-5-explicit-fascism-advisory-pray-for-murica-soulsutra-epx7,GLOWsutra,FOLK,"FOLK,SOUL",7,1379,16,0:00:00,https://i1.sndcdn.com/artworks-Gpeeqzc8b4frhVCd-pyGbug-t500x500.png,L-197,,"BLOWsutra, BLUESsutra, DUBsutra, FOLKsutra, INDIEsutra, QUACKsutra : DUCK (shady), QUACKsutra where we sing FU","Project 2-0-2-5 • Ducky BLUESsutra, Project 2-0-2-5 • Wonky BLUESutra, Project 2-0-2-5 • Honky INDIEsutra, Project 2-0-2-5 • Bully FOLKsutra, Project 2-0-2-5 • Tonky BLUESsutra, Project 2-0-2-5 • Folksy DUBsutra, Project 2-0-2-5 • Dummy FOLKsutra"
Queer Almighty (Holy Questions Matter) - EPx16 VOL. 02,https://soundcloud.com/bananasutra/sets/queer-almighty-holy-questions-matter-epx16-vol-02,KNOWsutra,"BANJO,BLUES,FOLK,MANTRA","BANJO,BLUES,CABARET,COUNTRY,FOLK,MANTRA",16,9316,66,0:00:00,https://i1.sndcdn.com/artworks-AW1E67BzmypJfRI1-6hZzEg-t500x500.png,L-198,,"BANJOsutra, BLUESsutra, BURLESQUEsutra, DUBsutra, GROWsutra : GOD (etc), KNOWsutra where questions matter, MANTRAsutra, Questions for the (kind) POPE in the Sky","[13] Queer Almighty - Born to Waltz - BANJOsutra, [14] Queer Almighty - love unmasked - JAZZsutra, [11] Queer Almighty - BURLESQUEsutra, [12] Queer Almighty - Why is it so hard - Piano BURLESQUEsutra, [16] Queer Almighty • Accordion MANTRAsutra, [15] Queer Almighty - Drum Mantra DUBsutra, [07] Queer Almighty - Oh my queer almighty why - BANJOsutra, [10] Queer Almighty - Why - Banjo Tango FOLKsutra, [09] Queer Almighty - FOLK BANJOsutra, [06] Queer Almighty - Queer Enough to Cabaret - BANJOsutra, [04] Queer Almighty • Bluegrass BANJOsutra, [08] Queer Almighty - Tell me why - FOLK BANJOsutra, [02] Queer Almighty - Blues BANJOsutra, [01] Queer Almighty - Folk BANJOsutra, [03] Queer Almighty - Brave enough to be - Country BANJOsutra, [05] Queer Almighty - Jazzy Queer Almighty - BLUESy BANJOsutra"
Question Di Kingdom EPx4 VOL.02,https://soundcloud.com/bananasutra/sets/question-di-kingdom-epx4-vol02,KNOWsutra,DUB,"DUB,RAGGA",4,4769,48,0:00:00,https://i1.sndcdn.com/artworks-di7zASJGwZPfXRsD-DluSHw-t500x500.png,L-191,,"DUBsutra, KNOWsutra : BERTRAND (mon chéri), KNOWsutra where questions matter, Questions for the (kind) POPE in the Sky","[04] Reason over Reverence - They said bow down but we rise 2 - DUBsutra, [01] Question Di Kingdom - Dub's the Path (Truth is the riddim) - Ragga DUBsutra, [02] Question Di Kingdom - Dub's the Path (Truth is the riddim) - DUBsutra, [03] Reason over Reverence - They said bow down but we rise 1 - DUBsutra"
Question di Kingdom ✰ Ragga DUBsutra EPx10,https://soundcloud.com/bananasutra/sets/question-di-kingdom-ragga-dubsutra-epx10,KNOWsutra,DUB,RAGGA,10,2856,24,0:00:00,https://i1.sndcdn.com/artworks-mKTmWGkHkyRy4ocv-MREqIQ-t500x500.png,L-191,2025-03-01 11:04,"BANJOsutra, DUBsutra, KNOWsutra : BERTRAND (mon chéri), KNOWsutra where questions matter, LOFIsutra, Questions for the (kind) POPE in the Sky","[10] Question it All, Blessed Bertrand Russel • LOFIsutra, [6] Step into Russel's rhythm (1) • DUBsutra, [3] Question Di Kingdom (2) • RAGGAsutra, [4] Question Di Kingdom (1) • RAGGAsutrawav, [2]  Chains wide, with Russel • LOFIsutra, [8] Reason fi di win • RAGGAsutra, [7] Step into Russel's rhythm (2) • DUBsutra, [5] Dubbin' for Freedom • DUBsutra, [1] Bertrand said reason • BANJOsutra, [9] Reason fi di win • RAGGAsutra"
Question the Nation • EPx10 • BLOWsutra Psychedelic Dub Revolution,https://soundcloud.com/bananasutra/sets/question-the-nation-blowsutra-psychedelic-revolution-epx10,BLOWsutra,"BLUES,DUB,INDIE,JAZZ,LOFI","ACOUSTIC,BLUES,DUB,GIPSY,INDIE,JAZZ,LOFI,PSYCHEDELIC,RAGGA,TRIP HOP",10,3981,44,0:00:00,https://i1.sndcdn.com/artworks-kMicgGnKLarUxkiZ-jURgUg-t500x500.png,L-192,,"BLOWsutra, BLUESsutra, DUBsutra, LOFIsutra","[07] Question The Nation • BLOWsutra (Revolt Now) Gipsy Indie Trip Hop(e) Dub LOFI, [03] Question The Nation • BLOWsutra (Revolt Now) Gipsy Indie Trip Hop(e) Dub LOFI, [08] Question The Nation • BLOWsutra (Revolt Now) Gipsy Indie Trip Hop(e) Dub LOFI, [06] Question The Nation • BLOWsutra (Revolt Now) Gipsy Indie Trip Hop(e) Dub LOFI, [04] Question The Nation • BLOWsutra (Revolt Now) Gipsy Indie Trip Hop(e) Dub LOFI, [01] Question The Nation • BLOWsutra (Revolt Now) Gipsy Indie LoFi Dub BLUES, [05] Question The Nation • BLOWsutra (Revolt Now) Gipsy Indie Trip Hop(e) Dub LOFI, [09] Question The Nation • BLOWsutra (Revolt Now) SWK Dubby Raw Acoustic Bass Jazz LOFI, [02] Question The Nation • BLOWsutra (Revolt Now) Gipsy Indie Trip Hop(e) Dub LOFI, [10] Question The Nation • BLOWsutra (Revolt Now) Rebound 'n Rise Psychedelic Ragga Mama DUB"
Rainbows in the Clouds • GLOWsutra Dub LoFi Blues,https://soundcloud.com/bananasutra/sets/rainbows-in-the-clouds-glowsutra-dub-lofi-blues,GLOWsutra,"BANJO,BLUES,DUB,FOLK,INDIE,JAZZ,LOFI","BANJO,BLUES,COUNTRY,DUB,FOLK,GIPSY,INDIE,JAZZ,LOFI",14,15580,173,0:00:00,https://i1.sndcdn.com/artworks-OuzjTqyXc8wz8Uv9-0cXu0Q-t500x500.png,L-194,,"BLUESsutra, DUBsutra, FOLKsutra, GLOWsutra : RAINBOWS (in my clouds), GLOWsutra where gratitude feeds, INDIEsutra, LOFIsutra","[04] Rainbows in the Clouds • GLOWsutra Gipsy Jazz Conscious Fusion LOFI, [13] Rainbows in the Clouds • GLOWsutra Magic Mama-b-c Cello Lullaby INDIE, [10] Rainbows in the Clouds • GLOWsutra Maya Mama Classic BLUES, [03] Rainbows in the Clouds • GLOWsutra Gipsy Jazz Conscious Fusion LOFI, [09] Rainbows in the Clouds • GLOWsutra Maya Mama Classic BLUES, [12] Rainbows in the Clouds • GLOWsutra Maya Mama Classic BLUES, [02] Rainbows in the Clouds • GLOWsutra Gipsy Jazz Conscious Fusion LOFI, [06] Rainbows in the Clouds • GLOWsutra Gipsy Tripsy Conscious Hop LOFI, [01] Rainbows in the Clouds • GLOWsutra Folk Poetry Dubs the DUB, [08] Rainbows in the Clouds • GLOWsutra Queen of Authentic Dubby Folk Classic BLUES, [14] Rainbows in the Clouds • GLOWsutra Magic Mama-b-c Cello Lullaby INDIE, [07] Rainbows in the Clouds • GLOWsutra Americana Booya Country Banjo FOLK, [11] Rainbows in the Clouds • GLOWsutra Maya Mama Classic BLUES, [05] Rainbows in the Clouds • GLOWsutra Gipsy Jazz Conscious Fusion LOFI"
Read Me Harder (BB is for Banned Books) ☆ SHOWsutra Side A+B EPx19,https://soundcloud.com/bananasutra/sets/read-me-harder-bb-is-for-banned-books-showsutra-side-ab-epx19,SHOWsutra,"BANJO,BLUES,BURLESQUE,DUB,FOLK,INDIE,JAZZ,LOFI,ROCK","BANJO,BLUES,BURLESQUE,COUNTRY,DUB,FOLK,HIP HOP,INDIE,JAZZ,LOFI,PSYCHEDELIC,ROCK",19,9645,67,0:00:00,https://i1.sndcdn.com/artworks-AsBdOuYSmx4CVzKs-Y8zKhQ-t500x500.png,L-195,,"BLOWsutra : CENSOR(ed), BLUESsutra, BURLESQUEsutra, DUBsutra, ROCKsutra, SHOWsutra where bananas play","Side A [01] READ ME HARDER (BB for Banned Books) - SHOWsutra Cello Accordion Tango Burlesque JAZZ, Side B [09] READ ME HARDER (BB for Banned Books) - SHOWsutra She Wanna Know Jazzy LoFi Indie DUB, Side B [07] READ ME HARDER (BB for Banned Books) - SHOWsutra IBYN Burlesque ROCK, Side B [08] READ ME HARDER (BB for Banned Books) - SHOWsutra IBYN Burlesque ROCK, Side B [06] READ ME HARDER (BB for Banned Books) - SHOWsutra IBYN Burlesque ROCK, Side B [10] READ ME HARDER (BB for Banned Books) - SHOWsutra She Wanna Know Jazzy LoFi Indie DUB, Side A [09] READ ME HARDER (BB for Banned Books) - SHOWsutra oh boy accordion circus waltz BURLESQUE, Side B [05] READ ME HARDER (BB for Banned Books) - SHOWsutra Psychedelic Destiny Banjo BLUES, Side B [04] READ ME HARDER (BB for Banned Books) - SHOWsutra Psychedelic Destiny Banjo BLUES, Side B [02] READ ME HARDER (BB for Banned Books) - SHOWsutra Psychedelic Destiny Banjo BLUES, Side B [03] READ ME HARDER (BB for Banned Books) - SHOWsutra Psychedelic Destiny Banjo BLUES, Side B [01] READ ME HARDER (BB for Banned Books) - SHOWsutra Banjo Booya Country Folk BLUES, Side A [04] BB is for Banned Books - SHOWsutra Gypsy Hip Hop Fusion BURLESQUE, Side A [02] BB is for Banned Books - SHOWsutra Gypsy Hip Hop Fusion BURLESQUE, Side A [08] READ ME HARDER (BB is for Banned Books) - SHOWsutra Gypsy Hip Hop Rebellion BURLESQUE, Side A [06] READ ME HARDER (BB is for Banned Books) - SHOWsutra Gypsy Hip Hop Rebellion BURLESQUE, Side A [03] BB is for Banned Books - SHOWsutra Gypsy Hip Hop Fusion BURLESQUE, Side A [05] READ ME HARDER (BB is for Banned Books) - SHOWsutra Gypsy Hip Hop Rebellion BURLESQUE, Side A [07] READ ME HARDER (BB is for Banned Books) - SHOWsutra Gypsy Hip Hop Rebellion BURLESQUE"
Reason over Reverence (No need for God) ☷ KNOWsutra EPx6,https://soundcloud.com/bananasutra/sets/reason-over-reverence-no-need-for-god-knowsutra-epx6,KNOWsutra,"BANJO,BLUES","BANJO,BLUES",6,1743,16,0:00:00,https://i1.sndcdn.com/artworks-52aEtWxS2ijbwMuq-syAe6A-t500x500.png,L-197,,"BANJOsutra, BLUESsutra, BURLESQUEsutra, DUBsutra, FOLKsutra, GROWsutra : GOD (etc), INDIEsutra, JAZZsutra, KNOWsutra : BERTRAND (mon chéri)","[01] Reason over Reverence (No Need for Gods) • Banjo Blues FOLKsutra, [02] Reason over Reverence (No Need for Gods) • Accordion BURLESQUEsutra, [05] Reason over Reverence (No Need for Gods) • Cello DUBsutra, [06] Reason over Reverence (No Need for Gods) • Cello INDIEsutra, [04] Reason over Reverence (No Need for Gods) • Cello Bass JAZZsutra, [03] Reason over Reverence (No Need for Gods) • ACCORDION BANJOsutra"
Relative Steve - KNOWsutra Hip de la HoP EPx2 Bass Interlude,https://soundcloud.com/bananasutra/sets/relative-steve-knowsutra-hip-de-la-hop-epx2-bass-interlude,KNOWsutra,LOFI,"LOFI,HIP HOP",2,362,7,0:00:00,https://i1.sndcdn.com/artworks-lhsvkiQu3Jgy5T0S-iRyHyQ-t500x500.png,L-206,,"KNOWsutra : (naked) TRUTH, KNOWsutra where questions matter, LOFIsutra","Relative Steve • KNOWsutra Psy Hip Weee Hop, Relative Steve • KNOWsutra Psy Hip Wooo Hop"
RHINOCEROSS ♦ EPx7 ♦ BLOWsutra Surreal Real Poetry,https://soundcloud.com/bananasutra/sets/rhinoceross-epx7-blowsutra-surreal-real-poetry,BLOWsutra,"BLUES,BURLESQUE,DUB,FOLK,INDIE,LOFI,ROCK","BLUES,BURLESQUE,DUB,FOLK,INDIE,LOFI,PSYCHEDELIC,ROCK",7,1751,22,0:00:00,https://i1.sndcdn.com/artworks-WaElY6xZh0PPyRbQ-4p9Ziw-t500x500.png,L-200,2025-09-24 17:55,"BLOWsutra, BLOWsutra : APES (gone wrong), BLUESsutra, DUBsutra, INDIEsutra, LOFIsutra, ROCKsutra","[03] RhinoceroSS - BLOWsutra La Poesita Cello Dream INDIE, [06] RhinoceroSS - BLOWsutra Only the Brave Psychedelic BLUES, [01] RhinoceroSS - BLOWsutra She Wanna Know Indie LOFI, [02] RhinoceroSS - BLOWsutra La Poesita Cello Dream INDIE, [05] RhinoceroSS - BLOWsutra Poetry on the Bridge Folk DUB, [04] RhinoceroSS - BLOWsutra Poetry on the Bridge Folk DUB, [07] RhinoceroSS - BLOWsutra I Burlesque You Not PsyPunk ROCK"
Rise Up · You Naked Peoples (Freedom Rings) ☆ BLOWsutra Victor Hugo Revolution Song,https://soundcloud.com/bananasutra/sets/rise-up-you-naked-peoples-blowsutra-victor-hugo-revolution,BLOWsutra,FOLK,FOLK,2,562,5,0:00:00,https://i1.sndcdn.com/artworks-XITSzbW3Jfw7E2Bb-d1yIpQ-t500x500.png,L-201,,"BLOWsutra, FOLKsutra","[01] Rise Up, You Naked People (Freedom Rings) - BLOWsutra Victor Hugo Revolution Ring FOLK, [02] Rise Up, You Naked People (Freedom Rings)- BLOWsutra Victor Hugo Revolution Ring (miss cheeky) FOLK"
RUN (now · if you can),https://soundcloud.com/bananasutra/sets/run-now-if-you-can,BLOWsutra,"BLUES,DUB,FOLK","BLUES,DUB,FOLK",22,9592,84,0:00:00,https://i1.sndcdn.com/artworks-5ysLQg1Z7QHERkaa-XU5K0Q-t500x500.jpg,L-202,,"BANJOsutra, BLOWsutra : REVOLT (now), BLUESsutra, FOLKsutra","RUN v5 (2) [ordo duende amoris], RUN v2 - Duende Amoris FOLK, RUN v3 [ordo Duende amoris], RUN v5 - cello-fi, RUN V3 - Destiny BLUES (high), RUN v4 (1) - Muse DUB, RUN V1 - Duende Amoris (high), RUN v4 (2) [ordo Duende amoris], RUN v1 - cello mama, RUN v5 - Destiny BLUES (high), RUN v2 (1) - Muse DUB, RUN v3 (2) - Booya Blowers BANJOsutra, RUN v3 (1) - Booya Blowers BANJOsutra, RUN v2 - Muse DUB, RUN v4 (2) - Muse DUB, RUN v3  - Muse DUB (low), RUN v3 - Muse DUB (high, RUN v4 (1) [ordo Duende amoris], RUN v5 (1) [ordo duende amoris], RUN v1 - Muse DUB, RUN v5 - Booya Blowers BANJOsutra, RUN v4 - WSWHFN DUB"
Second Hand Smoke (of) Arrogant Hearts - BLOWsutra EGO Therapy EPx6,https://soundcloud.com/bananasutra/sets/second-hand-smoke-of-arrogant-hearts-blowsutra-ego-therapy-epx6,BLOWsutra,"BANJO,BURLESQUE,DUB,INDIE,LOFI,MANTRA","BANJO,BURLESQUE,DUB,GIPSY,INDIE,LOFI,MANTRA,SOUL,TRIP HOP",6,4667,50,0:00:00,https://i1.sndcdn.com/artworks-Tee0LuKXPZj5MLJY-pyJfiA-t500x500.png,L-16,2025-11-06 23:12,"BANJOsutra, BLOWsutra, BLOWsutra : EGO (gone loco), BLUESsutra, LOFIsutra, MANTRAsutra","Side A [02] Secondhand Smoke • BLOWsutra Ego Gone Loco Gipsy Indie Trip Hop LOFI, Side A [03] Secondhand Smoke • BLOWsutra Ego Gone Loco Gipsy Indie Trip Hop LOFI, Side A [01] Secondhand Smoke • BLOWsutra Ego Gone Loco Gipsy Indie Trip Hop LOFI, Side B [01] Arrogant Hearts - BLOWsutra Burlesque Bluegrass BANJO, Side B [03] Arrogant Hearts - BLOWsutra Indie Cello MANTRA, Side B [02] Arrogant Hearts - BLOWsutra Arabesk Tzigane Soul Fusion LoFi DUB"
Secret de Polichinelle 🎪 French EPx10 🎪 KNOWsutra Psychedelic Gipsy Circus,https://soundcloud.com/bananasutra/sets/secret-de-polichinelle-french-epx10-knowsutra-psychedelic-gipsy-circus,KNOWsutra,"BURLESQUE,INDIE,JAZZ","BURLESQUE,GIPSY,INDIE,JAZZ,PSYCHEDELIC",10,5354,53,0:00:00,https://i1.sndcdn.com/artworks-xr4XjkoXh1PH9F6I-IQ3wCQ-t500x500.png,L-204,2025-11-11 23:41,"BURLESQUEsutra, FRENCHsutra oui oui · sacrebleu, OUI OUI : Pardon (my French)","[07] Secret de Polichinelle - French KNOWsutra Keep It Real Psychedelic Gipsy Circus Piano BURLESQUE, [02] Secret de Polichinelle - French KNOWsutra Keep It Real Psychedelic Gipsy Circus Accordion BURLESQUE, [01] Secret de Polichinelle - French KNOWsutra Keep It Real Psychedelic Gipsy Circus Accordion BURLESQUE, [10] Secret de Polichinelle - French KNOWsutra Keep It Real Psychedelic Gipsy Circus Piano BURLESQUE, [09] Secret de Polichinelle - French KNOWsutra Keep It Real Psychedelic Gipsy Circus Piano BURLESQUE, [03] Secret de Polichinelle - French KNOWsutra Keep It Real Psychedelic Gipsy Circus Bass Cello BURLESQUE, [06] Secret de Polichinelle - French KNOWsutra Keep It Real Psychedelic Gipsy Circus Indie Chanson BURLESQUE, [05] Secret de Polichinelle - French KNOWsutra Keep It Real Psychedelic Gipsy Circus Indie Chanson BURLESQUE, [04] Secret de Polichinelle - French KNOWsutra Keep It Real Psychedelic Gipsy Circus Jazz Chanson BURLESQUE, [08] Secret de Polichinelle - French KNOWsutra Keep It Real Psychedelic Gipsy Circus Indie Piano BURLESQUE"
Segggsting • SHOWsutra EPx6 • French Burlesque Jazz Cabaret,https://soundcloud.com/bananasutra/sets/segggsting-showsutra-epx6-burlesque-jazz-cabaret,SHOWsutra,"BANJO,BURLESQUE,JAZZ","BANJO,BURLESQUE,CABARET,JAZZ",6,1239,6,0:00:00,https://i1.sndcdn.com/artworks-ysjQ1M8gFBitUZAA-QR72zg-t500x500.png,L-205,,"BANJOsutra, BURLESQUEsutra, FRENCHsutra oui oui · sacrebleu, INDIEsutra, JAZZsutra, LOFIsutra, SHOWsutra where bananas play","[02] Segsting • Oh BeBe • SHOWsutra French Pop BURLESQUE, [03] Segsting • Flirty Banjo • SHOWsutra Gypsy JAZZ BURLESQUE, [05] Segsting • Whimsy • SHOWsutra Swing JAZZ, [01] Segsting • Whoa • SHOWsutra French JAZZsutra, [06] Segsting • La Fin du Show • SHOWsutra Accordion CIRCUS BURLESQUE, [04] Segsting • Burlesque Me Softly • SHOWsutra JAZZ BURLESQUE"
Seminal Bollocks - Merry Psychedelic GROWsutra (God Etc.) EPx10,https://soundcloud.com/bananasutra/sets/seminal-bollocks-merry-psychedelic-growsutra-god-etc-epx10,GROWsutra,"BURLESQUE,FOLK,INDIE,LOFI,ROCK","BURLESQUE,COUNTRY,FADO,FOLK,GIPSY,INDIE,LOFI,PSYCHEDELIC,PUNK,ROCK",10,9038,77,0:00:00,https://i1.sndcdn.com/artworks-WZTqldC4Qw8BIhVK-eZYyAA-t500x500.png,L-214,,"BURLESQUEsutra, FOLKsutra, GROWsutra : GOD (etc), GROWsutra where we be brave, INDIEsutra, LOFIsutra, ROCKsutra","[10] Seminal Bollocks - GROWsutra (God, Etc) Gipsy Fado Cello Mama INDIE, [07] Seminal Bollocks - GROWsutra (God, Etc) Gipsy Trip BRUH Hop LOFI, [09] Seminal Bollocks - GROWsutra (God, Etc) Gipsy Fado Cello Mama INDIE, [01] Seminal Bollocks - GROWsutra (God, Etc) Bass Psychedelia Burlesque Punk Punk ROCK, [05] Seminal Bollocks - GROWsutra (God, Etc) French Accordion Psychedelia BURLESQUE, [02] Seminal Bollocks - GROWsutra (God, Etc) Bass Psychedelia Burlesque Funk Punk ROCK, [03] Seminal Bollocks - GROWsutra (God, Etc) Country Bluesy PsyMama Chanson FOLK, [04] Seminal Bollocks - GROWsutra (God, Etc) French Accordion Psychedelia BURLESQUE, [08] Seminal Bollocks - GROWsutra (God, Etc) Gipsy Anonymous Dubby Dubstep LOFI, [06] Seminal Bollocks - GROWsutra (God, Etc) Psychedelic Tzigane Fusion Folk LOFI"
Seminal Bollocks EP,https://soundcloud.com/bananasutra/sets/seminal-bollocks-ep,GROWsutra,ROCK,ROCK,2,573,10,0:00:00,https://i1.sndcdn.com/artworks-Ik066z1d2sgR1wBb-CC1jVQ-t500x500.jpg,L-206,,"DUBsutra, GROWsutra : GOD (etc), INDIEsutra, KNOWsutra where questions matter, Questions for the (kind) POPE in the Sky, ROCKsutra, SINGLEsutra Exclusive SoundCloud (woo)","Seminal Bollocks  • DUBsutra, Seminal Bollocks • Biblical indiePunk Pop Rock Chanson •  sutraKNOW Augmented Idiocy Music"
Serial BLOWerrr ✰ RAGGA DUBsutra,https://soundcloud.com/bananasutra/sets/serial-blowerrr,BLOWsutra,DUB,"DUB,FLAMENCO,RAGGA",7,1510,15,0:00:00,https://i1.sndcdn.com/artworks-L6YErpavAldzq4cD-HRzVlg-t500x500.png,L-207,2025-01-31 13:03,"BLOWsutra, BLOWsutra : APES (gone wrong), DUBsutra, QUACKsutra where we sing FU","[5] Serial Twatters (what the twat?) • RAGGA DUB, [2] Serial BLOWERS (now twat?) • DUBsutra, [7] Serial Bullies • DUBmuse à la Flamenco Techno (Drums Gone Wild > 120bpm), [4] Serial BLOWERS (what the twat?) • psyRAGGA DUBsutra, [3] Serial BLOWerrrs (now Twat?) • psyDUBsutra, [6] Serial TWATors (BLOWerrrs) • RAGGA DUBsutra, [1] Serial BLOWERS (now twat?) • DUBsutra"
Shades of Fools EPx9,https://soundcloud.com/bananasutra/sets/shades-of-fools-epx9,GROWsutra,BANJO,"BANJO,RAGGA",9,1738,16,0:00:00,https://i1.sndcdn.com/artworks-vmrDjbUos6J6FBAc-PCByYA-t500x500.png,L-210,,"BANJOsutra, BLUESsutra, BURLESQUEsutra, GROWsutra where we be brave, INDIEsutra, KNOWsutra where questions matter, ROCKsutra, SHOWsutra: (shades of) FOOLS","[7] Shades of Fools • All I know is I dunno • Ragga DUBsutra High, [1] Shades of Fools •  All I know is I dunno • Accordion BURLESQUEsutra (1), [3] Shades of Fools • All I know is I dunno • Cello BURLESQUEsutra, [9] Shady Fools •  All I know is I dunno • Banjo BLUESsutra, [5] Shades of Fools • All I know is I dunno • Harmonica BANJOsutra, [2] Shades of Fools • All I know is I dunno • Accordion BURLESQUEsutra (2), [4] Shades of Fools • All I know is I dunno • Guitar FOLKsutra, [6] Shades of Fools • All I know is I dunno • Fastass BANJOsutra, Everybody Knows (not) [6] • psyROCKsutra"
Shady Fools (Oh Can’t You See?) • Vol. 2 EPx9 • BLOWsutra Ego Gone Loco LoFi Burlesque,https://soundcloud.com/bananasutra/sets/shady-fools-oh-cant-you-see-vol-2-epx9-blowsutra-ego-gone-loco-lofi-burlesque,BLOWsutra,"BURLESQUE,DUB,FOLK,INDIE,LOFI,ROCK","BURLESQUE,DUB,FADO,FOLK,HIP HOP,INDIE,LOFI,PSYCHEDELIC,ROCK",9,1788,21,0:00:00,https://i1.sndcdn.com/artworks-3Pm91yJCMrEECvrj-EP3ozg-t500x500.png,L-218,,"BLOWsutra, BURLESQUEsutra, INDIEsutra, LOFIsutra, ROCKsutra","[07] Shady Fools (Oh can’t you see?) • BLOWsutra Arabesk Fado Hip Hop LOFI, [06] Shady Fools (Oh Can’t You See?) • BLOWsutra Arabesk Fado Hip Hop LOFI, [02] Shady Fools (Oh Can’t You See?) • BLOWsutra Psychedelic Folk Rock BURLESQUE, [08] Shady Fools (Oh Can’t You See?) • BLOWsutra psyGipsy Tango Dub INDIE, [03] Shady  Fools (Oh Can’t You See?) • BLOWsutra BURLESQUE, [01] Shady Fools (Oh Can’t You See?) • BLOWsutra Indie Burlesque ROCK, [04] Shady Fools (Oh Can’t You See?) • BLOWsutra Arabesk Fado Hip Hop LOFI, [05] Shady Fools (Oh Can’t You See?) • BLOWsutra Arabesk Fado Hip Hop LOFI, [BONUS] Shady Fools (I lived and learned) • BLOWsutra Oh Boy Psychedelic Waltz BURLESQUE"
Sidération - Spoken Words Intro - EPx3 VOL. 1 of 4,https://soundcloud.com/bananasutra/sets/sideration-spoken-words-intro-epx3-vol-1-of-4,BLOWsutra,LOFI,LOFI,3,515,2,0:00:00,https://i1.sndcdn.com/artworks-lf1lRd9pToH4z1il-dFOkVA-t500x500.png,L-223,,"BLOWsutra : REVOLT (now), LOFIsutra, MANTRAsutra, Playlist Sidération Gone Bananas x29, QUACKsutra where we sing FU","[03] Sidération - Revolution Speaks Up - LOFI MANTRAsutra, [02] Sidération - Revolution Speaks Up - MANTRAsutra, [01] Sidération - Revolution Speaks Up - LOFI MANTRAsutra"
Sidération - The Sky Stood Still - EPx6 VOL. 2 of 4,https://soundcloud.com/bananasutra/sets/sideration-the-sky-stood-still-epx6-vol-2-of-4,BLOWsutra,JAZZ,JAZZ,6,2022,21,0:00:00,https://i1.sndcdn.com/artworks-gwDy1gyG7fsttlqv-odJ2KA-t500x500.png,L-216,,"BLOWsutra, BLOWsutra : REVOLT (now), BLUESsutra, BURLESQUEsutra, JAZZsutra, MANTRAsutra, Playlist Sidération Gone Bananas x29, QUACKsutra where we sing FU","[04] Sidération - The Sky Stood Still 2 - Revolution BLUESsutra, [03] Sidération - The Sky Stood Still 4 - Revolution BLUESsutra, [06] Sidération - The Sky Stood Still 3 - Revolution MANTRAsutra, [02] Sidération - The Sky Stood Still 2 - Revolution JAZZ BURLESQUEsutra, [01] Sidération - The Sky Stood Still - Revolution JAZZsutra, [05] Sidération - The Sky Stood Still 5 - Revolution FOLKsutra"
Sidération Blues - A Song of Wrong - EPx7 Vol 3 of 4,https://soundcloud.com/bananasutra/sets/sideration-blues-a-song-of-wrong-epx7-vol-3-of-4,BLOWsutra,BLUES,BLUES,7,3345,30,0:00:00,https://i1.sndcdn.com/artworks-m0yZE3BD5czpTSpy-yzAs5A-t500x500.png,L-225,,"BLUESsutra, Playlist Sidération Gone Bananas x29, QUACKsutra where we sing FU","[06] Sideration - No Velvet Scream - BLUESsutra, [04] Sidération Blues Revolution - A Song of Wrong - BLUESsutra, [01] Sideration Blues Revolution - A Song of Wrong - BLUESsutra, [03] Sidération Blues Revolution - A Song of Wrong - BLUESsutra, [07] Sideration - No Velvet Scream - BLUESsutra, [05] Sidération Blues Revolution - A Song of Wrong - BLUESsutra, [02] Sidération Blues Revolution - A Song of Wrong - BLUESsutra"
Sidération's Calling - White House's Burning - EPx13 Vol 4 of 4,https://soundcloud.com/bananasutra/sets/siderations-calling-white-houses-burning-epx13-vol-4-of-4,BLOWsutra,LOFI,"LOFI,RAGGA",13,3984,23,0:00:00,https://i1.sndcdn.com/artworks-58HtMVlI0dnLHSez-V8vJyA-t500x500.png,L-226,,"BLOWsutra : REVOLT (now), BURLESQUEsutra, DUBsutra, LOFIsutra, Playlist Sidération Gone Bananas x29, QUACKsutra where we sing FU","[10] Sideration's Calling • White House's Burning • Dem sed RAGGA DUBsutra, [09] Sideration's Calling • White House's Burning • Riddim Sister RAGGA DUBsutra, [03] Sideration's Calling 2 • White House's Burning • Bruh LOFIsutra, [01] Sideration's Calling • White House's Burning • Banger BURLESQUEsutra, [12] Sideration's Calling • White House's Burning • F-BOMB 2 LOFIsutra, [11] Sideration's Calling • White House's Burning •  Riddim Sister RAGGA 1 DUBsutra, [04] Sideration's Calling 3 • White House's Burning • Bruh LOFIsutra, [08] Sideration's Calling • White House's Burning • Cheeky DUBsutra, [06] Sideration's Calling • White House's Burning • Oh Lordy 1 DUBsutra, [02] Sideration's Calling • White House's Burning • Jazzy LOFI DUBsutra, [05] Sideration's Calling • White House's Burning • Bruh LOFIsutra, [07] Sideration's Calling • White House's Burning • Oh Lordy 2 DUBsutra, [13] Sideration's Calling • White House's Burning • F-BOMB LOFIsutra"
Sing Your Own Gospel • Vol. 2 EPx7 • GROWsutra (God · Etc) Revolutionary Gipsy JAZZ,https://soundcloud.com/bananasutra/sets/sing-your-own-gospel-vol-2-epx7-growsutra-god-etc-revolutionary-gipsy-jazz,GROWsutra,"BLUES,FOLK,INDIE,JAZZ","BLUES,FOLK,GIPSY,INDIE,JAZZ",7,6257,93,0:00:00,https://i1.sndcdn.com/artworks-kWzeemU5Sy6IEyqW-Ipy4sA-t500x500.png,L-219,,"BLUESsutra, FOLKsutra, GROWsutra : GOD (etc), GROWsutra where we be brave, JAZZsutra","[05] Sing Your Own Gospel • GROWsutra (God, Etc.) Gipsy Piano JAZZ, [06] Sing Your Own Gospel • GROWsutra (God, Etc.) Gipsy Bass JAZZ, [03] Sing Your Own Gospel • GROWsutra (God, Etc.) Gipsy Chanson JAZZ, [02] Sing Your Own Gospel • GROWsutra (God, Etc.) Gipsy Indie FOLK, [07] Sing Your Own Gospel • GROWsutra (God, Etc.) Gipsy Bass JAZZ, [04] Sing Your Own Gospel • GROWsutra (God, Etc.) Gipsy Piano JAZZ, [01] Sing Your Own Gospel • GROWsutra (God, Etc.) Gipsy Gospel BLUES"
So · What Is Racism • EPx9 Vol. 2 • KNOWsutra Gipsy Jazz + LoFi,https://soundcloud.com/bananasutra/sets/so-what-is-racism-knowsutra-jazz-lofi-epx9-vol2,KNOWsutra,"JAZZ,LOFI","GIPSY,JAZZ,LOFI",9,3983,36,0:00:00,https://i1.sndcdn.com/artworks-NK0wy8xSKMBP4LSI-DlE3WA-t500x500.png,L-220,,"JAZZsutra, KNOWsutra where questions matter, LOFIsutra","[04] So, What Is Racism • KNOWsutra Ethically Gipsy Fusion LOFI, [09] So, What Is Racism • KNOWsutra Ethically Gipsy Fusion LOFI, [06] So, What Is Racism • KNOWsutra Ethically Gipsy Fusion LOFI, [08] So, What Is Racism • KNOWsutra Ethically Gipsy Fusion LOFI, [01] So, What Is Racism • KNOWsutra Ethically Gipsy Fusion JAZZ, [02] So, What Is Racism • KNOWsutra Ethically Gipsy Fusion JAZZ, [03] So, What Is Racism • KNOWsutra Ethically Gipsy Fusion JAZZ, [05] So, What Is Racism • KNOWsutra Ethically Gipsy Fusion LOFI, [07] So, What Is Racism • KNOWsutra Ethically Gipsy Fusion LOFI"
So · What Is Racism? KNOWsutra Gone Banana EPx17,https://soundcloud.com/bananasutra/sets/so-what-is-racism-knowsutra-gone-banana-epx17,KNOWsutra,"BANJO,BLUES,DUB,FOLK,JAZZ,LOFI","BANJO,BLUES,DUB,FOLK,GIPSY,JAZZ,LOFI,RAGGA",17,16598,174,0:00:00,https://i1.sndcdn.com/artworks-2Y1pH6yfxZuC4LKe-PWzeJA-t500x500.png,L-220,,"BLUESsutra, DUBsutra, JAZZsutra, KNOWsutra : but(t) WHY, KNOWsutra where questions matter","[13] So, What Is Racism? KNOWsutra Gipsy Dub JAZZ, [16] So, What Is Racism? KNOWsutra Banjo Booya Folk Banjo Harmonica BLUES, [17] So, What Is Racism? KNOWsutra Banjo Booya Folk Banjo Harmonica BLUES, [07] So, What Is Racism? KNOWsutra Gipsy Dub JAZZ, [15] So, What Is Racism? KNOWsutra Gipsy Dub JAZZ, [14] So, What Is Racism? KNOWsutra Gipsy Dub JAZZ, [10] So, What Is Racism? KNOWsutra Gipsy Dub JAZZ, [04] So, What Is Racism? KNOWsutra Dem Sed Jazzy Mama Ragga DUB, [02] So, What Is Racism? KNOWsutra She Wanna Know Jazzy LoFi DUB, [06] So, What Is Racism? KNOWsutra Gipsy Dub JAZZ, [08] So, What Is Racism? KNOWsutra Gipsy Dub JAZZ, [01] So, What Is Racism? KNOWsutra She Wanna Know Jazzy LoFi DUB, [11] So, What Is Racism? KNOWsutra Gipsy Dub JAZZ, [05] So, What Is Racism? KNOWsutra Dem Sed Jazzy Mama Ragga DUB, [03] So, What Is Racism? KNOWsutra Rebound & Rise Jazzy Ragga DUB, [12] So, What Is Racism? KNOWsutra Gipsy Dub JAZZ, [09] So, What Is Racism? KNOWsutra Gipsy Dub JAZZ"
Some Songs Are More Fun Than Others EP x8 ∞,https://soundcloud.com/bananasutra/sets/some-songs-are-more-fun-than-others-ep,SHOWsutra,JAZZ,JAZZ,8,1824,30,0:00:00,https://i1.sndcdn.com/artworks-nykdkPQFrFTjZX28-gv5jEA-t500x500.jpg,L-221,,"BURLESQUEsutra, DUBsutra, JAZZsutra, SHOWsutra : FANANA Club, SHOWsutra where bananas play","Some Songs Are More JAZZ Than Others : JAZZsutra, Some Songs Are More POOH Than Others : DUBsutra, Some Songs Are More SEUSS Than Others : DUBsutra, Some Songs Are More WOMP Than Others : CIRCUSsutra, Some Songs Are More AWE Than Others : CIRCUSsutra, Some Songs Are More TRUE Than Others : CIRCUSsutra, Some Songs Have More THUMP Than Others : CIRCUSsutra, Some Songs Are More FART Than Others : CIRCUSsutra"
Some Truths (Are Harder to Swallow) EPx7,https://soundcloud.com/bananasutra/sets/some-truths-are-harder-to-swallow-epx7,GROWsutra,"BLUES,INDIE,LOFI","BLUES,INDIE,LOFI",7,1190,7,0:00:00,https://i1.sndcdn.com/artworks-SUUIsI7woB0IboJy-gnp3pA-t500x500.jpg,L-222,2024-12-24 20:25,"BLOWsutra : CENSOR(ed), BURLESQUEsutra, GROWsutra where we be brave, JAZZsutra, ROCKsutra, SHOWsutra where bananas play","Some Truths Are Harder To Swallow : JAZZsutra 1, Some Truths Are Harder To Swallow : JAZZsutra 2, Some Truths Are Harder To Swallow : JAZZsutra 3, Some Truths Are Harder To Swallow : JAZZsutra 4, Some Truths Are Harder To Swallow : JAZZsutra 5, Some Truths Are Harder To Swallow : JAZZsutra 6, Some Truths Are Harder To Swallow : ROCKsutra"
Spit Back The Lies • BLOWsutra (Revolution Ring) EPx20,https://soundcloud.com/bananasutra/sets/spit-back-the-lies-blowsutra-epx20,BLOWsutra,"BANJO,BLUES,BURLESQUE,DUB,FOLK,INDIE,LOFI,ROCK","BANJO,BLUES,BURLESQUE,DUB,FLAMENCO,FOLK,GIPSY,HIP HOP,INDIE,LOFI,PSYCHEDELIC,PUNK,ROCK",20,14206,140,0:00:00,https://i1.sndcdn.com/artworks-qXPEntVNqNX60KsD-pPXHNg-t500x500.png,L-232,,"BLOWsutra, BLUESsutra, DUBsutra, INDIEsutra, LOFIsutra, ROCKsutra","[05] Spit Back The Lies • BLOWsutra (Revolution Ring) La Poesita Indie Flamenco Fusion DUB, [16] Spit Back The Lies • BLOWsutra (Revolution Ring) IBYN Post-Punk Burlesque ROCK, [06] Spit Back The Lies • BLOWsutra (Revolution Ring) Psychedelick Folk Poetry Bridges the DUB, [04] Spit Back The Lies • BLOWsutra (Revolution Ring) La Poesita Indie Flamenco Fusion DUB, [17] Spit Back The Lies • BLOWsutra (Revolution Ring) IBYN Post-Punk Burlesque ROCK, [14] Spit Back The Lies • BLOWsutra (Revolution Ring) Psychedelic F-Bomb Hip Hop Fusion LOFI, [10] Spit Back The Lies • BLOWsutra (Revolution Ring) Psychedelick Folk Poetry Bridges the DUB, [09] Spit Back The Lies • BLOWsutra (Revolution Ring) Psychedelick Folk Poetry Bridges the DUB, [20] Spit Back The Lies • BLOWsutra (Revolution Ring) Psychedelic Destiny Banjo BLUES, [19] Spit Back The Lies • BLOWsutra (Revolution Ring) Psychedelic Destiny Banjo BLUES, [03] Spit Back The Lies • BLOWsutra (Revolution Ring) Mama-b-c Psychedelic Cello Fusion INDIE, [11] Spit Back The Lies • BLOWsutra (Revolution Ring) Indie Gipsy Hip Hop Fusion LOFI, [02] Spit Back The Lies • BLOWsutra (Revolution Ring) Mama-b-c Psychedelic Cello Fusion INDIE, [08] Spit Back The Lies • BLOWsutra (Revolution Ring) Psychedelick Folk Poetry Bridges the DUB, [07] Spit Back The Lies • BLOWsutra (Revolution Ring) Psychedelick Folk Poetry Bridges the DUB, [15] Spit Back The Lies • BLOWsutra (Revolution Ring) Psychedelic F-Bomb Hip Hop Fusion LOFI, [01] Spit Back The Lies • BLOWsutra (Revolution Ring) Mama-b-c Psychedelic Cello Fusion INDIE, [12] Spit Back The Lies • BLOWsutra (Revolution Ring) Indie Gipsy Hip Hop Fusion LOFI, [13] Spit Back The Lies • BLOWsutra (Revolution Ring) Psychedelic Bruh Hip Hop Dub LOFI, [18] Spit Back The Lies • BLOWsutra (Revolution Ring) PB Gal Post-Punk Burlesque ROCK"
SS Means Sacred Sp3rm ☠ BLOWsutra EPx19,https://soundcloud.com/bananasutra/sets/ss-means-sacred-sp3rm-blowsutra-epx19,BLOWsutra,"BURLESQUE,FOLK,INDIE,JAZZ,ROCK","BURLESQUE,FOLK,INDIE,JAZZ,ROCK",19,3997,38,0:00:00,https://i1.sndcdn.com/artworks-Ewv6TYyznUIgQm3O-4hTy5Q-t500x500.png,L-225,2025-06-28 21:33,"BLOWsutra, BLOWsutra : CENSOR(ed), BLUESsutra, BURLESQUEsutra, FOLKsutra, INDIEsutra, JAZZsutra, LOFIsutra, MANTRAsutra, ROCKsutra","[18] SS Means Sacred Sp3rm • MANTRAsutra, [17] SS Means Sacred Sp3rm • Slow Burlesque ROCK, [11] SS Means Sacred Sp3rm • Folk Duo JAZZ, [19] SS Means Sacred Sp3rm • MANTRAsutra, [15] SS Means Sacred Sp3rm • Jazz INDIE, [10] SS Means Sacred Sp3rm • Oh Baby FOLK, [14] SS Means Sacred Sp3rm • Jazz INDIE, [13] SS Means Sacred Sp3rm • Dubby Folk INDIE, [09] SS Means Sacred Sp3rm • Indie FOLK, [12] SS Means Sacred Sp3rm • Folky JAZZ, [16] SS Means Sacred Sp3rm • High Folk ROCK, [06] SS Means Sacred Sp3rm • Folky Burlesque FOLK, [08] SS Means Sacred Sp3rm • Folky FOLK, [05] SS Means Sacred Sp3rm • Minimal Upright FOLK, [01] SS Means Sacred Sp3rm • Accordion BURLESQUE, [02] SS Means Sacred Sp3rm • Piano BURLESQUE, [07] SS Means Sacred Sp3rm • Jazzy FOLK, [03] SS Means Sacred Sp3rm • Piano BURLESQUE, [04] SS Means Sacred Sp3rm • Piano Jazz BURLESQUE"
Stymied Felon goes Stymy Stymy Yuck Encore - Freee Bonus EPx2 VOL.02,https://soundcloud.com/bananasutra/sets/stymied-felon-goes-stymy-stymy-yuck-encore-freee-bonus-epx2-vol02,BLOWsutra,LOFI,"LOFI,HIP HOP",2,426,4,0:00:00,https://i1.sndcdn.com/artworks-MnjuWCHszuAJt8sg-DJvk4g-t500x500.png,L-234,2025-04-22 19:11,"BLOWsutra, DUBsutra, QUACKsutra : DUCK (shady), QUACKsutra where we sing FU","[01] Stymied Stymied Yuck (what shall we hope for now) - DUBsutra, [02] Stymied Stymied Whack (what shall we hope for now) - DUBsutra"
Stymy Stymy Yuck : A Story of Old Bastards - EPx5 VOL.1 - DUBsutra,https://soundcloud.com/bananasutra/sets/stymy-stymy-yuck-a-story-of-old-bastards-epx5-vol1-dubsutra,BLOWsutra,"DUB,LOFI","DUB,LOFI",5,1279,17,0:00:00,https://i1.sndcdn.com/artworks-Mec8nBlPvyM8XXLn-dyCagw-t500x500.jpg,L-234,,"BLOWsutra, DUBsutra, KNOWsutra where questions matter, LOFIsutra, QUACKsutra : DUCK (shady), QUACKsutra where we sing FU","[4] Stymy Stymy Yuck • Mama F-BOMB DUB, [3] Stymy Stymy Yuck • Hope Fiddle DUBgrass, [5] stymy stymy yuck • Arabesk DUB, [1] stymy stymy yuck • LOFI, [2] stymy stymy yuck • muse DUB"
Sutra of Immanence - FLOWsutra Dog Poetry - Jazz & Dub EPx3,https://soundcloud.com/bananasutra/sets/sutra-of-immanence-flowsutra-dog-poetry-jazz-dub-epx3,FLOWsutra,"DUB,JAZZ","DUB,JAZZ",3,571,10,0:00:00,https://i1.sndcdn.com/artworks-NVoSzyd2p5Cnj9Qz-g4JRiQ-t500x500.png,L-236,2025-06-06 12:12,"BOWsutra : (Thank) Dogs, DUBsutra, FLOWsutra where time is space, JAZZsutra","[02] Sutra of Immanence • PAWsutra FLOW DUB, [01] Sutra of Immanence • PAWsutra FLOW DUB, [03] Sutra of Immanence • PAWsutra FLOW JAZZ"
SynthemaSutra ♆ SHOWsutra Banana EPx8,https://soundcloud.com/bananasutra/sets/synthemasutra-showsutra-banana-epx8,SHOWsutra,"BURLESQUE,DUB,INDIE,LOFI,ROCK","BURLESQUE,DUB,FLAMENCO,INDIE,LOFI,PSYCHEDELIC,PUNK,ROCK,SOUL",8,2593,28,0:00:00,https://i1.sndcdn.com/artworks-yoEMRKS82rZVyqki-15yXGg-t500x500.png,L-237,,"BURLESQUEsutra, DUBsutra, INDIEsutra, LOFIsutra, ROCKsutra, SHOWsutra : B.J. (is for Banana Jesters), SHOWsutra where bananas play","[02] Synthema Sutras - SHOWsutra Banana Tzigane Conscious Soul Fusion Indie LOFI, [08] Synthema Sutras - SHOWsutra Banana Psychedelic Burlesque Indie Punk ROCK, [05] Synthema Sutras - SHOWsutra Banana Oh Boy Circus Accordion Waltz BURLESQUE, [03] Synthema Sutras - SHOWsutra Banana Psy Punk Rock Burlesque LOFI, [01] Synthema Sutras - SHOWsutra Banana Tzigane Cello Duende Flamenco Soul Fusion INDIE, [07] Synthema Sutras - SHOWsutra Banana Psychedelic Punk Rock BURLESQUE, [04] Synthema Sutras - SHOWsutra Banana Jazzy Bass Indie Cello Fusion DUB, [06] Synthema Sutras - SHOWsutra Banana Oh Boy Circus Accordion Waltz BURLESQUE"
Tell The Truth (encore) KNOWsutra EPx9 Vol. 04,https://soundcloud.com/bananasutra/sets/tell-the-truth-encore-knowsutra-epx9-vol-04,KNOWsutra,"BANJO,BLUES,ROCK","BANJO,BLUES,PSYCHEDELIC,ROCK",9,10160,184,0:00:00,https://i1.sndcdn.com/artworks-64Uv99JMUudNjTVz-iC67zQ-t500x500.png,L-231,,"BLUESsutra, BURLESQUEsutra, KNOWsutra : (naked) TRUTH, KNOWsutra where questions matter, ROCKsutra","[08] Tell The Truth • KNOWsutra True BLUES Cover, [01] Tell The Truth • KNOWsutra Bluesy ROCK Cover, [03] Tell The Truth • KNOWsutra Bluesy ROCK Cover, [02] Tell The Truth • KNOWsutra Bluesy ROCK Cover, [06] Tell The Truth • KNOWsutra Cello BLUES Cover, [04] Tell The Truth • KNOWsutra Psychedelic Bass Bluesy ROCK Cover, [07] Tell the Truth (Remastered) • KNOWsutra Psychedelic Banjo Clarinet Replay BLUES, [BONUS] Tell the truth - Accordion BURLESQUEsutra, [05] Tell the Truth (Remastered) • KNOWsutra Psychedelic Banjo Brush Drum Replay BLUES"
Tell the Truth EP x4 BLUESsutra,https://soundcloud.com/bananasutra/sets/tell-the-truth-ep-x4-bluessutra,GROWsutra,"BANJO,BLUES,JAZZ","BANJO,BLUES,JAZZ",5,1291,21,0:00:00,https://i1.sndcdn.com/artworks-1orEckq5nx9HrqGz-OMASFw-t500x500.jpg,L-231,,"BANJOsutra, BLUESsutra, GROWsutra where we be brave, INDIEsutra, JAZZsutra, KNOWsutra : (naked) TRUTH, KNOWsutra where questions matter","Tell the Truth (That Spark In Your Eye), That Spark In Your Eye (Tell the Truth), Feeel The Rhythm (Tell the Truth), Face The World (Feel the Bass), Tell the Truth : BANJOsutra"
Thank you · Mister Paine - American Accountability Revolution Blues EPx3,https://soundcloud.com/bananasutra/sets/thank-you-mister-paine-american-accountability-revolution-blues-epx3,BLOWsutra,BLUES,BLUES,3,852,14,0:00:00,https://i1.sndcdn.com/artworks-u5pewrASgTDY7LtN-z0b1TA-t500x500.png,L-240,2025-06-06 11:12,"BLOWsutra : REVOLT (now), BLUESsutra, QUACKsutra where we sing FU","[01] Thank you, Mister Paine - American Accountability Revolution BLUESsutra, [02] Thank you, Mister Paine - American Accountability Revolution BLUESsutra, [03] Thank you, Mister Paine - American Accountability Revolution BLUESsutra"
The Accordion of Ignorance EP X4,https://soundcloud.com/bananasutra/sets/the-accordion-of-ignorance-ep-x4,BLOWsutra,FOLK,FOLK,4,700,7,0:00:00,https://i1.sndcdn.com/artworks-ppd320RXiIyfcazy-2Vw1DA-t500x500.png,L-234,2024-12-11 21:36,"BLOWsutra, BLOWsutra : APES (gone wrong), BLUESsutra, BURLESQUEsutra, FOLKsutra","The Tyranny of Ignorance #4, The Tyranny of Ignorance #3, The Tyranny of Ignorance #2 : FOLK BLUESsutra, The Tyranny of Ignorance #1"
The Atheist Tango • Vol. 2 EPx12  •  GROWsutra (God · Etc) Conscious Gipsy LoFi Burlesque Jazz,https://soundcloud.com/bananasutra/sets/the-atheist-tango-vol-2-epx12-growsutra-god-etc-conscious-gipsy-lofi-burlesque-jazz,GROWsutra,"BURLESQUE,JAZZ,LOFI","BURLESQUE,GIPSY,JAZZ,LOFI",12,13708,153,0:00:00,https://i1.sndcdn.com/artworks-eYKRlb3V6IdPR1u7-GGSyjw-t500x500.png,L-235,,"BURLESQUEsutra, GROWsutra : GOD (etc), GROWsutra where we be brave, JAZZsutra, LOFIsutra","[11] The Atheist Tango • GROWsutra (God, Etc) Burlesque Gipsy Tripsy Panther Piano JAZZ, [01] The Atheist Tango • GROWsutra (God, Etc) Conscious Gipsy Burlesque Fusion LOFI, [02] The Atheist Tango • GROWsutra (God, Etc) Conscious Gipsy Burlesque Fusion LOFI, [03] The Atheist Tango • GROWsutra (God, Etc) Conscious Gipsy Burlesque Fusion LOFI, [08] The Atheist Tango • GROWsutra (God, Etc) Gipsy Cello Bass Chanson Jazz BURLESQUE, [04] The Atheist Tango • GROWsutra (God, Etc) Conscious Gipsy Burlesque Fusion LOFI, [06] The Atheist Tango • GROWsutra (God, Etc) Gipsy Cello Chanson Jazz BURLESQUE, [05] The Atheist Tango • GROWsutra (God, Etc) Conscious Gipsy Burlesque Fusion LOFI, [10] The Atheist Tango • GROWsutra (God, Etc) Gipsy Bass Piano Twirl Burlesque JAZZ, [09] The Atheist Tango • GROWsutra (God, Etc) Gipsy Cello Burlesque Tango JAZZ, [12] The Atheist Tango • GROWsutra (God, Etc) Burlesque Gipsy Tripsy Uppety Piano JAZZ, [07] The Atheist Tango • GROWsutra (God, Etc) Gipsy Cello Bass Chanson Jazz BURLESQUE"
The Conquest of Happiness (according to Bertrand Russel) ☰ 2 Songs EPx10 ☰ KNOWsutra,https://soundcloud.com/bananasutra/sets/the-conquest-of-happiness-according-to-bertrand-russel-2-songs-epx10-knowsutra,KNOWsutra,"BURLESQUE,FOLK,INDIE,JAZZ,MANTRA","BURLESQUE,FOLK,INDIE,JAZZ,MANTRA",10,4650,49,0:00:00,https://i1.sndcdn.com/artworks-mzPTVVzYjzKf5bIY-HeAycA-t500x500.png,L-244,,"BURLESQUEsutra, FOLKsutra, GROWsutra where we be brave, INDIEsutra, JAZZsutra, KNOWsutra : BERTRAND (mon chéri), MANTRAsutra","Side A [03] EP Bertrand - The Unhappiness Dance - GROWsutra Jazzy Indie FOLK, Side B [04] EP Bertrand - The Conquest of Happiness - GROWsutra Indie Folk JAZZ, Side B [05] EP Bertrand - The Conquest of Happiness - GROWsutra Sweet Waltz BURLESQUE, Side A [01] EP Bertrand - The Unhappiness Dance - GROWsutra Jazzy BURLESQUE, Side A [04] EP Bertrand - The Unhappiness Dance - GROWsutra Folk INDIE, Side A [02] EP Bertrand - The Unhappiness Dance - GROWsutra Jazzy BURLESQUE, Side B [02] EP Bertrand - The Conquest of Happiness - GROWsutra Indie FOLK, Side A [05] EP Bertrand - The Unhappiness Dance - GROWsutra Indie JAZZ, Side B [01] EP Bertrand - The Conquest of Happiness - GROWsutra Lullaby Indie MANTRA, Side B [03] EP Bertrand - The Conquest of Happiness - GROWsutra Jazzy FOLK"
The Dystopian Quiz Song ★ EPx15 ★ Acoustic SOULsutra,https://soundcloud.com/bananasutra/sets/the-dystopian-quiz-song-epx15-acoustic-soulsutra,GLOWsutra,"BLUES,BURLESQUE,JAZZ,MANTRA","ACOUSTIC,BLUES,BURLESQUE,JAZZ,MANTRA",15,2969,14,0:00:00,https://i1.sndcdn.com/artworks-jQRym0eZpol8JOvs-sUKVsw-t500x500.png,L-238,2025-04-18 20:27,"BANJOsutra, BLOWsutra : APES (gone wrong), BLUESsutra, BURLESQUEsutra, FOLKsutra, FOTUS CIRCUS Playlist An American Freaks Show, GROWsutra where we be brave, INDIEsutra, JAZZsutra, MANTRAsutra, QUACKsutra where we sing FU","The Dystopian Quizz Song v6 ★ Blues Circus SOULsutra, The Dystopian Quizz Song v3-2 ★ Blues Circus SOULsutra, The Dystopian Quizz Song v9 ★ Blues Circus SOULsutra, The Dystopian Quizz Song v3-1 ★ Blues Circus SOULsutra, The Dystopian Quizz Song v8 ★ Blues Circus SOULsutra, The Dystopian Quizz Song v5-2 ★ Blues Circus SOULsutra, Take the (Dystopian) Quiz Encore ★ Oh Cello Boy Circus BURLESQUE, The Dystopian Quizz Song v4-kindness ★ Blues Circus SOULsutra, The Dystopian Quizz Song v2-2 ★ Blues Circus SOULsutra, Take the (Dystopian) Quiz ★ Oh Accordion Boy Circus BURLESQUE, The Dystopian Quizz Song v1 ★ Blues Circus SOULsutra, The Dystopian Quizz Song v4-1 ★ Blues Circus SOULsutra, The Dystopian Quizz Song v2-1 ★ Blues Circus SOULsutra, Take the (Dystopian) Quiz Encore ★ Capela Circus JAZZ MANTRA, Take the (Dystopian) Quiz Encore ★ Accordion Circus JAZZ BURLESQUE"
The Echo Song Song ☭ Vladimir Vysotsky - EPx6  English Cover ☭ BLOWsutra Gipsy Trip Hop Trip,https://soundcloud.com/bananasutra/sets/the-echo-song-song-vladimir-vysotsky-epx6-english-cover-blowsutra-gipsy-trip-hop-trip,BLOWsutra,"BURLESQUE,DUB,FOLK,INDIE,LOFI","BURLESQUE,DUB,FOLK,GIPSY,INDIE,LOFI,PSYCHEDELIC,TRIP HOP",6,3506,29,0:00:00,https://i1.sndcdn.com/artworks-csa1LSOJaNbx8eWJ-OVqzHA-t500x500.png,L-247,,"BLOWsutra, BLOWsutra : REVOLT (now), BURLESQUEsutra, DUBsutra, INDIEsutra, LOFIsutra","[04] The (Bloody Mountain) Echo - Vladimir Vysotsky English Cover - BLOWsutra Oh Boy Psychedelic Dodododo Circus BURLESQUE, [05] The (Bloody Mountain) Echo - Vladimir Vysotsky English Cover - BLOWsutra Gipsy Piano Cello Duende INDIE, [01] The (Bloody Mountain) Echo - Vladimir Vysotsky English Cover - BLOWsutra Poetry Dubs the Bridge DUB, [03] The (Bloody Mountain) Echo - Vladimir Vysotsky English Cover - BLOWsutra Gipsy Trip Hop Indie LOFI, [02] The (Bloody Mountain) Echo - Vladimir Vysotsky English Cover - BLOWsutra Gipsy La Poesita Cello Indie Folk DUB, [06] The (Bloody Mountain) Echo - Vladimir Vysotsky English Cover - BLOWsutra Gipsy Trip Hop Piano INDIE"
The Echo Song ☭ Russian EPx3 ☭ Gipsy BLOWsutra LoFi Blues (Vladimir Vysotsky Cover),https://soundcloud.com/bananasutra/sets/the-echo-song-russian-epx3-gipsy-blowsutra-lofi-blues-vladimir-vysotsky-cover,BLOWsutra,"BANJO,BLUES,INDIE,LOFI","BANJO,BLUES,GIPSY,INDIE,LOFI,PSYCHEDELIC",3,2677,32,0:00:00,https://i1.sndcdn.com/artworks-acFrdgqIA6o30Zzp-mlZM9A-t500x500.png,L-239,,"BLOWsutra : REVOLT (now), BLUESsutra, LOFIsutra, WORLDsutra : Russian(ish)","[01] The Echo Song - Vladimir Vysotsky Cover - Russian BLOWsutra Gipsy Arabesk World Peace Indie Trip Pop LOFI, [03] The Echo Song - Vladimir Vysotsky Cover - Russian BLOWsutra Classic Psychedelic Banjo BLUES, [02] The Echo Song - Vladimir Vysotsky Cover - Russian BLOWsutra Gipsy Arabesk World Peace Indie Trip Pop LOFI"
The Great Naked King • SHOWsutra Psychedelick Fools Cabaret EPx30,https://soundcloud.com/bananasutra/sets/the-great-naked-king-showsutra-epx30,SHOWsutra,"BANJO,BLUES,BURLESQUE,INDIE,JAZZ,LOFI","BANJO,BLUES,BURLESQUE,CABARET,FADO,FLAMENCO,GIPSY,HIP HOP,INDIE,JAZZ,LOFI",30,12040,150,0:00:00,https://i1.sndcdn.com/artworks-QRaUbtlHanDIuOON-8Hr9pg-t500x500.png,L-250,2026-04-01 23:37,"BLUESsutra, BURLESQUEsutra, INDIEsutra, JAZZsutra, LOFIsutra, SHOWsutra where bananas play","[29] The Great Naked King • SHOWsutra Psychedelick Hillbilly Hop Pop Blues Banjo LOFI, [24] The Great Naked King • SHOWsutra Psychedelick Gipsy Hop Pop Indie LOFI, [19] The Great Naked King • SHOWsutra Psychedelick Gipsy Hip Hop Jazz LOFI, [27] The Great Naked King • SHOWsutra Psychedelick Hillbilly Hop Pop Blues Banjo LOFI, [26] The Great Naked King • SHOWsutra Psychedelick Hillbilly Hop Pop Indie Blues Banjo LOFI, [17] The Great Naked King • SHOWsutra Psychedelick Cabaret Jazz Swing BURLESQUE, [21] The Great Naked King • SHOWsutra Psychedelick Gipsy Hip Hop Jazz LOFI, [30] The Great Naked King • SHOWsutra Psychedelick Hillbilly Americana Jazzy Banjo BLUES, [28] The Great Naked King • SHOWsutra Psychedelick Hillbilly Hop Pop Blues Banjo LOFI, [18] The Great Naked King • SHOWsutra Psychedelick Cabaret Gipsy Swing BURLESQUE, [22] The Great Naked King • SHOWsutra Psychedelick Hop Pop Piano Jazz LOFI, [25] The Great Naked King • SHOWsutra Psychedelick Gipsy Hop Pop Indie LOFI, [08] The Great Naked King • SHOWsutra Psychedelick French Accordion Cello Tango JAZZ, [15] The Great Naked King • SHOWsutra Psychedelick Circus Accordion Waltz BURLESQUE, [09] The Great Naked King • SHOWsutra French Psychedelick Accordion Gipsy Tango BURLESQUE, [23] The Great Naked King • SHOWsutra Psychedelick Gipsy Hop Pop Indie LOFI, [16] The Great Naked King • SHOWsutra Psychedelick Circus Accordion Waltz BURLESQUE, [20] The Great Naked King • SHOWsutra Psychedelick Gipsy Hip Hop Jazz LOFI, [11] The Great Naked King • SHOWsutra Psychedelick Circus Accordion Waltz BURLESQUE, [06] The Great Naked King • SHOWsutra Psychedelick French Accordion Cello Tango JAZZ, [02] The Great Naked King • SHOWsutra Tribal Psychedelick Gipsy Flamenco Fado Techno INDIE, [07] The Great Naked King • SHOWsutra Psychedelick French Accordion Cello Tango JAZZ, [05] The Great Naked King • SHOWsutra Psychedelick French Accordion Cello Tango JAZZ, [13] The Great Naked King • SHOWsutra Psychedelick Circus Accordion Waltz BURLESQUE, [10] The Great Naked King • SHOWsutra Psychedelick Circus Accordion Tango BURLESQUE, [12] The Great Naked King • SHOWsutra Psychedelick Circus Accordion Waltz BURLESQUE, [14] The Great Naked King • SHOWsutra Psychedelick Circus Accordion Waltz BURLESQUE, [01] The Great Naked King • SHOWsutra Tribal Psychedelick Gipsy Flamenco Fado Techno INDIE, [04] The Great Naked King • SHOWsutra Psychedelick French Accordion Cello Tango JAZZ, [03] The Great Naked King • SHOWsutra Tribal Psychedelick Gipsy Flamenco Fado Techno INDIE"
The Invisible Man in the Sky (a song inspired by George Carlin) EPx8 VOL.01,https://soundcloud.com/bananasutra/sets/the-invisible-man-in-the-sky-a-song-inspired-by-george-carlin-epx8-vol01,GROWsutra,"BURLESQUE,DUB,LOFI","BURLESQUE,DUB,LOFI",8,1425,13,0:00:00,https://i1.sndcdn.com/artworks-X3sSPUgbNbib2XW8-7bIcSQ-t500x500.png,L-251,2025-04-13 23:17,"BLUESsutra, BURLESQUEsutra, FOLKsutra, GROWsutra : GOD (etc), GROWsutra where we be brave, LOFIsutra, Questions for the (kind) POPE in the Sky, ROCKsutra","[5] The invisible man in the sky • CIRCUSsutra, [6] The invisible man in the sky • Duende FOLKsutra, [2] The invisible man in the sky • BLUESsutra, [8] The invisible man in the sky (udio) lofi ROCKsutra, [1] The invisible man in the sky • BLUESsutra, [4] The invisible man in the sky • BURLESQUE JAZZsutra, [3] The invisible man in the sky • DUB BLUESsutra, [7] The invisible man in the sky • FLOW LOFIsutra"
The Love of a Dove ☩ EPx18 ☩ GROWsutra Peace Fusion Prayer,https://soundcloud.com/bananasutra/sets/the-love-of-a-dove-epx18-growsutra-peace-fusion-prayer,GROWsutra,"BLUES,DUB,FOLK,INDIE","BLUES,DUB,FADO,FOLK,INDIE,PSYCHEDELIC,RAGGA,SOUL",18,13382,162,0:00:00,https://i1.sndcdn.com/artworks-JAgkPz4F7h0eq74Z-njbS5Q-t500x500.png,L-244,,"BLUESsutra, DUBsutra, FOLKsutra, GROWsutra where we be brave, INDIEsutra, KNOWsutra : PEACE (not War)","[16] The Love Of A Dove - GROWsutra Dem Sed Psychedelic Ragga DUB, [15] The Love Of A Dove - GROWsutra Dem Sed Psychedelic Ragga DUB, [17] The Love Of A Dove - GROWsutra Dem Sed Psychedelic Ragga DUB, [08] The Love Of A Dove - GROWsutra Only The Brave PsyBluegrass Dubby BLUES, [05] The Love Of A Dove - GROWsutra Mama-b-c Peace Cello INDIE, [07] The Love Of A Dove - GROWsutra Kindness is in the Depth Bluesy Psychedelic FOLK, [01] The Love Of A Dove - GROWsutra Tzigane Soul Peace Fusion INDIE, [02] The Love Of A Dove - GROWsutra Duende Amoris Fado Fiddle INDIE, [06] The Love Of A Dove - GROWsutra Kindness is in the Depth Bluesy Psychedelic FOLK, [10] The Love Of A Dove - GROWsutra Psychedelic Destiny BLUES, [12] The Love Of A Dove - GROWsutra Psychedelic Destiny BLUES, [14] The Love Of A Dove - GROWsutra Feel Di Riddim Psychedelic Ragga DUB, [18] The Love Of A Dove - GROWsutra Psychedelic Peace Soul Muse DUB, [03] The Love Of A Dove - GROWsutra Mama-b-c Peace Cello INDIE, [13] The Love Of A Dove - GROWsutra Poetry Dubs The Bridge DUB, [04] The Love Of A Dove - GROWsutra Mama-b-c Peace Cello INDIE, [09] The Love Of A Dove - GROWsutra Queen of Authentic Dubby Psychedelic BLUES, [11] The Love Of A Dove - GROWsutra Psychedelic Destiny BLUES"
There's No Prayer Like Desire • KNOWsutra But(t) Why EPx4,https://soundcloud.com/bananasutra/sets/theres-no-prayer-like-desire-knowsutra-butt-why-epx4,KNOWsutra,"BANJO,BLUES,BURLESQUE","BANJO,BLUES,BURLESQUE",3,1994,20,0:00:00,https://i1.sndcdn.com/artworks-BZeLqNQ4AlXL9NGG-8Sntuw-t500x500.png,L-251,,"BLUESsutra, BURLESQUEsutra, KNOWsutra where questions matter","[04] The Fire We Share • There's No Prayer Like Desire • KNOWsutra But(t) Why Accordion Chanson BURLESQUE, [01] Not Who Powers • There's No Prayer Like Desire • KNOWsutra But(t) Why Banjo Destiny BLUES, [02] There's No Prayer Like Desire • KNOWsutra But(t) Why Banjo Destiny BLUES"
They Call It Freedom (Oh Hi · Sweet Honey Bun) ✯ BLOWsutra (Revolt Now) EPx11,https://soundcloud.com/bananasutra/sets/they-call-it-freedom-oh-hi-sweet-honey-bun-blowsutra-revolt-now-epx11,BLOWsutra,"BLUES,BURLESQUE,FOLK,INDIE,LOFI","BLUES,BURLESQUE,FOLK,GIPSY,HIP HOP,INDIE,LOFI,PSYCHEDELIC,TRIP HOP",11,6571,79,0:00:00,https://i1.sndcdn.com/artworks-kwu5kFHr0XzItgSe-7wgK2Q-t500x500.png,L-254,,"BLOWsutra, BLOWsutra : REVOLT (now), BLUESsutra, BURLESQUEsutra, FOLKsutra, LOFIsutra","[02] They Call It Freedom (Oh Hi, Sweet Honey Bun) • BLOWsutra (Revolt Now) Psychedelic Gipsy Dadadam Indie LOFI, [04] They Call It Freedom (Oh Hi, Sweet Honey Bun) • BLOWsutra (Revolt Now) Psychedelic Gipsy Doing Doing Indie Hip Hop LOFI, [10] They Call It Freedom (Oh Hi, Sweet Honey Bun) • BLOWsutra (Revolt Now) Classichedelic Americana BLUES, [05] They Call It Freedom (Oh Hi, Sweet Honey Bun) • BLOWsutra (Revolt Now) Psychedelic Gipsy Indie Trip Hip Hop LOFI, [Bonus] They Call It Freedom (Oh Hi, Sweet Honey Bun) • BLOWsutra (Revolt Now) Psychedelic Gipsy Accordion Gun It BURLESQUE, [06] They Call It Freedom (Oh Hi, Sweet Honey Bun) • BLOWsutra (Revolt Now) Psychedelic Gipsy Cello Trip Hip Hop Indie LOFI, [09] They Call It Freedom (Oh Hi, Sweet Honey Bun) • BLOWsutra (Revolt Now) Classichedelic Americana BLUES, [07] They Call It Freedom (Oh Hi, Sweet Honey Bun) • BLOWsutra  (Revolt Now) Psychedelic Dubby Americana Indie LoFi FOLK, [03] They Call It Freedom (Oh Hi, Sweet Honey Bun) • BLOWsutra (Revolt Now) Psychedelic Gipsy Trip Hop Indie LOFI, [01] They Call It Freedom (Oh Hi, Sweet Honey Bun) • BLOWsutra (Revolt Now) Gipsy Oh Hi Psychedelic Indie LOFI, [08] They Call It Freedom (Oh Hi, Sweet Honey Bun) • BLOWsutra (Revolt Now) Classichedelic Americana Dubby Folky BLUES"
They Muddy the Waters (aka Nietzsche's Gift) EPx5 VOL. 04,https://soundcloud.com/bananasutra/sets/they-muddy-the-waters-aka-nietzsches-gift-epx5-vol-04,KNOWsutra,"BANJO,BURLESQUE,FOLK,INDIE,LOFI","BANJO,BURLESQUE,FOLK,INDIE,LOFI",5,1064,6,0:00:00,https://i1.sndcdn.com/artworks-8WQovcQ1YWF6xgZ0-sPC0bQ-t500x500.png,L-157,,"BANJOsutra, BLOWsutra, BLOWsutra : EGO (gone loco), BURLESQUEsutra, INDIEsutra, LOFIsutra, MANTRAsutra","[2] Muddy Waters (Nietzsche's Gift) VOL. 04 - Accordion BURLESQUE, [1] Muddy Waters (Nietzsche's Gift) VOL. 04 - Bluesy FOLK BANJO, [4] Muddy Waters (Nietzsche's Gift) VOL. 04 - Burlesque LOFI, [5] Muddy Waters (Nietzsche's Gift) VOL. 04 - Piano Burlesque INDIE, [3] Muddy Waters (Nietzsche's Gift) VOL. 04 - Dreamy Folk BURLESQUE"
This Is My Quest • GROWsutra (Dare to Care) Dream EPx19,https://soundcloud.com/bananasutra/sets/this-is-my-quest-growsutra-epx19,GROWsutra,"DUB,INDIE,JAZZ,LOFI","DUB,FADO,FLAMENCO,GIPSY,INDIE,JAZZ,LOFI,PSYCHEDELIC",19,17298,123,0:00:00,https://i1.sndcdn.com/artworks-qhqHRqMMeCjATzsp-RQ8fQQ-t500x500.png,L-263,2026-03-16 18:54,"DUBsutra, GROWsutra : DARE (to care), GROWsutra where we be brave, INDIEsutra, JAZZsutra","[18] This Is My Quest • GROWsutra Ethically Psychedelic Gipsy JAZZ, [16] This Is My Quest • GROWsutra Psychedelic Poetry Bridges the DUB, [07] This Is My Quest • GROWsutra La Poesita Gipsy Fado Flamenco Duende DUB, [15] This Is My Quest • GROWsutra Psychedelic Poetry Bridges the DUB, [03] This Is My Quest • GROWsutra Psychedelic Gipsy Techno Fado Flamenco Duende INDIE, [19] This Is My Quest • GROWsutra Ethically Psychedelic Gipsy JAZZ, [04] This Is My Quest • GROWsutra Psychedelic Gipsy Techno Fado Flamenco Duende INDIE, [08] This Is My Quest • GROWsutra La Poesita Gipsy Fado Flamenco Duende DUB, [02] This Is My Quest • GROWsutra Psychedelic Gipsy Techno Fado Flamenco Duende INDIE, [06] This Is My Quest • GROWsutra Psychedelic Gipsy Techno Fado Flamenco Duende INDIE, [01] This Is My Quest • GROWsutra Psychedelic Gipsy Techno Fado Flamenco Duende INDIE, [10] This Is My Quest • GROWsutra Psychedelic Gipsy Fado Arabesk Lofi Dub INDIE, [11] This Is My Quest • GROWsutra Psychedelic Poetry Bridges the DUB, [17] This Is My Quest • GROWsutra Ethically Psychedelic Gipsy JAZZ, [12] This Is My Quest • GROWsutra Psychedelic Poetry Bridges the DUB, [05] This Is My Quest • GROWsutra Psychedelic Gipsy Techno Fado Flamenco Duende INDIE, [09] This Is My Quest • GROWsutra Psychedelic Gipsy Fado Arabesk Lofi Dub INDIE, [13] This Is My Quest • GROWsutra Psychedelic Poetry Bridges the DUB, [14] This Is My Quest • GROWsutra Psychedelic Poetry Bridges the DUB"
This Is What Dissent Looks Like Now - BLOWsutra (Revolution Ring) Jazz Indie LoFi Dream,https://soundcloud.com/bananasutra/sets/this-is-what-dissent-looks-like-now-blowsutra-revolution-ring-jazz-indie-lofi-dream,BLOWsutra,"BURLESQUE,INDIE,JAZZ,LOFI","BURLESQUE,CABARET,GIPSY,HIP HOP,INDIE,JAZZ,LOFI,PSYCHEDELIC,PUNK,TRIP HOP",14,17340,150,0:00:00,https://i1.sndcdn.com/artworks-oX7ZY3z8JzrLVWyA-Iz5Tsg-t500x500.png,L-286,2026-01-27 21:09,"BLOWsutra, BLOWsutra : CENSOR(ed), INDIEsutra, JAZZsutra, LOFIsutra, SHOWsutra: (shades of) FOOLS","[06] What Dissent Looks Like Now • BLOWsutra Post-Punk Tzigane Trip Hop Lo-Fi Burlesque JAZZ, [BONUS] What Dissent Looks Like Now • BLOWsutra Psychedelic Burlesque MamA-B-Cello Dream Cabaret INDIE, [10] What Dissent Looks Like Now • BLOWsutra Post-Punk Gipsy Trip Hop Lo-Fi Burlesque INDIE, [02] What Dissent Looks Like Now • BLOWsutra Post-Punk Trip Hop Lo-Fi Burlesque Piano JAZZ, [04] What Dissent Looks Like Now • BLOWsutra Post-Punk Piano Trip Hop Lo-Fi Burlesque JAZZ, [12] What Dissent Looks Like Now • BLOWsutra Psychedelic Hip Hop BRUH Cabaret Rap LOFI, [07] What Dissent Looks Like Now • BLOWsutra Post-Punk Gipsy Trip Hop Lo-Fi Burlesque INDIE, [05] What Dissent Looks Like Now • BLOWsutra Post-Punk Piano Trip Hop Lo-Fi Burlesque JAZZ, [09] What Dissent Looks Like Now • BLOWsutra Post-Punk Gipsy Trip Hop Lo-Fi Burlesque INDIE, [01] What Dissent Looks Like Now • BLOWsutra Post-Punk Piano Trip Hop Lo-Fi Burlesque JAZZ, [11] What Dissent Looks Like Now • BLOWsutra Psychedelic Hip Hop BRUH Cabaret Rap LOFI, [08] What Dissent Looks Like Now • BLOWsutra Post-Punk Gipsy Trip Hop Lo-Fi Burlesque INDIE, [03] What Dissent Looks Like Now • BLOWsutra Post-Punk Piano Trip Hop Lo-Fi Burlesque JAZZ, [11] What Dissent Looks Like Now • BLOWsutra Psychedelic Hip Hop Bruh LOFI"
Time for Rebel Romance ☆ EPx6 ☆ BLOWsutra (Revolt Now) Cabaret,https://soundcloud.com/bananasutra/sets/time-for-rebel-romance-epx6-blowsutra-revolt-now-cabaret,BLOWsutra,"BURLESQUE,DUB,INDIE,JAZZ,MANTRA,ROCK","BURLESQUE,CABARET,DUB,INDIE,JAZZ,MANTRA,PSYCHEDELIC,RAGGA,ROCK,TRIP HOP",6,10141,88,0:00:00,https://i1.sndcdn.com/artworks-FCpNyoKfIRn6bNzD-59cLWg-t500x500.png,L-257,,"BLOWsutra, BLOWsutra : REVOLT (now), BURLESQUEsutra, DUBsutra, GROWsutra : KIND(ness), QUACKsutra where we sing FU, ROCKsutra","[03] Time for Rebel Romance ☆ BLOWsutra (Revolt Now) CAT Psychedelic Accordion Circus BURLESQUE, [04] Time for Rebel Romance ☆ BLOWsutra (Revolt Now) IBYN Psychedelic Piano Jazz BURLESQUE, [06] Time for Rebel Romance ☆ BLOWsutra (Revolt Now) Alternative Mantra Indie Trip Hop(e) ROCK, [01] Time for Rebel Romance ☆ BLOWsutra (Revolt Now) Oh Boy Psychedelic Accordion Circus BURLESQUE, [05] Time for Rebel Romance ☆ BLOWsutra (Revolt Now) Accordion Ragga Burlesque DUB, [02] Time for Rebel Romance ☆ BLOWsutra (Revolt Now) Oh Boy Psychedelic Accordion Circus BURLESQUE"
To Dream EP X8 | Jacques Brel Chanson Reimagined : Psychedelic French Poetry JAZZsutra X5,https://soundcloud.com/bananasutra/sets/the-quest-brel-poetry-jazz-remakes-x8,GLOWsutra,JAZZ,"JAZZ,PSYCHEDELIC",8,5661,61,0:00:00,https://i1.sndcdn.com/artworks-QUpuRg3OOi3Qb9MF-h5LTAw-t500x500.png,L-266,,"BURLESQUEsutra, FOLKsutra, GLOWsutra : RAINBOWS (in my clouds), GLOWsutra where gratitude feeds, JAZZsutra, MANTRAsutra, ROCKsutra","#4 The Quest of an Unyielding Star (v1) • Jacques Brel Remake • Bananasutra Jazz, #5 Chasing an Unattainable Quest • Jacques Brel Remake • Bananasutra Chanson Delight, #8 Chasing Unattainable Stars • Jacques Brel Remake • Bananasutra Chanson Delight, #3 The Quest of an Unyielding Star (v2) • Jacques Brel Remake • Bananasutra Jazz, #2 The Quest of an Unyielding Star (v3) • Jacques Brel Remake • Bananasutra Jazz, #7 To Chase an Unreachable Quest • Jacques Brel Remake • Bananasutra Chanson Delight, #6 The Quest of Unreachable Stars • Jacques Brel Remake • Bananasutra Chanson Delight, #1 The Quest • Jacques Brel Remake • Bananasutra French Accordion"
Trauma Begets Trauma - KNOWsutra Peace (not War) Piano Kitten Truth EPx5,https://soundcloud.com/bananasutra/sets/trauma-begets-trauma-knowsutra-peace-not-war-piano-kitten-truth-epx5,KNOWsutra,INDIE,"GIPSY,INDIE",5,4251,34,0:00:00,https://i1.sndcdn.com/artworks-O1DJ2yudziIuoAWo-vRdodg-t500x500.png,L-268,,KNOWsutra : PEACE (not War),"[05] Trauma Begets Trauma • KNOWsutra Whimsical Gipsy Peace Kitten Dream Piano INDIE, [03] Trauma Begets Trauma • KNOWsutra Whimsical Gipsy Peace Kitten Dream Piano INDIE, [02] Trauma Begets Trauma • KNOWsutra Whimsical Gipsy Peace Kitten Dream Piano INDIE, [04] Trauma Begets Trauma • KNOWsutra Whimsical Gipsy Peace Kitten Dream Piano INDIE, [01] Trauma Begets Trauma • KNOWsutra Whimsical Gipsy Peace Kitten Dream Piano INDIE"
Trump Derangement Syndrome ™ EPx7,https://soundcloud.com/bananasutra/sets/trump-derangement-syndrome-epx7,BLOWsutra,"BANJO,BURLESQUE,DUB,JAZZ,MANTRA","BANJO,BURLESQUE,DUB,JAZZ,MANTRA",7,1393,16,0:00:00,https://i1.sndcdn.com/artworks-Ys4zGlSmXhrD1HsT-Kvzuxg-t500x500.png,L-260,2025-06-18 17:12,"BANJOsutra, BLUESsutra, INDIEsutra, MANTRAsutra, QUACKsutra : DUCK (shady), QUACKsutra where we sing FU","[07] Trump Derangement Syndrome ™ - Bass Mantra BANJOsutra, [06] Trump Derangement Syndrome ™ Nom Nom - Dubby outlaw bluegrass BLUESsutra, [05] Trump Derangement Syndrome ™ - Banjo Booya BANJOsutra, [01] Trump Derangement Syndrome ™ - Burlesque Cello INDIEsutra, [03] Trump Derangement Syndrome ™ - Bluesy Burlesque ROCKsutra, [02] Trump Derangement Syndrome ™ Nom Nom - Dubby (High) JAZZ, [04] Trump Derangement Syndrome ™ - Dubby (low) Dub FOLKsutra"
Trust No One EP x3 VOL.1 ☆ BLOWsutra Alternative Indie ROCK,https://soundcloud.com/bananasutra/sets/trust-no-one-ep-x3-vol1-blowsutra-alternative-indie-rock,BLOWsutra,"INDIE,JAZZ,ROCK","INDIE,JAZZ,ROCK",3,937,12,0:00:00,https://i1.sndcdn.com/artworks-zo2LcEgQQvZyFMXS-Hip2cg-t500x500.png,L-261,,"BLOWsutra, BLOWsutra : EGO (gone loco), INDIEsutra, ROCKsutra","[2] Trust no one - BLOWsutra Udio ROCK, [3] Trust no one - BLOWsutra Udio ROCK, [1] Trust no one - BLOWsutra Suno JAZZ"
Truth Don't Care ✗ EPx2 ✗ KNOWsutra Psychedelic Muse Cabaret,https://soundcloud.com/bananasutra/sets/truth-dont-care-epx2-knowsutra-psychedelic-muse-cabaret,KNOWsutra,"BURLESQUE,JAZZ","BURLESQUE,CABARET,JAZZ,PSYCHEDELIC",2,373,3,0:00:00,https://i1.sndcdn.com/artworks-2pO2JGvoTeCfSURr-2A3VeA-t500x500.png,L-262,,"BURLESQUEsutra, JAZZsutra, KNOWsutra : (naked) TRUTH, KNOWsutra where questions matter","[01] Truth Don't Care ✗ KNOWsutra Bass JAZZ, [02] Truth Don't Care ✗ KNOWsutra Accordion BURLESQUE"
Tune in the Tender ☲ #GROWsutra EPx9,https://soundcloud.com/bananasutra/sets/tune-in-the-tender-growsutra-epx9,GROWsutra,"DUB,INDIE,LOFI","DUB,INDIE,LOFI",9,2843,31,0:00:00,https://i1.sndcdn.com/artworks-ayo6PDrn2o8EClWe-wyHddg-t500x500.png,L-264,,"BLUESsutra, DUBsutra, GLOWsutra : RAINBOWS (in my clouds), GLOWsutra where gratitude feeds, INDIEsutra, JAZZsutra, MANTRAsutra","[09] Tune in the Tender • Cello Indie Howl MANTRAsutra, [06] Tune in the Tender • Jazzy DUBsutra, [02] Tune in the Tender • LOFI JAZZsutra, [07] Tune in the Tender • Cello INDIEsutra, [01] Tune in the Tender • LOFI BLUESsutra, [08] Tune in the Tender • Cello Drum Howl MANTRAsutra, [05] Tune in the Tender • Jazzy DUBsutra, [04] Tune in the Tender • Indie DUB, [03] Tune in the Tender • Jazzy DUBsutra"
Two Things · Darling • EPx11 • KNOWsutra (Bertrand) Conscious Gipsy LoFi Blues INDIE,https://soundcloud.com/bananasutra/sets/two-things-darling-epx11-knowsutra-bertrand-conscious-gipsy-lofi-blues-indie,KNOWsutra,"BANJO,BLUES,DUB,INDIE,LOFI","BANJO,BLUES,DUB,FLAMENCO,GIPSY,INDIE,LOFI,PSYCHEDELIC,TRIP HOP",11,7975,72,0:00:00,https://i1.sndcdn.com/artworks-arUtRqgFTtrbCyLv-f6mbwA-t500x500.png,L-265,2026-01-01 22:37,"BLUESsutra, DUBsutra, INDIEsutra, KNOWsutra : BERTRAND (mon chéri), KNOWsutra where questions matter, LOFIsutra","[11] Two Things, Darling • KNOWsutra Bertrand (Knows) Psychedelic Destiny Banjo BLUES, [06] Two Things, Darling • KNOWsutra Bertrand (Knows) La Poesita Gipsy Flamenco Dub INDIE, [08] Two Things, Darling • KNOWsutra Bertrand (Knows) Existential Poetry Mama DUB, [07] Two Things, Darling • KNOWsutra Bertrand (Knows) La Poesita Gipsy Flamenco Dub INDIE, [05] Two Things, Darling • KNOWsutra Bertrand (Knows) La Poesita Gipsy Flamenco Dub INDIE, [03] Two Things, Darling • KNOWsutra Bertrand (Knows) Existential Cello Trip Hop(e) LOFI, [04] Two Things, Darling • KNOWsutra Bertrand (Knows) La Poesita Gipsy Flamenco Dub INDIE, [09] Two Things, Darling • KNOWsutra Bertrand (Knows) Psychedelic Destiny Banjo BLUES, [01] Two Things, Darling • KNOWsutra Bertrand (Knows) Tzigane Peace Conscious Fusion Indie LOFI, [10] Two Things, Darling • KNOWsutra Bertrand (Knows) Psychedelic Destiny Banjo BLUES, [02] Two Things, Darling • KNOWsutra Bertrand (Knows) Tzigane Peace Conscious Fusion Indie LOFI"
Untamed EP X3,https://soundcloud.com/bananasutra/sets/untamed-ep-x3,GROWsutra,INDIE,INDIE,3,521,2,0:00:00,https://i1.sndcdn.com/artworks-h4WvLIv6GtEpPvLT-kyZycQ-t500x500.png,L-267,2024-12-14 20:25,"BANJOsutra, BLUESsutra, BOWsutra the last of 7 sutras · it's divine <3, FOLKsutra, GROWsutra : GOD (etc), Questions for the (kind) POPE in the Sky","No Rebelion, No Shame, Just a Heart that Stays the Same, Belief Untamed"
Up a San Francisco Hill EP(x4) VOL.2,https://soundcloud.com/bananasutra/sets/up-a-san-francisco-hill-epx4-vol2,GLOWsutra,DUB,DUB,4,752,9,0:00:00,https://i1.sndcdn.com/artworks-pNf3bEZAmay75ojX-AjKkkg-t500x500.png,L-268,2025-01-29 19:15,"GLOWsutra : RAINBOWS (in my clouds), GLOWsutra where gratitude feeds, INDIEsutra","Up a San Francisco Hill • jazzy INDIEsutra, Up a San Francisco Hill • dubby FOLKsutra, Up a San Francisco Hill • dubby DUBsutra, Up a San Francisco Hill • Jazzy DUB(step)sutra"
Up a San Francisco Hill • Bananasutra Heart Beats,https://soundcloud.com/bananasutra/sets/up-a-san-francisco-hill-bananasutra-heart-beats,GLOWsutra,DUB,DUB,8,779,3,0:00:00,https://i1.sndcdn.com/artworks-GDiJpggFg27JRXo9-ZnhHqQ-t500x500.jpg,L-268,2025-01-26 23:36,"BURLESQUEsutra, DUBsutra, GLOWsutra where gratitude feeds, INDIEsutra, MANTRAsutra","Up A San Francisco Hill • BURLESQUEsutra • Humble Hippie Dub Dub Drums, Up A San Francisco Hill • DUBsutra • Humble Hippie Dub Dub Dreams, Up A San Francisco Hill • MANTRAsutra • Humble Hippie Drum Drum Beat, Up A San Francisco Hill • INDIEsutra • Humble Hippie Dub Dub House"
Waldo's Fascist Tango EPx3 VOL. 1 • Burlesque JAZZ,https://soundcloud.com/bananasutra/sets/waldos-fascist-tango-epx3-vol-1-blowsutra-burlesque,BLOWsutra,"BURLESQUE,JAZZ","BURLESQUE,JAZZ",3,682,7,0:00:00,https://i1.sndcdn.com/artworks-c3L1ZrA7GdTEUNpD-srMlmg-t500x500.png,L-271,,"BLOWsutra : APES (gone wrong), BURLESQUEsutra, QUACKsutra where we sing FU, Questions for the (kind) POPE in the Sky","[2] Waldo's Fascist Tango - HATjazz BURLESQUE, [1] Waldo's Fascist Tango - CATjazz BURLESQUE, [3] Waldo's Fascist Tango - Oh Boy Accordion BURLESQUE"
We Live Not By Lies ⚬ EPx12 ⚬ GROWsutra Revolution Ring,https://soundcloud.com/bananasutra/sets/we-live-not-by-lies-epx12-growsutra-revolution-ring,GROWsutra,"BURLESQUE,DUB,INDIE,LOFI,ROCK","BURLESQUE,DUB,GIPSY,INDIE,LOFI,PSYCHEDELIC,PUNK,ROCK",12,10981,108,0:00:00,https://i1.sndcdn.com/artworks-aUUxzKo6oEXsOIfq-vtqUJA-t500x500.png,L-273,,"BLOWsutra : REVOLT (now), BURLESQUEsutra, DUBsutra, GROWsutra where we be brave, INDIEsutra, KNOWsutra : (naked) TRUTH, LOFIsutra, ROCKsutra","[10] We Live Not By Lies - GROWsutra Post-Punk Rock Bar Girl BURLESQUE, [02] We Live Not By Lies - GROWsutra Pyschedelic Cello Dream Dub INDIE, [09] We Live Not By Lies - GROWsutra Tzigane Arabesk Fusion Indie LOFI, [03] We Live Not By Lies - GROWsutra Psychedelic Piano Cello INDIE, [12] We Live Not By Lies - GROWsutra IBYN Post-Punk BURLESQUE ROCK, [07] We Live Not By Lies - GROWsutra Tzigane Arabesk Fusion Indie LOFI, [01] We Live Not By Lies - GROWsutra Gipsy Poetry DUB, [08] We Live Not By Lies - GROWsutra Tzigane Arabesk Fusion Indie LOFI, [04] We Live Not By Lies - GROWsutra Psychedelic Piano Cello INDIE, [05] We Live Not By Lies - GROWsutra Tzigane Arabesk Fusion Indie LOFI, [11] We Live Not By Lies - GROWsutra IBYN Post-Punk BURLESQUE ROCK, [06] We Live Not By Lies - GROWsutra Tzigane Arabesk Fusion Indie LOFI"
We Remember What (We Remember What) We Feel☉EPx5 INDIE GROWsutra,https://soundcloud.com/bananasutra/sets/we-remember-what-we-remember-what-we-feelepx5-indie-growsutra,GROWsutra,INDIE,INDIE,5,1200,34,0:00:00,https://i1.sndcdn.com/artworks-InO7MMy9vHYpBdDo-YcZoDQ-t500x500.png,L-274,2025-06-02 23:28,"GROWsutra : DARE (to care), GROWsutra where we be brave, INDIEsutra","we remember what we remember when we feel 3, we remember what we remember when we feel 2, we remember what we remember when we feel 4, we remember what we remember when we feel 1, we remember what we remember when we feel 5"
We're Tiny Specks · Right?,https://soundcloud.com/bananasutra/sets/were-tiny-specks-right-bowsutra-epx11,BOWsutra,"LOFI,DUB,INDIE","LOFI,DUB,INDIE,PSYCHEDELIC,GIPSY",11,0,0,0:00:00,https://i1.sndcdn.com/artworks-iSBnDzZ6pNZ2thIT-zteX6Q-t1080x1080.jpg,,2026-04-12 20:04,"BOWsutra the last of 7 sutras · it's divine <3,DUBsutra,LOFIsutra,INDIEsutra",
Wet (Prickly) Peaches vol.2,https://soundcloud.com/bananasutra/sets/wet-prickly-peaches-vol2,FLOWsutra,BLUES,BLUES,9,2069,33,0:00:00,https://i1.sndcdn.com/artworks-y6GNuYSUFwSvEtI4-VH6lnQ-t500x500.jpg,L-276,2025-02-08 23:13,"BANJOsutra, BLUESsutra, DUBsutra, FLOWsutra : WET (my friend), INDIEsutra, JAZZsutra, SHOWsutra where bananas play","Wet Peaches • Blues BANJOsutra, Wet Peaches • Cello INDIEsutra (1), Wet Peaches • Cello INDIEsutra (2), Wet Peaches • Cello INDIEsutra (3), Wet Peaches • Cello INDIEsutra, Wet Peaches • DUBsutra (1), Wet Peaches • DUBsutra (2), Wet Peaches • DUBsutra (3), Wet Peaches • JAZZsutra"
What It's About - Blues Dub Murica Mantra EPx7,https://soundcloud.com/bananasutra/sets/what-its-about-blues-dub-murica-mantra-epx7,BLOWsutra,"BLUES,DUB,MANTRA","BLUES,DUB,MANTRA",7,1495,21,0:00:00,https://i1.sndcdn.com/artworks-GLU0pK07IFyP9sOF-R4l6cg-t500x500.jpg,L-288,,"BLUESsutra, GROWsutra : DARE (to care), INDIEsutra, MANTRAsutra, QUACKsutra where we sing FU","[03] What It's About - INDIEsutra, [04] What It's About - DUBsutra, [02] What It's About - BLUESsutra, [06] What It's About - Drum MANTRAsutra, [07] What It's About - Drum MANTRAsutra, [05] What It's About - DUBsutra, [01] What It's About - BLUESsutra"
What It's About • Vol. 02 EPx6 • BLOWsutra Revolution Ring,https://soundcloud.com/bananasutra/sets/what-its-about-vol-02-epx6-blowsutra-revolution-ring,BLOWsutra,"BANJO,BLUES,BURLESQUE,JAZZ","BANJO,BLUES,BURLESQUE,JAZZ,PSYCHEDELIC,TRIP HOP",6,4860,73,0:00:00,https://i1.sndcdn.com/artworks-f5X1h7BNCNHQw6au-Qj1DyQ-t500x500.png,L-279,2025-11-20 22:24,,"[03] What It's About • Vol. 02 • BLOWsutra Revolution Ring Piano Jazz BURLESQUE, [06] What It's About • Vol. 02 • BLOWsutra Revolution Ring Psychedelic Banjo Trip Hop Blues JAZZ, [04] What It's About • Vol. 02 • BLOWsutra Revolution Ring Psychedelic Piano Trip Hop Blues JAZZ, [01] What It's About • Vol. 02 • BLOWsutra Revolution Ring Piano Jazz BURLESQUE, [02] What It's About • Vol. 02 • BLOWsutra Revolution Ring Piano Jazz BURLESQUE, [05] What It's About • Vol. 02 • BLOWsutra Revolution Ring Psychedelic BANJO Trip Hop Blues JAZZ"
What the Mirror Said (Reste Lucide) - GLOWsutra JAZZ,https://soundcloud.com/bananasutra/sets/what-the-mirror-said-reste-lucide-glowsutra-jazz,GLOWsutra,"BURLESQUE,INDIE,JAZZ","BURLESQUE,INDIE,JAZZ",5,758,7,0:00:00,https://i1.sndcdn.com/artworks-VQkWPBpI3EhvPQjd-JaXiYg-t500x500.png,L-281,,"BURLESQUEsutra, FRENCHsutra oui oui · sacrebleu, GLOWsutra : RAINBOWS (in my clouds), GLOWsutra where gratitude feeds, JAZZsutra, OUI OUI : Pardon (my French)","What the Mirror Said (Reste Lucide) • Lucille Clifton • GLOWsutra This Light French JAZZ, What the Mirror Said (Reste Lucide) • Lucille Clifton • GLOWsutra Believe French INDIE, What the Mirror Said (Reste Lucide) • Lucille Clifton • GLOWsutra Radiance French JAZZ, What the Mirror Said (Reste Lucide) • Lucille Clifton • GLOWsutra Miroir Oh Miroir French BURLESQUE, What the Mirror Said (Reste Lucide) • Lucille Clifton • GLOWsutra Lucide French JAZZ"
What's F-A-S-C-I-S-T? EPx8 VOL. 1 ☆ BLOWsutra JAZZ FOLK Fusion,https://soundcloud.com/bananasutra/sets/whats-f-a-s-c-i-s-t-epx9-vol-1-blowsutra-jazz-folk-fusion,BLOWsutra,"BURLESQUE,FOLK,JAZZ,LOFI","BURLESQUE,COUNTRY,FOLK,JAZZ,LOFI",8,1549,11,0:00:00,https://i1.sndcdn.com/artworks-ovG5pHzgSSHWXS4C-9duL4w-t500x500.png,L-283,,"BLOWsutra, BLOWsutra : CENSOR(ed), BURLESQUEsutra, FOLKsutra, FOTUS CIRCUS Playlist An American Freaks Show, GROWsutra where we be brave, JAZZsutra, LOFIsutra, QUACKsutra where we sing FU","[1] What's Fascist - My song is a little bit Snarky (misscheeky) - FOLK, [8] What's F-A-S-C-I-S-T  Welcome to the State of the not so Free (AD) - JAZZ LOFI, [4] What's Fascist - My song is a little bit Quirky [AD] - LOFI, [3] What's Fascist - My song is a little bit Quirky (LOFIstoryteller) - JAZZ, [7] What's F-A-S-C-I-S-T  Welcome to the State of the not so Free (psyTenor) - BURLESQUE, [6] What's Fascist - My Country's got a new Daddy (shewannaknow) - JAZZ LOFI, [2] What's Fascist - My song is a little bit Snarky (CATjazz) - BURLESQUE, [5] What's Fascist - My Country's got a new Daddy (IBYN) - FOLK"
When Did Seduction Become so Untrue? EPx16 Vol. 02 ䷶ KNOWsutra Flamenco Techno,https://soundcloud.com/bananasutra/sets/when-did-seduction-become-so-untrue-how-do-kids-learn-now-epx16-vol-02-knowsutra-flamenco-techno,KNOWsutra,"INDIE,WORLD","FADO,FLAMENCO,GIPSY",16,3351,21,0:00:00,https://i1.sndcdn.com/artworks-vJJyHyvScNYFs8IL-ASDhig-t500x500.png,L-284,,KNOWsutra : (naked) TRUTH,"[06] How Do Kids Learn KNOWsutra Gipsy Fado Flamenco Techno WORLD, [16] How Do Kids Learn KNOWsutra Gipsy Fado Flamenco Techno Arabesk WORLD, [15] How Do Kids Learn KNOWsutra Gipsy Fado Flamenco Techno Arabesk WORLD, [11] How Do Kids Learn KNOWsutra Gipsy Fado Flamenco Techno Arabesk WORLD 11, [07] How Do Kids Learn KNOWsutra Gipsy Fado Flamenco Techno WORLD, [12] How Do Kids Learn KNOWsutra Gipsy Fado Flamenco Techno Arabesk WORLD, [01] How Do Kids Learn? KNOWsutra Gipsy Fado Flamenco Techno WORLD 4, [04] How Do Kids Learn KNOWsutra Gipsy Fado Flamenco Techno WORLD, [13] How Do Kids Learn KNOWsutra Gipsy Fado Flamenco Techno Arabesk WORLD 13, [10] How Do Kids Learn KNOWsutra Gipsy Fado Flamenco Techno WORLD 10, [14] How Do Kids Learn? KNOWsutra Gipsy Fado Flamenco Techno Arabesk WORLD, [05] How Do Kids Learn KNOWsutra Gipsy Fado Flamenco Techno WORLD, [08] How Do Kids Learn KNOWsutra Gipsy Fado Flamenco Techno WORLD 2, [02] How Do Kids Learn? KNOWsutra Gipsy Fado Flamenco Techno WORLD, [09] How Do Kids Learn KNOWsutra Gipsy Fado Flamenco Techno WORLD, [03] How Do Kids Learn? KNOWsutra Gipsy Fado Flamenco Techno WORLD"
When We Duende (All Night) EPx9 ☯ DUB + BURLESQUEsutra,https://soundcloud.com/bananasutra/sets/when-we-duende-all-night-epx9-dub-burlesquesutra,SHOWsutra,"BURLESQUE,DUB,JAZZ","BURLESQUE,DUB,JAZZ",9,2352,20,0:00:00,https://i1.sndcdn.com/artworks-9BOw1039glUsyHSi-RcOVWw-t500x500.png,L-285,,"BURLESQUEsutra, DUBsutra, FLOWsutra : WET (my friend), JAZZsutra","When We Duende 1 - FLOWsutra DUB, When We Duende 9 - SHOWsutra BURLESQUE, When We Duende 8 - SHOWsutra BURLESQUE, When We Duende 7 - SHOWsutra BURLESQUE, When We Duende 5 - SHOWsutra BURLESQUE, When We Duende 3 - FLOWsutra DUB, When We Duende 2 - FLOWsutra DUB, When We Duende 4 - SHOWsutra JAZZ DUB, When We Duende 6 - SHOWsutra BURLESQUE"
When We Duende · Encore ★ Arabesk Fado Soul EPx2 VOL.2,https://soundcloud.com/bananasutra/sets/when-we-duende-encore-arabesk-fado-soul-epx2-vol2,FLOWsutra,INDIE,"FADO,SOUL",2,446,4,0:00:00,https://i1.sndcdn.com/artworks-2HTk9xJWFp1O434r-CXIyuA-t500x500.png,L-295,2025-06-16 11:25,"FLOWsutra : WET (my friend), LOFIsutra","When We Duende, Encore 2 ★ Arabesk Fado Soul, When We Duende, Encore 1 ★ Arabesk Fado Soul"
Where Hope Expires ℧ EPx8 VOL.02,https://soundcloud.com/bananasutra/sets/where-hope-expires-epx8-vol02,BLOWsutra,"DUB,FOLK,INDIE,JAZZ","DUB,FOLK,INDIE,JAZZ",8,1752,21,0:00:00,https://i1.sndcdn.com/artworks-RDHQvbzOVwhs5g5O-y1W0yw-t500x500.png,L-287,,"BLOWsutra, BLOWsutra : EGO (gone loco), DUBsutra, FOLKsutra, INDIEsutra, JAZZsutra, MANTRAsutra","Where Hope Expires - dem sed Indie DUB, Where Hope Expires - Rebound Dub JAZZ, Where Hope Expires - Capela pbgal JAZZ, Where Hope Expires - Queen of Authentic FOLK, Where Hope Expires - She Wanna Know Capela JAZZ, Where Hope Expires - dem sed Dub INDIE FOLK, Where Hope Expires - String Me Jazzy INDIE, Where Hope Expires - Piano CAT JAZZ"
Where We Begin (Preakly Peaches) EPx4,https://soundcloud.com/bananasutra/sets/where-we-begin-preakly-peaches-epx4,FLOWsutra,"BURLESQUE,DUB","BURLESQUE,DUB",4,774,9,0:00:00,https://i1.sndcdn.com/artworks-jm4lztgC6B1n1CHp-ql6gNg-t500x500.jpg,L-288,2024-12-23 12:00,"BURLESQUEsutra, FLOWsutra : WET (my friend), FLOWsutra where time is space, INDIEsutra, ROCKsutra","Where We Begin (one) : BURLESQUEsutra, Where We Begin (two) : INDIEsutra, Where We Begin (three) : BURLESQUEsutra, Where We Begin (four) : ROCKsutra"
Who Knows Where How Happiness Truly Grows ☰ GROWsutra EPx29,https://soundcloud.com/bananasutra/sets/who-knows-where-how-happiness-truly-grows-growsutra-epx29,GROWsutra,"BURLESQUE,DUB,FOLK,INDIE,JAZZ,LOFI,MANTRA","BURLESQUE,DUB,FOLK,INDIE,JAZZ,LOFI,MANTRA",29,5449,45,0:00:00,https://i1.sndcdn.com/artworks-Ooj55UF0JzVS0KFh-9aN0SA-t500x500.png,L-291,,"BURLESQUEsutra, DUBsutra, FOLKsutra, INDIEsutra, JAZZsutra, KNOWsutra : but(t) WHY, LOFIsutra, MANTRAsutra","[05] Who Knows Where How Happiness Truly Grows • Accordion Cello DUENDE BURLESQUE, [09] Who Knows Where How Happiness Truly Grows • Burlesque DUENDE JAZZ, [16] Who Knows Where How Happiness Truly Grows • Indie DUENDE FOLK, [06] Who Knows Where How Happiness Truly Grows • Fanfare DUENDE BURLESQUE, [21] Who Knows Where How Happiness Truly Grows • Dubby DUENDE FOLK, [24] Who Knows Where How Happiness Truly Grows • DUENDE DUB, [20] Who Knows Where How Happiness Truly Grows • Jazzy DUENDE FOLK, [15] Who Knows Where How Happiness Truly Grows • DUENDE JAZZ, [10] Who Knows Where How Happiness Truly Grows • DUENDE JAZZ, [27] Who Knows Where How Happiness Truly Grows • DUENDE DUB, [28] Who Knows Where How Happiness Truly Grows • DUENDE LOFI DUB, [25] Who Knows Where How Happiness Truly Grows • DUENDE DUB, [03] Who Knows Where How Happiness Truly Grows • Cello DUENDE BURLESQUE, [14] Who Knows Where How Happiness Truly Grows • DUENDE JAZZ, [11] Who Knows Where How Happiness Truly Grows • DUENDE JAZZ, [17] Who Knows Where How Happiness Truly Grows • Indie DUENDE FOLK, [07] Who Knows Where How Happiness Truly Grows • DUENDE JAZZ, [23] Who Knows Where How Happiness Truly Grows • DUENDE DUB, [01] Who Knows Where How Happiness Truly Grows • Accordion Cello DUENDE BURLESQUE, [04] Who Knows Where How Happiness Truly Grows • Accordion Cello DUENDE BURLESQUE, [22] Who Knows Where How Happiness Truly Grows • DUENDE DUB, [18] Who Knows Where How Happiness Truly Grows • DUENDE FOLK, [02] Who Knows Where How Happiness Truly Grows • Cello DUENDE BURLESQUE, [08] Who Knows Where How Happiness Truly Grows • DUENDE JAZZ, [13] Who Knows Where How Happiness Truly Grows • Burlesque DUENDE JAZZ, [19] Who Knows Where How Happiness Truly Grows • DUENDE FOLK, [26] Who Knows Where How Happiness Truly Grows • DUENDE DUB, [12] Who Knows Where How Happiness Truly Grows • Burlesque DUENDE JAZZ, [29] Who Knows Where How Happiness Truly Grows • Drum DUENDE MANTRA"
Who Needs a Big D? EP x8 VOL. 1 - JAZZ 'n DUB,https://soundcloud.com/bananasutra/sets/who-needs-a-big-d-ep-x8-vol-1-jazz-n-dub,SHOWsutra,"BURLESQUE,DUB,FOLK,JAZZ,LOFI","BURLESQUE,DUB,FOLK,JAZZ,LOFI",8,1833,16,0:00:00,https://i1.sndcdn.com/artworks-jhyk7fARubhfUtQC-VqNUCQ-t500x500.png,L-292,,"BURLESQUEsutra, DUBsutra, JAZZsutra, SHOWsutra : B.J. (is for Banana Jesters), SHOWsutra where bananas play","[4] Who Needs a Big D - IBYN Piano JAZZ, [6] Who Needs a Big D - dubmuse Reggae DUB, [5] Who Needs a Big D? - oh boy Cello BURLESQUE, [2] Who Needs a Big D? - pbgal folk JAZZ, [8] Who Needs a Big D? - Anonymous DUB, [3] Who Needs a Big D? - pbgal Piano JAZZ, [7] Who Needs a Big D - bruh LOFI DUB, [1] Who Needs a Big D? OG BURLESQUE"
Who's Your Vladdy? EPx10 ☿ BLOWsutra World Peace Fusion Indie,https://soundcloud.com/bananasutra/sets/whos-your-vladdy-epx10-blowsutra-world-peace-fusion-indie,BLOWsutra,"BANJO,BLUES,BURLESQUE,DUB,FOLK,INDIE,LOFI,ROCK","BANJO,BLUES,BURLESQUE,DUB,FOLK,GIPSY,HIP HOP,INDIE,LOFI,PSYCHEDELIC,PUNK,ROCK,SOUL",10,2400,25,0:00:00,https://i1.sndcdn.com/artworks-HdcKeFj5zjo8xoo9-37TalQ-t500x500.png,L-293,,"BANJOsutra, BLOWsutra, DUBsutra, INDIEsutra, LOFIsutra, QUACKsutra : DUCK (shady), QUACKsutra where we sing FU, ROCKsutra, WORLDsutra : Russian(ish)","[08] Who's Your Vladdy • BLOWsutra Psychedelic Poetry Folk DUB, [06] Who's Your Vladdy • BLOWsutra (She Wanna Know) Psychedelic Hip Hop Fusion LOFI, [07] Who's Your Vladdy • BLOWsutra Psychedelic Poetry Folk DUB, [01] Who's Your Vladdy • BLOWsutra Psychedelic Gipsy Clarinet Dream INDIE, [02] Who's Your Vladdy • BLOWsutra Psychedelic Gipsy Clarinet Dream INDIE, [09] Who's Your Vladdy • BLOWsutra Psychedelic Queen of Authentic Banjo Folks BLUES, [04] Who's Your Vladdy • BLOWsutra Psychedelic World Soul FUSION, [05] Who's Your Vladdy • BLOWsutra (She Wanna Know) Psychedelic Hip Hop Fusion LOFI, [10] Who's Your Vladdy • BLOWsutra Psychedelic Burlesque Punk ROCK, [03] Who's Your Vladdy • BLOWsutra Psychedelic World Soul FUSION"
Who's Your Vladdy? EPx2 VOL.02 ☿ BLOWsutra World Peace LOFI + ROCK,https://soundcloud.com/bananasutra/sets/whos-your-vladdy-epx2-vol02-blowsutra-world-peace-lofi-rock,BLOWsutra,"BURLESQUE,LOFI,ROCK","BURLESQUE,GIPSY,LOFI,PSYCHEDELIC,PUNK,ROCK",2,672,9,0:00:00,https://i1.sndcdn.com/artworks-301rwrEjz0M0tuZV-1dVJMg-t500x500.png,L-293,2025-09-20 18:14,"BLOWsutra, KNOWsutra where questions matter, LOFIsutra, QUACKsutra : DUCK (shady), QUACKsutra where we sing FU, ROCKsutra, WORLDsutra : Russian(ish)","Who's Your Vladdy BLOWsutra Psychedelic Burlesque Punk ROCK, Who's Your Vladdy BLOWsutra Gipsy World Peace Fusion LOFI"
Why Trust an Old · Mean Religion? EPx9 VOL. 01,https://soundcloud.com/bananasutra/sets/why-trust-an-old-mean-religion-epx9-vol-01,GROWsutra,"BANJO,BLUES,DUB,FOLK,INDIE,LOFI","BANJO,BLUES,DUB,FOLK,INDIE,LOFI,SOUL",9,1764,13,0:00:00,https://i1.sndcdn.com/artworks-Z6c6IDbs2ejUVhp8-iueiCg-t500x500.png,L-294,,"BANJOsutra, BLUESsutra, DUBsutra, FOLKsutra, GROWsutra : GOD (etc), GROWsutra where we be brave, INDIEsutra, KNOWsutra : but(t) WHY, LOFIsutra, MANTRAsutra, Questions for the (kind) POPE in the Sky","[09] Why Trust an Old, Mean Religion AD1 Capela DUBstep LOFI, [01] Why Trust an Old, Mean Religion Kindness Understands FOLK, [02] Why Trust an Old, Mean Religion (Hide your pets) Soul Folk BANJO, [03] Why Trust an Old Mean Religion (Hide your pets) Folk BANJO, [05] Why Trust an Old Mean Religion - Muse DUB, [08] Why Trust an Old, Mean Religion AD2 Soul INDIE, [04] Why Trust an Old, Mean Religion Kindness Understands Banjo BLUES, [06] Why Trust an Old, Mean Religion Bruh DUB, [07] Why Trust an Old Mean Religion (Bruh) Dub LOFI"
Why We Can't Be Brave? ☷ GROWsutra (Censored) Cello EPx8,https://soundcloud.com/bananasutra/sets/why-we-cant-be-brave-growsutra-censored-cello-epx8,GROWsutra,"BURLESQUE,DUB,INDIE,LOFI","BURLESQUE,DUB,FLAMENCO,HIP HOP,INDIE,LOFI,PSYCHEDELIC",8,6031,58,0:00:00,https://i1.sndcdn.com/artworks-rB89JSlaccuJ12aJ-01Yopg-t500x500.png,L-295,2025-12-02 22:33,"BLOWsutra : CENSOR(ed), BURLESQUEsutra, GROWsutra where we be brave, INDIEsutra, LOFIsutra","[04] Why We Can't Be Brave - GROWsutra (Censored) Psychedelic Flamenco Dub Cello Fusion INDIE, [07] Why We Can't Be Brave - GROWsutra (Censored) Psychedelic Hip Hop Cello Indie Dub Fusion LOFI, [06] Why We Can't Be Brave - GROWsutra (Censored) Psychedelic Flamenco Dub Cello Fusion INDIE, [03] Why We Can't Be Brave - GROWsutra (Censored) Psychedelic Flamenco Dub Cello Fusion INDIE, [08] Why We Can't Be Brave - GROWsutra (Censored) Psychedelic Hip Hop Cello Indie Dub Fusion LOFI, [01] Why We Can't Be Brave - GROWsutra (Censored) Psychedelic Accordion Cello Waltz BURLESQUE, [05] Why We Can't Be Brave - GROWsutra (Censored) Psychedelic Flamenco Dub Cello Fusion INDIE, [02] Why We Can't Be Brave - GROWsutra (Censored) Psychedelic Cello Drama Duende Dream INDIE"
Why You Lie (to the People's Face) EP x7 ☠ QUACKsutra,https://soundcloud.com/bananasutra/sets/why-you-lie-to-the-peoples-face-quacksutra,BLOWsutra,"BURLESQUE,FOLK,INDIE","BURLESQUE,FOLK,HIP HOP,INDIE,RAGGA",7,1472,15,0:00:00,https://i1.sndcdn.com/artworks-OY8Egh3zRPXQxH74-PbCZmw-t500x500.png,L-296,,"BLUESsutra, BURLESQUEsutra, DUBsutra, FOTUS CIRCUS Playlist An American Freaks Show, LOFIsutra, QUACKsutra : DUCK (shady), QUACKsutra where we sing FU","[3] Project 2025 Vol. 2  ☠ Why You Lie (to the People's face) ☠ FOLKsutra, [7] Project 2025 Vol. 2  ☠ Why You Lie (to the People's face) ☠ Drum LOFIsutra, [4] Project 2025 Vol. 2  ☠ Why You Lie (to the People's face) ☠ Folk BLUESsutra, [6] Project 2025 Vol. 2  ☠ Why You Lie (to the People's face) ☠ Hip Hop LOFIsutra, [5] Project 2025 Vol. 2  ☠ Why You Lie (to the People's face) ☠ Ragga DUBsutra, [2] Project 2025 Vol. 2  ☠ Why You Lie (to the People's face) ☠ Indie BURLESQUEsutra, [1] Project 2025 Vol. 2  ☠ Why You Lie (to the People's face) ☠ Accordion BURLESQUE"
WIN-WIN DUB EPx3 ⚭ French-English GROWsutra Fusion Soul,https://soundcloud.com/bananasutra/sets/win-win-dub-epx3-french-english-growsutra-fusion-soul,GROWsutra,DUB,"DUB,HIP HOP,RAGGA,SOUL",3,769,9,0:00:00,https://i1.sndcdn.com/artworks-oBETDaFyMMJRa4Qg-sDo0ng-t500x500.png,L-298,,"DUBsutra, FRENCHsutra oui oui · sacrebleu, GROWsutra where we be brave, OUI OUI : Pardon (my French), SHOWsutra: (shades of) FOOLS","[03] Win Win Dub ⚭ French GROWsutra Soulful Hip Hop Ragga DUB, [02] Win Win Dub ⚭ French GROWsutra Soulful Hip Hop Ragga DUB, [01] Win Win Dub ⚭ French GROWsutra Soulful Hip Hop Ragga DUB"
Woke 'em Whacks EPx4 : BLUES & DUBsutra (Music Therapy),https://soundcloud.com/bananasutra/sets/woke-em-whacks-epx4-blues-dubsutra-music-therapy,BLOWsutra,BLUES,BLUES,4,1096,19,0:00:00,https://i1.sndcdn.com/artworks-w61imgKjvg3ASHMz-HXgbbA-t500x500.jpg,L-300,,"BLOWsutra, BLUESsutra, DUBsutra, FOLKsutra, INDIEsutra, JAZZsutra, LOFIsutra, QUACKsutra : DUCK (shady), QUACKsutra where we sing FU","Woke-N-Whack-A-Musk ☆ BLUESsutra (1), Woke-N-Whack-A-Musk ☆ BLUESsutra (2), Woke-N-Whack-A-Musk ☆ DUBsutra (1), Woke-N-Whack-A-Musk ☆ DUBsutra (2)"
Zero Sum (Zero Sean) • GROWsutra (Dare to Care) EPx22,https://soundcloud.com/bananasutra/sets/zero-sum-growsutra-epx22,GROWsutra,"BURLESQUE,DUB,FOLK,INDIE,JAZZ,LOFI","BURLESQUE,CABARET,DUB,FADO,FLAMENCO,FOLK,GIPSY,INDIE,JAZZ,LOFI,PSYCHEDELIC,PUNK,RAGGA",23,21845,231,0:00:00,https://i1.sndcdn.com/artworks-EIMomqQ3VHc9dl93-DvcAsA-t500x500.png,L-303,2026-02-26 22:16,"BURLESQUEsutra, DUBsutra, GROWsutra where we be brave, INDIEsutra, LOFIsutra","[08] Zero Sum • GROWsutra Psychedelick Folk Poetry Bridges The DUB, [13] Zero Sum • GROWsutra Psychedelick Gipsy Flamenco Techno Fusion INDIE, [10] Zero Sum • GROWsutra Psychedelick Gipsy Flamenco  Ragga Circus DUB, [14] Zero Sum • GROWsutra Psychedelick Gipsy Flamenco Techno Fusion INDIE, [12] Zero Sum • GROWsutra Psychedelick Gipsy Indie Ragga Flamenco DUB, [05] Zero Sum • GROWsutra Psychedelick Gipsy Hop Fusion LOFI, [17] Zero Sum • GROWsutra Psychedelick Gipsy Fado Punk Cabaret BURLESQUE, [09] Zero Sum • GROWsutra She Wanna Know Psychedelick Jazz Fusion LoFi DUB, [21] Zero Sum • GROWsutra PB Gal Psychedelick Post-Punk Cabaret BURLESQUE, [18] Zero Sum • GROWsutra Psychedelick Gipsy Fado Punk Cabaret BURLESQUE, [04] Zero Sum • GROWsutra Psychedelick Gipsy Hop Fusion LOFI, [07] Zero Sum • GROWsutra Psychedelick Folk Poetry Bridges The DUB, [22] Zero Sum • GROWsutra PB Gal Psychedelick Post-Punk Cabaret BURLESQUE, [15] Zero Sum • GROWsutra Psychedelick Gipsy Flamenco Techno Fusion INDIE, [11] Zero Sum • GROWsutra Psychedelick Gipsy Indie Ragga Flamenco DUB, [19] Zero Sum • GROWsutra Psychedelick Post-Punk Accordion Dub Cabaret BURLESQUE, [16] Zero Sum • GROWsutra Psychedelick Gipsy Fado Punk Cabaret BURLESQUE, [03] Zero Sum • GROWsutra Hypnotic Post-Punk Motorik Fusion LOFI, [06] Zero Sum • GROWsutra Psychedelick Gipsy Hop Fusion LOFI, [01] Zero Sum • GROWsutra Hypnotic Post-Punk Motorik Fusion LOFI, [02] Zero Sum • GROWsutra Hypnotic Post-Punk Motorik Fusion LOFI, [20] Zero Sum • GROWsutra Psychedelick Post-Punk Cello Dub Cabaret BURLESQUE, [07] Hello, Oh No • GROWsutra Psychedelic Gipsy Fusion LOFI"
