playlist_name,playlist_type,ytplaylist_in_app,sutra,video_count,description,playlist_id,playlist_url,thumbnail_url,ytplaylist_featured,ytplaylist_featured_description,ytvideos
GROWsutra,sutra (all),,GROWsutra,50,"Songs about becoming: transformation, healing, the long work of growing into who you actually are.",PLmBA9ODM1xHPjY05WfDqG2KI4hcqThFph,https://www.youtube.com/playlist?list=PLmBA9ODM1xHPjY05WfDqG2KI4hcqThFph,https://i.ytimg.com/vi/wUgEGd2SQ84/maxresdefault.jpg,,,"Zero Sum (Zero Sean) EPx3 ♾️ GROWsutra Psychedelic Burlesque Cabaret Gone Absurd Bananas 🍌,“But(t) How Can You?” is a quirky lill’ #scoobydoo detective story chasing ghostly good consciences…,""“1% Rising” is a Gipsy GROWsutra sort of #hope song for the Curious, the Honest, and the Unseen 🌝✨"",""Invisible Man in The Sky • EPx2 • GROWsutra (God, Etc.) Holy Indie Folk, inspired by George Carlin"",""The Atheist Tango 📺💡GROWsutra (God, Etc.) Burlesque Jazz • Lyrics inspired by Ralph Waldo Emerson"",""Sing Your Own Gospel • GROWsutra (God, Etc.) Gipsy Piano Burlesque JAZZ Edition 🎼🎧"",""Sing Your Own Gospel • GROWsutra (God, Etc.) Magic Wand Gospel BLUES 🙌🎵"",""Seminal Bollocks 🪗✨ Holy Merry GROWsutra (God, etcetera) Psychedelic Accordion Chanson Daze Dream"",The Courage to Care 🎭📺 GROWsutra Conscious Compassion Indie Trip Hope Fusion LOFI 🎶,""Queer Almighty (Tell Me Why) • GROWsutra (God, Etc) Conscious Banjo Prayer Dream 🪕🐸"",Why We Can't Be Brave? 🎻🥊 GROWsutra (Censored) Indie Cello Dream (Don’t Always Come True),What’s Behind Every Door • GROWsutra Core EPx2 • Vintage Psychedelic Indie Folk BANJO Poetry 🍌🚪,Can You Play Win-Win Games? (Or No?) • EPx2 • GROWsutra Dare to Care Psychedelic Wisdom Banjo 🪕,“Love from the Future (Hesse Song)” 💌 GROW+ GLOWsutra PsyGipsy Indie Dream DUB music 🎤,La Force Douce (matters) 🍟🍌 Surreal French Freedom Fries GROWsutra World Peace Fusion Banana Dream,La Force Douce (c’est tellement mieux que la force brutale) 🌊🎵 French GROWsutra Gipsy Indie Dream,""“La Force Douce” EPx3 ~ GROWsutra World Peace LoFi French Fusion Musique, de la rivière de mon cœur"",“La Force Douce” Flamenco #duendereal—a French protest peace song against moronic #bruteforce 🇺🇸🎼,“La Force Douce” 💃🏻 EPx3 Flamenco Coquelicots Duende River Dream Edition 🎵,L'Embobinage (d'après Carl Sagan) • French GROWsutra Peace Fusion Indie LoFi Music,L’embobinage 🥸 Carl Sagan inspired GROWsutra World Peace Fusion Music 🎶,When Did Seduction Become So Untrue⁉️ GROWsutra Peace Flamenco House Techno Fusion Music,""Hereby, I Cry 🖤 GROWsutra Mantra Prayer Dream (from the so-called Land of the Free)"",Cassandra’s Lullaby 🕊️ GROWsutra Peace Folk Music 🎶,Who Knows Where How Happiness Truly Grows? GROWsutra FOLK Yum Music,""Worthless—but(t) who knows where, how happiness truly grows? GROWsutra 🍯🍑"",""“Tune in the Tender”, a song howling from my heart—inspired by “Steppenwolf”, a tale by Herman Hesse"",""If you or your teen haven’t read “Steppenwolf”, by Herman Hesse, I’d like to recommend you do ❤️‍🔥"",""Kindness is rooted in compassion, it is clear, brave, wise, it is mighty—the very opposite of weak 💕"",""“Oh My, Oh Why”, asked Socrates, and then, they silenced him… Men learned nothing in 2000 years!"",""“Blessed Are the Cracked” (another bananasutra song inspired by Bertrand Russel, and Leonard Cohen)"",""Why Trust an Old, Mean Felon, or Religion? Brave and Constructive Debate Welcome 🙏#criticalthinking"",""“Make your Own Bible” : a bananasutra Gospel song for State Employees, inspired by Ralph W. Emerson"",""""""Can you play win-win games, or no?"""" - BANJOsutra bluesy FOLK song"",""Please pardon my bananas—just indulging in satirical #blessedbe (the fruit) jokes, while I can  🦅🎶"",PS: All “Shades of Fools” matter—because it’s the only #truecolors 🍏📺😶‍🌫️🧠,“The Invisible Man in the Sky” is inspired by and dedicated to George Carlin’s brave twinkles 🏴‍☠️,Praying for ducks—an innocent species defamed as the symbolic mascot of humpty dumpty ego-fascism 😳🚨,""Hello, Oh No (please beware of fake Prometheus) • DIY music • DUBsutra 👽🍌"",""Serial Blowers Matter, a prayer in a song that goes beyond the twilight twats zone • DUBsutra music"",Step Right Up To The Show Tonight ❤️‍🔥🏴‍☠️ (Allen Grinsberg Poetry + #aimusicrevolution = yum),""Can you play win-win games, or no? (The most important question, in a world gone bananas 🍌)"",""This is Planet Earth to Higher Grounds, What have we done now? Oh no…"",How to help Bible sheeples #GROWup … my prayer for dogma bananas to rest in peace 🕊️  #secularnews,""PSA: happiness is kind… Kindness lyrics ©️ BananaSutra, a song inspired by Naomi Shihab Nye’s poem."",""Please be kind, like Apple customer service phone line said… #duhok #aimusic #blues #kindness"",""Real gods are humble, curious, and kind—not pompous, envious, or righteous… all agnostics know THAT!"",""Tell your Truth, Kids, before you can’t—and please be kind, for peace sake ☮️ #bananasutra #blues"",Kindness Matters (more than ever...),""Blessed Be Your Voice ☆ ROCKsutra (Let's Make America Blessed Again, please! Like ASAP, ok?;)"",Do you ever wonder? • Jazzy BananaBible Story • SutraKNOW Cabaret"
FLOWsutra,sutra (all),,FLOWsutra,32,"Songs about water, movement, letting go, and the grace of trusting the current.",PLmBA9ODM1xHMi0IpYoOhKJTGKwy0R6psf,https://www.youtube.com/playlist?list=PLmBA9ODM1xHMi0IpYoOhKJTGKwy0R6psf,https://i.ytimg.com/vi/Mz4wS5lEAO8/maxresdefault.jpg,,,"""A lill' late night jazz dream song, because #winwin is the only game worth playing ✨ #flowsutra"",""Oxytocin (Dopamine, Serotonin)• EPx2 FLOWsutra Psychedelic Neurotransmitters Mnemonics LOFI 🎼🎧"",""Self-Remembering… because now and then, everyone needs a loving lullaby, to flow kinder deeper ✨"",Ain’t Doing Bad Doing Nothing • FLOWsutra WET (Public Domain Lyrics) Psychedelic Vocal JAZZ 🎤🌈,“The Ummm” song 🌈💨 FLOWsutra Indie Music,""“Hi, Amigo Mio” is a #dub song about how to make love last 🎤😇💦  #truthmatters #trustiseverything"",""“Lightly, my darling” ~ @bananasutra lyrics inspired by #aldoushuxley ‘s wisdom #psychedelicjourney"",Making Songs (Like Others Flex or Pray) • FLOWsutra DUB Yum 🍿🎶,""“Making songs like others meditate, flex, or pray…” 🍐 #pear dreams #lyrics matter #lostmusic #suno"",“Too hard” is a song inspired by a #darling quote from #aldoushuxley  #sunomusic #aivoice #authentic,“Peace Unseen”—authentic ideals served with a jazzy FLOWsutra Banjo #Blues #Revolution song 🕊️💨,""Oh cha cha cha, cette musique, c’est magnifique 🌙🎻 #unbranded #poetrylover #blessedbe dreamers"",“Ain’t doing bad doing nothing” is one of the wonders found in the holy realm of #publicdomainmusic,""Making songs like others meditate, flex, or pray • DUBsutra Music"",Peace Unseen • Banjo Blues FLOWsutra,Ain't Doing Bad Doing Nothing ... Find the differences  🪕🤖 BLUESsutra,Dream a Dog : FOLKsutra,I did the math and everything is stupid spirit 💫,Do I need to talk to the Suno Public Domain manager for ‘em to stop incorrect copyright claims ⁉️🙄,""Okey Ducky, No It’s Not—in Felon Nation, Fascism ain’t fake news Sir 🐇 it is #truecrime #BLOWsutra"",""Hush dreams or shush nightmares, the choice depends on our ability to respect each others…"",""Nothing like a cool crisp day, here in the dear SF Bay 🍏🐇🍌👀"",""Too hard, darling, too hard—said #aldoushuxley 😘"",“We Are The World” ☆ Remember that song? This is an existential French trip hop LO-FI version of it.,#QOTD: why did someone (lame) at #youtube decide NOT to allow users to preview videos upon upload?,Make songs not bongs 🪕📺🐸💡,Self-remembering • Meditation inspired by Dr. Charles Tart • DRUMsutra,You name it…,Self-Remembering • A True Meditation Story  inspired by Dr Charles Tart • JAZZsutra,""Do you make songs your head too?… I’ll share one, you share one :)"",""I like this song, too… you?"",📺 🕊️❤️ #madewithlove,Flow like water • sutraFLOW reggae • inspired by and dedicated to Bruce Lee (my friend:)"
“UNAVAILABLE” Content said YouTube Music… Who knew? Not me!,collection,,,32,Videos flagged or restricted by YouTube Music aka the shadow archive... Content that exists but that the algorithm would rather you not find.,PLmBA9ODM1xHPMp_krO2dQHNV8fA6_b1ki,https://www.youtube.com/playlist?list=PLmBA9ODM1xHPMp_krO2dQHNV8fA6_b1ki,https://i.ytimg.com/vi/ZWMGC4_ujGo/maxresdefault.jpg,,,"I guess “Tyranny of Ignorance” sounds more appropriate than Duck shoves Bananas in your A$$  (sic) 🍌,Ped0 Nation : Never mind me documenting underrated American #historyfacts over here  🤢,""Once upon a time, in the lost souls galaxy 💔🇺🇸🦆💨"",“Men accountable to no one are not to be trusted.”—Thomas Paine,Oh MAMA… Make America Mine Achtung—said the new white king of jingoistic greed 🦆💔🇺🇸,Why do the grown-ups fight so loud? And where do kites fly now? #🕊️ #ceasefire #aivoice  #sunomusic,""#yoda said Murica is so #insane, there’s no word—only the (French) word “sidération” comes close🩸"",Kafka’s Ghost QOTD: When does dumb become dangerous? 🦆💨,“Rainbows in my Cloud” 🌈 is a @bananasutra #gratitude #folk song inspired by #mayaangelouquotes,""“Can you play win-win or no?” she asked to the pesky orange pest, aka FOTUS… answer is no, fosho 💔"",""I gotta confess, it’s true a duck can make life feel #hopelessly #notgreat 🦆🇺🇸💔📺🌫️ #bekind"",""God almighty, (please) tell me #why #queer is so wrong, scary, or dangerous? 🪕👼 #banjomusic"",U didn’t read #project2025 yet bc u 1) don’t like #spoilers or are 2) an ostrich 3) dodo inside 🦤⁉️,""Please, God, Make America #kind Alright? Knowledgeable helps too—oops, too late #educationmatters"",""Make America #kind Alright⁉️ And #smart #safe and humane too, aka #woke already, oui oui #MAKA  🔫💦"",""I’m biased, bc I was raised under the French #constitution … but(t) #fraternity does matter ✌️🥸🏳️"",""Bye #education 😭🌈 Hi, increased #poverty & #crimerate 🇺🇸🍏 SAD #surrealism #makeamericasafeagain"",PSA: GROCK AI is a tool of Narcissistic Authoritarian Zealotry Indoctrination 🚨,GROCK ALERT 🚨 Pls beware (IMHO) Musk’s AI Bot is an Unethical Weapon of Rethorical Mind Manipulation,Social media corporations forcing FelonDon & ElonTwat down my feed throat must STOP #metoomovement,""That #duck wobbled in like a con meme… Oh Murica, can pride feel shame❓Or y’all just sheeple twats⁉️"",(Very) UN-ethical AI BOT ALERT • GROCK DGAF • BURLESQUEsutra 🍏🍌📺🚨👽💨,""PSA🤥 #grockai is not objective, not scientific, and not critical at all of its daddy’s ties to EFD!"",FOTUS CIRCUS ™ Laughing Louder than the Laws • BURLESQUEsutra,I did the math and everything is stupid spirit 💫,""ENSHIT-TIFI-CATION (just so we’re all clear on the official #wordoftheyear 2024, you know?) 🍌"",Gratefool this (pre-election) Disney Jungle  Book Don-Be-Gone prayer song still cracks me up 🍌🦧,GROCK AI (Bleak Biased BS) Awareness Initiative: Accountable Innovation requires Authentic Integrity,… #allIwish ain’t cocksure fairy Valentine fantasy but(t) remember the glory of #peaceful humility?,How to help a righteous god-fearing so-called pro-life bro hear how women feel about Bible bullies 🔥,""FOTUS Circus 🎪 aka the Tyranny of Ignorance that unalived me, and so many… #asseenontv"",""Hi, my name is (not Céline Dion) • BananasutraSHOW Name Tag Jazz (true funny story:)"""
KNOWsutra,sutra (all),,KNOWsutra,61,"Songs that ask the inconvenient questions. Wisdom, inquiry, and the uncomfortable clarity of seeing things as they are.",PLmBA9ODM1xHOC1OLVy634_rUGMCcm8a7T,https://www.youtube.com/playlist?list=PLmBA9ODM1xHOC1OLVy634_rUGMCcm8a7T,https://i.ytimg.com/vi/t1oDsBWYlAU/maxresdefault.jpg,,,"Tell The Truth 🍄 KNOWsutra Psychedelic Blues,""“Two Things, Darling“ 🎻 KNOWsutra Conscious Gipsy Cello LoFi Indie song inspired by Bertrand Russell"",""So, What is Racism? KNOWsutra Dub Fusion Nerdy Monkeys Matter 🤓📖"",""So, What Is Racism? 📺🔥 KNOWsutra (Naked Truth) Psychedelic Gipsy Burlesque Jazz"",""So, What Is Racism? 🍌🐒 KNOWsutra Banjo Booya Folk Harmonica Blues"",""It’s an Ethical Paradox, an Oxymoron Maze •  EPx2 • KNOWsutra (Bertrand Knows) Burlesque Gipsy Jazz"",Everybody Knows 🐈‍⬛ 🎹 KNOWsutra (Peace Not War) Indie World Fusion Piano Chanson JAZZ 🎵,Foolish Goldfish (Forever) • KNOWsutra Peace (Not War) Psychedelic Tzigane Soul Fusion LOFI Music 🏳️,""“The Conquest of Happiness”, EPx2 inspired by Bertrand Russel’s Book • KNOWsutra Indie Burlesque 📖❣️"",“Tell The Truth (It’s Destiny)” • KNOWsutra Psychedelic Burlesque Indie Rock 🤘😶‍🌫️🎶,(We Know) Trauma Begets Trauma 🕊️🎹✨ KNOWsutra Gipsy History Kitten Peace Piano Dream,“Tell the Truth (It’s Destiny)” • KNOWsutra Psychedelic Cello LoFi Indie Dream 🎼,What Justifies the Pain? KNOWsutra Peace FOLK 🕊️🎶,Who’s Your Vladdy ⁉️ World Gone Bananas Meme Supreme • KNOWsutra World Peace Fusion LoFi 🎶,Who’s Your Vladdy❔EPx5 BLOWsutra World Peace Fusion Indie Music 🕊️🎶,""(If you can, now) RUN 🇺🇸 KNOWsutra Psychedelic Folk INDIE 📺 🎶"",“HARDCORE” 🎻 KNOWsutra Cello Indie Music,Seminal Boll👀cks • EPx2 • KNOWsutra Psychedelic Punk Rock Burlesque Cabaret Music,How Do Kids Learn Now? 📺 When Did Seduction Become So Untrue? KNOWsutra Flamenco Techno Fusion Music,Some Truths Are Harder to Swallow 📺🐙 A Jazz-Laced GROWsutra Song Shared With Love,""“Shades of Fools” (It’s The Why…) • KNOWsutra INDIE Music (inspired by one of my fav man, Socrates)"",""""""A la Guerre Comme A la Guerre"""" ⚒ Goold Old BLOWsutra Music"",""New UH-OH moment, new bananasutra song... Turns out, M@G@ stands for """"Make Amurica GULAG Again"""" 🇺🇸🪆"",""The only logical reason that could explain Murica's current ab0rtion laws:  """"SS means Sacred Sperm"""""",I guess “Tyranny of Ignorance” sounds more appropriate than Duck shoves Bananas in your A$$  (sic) 🍌,“Sidération” Is The Word You Need 🤯🇺🇸 When A Rap!st King Legislates “Freedom to Lie” As #humanrights,“RUN now (if you can)” #notadrill 🇺🇸 unless the American GULAG era is your cup of diet coke⁉️,""I was so relieved to confirm the new American pope Leo is so not a m@g@ show, I cried 😇🤌 #bewoke"",“What It’s About” Murica 🇺🇸 • A Blues song from the bottom of my heart (escaping the Brandolini law),“Men accountable to no one are not to be trusted.”—Thomas Paine,""“A stroll down history lane”—#jingoism ain’t new, just getting worse by the hour (deep breath…)"",""“On Est Tous Frères” & la Terre, c’est notre Mère—a #jazz #peace song inspired by “We Are the World”"",Kafka’s Ghost QOTD: When does dumb become dangerous? 🦆💨,""Consensus on the meaning of words matter, kids… and today, we’re asking “what’s fascist?”"",""Why Trust an Old, Mean Felon, or Religion? Brave and Constructive Debate Welcome 🙏#criticalthinking"",""“Mass Media Freakshow”, a bananasutra song inspired by Terrence McKenna & weird corporate pretenses"",""In France, “Le Système” is also all about lying to #thepeople … why is that not a crime? 😈 #macron"",“Mass Media Freakshow” • Burlesque song lyrics inspired by a quote from Terrence #mckenna,""""""Can you play win-win games, or no?"""" - BANJOsutra bluesy FOLK song"",""God almighty, (please) tell me #why #queer is so wrong, scary, or dangerous? 🪕👼 #banjomusic"",“Where Wonder Lies” • Philosophical Meditation on God • Bass Lullabies JAZZsutra,“Where Wonder Lies” • Folk Song inspired by Bertrand Russel on #religion • KNOWsutra Music Lounge 🤓,“Shades of Fools” (encore) 🌼🪗 BURLESQUEsutra Peace Circus #unbranded #fool,""I’m biased, bc I was raised under the French #constitution … but(t) #fraternity does matter ✌️🥸🏳️"",""“Queer Almighty” is one of the first songs I ever wrote, and so very dear to my heart… pls #bekind"",Invisible Man in the Sky ⭐︎ George Carlin's Blessing ⭐︎ Holy Gospel BLUESutra,WHACK-A-DUCK • FOTUS CIRCUS • QUACKsutra,(Very) UN-ethical AI BOT ALERT • GROCK DGAF • BURLESQUEsutra 🍏🍌📺🚨👽💨,Feel di Riddim • Lyrics inspired by #bertrandrussell 1929 essay on religion (amen),PSA: False Positive Music Copyright Claims are Trending and the burden to prove ‘em wrong is on us!,Linguistic Weaponry à la Romani • Yeah Dropping 💣 lyrics inspired by George Carlin’s 7 Dirty Words,Sundays are for musette reflection 🐦‍⬛📺🍂,""ENSHIT-TIFI-CATION (just so we’re all clear on the official #wordoftheyear 2024, you know?) 🍌"",QOTD: How do kids learn about respect and fraternity now? 🤠🪗💨  #felonnation,Sometimes it feels like no one dares to care for what’s unknown (the best part obviously:),Why we (all) be #fools • FOLKsutra,Bertrand Russel asked “Has Religion Contributed Anything Useful to Civilization?” 💌 🎧 🕊️,“Strolling Down History Lane” • Piano INDIEsutra,Serial Blowers is a #song about killers of dreams glorified as the winners of a new mad world order,📺🚩 V is for vérité—which #malefantasy is your commercial aka social feed selling you today? 🛁🫧,Okie Dokie 🎈👀🏴‍☠️ #aimusicrevolution,""Why does history repeat? Are we dumb, or numb, or like goldfish in a bowl?… #knowsutra #gonebanana"",""Male Fantasies ☆ LOFIsutra trip hop song inspired by Margaret Atwood, with love from San Francisco 🌁"",Male Fantasies DUB • Lyrics inspired by a Margaret Atwood quote • bananasutra production,Queer Almighty • DUB prayer • KNOWsutra (questions matter),Kindness ABC (winners are kind) • KIDsutra,The world we knew • Sinatra Public Domain Lyrics • bananasutra production (heaven),Hard Core 🦆💨,Queer Almighty • Sunday World Prayers Matter • Bananasutra(KNOW) A Capella,""Dear God people, please stop judging other humans truth based on your fears—it’s cowardly & unfair."""
FRENCHsutra,collection,,,20,"Songs in French: a different tongue, a different register. The chanson tradition filtered through a bananasutra lens. Voulez-vous chanter avec moi?",PLmBA9ODM1xHNG3XU2-3MHj2_-bCisw-Ec,https://www.youtube.com/playlist?list=PLmBA9ODM1xHNG3XU2-3MHj2_-bCisw-Ec,https://i.ytimg.com/vi/jMp1OAy8drM/maxresdefault.jpg,,,"Camus Dit Oui • GROWsutra French Frog Accordion Dream Show Gone Bananas,Un Secret de Polichinelle 🎭🍟 French BLOWsutra Burlesque Musette Chanson,""“Le Système”, ça veut dire on est foutu 🎹 Pardon my French #existentialism … c’est la vérité 🇫🇷"",“Le Bal des Salauds” 🎡 French BLOWsutra Burlesque Surrealism Singing Show 🎼🍟,La Force Douce (matters) 🍟🍌 Surreal French Freedom Fries GROWsutra World Peace Fusion Banana Dream,La Force Douce (c’est tellement mieux que la force brutale) 🌊🎵 French GROWsutra Gipsy Indie Dream,""“La Force Douce” EPx3 ~ GROWsutra World Peace LoFi French Fusion Musique, de la rivière de mon cœur"",“La Force Douce” Flamenco #duendereal—a French protest peace song against moronic #bruteforce 🇺🇸🎼,""Bananasutra, c’est “La Force Douce” 🎤🥰 #worldpeace French Gipsy LoFi Fusion #prayerwarrior #music"",“La Force Douce” 💃🏻 EPx3 Flamenco Coquelicots Duende River Dream Edition 🎵,L'Embobinage (d'après Carl Sagan) • French GROWsutra Peace Fusion Indie LoFi Music,""“On Est Tous Frères” & la Terre, c’est notre Mère—a #jazz #peace song inspired by “We Are the World”"",""In France, “Le Système” is also all about lying to #thepeople … why is that not a crime? 😈 #macron"",""“For Freee”, a Fabulous French Fable • Accordion 🪗 BURLESQUEsutra Tune"",Sunday Seggsting Tango Dream (en Français),""Alors, comment on dit “seggsting” en Français? Anonymous DUBstep LO-Fi 😽🤳"",“For Freee” 🔞🍟 une vieille histoire universelle de sale Oh part qui se repète partout dans le monde,“We Are The World” ☆ Remember that song? This is an existential French trip hop LO-FI version of it.,Criminels • A Universal sutraFRENCH (his)Story Original Song,La lutte des ombres 🎙️🦹‍♀️🪗🇫🇷 Criminels in French • UDIO delight,""L’ombre des criminels • Jazzy Piano Meow Duo sings Criminals, Yesterday Beatles • UDIO delight"""
🎬🍌 Bananasutra Clips,collection,,,1,Short clips and excerpts from across the bananasutra catalog: a preview window into the full archive.,PLmBA9ODM1xHPzAZmZjy5kSC-UFxqvPoEq,https://www.youtube.com/playlist?list=PLmBA9ODM1xHPzAZmZjy5kSC-UFxqvPoEq,https://i.ytimg.com/vi/uCoEDlpri0Q/maxresdefault.jpg,,,CLIP 🍒 The 7-Course M@G@ Feast of the Week | Satirical Spoken Word + Song
SHOWsutra,sutra (all),,SHOWsutra,39,"Performance, spectacle, and the art of showing up. Songs about the stage we all perform on.",PLmBA9ODM1xHNzdafcuzT2zULRtVss9O0O,https://www.youtube.com/playlist?list=PLmBA9ODM1xHNzdafcuzT2zULRtVss9O0O,https://i.ytimg.com/vi/fxVNlV2gkVk/maxresdefault.jpg,,,"Gladys in Sonderland 🍄🐇 SHOWsutra Vaudeville Wonder Waltz True Surreality Story,""Different day, same joke 🗽🍔 #happyfoolsday #thegreatdicktator #ifonlyiwasjoking"",Donkeys Years (2/3) • SHOW+GLOWsutra Fanana Club Gipsy Cabaret Indie LOFI (thank you song),Donkeys Years (3/3) • SHOW+GLOWsutra Fanana Club Gipsy Cabaret Indie Cello LOFI 🎻🪩✨,Donkeys Years (1/3) • SHOW+GLOWsutra Fanana Club Gipsy Flamenco Cabaret Dub INDIE 📺👯‍♀️,""I Did the Math, and Everything is Stupid 🤗🍌 SHOWsutra Post-Psy-Punk Absurd Burlesque ROCK"",""I Did the Math, and Everything is Stupid 🍌🎸 SHOWsutra Peanut’s Fanana Club, psySnoopy JAZZ Edition"",""Not Bad, Friendo 🪐 SHOWsutra Infinite Psychedelic Galaxy Wink to the Burlesque Post-Punk Universe ✨"",Come Waddle with Me (Penguins in Shoes) • SHOWsutra Cheeky Absurd Chanson inspired by Anatole France,Gladys in Sonderland 🍄🐇 SHOWsutra Psychedelic Wonder Chanson Cabaret,Peel Me Kindly 🍌💦 A SHOWsutra (True) Gipsy Jazz Love Story Gone Silly ‘n Sweet Bananas 🎶,Synthema Sutra ♆ SHOWsutra Psychedelic Banana Gipsy LoFi (Goddess Goes to Switzerland :) 🎧❄️,Welcome to the Internet • A Jazzy #boburnham  SHOWsutra Burlesque Kitten Cover Song,F*CK • A Bo Burnham’s Gratitude Cover Song 🎹SHOWsutra love story à la Burlesque Piano Jazz Sauce;),“Gladys in Sonderland” 🍷🐇💨 Blessed Be Wonder Holes Ho Ho • SHOWsutra Fantasy Fanclub Edition,""Hi, My Name is… Not Céline Dion 📺🌙🎵 SHOWsutra Indie Gipsy Dub LoFi Music"",“Read Me Harder (B.B. is for Banned Books)” 🚫📚🎶 KNOWsutra Dub Gone Burlesque EPx2,""Hi, My Name Is… Not #célinedion—and that my friend is a true name tag story 🎙️🍌 What’s your name?!"",""“Read Me Harder” (B.B. is for Banned Books)—a song that honors Atwood, Bradbury, Huxley, & Orwell 📚"",Hope is Do-Do-Dope Encore 🎻😽 SHOWsutra Gipsy World Peace Indie Fusion Dream 🎼,Hope is Do-Do-Dope 🪗🦤 SHOWsutra Psychedelic Accordion Duende Waltz Circus Burlesque 🎶,Blessed Be The Dogs 📢🤘🐶🎶 SHOWsutra Psychedelic Post-Punk Rock Banana Cabaret Delight,“Lyrics Matter” aka the SutraFOO song • SHOWsutra Burlesque Banana Banger Babe 🥊,""Etymologically conscious song, inspired by #georgecarlin “7 Dirty Words” comedy bit, circa 1972 📺🤓"",A cheeky humble French frog question in a song: “Who needs a big D?” 🐸 or “botched coQ implant” LOL,""Oh cha cha cha, cette musique, c’est magnifique 🌙🎻 #unbranded #poetrylover #blessedbe dreamers"",“Dressed in Wonder”—a song about the fact social interpretations are often #fool of #bias  🎸🐇💨,How's ur #wonderland doin’? Blessed be #dreams of genuinely harmonious life on Earth 🪕🐰🎩 #staysafe,""Baby, I’m a Fairy Tale (Dressed to Fly) 🧚‍♀️ FOLKsutra"",Can the #cacophony of cocksure bollocks ever “trickle out” of this Felon’s kingdom⁉️🍿,FOTUS CIRCUS ™ Lament  📺 🛋️ BURLESQUEsutra Surreal Living Room Edition,Sunday Seggsting Tango Dream (en Français),""Alors, comment on dit “seggsting” en Français? Anonymous DUBstep LO-Fi 😽🤳"",Word of the year(s) 🚽🙃📺 En•shit•ifi•cation PsyHop LoFiSUTRA,Nothing like a wet peaches blues 🍌📺,""FOTUS Circus : lyrics inspired by the revolutionary poetry of Twain, Wilde, Orwell, & Ginsberg 🎪"",The Weary Blues • Public Domain Lyrics • BLUESsutra,In Zappa’s World (we all can move) • Bananasutra JAZZ Burlesque Cabaret • Sunday sutraSHOW prayer,""Hi, my name is (not Céline Dion) • BananasutraSHOW Name Tag Jazz (true funny story:)"""
BLOWsutra,sutra (all),,BLOWsutra,146,"Songs that name the rot. Political witness, systemic critique, and the blues of living in a world run by wolves.",PLmBA9ODM1xHOE0ShuVBT_G-3fPqI1sI0C,https://www.youtube.com/playlist?list=PLmBA9ODM1xHOE0ShuVBT_G-3fPqI1sI0C,https://i.ytimg.com/vi/sIITiAoF0E8/maxresdefault.jpg,,,"""No, I’m not being political (circa 2026) • EPx4 • BLOWsutra DUB + RAGGA + MOTORIK + BURLESQUE 🏴‍☠️🎶"",Are you a grifter or a gifter? (Hot tip: grifters are likely to lie… proof even the best Qs #fail ;),Ego Ain't Your Amigo • EPx2 • BLOWsutra (Ego Gone Loco)  Dub LoFi + Burlesque Punk 🐘🎪,Spit Back The Lies • EPx2 • BLOWsutra (Revolution Ring) Gipsy Duende LoFi Fusion,Muddy Waters (Nietzsche’s Gift) • BLOWsutra Ambient Indie Flamenco Fusion LoFi #truecrimestory ♾️,The Cabaret Where No One Knows • BLOWsutra Psychedelic Cello Mark Twain Indie Reality Circus 🎪🐸,Ego Ain't Your Amigo 🍌🎧 BLOWsutra (Ego Gone Loco Series) Poetry Gone Bananas Folklore of Horrors DUB,Blessed be “Rebel Romance” vs. Orwellian Ministry of “Religious Freedom” & the new “Board of Peace”,""“Question the Nation” Gipsy LoFi EPx10, with fool lyrics, available on #soundcloud #poetryshorts"",""Rise Up (Freedom Rings) 🏴‍☠️ BLOWsutra Indie Folk Revolution Dream, inspired by Victor Hugo 🌾"",“If We Had But(t) The Truth” 🍌🌪️ or why the #newworld order is goddamn stoopid (I did the math 🥜),“Ignoramus Divine”—a very real surreal burlesque fascist duck danger story song #donaldsucks (a$$),Bloom Past Doom (Apes Gone Wrong Series) EPx2 • BLOWsutra Revolution Ring Conscious Folk Dream 🐒📺,This is What Dissent Looks Like Now⁉️BLOWsutra (Revolution Ring) Conscious Gipsy LoFi Questions 🎧💬,""If We Had But(t) The Truth… BUT NOPE, because the Minneapolis witnesses are being arrested by #ice"",If We Had But(t) The Truth ☝️ BLOWsutra (Censored) Jazzy Psychedelic Hip Trip Bleep Hop LOFI Therapy,If We Had But(t) The Truth 🐶💬 BLOWsutra (Censored) Gipsy Psychedelia Accordion Cello Indie FOLK,Revolution’s Lit (Bloom Past Doom) • BLOWsutra Murica (Apes Gone Wrong) BANJO FOLK Revolution Ring 🪕,“This is what #dissent looks like now” 🎧 BLOWsutra Revolution Ring Conscious LOFI Dream 💭,Shady Fools (Oh Can’t You See?) • BLOWsutra (Egos Gone Loco) Burlesque Rock + Gipsy LoFi EPx2 🎧,""Angel Eyes, Devil’s Lies 🎡 BLOWsutra (FOTUS Circus) LoFi Trip Hop Burlesque Night"",""Universal Currency • DEFY EP (Vol.2, Song 3/3) • BLOWsutra Revolution Ring Burlesque JAZZ 👐"",Un Secret de Polichinelle 🎭🍟 French BLOWsutra Burlesque Musette Chanson,Ordo Amoris In Decay 🕊️🎻 BLOWsutra (Apes Gone Wrong) Psychedelic Indie Cello World Peace Chanson 🍷🎶,“Freedom to Lie is the New Human Right” 👩🏻‍⚖️🍔 BLOWsutra (Revolt Now) Clap Along Song #fascismo,Men-Oh-Pause • BLOWsutra Bloody Sexist Questions of the Day • Ragga Dub Mama Gone Bananas 😽🍌💨,Make Amurica Gulag Again 🇺🇸 QUACKsutra Conscious Psychedelic Politics Storytelling Indie LOFI Music,They Call It Freedom ✊🕊️ BLOWsutra (Revolt Now) Music Therapy For The People,Read Me Harder (BB is for Banned Books) 📚‼️ BLOWsutra Censor(Ed) Facts American Folk Music,What It’s About 🌟 BLOWsutra (Revolt Now) Piano Jazz Edition 🎹 (Meow),""“It’s War, My Friend” felon fun: the unapproved-by-congress U.S. Department rebranding cost ~ $2B 💥"",“Make America Safe Again”—a torch song for kids whose future’s being destroyed by greed & deceit 💔,""“Hitlus with your best shot”—in EU, everybody knows #elonmusk is a bona fide neo-naz!!! #nowyouknow"",""“Le Système”, ça veut dire on est foutu 🎹 Pardon my French #existentialism … c’est la vérité 🇫🇷"",""“Hey, Creeps” is a song about the rise of creepy trolls talking crap in people’s backs, on & offline"",Shady Fools (Oh Can’t You See?) • BLOWsutra Conscious psyGipsy Indie Folk Fusion LoFi 📺🍌,Relative Steve 🎧 Cheeky Psychedelic BLOWsutra Hip Hop Duende Satire Flow,“Le Bal des Salauds” 🎡 French BLOWsutra Burlesque Surrealism Singing Show 🎼🍟,“Profane Obscenities”—a song inspired by the Easter Day “Presidential Speech” circa 2025 🎤🐙📺🍌,The Echo Song (Encore) • Russian 🪆 Edition • Vladimir Vysotsky Cover • BLOWsutra Gipsy LoFi Music 🦋📺,“The Echo Song” a Gipsy World Peace Vladimir Vysotsky Cover Song,Sidération Blues • BLOWsutra (antiantiantifa) Dub Indie BLUES 🎤🙂‍↕️,Planet Idiocracy 🙈🎶 BLOWsutra World Peace DUB,Serial Blowers (Everybody Knows) 🎼 BLOWsutra BS LoFi Pop Hop DUB Music,""It’s sooo ironic Eugenics are moronic, by their own definition of a #moron 😬🤌 BLOWsutra Gipsy Swing"",Apes gone wrong on “Planet Idiocracy” is like evergreen #historyrevealed (in a banana peel;) 🥜🙈💥,QOTD: Did You Know a Rhinoceros is Deadlier than a Tiger 💁🏻‍♀️📺⁉️ (I bet Eugène Ionesco did know),Ironic Moronic Eugenics 🐸🪰 BLOWsutra DUB Music,Liars (matter) 🎹 BLOWsutra Indie Empathy Clip,RhinoceroSS 🦏🎵💨 BLOWsutra PsyGipsy World Peace LOFI,Jazz of #blight not #plight 🗽⚡️ #trumpderangementsyndrome,Rhiii-no-ce-rosss 📺🍌🎶 Surrealist BLOWsutra BLUES song inspired by Eugène Ionesco,Who’s Your Vladdy❔EPx5 BLOWsutra World Peace Fusion Indie Music 🕊️🎶,Children Are Universal Currency & Human Decency Is The Rate—Not the Right or Left 💔BLOWsutra Folk 🎶,""(If you can, now) RUN 🇺🇸 KNOWsutra Psychedelic Folk INDIE 📺 🎶"",Dump Trump • Lyrics Inspired by Nina Hagen “Smack Jack” • QUACKsutra Burlesque Rock 🎤👩‍🎤,Hitlus With Your Best Shot • QUACKsutra Psychedelic Punk Rock Music Collab 🎸🎶,“Sidération’s Calling” 📺🎶 QUACKsutra Indie Pop ROCK Music about a World Gone Bananas 🍌💥,Hey You (Cheeseheads Encore) 🤘👔 BLOWsutra Burlesque Punk Rock Music,Hey You 🫵 BLOWsutra Punk Rock Burlesque Banana Cabaret Slam,All the -Isms  🧿 📺 🍌 🐇  BLOWsutra Lo-Fi INDIE Music,EGO’s Maquerade 🤓🍿🎶 BLOWsutra Cabaret Music,Seminal Boll👀cks • EPx2 • KNOWsutra Psychedelic Punk Rock Burlesque Cabaret Music,""“Hey, You”, or The Art of Watching Without Witnessing on Creepers Lane 🐑 BLOWsutra Indie JAZZ Music"",""FOTUS CIRCUS Reality TV Show ⭐️ South Park Season 27 Episode 1 Edition, AMEN BLOWsutra Rock 🤘🇺🇸"",(Children Are the) “Universal Currency” – BLOWsutra FOLK Music - DEFY EP Song #3 Lyrics Video,FOTUS “Profane Obscenities” • Easter Day 2025 BS Speech • BLOWsutra Indie Music 🎹🎶,""“Freedom to Lie is the New Human Right”, a true BLOWsutra tale of crime bananas gone beyond wild 🇺🇸"",""New universe, new everything 🇺🇸 pls note: trust no number & the new rule no1 is #dopanic #now  🦅"",""A redux of """"Felon Nation"""" : """"PED0 NATION"""" is an overwhelmingly likely truth YT censors"",Clarity. That’ll do 🐷 🇺🇸 ps: people want to know WHO said Sp3rm is Sacred now... #prolife my 🍑,I guess “Tyranny of Ignorance” sounds more appropriate than Duck shoves Bananas in your A$$  (sic) 🍌,Ped0 Nation : Never mind me documenting underrated American #historyfacts over here  🤢,Who trusts a pedo-rap!st?! And w/ mass#incarceration #maga will soon mean Make America Gulag Alright,""Once upon a time, in the lost souls galaxy 💔🇺🇸🦆💨"",Banjo banger tale of a pedoking  “Tweeting from the Throne” 🚽🇺🇸 #unreleased #truestory #aivoice,Let’s play a game where we all win 🥇 #GROWsutra,FOTUS CIRCUS Revolution… Com’on in wretched fools 🎪 🤡,Profane Obscenities 🌕📺🦆🤬💨,""SIDÉRATION is calling, the White House is burning, Murica is drowing, & the people do nothing 🤯🇺🇸"",""Felon Nation just stared, on silent. No one dared rise—a new kind of sidération, no dissent… yet?!"",New “SIDÉRATION” Burlesque Song—No Word for This in English… When Reality Freezes & Truth Glitches 😎,Season 1 = #MassDeportations Season 2 =  #MassIncarcerations  #run — if you can 🤞🥺 🇺🇸,Please don’t ever dare say the rise of fauXism in Murica was insidious… the entire world sees it 🌍,""Turns out the G in MAGA was for GOTCHA… the N in MANA, for yazi  & the opposite of Woke is White ☣️"",""I wrote “Ducktator Lament” the night of the presidential debate, pre-election… how on point 🏴‍☠️💭"",Oh MAMA… Make America Mine Achtung—said the new white king of jingoistic greed 🦆💔🇺🇸,Why do the grown-ups fight so loud? And where do kites fly now? #🕊️ #ceasefire #aivoice  #sunomusic,Why do the grown-ups fight so loud? And where do kites fly now? #🕊️ #ceasefire #aivoice  #sunomusic,""Jingoism is scary… and 74% of the world’s nations, many of them “democracies”, are now “autocratic”"",""While seeing 3 of the 4 top #freeapps in #appstore are #Bible apps is suspicious, Leo seems kind 🙏"",""#yoda said Murica is so #insane, there’s no word—only the (French) word “sidération” comes close🩸"",""Hi, my name is huh, duck… please pardon my French, but(t) when shall #thePeople #riseup ⁉️🦆📺🍌🏴‍☠️"",“Mass Media Freakshow” (track #2 / 13) is a song inspired by delusional nuts and critical reasoning,""“Make your Own Bible” : a bananasutra Gospel song for State Employees, inspired by Ralph W. Emerson"",""Blessed be #georgecarlin fair and empathetic observations, on 1960s #supremecourt “profanity” issue"",""“Serial Blowers” are human killers of faith, truth, trust, hope, i.e. our life #soul 🧢📺 #injustice"",""I gotta confess, it’s true a duck can make life feel #hopelessly #notgreat 🦆🇺🇸💔📺🌫️ #bekind"",“Okey dokey (no it's not)” 🥕📺,U didn’t read #project2025 yet bc u 1) don’t like #spoilers or are 2) an ostrich 3) dodo inside 🦤⁉️,What’s (not) funny?… 📺🍌 Time to #GROWsutra Murica,""QOTD (ain’t funny, even it’s inspired from Bo Burnham’ song asking that question): what’s fascist?"",Education and 🌈 Blessing is the best I got about this fascist predicament we fell into 🏴‍☠️,Because FOTUS’s low opinion of Education means the people (that’s u & me) must contribute knowledge,""This is #boburnham “What’s funny?” song, but(t) updated for  #project2025  (ha) #questionsallowed"",""“For Freee”, a Fabulous French Fable • Accordion 🪗 BURLESQUEsutra Tune"",This is #notadrill  🫡 🚨 FOTUS always lied… but  the #project2025 lies are proving to be #theworst,I wish FOTUS CIRCUS 🎪 was just a fictitious fantasy parody—but(t) this freaking nightmare is REAL 💔,""In my BananaSutra Bible, knowledge & kindness are sacred—zero tolerance for violence and #wars logic"",PSA: GROCK AI is a tool of Narcissistic Authoritarian Zealotry Indoctrination 🚨,What is the root of all evil? Liars aka Narcissistic Control Addicts with No Empathy nor Integrity,GROCK ALERT 🚨 Pls beware (IMHO) Musk’s AI Bot is an Unethical Weapon of Rethorical Mind Manipulation,Whack-A-Schmuck-Woke • Not Recommended for Moronic Homophob!c Egotistic Catholic Hacks • BLUESsutra,""On the “Origins of Totalitarianism”, and that time Hannah Arendt sung on Dunes—the rest is #history"",Social media corporations forcing FelonDon & ElonTwat down my feed throat must STOP #metoomovement,Project 2025 Vol. 2: Why You Lie (to the People’s Face)? • FOTUS CIRCUS • FOLKsutra,""America, when will you be angelic (once poetically asked Allen Ginsberg)? #FOTUScircus 📺🔥🦆🇺🇸💨"",CHUCK-A-D!CK (I mean a MUSK) 📺🙈 PLEASE HELP 🚫⁉️,FOTUS CIRCUS ™ Lament  📺 🛋️ BURLESQUEsutra Surreal Living Room Edition,(Very) UN-ethical AI BOT ALERT • GROCK DGAF • BURLESQUEsutra 🍏🍌📺🚨👽💨,What the Twat #revolution #wanted #aivoice #aimusicrevolution 📺🚨 #grock ETHICAL ALERT ‼️,""Why, Bro? War Woes FAQ • BURLESQUEsutra Moscow Rooftop Cabaret 🎻🔥"",""The worst #aichatbot gonna mock, and that is #grock aka jock-a-lot oh boy what-a-shock 🚨🤥"",""True story: I’ve been loyal to the same scent most of my life, it’s called #whitemusk JOKE’s on me⁉️"",As FOTUS Circus Dogelon Trusk TWATs teams continue to plow (and salute) and the people just watch 📺🚨,Serial Blowers—it’s like serial k!llers but(t) from an ethical POV,FOTUS CIRCUS ™ Laughing Louder than the Laws • BURLESQUEsutra,FOTUS CIRCUS ™ Plastic Straw Sh!tshow • BURLESQUEsutra,Hey can we talk (why wars) • JAZZsutra,""ENSHIT-TIFI-CATION (just so we’re all clear on the official #wordoftheyear 2024, you know?) 🍌"",Why War Woes psyLOFIsutra (it kicks in after 1:30 oh why) #waitforit,""""""Wars Don't Flow"""" QOTD: Do bombs have logos or flags on ‘em (before they k!ll) 📺🦔💣❔"",""Meanwhile, imagine that : now all rêveurs, râleurs, storytellers, and whatchamacalit can sing 🙌"",Can we talk about FOTUS hardcore lying to the people’s face about his “Project 2025” plans?? ⁉️🤥,“For Freee” 🔞🍟 une vieille histoire universelle de sale Oh part qui se repète partout dans le monde,“Liars” • Authentic Illogisms of a World Gone Bananas • PianoSUTRA,When #udiomusic understands the assignment (almost;) #whoop #shadyduck #makeamericathinkagain 🦆💨,Gratefool this (pre-election) Disney Jungle  Book Don-Be-Gone prayer song still cracks me up 🍌🦧,GROCK AI (Bleak Biased BS) Awareness Initiative: Accountable Innovation requires Authentic Integrity,Project 2025 Matters: “Why You Lie (to the People’s face)?” 🇺🇸👺,""But is asking a Felon why he lies like playing dumb? Yeah… Oh boy, the wicked #irony in that story💔"",""Murica dunno the meaning of a rule of law, double-standards, or even right vs. wrong 🎪🦆💨 #truestory"",Watch MAWA MAWA BANJOsutra Ma prove ageism is just like sexism and racism—i.e. made of bias 🪕 #WOKE,""No matter what the poossy grabber says, liars can’t #woke & dogs shall pee free rainbows #notagain"",""In a world of bleak bias babbles à la Dolon Trusk Shining Twins Egos Gone Quack, blessed be #poetry"",MASA (Make America Smart Allright) MATA (Make Americans Think… Amen)—the gloom of doom matters 😵🪦,Serial Blowers is a #song about killers of dreams glorified as the winners of a new mad world order,Ambient levels of cognitive dissonance (about bullies’ glory) are so ducking toxic 😵 #deadinside,Escaping my #FOTUS anxiety with the wonder of a banana rainbow & my imaginary puppy 🌈✨ #banjosutra,""FOTUS Circus : lyrics inspired by the revolutionary poetry of Twain, Wilde, Orwell, & Ginsberg 🎪"",Dog Gone (blue balls) Wicked,""Jolly Wicked Dawg, an old #BLOWsutra story"",""Yo Felon Nation, what’s the deal with #doublestandards — the world is asking 🇺🇸 @banasutra lyrics"",How to help a righteous god-fearing so-called pro-life bro hear how women feel about Bible bullies 🔥,""Fascist Tango, Down We Go (with Waldo)"",""But(t) El Bully doesn’t believe in music therapy, nor cares for #FelonNation or #celloshorts—do you?"",How to help Bible sheeples #GROWup … my prayer for dogma bananas to rest in peace 🕊️  #secularnews,""Somewhere in the Wild United Dreams Universe, Banjo matters…"",Male Fantasies DUB • Lyrics inspired by a Margaret Atwood quote • bananasutra production,Project 2025 on my mind • #unbranded KNOWsutra bible cabaret • GOSPEL,Why Wars? Predators—a highly common personality type fostered by a total lack of ethical standards 💨,""F.O.T.U.S. CIRCUS : Angel Eyes, Devil’s Lies"",Oooh so this 3min minimum YouTube vid update only applies to vertical videos 🪕🦋 #tellmeyourstory,Meet Dolon Trusk 🎪 ROCKsutra,""FOTUS Circus 🎪 aka the Tyranny of Ignorance that unalived me, and so many… #asseenontv"",“Mind the Felon” x5 is now on bananasutraSoundCloud 🖤 #existentialphilosophy #truecrimestory #aiart,Nietzsche’s Gift V2 • Hypnotic Jazz LOFI • Bananasutra(KNOW) Philosophy Songwriting is like heaven,Nietzsche’s Gift V3 • Hypnotic Jazz LOFI • Bananasutra(KNOW) Philosophy Songwriting is like heaven,Nietzsche’s Gift V1 • Hypnotic Jazz LOFI • Bananasutra(KNOW) Philosophy Songwriting is like heaven,Criminels • A Universal sutraFRENCH (his)Story Original Song,""Hey, You (Creepers) • Honest and Brave Folk Tale • Bananasutra(Blow) Authentic Imagination Music"""
GLOWsutra,sutra (all),,GLOWsutra,8,"GLOWsutra: songs about illumination, wonder, and the quiet radiance of things done with love.",PLmBA9ODM1xHPp12I6SG0f2QiSamk9N2EB,https://www.youtube.com/playlist?list=PLmBA9ODM1xHPp12I6SG0f2QiSamk9N2EB,https://i.ytimg.com/vi/eJw8l_THhsE/maxresdefault.jpg,,,"""Kiss a Pulse • GLOWsutra Gipsy Smoky Sultry Psychedelic JAZZ, inspired by Lucille Clifton’s Poetry ✨"",Because #gratitude is basically what I survive on… #mayaangelouinspired—minus that last line 🥹🍌💦,Rainbows In My Cloud 🌈 Maya Angelou inspired GLOWsutra Psychedelic Banjo Folk Song,Rainbows in the Clouds 🌈 GLOWsutra BLUES + LOFI EPx2 ~ a gratitude song inspired by Maya Angelou 🎼,Awe is Mighty - EPx2 inspired by Mary Oliver - GLOWsutra Poet(ry) Indie Lullaby For Adults,“Love from the Future (Hesse Song)” 💌 GROW+ GLOWsutra PsyGipsy Indie Dream DUB music 🎤,“Rainbows in my Cloud” 🌈 is a @bananasutra #gratitude #folk song inspired by #mayaangelouquotes,Rainbows in my clouds • Original Banjo Grace & Gratitude Lullaby • Bananasutra(GLOW) aiMusic 🕊️☁️🫧🌈"
REALsutras,collection,,,7,Who knows lol,PLmBA9ODM1xHM-DTus6BXI7abQd0RGy0m_,https://www.youtube.com/playlist?list=PLmBA9ODM1xHM-DTus6BXI7abQd0RGy0m_,https://i.ytimg.com/vi/bJOfsdE3ZdE/sddefault.jpg,,,"Clarity. That’ll do 🐷 🇺🇸 ps: people want to know WHO said Sp3rm is Sacred now... #prolife my 🍑,Ped0 Nation : Never mind me documenting underrated American #historyfacts over here  🤢,Banjo banger tale of a pedoking  “Tweeting from the Throne” 🚽🇺🇸 #unreleased #truestory #aivoice,""When fake show kings know nothing butt blow, only bright brave birds may still grow, flow, & glow 🍏"",Let’s play a game where we all win 🥇 #GROWsutra,“Men accountable to no one are not to be trusted.”—Thomas Paine,Season 1 = #MassDeportations Season 2 =  #MassIncarcerations  #run — if you can 🤞🥺 🇺🇸,Please don’t ever dare say the rise of fauXism in Murica was insidious… the entire world sees it 🌍"
FOTUS CIRCUS (Felon Of The United States),collection,checked,,136,"A full circus dedicated to the FOTUS era:  musical dispatches from the darkest, most absurd chapter of American democracy.",PLmBA9ODM1xHN3xHvgvok6BNwHXMpb9idM,https://www.youtube.com/playlist?list=PLmBA9ODM1xHN3xHvgvok6BNwHXMpb9idM,https://i.ytimg.com/vi/LLXP778Gt0s/maxresdefault.jpg,,,"The Cabaret Where No One Knows • BLOWsutra Psychedelic Cello Mark Twain Indie Reality Circus 🎪🐸,Blessed be “Rebel Romance” vs. Orwellian Ministry of “Religious Freedom” & the new “Board of Peace”,""So, What is Racism? KNOWsutra Dub Fusion Nerdy Monkeys Matter 🤓📖"",“Ignoramus Divine”—a very real surreal burlesque fascist duck danger story song #donaldsucks (a$$),This is What Dissent Looks Like Now⁉️BLOWsutra (Revolution Ring) Conscious Gipsy LoFi Questions 🎧💬,""Angel Eyes, Devil’s Lies 🎡 BLOWsutra (FOTUS Circus) LoFi Trip Hop Burlesque Night"",""Universal Currency • DEFY EP (Vol.2, Song 3/3) • BLOWsutra Revolution Ring Burlesque JAZZ 👐"",“Freedom to Lie is the New Human Right” 👩🏻‍⚖️🍔 BLOWsutra (Revolt Now) Clap Along Song #fascismo,Read Me Harder (BB is for Banned Books) 📚‼️ BLOWsutra Censor(Ed) Facts American Folk Music,""“It’s War, My Friend” felon fun: the unapproved-by-congress U.S. Department rebranding cost ~ $2B 💥"",“Secondhand Smoke” inspired by @DoctorRamani “Narcissism: The Secondhand Smoke of Mental Health” 💨,“Profane Obscenities”—a song inspired by the Easter Day “Presidential Speech” circa 2025 🎤🐙📺🍌,“Read Me Harder (B.B. is for Banned Books)” 🚫📚🎶 KNOWsutra Dub Gone Burlesque EPx2,""“Read Me Harder” (B.B. is for Banned Books)—a song that honors Atwood, Bradbury, Huxley, & Orwell 📚"",""Developing a rich, nuanced, Authentic Imagination relies on #criticalthinking—make songs while u can"",Idiocracy Now 📺🍟 QUACKsutra Psychedelic Reality turned Macchiavelic Dystopia Accoustic LoFi Music,""Idiocracy Now 😬 QUACKsutra Accoustic Banjo Music, Psychedelic Reality turned Macchiavelic Dystopia"",Sidération Blues • BLOWsutra (antiantiantifa) Dub Indie BLUES 🎤🙂‍↕️,""Oy! We Care! 🇺🇸🧨 LA, DC, CHI, Boston, Memphis, & now Portland #revolutioneducation #songoftheday"",Planet Idiocracy 🙈🎶 BLOWsutra World Peace DUB,God Made a Mistake (at the Art Gallery)... 🎭📺🍏💨,Serial Blowers (Everybody Knows) 🎼 BLOWsutra BS LoFi Pop Hop DUB Music,""It’s sooo ironic Eugenics are moronic, by their own definition of a #moron 😬🤌 BLOWsutra Gipsy Swing"",Apes gone wrong on “Planet Idiocracy” is like evergreen #historyrevealed (in a banana peel;) 🥜🙈💥,QOTD: Did You Know a Rhinoceros is Deadlier than a Tiger 💁🏻‍♀️📺⁉️ (I bet Eugène Ionesco did know),Ironic Moronic Eugenics 🐸🪰 BLOWsutra DUB Music,Liars (matter) 🎹 BLOWsutra Indie Empathy Clip,An Anti-AntiDUB Hum Song from a Cold Dark Theater of the Absurd a Million Tusks Away from Home 🎼🦏🌊,Who’s Your Vladdy ⁉️ World Gone Bananas Meme Supreme • KNOWsutra World Peace Fusion LoFi 🎶,RhinoceroSS 🦏🎵💨 BLOWsutra PsyGipsy World Peace LOFI,Rhiii-no-ce-rosss 📺🍌🎶 Surrealist BLOWsutra BLUES song inspired by Eugène Ionesco,""Vlady, Donnie, & Bibi walked into #history and the rest is a #machiavellian masterpiece of #cynisme"",Who’s Your Vladdy❔EPx5 BLOWsutra World Peace Fusion Indie Music 🕊️🎶,""(If you can, now) RUN 🇺🇸 KNOWsutra Psychedelic Folk INDIE 📺 🎶"",“Idiocracy Now” World LoFi Fusion 🎧⚠️ IRL Murica Movie Prequel currently playing goldfish near you,""And “the winner” is 🥁 #boston—will #dhs use WW2 Naz! terminology, like in #chicago ⁉️🤨 #theblitz"",""“It’s War, My Friend” 💣‼️ DHS Chicago Operation Blitz is straight up WW2 Naz! Germany nomenclature"",#qotd 🇺🇸 What’s the difference between the movie “Idiocracy” & MAGAcracy? The timeline #donotpanic,Dump Trump • Lyrics Inspired by Nina Hagen “Smack Jack” • QUACKsutra Burlesque Rock 🎤👩‍🎤,Hitlus With Your Best Shot • QUACKsutra Psychedelic Punk Rock Music Collab 🎸🎶,“Sidération’s Calling” 📺🎶 QUACKsutra Indie Pop ROCK Music about a World Gone Bananas 🍌💥,EGO’s Maquerade 🤓🍿🎶 BLOWsutra Cabaret Music,Seminal Boll👀cks • EPx2 • KNOWsutra Psychedelic Punk Rock Burlesque Cabaret Music,“Freedom To Lie Is The New Human Right”—what happens when #narcissists are allowed to lead 🍌🙈🇺🇸,""The 7-Course Fascist Feast of the Week | Satirical Spoken Word + Song: “No, I’m Not Being Political”"",""FOTUS CIRCUS Reality TV Show ⭐️ South Park Season 27 Episode 1 Edition, AMEN BLOWsutra Rock 🤘🇺🇸"",""Aren’t U Ashamed We Ain’t Ashamed? SHAMELESS, DEFY EP is an American song inspired by @defiance13 🔥"",FOTUS “Profane Obscenities” • Easter Day 2025 BS Speech • BLOWsutra Indie Music 🎹🎶,Yazi Chuck Musk is out of the old  pedo D!ck office but(t) I found old funny songs 🎬 #bewoke #lol,""New UH-OH moment, new bananasutra song... Turns out, M@G@ stands for """"Make Amurica GULAG Again"""" 🇺🇸🪆"",""A redux of """"Felon Nation"""" : """"PED0 NATION"""" is an overwhelmingly likely truth YT censors"",""The only logical reason that could explain Murica's current ab0rtion laws:  """"SS means Sacred Sperm"""""",Clarity. That’ll do 🐷 🇺🇸 ps: people want to know WHO said Sp3rm is Sacred now... #prolife my 🍑,I guess “Tyranny of Ignorance” sounds more appropriate than Duck shoves Bananas in your A$$  (sic) 🍌,“Sidération” Is The Word You Need 🤯🇺🇸 When A Rap!st King Legislates “Freedom to Lie” As #humanrights,“RUN now (if you can)” #notadrill 🇺🇸 unless the American GULAG era is your cup of diet coke⁉️,Ped0 Nation : Never mind me documenting underrated American #historyfacts over here  🤢,""Because “Rebel Romance” matters, dears! Any questions? I’ll be here cooling out my humanist fire 🔥"",Who trusts a pedo-rap!st?! And w/ mass#incarceration #maga will soon mean Make America Gulag Alright,""Once upon a time, in the lost souls galaxy 💔🇺🇸🦆💨"",Banjo banger tale of a pedoking  “Tweeting from the Throne” 🚽🇺🇸 #unreleased #truestory #aivoice,FOTUS CIRCUS Revolution… Com’on in wretched fools 🎪 🤡,Profane Obscenities 🌕📺🦆🤬💨,""SIDÉRATION is calling, the White House is burning, Murica is drowing, & the people do nothing 🤯🇺🇸"",""Felon Nation just stared, on silent. No one dared rise—a new kind of sidération, no dissent… yet?!"",New “SIDÉRATION” Burlesque Song—No Word for This in English… When Reality Freezes & Truth Glitches 😎,Season 1 = #MassDeportations Season 2 =  #MassIncarcerations  #run — if you can 🤞🥺 🇺🇸,Please don’t ever dare say the rise of fauXism in Murica was insidious… the entire world sees it 🌍,""Turns out the G in MAGA was for GOTCHA… the N in MANA, for yazi  & the opposite of Woke is White ☣️"",""I wrote “Ducktator Lament” the night of the presidential debate, pre-election… how on point 🏴‍☠️💭"",Oh MAMA… Make America Mine Achtung—said the new white king of jingoistic greed 🦆💔🇺🇸,Why do the grown-ups fight so loud? And where do kites fly now? #🕊️ #ceasefire #aivoice  #sunomusic,""Jingoism is scary… and 74% of the world’s nations, many of them “democracies”, are now “autocratic”"",""“A stroll down history lane”—#jingoism ain’t new, just getting worse by the hour (deep breath…)"",""While seeing 3 of the 4 top #freeapps in #appstore are #Bible apps is suspicious, Leo seems kind 🙏"",""#yoda said Murica is so #insane, there’s no word—only the (French) word “sidération” comes close🩸"",Kafka’s Ghost QOTD: When does dumb become dangerous? 🦆💨,""Consensus on the meaning of words matter, kids… and today, we’re asking “what’s fascist?”"",""Why Trust an Old, Mean Felon, or Religion? Brave and Constructive Debate Welcome 🙏#criticalthinking"",""Meanwhile, at the bananasutra #artgallery 🍌💨"",""Hi, my name is huh, duck… please pardon my French, but(t) when shall #thePeople #riseup ⁉️🦆📺🍌🏴‍☠️"",“Mass Media Freakshow” (track #2 / 13) is a song inspired by delusional nuts and critical reasoning,""“Make your Own Bible” : a bananasutra Gospel song for State Employees, inspired by Ralph W. Emerson"",""Fun fact: fauXism kills libidos, and to “Make America Humane Again” h-o-r-n-y would def help! #maha"",""“Serial Blowers” are human killers of faith, truth, trust, hope, i.e. our life #soul 🧢📺 #injustice"",""I gotta confess, it’s true a duck can make life feel #hopelessly #notgreat 🦆🇺🇸💔📺🌫️ #bekind"",MAKA song encore (now served with a plastic straw;)🥤🧢 🛋️  Make America Kind Alright?!,MAKA MAKA 📺🇺🇸 Meowrica,U didn’t read #project2025 yet bc u 1) don’t like #spoilers or are 2) an ostrich 3) dodo inside 🦤⁉️,What’s (not) funny?… 📺🍌 Time to #GROWsutra Murica,""QOTD (ain’t funny, even it’s inspired from Bo Burnham’ song asking that question): what’s fascist?"",Education and 🌈 Blessing is the best I got about this fascist predicament we fell into 🏴‍☠️,Because FOTUS’s low opinion of Education means the people (that’s u & me) must contribute knowledge,""Mourning the death of Federal Workers Bargaining #rights MAKA MAKA, please Make America Kind Amen 🙏"",""This is #boburnham “What’s funny?” song, but(t) updated for  #project2025  (ha) #questionsallowed"",""Please, God, Make America #kind Alright? Knowledgeable helps too—oops, too late #educationmatters"",This is #notadrill  🫡 🚨 FOTUS always lied… but  the #project2025 lies are proving to be #theworst,""Jeopardy question, for $1M: “sipping lies through a #plasticstraw laughing louder than the law”…"",""I’m biased, bc I was raised under the French #constitution … but(t) #fraternity does matter ✌️🥸🏳️"",I wish FOTUS CIRCUS 🎪 was just a fictitious fantasy parody—but(t) this freaking nightmare is REAL 💔,""Make America Kind Already 🦆 this macchiavelian faith’s just beyond embarrassing, heh?… #fotuscircus"",""Bye #education 😭🌈 Hi, increased #poverty & #crimerate 🇺🇸🍏 SAD #surrealism #makeamericasafeagain"",FOTUS CIRCUS 🎪 Make America Humane Again #maha • #unbranded Accordion BURLESQUEsutra,""FOTUS CIRCUS: Angel Eyes, Devil’s lies… inspired by Allen Ginsberg, George Orwell, and Emma Goldman*"",Whack-A-Schmuck-Woke • Not Recommended for Moronic Homophob!c Egotistic Catholic Hacks • BLUESsutra,Social media corporations forcing FelonDon & ElonTwat down my feed throat must STOP #metoomovement,""That #duck wobbled in like a con meme… Oh Murica, can pride feel shame❓Or y’all just sheeple twats⁉️"",Project 2025 Vol. 2: Why You Lie (to the People’s Face)? • FOTUS CIRCUS • FOLKsutra,Can the #cacophony of cocksure bollocks ever “trickle out” of this Felon’s kingdom⁉️🍿,""America, when will you be angelic (once poetically asked Allen Ginsberg)? #FOTUScircus 📺🔥🦆🇺🇸💨"",CHUCK-A-D!CK (I mean a MUSK) 📺🙈 PLEASE HELP 🚫⁉️,FOTUS CIRCUS ™ Lament  📺 🛋️ BURLESQUEsutra Surreal Living Room Edition,What the Twat #revolution #wanted #aivoice #aimusicrevolution 📺🚨 #grock ETHICAL ALERT ‼️,""The worst #aichatbot gonna mock, and that is #grock aka jock-a-lot oh boy what-a-shock 🚨🤥"",""And dck #corruption goes on—like history, justice, and truth never ever mattered in #murica 🦆💨"",""True story: I’ve been loyal to the same scent most of my life, it’s called #whitemusk JOKE’s on me⁉️"",Why you lie to the people’s face? #project2025 🚨🚨🚨 #authenticimagination,Truth is the only path that leads to heaven and y’all MAGA felons aids are going to hell—obviously,As FOTUS Circus Dogelon Trusk TWATs teams continue to plow (and salute) and the people just watch 📺🚨,FOTUS CIRCUS ™ Laughing Louder than the Laws • BURLESQUEsutra,FOTUS CIRCUS ™ Plastic Straw Sh!tshow • BURLESQUEsutra,Linguistic Weaponry à la Romani • Yeah Dropping 💣 lyrics inspired by George Carlin’s 7 Dirty Words,PSA: #woke just means your brain ain’t a (d!ck) joke! True story 🍌🙉 #mawa,""Meanwhile, imagine that : now all rêveurs, râleurs, storytellers, and whatchamacalit can sing 🙌"",Can we talk about FOTUS hardcore lying to the people’s face about his “Project 2025” plans?? ⁉️🤥,When #udiomusic understands the assignment (almost;) #whoop #shadyduck #makeamericathinkagain 🦆💨,Gratefool this (pre-election) Disney Jungle  Book Don-Be-Gone prayer song still cracks me up 🍌🦧,Project 2025 Matters: “Why You Lie (to the People’s face)?” 🇺🇸👺,""But is asking a Felon why he lies like playing dumb? Yeah… Oh boy, the wicked #irony in that story💔"",""Murica dunno the meaning of a rule of law, double-standards, or even right vs. wrong 🎪🦆💨 #truestory"",Watch MAWA MAWA BANJOsutra Ma prove ageism is just like sexism and racism—i.e. made of bias 🪕 #WOKE,Praying for ducks—an innocent species defamed as the symbolic mascot of humpty dumpty ego-fascism 😳🚨,""No matter what the poossy grabber says, liars can’t #woke & dogs shall pee free rainbows #notagain"",MASA (Make America Smart Allright) MATA (Make Americans Think… Amen)—the gloom of doom matters 😵🪦,""Felon Nation is such blasphemy, my humanist conscience just won’t STFU about double duck standards."",Ambient levels of cognitive dissonance (about bullies’ glory) are so ducking toxic 😵 #deadinside,Escaping my #FOTUS anxiety with the wonder of a banana rainbow & my imaginary puppy 🌈✨ #banjosutra,""FOTUS Circus : lyrics inspired by the revolutionary poetry of Twain, Wilde, Orwell, & Ginsberg 🎪"",Step Right Up To The Show Tonight ❤️‍🔥🏴‍☠️ (Allen Grinsberg Poetry + #aimusicrevolution = yum),""Yo Felon Nation, what’s the deal with #doublestandards — the world is asking 🇺🇸 @banasutra lyrics"",Because God knows we all need a lill’ #fotuscircus interlude & #allenginsberg poetry is underrated,""Fascist Tango, Down We Go (with Waldo)"",How to help a Bible bro grow up 🇺🇸 ️ @bananasutra Bible song lyrics #GROWsutra #aimusicrevolution,Fake News Dream Machine: imagine a cruel Felon King magically turned Kind (PSA: NEVER happenin’ ;),Project 2025 on my mind • #unbranded KNOWsutra bible cabaret • GOSPEL,""F.O.T.U.S. CIRCUS : Angel Eyes, Devil’s Lies"",Meet Dolon Trusk 🎪 ROCKsutra,🎪🎶☁️,""FOTUS Circus 🎪 aka the Tyranny of Ignorance that unalived me, and so many… #asseenontv"",“Mind the Felon” x5 is now on bananasutraSoundCloud 🖤 #existentialphilosophy #truecrimestory #aiart"
KNOWsutra : (Naked) Truth,songbook,checked,KNOWsutra,16,Songs that strip things down to their uncomfortable core. The Naked Truth songbook.,PLmBA9ODM1xHMNWWIRzmioiJVhNi_2KNqD,https://www.youtube.com/playlist?list=PLmBA9ODM1xHMNWWIRzmioiJVhNi_2KNqD,https://i.ytimg.com/vi/XCHuCKdpbY4/maxresdefault.jpg,,,"Tell The Truth 🍄 KNOWsutra Psychedelic Blues,""So, What is Racism? KNOWsutra Dub Fusion Nerdy Monkeys Matter 🤓📖"",""So, What Is Racism? 📺🔥 KNOWsutra (Naked Truth) Psychedelic Gipsy Burlesque Jazz"",""So, What Is Racism? 🍌🐒 KNOWsutra Banjo Booya Folk Harmonica Blues"",“Tell The Truth (It’s Destiny)” • KNOWsutra Psychedelic Burlesque Indie Rock 🤘😶‍🌫️🎶,“Tell the Truth (It’s Destiny)” • KNOWsutra Psychedelic Cello LoFi Indie Dream 🎼,“Nietzsche’s Gift” is KNOWsutra #dubmusic inspired by “They muddy the waters to make it look #deep”,Some Truths Are Harder to Swallow 📺🐙 A Jazz-Laced GROWsutra Song Shared With Love,Truth is the only path that leads to heaven and y’all MAGA felons aids are going to hell—obviously,Sundays are for musette reflection 🐦‍⬛📺🍂,QOTD: How do kids learn about respect and fraternity now? 🤠🪗💨  #felonnation,""Tell your Truth, Kids, before you can’t—and please be kind, for peace sake ☮️ #bananasutra #blues"",""Some truths are harder to swallow, inspired by Morissey and Carl Sagan in a world gone bananas🤷🏻‍♀️🍌"",Nietzsche’s Gift V2 • Hypnotic Jazz LOFI • Bananasutra(KNOW) Philosophy Songwriting is like heaven,Nietzsche’s Gift V3 • Hypnotic Jazz LOFI • Bananasutra(KNOW) Philosophy Songwriting is like heaven,Nietzsche’s Gift V1 • Hypnotic Jazz LOFI • Bananasutra(KNOW) Philosophy Songwriting is like heaven"
BLOWsutra : REVOLT (Now),songbook,checked,BLOWsutra,38,The Revolt Now songbook: songs for when witnessing is no longer enough and action becomes the only honest response.,PLmBA9ODM1xHOkSgbDiFFzhUBFcnJh6KCn,https://www.youtube.com/playlist?list=PLmBA9ODM1xHOkSgbDiFFzhUBFcnJh6KCn,https://i.ytimg.com/vi/TWCfjqln71A/maxresdefault.jpg,,,"Spit Back The Lies • EPx2 • BLOWsutra (Revolution Ring) Gipsy Duende LoFi Fusion,Blessed be “Rebel Romance” vs. Orwellian Ministry of “Religious Freedom” & the new “Board of Peace”,""“Question the Nation” Gipsy LoFi EPx10, with fool lyrics, available on #soundcloud #poetryshorts"",""Rise Up (Freedom Rings) 🏴‍☠️ BLOWsutra Indie Folk Revolution Dream, inspired by Victor Hugo 🌾"",Bloom Past Doom (Apes Gone Wrong Series) EPx2 • BLOWsutra Revolution Ring Conscious Folk Dream 🐒📺,This is What Dissent Looks Like Now⁉️BLOWsutra (Revolution Ring) Conscious Gipsy LoFi Questions 🎧💬,Revolution’s Lit (Bloom Past Doom) • BLOWsutra Murica (Apes Gone Wrong) BANJO FOLK Revolution Ring 🪕,“This is what #dissent looks like now” 🎧 BLOWsutra Revolution Ring Conscious LOFI Dream 💭,""I Did the Math, and Everything is Stupid 🍌🎸 SHOWsutra Peanut’s Fanana Club, psySnoopy JAZZ Edition"",""Universal Currency • DEFY EP (Vol.2, Song 3/3) • BLOWsutra Revolution Ring Burlesque JAZZ 👐"",They Call It Freedom ✊🕊️ BLOWsutra (Revolt Now) Music Therapy For The People,What It’s About 🌟 BLOWsutra (Revolt Now) Piano Jazz Edition 🎹 (Meow),""“They Call it Freedom” 📺🍌 BLOWsutra #revolt (boing boing:) song, for a world gone bananas…"",“Question the Nation”: #logocracy (from logo cratos) when speech reigns & lies are #thenewnormal,The Echo Song (Encore) • Russian 🪆 Edition • Vladimir Vysotsky Cover • BLOWsutra Gipsy LoFi Music 🦋📺,“They Call It Freedom” Halloween Edition • BLOWsutra Revolution Ring song #suno5 #aivoiceover,“The Echo Song” a Gipsy World Peace Vladimir Vysotsky Cover Song,Sidération Blues • BLOWsutra (antiantiantifa) Dub Indie BLUES 🎤🙂‍↕️,""(If you can, now) RUN 🇺🇸 KNOWsutra Psychedelic Folk INDIE 📺 🎶"",""And “the winner” is 🥁 #boston—will #dhs use WW2 Naz! terminology, like in #chicago ⁉️🤨 #theblitz"",Hitlus With Your Best Shot • QUACKsutra Psychedelic Punk Rock Music Collab 🎸🎶,“Sidération’s Calling” 📺🎶 QUACKsutra Indie Pop ROCK Music about a World Gone Bananas 🍌💥,(Children Are the) “Universal Currency” – BLOWsutra FOLK Music - DEFY EP Song #3 Lyrics Video,""New universe, new everything 🇺🇸 pls note: trust no number & the new rule no1 is #dopanic #now  🦅"",“Sidération” Is The Word You Need 🤯🇺🇸 When A Rap!st King Legislates “Freedom to Lie” As #humanrights,“RUN now (if you can)” #notadrill 🇺🇸 unless the American GULAG era is your cup of diet coke⁉️,""Because “Rebel Romance” matters, dears! Any questions? I’ll be here cooling out my humanist fire 🔥"",“Men accountable to no one are not to be trusted.”—Thomas Paine,""SIDÉRATION is calling, the White House is burning, Murica is drowing, & the people do nothing 🤯🇺🇸"",""Felon Nation just stared, on silent. No one dared rise—a new kind of sidération, no dissent… yet?!"",New “SIDÉRATION” Burlesque Song—No Word for This in English… When Reality Freezes & Truth Glitches 😎,Season 1 = #MassDeportations Season 2 =  #MassIncarcerations  #run — if you can 🤞🥺 🇺🇸,Please don’t ever dare say the rise of fauXism in Murica was insidious… the entire world sees it 🌍,""Jingoism is scary… and 74% of the world’s nations, many of them “democracies”, are now “autocratic”"",""Hi, my name is huh, duck… please pardon my French, but(t) when shall #thePeople #riseup ⁉️🦆📺🍌🏴‍☠️"",""On the “Origins of Totalitarianism”, and that time Hannah Arendt sung on Dunes—the rest is #history"",""And dck #corruption goes on—like history, justice, and truth never ever mattered in #murica 🦆💨"",Praying for ducks—an innocent species defamed as the symbolic mascot of humpty dumpty ego-fascism 😳🚨,The Weary Blues • Public Domain Lyrics • BLUESsutra,Because justice matters and mathematicians can count…"
BLOWsutra : Ego (Gone Loco),songbook,checked,BLOWsutra,19,"The Ego Gone Loco songbook: songs about narcissism, hubris, and the particular damage caused by people who never doubt themselves.",PLmBA9ODM1xHOX79IqTJignAHdr8fwk62q,https://www.youtube.com/playlist?list=PLmBA9ODM1xHOX79IqTJignAHdr8fwk62q,https://i.ytimg.com/vi/S5B_T0rH3gU/maxresdefault.jpg,,,"Ego Ain't Your Amigo • EPx2 • BLOWsutra (Ego Gone Loco)  Dub LoFi + Burlesque Punk 🐘🎪,Muddy Waters (Nietzsche’s Gift) • BLOWsutra Ambient Indie Flamenco Fusion LoFi #truecrimestory ♾️,Ego Ain't Your Amigo 🍌🎧 BLOWsutra (Ego Gone Loco Series) Poetry Gone Bananas Folklore of Horrors DUB,Shady Fools (Oh Can’t You See?) • BLOWsutra (Egos Gone Loco) Burlesque Rock + Gipsy LoFi EPx2 🎧,Shady Fools (Oh Can’t You See?) • BLOWsutra Conscious psyGipsy Indie Folk Fusion LoFi 📺🍌,Relative Steve 🎧 Cheeky Psychedelic BLOWsutra Hip Hop Duende Satire Flow,“Secondhand Smoke” inspired by @DoctorRamani “Narcissism: The Secondhand Smoke of Mental Health” 💨,Hey You (Cheeseheads Encore) 🤘👔 BLOWsutra Burlesque Punk Rock Music,Hey You 🫵 BLOWsutra Punk Rock Burlesque Banana Cabaret Slam,All the -Isms  🧿 📺 🍌 🐇  BLOWsutra Lo-Fi INDIE Music,EGO’s Maquerade 🤓🍿🎶 BLOWsutra Cabaret Music,“Freedom To Lie Is The New Human Right”—what happens when #narcissists are allowed to lead 🍌🙈🇺🇸,""“Hey, You”, or The Art of Watching Without Witnessing on Creepers Lane 🐑 BLOWsutra Indie JAZZ Music"",All the -isms importa (isn't like poesia;) - BLOWsutra Folk Dream,What is the root of all evil? Liars aka Narcissistic Control Addicts with No Empathy nor Integrity,Sometimes it feels like no one dares to care for what’s unknown (the best part obviously:),""Hello, Oh No (please beware of fake Prometheus) • DIY music • DUBsutra 👽🍌"",""Why does history repeat? Are we dumb, or numb, or like goldfish in a bowl?… #knowsutra #gonebanana"",""Hey, You (Creepers) • Honest and Brave Folk Tale • Bananasutra(Blow) Authentic Imagination Music"""
KNOWsutra : PEACE (Not War),songbook,checked,KNOWsutra,17,"The Peace Not War sub-collection: KNOWsutra songs specifically about conflict, pacifism, and the cost of choosing war.",PLmBA9ODM1xHOp9TwsWy_x0I2trZl6VYbg,https://www.youtube.com/playlist?list=PLmBA9ODM1xHOp9TwsWy_x0I2trZl6VYbg,https://i.ytimg.com/vi/jDJCzK472CE/maxresdefault.jpg,,,"Everybody Knows 🐈‍⬛ 🎹 KNOWsutra (Peace Not War) Indie World Fusion Piano Chanson JAZZ 🎵,Foolish Goldfish (Forever) • KNOWsutra Peace (Not War) Psychedelic Tzigane Soul Fusion LOFI Music 🏳️,(We Know) Trauma Begets Trauma 🕊️🎹✨ KNOWsutra Gipsy History Kitten Peace Piano Dream,Everybody Knows (Prayer is Free) 🎻 🎼 KNOWsutra (Truth) Cello Freedom Magic Indie Folk Song 🕊️🪄✨,What Justifies the Pain? KNOWsutra Peace FOLK 🕊️🎶,Cassandra’s Lullaby 🕊️ GROWsutra Peace Folk Music 🎶,""""""A la Guerre Comme A la Guerre"""" ⚒ Goold Old BLOWsutra Music"",""“A stroll down history lane”—#jingoism ain’t new, just getting worse by the hour (deep breath…)"",""“On Est Tous Frères” & la Terre, c’est notre Mère—a #jazz #peace song inspired by “We Are the World”"",""In my BananaSutra Bible, knowledge & kindness are sacred—zero tolerance for violence and #wars logic"",""Why, Bro? War Woes FAQ • BURLESQUEsutra Moscow Rooftop Cabaret 🎻🔥"",Hey can we talk (why wars) • JAZZsutra,Why War Woes psyLOFIsutra (it kicks in after 1:30 oh why) #waitforit,""""""Wars Don't Flow"""" QOTD: Do bombs have logos or flags on ‘em (before they k!ll) 📺🦔💣❔"",“Strolling Down History Lane” • Piano INDIEsutra,… #allIwish ain’t cocksure fairy Valentine fantasy but(t) remember the glory of #peaceful humility?,Why Wars? Predators—a highly common personality type fostered by a total lack of ethical standards 💨"
ACCORDIONsutra,collection,checked,,6,,PLmBA9ODM1xHNJcfAN2numSQurcbpeZro4,https://www.youtube.com/playlist?list=PLmBA9ODM1xHNJcfAN2numSQurcbpeZro4,https://i.ytimg.com/vi/aX912qVQ4AU/maxresdefault.jpg,,,"Camus Dit Oui • GROWsutra French Frog Accordion Dream Show Gone Bananas,Please don’t ever dare say the rise of fauXism in Murica was insidious… the entire world sees it 🌍,""Oh cha cha cha, cette musique, c’est magnifique 🌙🎻 #unbranded #poetrylover #blessedbe dreamers"",Sunday Seggsting Tango Dream (en Français),Praying for ducks—an innocent species defamed as the symbolic mascot of humpty dumpty ego-fascism 😳🚨,In Zappa’s World (we all can move) • Bananasutra JAZZ Burlesque Cabaret • Sunday sutraSHOW prayer"
BLOWsutra : CENSOR(ed),songbook,checked,BLOWsutra,21,"Songs about silencing, erasure, and the long history of power trying to shut artists up.",PLmBA9ODM1xHO5f-CXFjcqTr20-vfaKT-b,https://www.youtube.com/playlist?list=PLmBA9ODM1xHO5f-CXFjcqTr20-vfaKT-b,https://i.ytimg.com/vi/vz2mxvPk-Z8/maxresdefault.jpg,,,"“If We Had But(t) The Truth” 🍌🌪️ or why the #newworld order is goddamn stoopid (I did the math 🥜),""If We Had But(t) The Truth… BUT NOPE, because the Minneapolis witnesses are being arrested by #ice"",If We Had But(t) The Truth 🐶💬 BLOWsutra (Censored) Gipsy Psychedelia Accordion Cello Indie FOLK,Un Secret de Polichinelle 🎭🍟 French BLOWsutra Burlesque Musette Chanson,“Freedom to Lie is the New Human Right” 👩🏻‍⚖️🍔 BLOWsutra (Revolt Now) Clap Along Song #fascismo,Read Me Harder (BB is for Banned Books) 📚‼️ BLOWsutra Censor(Ed) Facts American Folk Music,Why We Can't Be Brave? 🎻🥊 GROWsutra (Censored) Indie Cello Dream (Don’t Always Come True),""“Hey, Creeps” is a song about the rise of creepy trolls talking crap in people’s backs, on & offline"",“Read Me Harder (B.B. is for Banned Books)” 🚫📚🎶 KNOWsutra Dub Gone Burlesque EPx2,""“Read Me Harder” (B.B. is for Banned Books)—a song that honors Atwood, Bradbury, Huxley, & Orwell 📚"",""The only logical reason that could explain Murica's current ab0rtion laws:  """"SS means Sacred Sperm"""""",Who trusts a pedo-rap!st?! And w/ mass#incarceration #maga will soon mean Make America Gulag Alright,Please don’t ever dare say the rise of fauXism in Murica was insidious… the entire world sees it 🌍,""QOTD (ain’t funny, even it’s inspired from Bo Burnham’ song asking that question): what’s fascist?"",Education and 🌈 Blessing is the best I got about this fascist predicament we fell into 🏴‍☠️,📺🚩 V is for vérité—which #malefantasy is your commercial aka social feed selling you today? 🛁🫧,""Yo Felon Nation, what’s the deal with #doublestandards — the world is asking 🇺🇸 @banasutra lyrics"",""Male Fantasies ☆ LOFIsutra trip hop song inspired by Margaret Atwood, with love from San Francisco 🌁"",Male Fantasies DUB • Lyrics inspired by a Margaret Atwood quote • bananasutra production,Male Fantasies • Social Puppet Jazz commentary song lyrics inspired by the precious Margaret Atwood,I remember when…"
PEACE CIRCUS,collection,checked,,134,"Songs that keep insisting on peace, even when it feels naive. Lullabies for a world at war with itself.",PLmBA9ODM1xHNbFb3DHHf3I7czTN2q3mET,https://www.youtube.com/playlist?list=PLmBA9ODM1xHNbFb3DHHf3I7czTN2q3mET,https://i.ytimg.com/vi/5gVicAAKdrg/maxresdefault.jpg,,,"Camus Dit Oui • GROWsutra French Frog Accordion Dream Show Gone Bananas,""No, I’m not being political (circa 2026) • EPx4 • BLOWsutra DUB + RAGGA + MOTORIK + BURLESQUE 🏴‍☠️🎶"",The Sound Of Logic • KNOWsutra LOFI DUB MOTORIK EPx4,Tell The Truth 🍄 KNOWsutra Psychedelic Blues,Muddy Waters (Nietzsche’s Gift) • BLOWsutra Ambient Indie Flamenco Fusion LoFi #truecrimestory ♾️,""“Two Things, Darling“ 🎻 KNOWsutra Conscious Gipsy Cello LoFi Indie song inspired by Bertrand Russell"",“But(t) How Can You?” is a quirky lill’ #scoobydoo detective story chasing ghostly good consciences…,""“1% Rising” is a Gipsy GROWsutra sort of #hope song for the Curious, the Honest, and the Unseen 🌝✨"",""Kiss a Pulse • GLOWsutra Gipsy Smoky Sultry Psychedelic JAZZ, inspired by Lucille Clifton’s Poetry ✨"",""Rise Up (Freedom Rings) 🏴‍☠️ BLOWsutra Indie Folk Revolution Dream, inspired by Victor Hugo 🌾"",Because #gratitude is basically what I survive on… #mayaangelouinspired—minus that last line 🥹🍌💦,""So, What Is Racism? 📺🔥 KNOWsutra (Naked Truth) Psychedelic Gipsy Burlesque Jazz"",Rainbows In My Cloud 🌈 Maya Angelou inspired GLOWsutra Psychedelic Banjo Folk Song,“If We Had But(t) The Truth” 🍌🌪️ or why the #newworld order is goddamn stoopid (I did the math 🥜),Rainbows in the Clouds 🌈 GLOWsutra BLUES + LOFI EPx2 ~ a gratitude song inspired by Maya Angelou 🎼,""The Atheist Tango 📺💡GROWsutra (God, Etc.) Burlesque Jazz • Lyrics inspired by Ralph Waldo Emerson"",""It’s an Ethical Paradox, an Oxymoron Maze •  EPx2 • KNOWsutra (Bertrand Knows) Burlesque Gipsy Jazz"",Donkeys Years (2/3) • SHOW+GLOWsutra Fanana Club Gipsy Cabaret Indie LOFI (thank you song),Donkeys Years (3/3) • SHOW+GLOWsutra Fanana Club Gipsy Cabaret Indie Cello LOFI 🎻🪩✨,Donkeys Years (1/3) • SHOW+GLOWsutra Fanana Club Gipsy Flamenco Cabaret Dub INDIE 📺👯‍♀️,""I Did the Math, and Everything is Stupid 🤗🍌 SHOWsutra Post-Psy-Punk Absurd Burlesque ROCK"",""Not Bad, Friendo 🪐 SHOWsutra Infinite Psychedelic Galaxy Wink to the Burlesque Post-Punk Universe ✨"",Everybody Knows 🐈‍⬛ 🎹 KNOWsutra (Peace Not War) Indie World Fusion Piano Chanson JAZZ 🎵,Ordo Amoris In Decay 🕊️🎻 BLOWsutra (Apes Gone Wrong) Psychedelic Indie Cello World Peace Chanson 🍷🎶,Okie Dokie (Not It’s Not) • BLOWsutra (Apes Gone Wrong) • Burlesque Trip Hop(e) LOFI 🌀📺 1 min cut,""Sing Your Own Gospel • GROWsutra (God, Etc.) Gipsy Piano Burlesque JAZZ Edition 🎼🎧"",It's an Ethical Paradox • EPx2 • KNOWsutra (Bertrand Knows) Gipsy Burlesque JAZZ 🦉💭,Awe is Mighty - EPx2 inspired by Mary Oliver - GLOWsutra Poet(ry) Indie Lullaby For Adults,Come Waddle with Me (Penguins in Shoes) • SHOWsutra Cheeky Absurd Chanson inspired by Anatole France,""Seminal Bollocks 🪗✨ Holy Merry GROWsutra (God, etcetera) Psychedelic Accordion Chanson Daze Dream"",""Self-Remembering… because now and then, everyone needs a loving lullaby, to flow kinder deeper ✨"",""Kindness, Oh Sweet Kindness 🌈🌥️ GROWsutra Kind(ness) Prayer for Brave and True Hearts (Only)"",Gladys in Sonderland 🍄🐇 SHOWsutra Psychedelic Wonder Chanson Cabaret,Men-Oh-Pause • BLOWsutra Bloody Sexist Questions of the Day • Ragga Dub Mama Gone Bananas 😽🍌💨,The Courage to Care 🎭📺 GROWsutra Conscious Compassion Indie Trip Hope Fusion LOFI 🎶,Penguins in Shoes 🐧💨 SHOWsutra dystopian gipsy trip-hop jazz fusion music,They Call It Freedom ✊🕊️ BLOWsutra (Revolt Now) Music Therapy For The People,Peel Me Kindly 🍌💦 A SHOWsutra (True) Gipsy Jazz Love Story Gone Silly ‘n Sweet Bananas 🎶,Synthema Sutra ♆ SHOWsutra Psychedelic Banana Gipsy LoFi (Goddess Goes to Switzerland :) 🎧❄️,What It’s About 🌟 BLOWsutra (Revolt Now) Piano Jazz Edition 🎹 (Meow),""Queer Almighty (Tell Me Why) • GROWsutra (God, Etc) Conscious Banjo Prayer Dream 🪕🐸"",Why We Can't Be Brave? 🎻🥊 GROWsutra (Censored) Indie Cello Dream (Don’t Always Come True),“Make America Safe Again”—a torch song for kids whose future’s being destroyed by greed & deceit 💔,What’s Behind Every Door • GROWsutra Core EPx2 • Vintage Psychedelic Indie Folk BANJO Poetry 🍌🚪,Foolish Goldfish (Forever) • KNOWsutra Peace (Not War) Psychedelic Tzigane Soul Fusion LOFI Music 🏳️,Can You Play Win-Win Games? (Or No?) • EPx2 • GROWsutra Dare to Care Psychedelic Wisdom Banjo 🪕,""“The Conquest of Happiness”, EPx2 inspired by Bertrand Russel’s Book • KNOWsutra Indie Burlesque 📖❣️"",“Tell The Truth (It’s Destiny)” • KNOWsutra Psychedelic Burlesque Indie Rock 🤘😶‍🌫️🎶,Ain’t Doing Bad Doing Nothing • FLOWsutra WET (Public Domain Lyrics) Psychedelic Vocal JAZZ 🎤🌈,(We Know) Trauma Begets Trauma 🕊️🎹✨ KNOWsutra Gipsy History Kitten Peace Piano Dream,“Question the Nation”: #logocracy (from logo cratos) when speech reigns & lies are #thenewnormal,“Gladys in Sonderland” 🍷🐇💨 Blessed Be Wonder Holes Ho Ho • SHOWsutra Fantasy Fanclub Edition,The Echo Song (Encore) • Russian 🪆 Edition • Vladimir Vysotsky Cover • BLOWsutra Gipsy LoFi Music 🦋📺,“They Call It Freedom” Halloween Edition • BLOWsutra Revolution Ring song #suno5 #aivoiceover,“The Echo Song” a Gipsy World Peace Vladimir Vysotsky Cover Song,“Tell the Truth (It’s Destiny)” • KNOWsutra Psychedelic Cello LoFi Indie Dream 🎼,“Love from the Future (Hesse Song)” 💌 GROW+ GLOWsutra PsyGipsy Indie Dream DUB music 🎤,La Force Douce (matters) 🍟🍌 Surreal French Freedom Fries GROWsutra World Peace Fusion Banana Dream,La Force Douce (c’est tellement mieux que la force brutale) 🌊🎵 French GROWsutra Gipsy Indie Dream,""“La Force Douce” EPx3 ~ GROWsutra World Peace LoFi French Fusion Musique, de la rivière de mon cœur"",“La Force Douce” Flamenco #duendereal—a French protest peace song against moronic #bruteforce 🇺🇸🎼,""Bananasutra, c’est “La Force Douce” 🎤🥰 #worldpeace French Gipsy LoFi Fusion #prayerwarrior #music"",“La Force Douce” 💃🏻 EPx3 Flamenco Coquelicots Duende River Dream Edition 🎵,Everybody Knows (Prayer is Free) 🎻 🎼 KNOWsutra (Truth) Cello Freedom Magic Indie Folk Song 🕊️🪄✨,L’embobinage 🥸 Carl Sagan inspired GROWsutra World Peace Fusion Music 🎶,“Easy (Death Is Nothing At All)” 🧘‍♀️ A Rare BOWsutra Divine Lullaby Bluesy Dub Song About Death…,When Did Seduction Become So Untrue⁉️ GROWsutra Peace Flamenco House Techno Fusion Music,""Hereby, I Cry 🖤 GROWsutra Mantra Prayer Dream (from the so-called Land of the Free)"",What Justifies the Pain? KNOWsutra Peace FOLK 🕊️🎶,Hope is Do-Do-Dope Encore 🎻😽 SHOWsutra Gipsy World Peace Indie Fusion Dream 🎼,Hope is Do-Do-Dope 🪗🦤 SHOWsutra Psychedelic Accordion Duende Waltz Circus Burlesque 🎶,Let’s Play a Game Where We All Win 🕊️ 🎶 GLOWsutra Indie Peace Music,Children Are Universal Currency & Human Decency Is The Rate—Not the Right or Left 💔BLOWsutra Folk 🎶,“The Ummm” song 🌈💨 FLOWsutra Indie Music,“HARDCORE” 🎻 KNOWsutra Cello Indie Music,Cassandra’s Lullaby 🕊️ GROWsutra Peace Folk Music 🎶,""“Hi, Amigo Mio” is a #dub song about how to make love last 🎤😇💦  #truthmatters #trustiseverything"",All the -Isms  🧿 📺 🍌 🐇  BLOWsutra Lo-Fi INDIE Music,Blessed Be The Dogs 📢🤘🐶🎶 SHOWsutra Psychedelic Post-Punk Rock Banana Cabaret Delight,How Do Kids Learn Now? 📺 When Did Seduction Become So Untrue? KNOWsutra Flamenco Techno Fusion Music,Who Knows Where How Happiness Truly Grows? GROWsutra FOLK Yum Music,""Worthless—but(t) who knows where, how happiness truly grows? GROWsutra 🍯🍑"",“Lyrics Matter” aka the SutraFOO song • SHOWsutra Burlesque Banana Banger Babe 🥊,(Children Are the) “Universal Currency” – BLOWsutra FOLK Music - DEFY EP Song #3 Lyrics Video,""Early last century, Franco executed Garcia Lorca for being a free spirit... Now Trump hunts Obama❔❔❔"",Some Truths Are Harder to Swallow 📺🐙 A Jazz-Laced GROWsutra Song Shared With Love,""“Shades of Fools” (It’s The Why…) • KNOWsutra INDIE Music (inspired by one of my fav man, Socrates)"",""“Freedom to Lie is the New Human Right”, a true BLOWsutra tale of crime bananas gone beyond wild 🇺🇸"",""I was so relieved to confirm the new American pope Leo is so not a m@g@ show, I cried 😇🤌 #bewoke"",""“Tune in the Tender”, a song howling from my heart—inspired by “Steppenwolf”, a tale by Herman Hesse"",""If you or your teen haven’t read “Steppenwolf”, by Herman Hesse, I’d like to recommend you do ❤️‍🔥"",""“Making songs like others meditate, flex, or pray…” 🍐 #pear dreams #lyrics matter #lostmusic #suno"",""When fake show kings know nothing butt blow, only bright brave birds may still grow, flow, & glow 🍏"",“What It’s About” Murica 🇺🇸 • A Blues song from the bottom of my heart (escaping the Brandolini law),“Men accountable to no one are not to be trusted.”—Thomas Paine,""Kindness is rooted in compassion, it is clear, brave, wise, it is mighty—the very opposite of weak 💕"",Why do the grown-ups fight so loud? And where do kites fly now? #🕊️ #ceasefire #aivoice  #sunomusic,""“A stroll down history lane”—#jingoism ain’t new, just getting worse by the hour (deep breath…)"",""“Oh My, Oh Why”, asked Socrates, and then, they silenced him… Men learned nothing in 2000 years!"",""“On Est Tous Frères” & la Terre, c’est notre Mère—a #jazz #peace song inspired by “We Are the World”"",""“Blessed Are the Cracked” (another bananasutra song inspired by Bertrand Russel, and Leonard Cohen)"",A cheeky humble French frog question in a song: “Who needs a big D?” 🐸 or “botched coQ implant” LOL,""... gone with the dogs in the #sky, where hope may no longer cry #folksong #leonardcohen #neverdies"",“Rainbows in my Cloud” 🌈 is a @bananasutra #gratitude #folk song inspired by #mayaangelouquotes,""“Can you play win-win or no?” she asked to the pesky orange pest, aka FOTUS… answer is no, fosho 💔"",“Too hard” is a song inspired by a #darling quote from #aldoushuxley  #sunomusic #aivoice #authentic,“Peace Unseen”—authentic ideals served with a jazzy FLOWsutra Banjo #Blues #Revolution song 🕊️💨,""""""Can you play win-win games, or no?"""" - BANJOsutra bluesy FOLK song"",""Mourning the death of Federal Workers Bargaining #rights MAKA MAKA, please Make America Kind Amen 🙏"",""Make America #kind Alright⁉️ And #smart #safe and humane too, aka #woke already, oui oui #MAKA  🔫💦"",“Where Wonder Lies” • Philosophical Meditation on God • Bass Lullabies JAZZsutra,“Where Wonder Lies” • Folk Song inspired by Bertrand Russel on #religion • KNOWsutra Music Lounge 🤓,""Please pardon my bananas—just indulging in satirical #blessedbe (the fruit) jokes, while I can  🦅🎶"",“Shades of Fools” (encore) 🌼🪗 BURLESQUEsutra Peace Circus #unbranded #fool,""Oh cha cha cha, cette musique, c’est magnifique 🌙🎻 #unbranded #poetrylover #blessedbe dreamers"",“Ain’t doing bad doing nothing” is one of the wonders found in the holy realm of #publicdomainmusic,""I’m biased, bc I was raised under the French #constitution … but(t) #fraternity does matter ✌️🥸🏳️"",""“Queer Almighty” is one of the first songs I ever wrote, and so very dear to my heart… pls #bekind"",Doin’ nothing but(t) dream FOTUS CIRCUS’ just a #jazzy nightmare 🛸 #sensitivecontent #publicdomain,True story… with gratitude to whoever convinced greedy corporate ghouls to accept #publicdomain laws,""Making songs like others meditate, flex, or pray • DUBsutra Music"",""On the “Origins of Totalitarianism”, and that time Hannah Arendt sung on Dunes—the rest is #history"",Because fairies #magicmatters and sincere wishes count 🧚🍀 note: #happiness ain’t about gold = true,""Why, Bro? War Woes FAQ • BURLESQUEsutra Moscow Rooftop Cabaret 🎻🔥"",Sunday Seggsting Tango Dream (en Français),“Strolling Down History Lane” • Piano INDIEsutra,Watch MAWA MAWA BANJOsutra Ma prove ageism is just like sexism and racism—i.e. made of bias 🪕 #WOKE,Serial Blowers is a #song about killers of dreams glorified as the winners of a new mad world order,📺🚩 V is for vérité—which #malefantasy is your commercial aka social feed selling you today? 🛁🫧,… #allIwish ain’t cocksure fairy Valentine fantasy but(t) remember the glory of #peaceful humility?,Okie Dokie 🎈👀🏴‍☠️ #aimusicrevolution,""Can you play win-win games, or no? (The most important question, in a world gone bananas 🍌)"",""Too hard, darling, too hard—said #aldoushuxley 😘"",""Why does history repeat? Are we dumb, or numb, or like goldfish in a bowl?… #knowsutra #gonebanana"",""Please be kind, like all real winners—said an educated duck with benevolent sweetness #countrymusic"",""Real gods are humble, curious, and kind—not pompous, envious, or righteous… all agnostics know THAT!"",Kindness Matters (more than ever...),How to help a Bible bro grow up 🇺🇸 ️ @bananasutra Bible song lyrics #GROWsutra #aimusicrevolution,""Blessed Be Your Voice ☆ ROCKsutra (Let's Make America Blessed Again, please! Like ASAP, ok?;)"",“We Are The World” ☆ Remember that song? This is an existential French trip hop LO-FI version of it.,Fake News Dream Machine: imagine a cruel Felon King magically turned Kind (PSA: NEVER happenin’ ;),#QOTD: why did someone (lame) at #youtube decide NOT to allow users to preview videos upon upload?,Male Fantasies DUB • Lyrics inspired by a Margaret Atwood quote • bananasutra production,You name it…,Kindness ABC (winners are kind) • KIDsutra,Why Wars? Predators—a highly common personality type fostered by a total lack of ethical standards 💨,Unbranded LOFI LORES Bertrand Russel’s Hip Hop wisdom FTW 🎭,Tell me why 🪕💃🏻🦋,""Do you make songs your head too?… I’ll share one, you share one :)"",In Zappa’s World (we all can move) • Bananasutra JAZZ Burlesque Cabaret • Sunday sutraSHOW prayer,Do you ever wonder? • Jazzy BananaBible Story • SutraKNOW Cabaret,Flow like water • sutraFLOW reggae • inspired by and dedicated to Bruce Lee (my friend:),Nietzsche’s Gift V2 • Hypnotic Jazz LOFI • Bananasutra(KNOW) Philosophy Songwriting is like heaven,Nietzsche’s Gift V3 • Hypnotic Jazz LOFI • Bananasutra(KNOW) Philosophy Songwriting is like heaven,Nietzsche’s Gift V1 • Hypnotic Jazz LOFI • Bananasutra(KNOW) Philosophy Songwriting is like heaven,Queer Almighty • Sunday World Prayers Matter • Bananasutra(KNOW) A Capella,Rainbows in my clouds • Original Banjo Grace & Gratitude Lullaby • Bananasutra(GLOW) aiMusic 🕊️☁️🫧🌈"
SHOWsutra: B.J. is for Banana Joke,songbook,checked,SHOWsutra,6,"The Banana Joke songbook: the deliberately ridiculous, playful, and self-aware comedy wing of SHOWsutra.",PLmBA9ODM1xHPopHtAdCS3iFNwF9lYeBEv,https://www.youtube.com/playlist?list=PLmBA9ODM1xHPopHtAdCS3iFNwF9lYeBEv,https://i.ytimg.com/vi/qnqL1PztSF0/maxresdefault.jpg,,,"Peel Me Kindly 🍌💦 A SHOWsutra (True) Gipsy Jazz Love Story Gone Silly ‘n Sweet Bananas 🎶,Synthema Sutra ♆ SHOWsutra Psychedelic Banana Gipsy LoFi (Goddess Goes to Switzerland :) 🎧❄️,“Lyrics Matter” aka the SutraFOO song • SHOWsutra Burlesque Banana Banger Babe 🥊,“BANANA ALLELUIA” is a KNOWsutra Folk Burlesque audiovisual poetry song for the dystopian age 👠🍌📺,A cheeky humble French frog question in a song: “Who needs a big D?” 🐸 or “botched coQ implant” LOL,""Please pardon my bananas—just indulging in satirical #blessedbe (the fruit) jokes, while I can  🦅🎶"""
INDIEsutra,genre (all),checked,,52,,PLmBA9ODM1xHOY4XVWmtpus0iqSXCUgpp2,https://www.youtube.com/playlist?list=PLmBA9ODM1xHOY4XVWmtpus0iqSXCUgpp2,https://i.ytimg.com/vi/5gVicAAKdrg/maxresdefault.jpg,,,"""No, I’m not being political (circa 2026) • EPx4 • BLOWsutra DUB + RAGGA + MOTORIK + BURLESQUE 🏴‍☠️🎶"",The Sound Of Logic • KNOWsutra LOFI DUB MOTORIK EPx4,“But(t) How Can You?” is a quirky lill’ #scoobydoo detective story chasing ghostly good consciences…,“If We Had But(t) The Truth” 🍌🌪️ or why the #newworld order is goddamn stoopid (I did the math 🥜),Donkeys Years (1/3) • SHOW+GLOWsutra Fanana Club Gipsy Flamenco Cabaret Dub INDIE 📺👯‍♀️,""Not Bad, Friendo 🪐 SHOWsutra Infinite Psychedelic Galaxy Wink to the Burlesque Post-Punk Universe ✨"",Ordo Amoris In Decay 🕊️🎻 BLOWsutra (Apes Gone Wrong) Psychedelic Indie Cello World Peace Chanson 🍷🎶,""Kindness, Oh Sweet Kindness 🌈🌥️ GROWsutra Kind(ness) Prayer for Brave and True Hearts (Only)"",The Courage to Care 🎭📺 GROWsutra Conscious Compassion Indie Trip Hope Fusion LOFI 🎶,""“The Conquest of Happiness”, EPx2 inspired by Bertrand Russel’s Book • KNOWsutra Indie Burlesque 📖❣️"",(We Know) Trauma Begets Trauma 🕊️🎹✨ KNOWsutra Gipsy History Kitten Peace Piano Dream,“They Call It Freedom” Halloween Edition • BLOWsutra Revolution Ring song #suno5 #aivoiceover,“Love from the Future (Hesse Song)” 💌 GROW+ GLOWsutra PsyGipsy Indie Dream DUB music 🎤,“La Force Douce” 💃🏻 EPx3 Flamenco Coquelicots Duende River Dream Edition 🎵,Everybody Knows (Prayer is Free) 🎻 🎼 KNOWsutra (Truth) Cello Freedom Magic Indie Folk Song 🕊️🪄✨,L’embobinage 🥸 Carl Sagan inspired GROWsutra World Peace Fusion Music 🎶,Hope is Do-Do-Dope Encore 🎻😽 SHOWsutra Gipsy World Peace Indie Fusion Dream 🎼,""It’s sooo ironic Eugenics are moronic, by their own definition of a #moron 😬🤌 BLOWsutra Gipsy Swing"",QOTD: Did You Know a Rhinoceros is Deadlier than a Tiger 💁🏻‍♀️📺⁉️ (I bet Eugène Ionesco did know),Liars (matter) 🎹 BLOWsutra Indie Empathy Clip,Let’s Play a Game Where We All Win 🕊️ 🎶 GLOWsutra Indie Peace Music,""(If you can, now) RUN 🇺🇸 KNOWsutra Psychedelic Folk INDIE 📺 🎶"",“HARDCORE” 🎻 KNOWsutra Cello Indie Music,""“Hi, Amigo Mio” is a #dub song about how to make love last 🎤😇💦  #truthmatters #trustiseverything"",""Aren’t U Ashamed We Ain’t Ashamed? SHAMELESS, DEFY EP is an American song inspired by @defiance13 🔥"",""Early last century, Franco executed Garcia Lorca for being a free spirit... Now Trump hunts Obama❔❔❔"",""New universe, new everything 🇺🇸 pls note: trust no number & the new rule no1 is #dopanic #now  🦅"",I guess “Tyranny of Ignorance” sounds more appropriate than Duck shoves Bananas in your A$$  (sic) 🍌,Ped0 Nation : Never mind me documenting underrated American #historyfacts over here  🤢,""I was so relieved to confirm the new American pope Leo is so not a m@g@ show, I cried 😇🤌 #bewoke"",""If you or your teen haven’t read “Steppenwolf”, by Herman Hesse, I’d like to recommend you do ❤️‍🔥"",Profane Obscenities 🌕📺🦆🤬💨,Please don’t ever dare say the rise of fauXism in Murica was insidious… the entire world sees it 🌍,All the -isms importa (isn't like poesia;) - BLOWsutra Folk Dream,""When the opposite of Woke is White privilege, even the secretary of defense wears a yazi tattoo 🥂💣"",""I wrote “Ducktator Lament” the night of the presidential debate, pre-election… how on point 🏴‍☠️💭"",""“A stroll down history lane”—#jingoism ain’t new, just getting worse by the hour (deep breath…)"",""“Oh My, Oh Why”, asked Socrates, and then, they silenced him… Men learned nothing in 2000 years!"",""... gone with the dogs in the #sky, where hope may no longer cry #folksong #leonardcohen #neverdies"",""“Serial Blowers” are human killers of faith, truth, trust, hope, i.e. our life #soul 🧢📺 #injustice"",“Too hard” is a song inspired by a #darling quote from #aldoushuxley  #sunomusic #aivoice #authentic,What’s (not) funny?… 📺🍌 Time to #GROWsutra Murica,Sunday Seggsting Tango Dream (en Français),Linguistic Weaponry à la Romani • Yeah Dropping 💣 lyrics inspired by George Carlin’s 7 Dirty Words,I did the math and everything is stupid spirit 💫,""""""Wars Don't Flow"""" QOTD: Do bombs have logos or flags on ‘em (before they k!ll) 📺🦔💣❔"",Praying for ducks—an innocent species defamed as the symbolic mascot of humpty dumpty ego-fascism 😳🚨,… #allIwish ain’t cocksure fairy Valentine fantasy but(t) remember the glory of #peaceful humility?,Okie Dokie 🎈👀🏴‍☠️ #aimusicrevolution,How to help a Bible bro grow up 🇺🇸 ️ @bananasutra Bible song lyrics #GROWsutra #aimusicrevolution,Kindness ABC (winners are kind) • KIDsutra,Do you ever wonder? • Jazzy BananaBible Story • SutraKNOW Cabaret"
Bible Gone Bananas,collection,checked,,379,"The complete bananasutra archive: every song, reel, and spoken word. The full cabaret of the catalog.",PLmBA9ODM1xHNkz4xGSkiyAC--PDWFlTP_,https://www.youtube.com/playlist?list=PLmBA9ODM1xHNkz4xGSkiyAC--PDWFlTP_,https://i.ytimg.com/vi/y43Bq19IpR4/maxresdefault.jpg,,,"Camus Dit Oui • GROWsutra French Frog Accordion Dream Show Gone Bananas,""No, I’m not being political (circa 2026) • EPx4 • BLOWsutra DUB + RAGGA + MOTORIK + BURLESQUE 🏴‍☠️🎶"",The Sound Of Logic • KNOWsutra LOFI DUB MOTORIK EPx4,""A lill' late night jazz dream song, because #winwin is the only game worth playing ✨ #flowsutra"",Gladys in Sonderland 🍄🐇 SHOWsutra Vaudeville Wonder Waltz True Surreality Story,Are you a grifter or a gifter? (Hot tip: grifters are likely to lie… proof even the best Qs #fail ;),""Different day, same joke 🗽🍔 #happyfoolsday #thegreatdicktator #ifonlyiwasjoking"",Zero Sum (Zero Sean) EPx3 ♾️ GROWsutra Psychedelic Burlesque Cabaret Gone Absurd Bananas 🍌,Ego Ain't Your Amigo • EPx2 • BLOWsutra (Ego Gone Loco)  Dub LoFi + Burlesque Punk 🐘🎪,Tell The Truth 🍄 KNOWsutra Psychedelic Blues,Spit Back The Lies • EPx2 • BLOWsutra (Revolution Ring) Gipsy Duende LoFi Fusion,Muddy Waters (Nietzsche’s Gift) • BLOWsutra Ambient Indie Flamenco Fusion LoFi #truecrimestory ♾️,""“Two Things, Darling“ 🎻 KNOWsutra Conscious Gipsy Cello LoFi Indie song inspired by Bertrand Russell"",“But(t) How Can You?” is a quirky lill’ #scoobydoo detective story chasing ghostly good consciences…,""“1% Rising” is a Gipsy GROWsutra sort of #hope song for the Curious, the Honest, and the Unseen 🌝✨"",The Cabaret Where No One Knows • BLOWsutra Psychedelic Cello Mark Twain Indie Reality Circus 🎪🐸,""Kiss a Pulse • GLOWsutra Gipsy Smoky Sultry Psychedelic JAZZ, inspired by Lucille Clifton’s Poetry ✨"",Ego Ain't Your Amigo 🍌🎧 BLOWsutra (Ego Gone Loco Series) Poetry Gone Bananas Folklore of Horrors DUB,Blessed be “Rebel Romance” vs. Orwellian Ministry of “Religious Freedom” & the new “Board of Peace”,""“Question the Nation” Gipsy LoFi EPx10, with fool lyrics, available on #soundcloud #poetryshorts"",""Rise Up (Freedom Rings) 🏴‍☠️ BLOWsutra Indie Folk Revolution Dream, inspired by Victor Hugo 🌾"",""So, What is Racism? KNOWsutra Dub Fusion Nerdy Monkeys Matter 🤓📖"",""Invisible Man in The Sky • EPx2 • GROWsutra (God, Etc.) Holy Indie Folk, inspired by George Carlin"",Because #gratitude is basically what I survive on… #mayaangelouinspired—minus that last line 🥹🍌💦,""So, What Is Racism? 📺🔥 KNOWsutra (Naked Truth) Psychedelic Gipsy Burlesque Jazz"",""So, What Is Racism? 🍌🐒 KNOWsutra Banjo Booya Folk Harmonica Blues"",Rainbows In My Cloud 🌈 Maya Angelou inspired GLOWsutra Psychedelic Banjo Folk Song,""Oxytocin (Dopamine, Serotonin)• EPx2 FLOWsutra Psychedelic Neurotransmitters Mnemonics LOFI 🎼🎧"",“If We Had But(t) The Truth” 🍌🌪️ or why the #newworld order is goddamn stoopid (I did the math 🥜),“Ignoramus Divine”—a very real surreal burlesque fascist duck danger story song #donaldsucks (a$$),Bloom Past Doom (Apes Gone Wrong Series) EPx2 • BLOWsutra Revolution Ring Conscious Folk Dream 🐒📺,This is What Dissent Looks Like Now⁉️BLOWsutra (Revolution Ring) Conscious Gipsy LoFi Questions 🎧💬,""If We Had But(t) The Truth… BUT NOPE, because the Minneapolis witnesses are being arrested by #ice"",If We Had But(t) The Truth ☝️ BLOWsutra (Censored) Jazzy Psychedelic Hip Trip Bleep Hop LOFI Therapy,If We Had But(t) The Truth 🐶💬 BLOWsutra (Censored) Gipsy Psychedelia Accordion Cello Indie FOLK,Rainbows in the Clouds 🌈 GLOWsutra BLUES + LOFI EPx2 ~ a gratitude song inspired by Maya Angelou 🎼,Revolution’s Lit (Bloom Past Doom) • BLOWsutra Murica (Apes Gone Wrong) BANJO FOLK Revolution Ring 🪕,""The Atheist Tango 📺💡GROWsutra (God, Etc.) Burlesque Jazz • Lyrics inspired by Ralph Waldo Emerson"",""It’s an Ethical Paradox, an Oxymoron Maze •  EPx2 • KNOWsutra (Bertrand Knows) Burlesque Gipsy Jazz"",Donkeys Years (2/3) • SHOW+GLOWsutra Fanana Club Gipsy Cabaret Indie LOFI (thank you song),Donkeys Years (3/3) • SHOW+GLOWsutra Fanana Club Gipsy Cabaret Indie Cello LOFI 🎻🪩✨,“This is what #dissent looks like now” 🎧 BLOWsutra Revolution Ring Conscious LOFI Dream 💭,Shady Fools (Oh Can’t You See?) • BLOWsutra (Egos Gone Loco) Burlesque Rock + Gipsy LoFi EPx2 🎧,Donkeys Years (1/3) • SHOW+GLOWsutra Fanana Club Gipsy Flamenco Cabaret Dub INDIE 📺👯‍♀️,""I Did the Math, and Everything is Stupid 🤗🍌 SHOWsutra Post-Psy-Punk Absurd Burlesque ROCK"",""Angel Eyes, Devil’s Lies 🎡 BLOWsutra (FOTUS Circus) LoFi Trip Hop Burlesque Night"",""I Did the Math, and Everything is Stupid 🍌🎸 SHOWsutra Peanut’s Fanana Club, psySnoopy JAZZ Edition"",""Universal Currency • DEFY EP (Vol.2, Song 3/3) • BLOWsutra Revolution Ring Burlesque JAZZ 👐"",Un Secret de Polichinelle 🎭🍟 French BLOWsutra Burlesque Musette Chanson,""Not Bad, Friendo 🪐 SHOWsutra Infinite Psychedelic Galaxy Wink to the Burlesque Post-Punk Universe ✨"",Everybody Knows 🐈‍⬛ 🎹 KNOWsutra (Peace Not War) Indie World Fusion Piano Chanson JAZZ 🎵,Ordo Amoris In Decay 🕊️🎻 BLOWsutra (Apes Gone Wrong) Psychedelic Indie Cello World Peace Chanson 🍷🎶,Okie Dokie (Not It’s Not) • BLOWsutra (Apes Gone Wrong) • Burlesque Trip Hop(e) LOFI 🌀📺 1 min cut,""Sing Your Own Gospel • GROWsutra (God, Etc.) Gipsy Piano Burlesque JAZZ Edition 🎼🎧"",It's an Ethical Paradox • EPx2 • KNOWsutra (Bertrand Knows) Gipsy Burlesque JAZZ 🦉💭,""Sing Your Own Gospel • GROWsutra (God, Etc.) Magic Wand Gospel BLUES 🙌🎵"",Awe is Mighty - EPx2 inspired by Mary Oliver - GLOWsutra Poet(ry) Indie Lullaby For Adults,Come Waddle with Me (Penguins in Shoes) • SHOWsutra Cheeky Absurd Chanson inspired by Anatole France,""Seminal Bollocks 🪗✨ Holy Merry GROWsutra (God, etcetera) Psychedelic Accordion Chanson Daze Dream"",""Self-Remembering… because now and then, everyone needs a loving lullaby, to flow kinder deeper ✨"",“Freedom to Lie is the New Human Right” 👩🏻‍⚖️🍔 BLOWsutra (Revolt Now) Clap Along Song #fascismo,""Kindness, Oh Sweet Kindness 🌈🌥️ GROWsutra Kind(ness) Prayer for Brave and True Hearts (Only)"",Gladys in Sonderland 🍄🐇 SHOWsutra Psychedelic Wonder Chanson Cabaret,Make Amurica Gulag Again 🇺🇸 QUACKsutra Conscious Psychedelic Politics Storytelling Indie LOFI Music,The Courage to Care 🎭📺 GROWsutra Conscious Compassion Indie Trip Hope Fusion LOFI 🎶,Penguins in Shoes 🐧💨 SHOWsutra dystopian gipsy trip-hop jazz fusion music,They Call It Freedom ✊🕊️ BLOWsutra (Revolt Now) Music Therapy For The People,Peel Me Kindly 🍌💦 A SHOWsutra (True) Gipsy Jazz Love Story Gone Silly ‘n Sweet Bananas 🎶,Read Me Harder (BB is for Banned Books) 📚‼️ BLOWsutra Censor(Ed) Facts American Folk Music,Synthema Sutra ♆ SHOWsutra Psychedelic Banana Gipsy LoFi (Goddess Goes to Switzerland :) 🎧❄️,What It’s About 🌟 BLOWsutra (Revolt Now) Piano Jazz Edition 🎹 (Meow),""Queer Almighty (Tell Me Why) • GROWsutra (God, Etc) Conscious Banjo Prayer Dream 🪕🐸"",""“It’s War, My Friend” felon fun: the unapproved-by-congress U.S. Department rebranding cost ~ $2B 💥"",Why We Can't Be Brave? 🎻🥊 GROWsutra (Censored) Indie Cello Dream (Don’t Always Come True),“Make America Safe Again”—a torch song for kids whose future’s being destroyed by greed & deceit 💔,""“Hitlus with your best shot”—in EU, everybody knows #elonmusk is a bona fide neo-naz!!! #nowyouknow"",""Remember when #hardcore evoked holy kinky tactile fun, not deadly nasty puerile fascism, huh, hun⁉️"",""“Le Système”, ça veut dire on est foutu 🎹 Pardon my French #existentialism … c’est la vérité 🇫🇷"",“Foolish Goldfish” is one of my oldest #worldpeace psychedelic prayer blues song #dontbeagoldfish,What’s Behind Every Door • GROWsutra Core EPx2 • Vintage Psychedelic Indie Folk BANJO Poetry 🍌🚪,Foolish Goldfish (Forever) • KNOWsutra Peace (Not War) Psychedelic Tzigane Soul Fusion LOFI Music 🏳️,""“Hey, Creeps” is a song about the rise of creepy trolls talking crap in people’s backs, on & offline"",Shady Fools (Oh Can’t You See?) • BLOWsutra Conscious psyGipsy Indie Folk Fusion LoFi 📺🍌,Can You Play Win-Win Games? (Or No?) • EPx2 • GROWsutra Dare to Care Psychedelic Wisdom Banjo 🪕,Relative Steve 🎧 Cheeky Psychedelic BLOWsutra Hip Hop Duende Satire Flow,""“The Conquest of Happiness”, EPx2 inspired by Bertrand Russel’s Book • KNOWsutra Indie Burlesque 📖❣️"",Welcome to the Internet • A Jazzy #boburnham  SHOWsutra Burlesque Kitten Cover Song,F*CK • A Bo Burnham’s Gratitude Cover Song 🎹SHOWsutra love story à la Burlesque Piano Jazz Sauce;),“Tell The Truth (It’s Destiny)” • KNOWsutra Psychedelic Burlesque Indie Rock 🤘😶‍🌫️🎶,Ain’t Doing Bad Doing Nothing • FLOWsutra WET (Public Domain Lyrics) Psychedelic Vocal JAZZ 🎤🌈,(We Know) Trauma Begets Trauma 🕊️🎹✨ KNOWsutra Gipsy History Kitten Peace Piano Dream,“Le Bal des Salauds” 🎡 French BLOWsutra Burlesque Surrealism Singing Show 🎼🍟,“Profane Obscenities”—a song inspired by the Easter Day “Presidential Speech” circa 2025 🎤🐙📺🍌,“Gladys in Sonderland” 🍷🐇💨 Blessed Be Wonder Holes Ho Ho • SHOWsutra Fantasy Fanclub Edition,The Echo Song (Encore) • Russian 🪆 Edition • Vladimir Vysotsky Cover • BLOWsutra Gipsy LoFi Music 🦋📺,“The Echo Song” a Gipsy World Peace Vladimir Vysotsky Cover Song,“Tell the Truth (It’s Destiny)” • KNOWsutra Psychedelic Cello LoFi Indie Dream 🎼,""Hi, My Name is… Not Céline Dion 📺🌙🎵 SHOWsutra Indie Gipsy Dub LoFi Music"",“Read Me Harder (B.B. is for Banned Books)” 🚫📚🎶 KNOWsutra Dub Gone Burlesque EPx2,""Hi, My Name Is… Not #célinedion—and that my friend is a true name tag story 🎙️🍌 What’s your name?!"",“Love from the Future (Hesse Song)” 💌 GROW+ GLOWsutra PsyGipsy Indie Dream DUB music 🎤,La Force Douce (matters) 🍟🍌 Surreal French Freedom Fries GROWsutra World Peace Fusion Banana Dream,Idiocracy Now 📺🍟 QUACKsutra Psychedelic Reality turned Macchiavelic Dystopia Accoustic LoFi Music,La Force Douce (c’est tellement mieux que la force brutale) 🌊🎵 French GROWsutra Gipsy Indie Dream,""Idiocracy Now 😬 QUACKsutra Accoustic Banjo Music, Psychedelic Reality turned Macchiavelic Dystopia"",""“La Force Douce” EPx3 ~ GROWsutra World Peace LoFi French Fusion Musique, de la rivière de mon cœur"",“La Force Douce” Flamenco #duendereal—a French protest peace song against moronic #bruteforce 🇺🇸🎼,""Bananasutra, c’est “La Force Douce” 🎤🥰 #worldpeace French Gipsy LoFi Fusion #prayerwarrior #music"",“La Force Douce” 💃🏻 EPx3 Flamenco Coquelicots Duende River Dream Edition 🎵,Sidération Blues • BLOWsutra (antiantiantifa) Dub Indie BLUES 🎤🙂‍↕️,Everybody Knows (Prayer is Free) 🎻 🎼 KNOWsutra (Truth) Cello Freedom Magic Indie Folk Song 🕊️🪄✨,L'Embobinage (d'après Carl Sagan) • French GROWsutra Peace Fusion Indie LoFi Music,L’embobinage 🥸 Carl Sagan inspired GROWsutra World Peace Fusion Music 🎶,“Easy (Death Is Nothing At All)” 🧘‍♀️ A Rare BOWsutra Divine Lullaby Bluesy Dub Song About Death…,""Oy! We Care! 🇺🇸🧨 LA, DC, CHI, Boston, Memphis, & now Portland #revolutioneducation #songoftheday"",When Did Seduction Become So Untrue⁉️ GROWsutra Peace Flamenco House Techno Fusion Music,Planet Idiocracy 🙈🎶 BLOWsutra World Peace DUB,""Hereby, I Cry 🖤 GROWsutra Mantra Prayer Dream (from the so-called Land of the Free)"",What Justifies the Pain? KNOWsutra Peace FOLK 🕊️🎶,Hope is Do-Do-Dope Encore 🎻😽 SHOWsutra Gipsy World Peace Indie Fusion Dream 🎼,God Made a Mistake (at the Art Gallery)... 🎭📺🍏💨,Hope is Do-Do-Dope 🪗🦤 SHOWsutra Psychedelic Accordion Duende Waltz Circus Burlesque 🎶,Serial Blowers (Everybody Knows) 🎼 BLOWsutra BS LoFi Pop Hop DUB Music,""It’s sooo ironic Eugenics are moronic, by their own definition of a #moron 😬🤌 BLOWsutra Gipsy Swing"",Apes gone wrong on “Planet Idiocracy” is like evergreen #historyrevealed (in a banana peel;) 🥜🙈💥,QOTD: Did You Know a Rhinoceros is Deadlier than a Tiger 💁🏻‍♀️📺⁉️ (I bet Eugène Ionesco did know),Ironic Moronic Eugenics 🐸🪰 BLOWsutra DUB Music,Liars (matter) 🎹 BLOWsutra Indie Empathy Clip,Let’s Play a Game Where We All Win 🕊️ 🎶 GLOWsutra Indie Peace Music,An Anti-AntiDUB Hum Song from a Cold Dark Theater of the Absurd a Million Tusks Away from Home 🎼🦏🌊,Who’s Your Vladdy ⁉️ World Gone Bananas Meme Supreme • KNOWsutra World Peace Fusion LoFi 🎶,RhinoceroSS 🦏🎵💨 BLOWsutra PsyGipsy World Peace LOFI,Jazz of #blight not #plight 🗽⚡️ #trumpderangementsyndrome,Rhiii-no-ce-rosss 📺🍌🎶 Surrealist BLOWsutra BLUES song inspired by Eugène Ionesco,Who’s Your Vladdy❔EPx5 BLOWsutra World Peace Fusion Indie Music 🕊️🎶,Children Are Universal Currency & Human Decency Is The Rate—Not the Right or Left 💔BLOWsutra Folk 🎶,""(If you can, now) RUN 🇺🇸 KNOWsutra Psychedelic Folk INDIE 📺 🎶"",“Idiocracy Now” World LoFi Fusion 🎧⚠️ IRL Murica Movie Prequel currently playing goldfish near you,""And “the winner” is 🥁 #boston—will #dhs use WW2 Naz! terminology, like in #chicago ⁉️🤨 #theblitz"",#qotd 🇺🇸 What’s the difference between the movie “Idiocracy” & MAGAcracy? The timeline #donotpanic,Dump Trump • Lyrics Inspired by Nina Hagen “Smack Jack” • QUACKsutra Burlesque Rock 🎤👩‍🎤,Hitlus With Your Best Shot • QUACKsutra Psychedelic Punk Rock Music Collab 🎸🎶,“Sidération’s Calling” 📺🎶 QUACKsutra Indie Pop ROCK Music about a World Gone Bananas 🍌💥,“The Ummm” song 🌈💨 FLOWsutra Indie Music,Hey You (Cheeseheads Encore) 🤘👔 BLOWsutra Burlesque Punk Rock Music,“HARDCORE” 🎻 KNOWsutra Cello Indie Music,Hey You 🫵 BLOWsutra Punk Rock Burlesque Banana Cabaret Slam,Cassandra’s Lullaby 🕊️ GROWsutra Peace Folk Music 🎶,""“Hi, Amigo Mio” is a #dub song about how to make love last 🎤😇💦  #truthmatters #trustiseverything"",""“Lightly, my darling” ~ @bananasutra lyrics inspired by #aldoushuxley ‘s wisdom #psychedelicjourney"",All the -Isms  🧿 📺 🍌 🐇  BLOWsutra Lo-Fi INDIE Music,EGO’s Maquerade 🤓🍿🎶 BLOWsutra Cabaret Music,Making Songs (Like Others Flex or Pray) • FLOWsutra DUB Yum 🍿🎶,Seminal Boll👀cks • EPx2 • KNOWsutra Psychedelic Punk Rock Burlesque Cabaret Music,Blessed Be The Dogs 📢🤘🐶🎶 SHOWsutra Psychedelic Post-Punk Rock Banana Cabaret Delight,“Freedom To Lie Is The New Human Right”—what happens when #narcissists are allowed to lead 🍌🙈🇺🇸,How Do Kids Learn Now? 📺 When Did Seduction Become So Untrue? KNOWsutra Flamenco Techno Fusion Music,Who Knows Where How Happiness Truly Grows? GROWsutra FOLK Yum Music,""Worthless—but(t) who knows where, how happiness truly grows? GROWsutra 🍯🍑"",""“Hey, You”, or The Art of Watching Without Witnessing on Creepers Lane 🐑 BLOWsutra Indie JAZZ Music"",""The 7-Course Fascist Feast of the Week | Satirical Spoken Word + Song: “No, I’m Not Being Political”"",""FOTUS CIRCUS Reality TV Show ⭐️ South Park Season 27 Episode 1 Edition, AMEN BLOWsutra Rock 🤘🇺🇸"",""Good Lord, thank you for answering my prayers with a #southpark reality TV show that matters  📺🍌🤏"",""Aren’t U Ashamed We Ain’t Ashamed? SHAMELESS, DEFY EP is an American song inspired by @defiance13 🔥"",“Lyrics Matter” aka the SutraFOO song • SHOWsutra Burlesque Banana Banger Babe 🥊,“BANANA ALLELUIA” is a KNOWsutra Folk Burlesque audiovisual poetry song for the dystopian age 👠🍌📺,(Children Are the) “Universal Currency” – BLOWsutra FOLK Music - DEFY EP Song #3 Lyrics Video,""Early last century, Franco executed Garcia Lorca for being a free spirit... Now Trump hunts Obama❔❔❔"",FOTUS “Profane Obscenities” • Easter Day 2025 BS Speech • BLOWsutra Indie Music 🎹🎶,Some Truths Are Harder to Swallow 📺🐙 A Jazz-Laced GROWsutra Song Shared With Love,Yazi Chuck Musk is out of the old  pedo D!ck office but(t) I found old funny songs 🎬 #bewoke #lol,""“Shades of Fools” (It’s The Why…) • KNOWsutra INDIE Music (inspired by one of my fav man, Socrates)"",""I believe it’s fair to say American complacency is at the core of its demise, and return to slavery"",""Etymologically conscious song, inspired by #georgecarlin “7 Dirty Words” comedy bit, circa 1972 📺🤓"",""“Freedom to Lie is the New Human Right”, a true BLOWsutra tale of crime bananas gone beyond wild 🇺🇸"",Have you seen & heard #peterthiel recently? Is he sick or was he always like a… pro-slavery junky?,""New universe, new everything 🇺🇸 pls note: trust no number & the new rule no1 is #dopanic #now  🦅"",""""""A la Guerre Comme A la Guerre"""" ⚒ Goold Old BLOWsutra Music"",""New UH-OH moment, new bananasutra song... Turns out, M@G@ stands for """"Make Amurica GULAG Again"""" 🇺🇸🪆"",""A redux of """"Felon Nation"""" : """"PED0 NATION"""" is an overwhelmingly likely truth YT censors"",""The only logical reason that could explain Murica's current ab0rtion laws:  """"SS means Sacred Sperm"""""",Clarity. That’ll do 🐷 🇺🇸 ps: people want to know WHO said Sp3rm is Sacred now... #prolife my 🍑,I guess “Tyranny of Ignorance” sounds more appropriate than Duck shoves Bananas in your A$$  (sic) 🍌,“Sidération” Is The Word You Need 🤯🇺🇸 When A Rap!st King Legislates “Freedom to Lie” As #humanrights,“RUN now (if you can)” #notadrill 🇺🇸 unless the American GULAG era is your cup of diet coke⁉️,Ped0 Nation : Never mind me documenting underrated American #historyfacts over here  🤢,""Because “Rebel Romance” matters, dears! Any questions? I’ll be here cooling out my humanist fire 🔥"",""I was so relieved to confirm the new American pope Leo is so not a m@g@ show, I cried 😇🤌 #bewoke"",""“Tune in the Tender”, a song howling from my heart—inspired by “Steppenwolf”, a tale by Herman Hesse"",""If you or your teen haven’t read “Steppenwolf”, by Herman Hesse, I’d like to recommend you do ❤️‍🔥"",Who trusts a pedo-rap!st?! And w/ mass#incarceration #maga will soon mean Make America Gulag Alright,""Once upon a time, in the lost souls galaxy 💔🇺🇸🦆💨"",""“Making songs like others meditate, flex, or pray…” 🍐 #pear dreams #lyrics matter #lostmusic #suno"",Banjo banger tale of a pedoking  “Tweeting from the Throne” 🚽🇺🇸 #unreleased #truestory #aivoice,“What It’s About” Murica 🇺🇸 • A Blues song from the bottom of my heart (escaping the Brandolini law),“Men accountable to no one are not to be trusted.”—Thomas Paine,FOTUS CIRCUS Revolution… Com’on in wretched fools 🎪 🤡,Profane Obscenities 🌕📺🦆🤬💨,""SIDÉRATION is calling, the White House is burning, Murica is drowing, & the people do nothing 🤯🇺🇸"",""Felon Nation just stared, on silent. No one dared rise—a new kind of sidération, no dissent… yet?!"",New “SIDÉRATION” Burlesque Song—No Word for This in English… When Reality Freezes & Truth Glitches 😎,Season 1 = #MassDeportations Season 2 =  #MassIncarcerations  #run — if you can 🤞🥺 🇺🇸,Please don’t ever dare say the rise of fauXism in Murica was insidious… the entire world sees it 🌍,All the -isms importa (isn't like poesia;) - BLOWsutra Folk Dream,""Kindness is rooted in compassion, it is clear, brave, wise, it is mighty—the very opposite of weak 💕"",""Turns out the G in MAGA was for GOTCHA… the N in MANA, for yazi  & the opposite of Woke is White ☣️"",""I wrote “Ducktator Lament” the night of the presidential debate, pre-election… how on point 🏴‍☠️💭"",Oh MAMA… Make America Mine Achtung—said the new white king of jingoistic greed 🦆💔🇺🇸,Why do the grown-ups fight so loud? And where do kites fly now? #🕊️ #ceasefire #aivoice  #sunomusic,Why do the grown-ups fight so loud? And where do kites fly now? #🕊️ #ceasefire #aivoice  #sunomusic,""Jingoism is scary… and 74% of the world’s nations, many of them “democracies”, are now “autocratic”"",""“A stroll down history lane”—#jingoism ain’t new, just getting worse by the hour (deep breath…)"",""While seeing 3 of the 4 top #freeapps in #appstore are #Bible apps is suspicious, Leo seems kind 🙏"",""“Oh My, Oh Why”, asked Socrates, and then, they silenced him… Men learned nothing in 2000 years!"",""#yoda said Murica is so #insane, there’s no word—only the (French) word “sidération” comes close🩸"",""Bc puppy therapy matters, and “War Woes” beg the question “Why, Bro?”—unless u’re evil, or dumb⁉️💣"",""“On Est Tous Frères” & la Terre, c’est notre Mère—a #jazz #peace song inspired by “We Are the World”"",""“Blessed Are the Cracked” (another bananasutra song inspired by Bertrand Russel, and Leonard Cohen)"",A cheeky humble French frog question in a song: “Who needs a big D?” 🐸 or “botched coQ implant” LOL,Kafka’s Ghost QOTD: When does dumb become dangerous? 🦆💨,""... gone with the dogs in the #sky, where hope may no longer cry #folksong #leonardcohen #neverdies"",""Consensus on the meaning of words matter, kids… and today, we’re asking “what’s fascist?”"",""Why Trust an Old, Mean Felon, or Religion? Brave and Constructive Debate Welcome 🙏#criticalthinking"",""“Mass Media Freakshow”, a bananasutra song inspired by Terrence McKenna & weird corporate pretenses"",""Meanwhile, at the bananasutra #artgallery 🍌💨"",""Hi, my name is huh, duck… please pardon my French, but(t) when shall #thePeople #riseup ⁉️🦆📺🍌🏴‍☠️"",“Mass Media Freakshow” (track #2 / 13) is a song inspired by delusional nuts and critical reasoning,“Rainbows in my Cloud” 🌈 is a @bananasutra #gratitude #folk song inspired by #mayaangelouquotes,""“Can you play win-win or no?” she asked to the pesky orange pest, aka FOTUS… answer is no, fosho 💔"",""“Make your Own Bible” : a bananasutra Gospel song for State Employees, inspired by Ralph W. Emerson"",""Blessed be #georgecarlin fair and empathetic observations, on 1960s #supremecourt “profanity” issue"",""Fun fact: fauXism kills libidos, and to “Make America Humane Again” h-o-r-n-y would def help! #maha"",Meta Metaphors Matter… like silly frogs and bunny #poetry 🦗🐸 #authenticbranding #revolution,""In France, “Le Système” is also all about lying to #thepeople … why is that not a crime? 😈 #macron"",""“Serial Blowers” are human killers of faith, truth, trust, hope, i.e. our life #soul 🧢📺 #injustice"",“Mass Media Freakshow” • Burlesque song lyrics inspired by a quote from Terrence #mckenna,“Too hard” is a song inspired by a #darling quote from #aldoushuxley  #sunomusic #aivoice #authentic,“Peace Unseen”—authentic ideals served with a jazzy FLOWsutra Banjo #Blues #Revolution song 🕊️💨,""""""Can you play win-win games, or no?"""" - BANJOsutra bluesy FOLK song"",""I gotta confess, it’s true a duck can make life feel #hopelessly #notgreat 🦆🇺🇸💔📺🌫️ #bekind"",""God almighty, (please) tell me #why #queer is so wrong, scary, or dangerous? 🪕👼 #banjomusic"",“Okey dokey (no it's not)” 🥕📺,MAKA song encore (now served with a plastic straw;)🥤🧢 🛋️  Make America Kind Alright?!,MAKA MAKA 📺🇺🇸 Meowrica,U didn’t read #project2025 yet bc u 1) don’t like #spoilers or are 2) an ostrich 3) dodo inside 🦤⁉️,What’s (not) funny?… 📺🍌 Time to #GROWsutra Murica,""QOTD (ain’t funny, even it’s inspired from Bo Burnham’ song asking that question): what’s fascist?"",Education and 🌈 Blessing is the best I got about this fascist predicament we fell into 🏴‍☠️,Because FOTUS’s low opinion of Education means the people (that’s u & me) must contribute knowledge,""Mourning the death of Federal Workers Bargaining #rights MAKA MAKA, please Make America Kind Amen 🙏"",""This is #boburnham “What’s funny?” song, but(t) updated for  #project2025  (ha) #questionsallowed"",""Please, God, Make America #kind Alright? Knowledgeable helps too—oops, too late #educationmatters"",""Make America #kind Alright⁉️ And #smart #safe and humane too, aka #woke already, oui oui #MAKA  🔫💦"",“Where Wonder Lies” • Philosophical Meditation on God • Bass Lullabies JAZZsutra,“Where Wonder Lies” • Folk Song inspired by Bertrand Russel on #religion • KNOWsutra Music Lounge 🤓,""“For Freee”, a Fabulous French Fable • Accordion 🪗 BURLESQUEsutra Tune"",This is #notadrill  🫡 🚨 FOTUS always lied… but  the #project2025 lies are proving to be #theworst,""Oh cha cha cha, cette musique, c’est magnifique 🌙🎻 #unbranded #poetrylover #blessedbe dreamers"",“Dressed in Wonder”—a song about the fact social interpretations are often #fool of #bias  🎸🐇💨,“Ain’t doing bad doing nothing” is one of the wonders found in the holy realm of #publicdomainmusic,""I’m biased, bc I was raised under the French #constitution … but(t) #fraternity does matter ✌️🥸🏳️"",""“Queer Almighty” is one of the first songs I ever wrote, and so very dear to my heart… pls #bekind"",I wish FOTUS CIRCUS 🎪 was just a fictitious fantasy parody—but(t) this freaking nightmare is REAL 💔,""In my BananaSutra Bible, knowledge & kindness are sacred—zero tolerance for violence and #wars logic"",""Bye #education 😭🌈 Hi, increased #poverty & #crimerate 🇺🇸🍏 SAD #surrealism #makeamericasafeagain"",FOTUS CIRCUS 🎪 Make America Humane Again #maha • #unbranded Accordion BURLESQUEsutra,Doin’ nothing but(t) dream FOTUS CIRCUS’ just a #jazzy nightmare 🛸 #sensitivecontent #publicdomain,True story… with gratitude to whoever convinced greedy corporate ghouls to accept #publicdomain laws,""FOTUS CIRCUS: Angel Eyes, Devil’s lies… inspired by Allen Ginsberg, George Orwell, and Emma Goldman*"",PSA: GROCK AI is a tool of Narcissistic Authoritarian Zealotry Indoctrination 🚨,What is the root of all evil? Liars aka Narcissistic Control Addicts with No Empathy nor Integrity,""Making songs like others meditate, flex, or pray • DUBsutra Music"",GROCK ALERT 🚨 Pls beware (IMHO) Musk’s AI Bot is an Unethical Weapon of Rethorical Mind Manipulation,Whack-A-Schmuck-Woke • Not Recommended for Moronic Homophob!c Egotistic Catholic Hacks • BLUESsutra,""On the “Origins of Totalitarianism”, and that time Hannah Arendt sung on Dunes—the rest is #history"",Invisible Man in the Sky ⭐︎ George Carlin's Blessing ⭐︎ Holy Gospel BLUESutra,Social media corporations forcing FelonDon & ElonTwat down my feed throat must STOP #metoomovement,""That #duck wobbled in like a con meme… Oh Murica, can pride feel shame❓Or y’all just sheeple twats⁉️"",Project 2025 Vol. 2: Why You Lie (to the People’s Face)? • FOTUS CIRCUS • FOLKsutra,""Baby, I’m a Fairy Tale (Dressed to Fly) 🧚‍♀️ FOLKsutra"",""America, when will you be angelic (once poetically asked Allen Ginsberg)? #FOTUScircus 📺🔥🦆🇺🇸💨"",CHUCK-A-D!CK (I mean a MUSK) 📺🙈 PLEASE HELP 🚫⁉️,WHACK-A-DUCK • FOTUS CIRCUS • QUACKsutra,FOTUS CIRCUS ™ Lament  📺 🛋️ BURLESQUEsutra Surreal Living Room Edition,(Very) UN-ethical AI BOT ALERT • GROCK DGAF • BURLESQUEsutra 🍏🍌📺🚨👽💨,What the Twat #revolution #wanted #aivoice #aimusicrevolution 📺🚨 #grock ETHICAL ALERT ‼️,""Why, Bro? War Woes FAQ • BURLESQUEsutra Moscow Rooftop Cabaret 🎻🔥"",""The worst #aichatbot gonna mock, and that is #grock aka jock-a-lot oh boy what-a-shock 🚨🤥"",""PSA🤥 #grockai is not objective, not scientific, and not critical at all of its daddy’s ties to EFD!"",Sunday Seggsting Tango Dream (en Français),""Alors, comment on dit “seggsting” en Français? Anonymous DUBstep LO-Fi 😽🤳"",Word of the year(s) 🚽🙃📺 En•shit•ifi•cation PsyHop LoFiSUTRA,""And dck #corruption goes on—like history, justice, and truth never ever mattered in #murica 🦆💨"",Truth is the only path that leads to heaven and y’all MAGA felons aids are going to hell—obviously,Peace Unseen • Banjo Blues FLOWsutra,As FOTUS Circus Dogelon Trusk TWATs teams continue to plow (and salute) and the people just watch 📺🚨,Feel di Riddim • Lyrics inspired by #bertrandrussell 1929 essay on religion (amen),PSA: False Positive Music Copyright Claims are Trending and the burden to prove ‘em wrong is on us!,Serial Blowers—it’s like serial k!llers but(t) from an ethical POV,FOTUS CIRCUS ™ Laughing Louder than the Laws • BURLESQUEsutra,FOTUS CIRCUS ™ Plastic Straw Sh!tshow • BURLESQUEsutra,Hey can we talk (why wars) • JAZZsutra,Ain't Doing Bad Doing Nothing ... Find the differences  🪕🤖 BLUESsutra,Linguistic Weaponry à la Romani • Yeah Dropping 💣 lyrics inspired by George Carlin’s 7 Dirty Words,PSA: #woke just means your brain ain’t a (d!ck) joke! True story 🍌🙉 #mawa,Public Domain Duckin’ Banjo Head • BLUESsutra 🦆💨,Nothing like a wet peaches blues 🍌📺,Dream a Dog : FOLKsutra,Sundays are for musette reflection 🐦‍⬛📺🍂,I did the math and everything is stupid spirit 💫,""ENSHIT-TIFI-CATION (just so we’re all clear on the official #wordoftheyear 2024, you know?) 🍌"",Why War Woes psyLOFIsutra (it kicks in after 1:30 oh why) #waitforit,""""""Wars Don't Flow"""" QOTD: Do bombs have logos or flags on ‘em (before they k!ll) 📺🦔💣❔"",QOTD: How do kids learn about respect and fraternity now? 🤠🪗💨  #felonnation,Sometimes it feels like no one dares to care for what’s unknown (the best part obviously:),Why we (all) be #fools • FOLKsutra,Bertrand Russel asked “Has Religion Contributed Anything Useful to Civilization?” 💌 🎧 🕊️,""Meanwhile, imagine that : now all rêveurs, râleurs, storytellers, and whatchamacalit can sing 🙌"",Can we talk about FOTUS hardcore lying to the people’s face about his “Project 2025” plans?? ⁉️🤥,Do I need to talk to the Suno Public Domain manager for ‘em to stop incorrect copyright claims ⁉️🙄,“For Freee” 🔞🍟 une vieille histoire universelle de sale Oh part qui se repète partout dans le monde,“Liars” • Authentic Illogisms of a World Gone Bananas • PianoSUTRA,When #udiomusic understands the assignment (almost;) #whoop #shadyduck #makeamericathinkagain 🦆💨,Gratefool this (pre-election) Disney Jungle  Book Don-Be-Gone prayer song still cracks me up 🍌🦧,GROCK AI (Bleak Biased BS) Awareness Initiative: Accountable Innovation requires Authentic Integrity,“Strolling Down History Lane” • Piano INDIEsutra,Project 2025 Matters: “Why You Lie (to the People’s face)?” 🇺🇸👺,""But is asking a Felon why he lies like playing dumb? Yeah… Oh boy, the wicked #irony in that story💔"",PS: All “Shades of Fools” matter—because it’s the only #truecolors 🍏📺😶‍🌫️🧠,""Murica dunno the meaning of a rule of law, double-standards, or even right vs. wrong 🎪🦆💨 #truestory"",“The Invisible Man in the Sky” is inspired by and dedicated to George Carlin’s brave twinkles 🏴‍☠️,Watch MAWA MAWA BANJOsutra Ma prove ageism is just like sexism and racism—i.e. made of bias 🪕 #WOKE,Praying for ducks—an innocent species defamed as the symbolic mascot of humpty dumpty ego-fascism 😳🚨,""No matter what the poossy grabber says, liars can’t #woke & dogs shall pee free rainbows #notagain"",""Hello, Oh No (please beware of fake Prometheus) • DIY music • DUBsutra 👽🍌"",""In a world of bleak bias babbles à la Dolon Trusk Shining Twins Egos Gone Quack, blessed be #poetry"",MASA (Make America Smart Allright) MATA (Make Americans Think… Amen)—the gloom of doom matters 😵🪦,""Serial Blowers Matter, a prayer in a song that goes beyond the twilight twats zone • DUBsutra music"",""Felon Nation is such blasphemy, my humanist conscience just won’t STFU about double duck standards."",Ambient levels of cognitive dissonance (about bullies’ glory) are so ducking toxic 😵 #deadinside,Escaping my #FOTUS anxiety with the wonder of a banana rainbow & my imaginary puppy 🌈✨ #banjosutra,""Okey Ducky, No It’s Not—in Felon Nation, Fascism ain’t fake news Sir 🐇 it is #truecrime #BLOWsutra"",📺🚩 V is for vérité—which #malefantasy is your commercial aka social feed selling you today? 🛁🫧,""FOTUS Circus : lyrics inspired by the revolutionary poetry of Twain, Wilde, Orwell, & Ginsberg 🎪"",Step Right Up To The Show Tonight ❤️‍🔥🏴‍☠️ (Allen Grinsberg Poetry + #aimusicrevolution = yum),… #allIwish ain’t cocksure fairy Valentine fantasy but(t) remember the glory of #peaceful humility?,Okie Dokie 🎈👀🏴‍☠️ #aimusicrevolution,""Can you play win-win games, or no? (The most important question, in a world gone bananas 🍌)"",Dog Gone (blue balls) Wicked,""Jolly Wicked Dawg, an old #BLOWsutra story"",""Yo Felon Nation, what’s the deal with #doublestandards — the world is asking 🇺🇸 @banasutra lyrics"",""Hush dreams or shush nightmares, the choice depends on our ability to respect each others…"",How to help a righteous god-fearing so-called pro-life bro hear how women feel about Bible bullies 🔥,""Nothing like a cool crisp day, here in the dear SF Bay 🍏🐇🍌👀"",""Too hard, darling, too hard—said #aldoushuxley 😘"",""Why does history repeat? Are we dumb, or numb, or like goldfish in a bowl?… #knowsutra #gonebanana"",""This is Planet Earth to Higher Grounds, What have we done now? Oh no…"",""Fascist Tango, Down We Go (with Waldo)"",How to help Bible sheeples #GROWup … my prayer for dogma bananas to rest in peace 🕊️  #secularnews,""PSA: happiness is kind… Kindness lyrics ©️ BananaSutra, a song inspired by Naomi Shihab Nye’s poem."",""Please be kind, like Apple customer service phone line said… #duhok #aimusic #blues #kindness"",""Somewhere in the Wild United Dreams Universe, Banjo matters…"",""Real gods are humble, curious, and kind—not pompous, envious, or righteous… all agnostics know THAT!"",""Tell your Truth, Kids, before you can’t—and please be kind, for peace sake ☮️ #bananasutra #blues"",Kindness Matters (more than ever...),How to help a Bible bro grow up 🇺🇸 ️ @bananasutra Bible song lyrics #GROWsutra #aimusicrevolution,""Male Fantasies ☆ LOFIsutra trip hop song inspired by Margaret Atwood, with love from San Francisco 🌁"",""Blessed Be Your Voice ☆ ROCKsutra (Let's Make America Blessed Again, please! Like ASAP, ok?;)"",“We Are The World” ☆ Remember that song? This is an existential French trip hop LO-FI version of it.,Fake News Dream Machine: imagine a cruel Felon King magically turned Kind (PSA: NEVER happenin’ ;),#QOTD: why did someone (lame) at #youtube decide NOT to allow users to preview videos upon upload?,Male Fantasies DUB • Lyrics inspired by a Margaret Atwood quote • bananasutra production,Project 2025 on my mind • #unbranded KNOWsutra bible cabaret • GOSPEL,Make songs not bongs 🪕📺🐸💡,Self-remembering • Meditation inspired by Dr. Charles Tart • DRUMsutra,Queer Almighty • DUB prayer • KNOWsutra (questions matter),You name it…,Kindness ABC (winners are kind) • KIDsutra,Self-Remembering • A True Meditation Story  inspired by Dr Charles Tart • JAZZsutra,The Weary Blues • Public Domain Lyrics • BLUESsutra,The world we knew • Sinatra Public Domain Lyrics • bananasutra production (heaven),Why Wars? Predators—a highly common personality type fostered by a total lack of ethical standards 💨,""F.O.T.U.S. CIRCUS : Angel Eyes, Devil’s Lies"",Tell me why 🪕💃🏻🦋,Oooh so this 3min minimum YouTube vid update only applies to vertical videos 🪕🦋 #tellmeyourstory,Meet Dolon Trusk 🎪 ROCKsutra,🎪🎶☁️,""FOTUS Circus 🎪 aka the Tyranny of Ignorance that unalived me, and so many… #asseenontv"",""Do you make songs your head too?… I’ll share one, you share one :)"",""I like this song, too… you?"",📺 🕊️❤️ #madewithlove,“Mind the Felon” x5 is now on bananasutraSoundCloud 🖤 #existentialphilosophy #truecrimestory #aiart,Hard Core 🦆💨,Mind le Felon 🦆💨 #quackity,In Zappa’s World (we all can move) • Bananasutra JAZZ Burlesque Cabaret • Sunday sutraSHOW prayer,Do you ever wonder? • Jazzy BananaBible Story • SutraKNOW Cabaret,""Hi, my name is (not Céline Dion) • BananasutraSHOW Name Tag Jazz (true funny story:)"",Flow like water • sutraFLOW reggae • inspired by and dedicated to Bruce Lee (my friend:),Nietzsche’s Gift V2 • Hypnotic Jazz LOFI • Bananasutra(KNOW) Philosophy Songwriting is like heaven,Nietzsche’s Gift V3 • Hypnotic Jazz LOFI • Bananasutra(KNOW) Philosophy Songwriting is like heaven,Nietzsche’s Gift V1 • Hypnotic Jazz LOFI • Bananasutra(KNOW) Philosophy Songwriting is like heaven,Criminels • A Universal sutraFRENCH (his)Story Original Song,Queer Almighty • Sunday World Prayers Matter • Bananasutra(KNOW) A Capella,Seminal Bollocks • Original Pop Punk Rock Bible Story • Bananasutra(Blow) Accelerated Ideation Music,Rainbows in my clouds • Original Banjo Grace & Gratitude Lullaby • Bananasutra(GLOW) aiMusic 🕊️☁️🫧🌈,""Hey, You (Creepers) • Honest and Brave Folk Tale • Bananasutra(Blow) Authentic Imagination Music"""
KNOWsutra : But(t) Whyyy,songbook,checked,KNOWsutra,15,The But(t) Why songbook: songs built around the stubborn refusal to accept bad answers to important questions.,PLmBA9ODM1xHPjgODeVge27rOgtJPZpBTJ,https://www.youtube.com/playlist?list=PLmBA9ODM1xHPjgODeVge27rOgtJPZpBTJ,https://i.ytimg.com/vi/t1oDsBWYlAU/maxresdefault.jpg,,,"Who Knows Where How Happiness Truly Grows? GROWsutra FOLK Yum Music,""Worthless—but(t) who knows where, how happiness truly grows? GROWsutra 🍯🍑"",""“Shades of Fools” (It’s The Why…) • KNOWsutra INDIE Music (inspired by one of my fav man, Socrates)"",""I believe it’s fair to say American complacency is at the core of its demise, and return to slavery"",Why do the grown-ups fight so loud? And where do kites fly now? #🕊️ #ceasefire #aivoice  #sunomusic,""“Oh My, Oh Why”, asked Socrates, and then, they silenced him… Men learned nothing in 2000 years!"",""Bc puppy therapy matters, and “War Woes” beg the question “Why, Bro?”—unless u’re evil, or dumb⁉️💣"",""God almighty, (please) tell me #why #queer is so wrong, scary, or dangerous? 🪕👼 #banjomusic"",“Shades of Fools” (encore) 🌼🪗 BURLESQUEsutra Peace Circus #unbranded #fool,Hey can we talk (why wars) • JAZZsutra,Why War Woes psyLOFIsutra (it kicks in after 1:30 oh why) #waitforit,Why we (all) be #fools • FOLKsutra,PS: All “Shades of Fools” matter—because it’s the only #truecolors 🍏📺😶‍🌫️🧠,Why Wars? Predators—a highly common personality type fostered by a total lack of ethical standards 💨,Oooh so this 3min minimum YouTube vid update only applies to vertical videos 🪕🦋 #tellmeyourstory"
BLUESsutra,genre (all),checked,,24,"When Blues is the  philosophy: not just sadness, but the dignity of enduring and still singing, together (because we all matter).",PLmBA9ODM1xHPQiiiZPxHr6rG8OvRqx-wk,https://www.youtube.com/playlist?list=PLmBA9ODM1xHPQiiiZPxHr6rG8OvRqx-wk,https://i.ytimg.com/vi/h0j7e3sGm9g/maxresdefault.jpg,,,"Tell The Truth 🍄 KNOWsutra Psychedelic Blues,""So, What Is Racism? 🍌🐒 KNOWsutra Banjo Booya Folk Harmonica Blues"",Bloom Past Doom (Apes Gone Wrong Series) EPx2 • BLOWsutra Revolution Ring Conscious Folk Dream 🐒📺,Rainbows in the Clouds 🌈 GLOWsutra BLUES + LOFI EPx2 ~ a gratitude song inspired by Maya Angelou 🎼,""Sing Your Own Gospel • GROWsutra (God, Etc.) Magic Wand Gospel BLUES 🙌🎵"",“Make America Safe Again”—a torch song for kids whose future’s being destroyed by greed & deceit 💔,“Foolish Goldfish” is one of my oldest #worldpeace psychedelic prayer blues song #dontbeagoldfish,Sidération Blues • BLOWsutra (antiantiantifa) Dub Indie BLUES 🎤🙂‍↕️,“Easy (Death Is Nothing At All)” 🧘‍♀️ A Rare BOWsutra Divine Lullaby Bluesy Dub Song About Death…,Rhiii-no-ce-rosss 📺🍌🎶 Surrealist BLOWsutra BLUES song inspired by Eugène Ionesco,“What It’s About” Murica 🇺🇸 • A Blues song from the bottom of my heart (escaping the Brandolini law),“Men accountable to no one are not to be trusted.”—Thomas Paine,A cheeky humble French frog question in a song: “Who needs a big D?” 🐸 or “botched coQ implant” LOL,“Ain’t doing bad doing nothing” is one of the wonders found in the holy realm of #publicdomainmusic,True story… with gratitude to whoever convinced greedy corporate ghouls to accept #publicdomain laws,Whack-A-Schmuck-Woke • Not Recommended for Moronic Homophob!c Egotistic Catholic Hacks • BLUESsutra,Invisible Man in the Sky ⭐︎ George Carlin's Blessing ⭐︎ Holy Gospel BLUESutra,WHACK-A-DUCK • FOTUS CIRCUS • QUACKsutra,Serial Blowers—it’s like serial k!llers but(t) from an ethical POV,Ain't Doing Bad Doing Nothing ... Find the differences  🪕🤖 BLUESsutra,Public Domain Duckin’ Banjo Head • BLUESsutra 🦆💨,Nothing like a wet peaches blues 🍌📺,Project 2025 Matters: “Why You Lie (to the People’s face)?” 🇺🇸👺,“The Invisible Man in the Sky” is inspired by and dedicated to George Carlin’s brave twinkles 🏴‍☠️,Watch MAWA MAWA BANJOsutra Ma prove ageism is just like sexism and racism—i.e. made of bias 🪕 #WOKE,""PSA: happiness is kind… Kindness lyrics ©️ BananaSutra, a song inspired by Naomi Shihab Nye’s poem."",Project 2025 on my mind • #unbranded KNOWsutra bible cabaret • GOSPEL,The Weary Blues • Public Domain Lyrics • BLUESsutra,Because justice matters and mathematicians can count…,""F.O.T.U.S. CIRCUS : Angel Eyes, Devil’s Lies"",🎪🎶☁️,""FOTUS Circus 🎪 aka the Tyranny of Ignorance that unalived me, and so many… #asseenontv"",""Dear God people, please stop judging other humans truth based on your fears—it’s cowardly & unfair."""
SHORTsutra Bananas Matter,collection,checked,,137,Under 3 minutes only.,PLmBA9ODM1xHMIj6H4E2S7bMf4cnyqgrsu,https://www.youtube.com/playlist?list=PLmBA9ODM1xHMIj6H4E2S7bMf4cnyqgrsu,https://i.ytimg.com/vi/JcoQ5JSS1M0/maxresdefault.jpg,,,"Are you a grifter or a gifter? (Hot tip: grifters are likely to lie… proof even the best Qs #fail ;),""Different day, same joke 🗽🍔 #happyfoolsday #thegreatdicktator #ifonlyiwasjoking"",When the internet be like 🦗💨  #meow #okeydokey,“But(t) How Can You?” is a quirky lill’ #scoobydoo detective story chasing ghostly good consciences…,""“1% Rising” is a Gipsy GROWsutra sort of #hope song for the Curious, the Honest, and the Unseen 🌝✨"",What does #humpday mean to ya? Asking for my no drama lama 🦙💨,""“Question the Nation” Gipsy LoFi EPx10, with fool lyrics, available on #soundcloud #poetryshorts"",""Even Socrates knows… shady fools, oh they BLOW(sutra), & that is #why the world’s gone bananas 🎶🍌"",Because #gratitude is basically what I survive on… #mayaangelouinspired—minus that last line 🥹🍌💦,""And now, for a brief #dystopianart interlude, in a world gone bananas… Do you know the feeling⁉️"",“If We Had But(t) The Truth” 🍌🌪️ or why the #newworld order is goddamn stoopid (I did the math 🥜),“Ignoramus Divine”—a very real surreal burlesque fascist duck danger story song #donaldsucks (a$$),""If We Had But(t) The Truth… BUT NOPE, because the Minneapolis witnesses are being arrested by #ice"",“This is what #dissent looks like now” 🎧 BLOWsutra Revolution Ring Conscious LOFI Dream 💭,""“It’s War, My Friend” felon fun: the unapproved-by-congress U.S. Department rebranding cost ~ $2B 💥"",""“Hitlus with your best shot”—in EU, everybody knows #elonmusk is a bona fide neo-naz!!! #nowyouknow"",""“Hey, Creeps” is a song about the rise of creepy trolls talking crap in people’s backs, on & offline"",“They Call It Freedom” Halloween Edition • BLOWsutra Revolution Ring song #suno5 #aivoiceover,""Hi, My Name Is… Not #célinedion—and that my friend is a true name tag story 🎙️🍌 What’s your name?!"",""“Read Me Harder” (B.B. is for Banned Books)—a song that honors Atwood, Bradbury, Huxley, & Orwell 📚"",""Developing a rich, nuanced, Authentic Imagination relies on #criticalthinking—make songs while u can"",""Bananasutra, c’est “La Force Douce” 🎤🥰 #worldpeace French Gipsy LoFi Fusion #prayerwarrior #music"",""Oy! We Care! 🇺🇸🧨 LA, DC, CHI, Boston, Memphis, & now Portland #revolutioneducation #songoftheday"",God Made a Mistake (at the Art Gallery)... 🎭📺🍏💨,Apes gone wrong on “Planet Idiocracy” is like evergreen #historyrevealed (in a banana peel;) 🥜🙈💥,“Idiocracy Now” World LoFi Fusion 🎧⚠️ IRL Murica Movie Prequel currently playing goldfish near you,""And “the winner” is 🥁 #boston—will #dhs use WW2 Naz! terminology, like in #chicago ⁉️🤨 #theblitz"",#qotd 🇺🇸 What’s the difference between the movie “Idiocracy” & MAGAcracy? The timeline #donotpanic,""“Hi, Amigo Mio” is a #dub song about how to make love last 🎤😇💦  #truthmatters #trustiseverything"",""“Hey, You”, or The Art of Watching Without Witnessing on Creepers Lane 🐑 BLOWsutra Indie JAZZ Music"",""New UH-OH moment, new bananasutra song... Turns out, M@G@ stands for """"Make Amurica GULAG Again"""" 🇺🇸🪆"",""The only logical reason that could explain Murica's current ab0rtion laws:  """"SS means Sacred Sperm"""""",“RUN now (if you can)” #notadrill 🇺🇸 unless the American GULAG era is your cup of diet coke⁉️,""I was so relieved to confirm the new American pope Leo is so not a m@g@ show, I cried 😇🤌 #bewoke"",""If you or your teen haven’t read “Steppenwolf”, by Herman Hesse, I’d like to recommend you do ❤️‍🔥"",Who trusts a pedo-rap!st?! And w/ mass#incarceration #maga will soon mean Make America Gulag Alright,""Once upon a time, in the lost souls galaxy 💔🇺🇸🦆💨"",""“Making songs like others meditate, flex, or pray…” 🍐 #pear dreams #lyrics matter #lostmusic #suno"",Banjo banger tale of a pedoking  “Tweeting from the Throne” 🚽🇺🇸 #unreleased #truestory #aivoice,Let’s play a game where we all win 🥇 #GROWsutra,“Men accountable to no one are not to be trusted.”—Thomas Paine,Profane Obscenities 🌕📺🦆🤬💨,""SIDÉRATION is calling, the White House is burning, Murica is drowing, & the people do nothing 🤯🇺🇸"",""Felon Nation just stared, on silent. No one dared rise—a new kind of sidération, no dissent… yet?!"",Season 1 = #MassDeportations Season 2 =  #MassIncarcerations  #run — if you can 🤞🥺 🇺🇸,Please don’t ever dare say the rise of fauXism in Murica was insidious… the entire world sees it 🌍,""Turns out the G in MAGA was for GOTCHA… the N in MANA, for yazi  & the opposite of Woke is White ☣️"",""I wrote “Ducktator Lament” the night of the presidential debate, pre-election… how on point 🏴‍☠️💭"",Why do the grown-ups fight so loud? And where do kites fly now? #🕊️ #ceasefire #aivoice  #sunomusic,""Jingoism is scary… and 74% of the world’s nations, many of them “democracies”, are now “autocratic”"",""While seeing 3 of the 4 top #freeapps in #appstore are #Bible apps is suspicious, Leo seems kind 🙏"",""#yoda said Murica is so #insane, there’s no word—only the (French) word “sidération” comes close🩸"",""Meanwhile, at the bananasutra #artgallery 🍌💨"",“Rainbows in my Cloud” 🌈 is a @bananasutra #gratitude #folk song inspired by #mayaangelouquotes,""“Can you play win-win or no?” she asked to the pesky orange pest, aka FOTUS… answer is no, fosho 💔"",""Blessed be #georgecarlin fair and empathetic observations, on 1960s #supremecourt “profanity” issue"",""Fun fact: fauXism kills libidos, and to “Make America Humane Again” h-o-r-n-y would def help! #maha"",Meta Metaphors Matter… like silly frogs and bunny #poetry 🦗🐸 #authenticbranding #revolution,“Too hard” is a song inspired by a #darling quote from #aldoushuxley  #sunomusic #aivoice #authentic,""I gotta confess, it’s true a duck can make life feel #hopelessly #notgreat 🦆🇺🇸💔📺🌫️ #bekind"",""God almighty, (please) tell me #why #queer is so wrong, scary, or dangerous? 🪕👼 #banjomusic"",U didn’t read #project2025 yet bc u 1) don’t like #spoilers or are 2) an ostrich 3) dodo inside 🦤⁉️,""Mourning the death of Federal Workers Bargaining #rights MAKA MAKA, please Make America Kind Amen 🙏"",""This is #boburnham “What’s funny?” song, but(t) updated for  #project2025  (ha) #questionsallowed"",""Please, God, Make America #kind Alright? Knowledgeable helps too—oops, too late #educationmatters"",""Make America #kind Alright⁉️ And #smart #safe and humane too, aka #woke already, oui oui #MAKA  🔫💦"",""Please pardon my bananas—just indulging in satirical #blessedbe (the fruit) jokes, while I can  🦅🎶"",""Jeopardy question, for $1M: “sipping lies through a #plasticstraw laughing louder than the law”…"",“Dressed in Wonder”—a song about the fact social interpretations are often #fool of #bias  🎸🐇💨,How's ur #wonderland doin’? Blessed be #dreams of genuinely harmonious life on Earth 🪕🐰🎩 #staysafe,“Ain’t doing bad doing nothing” is one of the wonders found in the holy realm of #publicdomainmusic,""I’m biased, bc I was raised under the French #constitution … but(t) #fraternity does matter ✌️🥸🏳️"",""Make America Kind Already 🦆 this macchiavelian faith’s just beyond embarrassing, heh?… #fotuscircus"",""Bye #education 😭🌈 Hi, increased #poverty & #crimerate 🇺🇸🍏 SAD #surrealism #makeamericasafeagain"",""“Have fun, enjoy the partey (I'm dead inside)”"",Doin’ nothing but(t) dream FOTUS CIRCUS’ just a #jazzy nightmare 🛸 #sensitivecontent #publicdomain,True story… with gratitude to whoever convinced greedy corporate ghouls to accept #publicdomain laws,Social media corporations forcing FelonDon & ElonTwat down my feed throat must STOP #metoomovement,Because fairies #magicmatters and sincere wishes count 🧚🍀 note: #happiness ain’t about gold = true,""That #duck wobbled in like a con meme… Oh Murica, can pride feel shame❓Or y’all just sheeple twats⁉️"",Can the #cacophony of cocksure bollocks ever “trickle out” of this Felon’s kingdom⁉️🍿,What the Twat #revolution #wanted #aivoice #aimusicrevolution 📺🚨 #grock ETHICAL ALERT ‼️,""The worst #aichatbot gonna mock, and that is #grock aka jock-a-lot oh boy what-a-shock 🚨🤥"",""PSA🤥 #grockai is not objective, not scientific, and not critical at all of its daddy’s ties to EFD!"",""And dck #corruption goes on—like history, justice, and truth never ever mattered in #murica 🦆💨"",""True story: I’ve been loyal to the same scent most of my life, it’s called #whitemusk JOKE’s on me⁉️"",Why you lie to the people’s face? #project2025 🚨🚨🚨 #authenticimagination,Truth is the only path that leads to heaven and y’all MAGA felons aids are going to hell—obviously,PSA: #woke just means your brain ain’t a (d!ck) joke! True story 🍌🙉 #mawa,When #udiomusic understands the assignment (almost;) #whoop #shadyduck #makeamericathinkagain 🦆💨,""But is asking a Felon why he lies like playing dumb? Yeah… Oh boy, the wicked #irony in that story💔"",""No matter what the poossy grabber says, liars can’t #woke & dogs shall pee free rainbows #notagain"",""In a world of bleak bias babbles à la Dolon Trusk Shining Twins Egos Gone Quack, blessed be #poetry"",MASA (Make America Smart Allright) MATA (Make Americans Think… Amen)—the gloom of doom matters 😵🪦,Serial Blowers is a #song about killers of dreams glorified as the winners of a new mad world order,Ambient levels of cognitive dissonance (about bullies’ glory) are so ducking toxic 😵 #deadinside,Escaping my #FOTUS anxiety with the wonder of a banana rainbow & my imaginary puppy 🌈✨ #banjosutra,📺🚩 V is for vérité—which #malefantasy is your commercial aka social feed selling you today? 🛁🫧,Step Right Up To The Show Tonight ❤️‍🔥🏴‍☠️ (Allen Grinsberg Poetry + #aimusicrevolution = yum),… #allIwish ain’t cocksure fairy Valentine fantasy but(t) remember the glory of #peaceful humility?,Okie Dokie 🎈👀🏴‍☠️ #aimusicrevolution,""Yo Felon Nation, what’s the deal with #doublestandards — the world is asking 🇺🇸 @banasutra lyrics"",""Too hard, darling, too hard—said #aldoushuxley 😘"",""Why does history repeat? Are we dumb, or numb, or like goldfish in a bowl?… #knowsutra #gonebanana"",Because God knows we all need a lill’ #fotuscircus interlude & #allenginsberg poetry is underrated,""Fascist Tango, Down We Go (with Waldo)"",""But(t) El Bully doesn’t believe in music therapy, nor cares for #FelonNation or #celloshorts—do you?"",How to help Bible sheeples #GROWup … my prayer for dogma bananas to rest in peace 🕊️  #secularnews,""Please be kind, like all real winners—said an educated duck with benevolent sweetness #countrymusic"",""Please be kind, like Apple customer service phone line said… #duhok #aimusic #blues #kindness"",Me praying DJT trashing MLK dreams for inauguration doesn’t mean nightmares come true now🕊️ #peace,""Hey time travelers, did #democracy die on a #yearofthesnake 🐍⁉️with my apologies to honest snakes"",Kindness Matters (more than ever...),How to help a Bible bro grow up 🇺🇸 ️ @bananasutra Bible song lyrics #GROWsutra #aimusicrevolution,Can we Make Ducks not dicks Again? Blessed be Authentic Idiots wannabe President #midjourney,#QOTD: why did someone (lame) at #youtube decide NOT to allow users to preview videos upon upload?,""Blessed be Frank, and all the unsung heroes of the #publicdomain resistance ❤️‍🔥 #theworldweknew"",Tell me why 🪕💃🏻🦋,Oooh so this 3min minimum YouTube vid update only applies to vertical videos 🪕🦋 #tellmeyourstory,Prophetic Surreal Rêverie #existentialphilosophy #humanity,What’s wrong…,“Mind the Felon” x5 is now on bananasutraSoundCloud 🖤 #existentialphilosophy #truecrimestory #aiart,Mind le Felon 🦆💨 #quackity,Hold the mic (brat:)  🎙️👸🏾🇺🇸 #cantwait,Let’s see if #copyright vampires dare claim rights on my sweet sample  #françoisehardy #cover #rip,""So here’s a giraffe, with cream and stuff #frankzappa #augmentedimagination"",The feel of the waltz of pages turning 📖🎶 #existentialphilosophy #acousticideas #abandon,Criminels • A Universal sutraFRENCH (his)Story Original Song,Seminal Bollocks • Original Pop Punk Rock Bible Story • Bananasutra(Blow) Accelerated Ideation Music,Rainbows in my clouds • Original Banjo Grace & Gratitude Lullaby • Bananasutra(GLOW) aiMusic 🕊️☁️🫧🌈,""Hey, You (Creepers) • Honest and Brave Folk Tale • Bananasutra(Blow) Authentic Imagination Music"",""Dear God people, please stop judging other humans truth based on your fears—it’s cowardly & unfair."",Questions are always wise bc meaning matters #sutraknow #woken #broken #diymusicvideo #diymusic,QOTD: What Would Frank Sing about DonOld 🍌🐵⁉️ #frankzappa #musicmatters #murica #gonebananas #wwfs,I remember when…"
GROWsutra: KIND(ness),songbook,checked,GROWsutra,11,"Songs about kindness as a practice: not as sweetness, but as a deliberate, sometimes difficult choice.",PLmBA9ODM1xHPpocJo4Hp4DVUDNlOoRgYm,https://www.youtube.com/playlist?list=PLmBA9ODM1xHPpocJo4Hp4DVUDNlOoRgYm,https://i.ytimg.com/vi/8yRt0xH3fnc/maxresdefault.jpg,,,"""Kindness, Oh Sweet Kindness 🌈🌥️ GROWsutra Kind(ness) Prayer for Brave and True Hearts (Only)"",""Kindness is rooted in compassion, it is clear, brave, wise, it is mighty—the very opposite of weak 💕"",MAKA song encore (now served with a plastic straw;)🥤🧢 🛋️  Make America Kind Alright?!,""Please, God, Make America #kind Alright? Knowledgeable helps too—oops, too late #educationmatters"",""Make America #kind Alright⁉️ And #smart #safe and humane too, aka #woke already, oui oui #MAKA  🔫💦"",""PSA: happiness is kind… Kindness lyrics ©️ BananaSutra, a song inspired by Naomi Shihab Nye’s poem."",""Please be kind, like all real winners—said an educated duck with benevolent sweetness #countrymusic"",""Please be kind, like Apple customer service phone line said… #duhok #aimusic #blues #kindness"",""Real gods are humble, curious, and kind—not pompous, envious, or righteous… all agnostics know THAT!"",Kindness Matters (more than ever...),Kindness ABC (winners are kind) • KIDsutra"
KNOWsutra : Bertrand (He Knows),songbook,checked,KNOWsutra,17,"Bertrand Russel's corner: songs channeling my favorite dead daddy spirit and philosophy, in musical form.",PLmBA9ODM1xHMLbHcf9a0Uwp2WKH0ZZz5k,https://www.youtube.com/playlist?list=PLmBA9ODM1xHMLbHcf9a0Uwp2WKH0ZZz5k,https://i.ytimg.com/vi/MFOWBYybGD0/maxresdefault.jpg,,,"""“Two Things, Darling“ 🎻 KNOWsutra Conscious Gipsy Cello LoFi Indie song inspired by Bertrand Russell"",""It’s an Ethical Paradox, an Oxymoron Maze •  EPx2 • KNOWsutra (Bertrand Knows) Burlesque Gipsy Jazz"",Okie Dokie (Not It’s Not) • BLOWsutra (Apes Gone Wrong) • Burlesque Trip Hop(e) LOFI 🌀📺 1 min cut,It's an Ethical Paradox • EPx2 • KNOWsutra (Bertrand Knows) Gipsy Burlesque JAZZ 🦉💭,A song inspired by “The Conquest of Happiness”—a 100yo #timeless book by #bertrandrussell #mustread,""“The Conquest of Happiness”, EPx2 inspired by Bertrand Russel’s Book • KNOWsutra Indie Burlesque 📖❣️"",""“Blessed Are the Cracked” (another bananasutra song inspired by Bertrand Russel, and Leonard Cohen)"",“Where Wonder Lies” • Philosophical Meditation on God • Bass Lullabies JAZZsutra,“Where Wonder Lies” • Folk Song inspired by Bertrand Russel on #religion • KNOWsutra Music Lounge 🤓,Feel di Riddim • Lyrics inspired by #bertrandrussell 1929 essay on religion (amen),Bertrand Russel asked “Has Religion Contributed Anything Useful to Civilization?” 💌 🎧 🕊️,""It’s not AI, it’s the fact the concept of Ethical Paradox is now an oxymoron (said my gorilla face)"",Because justice matters and mathematicians can count…,Unbranded LOFI LORES Bertrand Russel’s Hip Hop wisdom FTW 🎭,""Do you make songs your head too?… I’ll share one, you share one :)"",""I like this song, too… you?"",📺 🕊️❤️ #madewithlove"
BLOWsutra : MA❔A Saga,songbook,checked,BLOWsutra,15,The MAxxxA Saga: satirical dispatches from the Make America Kingdom Again era. A continuing series.,PLmBA9ODM1xHPBTS5-4F6iCrzF0uzm4Nz4,https://www.youtube.com/playlist?list=PLmBA9ODM1xHPBTS5-4F6iCrzF0uzm4Nz4,https://i.ytimg.com/vi/55Rxmw4804k/maxresdefault.jpg,,,"“Make America Safe Again”—a torch song for kids whose future’s being destroyed by greed & deceit 💔,Who trusts a pedo-rap!st?! And w/ mass#incarceration #maga will soon mean Make America Gulag Alright,""When the opposite of Woke is White privilege, even the secretary of defense wears a yazi tattoo 🥂💣"",Oh MAMA… Make America Mine Achtung—said the new white king of jingoistic greed 🦆💔🇺🇸,""Fun fact: fauXism kills libidos, and to “Make America Humane Again” h-o-r-n-y would def help! #maha"",MAKA song encore (now served with a plastic straw;)🥤🧢 🛋️  Make America Kind Alright?!,MAKA MAKA 📺🇺🇸 Meowrica,""Mourning the death of Federal Workers Bargaining #rights MAKA MAKA, please Make America Kind Amen 🙏"",""Please, God, Make America #kind Alright? Knowledgeable helps too—oops, too late #educationmatters"",""Make America #kind Alright⁉️ And #smart #safe and humane too, aka #woke already, oui oui #MAKA  🔫💦"",""Make America Kind Already 🦆 this macchiavelian faith’s just beyond embarrassing, heh?… #fotuscircus"",FOTUS CIRCUS 🎪 Make America Humane Again #maha • #unbranded Accordion BURLESQUEsutra,PSA: #woke just means your brain ain’t a (d!ck) joke! True story 🍌🙉 #mawa,Watch MAWA MAWA BANJOsutra Ma prove ageism is just like sexism and racism—i.e. made of bias 🪕 #WOKE,MASA (Make America Smart Allright) MATA (Make Americans Think… Amen)—the gloom of doom matters 😵🪦"
GROWsutra : GOD (Questions Etc...),songbook,checked,GROWsutra,28,"Songs that look directly at God, faith, and the cosmic absurdity of spiritual seeking. Questions welcome. Answers suspicious.",PLmBA9ODM1xHMdG7cOXTGY_J31RYBXVReV,https://www.youtube.com/playlist?list=PLmBA9ODM1xHMdG7cOXTGY_J31RYBXVReV,https://i.ytimg.com/vi/-1B3lFfieo4/maxresdefault.jpg,,,"""Invisible Man in The Sky • EPx2 • GROWsutra (God, Etc.) Holy Indie Folk, inspired by George Carlin"",""The Atheist Tango 📺💡GROWsutra (God, Etc.) Burlesque Jazz • Lyrics inspired by Ralph Waldo Emerson"",""Sing Your Own Gospel • GROWsutra (God, Etc.) Gipsy Piano Burlesque JAZZ Edition 🎼🎧"",""Sing Your Own Gospel • GROWsutra (God, Etc.) Magic Wand Gospel BLUES 🙌🎵"",""Seminal Bollocks 🪗✨ Holy Merry GROWsutra (God, etcetera) Psychedelic Accordion Chanson Daze Dream"",""Queer Almighty (Tell Me Why) • GROWsutra (God, Etc) Conscious Banjo Prayer Dream 🪕🐸"",“HARDCORE” 🎻 KNOWsutra Cello Indie Music,Seminal Boll👀cks • EPx2 • KNOWsutra Psychedelic Punk Rock Burlesque Cabaret Music,""I was so relieved to confirm the new American pope Leo is so not a m@g@ show, I cried 😇🤌 #bewoke"",""While seeing 3 of the 4 top #freeapps in #appstore are #Bible apps is suspicious, Leo seems kind 🙏"",""Why Trust an Old, Mean Felon, or Religion? Brave and Constructive Debate Welcome 🙏#criticalthinking"",""“Make your Own Bible” : a bananasutra Gospel song for State Employees, inspired by Ralph W. Emerson"",""Blessed be #georgecarlin fair and empathetic observations, on 1960s #supremecourt “profanity” issue"",""God almighty, (please) tell me #why #queer is so wrong, scary, or dangerous? 🪕👼 #banjomusic"",""“Queer Almighty” is one of the first songs I ever wrote, and so very dear to my heart… pls #bekind"",Invisible Man in the Sky ⭐︎ George Carlin's Blessing ⭐︎ Holy Gospel BLUESutra,Feel di Riddim • Lyrics inspired by #bertrandrussell 1929 essay on religion (amen),Bertrand Russel asked “Has Religion Contributed Anything Useful to Civilization?” 💌 🎧 🕊️,“The Invisible Man in the Sky” is inspired by and dedicated to George Carlin’s brave twinkles 🏴‍☠️,How to help a righteous god-fearing so-called pro-life bro hear how women feel about Bible bullies 🔥,How to help Bible sheeples #GROWup … my prayer for dogma bananas to rest in peace 🕊️  #secularnews,How to help a Bible bro grow up 🇺🇸 ️ @bananasutra Bible song lyrics #GROWsutra #aimusicrevolution,Make songs not bongs 🪕📺🐸💡,Queer Almighty • DUB prayer • KNOWsutra (questions matter),You name it…,Queer Almighty • Sunday World Prayers Matter • Bananasutra(KNOW) A Capella,Seminal Bollocks • Original Pop Punk Rock Bible Story • Bananasutra(Blow) Accelerated Ideation Music,""Dear God people, please stop judging other humans truth based on your fears—it’s cowardly & unfair."""
ROCKsutra,genre (all),checked,,22,"The post-punk rock channel: electric, distorted, and louder than it probably needs to be. Bananasutra plugged in the post-constitutional universe, ha.",PLmBA9ODM1xHNAliNi5o2zRGlvQeK8pXPO,https://www.youtube.com/playlist?list=PLmBA9ODM1xHNAliNi5o2zRGlvQeK8pXPO,https://i.ytimg.com/vi/cL8Id15leJY/maxresdefault.jpg,,,"Shady Fools (Oh Can’t You See?) • BLOWsutra (Egos Gone Loco) Burlesque Rock + Gipsy LoFi EPx2 🎧,""I Did the Math, and Everything is Stupid 🤗🍌 SHOWsutra Post-Psy-Punk Absurd Burlesque ROCK"",""I Did the Math, and Everything is Stupid 🍌🎸 SHOWsutra Peanut’s Fanana Club, psySnoopy JAZZ Edition"",""Not Bad, Friendo 🪐 SHOWsutra Infinite Psychedelic Galaxy Wink to the Burlesque Post-Punk Universe ✨"",""“It’s War, My Friend” felon fun: the unapproved-by-congress U.S. Department rebranding cost ~ $2B 💥"",""“Hitlus with your best shot”—in EU, everybody knows #elonmusk is a bona fide neo-naz!!! #nowyouknow"",""“Hey, Creeps” is a song about the rise of creepy trolls talking crap in people’s backs, on & offline"",“Tell The Truth (It’s Destiny)” • KNOWsutra Psychedelic Burlesque Indie Rock 🤘😶‍🌫️🎶,""Oy! We Care! 🇺🇸🧨 LA, DC, CHI, Boston, Memphis, & now Portland #revolutioneducation #songoftheday"",Hitlus With Your Best Shot • QUACKsutra Psychedelic Punk Rock Music Collab 🎸🎶,“Sidération’s Calling” 📺🎶 QUACKsutra Indie Pop ROCK Music about a World Gone Bananas 🍌💥,Hey You (Cheeseheads Encore) 🤘👔 BLOWsutra Burlesque Punk Rock Music,Hey You 🫵 BLOWsutra Punk Rock Burlesque Banana Cabaret Slam,Seminal Boll👀cks • EPx2 • KNOWsutra Psychedelic Punk Rock Burlesque Cabaret Music,Blessed Be The Dogs 📢🤘🐶🎶 SHOWsutra Psychedelic Post-Punk Rock Banana Cabaret Delight,What the Twat #revolution #wanted #aivoice #aimusicrevolution 📺🚨 #grock ETHICAL ALERT ‼️,Truth is the only path that leads to heaven and y’all MAGA felons aids are going to hell—obviously,As FOTUS Circus Dogelon Trusk TWATs teams continue to plow (and salute) and the people just watch 📺🚨,""FOTUS Circus : lyrics inspired by the revolutionary poetry of Twain, Wilde, Orwell, & Ginsberg 🎪"",Step Right Up To The Show Tonight ❤️‍🔥🏴‍☠️ (Allen Grinsberg Poetry + #aimusicrevolution = yum),""Blessed Be Your Voice ☆ ROCKsutra (Let's Make America Blessed Again, please! Like ASAP, ok?;)"",""Some truths are harder to swallow, inspired by Morissey and Carl Sagan in a world gone bananas🤷🏻‍♀️🍌"",Meet Dolon Trusk 🎪 ROCKsutra,Seminal Bollocks • Original Pop Punk Rock Bible Story • Bananasutra(Blow) Accelerated Ideation Music"
GLOWsutra : POET(ry),songbook,checked,GLOWsutra,3,"The Poetry songbook: GLOWsutra songs rooted in the spoken word tradition, where lyric becomes literature.",PLmBA9ODM1xHP3vEcCAbUNFOmKyrivdxIT,https://www.youtube.com/playlist?list=PLmBA9ODM1xHP3vEcCAbUNFOmKyrivdxIT,https://i.ytimg.com/vi/OUeeMQn60H8/maxresdefault.jpg,,,"""Kiss a Pulse • GLOWsutra Gipsy Smoky Sultry Psychedelic JAZZ, inspired by Lucille Clifton’s Poetry ✨"",Awe is Mighty - EPx2 inspired by Mary Oliver - GLOWsutra Poet(ry) Indie Lullaby For Adults,""Early last century, Franco executed Garcia Lorca for being a free spirit... Now Trump hunts Obama❔❔❔"""
LULLAsutra,collection,checked,,20,"Lullabies for adults who never quite got the comfort they needed as children. Tender, slow, and a little melancholy.",PLmBA9ODM1xHPBqiTUHJuDtTeZfafWCMUG,https://www.youtube.com/playlist?list=PLmBA9ODM1xHPBqiTUHJuDtTeZfafWCMUG,https://i.ytimg.com/vi/QMaxq0XhyRk/maxresdefault.jpg,,,"The Cabaret Where No One Knows • BLOWsutra Psychedelic Cello Mark Twain Indie Reality Circus 🎪🐸,Awe is Mighty - EPx2 inspired by Mary Oliver - GLOWsutra Poet(ry) Indie Lullaby For Adults,""Self-Remembering… because now and then, everyone needs a loving lullaby, to flow kinder deeper ✨"",“Tell the Truth (It’s Destiny)” • KNOWsutra Psychedelic Cello LoFi Indie Dream 🎼,Everybody Knows (Prayer is Free) 🎻 🎼 KNOWsutra (Truth) Cello Freedom Magic Indie Folk Song 🕊️🪄✨,“Easy (Death Is Nothing At All)” 🧘‍♀️ A Rare BOWsutra Divine Lullaby Bluesy Dub Song About Death…,""Hereby, I Cry 🖤 GROWsutra Mantra Prayer Dream (from the so-called Land of the Free)"",Hope is Do-Do-Dope Encore 🎻😽 SHOWsutra Gipsy World Peace Indie Fusion Dream 🎼,QOTD: Did You Know a Rhinoceros is Deadlier than a Tiger 💁🏻‍♀️📺⁉️ (I bet Eugène Ionesco did know),""“Oh My, Oh Why”, asked Socrates, and then, they silenced him… Men learned nothing in 2000 years!"",“Too hard” is a song inspired by a #darling quote from #aldoushuxley  #sunomusic #aivoice #authentic,“Where Wonder Lies” • Philosophical Meditation on God • Bass Lullabies JAZZsutra,“Where Wonder Lies” • Folk Song inspired by Bertrand Russel on #religion • KNOWsutra Music Lounge 🤓,“Shades of Fools” (encore) 🌼🪗 BURLESQUEsutra Peace Circus #unbranded #fool,Peace Unseen • Banjo Blues FLOWsutra,I did the math and everything is stupid spirit 💫,Do I need to talk to the Suno Public Domain manager for ‘em to stop incorrect copyright claims ⁉️🙄,""Hush dreams or shush nightmares, the choice depends on our ability to respect each others…"",""Too hard, darling, too hard—said #aldoushuxley 😘"",""Real gods are humble, curious, and kind—not pompous, envious, or righteous… all agnostics know THAT!"",""Tell your Truth, Kids, before you can’t—and please be kind, for peace sake ☮️ #bananasutra #blues"",""Male Fantasies ☆ LOFIsutra trip hop song inspired by Margaret Atwood, with love from San Francisco 🌁"",“We Are The World” ☆ Remember that song? This is an existential French trip hop LO-FI version of it.,Male Fantasies DUB • Lyrics inspired by a Margaret Atwood quote • bananasutra production,Self-remembering • Meditation inspired by Dr. Charles Tart • DRUMsutra,You name it…,Self-Remembering • A True Meditation Story  inspired by Dr Charles Tart • JAZZsutra,""Do you make songs your head too?… I’ll share one, you share one :)"",""I like this song, too… you?"",Let’s see if #copyright vampires dare claim rights on my sweet sample  #françoisehardy #cover #rip"
FLOWsutra : WET (My Friend),songbook,checked,FLOWsutra,12,"The WET My Friend songbook: water, emotion, tears, rain, and the permission to feel deeply.",PLmBA9ODM1xHPhI6D2zJmzY-6YPjlIiFam,https://www.youtube.com/playlist?list=PLmBA9ODM1xHPhI6D2zJmzY-6YPjlIiFam,https://i.ytimg.com/vi/CpRrVWLTBa4/maxresdefault.jpg,,,"""A lill' late night jazz dream song, because #winwin is the only game worth playing ✨ #flowsutra"",Ain’t Doing Bad Doing Nothing • FLOWsutra WET (Public Domain Lyrics) Psychedelic Vocal JAZZ 🎤🌈,""“Hi, Amigo Mio” is a #dub song about how to make love last 🎤😇💦  #truthmatters #trustiseverything"",“Ain’t doing bad doing nothing” is one of the wonders found in the holy realm of #publicdomainmusic,Doin’ nothing but(t) dream FOTUS CIRCUS’ just a #jazzy nightmare 🛸 #sensitivecontent #publicdomain,True story… with gratitude to whoever convinced greedy corporate ghouls to accept #publicdomain laws,Ain't Doing Bad Doing Nothing ... Find the differences  🪕🤖 BLUESsutra,Public Domain Duckin’ Banjo Head • BLUESsutra 🦆💨,Nothing like a wet peaches blues 🍌📺,Do I need to talk to the Suno Public Domain manager for ‘em to stop incorrect copyright claims ⁉️🙄,""Nothing like a cool crisp day, here in the dear SF Bay 🍏🐇🍌👀"",#QOTD: why did someone (lame) at #youtube decide NOT to allow users to preview videos upon upload?,You name it…"
BLOWsutra : Apes Gone Wrong,songbook,checked,BLOWsutra,42,"The Apes Gone Wrong songbook: songs about power, tribalism, and the primate politics hiding behind civilized behavior.",PLmBA9ODM1xHMQkFpQnXdedZCPVTKnTJwX,https://www.youtube.com/playlist?list=PLmBA9ODM1xHMQkFpQnXdedZCPVTKnTJwX,https://i.ytimg.com/vi/6sY3fz517_c/maxresdefault.jpg,,,"""No, I’m not being political (circa 2026) • EPx4 • BLOWsutra DUB + RAGGA + MOTORIK + BURLESQUE 🏴‍☠️🎶"",The Sound Of Logic • KNOWsutra LOFI DUB MOTORIK EPx4,Are you a grifter or a gifter? (Hot tip: grifters are likely to lie… proof even the best Qs #fail ;),If We Had But(t) The Truth ☝️ BLOWsutra (Censored) Jazzy Psychedelic Hip Trip Bleep Hop LOFI Therapy,Ordo Amoris In Decay 🕊️🎻 BLOWsutra (Apes Gone Wrong) Psychedelic Indie Cello World Peace Chanson 🍷🎶,Make Amurica Gulag Again 🇺🇸 QUACKsutra Conscious Psychedelic Politics Storytelling Indie LOFI Music,""“Hitlus with your best shot”—in EU, everybody knows #elonmusk is a bona fide neo-naz!!! #nowyouknow"",""“Le Système”, ça veut dire on est foutu 🎹 Pardon my French #existentialism … c’est la vérité 🇫🇷"",""Bienvenue, mesdames et messieurs, au bal des salauds, au temps des salauds 🫀🎧 #french #realitysong"",“Le Bal des Salauds” n’est pas #breakingnews 🍏📺 #freedomfries  #truestory #originalsong 🎤 🎶,“Radio Static” clip 📖🎶 chez @bananasutra (gone wild again;),Idiocracy Now 📺🍟 QUACKsutra Psychedelic Reality turned Macchiavelic Dystopia Accoustic LoFi Music,""Idiocracy Now 😬 QUACKsutra Accoustic Banjo Music, Psychedelic Reality turned Macchiavelic Dystopia"",When Did Seduction Become So Untrue⁉️ GROWsutra Peace Flamenco House Techno Fusion Music,Planet Idiocracy 🙈🎶 BLOWsutra World Peace DUB,Serial Blowers (Everybody Knows) 🎼 BLOWsutra BS LoFi Pop Hop DUB Music,""It’s sooo ironic Eugenics are moronic, by their own definition of a #moron 😬🤌 BLOWsutra Gipsy Swing"",Apes gone wrong on “Planet Idiocracy” is like evergreen #historyrevealed (in a banana peel;) 🥜🙈💥,QOTD: Did You Know a Rhinoceros is Deadlier than a Tiger 💁🏻‍♀️📺⁉️ (I bet Eugène Ionesco did know),Ironic Moronic Eugenics 🐸🪰 BLOWsutra DUB Music,Liars (matter) 🎹 BLOWsutra Indie Empathy Clip,An Anti-AntiDUB Hum Song from a Cold Dark Theater of the Absurd a Million Tusks Away from Home 🎼🦏🌊,RhinoceroSS 🦏🎵💨 BLOWsutra PsyGipsy World Peace LOFI,Rhiii-no-ce-rosss 📺🍌🎶 Surrealist BLOWsutra BLUES song inspired by Eugène Ionesco,“Idiocracy Now” World LoFi Fusion 🎧⚠️ IRL Murica Movie Prequel currently playing goldfish near you,""“It’s War, My Friend” 💣‼️ DHS Chicago Operation Blitz is straight up WW2 Naz! Germany nomenclature"",#qotd 🇺🇸 What’s the difference between the movie “Idiocracy” & MAGAcracy? The timeline #donotpanic,How Do Kids Learn Now? 📺 When Did Seduction Become So Untrue? KNOWsutra Flamenco Techno Fusion Music,""“Freedom to Lie is the New Human Right”, a true BLOWsutra tale of crime bananas gone beyond wild 🇺🇸"",""New UH-OH moment, new bananasutra song... Turns out, M@G@ stands for """"Make Amurica GULAG Again"""" 🇺🇸🪆"",""Once upon a time, in the lost souls galaxy 💔🇺🇸🦆💨"",“What It’s About” Murica 🇺🇸 • A Blues song from the bottom of my heart (escaping the Brandolini law),""#yoda said Murica is so #insane, there’s no word—only the (French) word “sidération” comes close🩸"",""“Serial Blowers” are human killers of faith, truth, trust, hope, i.e. our life #soul 🧢📺 #injustice"",""I gotta confess, it’s true a duck can make life feel #hopelessly #notgreat 🦆🇺🇸💔📺🌫️ #bekind"",“Okey dokey (no it's not)” 🥕📺,What’s (not) funny?… 📺🍌 Time to #GROWsutra Murica,""I’m biased, bc I was raised under the French #constitution … but(t) #fraternity does matter ✌️🥸🏳️"",Serial Blowers—it’s like serial k!llers but(t) from an ethical POV,“Liars” • Authentic Illogisms of a World Gone Bananas • PianoSUTRA,""Serial Blowers Matter, a prayer in a song that goes beyond the twilight twats zone • DUBsutra music"",Okie Dokie 🎈👀🏴‍☠️ #aimusicrevolution,""This is Planet Earth to Higher Grounds, What have we done now? Oh no…"",""Fascist Tango, Down We Go (with Waldo)"",""L’ombre des criminels • Jazzy Piano Meow Duo sings Criminals, Yesterday Beatles • UDIO delight"""
FOLKsutra,genre (all),checked,,55,"The folk thread running through the catalog: acoustic, rooted, and built for telling the truth plainly.",PLmBA9ODM1xHO--25VyLoRMucAgIwe2CuT,https://www.youtube.com/playlist?list=PLmBA9ODM1xHO--25VyLoRMucAgIwe2CuT,https://i.ytimg.com/vi/MGkTpm5R3uM/maxresdefault.jpg,,,"""Even Socrates knows… shady fools, oh they BLOW(sutra), & that is #why the world’s gone bananas 🎶🍌"",""Rise Up (Freedom Rings) 🏴‍☠️ BLOWsutra Indie Folk Revolution Dream, inspired by Victor Hugo 🌾"",""Invisible Man in The Sky • EPx2 • GROWsutra (God, Etc.) Holy Indie Folk, inspired by George Carlin"",“If We Had But(t) The Truth” 🍌🌪️ or why the #newworld order is goddamn stoopid (I did the math 🥜),Bloom Past Doom (Apes Gone Wrong Series) EPx2 • BLOWsutra Revolution Ring Conscious Folk Dream 🐒📺,If We Had But(t) The Truth 🐶💬 BLOWsutra (Censored) Gipsy Psychedelia Accordion Cello Indie FOLK,Revolution’s Lit (Bloom Past Doom) • BLOWsutra Murica (Apes Gone Wrong) BANJO FOLK Revolution Ring 🪕,“Shades of Fools” is like a sweet lill’ gipsy folk burlesque delight of a wild tale in a song 🫰✨,They Call It Freedom ✊🕊️ BLOWsutra (Revolt Now) Music Therapy For The People,Peel Me Kindly 🍌💦 A SHOWsutra (True) Gipsy Jazz Love Story Gone Silly ‘n Sweet Bananas 🎶,Read Me Harder (BB is for Banned Books) 📚‼️ BLOWsutra Censor(Ed) Facts American Folk Music,""Queer Almighty (Tell Me Why) • GROWsutra (God, Etc) Conscious Banjo Prayer Dream 🪕🐸"",“Make America Safe Again”—a torch song for kids whose future’s being destroyed by greed & deceit 💔,What’s Behind Every Door • GROWsutra Core EPx2 • Vintage Psychedelic Indie Folk BANJO Poetry 🍌🚪,“Gladys in Sonderland” 🍷🐇💨 Blessed Be Wonder Holes Ho Ho • SHOWsutra Fantasy Fanclub Edition,What Justifies the Pain? KNOWsutra Peace FOLK 🕊️🎶,Children Are Universal Currency & Human Decency Is The Rate—Not the Right or Left 💔BLOWsutra Folk 🎶,""(If you can, now) RUN 🇺🇸 KNOWsutra Psychedelic Folk INDIE 📺 🎶"",“The Ummm” song 🌈💨 FLOWsutra Indie Music,Cassandra’s Lullaby 🕊️ GROWsutra Peace Folk Music 🎶,""“Hi, Amigo Mio” is a #dub song about how to make love last 🎤😇💦  #truthmatters #trustiseverything"",""“Lightly, my darling” ~ @bananasutra lyrics inspired by #aldoushuxley ‘s wisdom #psychedelicjourney"",Who Knows Where How Happiness Truly Grows? GROWsutra FOLK Yum Music,""Worthless—but(t) who knows where, how happiness truly grows? GROWsutra 🍯🍑"",“BANANA ALLELUIA” is a KNOWsutra Folk Burlesque audiovisual poetry song for the dystopian age 👠🍌📺,(Children Are the) “Universal Currency” – BLOWsutra FOLK Music - DEFY EP Song #3 Lyrics Video,""A redux of """"Felon Nation"""" : """"PED0 NATION"""" is an overwhelmingly likely truth YT censors"",""The only logical reason that could explain Murica's current ab0rtion laws:  """"SS means Sacred Sperm"""""",All the -isms importa (isn't like poesia;) - BLOWsutra Folk Dream,""“Blessed Are the Cracked” (another bananasutra song inspired by Bertrand Russel, and Leonard Cohen)"",""“Mass Media Freakshow”, a bananasutra song inspired by Terrence McKenna & weird corporate pretenses"",“Rainbows in my Cloud” 🌈 is a @bananasutra #gratitude #folk song inspired by #mayaangelouquotes,""""""Can you play win-win games, or no?"""" - BANJOsutra bluesy FOLK song"",""God almighty, (please) tell me #why #queer is so wrong, scary, or dangerous? 🪕👼 #banjomusic"",MAKA MAKA 📺🇺🇸 Meowrica,""Mourning the death of Federal Workers Bargaining #rights MAKA MAKA, please Make America Kind Amen 🙏"",“Where Wonder Lies” • Folk Song inspired by Bertrand Russel on #religion • KNOWsutra Music Lounge 🤓,“Dressed in Wonder”—a song about the fact social interpretations are often #fool of #bias  🎸🐇💨,“Ain’t doing bad doing nothing” is one of the wonders found in the holy realm of #publicdomainmusic,""FOTUS CIRCUS: Angel Eyes, Devil’s lies… inspired by Allen Ginsberg, George Orwell, and Emma Goldman*"",PSA: GROCK AI is a tool of Narcissistic Authoritarian Zealotry Indoctrination 🚨,Whack-A-Schmuck-Woke • Not Recommended for Moronic Homophob!c Egotistic Catholic Hacks • BLUESsutra,Project 2025 Vol. 2: Why You Lie (to the People’s Face)? • FOTUS CIRCUS • FOLKsutra,FOTUS CIRCUS ™ Lament  📺 🛋️ BURLESQUEsutra Surreal Living Room Edition,Serial Blowers—it’s like serial k!llers but(t) from an ethical POV,Dream a Dog : FOLKsutra,Sometimes it feels like no one dares to care for what’s unknown (the best part obviously:),Why we (all) be #fools • FOLKsutra,Project 2025 Matters: “Why You Lie (to the People’s face)?” 🇺🇸👺,""But is asking a Felon why he lies like playing dumb? Yeah… Oh boy, the wicked #irony in that story💔"",Watch MAWA MAWA BANJOsutra Ma prove ageism is just like sexism and racism—i.e. made of bias 🪕 #WOKE,""No matter what the poossy grabber says, liars can’t #woke & dogs shall pee free rainbows #notagain"",MASA (Make America Smart Allright) MATA (Make Americans Think… Amen)—the gloom of doom matters 😵🪦,Escaping my #FOTUS anxiety with the wonder of a banana rainbow & my imaginary puppy 🌈✨ #banjosutra,""Can you play win-win games, or no? (The most important question, in a world gone bananas 🍌)"",""Jolly Wicked Dawg, an old #BLOWsutra story"",""Why does history repeat? Are we dumb, or numb, or like goldfish in a bowl?… #knowsutra #gonebanana"",""Please be kind, like all real winners—said an educated duck with benevolent sweetness #countrymusic"",Project 2025 on my mind • #unbranded KNOWsutra bible cabaret • GOSPEL,Self-remembering • Meditation inspired by Dr. Charles Tart • DRUMsutra,Kindness ABC (winners are kind) • KIDsutra,""F.O.T.U.S. CIRCUS : Angel Eyes, Devil’s Lies"",Hold the mic (brat:)  🎙️👸🏾🇺🇸 #cantwait,Let’s see if #copyright vampires dare claim rights on my sweet sample  #françoisehardy #cover #rip,Do you ever wonder? • Jazzy BananaBible Story • SutraKNOW Cabaret,Rainbows in my clouds • Original Banjo Grace & Gratitude Lullaby • Bananasutra(GLOW) aiMusic 🕊️☁️🫧🌈"
BLOWsutra : DUCK (Shady),songbook,checked,BLOWsutra,56,"The Duck Shady songbook: songs written to and about Don the Duck. Satirical, sharp, and very specifically aimed.",PLmBA9ODM1xHMxgsW1Sh4GGaZ1WKioQZ0g,https://www.youtube.com/playlist?list=PLmBA9ODM1xHMxgsW1Sh4GGaZ1WKioQZ0g,https://i.ytimg.com/vi/VSKoG32jrTc/maxresdefault.jpg,,,"""“It’s War, My Friend” felon fun: the unapproved-by-congress U.S. Department rebranding cost ~ $2B 💥"",“Profane Obscenities”—a song inspired by the Easter Day “Presidential Speech” circa 2025 🎤🐙📺🍌,Who’s Your Vladdy ⁉️ World Gone Bananas Meme Supreme • KNOWsutra World Peace Fusion LoFi 🎶,Jazz of #blight not #plight 🗽⚡️ #trumpderangementsyndrome,""Vlady, Donnie, & Bibi walked into #history and the rest is a #machiavellian masterpiece of #cynisme"",Who’s Your Vladdy❔EPx5 BLOWsutra World Peace Fusion Indie Music 🕊️🎶,Dump Trump • Lyrics Inspired by Nina Hagen “Smack Jack” • QUACKsutra Burlesque Rock 🎤👩‍🎤,FOTUS “Profane Obscenities” • Easter Day 2025 BS Speech • BLOWsutra Indie Music 🎹🎶,Yazi Chuck Musk is out of the old  pedo D!ck office but(t) I found old funny songs 🎬 #bewoke #lol,""A redux of """"Felon Nation"""" : """"PED0 NATION"""" is an overwhelmingly likely truth YT censors"",I guess “Tyranny of Ignorance” sounds more appropriate than Duck shoves Bananas in your A$$  (sic) 🍌,Ped0 Nation : Never mind me documenting underrated American #historyfacts over here  🤢,Banjo banger tale of a pedoking  “Tweeting from the Throne” 🚽🇺🇸 #unreleased #truestory #aivoice,Profane Obscenities 🌕📺🦆🤬💨,All the -isms importa (isn't like poesia;) - BLOWsutra Folk Dream,""When the opposite of Woke is White privilege, even the secretary of defense wears a yazi tattoo 🥂💣"",""I wrote “Ducktator Lament” the night of the presidential debate, pre-election… how on point 🏴‍☠️💭"",Why do the grown-ups fight so loud? And where do kites fly now? #🕊️ #ceasefire #aivoice  #sunomusic,“Mass Media Freakshow” (track #2 / 13) is a song inspired by delusional nuts and critical reasoning,U didn’t read #project2025 yet bc u 1) don’t like #spoilers or are 2) an ostrich 3) dodo inside 🦤⁉️,What’s (not) funny?… 📺🍌 Time to #GROWsutra Murica,Because FOTUS’s low opinion of Education means the people (that’s u & me) must contribute knowledge,""This is #boburnham “What’s funny?” song, but(t) updated for  #project2025  (ha) #questionsallowed"",This is #notadrill  🫡 🚨 FOTUS always lied… but  the #project2025 lies are proving to be #theworst,PSA: GROCK AI is a tool of Narcissistic Authoritarian Zealotry Indoctrination 🚨,GROCK ALERT 🚨 Pls beware (IMHO) Musk’s AI Bot is an Unethical Weapon of Rethorical Mind Manipulation,Whack-A-Schmuck-Woke • Not Recommended for Moronic Homophob!c Egotistic Catholic Hacks • BLUESsutra,Social media corporations forcing FelonDon & ElonTwat down my feed throat must STOP #metoomovement,""That #duck wobbled in like a con meme… Oh Murica, can pride feel shame❓Or y’all just sheeple twats⁉️"",Project 2025 Vol. 2: Why You Lie (to the People’s Face)? • FOTUS CIRCUS • FOLKsutra,CHUCK-A-D!CK (I mean a MUSK) 📺🙈 PLEASE HELP 🚫⁉️,WHACK-A-DUCK • FOTUS CIRCUS • QUACKsutra,(Very) UN-ethical AI BOT ALERT • GROCK DGAF • BURLESQUEsutra 🍏🍌📺🚨👽💨,What the Twat #revolution #wanted #aivoice #aimusicrevolution 📺🚨 #grock ETHICAL ALERT ‼️,""The worst #aichatbot gonna mock, and that is #grock aka jock-a-lot oh boy what-a-shock 🚨🤥"",""PSA🤥 #grockai is not objective, not scientific, and not critical at all of its daddy’s ties to EFD!"",Why you lie to the people’s face? #project2025 🚨🚨🚨 #authenticimagination,""Meanwhile, imagine that : now all rêveurs, râleurs, storytellers, and whatchamacalit can sing 🙌"",Can we talk about FOTUS hardcore lying to the people’s face about his “Project 2025” plans?? ⁉️🤥,When #udiomusic understands the assignment (almost;) #whoop #shadyduck #makeamericathinkagain 🦆💨,Gratefool this (pre-election) Disney Jungle  Book Don-Be-Gone prayer song still cracks me up 🍌🦧,Project 2025 Matters: “Why You Lie (to the People’s face)?” 🇺🇸👺,""But is asking a Felon why he lies like playing dumb? Yeah… Oh boy, the wicked #irony in that story💔"",""No matter what the poossy grabber says, liars can’t #woke & dogs shall pee free rainbows #notagain"",""Felon Nation is such blasphemy, my humanist conscience just won’t STFU about double duck standards."",Ambient levels of cognitive dissonance (about bullies’ glory) are so ducking toxic 😵 #deadinside,Escaping my #FOTUS anxiety with the wonder of a banana rainbow & my imaginary puppy 🌈✨ #banjosutra,""Okey Ducky, No It’s Not—in Felon Nation, Fascism ain’t fake news Sir 🐇 it is #truecrime #BLOWsutra"",""Yo Felon Nation, what’s the deal with #doublestandards — the world is asking 🇺🇸 @banasutra lyrics"",Can we Make Ducks not dicks Again? Blessed be Authentic Idiots wannabe President #midjourney,Project 2025 on my mind • #unbranded KNOWsutra bible cabaret • GOSPEL,Make songs not bongs 🪕📺🐸💡,Meet Dolon Trusk 🎪 ROCKsutra,🎪🎶☁️,Mind le Felon 🦆💨 #quackity,QOTD: What Would Frank Sing about DonOld 🍌🐵⁉️ #frankzappa #musicmatters #murica #gonebananas #wwfs"
BURLESQUEsutra,genre (all),checked,,80,"Where the carnivalesque meets the confrontational. Burlesque as political theater, sensuality as resistance.",PLmBA9ODM1xHO2Uv51EyJmqSlBwpdICDnz,https://www.youtube.com/playlist?list=PLmBA9ODM1xHO2Uv51EyJmqSlBwpdICDnz,https://i.ytimg.com/vi/Tl1KbppJVls/maxresdefault.jpg,,,"Camus Dit Oui • GROWsutra French Frog Accordion Dream Show Gone Bananas,Gladys in Sonderland 🍄🐇 SHOWsutra Vaudeville Wonder Waltz True Surreality Story,Zero Sum (Zero Sean) EPx3 ♾️ GROWsutra Psychedelic Burlesque Cabaret Gone Absurd Bananas 🍌,Blessed be “Rebel Romance” vs. Orwellian Ministry of “Religious Freedom” & the new “Board of Peace”,“Ignoramus Divine”—a very real surreal burlesque fascist duck danger story song #donaldsucks (a$$),""The Atheist Tango 📺💡GROWsutra (God, Etc.) Burlesque Jazz • Lyrics inspired by Ralph Waldo Emerson"",""It’s an Ethical Paradox, an Oxymoron Maze •  EPx2 • KNOWsutra (Bertrand Knows) Burlesque Gipsy Jazz"",Shady Fools (Oh Can’t You See?) • BLOWsutra (Egos Gone Loco) Burlesque Rock + Gipsy LoFi EPx2 🎧,""I Did the Math, and Everything is Stupid 🤗🍌 SHOWsutra Post-Psy-Punk Absurd Burlesque ROCK"",""Universal Currency • DEFY EP (Vol.2, Song 3/3) • BLOWsutra Revolution Ring Burlesque JAZZ 👐"",Un Secret de Polichinelle 🎭🍟 French BLOWsutra Burlesque Musette Chanson,""Not Bad, Friendo 🪐 SHOWsutra Infinite Psychedelic Galaxy Wink to the Burlesque Post-Punk Universe ✨"",Okie Dokie (Not It’s Not) • BLOWsutra (Apes Gone Wrong) • Burlesque Trip Hop(e) LOFI 🌀📺 1 min cut,It's an Ethical Paradox • EPx2 • KNOWsutra (Bertrand Knows) Gipsy Burlesque JAZZ 🦉💭,Come Waddle with Me (Penguins in Shoes) • SHOWsutra Cheeky Absurd Chanson inspired by Anatole France,""Seminal Bollocks 🪗✨ Holy Merry GROWsutra (God, etcetera) Psychedelic Accordion Chanson Daze Dream"",Gladys in Sonderland 🍄🐇 SHOWsutra Psychedelic Wonder Chanson Cabaret,""“The Conquest of Happiness”, EPx2 inspired by Bertrand Russel’s Book • KNOWsutra Indie Burlesque 📖❣️"",Welcome to the Internet • A Jazzy #boburnham  SHOWsutra Burlesque Kitten Cover Song,F*CK • A Bo Burnham’s Gratitude Cover Song 🎹SHOWsutra love story à la Burlesque Piano Jazz Sauce;),“Le Bal des Salauds” 🎡 French BLOWsutra Burlesque Surrealism Singing Show 🎼🍟,“Profane Obscenities”—a song inspired by the Easter Day “Presidential Speech” circa 2025 🎤🐙📺🍌,“Gladys in Sonderland” 🍷🐇💨 Blessed Be Wonder Holes Ho Ho • SHOWsutra Fantasy Fanclub Edition,“Read Me Harder (B.B. is for Banned Books)” 🚫📚🎶 KNOWsutra Dub Gone Burlesque EPx2,""Hi, My Name Is… Not #célinedion—and that my friend is a true name tag story 🎙️🍌 What’s your name?!"",""“Read Me Harder” (B.B. is for Banned Books)—a song that honors Atwood, Bradbury, Huxley, & Orwell 📚"",""Idiocracy Now 😬 QUACKsutra Accoustic Banjo Music, Psychedelic Reality turned Macchiavelic Dystopia"",Hope is Do-Do-Dope 🪗🦤 SHOWsutra Psychedelic Accordion Duende Waltz Circus Burlesque 🎶,#qotd 🇺🇸 What’s the difference between the movie “Idiocracy” & MAGAcracy? The timeline #donotpanic,Hitlus With Your Best Shot • QUACKsutra Psychedelic Punk Rock Music Collab 🎸🎶,Hey You (Cheeseheads Encore) 🤘👔 BLOWsutra Burlesque Punk Rock Music,“HARDCORE” 🎻 KNOWsutra Cello Indie Music,EGO’s Maquerade 🤓🍿🎶 BLOWsutra Cabaret Music,Blessed Be The Dogs 📢🤘🐶🎶 SHOWsutra Psychedelic Post-Punk Rock Banana Cabaret Delight,“Freedom To Lie Is The New Human Right”—what happens when #narcissists are allowed to lead 🍌🙈🇺🇸,“Lyrics Matter” aka the SutraFOO song • SHOWsutra Burlesque Banana Banger Babe 🥊,""“Shades of Fools” (It’s The Why…) • KNOWsutra INDIE Music (inspired by one of my fav man, Socrates)"",""""""A la Guerre Comme A la Guerre"""" ⚒ Goold Old BLOWsutra Music"",“Sidération” Is The Word You Need 🤯🇺🇸 When A Rap!st King Legislates “Freedom to Lie” As #humanrights,“RUN now (if you can)” #notadrill 🇺🇸 unless the American GULAG era is your cup of diet coke⁉️,""Because “Rebel Romance” matters, dears! Any questions? I’ll be here cooling out my humanist fire 🔥"",""I was so relieved to confirm the new American pope Leo is so not a m@g@ show, I cried 😇🤌 #bewoke"",Who trusts a pedo-rap!st?! And w/ mass#incarceration #maga will soon mean Make America Gulag Alright,""Felon Nation just stared, on silent. No one dared rise—a new kind of sidération, no dissent… yet?!"",New “SIDÉRATION” Burlesque Song—No Word for This in English… When Reality Freezes & Truth Glitches 😎,Why do the grown-ups fight so loud? And where do kites fly now? #🕊️ #ceasefire #aivoice  #sunomusic,A cheeky humble French frog question in a song: “Who needs a big D?” 🐸 or “botched coQ implant” LOL,Kafka’s Ghost QOTD: When does dumb become dangerous? 🦆💨,""Consensus on the meaning of words matter, kids… and today, we’re asking “what’s fascist?”"",“Mass Media Freakshow” (track #2 / 13) is a song inspired by delusional nuts and critical reasoning,""Blessed be #georgecarlin fair and empathetic observations, on 1960s #supremecourt “profanity” issue"",""Fun fact: fauXism kills libidos, and to “Make America Humane Again” h-o-r-n-y would def help! #maha"",""“Serial Blowers” are human killers of faith, truth, trust, hope, i.e. our life #soul 🧢📺 #injustice"",“Mass Media Freakshow” • Burlesque song lyrics inspired by a quote from Terrence #mckenna,""I gotta confess, it’s true a duck can make life feel #hopelessly #notgreat 🦆🇺🇸💔📺🌫️ #bekind"",U didn’t read #project2025 yet bc u 1) don’t like #spoilers or are 2) an ostrich 3) dodo inside 🦤⁉️,What’s (not) funny?… 📺🍌 Time to #GROWsutra Murica,""This is #boburnham “What’s funny?” song, but(t) updated for  #project2025  (ha) #questionsallowed"",""Please, God, Make America #kind Alright? Knowledgeable helps too—oops, too late #educationmatters"",""Make America #kind Alright⁉️ And #smart #safe and humane too, aka #woke already, oui oui #MAKA  🔫💦"",This is #notadrill  🫡 🚨 FOTUS always lied… but  the #project2025 lies are proving to be #theworst,“Shades of Fools” (encore) 🌼🪗 BURLESQUEsutra Peace Circus #unbranded #fool,""Oh cha cha cha, cette musique, c’est magnifique 🌙🎻 #unbranded #poetrylover #blessedbe dreamers"",How's ur #wonderland doin’? Blessed be #dreams of genuinely harmonious life on Earth 🪕🐰🎩 #staysafe,""I’m biased, bc I was raised under the French #constitution … but(t) #fraternity does matter ✌️🥸🏳️"",I wish FOTUS CIRCUS 🎪 was just a fictitious fantasy parody—but(t) this freaking nightmare is REAL 💔,""Bye #education 😭🌈 Hi, increased #poverty & #crimerate 🇺🇸🍏 SAD #surrealism #makeamericasafeagain"",FOTUS CIRCUS 🎪 Make America Humane Again #maha • #unbranded Accordion BURLESQUEsutra,Doin’ nothing but(t) dream FOTUS CIRCUS’ just a #jazzy nightmare 🛸 #sensitivecontent #publicdomain,True story… with gratitude to whoever convinced greedy corporate ghouls to accept #publicdomain laws,Social media corporations forcing FelonDon & ElonTwat down my feed throat must STOP #metoomovement,""Baby, I’m a Fairy Tale (Dressed to Fly) 🧚‍♀️ FOLKsutra"",""America, when will you be angelic (once poetically asked Allen Ginsberg)? #FOTUScircus 📺🔥🦆🇺🇸💨"",(Very) UN-ethical AI BOT ALERT • GROCK DGAF • BURLESQUEsutra 🍏🍌📺🚨👽💨,""Why, Bro? War Woes FAQ • BURLESQUEsutra Moscow Rooftop Cabaret 🎻🔥"",Sunday Seggsting Tango Dream (en Français),""Alors, comment on dit “seggsting” en Français? Anonymous DUBstep LO-Fi 😽🤳"",""And dck #corruption goes on—like history, justice, and truth never ever mattered in #murica 🦆💨"",FOTUS CIRCUS ™ Laughing Louder than the Laws • BURLESQUEsutra,FOTUS CIRCUS ™ Plastic Straw Sh!tshow • BURLESQUEsutra,Sundays are for musette reflection 🐦‍⬛📺🍂,QOTD: How do kids learn about respect and fraternity now? 🤠🪗💨  #felonnation,Do I need to talk to the Suno Public Domain manager for ‘em to stop incorrect copyright claims ⁉️🙄,“For Freee” 🔞🍟 une vieille histoire universelle de sale Oh part qui se repète partout dans le monde,Gratefool this (pre-election) Disney Jungle  Book Don-Be-Gone prayer song still cracks me up 🍌🦧,PS: All “Shades of Fools” matter—because it’s the only #truecolors 🍏📺😶‍🌫️🧠,""Murica dunno the meaning of a rule of law, double-standards, or even right vs. wrong 🎪🦆💨 #truestory"",Praying for ducks—an innocent species defamed as the symbolic mascot of humpty dumpty ego-fascism 😳🚨,""Yo Felon Nation, what’s the deal with #doublestandards — the world is asking 🇺🇸 @banasutra lyrics"",How to help a righteous god-fearing so-called pro-life bro hear how women feel about Bible bullies 🔥,""This is Planet Earth to Higher Grounds, What have we done now? Oh no…"",""Fascist Tango, Down We Go (with Waldo)"",""But(t) El Bully doesn’t believe in music therapy, nor cares for #FelonNation or #celloshorts—do you?"",The world we knew • Sinatra Public Domain Lyrics • bananasutra production (heaven),Oooh so this 3min minimum YouTube vid update only applies to vertical videos 🪕🦋 #tellmeyourstory,📺 🕊️❤️ #madewithlove,In Zappa’s World (we all can move) • Bananasutra JAZZ Burlesque Cabaret • Sunday sutraSHOW prayer,""Hi, my name is (not Céline Dion) • BananasutraSHOW Name Tag Jazz (true funny story:)"",Criminels • A Universal sutraFRENCH (his)Story Original Song"
GLOWsutra: Rainbows (in my clouds),songbook,checked,GLOWsutra,7,"The Rainbows in My Clouds songbook: GLOWsutra songs about finding light in difficulty, gratitude under duress.",PLmBA9ODM1xHPEKsJY4jUw76fgvU3uE_y2,https://www.youtube.com/playlist?list=PLmBA9ODM1xHPEKsJY4jUw76fgvU3uE_y2,https://i.ytimg.com/vi/2dS7nbT48IY/maxresdefault.jpg,,,"Because #gratitude is basically what I survive on… #mayaangelouinspired—minus that last line 🥹🍌💦,Rainbows In My Cloud 🌈 Maya Angelou inspired GLOWsutra Psychedelic Banjo Folk Song,Rainbows in the Clouds 🌈 GLOWsutra BLUES + LOFI EPx2 ~ a gratitude song inspired by Maya Angelou 🎼,""“Tune in the Tender”, a song howling from my heart—inspired by “Steppenwolf”, a tale by Herman Hesse"",""If you or your teen haven’t read “Steppenwolf”, by Herman Hesse, I’d like to recommend you do ❤️‍🔥"",“Rainbows in my Cloud” 🌈 is a @bananasutra #gratitude #folk song inspired by #mayaangelouquotes,Rainbows in my clouds • Original Banjo Grace & Gratitude Lullaby • Bananasutra(GLOW) aiMusic 🕊️☁️🫧🌈"
JAZZsutra,genre (all),checked,,54,Can you hear the vocal honey?,PLmBA9ODM1xHM4L7n8FiABFkY1iVfYT8mm,https://www.youtube.com/playlist?list=PLmBA9ODM1xHM4L7n8FiABFkY1iVfYT8mm,https://i.ytimg.com/vi/9lxf862x5cU/maxresdefault.jpg,,,"""A lill' late night jazz dream song, because #winwin is the only game worth playing ✨ #flowsutra"",""Kiss a Pulse • GLOWsutra Gipsy Smoky Sultry Psychedelic JAZZ, inspired by Lucille Clifton’s Poetry ✨"",""Invisible Man in The Sky • EPx2 • GROWsutra (God, Etc.) Holy Indie Folk, inspired by George Carlin"",""So, What Is Racism? 📺🔥 KNOWsutra (Naked Truth) Psychedelic Gipsy Burlesque Jazz"",""The Atheist Tango 📺💡GROWsutra (God, Etc.) Burlesque Jazz • Lyrics inspired by Ralph Waldo Emerson"",Donkeys Years (1/3) • SHOW+GLOWsutra Fanana Club Gipsy Flamenco Cabaret Dub INDIE 📺👯‍♀️,""Universal Currency • DEFY EP (Vol.2, Song 3/3) • BLOWsutra Revolution Ring Burlesque JAZZ 👐"",Everybody Knows 🐈‍⬛ 🎹 KNOWsutra (Peace Not War) Indie World Fusion Piano Chanson JAZZ 🎵,""Sing Your Own Gospel • GROWsutra (God, Etc.) Gipsy Piano Burlesque JAZZ Edition 🎼🎧"",It's an Ethical Paradox • EPx2 • KNOWsutra (Bertrand Knows) Gipsy Burlesque JAZZ 🦉💭,Awe is Mighty - EPx2 inspired by Mary Oliver - GLOWsutra Poet(ry) Indie Lullaby For Adults,Come Waddle with Me (Penguins in Shoes) • SHOWsutra Cheeky Absurd Chanson inspired by Anatole France,""Kindness, Oh Sweet Kindness 🌈🌥️ GROWsutra Kind(ness) Prayer for Brave and True Hearts (Only)"",Penguins in Shoes 🐧💨 SHOWsutra dystopian gipsy trip-hop jazz fusion music,Peel Me Kindly 🍌💦 A SHOWsutra (True) Gipsy Jazz Love Story Gone Silly ‘n Sweet Bananas 🎶,What It’s About 🌟 BLOWsutra (Revolt Now) Piano Jazz Edition 🎹 (Meow),Ain’t Doing Bad Doing Nothing • FLOWsutra WET (Public Domain Lyrics) Psychedelic Vocal JAZZ 🎤🌈,“Tell the Truth (It’s Destiny)” • KNOWsutra Psychedelic Cello LoFi Indie Dream 🎼,“Read Me Harder (B.B. is for Banned Books)” 🚫📚🎶 KNOWsutra Dub Gone Burlesque EPx2,""Hi, My Name Is… Not #célinedion—and that my friend is a true name tag story 🎙️🍌 What’s your name?!"",""“Read Me Harder” (B.B. is for Banned Books)—a song that honors Atwood, Bradbury, Huxley, & Orwell 📚"",Let’s Play a Game Where We All Win 🕊️ 🎶 GLOWsutra Indie Peace Music,Jazz of #blight not #plight 🗽⚡️ #trumpderangementsyndrome,All the -Isms  🧿 📺 🍌 🐇  BLOWsutra Lo-Fi INDIE Music,""“Hey, You”, or The Art of Watching Without Witnessing on Creepers Lane 🐑 BLOWsutra Indie JAZZ Music"",""Early last century, Franco executed Garcia Lorca for being a free spirit... Now Trump hunts Obama❔❔❔"",Some Truths Are Harder to Swallow 📺🐙 A Jazz-Laced GROWsutra Song Shared With Love,FOTUS CIRCUS Revolution… Com’on in wretched fools 🎪 🤡,""SIDÉRATION is calling, the White House is burning, Murica is drowing, & the people do nothing 🤯🇺🇸"",New “SIDÉRATION” Burlesque Song—No Word for This in English… When Reality Freezes & Truth Glitches 😎,""Kindness is rooted in compassion, it is clear, brave, wise, it is mighty—the very opposite of weak 💕"",""“On Est Tous Frères” & la Terre, c’est notre Mère—a #jazz #peace song inspired by “We Are the World”"",""“Blessed Are the Cracked” (another bananasutra song inspired by Bertrand Russel, and Leonard Cohen)"",""In France, “Le Système” is also all about lying to #thepeople … why is that not a crime? 😈 #macron"",“Peace Unseen”—authentic ideals served with a jazzy FLOWsutra Banjo #Blues #Revolution song 🕊️💨,MAKA MAKA 📺🇺🇸 Meowrica,""QOTD (ain’t funny, even it’s inspired from Bo Burnham’ song asking that question): what’s fascist?"",“Where Wonder Lies” • Philosophical Meditation on God • Bass Lullabies JAZZsutra,""Please pardon my bananas—just indulging in satirical #blessedbe (the fruit) jokes, while I can  🦅🎶"",What the Twat #revolution #wanted #aivoice #aimusicrevolution 📺🚨 #grock ETHICAL ALERT ‼️,""Why, Bro? War Woes FAQ • BURLESQUEsutra Moscow Rooftop Cabaret 🎻🔥"",""The worst #aichatbot gonna mock, and that is #grock aka jock-a-lot oh boy what-a-shock 🚨🤥"",""Alors, comment on dit “seggsting” en Français? Anonymous DUBstep LO-Fi 😽🤳"",Hey can we talk (why wars) • JAZZsutra,""ENSHIT-TIFI-CATION (just so we’re all clear on the official #wordoftheyear 2024, you know?) 🍌"",Why War Woes psyLOFIsutra (it kicks in after 1:30 oh why) #waitforit,""""""Wars Don't Flow"""" QOTD: Do bombs have logos or flags on ‘em (before they k!ll) 📺🦔💣❔"",""Meanwhile, imagine that : now all rêveurs, râleurs, storytellers, and whatchamacalit can sing 🙌"",Can we talk about FOTUS hardcore lying to the people’s face about his “Project 2025” plans?? ⁉️🤥,📺🚩 V is for vérité—which #malefantasy is your commercial aka social feed selling you today? 🛁🫧,""Yo Felon Nation, what’s the deal with #doublestandards — the world is asking 🇺🇸 @banasutra lyrics"",""Hush dreams or shush nightmares, the choice depends on our ability to respect each others…"",""Nothing like a cool crisp day, here in the dear SF Bay 🍏🐇🍌👀"",""Too hard, darling, too hard—said #aldoushuxley 😘"",""This is Planet Earth to Higher Grounds, What have we done now? Oh no…"",""Please be kind, like Apple customer service phone line said… #duhok #aimusic #blues #kindness"",""Real gods are humble, curious, and kind—not pompous, envious, or righteous… all agnostics know THAT!"",""Tell your Truth, Kids, before you can’t—and please be kind, for peace sake ☮️ #bananasutra #blues"",#QOTD: why did someone (lame) at #youtube decide NOT to allow users to preview videos upon upload?,You name it…,Self-Remembering • A True Meditation Story  inspired by Dr Charles Tart • JAZZsutra,""Blessed be Frank, and all the unsung heroes of the #publicdomain resistance ❤️‍🔥 #theworldweknew"",Why Wars? Predators—a highly common personality type fostered by a total lack of ethical standards 💨,""FOTUS Circus 🎪 aka the Tyranny of Ignorance that unalived me, and so many… #asseenontv"",“Mind the Felon” x5 is now on bananasutraSoundCloud 🖤 #existentialphilosophy #truecrimestory #aiart,Hard Core 🦆💨,Nietzsche’s Gift V2 • Hypnotic Jazz LOFI • Bananasutra(KNOW) Philosophy Songwriting is like heaven,Nietzsche’s Gift V1 • Hypnotic Jazz LOFI • Bananasutra(KNOW) Philosophy Songwriting is like heaven,Queer Almighty • Sunday World Prayers Matter • Bananasutra(KNOW) A Capella,""Hey, You (Creepers) • Honest and Brave Folk Tale • Bananasutra(Blow) Authentic Imagination Music"""
SHOWsutra : Fanana Club,songbook,checked,SHOWsutra,29,"The Fanana Club: the more playful, party-ready side of SHOWsutra. Songs built to be performed together.",PLmBA9ODM1xHNi45ZKnlo_oPs51IZfI6uf,https://www.youtube.com/playlist?list=PLmBA9ODM1xHNi45ZKnlo_oPs51IZfI6uf,https://i.ytimg.com/vi/9FwaPZK_8XI/maxresdefault.jpg,,,"Gladys in Sonderland 🍄🐇 SHOWsutra Vaudeville Wonder Waltz True Surreality Story,Donkeys Years (2/3) • SHOW+GLOWsutra Fanana Club Gipsy Cabaret Indie LOFI (thank you song),Donkeys Years (3/3) • SHOW+GLOWsutra Fanana Club Gipsy Cabaret Indie Cello LOFI 🎻🪩✨,Donkeys Years (1/3) • SHOW+GLOWsutra Fanana Club Gipsy Flamenco Cabaret Dub INDIE 📺👯‍♀️,""I Did the Math, and Everything is Stupid 🤗🍌 SHOWsutra Post-Psy-Punk Absurd Burlesque ROCK"",""I Did the Math, and Everything is Stupid 🍌🎸 SHOWsutra Peanut’s Fanana Club, psySnoopy JAZZ Edition"",""Not Bad, Friendo 🪐 SHOWsutra Infinite Psychedelic Galaxy Wink to the Burlesque Post-Punk Universe ✨"",Come Waddle with Me (Penguins in Shoes) • SHOWsutra Cheeky Absurd Chanson inspired by Anatole France,Gladys in Sonderland 🍄🐇 SHOWsutra Psychedelic Wonder Chanson Cabaret,Penguins in Shoes 🐧💨 SHOWsutra dystopian gipsy trip-hop jazz fusion music,“Gladys in Sonderland” 🍷🐇💨 Blessed Be Wonder Holes Ho Ho • SHOWsutra Fantasy Fanclub Edition,""Hi, My Name is… Not Céline Dion 📺🌙🎵 SHOWsutra Indie Gipsy Dub LoFi Music"",Hope is Do-Do-Dope Encore 🎻😽 SHOWsutra Gipsy World Peace Indie Fusion Dream 🎼,Hope is Do-Do-Dope 🪗🦤 SHOWsutra Psychedelic Accordion Duende Waltz Circus Burlesque 🎶,BURN🔥 because all I need is #hopecore fun… what is your dearest democratic hope? I sincerely wonder,""Etymologically conscious song, inspired by #georgecarlin “7 Dirty Words” comedy bit, circa 1972 📺🤓"",""Blessed be #georgecarlin fair and empathetic observations, on 1960s #supremecourt “profanity” issue"",""Oh cha cha cha, cette musique, c’est magnifique 🌙🎻 #unbranded #poetrylover #blessedbe dreamers"",“Dressed in Wonder”—a song about the fact social interpretations are often #fool of #bias  🎸🐇💨,How's ur #wonderland doin’? Blessed be #dreams of genuinely harmonious life on Earth 🪕🐰🎩 #staysafe,""Baby, I’m a Fairy Tale (Dressed to Fly) 🧚‍♀️ FOLKsutra"",Word of the year(s) 🚽🙃📺 En•shit•ifi•cation PsyHop LoFiSUTRA,PSA: False Positive Music Copyright Claims are Trending and the burden to prove ‘em wrong is on us!,Linguistic Weaponry à la Romani • Yeah Dropping 💣 lyrics inspired by George Carlin’s 7 Dirty Words,I did the math and everything is stupid spirit 💫,""ENSHIT-TIFI-CATION (just so we’re all clear on the official #wordoftheyear 2024, you know?) 🍌"",""Blessed be Frank, and all the unsung heroes of the #publicdomain resistance ❤️‍🔥 #theworldweknew"",In Zappa’s World (we all can move) • Bananasutra JAZZ Burlesque Cabaret • Sunday sutraSHOW prayer,""Hi, my name is (not Céline Dion) • BananasutraSHOW Name Tag Jazz (true funny story:)"""
GROWsutra : DARE (to Care),songbook,checked,GROWsutra,16,"The Dare to Care songbook: songs that insist caring is not weakness, that empathy is a radical act.",PLmBA9ODM1xHPndtfyffENkppiLQuzFA7t,https://www.youtube.com/playlist?list=PLmBA9ODM1xHPndtfyffENkppiLQuzFA7t,https://i.ytimg.com/vi/pqQ7D4TO0f0/maxresdefault.jpg,,,"Camus Dit Oui • GROWsutra French Frog Accordion Dream Show Gone Bananas,Zero Sum (Zero Sean) EPx3 ♾️ GROWsutra Psychedelic Burlesque Cabaret Gone Absurd Bananas 🍌,“But(t) How Can You?” is a quirky lill’ #scoobydoo detective story chasing ghostly good consciences…,""“1% Rising” is a Gipsy GROWsutra sort of #hope song for the Curious, the Honest, and the Unseen 🌝✨"",The Courage to Care 🎭📺 GROWsutra Conscious Compassion Indie Trip Hope Fusion LOFI 🎶,What’s Behind Every Door • GROWsutra Core EPx2 • Vintage Psychedelic Indie Folk BANJO Poetry 🍌🚪,Can You Play Win-Win Games? (Or No?) • EPx2 • GROWsutra Dare to Care Psychedelic Wisdom Banjo 🪕,""Hereby, I Cry 🖤 GROWsutra Mantra Prayer Dream (from the so-called Land of the Free)"",Let’s Play a Game Where We All Win 🕊️ 🎶 GLOWsutra Indie Peace Music,""“Can you play win-win or no?” she asked to the pesky orange pest, aka FOTUS… answer is no, fosho 💔"",""""""Can you play win-win games, or no?"""" - BANJOsutra bluesy FOLK song"",""Can you play win-win games, or no? (The most important question, in a world gone bananas 🍌)"",""Hush dreams or shush nightmares, the choice depends on our ability to respect each others…"",""Blessed Be Your Voice ☆ ROCKsutra (Let's Make America Blessed Again, please! Like ASAP, ok?;)"",“We Are The World” ☆ Remember that song? This is an existential French trip hop LO-FI version of it.,Hold the mic (brat:)  🎙️👸🏾🇺🇸 #cantwait,Do you ever wonder? • Jazzy BananaBible Story • SutraKNOW Cabaret"
Hidden Peels,songbook,checked,,49,,PLmBA9ODM1xHNQe75qV7FHS_jeyHiYJHG9,https://www.youtube.com/playlist?list=PLmBA9ODM1xHNQe75qV7FHS_jeyHiYJHG9,https://i.ytimg.com/vi/W8OoEE_LL3A/maxresdefault.jpg,,,"""No, I’m not being political (circa 2026) • EPx4 • BLOWsutra DUB + RAGGA + MOTORIK + BURLESQUE 🏴‍☠️🎶"",When the internet be like 🦗💨  #meow #okeydokey,""Invisible Man in The Sky • EPx2 • GROWsutra (God, Etc.) Holy Indie Folk, inspired by George Carlin"",Rainbows in the Clouds 🌈 GLOWsutra BLUES + LOFI EPx2 ~ a gratitude song inspired by Maya Angelou 🎼,Shady Fools (Oh Can’t You See?) • BLOWsutra (Egos Gone Loco) Burlesque Rock + Gipsy LoFi EPx2 🎧,Donkeys Years (1/3) • SHOW+GLOWsutra Fanana Club Gipsy Flamenco Cabaret Dub INDIE 📺👯‍♀️,""Universal Currency • DEFY EP (Vol.2, Song 3/3) • BLOWsutra Revolution Ring Burlesque JAZZ 👐"",Awe is Mighty - EPx2 inspired by Mary Oliver - GLOWsutra Poet(ry) Indie Lullaby For Adults,What It’s About 🌟 BLOWsutra (Revolt Now) Piano Jazz Edition 🎹 (Meow),""Queer Almighty (Tell Me Why) • GROWsutra (God, Etc) Conscious Banjo Prayer Dream 🪕🐸"",""Remember when #hardcore evoked holy kinky tactile fun, not deadly nasty puerile fascism, huh, hun⁉️"",""“The Conquest of Happiness”, EPx2 inspired by Bertrand Russel’s Book • KNOWsutra Indie Burlesque 📖❣️"",(We Know) Trauma Begets Trauma 🕊️🎹✨ KNOWsutra Gipsy History Kitten Peace Piano Dream,“The Echo Song” a Gipsy World Peace Vladimir Vysotsky Cover Song,""Hi, My Name is… Not Céline Dion 📺🌙🎵 SHOWsutra Indie Gipsy Dub LoFi Music"",“Read Me Harder (B.B. is for Banned Books)” 🚫📚🎶 KNOWsutra Dub Gone Burlesque EPx2,“La Force Douce” 💃🏻 EPx3 Flamenco Coquelicots Duende River Dream Edition 🎵,Everybody Knows (Prayer is Free) 🎻 🎼 KNOWsutra (Truth) Cello Freedom Magic Indie Folk Song 🕊️🪄✨,""It’s sooo ironic Eugenics are moronic, by their own definition of a #moron 😬🤌 BLOWsutra Gipsy Swing"",QOTD: Did You Know a Rhinoceros is Deadlier than a Tiger 💁🏻‍♀️📺⁉️ (I bet Eugène Ionesco did know),""Vlady, Donnie, & Bibi walked into #history and the rest is a #machiavellian masterpiece of #cynisme"",""“Hi, Amigo Mio” is a #dub song about how to make love last 🎤😇💦  #truthmatters #trustiseverything"",Blessed Be The Dogs 📢🤘🐶🎶 SHOWsutra Psychedelic Post-Punk Rock Banana Cabaret Delight,""Worthless—but(t) who knows where, how happiness truly grows? GROWsutra 🍯🍑"",""Early last century, Franco executed Garcia Lorca for being a free spirit... Now Trump hunts Obama❔❔❔"",""A redux of """"Felon Nation"""" : """"PED0 NATION"""" is an overwhelmingly likely truth YT censors"",""I was so relieved to confirm the new American pope Leo is so not a m@g@ show, I cried 😇🤌 #bewoke"",""“Tune in the Tender”, a song howling from my heart—inspired by “Steppenwolf”, a tale by Herman Hesse"",""If you or your teen haven’t read “Steppenwolf”, by Herman Hesse, I’d like to recommend you do ❤️‍🔥"",""Once upon a time, in the lost souls galaxy 💔🇺🇸🦆💨"",""“Making songs like others meditate, flex, or pray…” 🍐 #pear dreams #lyrics matter #lostmusic #suno"",“Men accountable to no one are not to be trusted.”—Thomas Paine,""Felon Nation just stared, on silent. No one dared rise—a new kind of sidération, no dissent… yet?!"",New “SIDÉRATION” Burlesque Song—No Word for This in English… When Reality Freezes & Truth Glitches 😎,Why do the grown-ups fight so loud? And where do kites fly now? #🕊️ #ceasefire #aivoice  #sunomusic,""“A stroll down history lane”—#jingoism ain’t new, just getting worse by the hour (deep breath…)"",""“On Est Tous Frères” & la Terre, c’est notre Mère—a #jazz #peace song inspired by “We Are the World”"",“Too hard” is a song inspired by a #darling quote from #aldoushuxley  #sunomusic #aivoice #authentic,""QOTD (ain’t funny, even it’s inspired from Bo Burnham’ song asking that question): what’s fascist?"",""Baby, I’m a Fairy Tale (Dressed to Fly) 🧚‍♀️ FOLKsutra"",""Alors, comment on dit “seggsting” en Français? Anonymous DUBstep LO-Fi 😽🤳"",… #allIwish ain’t cocksure fairy Valentine fantasy but(t) remember the glory of #peaceful humility?,Okie Dokie 🎈👀🏴‍☠️ #aimusicrevolution,""Can you play win-win games, or no? (The most important question, in a world gone bananas 🍌)"",""Somewhere in the Wild United Dreams Universe, Banjo matters…"",How to help a Bible bro grow up 🇺🇸 ️ @bananasutra Bible song lyrics #GROWsutra #aimusicrevolution,#QOTD: why did someone (lame) at #youtube decide NOT to allow users to preview videos upon upload?,Tell me why 🪕💃🏻🦋,Do you ever wonder? • Jazzy BananaBible Story • SutraKNOW Cabaret"
BANJOsutra,collection,checked,,29,"The banjo as yummy protagonist: gypsy, blues, folk, and the irreverent twang of a plucked conscience.",PLmBA9ODM1xHOKzkGZ6DX6ndWiRcTwwU0R,https://www.youtube.com/playlist?list=PLmBA9ODM1xHOKzkGZ6DX6ndWiRcTwwU0R,https://i.ytimg.com/vi/5WOBXVQRhAQ/maxresdefault.jpg,,,"Because #gratitude is basically what I survive on… #mayaangelouinspired—minus that last line 🥹🍌💦,""So, What Is Racism? 🍌🐒 KNOWsutra Banjo Booya Folk Harmonica Blues"",Rainbows In My Cloud 🌈 Maya Angelou inspired GLOWsutra Psychedelic Banjo Folk Song,Rainbows in the Clouds 🌈 GLOWsutra BLUES + LOFI EPx2 ~ a gratitude song inspired by Maya Angelou 🎼,Revolution’s Lit (Bloom Past Doom) • BLOWsutra Murica (Apes Gone Wrong) BANJO FOLK Revolution Ring 🪕,""Queer Almighty (Tell Me Why) • GROWsutra (God, Etc) Conscious Banjo Prayer Dream 🪕🐸"",“Make America Safe Again”—a torch song for kids whose future’s being destroyed by greed & deceit 💔,""Remember when #hardcore evoked holy kinky tactile fun, not deadly nasty puerile fascism, huh, hun⁉️"",Can You Play Win-Win Games? (Or No?) • EPx2 • GROWsutra Dare to Care Psychedelic Wisdom Banjo 🪕,""Idiocracy Now 😬 QUACKsutra Accoustic Banjo Music, Psychedelic Reality turned Macchiavelic Dystopia"",L’embobinage 🥸 Carl Sagan inspired GROWsutra World Peace Fusion Music 🎶,“Easy (Death Is Nothing At All)” 🧘‍♀️ A Rare BOWsutra Divine Lullaby Bluesy Dub Song About Death…,Have you seen & heard #peterthiel recently? Is he sick or was he always like a… pro-slavery junky?,Who trusts a pedo-rap!st?! And w/ mass#incarceration #maga will soon mean Make America Gulag Alright,Banjo banger tale of a pedoking  “Tweeting from the Throne” 🚽🇺🇸 #unreleased #truestory #aivoice,All the -isms importa (isn't like poesia;) - BLOWsutra Folk Dream,Why do the grown-ups fight so loud? And where do kites fly now? #🕊️ #ceasefire #aivoice  #sunomusic,""“On Est Tous Frères” & la Terre, c’est notre Mère—a #jazz #peace song inspired by “We Are the World”"",""“Can you play win-win or no?” she asked to the pesky orange pest, aka FOTUS… answer is no, fosho 💔"",True story… with gratitude to whoever convinced greedy corporate ghouls to accept #publicdomain laws,""Baby, I’m a Fairy Tale (Dressed to Fly) 🧚‍♀️ FOLKsutra"",Peace Unseen • Banjo Blues FLOWsutra,PSA: #woke just means your brain ain’t a (d!ck) joke! True story 🍌🙉 #mawa,Public Domain Duckin’ Banjo Head • BLUESsutra 🦆💨,Nothing like a wet peaches blues 🍌📺,GROCK AI (Bleak Biased BS) Awareness Initiative: Accountable Innovation requires Authentic Integrity,Watch MAWA MAWA BANJOsutra Ma prove ageism is just like sexism and racism—i.e. made of bias 🪕 #WOKE,""Felon Nation is such blasphemy, my humanist conscience just won’t STFU about double duck standards."",Escaping my #FOTUS anxiety with the wonder of a banana rainbow & my imaginary puppy 🌈✨ #banjosutra,""Can you play win-win games, or no? (The most important question, in a world gone bananas 🍌)"",Dog Gone (blue balls) Wicked,""Jolly Wicked Dawg, an old #BLOWsutra story"",""PSA: happiness is kind… Kindness lyrics ©️ BananaSutra, a song inspired by Naomi Shihab Nye’s poem."",""Somewhere in the Wild United Dreams Universe, Banjo matters…"",Project 2025 on my mind • #unbranded KNOWsutra bible cabaret • GOSPEL,Make songs not bongs 🪕📺🐸💡,The Weary Blues • Public Domain Lyrics • BLUESsutra,""F.O.T.U.S. CIRCUS : Angel Eyes, Devil’s Lies"",Tell me why 🪕💃🏻🦋,🎪🎶☁️,""FOTUS Circus 🎪 aka the Tyranny of Ignorance that unalived me, and so many… #asseenontv"""
FLOWsutra : FLY (like water),songbook,checked,FLOWsutra,15,"The FLY Like Water songbook: songs about lightness, release, and the particular freedom of trusting the flow.",PLmBA9ODM1xHPiTZvcUyP7GMgWtLrK6Sqj,https://www.youtube.com/playlist?list=PLmBA9ODM1xHPiTZvcUyP7GMgWtLrK6Sqj,https://i.ytimg.com/vi/0EmqnHAN2BI/maxresdefault.jpg,,,"""Oxytocin (Dopamine, Serotonin)• EPx2 FLOWsutra Psychedelic Neurotransmitters Mnemonics LOFI 🎼🎧"",""Self-Remembering… because now and then, everyone needs a loving lullaby, to flow kinder deeper ✨"",“The Ummm” song 🌈💨 FLOWsutra Indie Music,""“Lightly, my darling” ~ @bananasutra lyrics inspired by #aldoushuxley ‘s wisdom #psychedelicjourney"",Making Songs (Like Others Flex or Pray) • FLOWsutra DUB Yum 🍿🎶,""“Making songs like others meditate, flex, or pray…” 🍐 #pear dreams #lyrics matter #lostmusic #suno"",“Too hard” is a song inspired by a #darling quote from #aldoushuxley  #sunomusic #aivoice #authentic,“Peace Unseen”—authentic ideals served with a jazzy FLOWsutra Banjo #Blues #Revolution song 🕊️💨,""Making songs like others meditate, flex, or pray • DUBsutra Music"",Peace Unseen • Banjo Blues FLOWsutra,""Hush dreams or shush nightmares, the choice depends on our ability to respect each others…"",""Too hard, darling, too hard—said #aldoushuxley 😘"",Self-remembering • Meditation inspired by Dr. Charles Tart • DRUMsutra,Self-Remembering • A True Meditation Story  inspired by Dr Charles Tart • JAZZsutra,Flow like water • sutraFLOW reggae • inspired by and dedicated to Bruce Lee (my friend:)"
CELLOsutra,collection,checked,,17,,PLmBA9ODM1xHOxnuhaybPpgyQ-4jeHzJAp,https://www.youtube.com/playlist?list=PLmBA9ODM1xHOxnuhaybPpgyQ-4jeHzJAp,https://i.ytimg.com/vi/5gVicAAKdrg/maxresdefault.jpg,,,"“But(t) How Can You?” is a quirky lill’ #scoobydoo detective story chasing ghostly good consciences…,The Cabaret Where No One Knows • BLOWsutra Psychedelic Cello Mark Twain Indie Reality Circus 🎪🐸,“If We Had But(t) The Truth” 🍌🌪️ or why the #newworld order is goddamn stoopid (I did the math 🥜),Ordo Amoris In Decay 🕊️🎻 BLOWsutra (Apes Gone Wrong) Psychedelic Indie Cello World Peace Chanson 🍷🎶,Everybody Knows (Prayer is Free) 🎻 🎼 KNOWsutra (Truth) Cello Freedom Magic Indie Folk Song 🕊️🪄✨,Hope is Do-Do-Dope Encore 🎻😽 SHOWsutra Gipsy World Peace Indie Fusion Dream 🎼,QOTD: Did You Know a Rhinoceros is Deadlier than a Tiger 💁🏻‍♀️📺⁉️ (I bet Eugène Ionesco did know),“HARDCORE” 🎻 KNOWsutra Cello Indie Music,“Lyrics Matter” aka the SutraFOO song • SHOWsutra Burlesque Banana Banger Babe 🥊,I guess “Tyranny of Ignorance” sounds more appropriate than Duck shoves Bananas in your A$$  (sic) 🍌,Ped0 Nation : Never mind me documenting underrated American #historyfacts over here  🤢,""If you or your teen haven’t read “Steppenwolf”, by Herman Hesse, I’d like to recommend you do ❤️‍🔥"",""“Oh My, Oh Why”, asked Socrates, and then, they silenced him… Men learned nothing in 2000 years!"",“Mass Media Freakshow” (track #2 / 13) is a song inspired by delusional nuts and critical reasoning,""Oh cha cha cha, cette musique, c’est magnifique 🌙🎻 #unbranded #poetrylover #blessedbe dreamers"",""Why, Bro? War Woes FAQ • BURLESQUEsutra Moscow Rooftop Cabaret 🎻🔥"",""""""Wars Don't Flow"""" QOTD: Do bombs have logos or flags on ‘em (before they k!ll) 📺🦔💣❔"""
PIANOsutra,collection,checked,,19,"Piano-centered songs:  the keyboard as primary voice, from spare and intimate to densely layered.",PLmBA9ODM1xHMYkR9hzlVk7SoaTvykSz2p,https://www.youtube.com/playlist?list=PLmBA9ODM1xHMYkR9hzlVk7SoaTvykSz2p,https://i.ytimg.com/vi/dcbMQpx_aTI/maxresdefault.jpg,,,"""It’s an Ethical Paradox, an Oxymoron Maze •  EPx2 • KNOWsutra (Bertrand Knows) Burlesque Gipsy Jazz"",""Universal Currency • DEFY EP (Vol.2, Song 3/3) • BLOWsutra Revolution Ring Burlesque JAZZ 👐"",Everybody Knows 🐈‍⬛ 🎹 KNOWsutra (Peace Not War) Indie World Fusion Piano Chanson JAZZ 🎵,It's an Ethical Paradox • EPx2 • KNOWsutra (Bertrand Knows) Gipsy Burlesque JAZZ 🦉💭,Penguins in Shoes 🐧💨 SHOWsutra dystopian gipsy trip-hop jazz fusion music,What It’s About 🌟 BLOWsutra (Revolt Now) Piano Jazz Edition 🎹 (Meow),""“Le Système”, ça veut dire on est foutu 🎹 Pardon my French #existentialism … c’est la vérité 🇫🇷"",F*CK • A Bo Burnham’s Gratitude Cover Song 🎹SHOWsutra love story à la Burlesque Piano Jazz Sauce;),(We Know) Trauma Begets Trauma 🕊️🎹✨ KNOWsutra Gipsy History Kitten Peace Piano Dream,Liars (matter) 🎹 BLOWsutra Indie Empathy Clip,Profane Obscenities 🌕📺🦆🤬💨,“Mass Media Freakshow” (track #2 / 13) is a song inspired by delusional nuts and critical reasoning,""“Serial Blowers” are human killers of faith, truth, trust, hope, i.e. our life #soul 🧢📺 #injustice"",""Please, God, Make America #kind Alright? Knowledgeable helps too—oops, too late #educationmatters"",""In my BananaSutra Bible, knowledge & kindness are sacred—zero tolerance for violence and #wars logic"",What is the root of all evil? Liars aka Narcissistic Control Addicts with No Empathy nor Integrity,GROCK ALERT 🚨 Pls beware (IMHO) Musk’s AI Bot is an Unethical Weapon of Rethorical Mind Manipulation,""The worst #aichatbot gonna mock, and that is #grock aka jock-a-lot oh boy what-a-shock 🚨🤥"",“Liars” • Authentic Illogisms of a World Gone Bananas • PianoSUTRA,“Strolling Down History Lane” • Piano INDIEsutra,… #allIwish ain’t cocksure fairy Valentine fantasy but(t) remember the glory of #peaceful humility?,""Yo Felon Nation, what’s the deal with #doublestandards — the world is asking 🇺🇸 @banasutra lyrics"",#QOTD: why did someone (lame) at #youtube decide NOT to allow users to preview videos upon upload?,""Do you make songs your head too?… I’ll share one, you share one :)"""
BLABLAsutra,genre (all),checked,,44,Repetition as ritual. Songs designed to loop in your head and rewire something slowly.,PLmBA9ODM1xHO9pKEdjD5rkrze2l2596D8,https://www.youtube.com/playlist?list=PLmBA9ODM1xHO9pKEdjD5rkrze2l2596D8,https://i.ytimg.com/vi/pSBv8kq6NnA/maxresdefault.jpg,,,"When the internet be like 🦗💨  #meow #okeydokey,Gratitude interlude: blessed be the sound of #banana jokes 🎤🍌🙊,""And now, for a brief #dystopianart interlude, in a world gone bananas… Do you know the feeling⁉️"",QOTD: what is the difference between AI & the Internet⁉️@bananasutra #aivoiceover #powertothepeople,""Developing a rich, nuanced, Authentic Imagination relies on #criticalthinking—make songs while u can"",""Oy! We Care! 🇺🇸🧨 LA, DC, CHI, Boston, Memphis, & now Portland #revolutioneducation #songoftheday"",God Made a Mistake (at the Art Gallery)... 🎭📺🍏💨,Dump Trump • Lyrics Inspired by Nina Hagen “Smack Jack” • QUACKsutra Burlesque Rock 🎤👩‍🎤,""The 7-Course Fascist Feast of the Week | Satirical Spoken Word + Song: “No, I’m Not Being Political”"",""Good Lord, thank you for answering my prayers with a #southpark reality TV show that matters  📺🍌🤏"",""I believe it’s fair to say American complacency is at the core of its demise, and return to slavery"",Have you seen & heard #peterthiel recently? Is he sick or was he always like a… pro-slavery junky?,Clarity. That’ll do 🐷 🇺🇸 ps: people want to know WHO said Sp3rm is Sacred now... #prolife my 🍑,""Once upon a time, in the lost souls galaxy 💔🇺🇸🦆💨"",Banjo banger tale of a pedoking  “Tweeting from the Throne” 🚽🇺🇸 #unreleased #truestory #aivoice,""When fake show kings know nothing butt blow, only bright brave birds may still grow, flow, & glow 🍏"",Let’s play a game where we all win 🥇 #GROWsutra,""Turns out the G in MAGA was for GOTCHA… the N in MANA, for yazi  & the opposite of Woke is White ☣️"",""Consensus on the meaning of words matter, kids… and today, we’re asking “what’s fascist?”"",""Meanwhile, at the bananasutra #artgallery 🍌💨"",""“Make your Own Bible” : a bananasutra Gospel song for State Employees, inspired by Ralph W. Emerson"",Meta Metaphors Matter… like silly frogs and bunny #poetry 🦗🐸 #authenticbranding #revolution,""Jeopardy question, for $1M: “sipping lies through a #plasticstraw laughing louder than the law”…"",How's ur #wonderland doin’? Blessed be #dreams of genuinely harmonious life on Earth 🪕🐰🎩 #staysafe,Bc I wonder what’s the shade of the light in ur heart—the only human color that matters 🦁🫶 #rawr,""“Have fun, enjoy the partey (I'm dead inside)”"",True story… with gratitude to whoever convinced greedy corporate ghouls to accept #publicdomain laws,Social media corporations forcing FelonDon & ElonTwat down my feed throat must STOP #metoomovement,Because fairies #magicmatters and sincere wishes count 🧚🍀 note: #happiness ain’t about gold = true,Can the #cacophony of cocksure bollocks ever “trickle out” of this Felon’s kingdom⁉️🍿,""True story: I’ve been loyal to the same scent most of my life, it’s called #whitemusk JOKE’s on me⁉️"",GROCK AI (Bleak Biased BS) Awareness Initiative: Accountable Innovation requires Authentic Integrity,""In a world of bleak bias babbles à la Dolon Trusk Shining Twins Egos Gone Quack, blessed be #poetry"",Serial Blowers is a #song about killers of dreams glorified as the winners of a new mad world order,Because God knows we all need a lill’ #fotuscircus interlude & #allenginsberg poetry is underrated,Me praying DJT trashing MLK dreams for inauguration doesn’t mean nightmares come true now🕊️ #peace,""Somewhere in the Wild United Dreams Universe, Banjo matters…"",""Hey time travelers, did #democracy die on a #yearofthesnake 🐍⁉️with my apologies to honest snakes"",How to help a Bible bro grow up 🇺🇸 ️ @bananasutra Bible song lyrics #GROWsutra #aimusicrevolution,Fake News Dream Machine: imagine a cruel Felon King magically turned Kind (PSA: NEVER happenin’ ;),Kindness ABC (winners are kind) • KIDsutra,Prophetic Surreal Rêverie #existentialphilosophy #humanity,""So here’s a giraffe, with cream and stuff #frankzappa #augmentedimagination"",The feel of the waltz of pages turning 📖🎶 #existentialphilosophy #acousticideas #abandon,Queer Almighty • Sunday World Prayers Matter • Bananasutra(KNOW) A Capella,Questions are always wise bc meaning matters #sutraknow #woken #broken #diymusicvideo #diymusic"
BLOWsutra : FOTUS Circus,songbook,checked,BLOWsutra,24,"The FOTUS Circus songbook: the theatrical, multi-act suite built around the American political spectacle.",PLmBA9ODM1xHOiz68fft3F-Tw_GaC0nYz2,https://www.youtube.com/playlist?list=PLmBA9ODM1xHOiz68fft3F-Tw_GaC0nYz2,https://i.ytimg.com/vi/T3B5fkrnEaI/maxresdefault.jpg,,,"""Angel Eyes, Devil’s Lies 🎡 BLOWsutra (FOTUS Circus) LoFi Trip Hop Burlesque Night"",""Step right up, step right in, where grotesque rules, and the FOTUS #circus joke’s on me & you 🤡🇺🇸"",EGO’s Maquerade 🤓🍿🎶 BLOWsutra Cabaret Music,""FOTUS CIRCUS Reality TV Show ⭐️ South Park Season 27 Episode 1 Edition, AMEN BLOWsutra Rock 🤘🇺🇸"",""A redux of """"Felon Nation"""" : """"PED0 NATION"""" is an overwhelmingly likely truth YT censors"",FOTUS CIRCUS Revolution… Com’on in wretched fools 🎪 🤡,""Jingoism is scary… and 74% of the world’s nations, many of them “democracies”, are now “autocratic”"",""“Mass Media Freakshow”, a bananasutra song inspired by Terrence McKenna & weird corporate pretenses"",“Mass Media Freakshow” • Burlesque song lyrics inspired by a quote from Terrence #mckenna,""This is #boburnham “What’s funny?” song, but(t) updated for  #project2025  (ha) #questionsallowed"",I wish FOTUS CIRCUS 🎪 was just a fictitious fantasy parody—but(t) this freaking nightmare is REAL 💔,""Bye #education 😭🌈 Hi, increased #poverty & #crimerate 🇺🇸🍏 SAD #surrealism #makeamericasafeagain"",FOTUS CIRCUS 🎪 Make America Humane Again #maha • #unbranded Accordion BURLESQUEsutra,""FOTUS CIRCUS: Angel Eyes, Devil’s lies… inspired by Allen Ginsberg, George Orwell, and Emma Goldman*"",""America, when will you be angelic (once poetically asked Allen Ginsberg)? #FOTUScircus 📺🔥🦆🇺🇸💨"",FOTUS CIRCUS ™ Lament  📺 🛋️ BURLESQUEsutra Surreal Living Room Edition,Why you lie to the people’s face? #project2025 🚨🚨🚨 #authenticimagination,As FOTUS Circus Dogelon Trusk TWATs teams continue to plow (and salute) and the people just watch 📺🚨,FOTUS CIRCUS ™ Laughing Louder than the Laws • BURLESQUEsutra,FOTUS CIRCUS ™ Plastic Straw Sh!tshow • BURLESQUEsutra,""Murica dunno the meaning of a rule of law, double-standards, or even right vs. wrong 🎪🦆💨 #truestory"",Escaping my #FOTUS anxiety with the wonder of a banana rainbow & my imaginary puppy 🌈✨ #banjosutra,""FOTUS Circus : lyrics inspired by the revolutionary poetry of Twain, Wilde, Orwell, & Ginsberg 🎪"",Step Right Up To The Show Tonight ❤️‍🔥🏴‍☠️ (Allen Grinsberg Poetry + #aimusicrevolution = yum),Because God knows we all need a lill’ #fotuscircus interlude & #allenginsberg poetry is underrated,""F.O.T.U.S. CIRCUS : Angel Eyes, Devil’s Lies"",🎪🎶☁️,""FOTUS Circus 🎪 aka the Tyranny of Ignorance that unalived me, and so many… #asseenontv"",📺 🕊️❤️ #madewithlove,“Mind the Felon” x5 is now on bananasutraSoundCloud 🖤 #existentialphilosophy #truecrimestory #aiart"
LOFIsutra,genre (all),checked,,65,"Lo-fi as philosophy: low production, high feeling. Hiss, grain, and the warmth of something unpolished.",PLmBA9ODM1xHNUdZ0bk-WH3atN9LVvf5OU,https://www.youtube.com/playlist?list=PLmBA9ODM1xHNUdZ0bk-WH3atN9LVvf5OU,https://i.ytimg.com/vi/3t3Mq-QICzw/maxresdefault.jpg,,,"""Different day, same joke 🗽🍔 #happyfoolsday #thegreatdicktator #ifonlyiwasjoking"",Ego Ain't Your Amigo • EPx2 • BLOWsutra (Ego Gone Loco)  Dub LoFi + Burlesque Punk 🐘🎪,Spit Back The Lies • EPx2 • BLOWsutra (Revolution Ring) Gipsy Duende LoFi Fusion,Muddy Waters (Nietzsche’s Gift) • BLOWsutra Ambient Indie Flamenco Fusion LoFi #truecrimestory ♾️,""“Two Things, Darling“ 🎻 KNOWsutra Conscious Gipsy Cello LoFi Indie song inspired by Bertrand Russell"",""“1% Rising” is a Gipsy GROWsutra sort of #hope song for the Curious, the Honest, and the Unseen 🌝✨"",What does #humpday mean to ya? Asking for my no drama lama 🦙💨,""“Question the Nation” Gipsy LoFi EPx10, with fool lyrics, available on #soundcloud #poetryshorts"",""Oxytocin (Dopamine, Serotonin)• EPx2 FLOWsutra Psychedelic Neurotransmitters Mnemonics LOFI 🎼🎧"",This is What Dissent Looks Like Now⁉️BLOWsutra (Revolution Ring) Conscious Gipsy LoFi Questions 🎧💬,""If We Had But(t) The Truth… BUT NOPE, because the Minneapolis witnesses are being arrested by #ice"",If We Had But(t) The Truth ☝️ BLOWsutra (Censored) Jazzy Psychedelic Hip Trip Bleep Hop LOFI Therapy,Rainbows in the Clouds 🌈 GLOWsutra BLUES + LOFI EPx2 ~ a gratitude song inspired by Maya Angelou 🎼,Donkeys Years (2/3) • SHOW+GLOWsutra Fanana Club Gipsy Cabaret Indie LOFI (thank you song),Donkeys Years (3/3) • SHOW+GLOWsutra Fanana Club Gipsy Cabaret Indie Cello LOFI 🎻🪩✨,“This is what #dissent looks like now” 🎧 BLOWsutra Revolution Ring Conscious LOFI Dream 💭,Shady Fools (Oh Can’t You See?) • BLOWsutra (Egos Gone Loco) Burlesque Rock + Gipsy LoFi EPx2 🎧,""Angel Eyes, Devil’s Lies 🎡 BLOWsutra (FOTUS Circus) LoFi Trip Hop Burlesque Night"",Ordo Amoris In Decay 🕊️🎻 BLOWsutra (Apes Gone Wrong) Psychedelic Indie Cello World Peace Chanson 🍷🎶,""Kindness, Oh Sweet Kindness 🌈🌥️ GROWsutra Kind(ness) Prayer for Brave and True Hearts (Only)"",Make Amurica Gulag Again 🇺🇸 QUACKsutra Conscious Psychedelic Politics Storytelling Indie LOFI Music,Synthema Sutra ♆ SHOWsutra Psychedelic Banana Gipsy LoFi (Goddess Goes to Switzerland :) 🎧❄️,Foolish Goldfish (Forever) • KNOWsutra Peace (Not War) Psychedelic Tzigane Soul Fusion LOFI Music 🏳️,Shady Fools (Oh Can’t You See?) • BLOWsutra Conscious psyGipsy Indie Folk Fusion LoFi 📺🍌,Relative Steve 🎧 Cheeky Psychedelic BLOWsutra Hip Hop Duende Satire Flow,“Secondhand Smoke” inspired by @DoctorRamani “Narcissism: The Secondhand Smoke of Mental Health” 💨,The Echo Song (Encore) • Russian 🪆 Edition • Vladimir Vysotsky Cover • BLOWsutra Gipsy LoFi Music 🦋📺,“The Echo Song” a Gipsy World Peace Vladimir Vysotsky Cover Song,""Hi, My Name is… Not Céline Dion 📺🌙🎵 SHOWsutra Indie Gipsy Dub LoFi Music"",""Developing a rich, nuanced, Authentic Imagination relies on #criticalthinking—make songs while u can"",La Force Douce (matters) 🍟🍌 Surreal French Freedom Fries GROWsutra World Peace Fusion Banana Dream,Idiocracy Now 📺🍟 QUACKsutra Psychedelic Reality turned Macchiavelic Dystopia Accoustic LoFi Music,""Idiocracy Now 😬 QUACKsutra Accoustic Banjo Music, Psychedelic Reality turned Macchiavelic Dystopia"",""“La Force Douce” EPx3 ~ GROWsutra World Peace LoFi French Fusion Musique, de la rivière de mon cœur"",""Bananasutra, c’est “La Force Douce” 🎤🥰 #worldpeace French Gipsy LoFi Fusion #prayerwarrior #music"",L'Embobinage (d'après Carl Sagan) • French GROWsutra Peace Fusion Indie LoFi Music,L’embobinage 🥸 Carl Sagan inspired GROWsutra World Peace Fusion Music 🎶,""It’s sooo ironic Eugenics are moronic, by their own definition of a #moron 😬🤌 BLOWsutra Gipsy Swing"",QOTD: Did You Know a Rhinoceros is Deadlier than a Tiger 💁🏻‍♀️📺⁉️ (I bet Eugène Ionesco did know),Who’s Your Vladdy ⁉️ World Gone Bananas Meme Supreme • KNOWsutra World Peace Fusion LoFi 🎶,RhinoceroSS 🦏🎵💨 BLOWsutra PsyGipsy World Peace LOFI,Who’s Your Vladdy❔EPx5 BLOWsutra World Peace Fusion Indie Music 🕊️🎶,“Idiocracy Now” World LoFi Fusion 🎧⚠️ IRL Murica Movie Prequel currently playing goldfish near you,""And “the winner” is 🥁 #boston—will #dhs use WW2 Naz! terminology, like in #chicago ⁉️🤨 #theblitz"",""“It’s War, My Friend” 💣‼️ DHS Chicago Operation Blitz is straight up WW2 Naz! Germany nomenclature"",Dump Trump • Lyrics Inspired by Nina Hagen “Smack Jack” • QUACKsutra Burlesque Rock 🎤👩‍🎤,“HARDCORE” 🎻 KNOWsutra Cello Indie Music,""“Hi, Amigo Mio” is a #dub song about how to make love last 🎤😇💦  #truthmatters #trustiseverything"",All the -Isms  🧿 📺 🍌 🐇  BLOWsutra Lo-Fi INDIE Music,EGO’s Maquerade 🤓🍿🎶 BLOWsutra Cabaret Music,""“Freedom to Lie is the New Human Right”, a true BLOWsutra tale of crime bananas gone beyond wild 🇺🇸"",""“Tune in the Tender”, a song howling from my heart—inspired by “Steppenwolf”, a tale by Herman Hesse"",""“Making songs like others meditate, flex, or pray…” 🍐 #pear dreams #lyrics matter #lostmusic #suno"",""Jingoism is scary… and 74% of the world’s nations, many of them “democracies”, are now “autocratic”"",“Okey dokey (no it's not)” 🥕📺,""QOTD (ain’t funny, even it’s inspired from Bo Burnham’ song asking that question): what’s fascist?"",""This is #boburnham “What’s funny?” song, but(t) updated for  #project2025  (ha) #questionsallowed"",Word of the year(s) 🚽🙃📺 En•shit•ifi•cation PsyHop LoFiSUTRA,Why you lie to the people’s face? #project2025 🚨🚨🚨 #authenticimagination,I did the math and everything is stupid spirit 💫,""ENSHIT-TIFI-CATION (just so we’re all clear on the official #wordoftheyear 2024, you know?) 🍌"",When #udiomusic understands the assignment (almost;) #whoop #shadyduck #makeamericathinkagain 🦆💨,""Hello, Oh No (please beware of fake Prometheus) • DIY music • DUBsutra 👽🍌"",Serial Blowers is a #song about killers of dreams glorified as the winners of a new mad world order,Ambient levels of cognitive dissonance (about bullies’ glory) are so ducking toxic 😵 #deadinside,""Okey Ducky, No It’s Not—in Felon Nation, Fascism ain’t fake news Sir 🐇 it is #truecrime #BLOWsutra"",Okie Dokie 🎈👀🏴‍☠️ #aimusicrevolution,How to help Bible sheeples #GROWup … my prayer for dogma bananas to rest in peace 🕊️  #secularnews,How to help a Bible bro grow up 🇺🇸 ️ @bananasutra Bible song lyrics #GROWsutra #aimusicrevolution,""Male Fantasies ☆ LOFIsutra trip hop song inspired by Margaret Atwood, with love from San Francisco 🌁"",“We Are The World” ☆ Remember that song? This is an existential French trip hop LO-FI version of it.,Male Fantasies DUB • Lyrics inspired by a Margaret Atwood quote • bananasutra production,Kindness ABC (winners are kind) • KIDsutra,Unbranded LOFI LORES Bertrand Russel’s Hip Hop wisdom FTW 🎭,Nietzsche’s Gift V3 • Hypnotic Jazz LOFI • Bananasutra(KNOW) Philosophy Songwriting is like heaven"
DUBsutra,genre (all),checked,,33,"Deep dub frequencies, echoed basslines, and reggae-rooted meditation. Slow enough to feel the weight.",PLmBA9ODM1xHMeMXlhSaxVHCTQWHxOs6pN,https://www.youtube.com/playlist?list=PLmBA9ODM1xHMeMXlhSaxVHCTQWHxOs6pN,https://i.ytimg.com/vi/_xRJPg9FlFM/maxresdefault.jpg,,,"The Sound Of Logic • KNOWsutra LOFI DUB MOTORIK EPx4,Are you a grifter or a gifter? (Hot tip: grifters are likely to lie… proof even the best Qs #fail ;),Zero Sum (Zero Sean) EPx3 ♾️ GROWsutra Psychedelic Burlesque Cabaret Gone Absurd Bananas 🍌,Ego Ain't Your Amigo 🍌🎧 BLOWsutra (Ego Gone Loco Series) Poetry Gone Bananas Folklore of Horrors DUB,Men-Oh-Pause • BLOWsutra Bloody Sexist Questions of the Day • Ragga Dub Mama Gone Bananas 😽🍌💨,“Read Me Harder (B.B. is for Banned Books)” 🚫📚🎶 KNOWsutra Dub Gone Burlesque EPx2,“Love from the Future (Hesse Song)” 💌 GROW+ GLOWsutra PsyGipsy Indie Dream DUB music 🎤,“Easy (Death Is Nothing At All)” 🧘‍♀️ A Rare BOWsutra Divine Lullaby Bluesy Dub Song About Death…,Planet Idiocracy 🙈🎶 BLOWsutra World Peace DUB,Serial Blowers (Everybody Knows) 🎼 BLOWsutra BS LoFi Pop Hop DUB Music,Apes gone wrong on “Planet Idiocracy” is like evergreen #historyrevealed (in a banana peel;) 🥜🙈💥,Ironic Moronic Eugenics 🐸🪰 BLOWsutra DUB Music,An Anti-AntiDUB Hum Song from a Cold Dark Theater of the Absurd a Million Tusks Away from Home 🎼🦏🌊,""And “the winner” is 🥁 #boston—will #dhs use WW2 Naz! terminology, like in #chicago ⁉️🤨 #theblitz"",""“Hi, Amigo Mio” is a #dub song about how to make love last 🎤😇💦  #truthmatters #trustiseverything"",Making Songs (Like Others Flex or Pray) • FLOWsutra DUB Yum 🍿🎶,""“Tune in the Tender”, a song howling from my heart—inspired by “Steppenwolf”, a tale by Herman Hesse"",""While seeing 3 of the 4 top #freeapps in #appstore are #Bible apps is suspicious, Leo seems kind 🙏"",""Why Trust an Old, Mean Felon, or Religion? Brave and Constructive Debate Welcome 🙏#criticalthinking"",""Hi, my name is huh, duck… please pardon my French, but(t) when shall #thePeople #riseup ⁉️🦆📺🍌🏴‍☠️"",""“Can you play win-win or no?” she asked to the pesky orange pest, aka FOTUS… answer is no, fosho 💔"",""FOTUS CIRCUS: Angel Eyes, Devil’s lies… inspired by Allen Ginsberg, George Orwell, and Emma Goldman*"",""Making songs like others meditate, flex, or pray • DUBsutra Music"",""On the “Origins of Totalitarianism”, and that time Hannah Arendt sung on Dunes—the rest is #history"",""That #duck wobbled in like a con meme… Oh Murica, can pride feel shame❓Or y’all just sheeple twats⁉️"",CHUCK-A-D!CK (I mean a MUSK) 📺🙈 PLEASE HELP 🚫⁉️,""True story: I’ve been loyal to the same scent most of my life, it’s called #whitemusk JOKE’s on me⁉️"",Feel di Riddim • Lyrics inspired by #bertrandrussell 1929 essay on religion (amen),PSA: False Positive Music Copyright Claims are Trending and the burden to prove ‘em wrong is on us!,Linguistic Weaponry à la Romani • Yeah Dropping 💣 lyrics inspired by George Carlin’s 7 Dirty Words,Bertrand Russel asked “Has Religion Contributed Anything Useful to Civilization?” 💌 🎧 🕊️,""Murica dunno the meaning of a rule of law, double-standards, or even right vs. wrong 🎪🦆💨 #truestory"",""In a world of bleak bias babbles à la Dolon Trusk Shining Twins Egos Gone Quack, blessed be #poetry"",""Serial Blowers Matter, a prayer in a song that goes beyond the twilight twats zone • DUBsutra music"",Because God knows we all need a lill’ #fotuscircus interlude & #allenginsberg poetry is underrated,Kindness Matters (more than ever...),Queer Almighty • DUB prayer • KNOWsutra (questions matter),Flow like water • sutraFLOW reggae • inspired by and dedicated to Bruce Lee (my friend:)"
BOWsutra : (upward) DOGS,songbook,checked,BOWsutra,4,"The Upward Dogs songbook: BOWsutra songs of gratitude, devotion, and the lessons taught by dogs.",PLmBA9ODM1xHPEIrH4SG2G0T-GBQBrPdm_,https://www.youtube.com/playlist?list=PLmBA9ODM1xHPEIrH4SG2G0T-GBQBrPdm_,https://i.ytimg.com/vi/MGkTpm5R3uM/maxresdefault.jpg,,,"“The Ummm” song 🌈💨 FLOWsutra Indie Music,""... gone with the dogs in the #sky, where hope may no longer cry #folksong #leonardcohen #neverdies"",Dream a Dog : FOLKsutra,Dog Gone (blue balls) Wicked,""Jolly Wicked Dawg, an old #BLOWsutra story"""
