ep_title,ep_url,sutra,genres,genres_full,track_count,ep_total_tracks,total_plays,total_likes,duration_total,artwork_url,lyrics_id,created_at,playlist_names_clean,TRACKs,Auto ID,EP G-ID
A Letter to My Friend (Never Again) EPx44 ☮ GROWsutra World Peace Mantra,https://soundcloud.com/bananasutra/sets/a-letter-to-my-friend-never-again-epx44-growsutra-world-peace-mantra,GROWsutra,"BANJO,BLUES,DUB,FOLK,INDIE,JAZZ,LOFI,MANTRA","BANJO,BLUES,DUB,FOLK,GIPSY,INDIE,JAZZ,LOFI,MANTRA,RAGGA,SOUL",44,44,28089,224,2:26:10,https://i1.sndcdn.com/artworks-wWQhnGqz9vHL3gbU-Sx2Pvw-t500x500.png,L-3,,"GROWsutra where we be brave,INDIEsutra,KNOWsutra : PEACE (not War),LOFIsutra","[32] Letter to My Friend (Never Again) • GROWsutra She Wanna Know PsyBass Circus JAZZ,[23] Letter to My Friend (Never Again) • Gipsy Peace Duende Soul Fusion INDIE LOFI,[39] Letter to My Friend (Never Again) • GROWsutra PsyDestiny Banjo BLUES,[19] Letter to My Friend (Never Again) • Gipsy Peace Duende Soul Fusion INDIE LOFI,[27] Letter to My Friend (Never Again) • GROWsutra Jazzy Hop Storyteller LOFI 02,[31] Letter to My Friend (Never Again) • GROWsutra She Wanna Know PsyBass Circus JAZZ,[21] Letter to My Friend (Never Again) • Gipsy Peace Duende Soul Fusion INDIE LOFI,[18] Letter to My Friend (Never Again) • Gipsy Peace Duende Soul Fusion INDIE LOFI,[15] Letter to My Friend (Never Again) - GROWsutra Tzigane Arabesk Soul Peace Fusion Gipsy INDIE,[28] Letter to My Friend (Never Again) • GROWsutra Jazzy Hop Storyteller LOFI 03,[08] Letter to My Friend (Never Again) - GROWsutra Tzigane Arabesk Soul Peace Fusion Gipsy INDIE,[26] Letter to My Friend (Never Again) • Gipsy Peace Duende Soul Fusion INDIE LOFI,[12] Letter to My Friend (Never Again) - GROWsutra Tzigane Arabesk Soul Peace Fusion Gipsy INDIE,[17] Letter to My Friend (Never Again) • Gipsy Peace Duende Soul Fusion INDIE LOFI,[01] Letter to My Friend (Never Again) - GROWsutra Tzigane Arabesk Soul Peace Fusion Gipsy INDIE",1,G-1
A Man's a Man and A' That (à la bananasutra) EPx3 - VOL. 02 - Revolution Forever,https://soundcloud.com/bananasutra/sets/a-mans-a-man-and-a-that-a-la-bananasutra-epx3-vol-02-revolution-forever,BLOWsutra,"LOFI,MANTRA","LOFI,MANTRA,TRIP HOP",3,3,931,9,9:42,https://i1.sndcdn.com/artworks-1bqixGWYedpZR647-tZkbFA-t500x500.png,L-5,,"BLOWsutra : REVOLT (now),KNOWsutra where questions matter,LOFIsutra,MANTRAsutra",[02] A Man's a Man and A' That - VOL. 02 - A Spin on Robert Burns' Revolutionary Song - Capela MANTRA LOFI,2,G-2
A Man's A Man for A' That - VOL. 01 - Revolution Forever,https://soundcloud.com/bananasutra/sets/a-mans-a-man-for-a-that-vol-01,KNOWsutra,"FOLK,INDIE","FOLK,INDIE",3,3,575,6,10:33,https://i1.sndcdn.com/artworks-YUOwZVtRKHQ7qgnV-7WlPYA-t500x500.jpg,L-5,,,,3,G-3
A stroll down history’s lane ☆ KNOWsutra ☆ EPx6 Vol. 1,https://soundcloud.com/bananasutra/sets/a-stroll-down-historys-lane,KNOWsutra,MANTRA,MANTRA,6,6,1122,10,20:21,https://i1.sndcdn.com/artworks-9uz2GCIarSzz3CK9-yLGoGg-t500x500.jpg,L-7,,,,4,G-4
ABCs of Kindness - KNOWsutra,https://soundcloud.com/bananasutra/sets/abcs-of-kindness-knowsutra,KNOWsutra,"INDIE,BURLESQUE","INDIE,BURLESQUE",10,10,1956,13,30:28,https://i1.sndcdn.com/artworks-OJbXzv5DEM6ihALr-CtrAEg-t500x500.jpg,L-9,,"DUBsutra,GROWsutra : KIND(ness),KNOWsutra where questions matter",ABC Of Kindness - A Is For Always Speak From Your Heart - DUBsutra (1),5,G-5
AI Fair Use Manifesto EPx3 VOL.1 : LOFI BURLESQUE BLUES,https://soundcloud.com/bananasutra/sets/ai-fair-use-manifesto-epx3-vol1-lofi-burlesque-blues,KNOWsutra,"BLUES,BURLESQUE,LOFI","BLUES,BURLESQUE,LOFI",3,3,576,5,9:42,https://i1.sndcdn.com/artworks-8MpTLEJF8IA3pZOl-q8KlmA-t500x500.png,L-12,2025-04-10 20:36,,,6,G-6
Ain't Doing Bad Doing Nothing ⭐︎ Public Domain Vol. 02 EPx10 ⭐︎ FLOWsutra Wet JAZZ,https://soundcloud.com/bananasutra/sets/aint-doing-bad-doing-nothing-public-domain-vol-02-epx10-flowsutra-wet-jazz,FLOWsutra,"BLUES,BURLESQUE,JAZZ","BLUES,BURLESQUE,JAZZ",10,10,3844,38,29:52,https://i1.sndcdn.com/artworks-ywHf0D0qFVueq62i-1G6SmQ-t500x500.png,L-14,,"BURLESQUEsutra,FLOWsutra where time is space,JAZZsutra","[01] Ain't Doing Bad Doing Nothing ⭐︎ Public Domain Lyrics Fun ⭐︎ FLOWsutra Wet JAZZ,[08] Ain't Doing Bad Doing Nothing ⭐︎ Public Domain Lyrics Fun ⭐︎ FLOWsutra Wet BURLESQUE,[07] Ain't Doing Bad Doing Nothing ⭐︎ Public Domain Lyrics Fun ⭐︎ FLOWsutra Wet JAZZ",7,G-7
All I Know • Shades of Fools (It's the Why) • KNOWsutra EPx5 Vol. 02,https://soundcloud.com/bananasutra/sets/all-i-know-shades-of-fools-its-the-why-knowsutra-epx5-vol-02,KNOWsutra,"BLUES,BURLESQUE,FOLK,INDIE,JAZZ","BLUES,BURLESQUE,FOLK,INDIE,JAZZ",5,5,2019,15,16:03,https://i1.sndcdn.com/artworks-jqVeUE2kfD4URweU-kKwl8A-t500x500.png,L-217,2025-11-19 19:59,"BLUESsutra,KNOWsutra where questions matter",[05] All I Know - Shades of Fools • KNOWsutra Destiny BLUES,8,G-8
All the -Isms | BLOWsutra EPx7,https://soundcloud.com/bananasutra/sets/all-the-isms-blowsutra-epx7,BLOWsutra,"BANJO,BURLESQUE,FOLK,JAZZ","BANJO,BURLESQUE,FOLK,JAZZ",7,7,1614,14,22:51,https://i1.sndcdn.com/artworks-qrxklwZQpzKpzPUh-kUGDvA-t500x500.png,L-16,,"BLOWsutra,BLOWsutra : EGO (gone loco),BURLESQUEsutra,FOLKsutra,KNOWsutra where questions matter,LOFIsutra","[06] All Lame-Isms (Queen of Authentic) - BLOWsutra FOLK,[04] All Lame-Isms (oh boy) 1 - BLOWsutra BURLESQUE",9,G-9
An American in Paris (Public Domain Lyrics) 🎙️ SHOWsutra Classic Retro Musical REMAKE,https://soundcloud.com/bananasutra/sets/an-american-in-paris-public-domain-lyrics-showsutra-classic-retro-musical-remake,SHOWsutra,"DUB,INDIE,JAZZ","DUB,INDIE,JAZZ",6,6,3569,35,20:07,https://i1.sndcdn.com/artworks-dOp2MsRUp5Ta2lVZ-MjIpgA-t500x500.png,L-17,,"DUBsutra,JAZZsutra,SHOWsutra where bananas play","""[03] Nice Work If You Can Get It - An American in Paris, Public Domain Lyrics - SHOWsutra Indie JAZZ"",""[04] Embraceable You - An American in Paris, Public Domain Lyrics - SHOWsutra Indie Jazz DUB"",""[05] Tra-La-La - An American in Paris, Public Domain Lyrics - SHOWsutra Indie Jazz DUB""",10,G-10
Atheist Tango EP x9 VOL. 1 ☰ Waldo's Burlesque Tales of Truth,https://soundcloud.com/bananasutra/sets/atheist-tango-ep-x9-vol-1-waldos-burlesque-tales-of-truth,KNOWsutra,"BURLESQUE,FOLK,JAZZ","BURLESQUE,FOLK,JAZZ",9,9,1659,23,29:14,https://i1.sndcdn.com/artworks-zGmZBF6E6J0dpCF7-7ObUQQ-t500x500.png,L-235,,,,11,G-11
Awe Is Mighty (Maybe Even Holy) - GLOWsutra Conscious Indie LoFi Lullaby EPx2,https://soundcloud.com/bananasutra/sets/awe-is-mighty-maybe-even-holy-glowsutra-conscious-indie-lofi-epx2,GLOWsutra,"BLUES,FOLK,INDIE,LOFI,MANTRA","BLUES,FOLK,INDIE,LOFI,MANTRA,PSYCHEDELIC,TRIP HOP",2,2,673,12,6:41,https://i1.sndcdn.com/artworks-OV8ZRGizQyraCB7N-C8HWOQ-t500x500.png,L-21,,"GLOWsutra : POET(ry),GLOWsutra where gratitude feeds,LOFIsutra,MANTRAsutra","[01] Awe Is Mighty (Maybe Even Holy) - GLOWsutra Conscious Indie trip Hop(e) Blues Lullaby LOFI,[02] Awe Is Mighty (Maybe Even Holy) - GLOWsutra Psychedelic Folk Circus Dreamy Drum Indie MANTRA",12,G-12
BANANA ALLELUIA ♾ EPx5 ♾ KNOWsutra BURLESQUE,https://soundcloud.com/bananasutra/sets/banana-alleluia-epx5-knowsutra-burlesque,KNOWsutra,"BANJO,BURLESQUE,FOLK","BANJO,BURLESQUE,CABARET,FOLK",5,5,1110,18,16:20,https://i1.sndcdn.com/artworks-ygtp0Bp5Ccu1zSfd-ysCUOA-t500x500.png,L-22,,"BURLESQUEsutra,SHOWsutra : B.J. (is for Banana Jesters)","[01] BANANA ALLELUIA — KNOWsutra Folk Waltz Ballad BURLESQUE,[03] BANANA ALLELUIA — KNOWsutra Banjo Waltz Bounce BURLESQUE",13,G-13
Because the Light ☉ EPx4 VOL.01,https://soundcloud.com/bananasutra/sets/because-the-light-epx4-vol01,GROWsutra,MANTRA,MANTRA,4,4,2188,20,13:30,https://i1.sndcdn.com/artworks-ZPfcJ5Xdh8yItO33-t97RIA-t500x500.png,L-28,,"BANJOsutra,BLOWsutra,BLOWsutra : REVOLT (now),LOFIsutra","[01] Because the Light (wontdietonight) ⭐︎ Breathy LOFIsutra,[02] Because the Fight ⭐︎ MellO BANJOsutra",14,G-14
Bee the Fool EP x2 : BANJOsutra,https://soundcloud.com/bananasutra/sets/bee-the-fool-ep-x2-honeysutra,SHOWsutra,"BANJO,BLUES,FOLK","BANJO,BLUES,FOLK",2,2,391,5,7:16,https://i1.sndcdn.com/artworks-1QKzz4xNQaa8y2oX-Ru7mWg-t500x500.jpg,L-26,,,,15,G-15
Best Teacher Award · in Love & Death : Indie Bliss EPx3 VOL. 1 : BOWsutra,https://soundcloud.com/bananasutra/sets/best-teacher-award-in-love-death-indie-lofi-epx3-vol-1-bowsutra,BOWsutra,INDIE,INDIE,3,3,665,3,8:22,https://i1.sndcdn.com/artworks-naxN1Ew2hxBmEiva-OlsMuQ-t500x500.png,,2025-04-09 11:15,,,16,G-16
Blaise's Tale ⭐︎ EPx3 ⭐︎ KNOWsutra Folk Cabaret,https://soundcloud.com/bananasutra/sets/blaises-tale-epx3-knowsutra-folk-cabaret,KNOWsutra,"BANJO,BURLESQUE,FOLK","BANJO,BURLESQUE,CABARET,FOLK",3,3,587,5,8:41,https://i1.sndcdn.com/artworks-nZjm9BvXode0nW5K-5dXY2A-t500x500.png,L-31,,,,17,G-17
Blessed Are the Cracked EP X3,https://soundcloud.com/bananasutra/sets/blessed-are-the-cracked-ep-x3,GLOWsutra,JAZZ,JAZZ,3,3,599,4,9:45,https://i1.sndcdn.com/artworks-d9e5zeXofS20S4AQ-Lb1s5g-t500x500.png,L-30,2024-12-11 23:08,,,18,G-18
Blessed Be the Dogs ☰ SHOWsutra EPx9 ☰ Post-Punk Burlesque ROCK,https://soundcloud.com/bananasutra/sets/blessed-be-the-dogs-showsutra-epx9-post-punk-burlesque-rock,SHOWsutra,"BURLESQUE,ROCK","BURLESQUE,PUNK,ROCK",9,9,1830,27,35:13,https://i1.sndcdn.com/artworks-kAEVcohylwIZch0q-ThHu4Q-t500x500.png,L-33,,"BOWsutra : (Thank) Dogs,ROCKsutra,SHOWsutra where bananas play",[05] Blessed Be The Dogs • SHOWsutra Post-Punk Burlesque ROCK,19,G-19
Bloom Past Doom - Vol. 2 · 2 songs EPx7 - BLOWsutra (Revolution Ring Series) Fusion Jazz,https://soundcloud.com/bananasutra/sets/bloom-past-doom-vol-2-2-songs-epx7-blowsutra-revolution-ring-series-fusion-jazz,BLOWsutra,"BANJO,BLUES,BURLESQUE,DUB,FOLK,INDIE,JAZZ","BANJO,BLUES,BURLESQUE,DUB,FOLK,GIPSY,INDIE,JAZZ,PSYCHEDELIC",7,7,5483,67,22:38,https://i1.sndcdn.com/artworks-UsXPQkqEgN2gCzJ6-0lSKCQ-t500x500.png,L-36,,"BLOWsutra,DUBsutra,FOLKsutra,INDIEsutra,JAZZsutra","Side B [05] Revolution's Lit (This Ain't Fiction) - BLOWsutra Revolt Now Jazzy INDIE,Side A [01] Dare to Care (This Issue is Real) - BLOWsutra Revolt Now Jazzy Gipsy Blues DUB,Side B [07] Revolution's Lit (This Ain't Fiction) - BLOWsutra Revolt Now Bluesy Psychedelic Americana Banjo FOLK,Side A [02] Dare to Care (This Issue is Real) - BLOWsutra Revolt Now Dubby Bluesy Burlesque JAZZ",20,G-20
Bloom Past Doom (Apes Gone Wrong Series) EPx5 - BLOWsutra (Revolt Now)  Grassroots Hope Song,https://soundcloud.com/bananasutra/sets/bloom-past-doom-apes-gone-wrong-series-epx5-blowsutra-revolt-now-grassroots-hope-song,BLOWsutra,"BURLESQUE,FOLK,INDIE,JAZZ","BURLESQUE,CABARET,COUNTRY,FOLK,INDIE,JAZZ,PSYCHEDELIC,SOUL",5,5,3419,37,15:41,https://i1.sndcdn.com/artworks-NfNdCTLZ9C9HupPU-ETvEcw-t500x500.png,L-36,,"BLOWsutra,BLOWsutra : REVOLT (now),BURLESQUEsutra,QUACKsutra where we sing FU",[03] Bloom Past Doom - BLOWsutra (Revolt Now) Cello Circus Chanson Cabaret BURLESQUE,21,G-21
Bo Burnham Gone Bananas 🍌 COVERsutra Vaudeville Indie JAZZ EPx11,https://soundcloud.com/bananasutra/sets/bo-burnham-gone-bananas-coversutra-epx11,SHOWsutra,"BLUES,BURLESQUE,DUB,INDIE,JAZZ,LOFI","BLUES,BURLESQUE,DUB,INDIE,JAZZ,LOFI",11,11,4197,46,43:15,https://i1.sndcdn.com/artworks-0cRNu3FFXne8uJuk-QwQNJA-t500x500.png,L-37,2026-03-07 23:40,"DUBsutra,JAZZsutra","[10] What's Funny (Bo Burnham Gone Bananas) - COVERsutra Indie Reggae DUB,[05] F*CK (Bo Burnham Gone Bananas) - COVERsutra Candid Piano JAZZ",22,G-22
But(t) How Can You? GROWsutra (Dare to Care) EPx10,https://soundcloud.com/bananasutra/sets/butt-how-can-you-growsutra-epx10,GROWsutra,"DUB,INDIE,LOFI","DUB,GIPSY,HIP HOP,INDIE,LOFI,PSYCHEDELIC,RAGGA",10,10,4254,16,19:15,https://i1.sndcdn.com/artworks-wzNXJ0kKC1UWtYRu-qF7vrw-t500x500.png,L-40,2026-03-06 21:23,"DUBsutra,GROWsutra where we be brave,LOFIsutra","[02] But(t) How Can You GROWsutra Dem Sed Psychedelic Ragga DUB,[05] But(t) How Can You GROWsutra F-Bomb Psychedelic Hip Hop LOFI",23,G-23
But(t) How you Kids Learn Now? EPx9 VOL. 01,https://soundcloud.com/bananasutra/sets/butt-how-you-kids-learn-now-epx9-vol-01,KNOWsutra,"FOLK,INDIE,JAZZ","FOLK,INDIE,JAZZ",9,9,1951,29,30:18,https://i1.sndcdn.com/artworks-s7JwXEm6wQmnuT1J-ySHR0g-t500x500.png,L-106,2025-04-14 18:55,"FOLKsutra,GROWsutra where we be brave,JAZZsutra,KNOWsutra : (naked) TRUTH","[8] How do kids learn • DRUM FOLKsutra,[0] How do kids learn • Destiny JAZZsutra (high)",24,G-24
Carnival FOTUS (ctd) EP X3,https://soundcloud.com/bananasutra/sets/carnival-fotus-ctd-ep-x3,SHOWsutra,BURLESQUE,BURLESQUE,3,3,549,6,9:27,https://i1.sndcdn.com/artworks-MzAkEow42yD4mCMA-FITGfQ-t500x500.png,L-41,,,,25,G-25
Cassandra’s Lullaby • KNOWsutra EPx11 World,https://soundcloud.com/bananasutra/sets/cassandras-lullaby,KNOWsutra,"BLUES,BURLESQUE,FOLK,INDIE,JAZZ,MANTRA","BLUES,BURLESQUE,FOLK,INDIE,JAZZ,MANTRA",11,11,2594,35,44:36,https://i1.sndcdn.com/artworks-8MtzAVxPSN3vdqbc-b7c54g-t500x500.png,L-42,,"FOLKsutra,INDIEsutra,KNOWsutra : PEACE (not War),KNOWsutra where questions matter,MANTRAsutra","[11] Cassandra's Lullaby • Jewish Drum Indie Jazz MANTRA,[06] Cassandra's Lullaby • Jewish World INDIE FOLK,[03] Cassandra's Lullaby • World Reckoning INDIE FOLK",26,G-26
Courage · Care · and Coconuts © GROWsutra EPx4,https://soundcloud.com/bananasutra/sets/courage-care-and-coconuts-growsutra-epx4,GROWsutra,"FOLK,INDIE","FOLK,INDIE",4,4,1014,6,9:22,https://i1.sndcdn.com/artworks-QE4Tkx0EyHytvlYD-6WhWtA-t500x500.png,L-46,2025-05-23 12:12,"FOLKsutra,GROWsutra : KIND(ness),GROWsutra where we be brave","""[02] Courage, Care, and Coconuts (Kindness is Clear more than Nice) - Dreamy Indie FOLKsutra""",27,G-27
Creepy Con Meme EPX2 • Dicky Ducky DUBsutra,https://soundcloud.com/bananasutra/sets/creepy-con-meme-epx2-dicky-ducky-dubsutra,BLOWsutra,DUB,DUB,2,2,549,4,6:26,https://i1.sndcdn.com/artworks-DywO4KaBtyF8CyML-ToVQ2g-t500x500.png,L-48,2025-02-22 21:09,"DUBsutra,QUACKsutra : DUCK (shady),QUACKsutra where we sing FU",Creepy Con Meme • Dicky DUBsutra,28,G-28
CREEPYPASTA (what the hella) ♅ SHOWsutra ♅ EPx23 Side A+B,https://soundcloud.com/bananasutra/sets/creepypasta-what-the-hella-showsutra-epx23-side-ab,SHOWsutra,"BANJO,BURLESQUE,DUB,INDIE,LOFI","BANJO,BURLESQUE,DUB,GIPSY,INDIE,LOFI,PSYCHEDELIC,PUNK,RAGGA",23,27,7010,45,58:50,https://i1.sndcdn.com/artworks-fcCvHghEuNgLNX4y-dpY9Mg-t500x500.png,L-49,,"BANJOsutra,LOFIsutra,SHOWsutra where bananas play","Side B [02] CREEPYPASTA • SHOWsutra Trip Storyteller LOFI,Side B [01] CREEPYPASTA • SHOWsutra Trip Storyteller LOFI,Side A [04] CREEPYPASTA • SHOWsutra Hide Yo Pets Bluegrass BANJO",29,G-29
CREEPYPASTA (what the hella) ♲ LoFi DUB Edition ♲ SoundCloud is broken REDUX,https://soundcloud.com/bananasutra/sets/creepypasta-what-the-hella-lofi-dub-edition-soundcloud-is-broken-redux,SHOWsutra,"DUB,INDIE,LOFI","DUB,INDIE,LOFI,PSYCHEDELIC,RAGGA",4,4,772,5,11:03,https://i1.sndcdn.com/artworks-fcCvHghEuNgLNX4y-dpY9Mg-t500x500.png,L-49,2025-10-21 23:25,,,30,G-30
Creo (La Poesia) ☘ EPx10 VOL.01 ☘ Bananasutra En Español,https://soundcloud.com/bananasutra/sets/creo-la-poesia-epx10-vol01-bananasutra-en-espanol,GLOWsutra,DUB,"DUB,FADO,FLAMENCO,PSYCHEDELIC,RAGGA",10,10,4684,47,36:34,https://i1.sndcdn.com/artworks-HYGREko4IUXdrDm0-LliGgA-t500x500.png,L-51,2025-05-27 13:06,"DUBsutra,GLOWsutra where gratitude feeds,WORLDsutra : SPAN(k)ish","[01] Creo (la poesia) - Arabesk Flamenco,[04] Creo - Cello Accordion Psychedelic Circus 1,[03] Creo (la poesia) - Contrabass Guitar Classico,[06] Creo - Muse DUBsutra,[02] Creo (la poesia) - Arabesk Fado",31,G-31
Crimina/els EP,https://soundcloud.com/bananasutra/sets/crimina-els-ep,BLOWsutra,"BLUES,JAZZ","BLUES,CABARET,GIPSY,JAZZ",3,3,551,6,6:59,https://i1.sndcdn.com/artworks-N2bJW7Tqp3S7Ldn6-PMk8kA-t500x500.jpg,L-48,,,,32,G-32
Curious Like A Kiss • FLOWsutra Cheeky Duende EPx11,https://soundcloud.com/bananasutra/sets/curious-like-a-kiss-flowsutra-epx11,FLOWsutra,"BURLESQUE,DUB,INDIE,LOFI","BURLESQUE,DUB,FLAMENCO,GIPSY,INDIE,LOFI",11,11,7873,63,34:05,https://i1.sndcdn.com/artworks-zbyI4lbDpbvjrsBi-cszDDA-t500x500.png,L-54,2026-03-11 18:25,"BURLESQUEsutra,FLOWsutra where time is space,INDIEsutra,LOFIsutra","[09] Curious Like A Kiss • FLOWsutra Cheeky Duende Arabesk Dub LOFI,[05] Curious Like A Kiss • FLOWsutra La Poesita Flamenco Duende Dub INDIE,[07] Curious Like A Kiss • FLOWsutra Cheeky Duende Gipsy Fusion LOFI,[10] Curious Like A Kiss • FLOWsutra Cheeky Duende Arabesk Dub LOFI,[02] Curious Like A Kiss • FLOWsutra Oh Boy Piano Waltz BURLESQUE",33,G-33
Daddy's a Creep ⚞  P3d0 T-Shirts ON SALE ⚟ BLOWsutra EPx4,https://soundcloud.com/bananasutra/sets/daddys-a-creep-p3d0-t-shirts-on-sale-blowsutra-epx4,BLOWsutra,"BLUES,BURLESQUE,JAZZ,LOFI","BLUES,BURLESQUE,JAZZ,LOFI",4,4,780,5,10:36,https://i1.sndcdn.com/artworks-fryyTDM2WyR2DKBA-QI4BwQ-t500x500.png,L-56,2025-07-06 22:28,,,34,G-34
Darling EP,https://soundcloud.com/bananasutra/sets/arthur-darling,BOWsutra,INDIE,INDIE,4,4,1548,22,13:47,https://i1.sndcdn.com/artworks-sm0RyWK8U9ogWbAR-vvmBLg-t500x500.png,L-57,2024-11-20 21:30,"BOWsutra : DEATH (is nothing),BOWsutra the last of 7 sutras · it's divine <3,JAZZsutra",#2 Darling - JAZZsutra,35,G-35
DEFY (Vol 2) - 3 Songs EPx6 - BLOWsutra Revolution Ring LoFi Jazz Fusion,https://soundcloud.com/bananasutra/sets/defy-vol-2-3-songs-epx6-blowsutra-revolution-ring-lofi-jazz-fusion,BLOWsutra,"BURLESQUE,JAZZ,LOFI","BURLESQUE,JAZZ,LOFI,PSYCHEDELIC,TRIP HOP",7,7,7633,50,19:37,https://i1.sndcdn.com/artworks-ZOzjbG3qBNgMzOWS-9LnxjQ-t500x500.png,L-219,,"BLOWsutra,BURLESQUEsutra,JAZZsutra,LOFIsutra","[BONUS] Shameless - DEFY EP Vol 2 - BLOWsutra Revolution Ring Psychedelic Piano Jazz BURLESQUE,Side B [01] Shameless - DEFY EP Vol 2 - BLOWsutra Revolution Ring Psychedelic Trip Hop(e) LOFI,Side A [03] Universal Currency - DEFY EP Vol 2 - BLOWsutra Revolution Ring Psychedelic Piano Burlesque JAZZ,Side A [02] Optics of Cruelty - DEFY EP Vol 2 - BLOWsutra Revolution Ring Psychedelic Piano Burlesque JAZZ",36,G-36
DEFY ✰ 3 Songs EPx7 ✰ BLOWsutra Jazzy Folk Lo-Fi BLUES,https://soundcloud.com/bananasutra/sets/defy-3-songs-epx7-blowsutra-jazzy-folk-lo-fi-blues,BLOWsutra,"BLUES,FOLK,JAZZ,LOFI","BLUES,FOLK,JAZZ,LOFI,TRIP HOP",7,7,1529,11,21:43,https://i1.sndcdn.com/artworks-YZdPzrWX9SlHjJ6q-GKzInQ-t500x500.png,L-219,,BLOWsutra : REVOLT (now),"[01] DEFY (Song 1) • Shameless • KNOWsutra BLUES,[03] DEFY (Song 2) • Optics of Cruelty • BLOWsutra JAZZ LOFI",37,G-37
Do Panic Now ✝ GROWsutra EPx13,https://soundcloud.com/bananasutra/sets/do-panic-now-growsutra-epx13,GROWsutra,"DUB,FOLK,INDIE,JAZZ,LOFI,MANTRA","DUB,FOLK,GIPSY,INDIE,JAZZ,LOFI,MANTRA,RAGGA",13,13,2550,18,35:43,https://i1.sndcdn.com/artworks-BsO5CMcHbZ0M93kT-isQTpA-t500x500.png,L-61,,"BLOWsutra : REVOLT (now),FOLKsutra",[01] DO PANIC NOW - Murica Galaxy Rule Number 1 - Sweet FOLK,38,G-38
Donkeys Years - SHOWsutra Fanana Club Gratitude EPx20,https://soundcloud.com/bananasutra/sets/donkeys-years-showsutra-fanana-club-gratitude-epx20,SHOWsutra,"BURLESQUE,DUB,INDIE,JAZZ,LOFI,ROCK","BURLESQUE,CABARET,DUB,FLAMENCO,GIPSY,INDIE,JAZZ,LOFI,PSYCHEDELIC,RAGGA,ROCK",20,20,10796,103,59:12,https://i1.sndcdn.com/artworks-09nrbUudNilo3UyQ-Qz1LzA-t500x500.png,L-63,,"BURLESQUEsutra,INDIEsutra,JAZZsutra,LOFIsutra,SHOWsutra : FANANA Club,SHOWsutra where bananas play","Side A [02] Donkeys Years • SHOWsutra Fanana Club Gipsy La Poesita Cabaret Dub INDIE,Side B [18] Donkeys Years • SHOWsutra Fanana Club Gipsy Oh Boy Accordion Circus Waltz BURLESQUE,Side A [06] Donkeys Years • SHOWsutra Fanana Club Gipsy Cabaret Indie LOFI,Side A [09] Donkeys Years • SHOWsutra Fanana Club Gipsy Cabaret Indie Cello LOFI,Side B [17] Donkeys Years • SHOWsutra Fanana Club Psychedelic Gipsy IBYN Cabaret Rock BURLESQUE,Side A [01] Donkeys Years • SHOWsutra Fanana Club Gipsy Flamenco Cabaret Dub INDIE,Side B [13] Donkeys Years • SHOWsutra Fanana Club Gipsy Piano Kitten Cabaret Burlesque JAZZ",39,G-39
Double Standards EPx3 VOL. 1 • BURLESQUEsutra,https://soundcloud.com/bananasutra/sets/double-standards-epx3-burlesquesutra,GROWsutra,BURLESQUE,BURLESQUE,3,3,609,10,9:59,https://i1.sndcdn.com/artworks-EbCkPt5OXsQDVEWJ-qwqVYw-t500x500.jpg,L-64,,"BLOWsutra : APES (gone wrong),DUBsutra,KNOWsutra where questions matter",Double (decking) Standards VOL. 1 • DUBsutra,40,G-40
Double Standards EPx4 VOL. 2 ★ BLOWsutra LOFI,https://soundcloud.com/bananasutra/sets/double-standards-ep-4-vol-2,BLOWsutra,"FOLK,LOFI","FOLK,LOFI",4,4,755,4,12:16,https://i1.sndcdn.com/artworks-CzCzt9mTlZWzjTqp-8FLR4g-t500x500.png,L-64,,,,41,G-41
Dressed in (nothing butt) Wonder ★ Exxxplore and Play (EP) x16 Bananas,https://soundcloud.com/bananasutra/sets/dressed-in-nothing-butt-wonder-exxxplore-and-play-ep-x16-bananas,SHOWsutra,"BURLESQUE,DUB,FOLK","BURLESQUE,DUB,FOLK,RAGGA",16,16,3233,35,48:15,https://i1.sndcdn.com/artworks-1DyhYd51j78cqPch-AJYylQ-t500x500.png,L-65,2025-04-06 22:50,"BANJOsutra,SHOWsutra : FANANA Club,SHOWsutra where bananas play","[15] Oh My Cha Cha Cha • Accordion BURLESQUEsutra,[01] Dressed in Wonder • psyBLUES BANJOsutra",42,G-42
Dump Trump EPx4 🪦 BLOWsutra Burlesque ROCK,https://soundcloud.com/bananasutra/sets/dump-trump-epx4-blowsutra-burlesque-rock,BLOWsutra,"BURLESQUE,LOFI,MANTRA,ROCK","BURLESQUE,LOFI,MANTRA,PUNK,ROCK",4,4,719,5,12:41,https://i1.sndcdn.com/artworks-j9D9XVaWNRVgQ3WS-Ns1zng-t500x500.png,L-66,2025-09-04 20:33,,,43,G-43
Easy (Death Is Nothing At All) ❣ BOWsutra EPx9,https://soundcloud.com/bananasutra/sets/easy-death-is-nothing-at-all-bowsutra-epx9,BOWsutra,"BANJO,BLUES,DUB,INDIE","BANJO,BLUES,DUB,INDIE",9,9,2013,25,32:39,https://i1.sndcdn.com/artworks-bzZBqdfk2aR7Mc8I-ba7MdA-t500x500.png,L-67,2025-09-26 19:38,"BLUESsutra,BOWsutra : DEATH (is nothing),BOWsutra the last of 7 sutras · it's divine <3,DUBsutra,INDIEsutra","[01] Easy (Death Is Nothing At All) • BOWsutra Weary Banjo Mama BLUES,[07] Easy (Death Is Nothing At All) • BOWsutra La Poesita Peace DUB INDIE",44,G-44
Ego Ain't Your Amigo • Vol. 2 · EPx21 • BLOWsutra (Ego Gone Loco)  Dub LoFi Burlesque,https://soundcloud.com/bananasutra/sets/ego-aint-your-amigo-vol2-epx21-blowsutra-dub-lofi,BLOWsutra,"BLUES,BURLESQUE,DUB,FOLK,INDIE,JAZZ,LOFI,ROCK","BLUES,BURLESQUE,DUB,FLAMENCO,FOLK,GIPSY,HIP HOP,INDIE,JAZZ,LOFI,PSYCHEDELIC,PUNK,ROCK",21,21,27029,282,1:24:25,https://i1.sndcdn.com/artworks-qfOVhmHG1WJJqjc9-k1w2VA-t500x500.png,L-68,,"BLOWsutra,BLOWsutra : EGO (gone loco),BLUESsutra,BURLESQUEsutra,DUBsutra,LOFIsutra","[06] Ego Ain't Your Amigo • BLOWsutra (Ego Gone Loco) Psychedelic Bridge Poetry Folk DUB,[08] Ego Ain't Your Amigo • BLOWsutra (Ego Gone Loco) She Wanna Know Psychedelic Jazz Fusion DUB,[05] Ego Ain't Your Amigo • BLOWsutra (Ego Gone Loco) Psychedelic Bridge Poetry Folk DUB,[18] Ego Ain't Your Amigo • BLOWsutra (Ego Gone Loco) Post-Punk Psychedelic IBYN Rock BURLESQUE,[09] Ego Ain't Your Amigo • BLOWsutra (Ego Gone Loco) She Wanna Know Psychedelic Jazz Fusion DUB,[21] Ego Ain't Your Amigo • BLOWsutra (Ego Gone Loco) Queen of Authentic Dubby Psychedelic Folk BLUES,[07] Ego Ain't Your Amigo • BLOWsutra (Ego Gone Loco) Psychedelic Bridge Poetry Folk DUB,[02] Ego Ain't Your Amigo • BLOWsutra (Ego Gone Loco) La Poesita Psychedelic Indie Flamenco DUB,[01] Ego Ain't Your Amigo • BLOWsutra (Ego Gone Loco) La Poesita Psychedelic Indie Flamenco DUB,[03] Ego Ain't Your Amigo • BLOWsutra (Ego Gone Loco) La Poesita Psychedelic Indie Flamenco DUB,[13] Ego Ain't Your Amigo • BLOWsutra (Ego Gone Loco) Psychedelic Cello Burlesque Jazz LOFI,[04] Ego Ain't Your Amigo • BLOWsutra (Ego Gone Loco) Psychedelic Bridge Poetry Folk DUB,[15] Ego Ain't Your Amigo • BLOWsutra (Ego Gone Loco) Psychedelic Gipsy Indie Jazz Fusion LOFI",45,G-45
Ego Ain't Your Amigo ⭐︎ EPx14 VOL. 01 ⭐︎ True Tales of BLUESsutra,https://soundcloud.com/bananasutra/sets/ego-aint-your-amigo-epx14-vol-01-true-tales-of-bluessutra,BLOWsutra,"BANJO,BLUES,BURLESQUE,DUB,FOLK,JAZZ","BANJO,BLUES,BURLESQUE,DUB,FOLK,JAZZ",14,14,2693,22,44:22,https://i1.sndcdn.com/artworks-6Al7JWcSGShXvOzO-NMakyQ-t500x500.jpg,L-68,,"GROWsutra where we be brave,JAZZsutra,QUACKsutra : DUCK (shady),QUACKsutra where we sing FU",[01] Ego Ain't Your Amigo (Fasho at Marlago) - oh hi salty honey bluesy JAZZ tempo,46,G-46
EGO's Masquerade • EPx4 • BLOWsutra Tzigane Trip Hop Lo-Fi INDIE,https://soundcloud.com/bananasutra/sets/egos-masquerade-epx4-tzigane-trip-hop-lo-fi-indie,BLOWsutra,"INDIE,LOFI","INDIE,LOFI,TRIP HOP",4,4,820,14,19:03,https://i1.sndcdn.com/artworks-JnuEvmR6UOwtbaIM-AYNThw-t500x500.png,L-69,,"BLOWsutra,BLOWsutra : EGO (gone loco),MANTRAsutra",[02] EGO's masquerade • Tzigane Trip Hop Lo-Fi INDIE,47,G-47
El Papito Leo Es No MAGA Show ☰ KNOWsutra EPx6,https://soundcloud.com/bananasutra/sets/el-papito-leo-es-no-maga-show-knowsutra-epx6,KNOWsutra,"DUB,INDIE,JAZZ","DUB,INDIE,JAZZ",6,6,3623,24,15:38,https://i1.sndcdn.com/artworks-pO4mbYYB5FWshxlE-Emrw6Q-t500x500.png,L-70,2025-06-23 22:28,"DUBsutra,GROWsutra : GOD (etc),INDIEsutra,JAZZsutra","[03] El Papito Leo es No MAGA Show - Muse DUB,[01] El Papito no es loco - Latin JAZZ,[06] El Papito Leo es No MAGA Show - Cello INDIE,[02] El Papito Leo es No MAGA Show - Muse DUB",48,G-48
En Vrai · On Est Tous Frères ䷁ FRENCH BLUESsutra EPx5,https://soundcloud.com/bananasutra/sets/en-vrai-on-est-tous-freres-banjo-frenchsutra-epx5,KNOWsutra,"BANJO,BLUES,FOLK,LOFI,MANTRA","BANJO,BLUES,FOLK,LOFI,MANTRA",5,5,1334,24,16:26,https://i1.sndcdn.com/artworks-LV5LoqM7mHhduC2y-UvDK3w-t500x500.jpg,L-71,,"BANJOsutra,FOLKsutra,FRENCHsutra oui oui · sacrebleu,GLOWsutra where gratitude feeds,KNOWsutra where questions matter,LOFIsutra,MANTRAsutra,OUI OUI : Pardon (my French)","""En Vrai, On Est Tous Frères • LOFI BLUES FRENCHsutra""",49,G-49
Ethical Paradox (Bertrand Undone),https://soundcloud.com/bananasutra/sets/ethical-paradox-bertrand-undone,KNOWsutra,INDIE,INDIE,4,4,774,8,13:54,https://i1.sndcdn.com/artworks-e6OYFWuOzXif0Mz7-XAx0EQ-t500x500.jpg,L-116,2024-12-26 10:06,,,50,G-50
Everybody Knows ✔ Vol. 03 - EPx7 ✔ KNOWsutra Gipsy Trip Hop Truth Prayer Dream,https://soundcloud.com/bananasutra/sets/everybody-knows-vol-03-epx7-knowsutra-gipsy-trip-hop-truth-prayer-dream,KNOWsutra,"BLUES,BURLESQUE,DUB,INDIE,JAZZ,LOFI","BLUES,BURLESQUE,DUB,GIPSY,INDIE,JAZZ,LOFI,PSYCHEDELIC,TRIP HOP",7,7,4441,56,28:35,https://i1.sndcdn.com/artworks-WS97VCa9dwPRoGyv-ajY3dQ-t500x500.png,L-72,,"BLUESsutra,INDIEsutra,KNOWsutra : (naked) TRUTH,KNOWsutra where questions matter","[02] Everybody Knows • KNOWsutra Burlesque Trip Hop Indie Dub Piano BLUES,[05] Everybody Knows • KNOWsutra Psychedelic Trip Hop Cello Waltz INDIE,[04] Everybody Knows • KNOWsutra Burlesque Trip Hop Piano Jazz INDIE,[01] Everybody Knows • KNOWsutra Burlesque Trip Hop Indie Piano BLUES",51,G-51
Everybody Knows EP x6 : INDIEsutra,https://soundcloud.com/bananasutra/sets/everybody-knows-epx6-indie-rocksutra,KNOWsutra,INDIE,INDIE,5,6,805,3,14:37,https://i1.sndcdn.com/artworks-idU4oy8bvs1SNH2k-5V1pjg-t500x500.png,L-67,,,,52,G-52
F-BOMB ⚝ SHOWsutra DUB EPx7,https://soundcloud.com/bananasutra/sets/f-bomb-showsutra-dub-epx7,SHOWsutra,"BURLESQUE,DUB,INDIE","BURLESQUE,DUB,GIPSY,INDIE",7,7,1185,5,21:56,https://i1.sndcdn.com/artworks-MaDI6oRlKnS475ml-wUwvOA-t500x500.png,L-75,2025-07-02 21:47,,,53,G-53
Fluye (como el mar) FLOWsutra,https://soundcloud.com/bananasutra/sets/fluye-como-el-mar-flowsutra,FLOWsutra,"DUB,INDIE","DUB,FADO,INDIE,RAGGA",11,11,4207,41,30:53,https://i1.sndcdn.com/artworks-JJ4nzGR7Kbx7XkxH-xkazNQ-t500x500.png,L-77,2025-05-19 11:17,"DUBsutra,FLOWsutra : FLY (like water),INDIEsutra","[07] Fluye • Miss Cheeky DUB (1),[05] Fluye • Queen (of Authentic) DUB (1),[09] Fluye • Muse Prima DUB (1),[06] Fluye • Queen (of Authentic) DUB (2),[11] Fluye • Feel Di (Ragga) Riddim DUB,[01] Fluye • Oh My (Socrates) Cello INDIE,[08] Fluye • Miss Cheeky DUB (2)",54,G-54
Foolish EPx5,https://soundcloud.com/bananasutra/sets/foolish-epx5,FLOWsutra,"INDIE,FOLK","INDIE,FOLK",5,5,1317,26,17:26,https://i1.sndcdn.com/artworks-ce9hM1VBBXA95Gge-sqzp2g-t500x500.png,L-79,,"BURLESQUEsutra,DUBsutra,FLOWsutra : WET (my friend),FLOWsutra where time is space,INDIEsutra","Absinthe Bliss (Kiss Me Slow) • DUBsutra,Dark (Lace) Rhythms • TANGOsutra",55,G-55
Foolish Goldfish (Forever) ❃ Vol. 02 EPx15 ❃ KNOWsutra Peace (Not War),https://soundcloud.com/bananasutra/sets/foolish-goldfish-forever-vol-02-epx15-knowsutra-peace-not-war,KNOWsutra,"BLUES,DUB,FOLK,INDIE,LOFI","BLUES,DUB,FOLK,INDIE,LOFI,PSYCHEDELIC,SOUL",15,15,8860,66,1:03:59,https://i1.sndcdn.com/artworks-0YzGiltzEidfTrxR-osiLXg-t500x500.png,L-80,,"BLUESsutra,DUBsutra,INDIEsutra,KNOWsutra : PEACE (not War),LOFIsutra","[02] Foolish Goldfish (Forever) • KNOWsutra Peace (Not War) La Poesita Psychedelic Cello Dub INDIE,[05] Foolish Goldfish (Forever) • KNOWsutra Peace (Not War) Psychedelic Poetry Dubs The Bridge DUB,[01] Foolish Goldfish (Forever) • KNOWsutra Peace (Not War) Mama-b-c Psychedelic Cello Dream INDIE,[14] Foolish Goldfish (Forever) • KNOWsutra Peace (Not War) Psychedelic Destiny BLUES,[08] Foolish Goldfish (Forever) • KNOWsutra Peace (Not War) Psychedelic Tzigane Soul Fusion LOFI,[07] Foolish Goldfish (Forever) • KNOWsutra Peace (Not War) Psychedelic Tzigane Soul Fusion LOFI",56,G-56
FOTUS CIRCUS ★ VOL.2 EPx10 ★ BURLESQUEsutra,https://soundcloud.com/bananasutra/sets/fotus-circus-vol2-epx10-burlesquesutra,BLOWsutra,"BANJO,BURLESQUE,FOLK,JAZZ,LOFI,ROCK","BANJO,BURLESQUE,FOLK,JAZZ,LOFI,ROCK",10,10,1697,11,32:55,https://i1.sndcdn.com/artworks-44IaWyIDQ4KPbMKz-LMbmBg-t500x500.png,L-82,,"FOTUS CIRCUS Playlist An American Freaks Show,QUACKsutra : FOTUS Circus",[06] FOTUS Circus VOL. 02 • This ain't no hollow show • QUACKsutra,57,G-57
FOTUS CIRCUS ★ VOL.3 EPx9 ★ BURLESQUEsutra,https://soundcloud.com/bananasutra/sets/fotus-circus-vol3-epx9-burlesquesutra,BLOWsutra,"BANJO,BURLESQUE,DUB,FOLK,MANTRA","BANJO,BURLESQUE,DUB,FOLK,MANTRA,RAGGA",9,9,2415,16,28:23,https://i1.sndcdn.com/artworks-TISJ7mgoFUnIyF3o-Nc2YDg-t500x500.png,L-82,,"FOTUS CIRCUS Playlist An American Freaks Show,QUACKsutra : FOTUS Circus",[06] FOTUS Circus VOL. 03 • When will you be angelic (Ginzberg’s Horror Show) • BURLESQUE QUACKsutra,58,G-58
FOTUS CIRCUS ★ VOL.4 EPx9 ★ BURLESQUEsutra,https://soundcloud.com/bananasutra/sets/fotus-circus-vol4-epx9-burlesquesutra,BLOWsutra,"BANJO,BURLESQUE,DUB,JAZZ","BANJO,BURLESQUE,DUB,JAZZ",9,9,3951,22,28:50,https://i1.sndcdn.com/artworks-hEoexhjMEJaTLs2Y-y53BjQ-t500x500.png,L-81,,"BANJOsutra,DUBsutra,FOTUS CIRCUS Playlist An American Freaks Show,QUACKsutra : FOTUS Circus","""[08] FOTUS Circus VOL. 04 • Step Right Up, Murica Freaks (paper staws) • DUB QUACKsutra"",""[09] FOTUS Circus VOL. 04 • Step Right Up, My Dearest Souls • DUB QUACKsutra"",""[06] FOTUS Circus VOL. 04 • Step Right Up, for Plastic Straws • Banjo QUACKsutra"",[01] FOTUS Circus VOL. 04 • Step Right Up my Dearest Souls • Burlesque QUACKsutra",59,G-59
Freee · La Fille • French SHOWsutra Psychedelic EPx10,https://soundcloud.com/bananasutra/sets/freee-la-fille-french-showsutra-psychedelic-epx10,SHOWsutra,"BURLESQUE,DUB,LOFI","BURLESQUE,DUB,HIP HOP,LOFI,PSYCHEDELIC,RAGGA",10,10,6698,53,30:12,https://i1.sndcdn.com/artworks-RJT0le0yFOpGmfuI-gfY2hw-t500x500.png,L-84,,"BURLESQUEsutra,DUBsutra,FRENCHsutra oui oui · sacrebleu,OUI OUI : Pardon (my French),SHOWsutra where bananas play","""[09] Freee, La Fille • French SHOWsutra Psychedelic Ragga DUB"",""[03] Freee, la fille (remastered) • French SHOWsutra Circus Accordion BURLESQUE"",""[08] Freee, La Fille • French SHOWsutra Psychedelic Ragga DUB""",60,G-60
Genius EP,https://soundcloud.com/bananasutra/sets/genius,GROWsutra,"FOLK,INDIE,JAZZ","FOLK,INDIE,JAZZ",3,3,676,9,7:35,https://i1.sndcdn.com/artworks-VkDI20lCoNvB6yuu-kEiBRg-t500x500.jpg,L-86,2024-10-28 21:12,"FOLKsutra,GROWsutra : KIND(ness),INDIEsutra,KNOWsutra where questions matter","""Genius, You See V.1 • Indie Jazz Folk Lullaby  • sutraKNOW inspired by Albert Einstein""",61,G-61
Gladys in Sonderland EPx14 • SHOWsutra Psychedelic Gipsy Dream,https://soundcloud.com/bananasutra/sets/gladys-in-sonderland-epx14-showsutra-psychedelic-gipsy-dream,SHOWsutra,"BANJO,BLUES,BURLESQUE,INDIE,LOFI","BANJO,BLUES,BURLESQUE,GIPSY,INDIE,LOFI,PSYCHEDELIC",14,14,7679,68,1:06:19,https://i1.sndcdn.com/artworks-6hfJ7MQsBYyjyhKs-VO8orw-t500x500.png,L-88,,"BURLESQUEsutra,SHOWsutra : FANANA Club,SHOWsutra where bananas play","[12] Gladys in Sonderland • SHOWsutra Psychedelic Gipsy Cello Waltz BURLESQUE,[10] Gladys in Sonderland • SHOWsutra Psychedelic Gipsy Cello Waltz INDIE BURLESQUE,[06] Gladys in Sonderland • SHOWsutra Psychedelic Gipsy Cello Waltz Breathing BURLESQUE,[11] Gladys in Sonderland • SHOWsutra Psychedelic Gipsy Accordion Circus Waltz BURLESQUE,[04] Gladys in Sonderland • SHOWsutra Psychedelic Gentle Gipsy Piano Cello Accordion Waltz Cameo BURLESQUE",62,G-62
Glitter on a Turd ❯ GROWsutra Banana Cabaret EPx5,https://soundcloud.com/bananasutra/sets/glitter-on-a-turd-epx5,GROWsutra,"BURLESQUE,INDIE","BURLESQUE,CABARET,INDIE",5,5,2491,25,14:49,https://i1.sndcdn.com/artworks-XYwpBnKZkAc8nA2R-sfypIw-t500x500.png,L-89,2025-05-23 11:53,"BURLESQUEsutra,GROWsutra : KIND(ness),GROWsutra where we be brave,JAZZsutra,LOFIsutra","[03] Glitter and Guts - Arabesk Indie JAZZsutra,[01] Glitter and Guts - Circus BURLESQUEsutra,[05] Glitter and Guts - Bass Revolution LOFIsutra,[04] Glitter and Guts - oh lordy DUBsutra",63,G-63
Grifters • BLOWsutra (Apes Gone Wrong) EPx14,https://soundcloud.com/bananasutra/sets/grifters-blowsutra-epx14,BLOWsutra,"BANJO,BLUES,BURLESQUE,DUB,FOLK,INDIE,LOFI,ROCK","BANJO,BLUES,BURLESQUE,COUNTRY,DUB,FADO,FLAMENCO,FOLK,GIPSY,HIP HOP,INDIE,LOFI,PSYCHEDELIC,PUNK,ROCK",14,14,2933,26,43:26,https://i1.sndcdn.com/artworks-iPtXxjIVQyjzpElZ-rzZZyw-t500x500.png,L-90,,"BLOWsutra,DUBsutra",[08] Grifters • BLOWsutra Psychedelic Poetry Folk the Bridge DUB,64,G-64
Hammy On Clyde ✪ SHOWsutra EPx8,https://soundcloud.com/bananasutra/sets/hammy-on-clyde-showsutra-epx8,SHOWsutra,"BLUES,DUB,FOLK,JAZZ,LOFI","BLUES,DUB,FOLK,GIPSY,JAZZ,LOFI",8,8,1571,11,35:38,https://i1.sndcdn.com/artworks-safSzuvAHiwvn0LF-0u5a3Q-t500x500.png,L-86,,,,65,G-65
Hard Core (Questions that Matter) X5,https://soundcloud.com/bananasutra/sets/hard-core-x5,KNOWsutra,BURLESQUE,BURLESQUE,5,5,4657,44,15:20,https://i1.sndcdn.com/artworks-TawBy2TG82lsrzx3-SEV7yw-t500x500.png,L-93,,"BLUESsutra,BURLESQUEsutra,JAZZsutra,KNOWsutra : (naked) TRUTH,KNOWsutra where questions matter,Questions for the (kind) POPE in the Sky","#5 Hard Core : Honey BLUESutra,#4 Hard Core : Burlesque Honeysutra,#1 Hard Core : Honey JAZZsutra",66,G-66
HashtagWHY (to be ctd...),https://soundcloud.com/bananasutra/sets/hashtagwhy-to-be-ctd,KNOWsutra,ROCK,PUNK ROCK,2,2,529,5,6:23,https://i1.sndcdn.com/artworks-0LTSLaDkEUo21nzx-OHpjRw-t500x500.jpg,L-94,,,,67,G-67
Hello · Oh No • EPx16 • GROWsutra Psychedelic Logic Harmonics,https://soundcloud.com/bananasutra/sets/hello-oh-no-growsutra-psychedelic-epx16,GROWsutra,"BANJO,BLUES,BURLESQUE,DUB,FOLK,INDIE,JAZZ,LOFI","BANJO,BLUES,BURLESQUE,CABARET,DUB,FLAMENCO,FOLK,GIPSY,INDIE,JAZZ,LOFI,PSYCHEDELIC,PUNK",15,16,11004,120,48:03,https://i1.sndcdn.com/artworks-X8yzz8V1uH0GpZZw-fED3yQ-t500x500.png,L-95,2026-02-26 22:16,"DUBsutra,GROWsutra where we be brave","""[01] Hello, Oh No • GROWsutra Psychedelic Folk Poetry Bridges the DUB"",""[06] Hello, Oh No • GROWsutra La Poesita Gipsy Flamenco DUB"",""[03] Hello, Oh No • GROWsutra Psychedelic Folk Poetry Bridges the DUB"",""[09] Hello, Oh No • GROWsutra Psychedelic Circus Indie Tango JAZZ"",""[11] Hello, Oh No • GROWsutra Psychedelic Queen of Authentic Dubby Folk Banjo BLUES""",68,G-68
Hereby · I Cry ☠ BLOWsutra EPx5,https://soundcloud.com/bananasutra/sets/hereby-i-cry-blowsutra-epx5,BLOWsutra,"DUB,FOLK,JAZZ,MANTRA","DUB,FOLK,GIPSY,JAZZ,MANTRA",5,5,1531,22,18:15,https://i1.sndcdn.com/artworks-AJnyssyEpQIFaGYl-f1dxCg-t500x500.png,L-96,,"BLOWsutra,DUBsutra,FOTUS CIRCUS Playlist An American Freaks Show,GROWsutra : DARE (to care),MANTRAsutra,QUACKsutra where we sing FU","""[04] Hereby, I Cry • We Sing mo' DUB"",""[05] Hereby, I Cry • Arabesk Drum MANTRA""",69,G-69
Hey · Creeps • EPx20 • BLOWsutra Ego Gone Loco,https://soundcloud.com/bananasutra/sets/hey-creeps-epx20-blowsutra-ego-gone-loco,BLOWsutra,"BURLESQUE,DUB,INDIE,JAZZ,LOFI,ROCK","BURLESQUE,DUB,GIPSY,HIP HOP,INDIE,JAZZ,LOFI,PSYCHEDELIC,PUNK,ROCK",20,20,10957,87,1:08:23,https://i1.sndcdn.com/artworks-D95jhvq945VUHBlk-M2mkVQ-t500x500.png,L-97,2025-11-23 19:48,"BLOWsutra,BLOWsutra : EGO (gone loco),DUBsutra,LOFIsutra","""[16] Hey, Creeps • BLOWsutra Ego Gone She Wanna Know Psychedelic LoFi Jazz DUB"",""[12] Hey, Creeps • BLOWsutra Ego Gone Loco Tzigane Fusion LOFI"",""[02] Hey, Creeps • BLOWsutra Ego Gone à la Psychedelic Gipsy Grouchy Cosmic Punk LOFI"",""[01] Hey, Creeps • BLOWsutra Ego Gone à la Psychedelic Gipsy Bonobo Cosmic Punk LOFI"",""[05] Hey, Creeps • BLOWsutra Ego Gone Bamboozlers Indie CelLOFI"",""[13] Hey, Creeps • BLOWsutra Ego Gone Psychedelic Hip Hop Storyteller LOFI""",70,G-70
Hey · You ✖ EPx8 ✖ BLOWsutra Indie Punk ROCK,https://soundcloud.com/bananasutra/sets/hey-you-blowsutra-jazz-punk-rock,BLOWsutra,"BURLESQUE,INDIE,ROCK","BURLESQUE,INDIE,PUNK,ROCK",7,7,1468,8,13:47,https://i1.sndcdn.com/artworks-8zXPkONAqcbxOwwP-p3Wifg-t500x500.png,L-98,,"BLOWsutra,BLOWsutra : EGO (gone loco),ROCKsutra","""[03] Hey, You - BLOWsutra psyPunk ROCK""",71,G-71
Hi · My Name Is (Not Celine Dion) - Vol02 EPx11 - SHOWsutra Dubby Grass Burlesque Edition,https://soundcloud.com/bananasutra/sets/hi-my-name-is-not-celine-dion-vol02-epx11-showsutra-dubby-grass-burlesque-edition,SHOWsutra,"BANJO,BURLESQUE,DUB,FOLK,JAZZ","BANJO,BURLESQUE,COUNTRY,DUB,FOLK,JAZZ,PSYCHEDELIC",11,11,2070,13,38:21,https://i1.sndcdn.com/artworks-8AeGeNBuRUKrnybC-5NKduw-t500x500.png,L-99,2025-10-17 10:17,"BURLESQUEsutra,SHOWsutra : FANANA Club,SHOWsutra where bananas play","""[11] Hi, My Name Is (Not Celine Dion) • SHOWsutra Cello Circus Waltz BURLESQUE""",72,G-72
Hi · My Name Is (Not Celine Dion) - Vol03 EPx11 - SHOWsutra Gipsy Trip Hop World LoFi Edition,https://soundcloud.com/bananasutra/sets/hi-my-name-is-not-celine-dion-vol03-epx11-showsutra-gipsy-trip-hop-world-lofi-edition,SHOWsutra,LOFI,"GIPSY,LOFI,TRIP HOP",11,11,2360,32,40:18,https://i1.sndcdn.com/artworks-F6v264OYqZyCDfpy-bKUKiA-t500x500.png,L-99,2025-10-17 10:24,"LOFIsutra,SHOWsutra : FANANA Club,SHOWsutra where bananas play","""[08] Hi, My Name Is (Not Céline Dion) - SHOWsutra Gipsy Fusion Trip Hop World LOFI"",""[02] Hi, My Name Is (Not Céline Dion) - SHOWsutra Gipsy Fusion Trip Hop World LOFI""",73,G-73
Hold the Mic · Babe  EP X7 | Soul Prayer Lullabies,https://soundcloud.com/bananasutra/sets/hold-the-mic-babe-soul,GROWsutra,"BLUES,FOLK,MANTRA",SOUL,7,7,5083,23,19:47,https://i1.sndcdn.com/artworks-ZzVNwSHzbhNq9mzn-vHyL4w-t500x500.png,L-102,,"BANJOsutra,DUBsutra,GROWsutra : KIND(ness),GROWsutra where we be brave","""#1 Hold the Mic, Babe ☰ BANJOsutra Vocal Hug"",""#3 Hold the Mic, Babe ☰ BANJOsutra Hug for Ya, Babe"",""#2 Hold the Mic, Babe ☰ DUBsutra Vocal Hug""",74,G-74
Hope is So Do-Do-Dope 🎪🦤 SHOWsutra Surreal Soul Circus EPx9,https://soundcloud.com/bananasutra/sets/hope-is-so-do-do-dope-showsutra-surreal-soul-circus-epx9,SHOWsutra,"BURLESQUE,INDIE,ROCK","BURLESQUE,GIPSY,INDIE,PSYCHEDELIC,ROCK,SOUL",9,9,1365,9,32:05,https://i1.sndcdn.com/artworks-6nsPwxZLywLDp58z-pvh8Pw-t500x500.png,L-104,2025-09-24 18:31,,,75,G-75
How to Help a Bible Bro Grow Up · In the name of Religious Freedom,https://soundcloud.com/bananasutra/sets/how-to-help-a-bible-bro-grow-up-in-the-name-of-religious-freedom,GROWsutra,"DUB,FOLK,INDIE","DUB,FOLK,INDIE",7,7,1744,16,20:34,https://i1.sndcdn.com/artworks-iut6y3WtyieWGgpN-uNGjiA-t500x500.png,L-222,2025-04-13 18:49,"DUBsutra,GROWsutra : GOD (etc),GROWsutra where we be brave,LOFIsutra,MANTRAsutra,QUACKsutra where we sing FU,Questions for the (kind) POPE in the Sky","[7] Your rules don’t apply to me • Indie MANTRAsutra,[4] Shush the Bull Bro (Please) • DUBsutra",76,G-76
I Ain't No Christian (No Holy Fool) ♥ EPx4 VOL.02,https://soundcloud.com/bananasutra/sets/i-aint-no-christian-no-holy-fool-epx4-vol02,SHOWsutra,"BLUES,BURLESQUE,FOLK,INDIE,ROCK","BLUES,BURLESQUE,FOLK,INDIE,ROCK,SOUL",4,4,733,8,11:49,https://i1.sndcdn.com/artworks-FXu0T1aNuzRuPyMB-olhCZA-t500x500.png,L-109,,,,77,G-77
I Did the Math · and Everything is Stupid • SHOWsutra Snoopy Fanana Club EPx11,https://soundcloud.com/bananasutra/sets/i-did-the-math-and-everything-is-stupid-showsutra-snoopy-fanana-club-epx11,SHOWsutra,"BURLESQUE,DUB,INDIE,JAZZ,ROCK","BURLESQUE,DUB,GIPSY,INDIE,JAZZ,PSYCHEDELIC,PUNK,ROCK",11,11,10127,100,40:34,https://i1.sndcdn.com/artworks-MzZS6UnLWFjCH0yw-Ud0ziA-t500x500.png,L-110,,"BURLESQUEsutra,INDIEsutra,ROCKsutra","""[Bonus] I did the Math, and Everything is Stupid • SHOWsutra Snoopy Poopy INDIE"",""[10] Everything is Stupid, Absurd, and Divine • SHOWsutra Psy Punk Chanson Burlesque ROCK"",[04] I Did the Math (and Everything is Stupid) • SHOWsutra Indie Chanson Gipsy BURLESQUE,[07] I Did the Math (and Everything is Stupid) • SHOWsutra Psychedelic Burlesque Indie ROCK,""[09] Everything is Stupid, Absurd, and Divine • SHOWsutra Psy Punk Chanson Burlesque ROCK""",78,G-78
I Think I Need a Good Spank!ng (in Madrid) ⚯ SHOWsutra EPx9,https://soundcloud.com/bananasutra/sets/i-think-i-need-a-good-spankng-in-madrid-showsutra-epx9,SHOWsutra,"BURLESQUE,DUB,INDIE,JAZZ","BURLESQUE,DUB,FADO,HIP HOP,INDIE,JAZZ",9,9,1593,13,26:59,https://i1.sndcdn.com/artworks-PfxPRXz3WMhUPWjS-5CSzRQ-t500x500.png,L-106,2025-07-02 23:26,,,79,G-79
Idiocracy Now ✪ QUACKsutra EPx10,https://soundcloud.com/bananasutra/sets/idiocracy-now-quacksutra-epx10,BLOWsutra,"BANJO,BURLESQUE,FOLK,INDIE,LOFI,ROCK","BANJO,BURLESQUE,COUNTRY,FOLK,INDIE,LOFI,PUNK,ROCK",10,10,1771,16,36:19,https://i1.sndcdn.com/artworks-PbQdusXHHfL2vzQG-PVycmg-t500x500.png,L-107,,,,80,G-80
If We Had But(t) The Truth • Vol. 2 EPx22 • BLOWsutra (Censored) Epstein Etcetera Soundtrack,https://soundcloud.com/bananasutra/sets/if-we-had-butt-the-truth-vol-2-epx22-blowsutra-censored-epstein-etcetera-soundtrack,BLOWsutra,"BLUES,BURLESQUE,DUB,FOLK,INDIE,JAZZ,LOFI,ROCK","BLUES,BURLESQUE,CABARET,DUB,FOLK,GIPSY,INDIE,JAZZ,LOFI,PSYCHEDELIC,RAGGA,ROCK,TRIP HOP",22,22,13528,100,1:18:17,https://i1.sndcdn.com/artworks-1InxeLQ1c3LnQwmz-u75GhQ-t500x500.png,L-114,2026-01-25 23:52,"BLOWsutra,BLOWsutra : CENSOR(ed),BURLESQUEsutra,DUBsutra,FOLKsutra,LOFIsutra,QUACKsutra where we sing FU","Side B [15] If We Had But(t) The Truth • BLOWsutra (Censored) Gipsy Psychedelia Accordion Cello Indie FOLK,Side A [08] If We Had But(t) The Truth • BLOWsutra (Censored) Folk Poetry on the Bridge DUB,Side A [01] If We Had But(t) The Truth • BLOWsutra (Censored) Jazzy Psychedelic Hip Trip Hop LOFI,Side A [06] If We Had But(t) The Truth • BLOWsutra (Censored) Folk Poetry on the Bridge DUB,Side A [09] If We Had But(t) The Truth • BLOWsutra (Censored) Feel Di Riddim Ragga Mama DUB,Side B [16] If We Had But(t) The Truth • BLOWsutra (Censored) PsyPunk Rock Cabaret BURLESQUE",81,G-81
If We Had But(t) The Truth ☲ Easterican Profanities EPx5 ☲ QUACKsutra,https://soundcloud.com/bananasutra/sets/if-we-had-butt-the-truth-easterican-profanities-epx5-quacksutra,BLOWsutra,BLUES,BLUES,5,5,1606,18,16:02,https://i1.sndcdn.com/artworks-YXoYMbXvm3ILHBz6-ixlblg-t500x500.png,L-114,2025-05-27 15:41,"BLOWsutra : APES (gone wrong),BLUESsutra,FOLKsutra,INDIEsutra,QUACKsutra where we sing FU","[03] If We Had But(t) The Truth (Not The Quack) (low) - Drum INDIEsutra,[04] If We Had But(t) The Truth (Not The Quack) - Blues FOLKsutra",82,G-82
Ironic Moronic Eugenics ☤ What Happens When KNOWsutra & BLOWsutra Make a Baby,https://soundcloud.com/bananasutra/sets/ironic-moronic-eugenics-what-happens-when-knowsutra-blowsutra-make-a-baby,KNOWsutra,"BANJO,BLUES,DUB,FOLK,ROCK","BANJO,BLUES,DUB,FOLK,PSYCHEDELIC,PUNK,ROCK",8,8,1664,15,27:43,https://i1.sndcdn.com/artworks-N9z3Fy63NDAYopf0-Ffs1iA-t500x500.png,L-115,,"BLOWsutra,BLUESsutra",[04] Ironic Moronic Eugenics • BLOWsutra Psychedelic Banjo Psybass Bluegrass BLUES,83,G-83
It's an Ethical Paradox • Vol. 2 EPx15 • KNOWsutra (Bertrand Knows) Gipsy Burlesque Jazz,https://soundcloud.com/bananasutra/sets/its-an-ethical-paradox-an-oxymoron-maze-vol-2-epx15-knowsutra-bertrand-knows-gipsy-burlesque-jazz,KNOWsutra,"BURLESQUE,DUB,JAZZ,LOFI","BURLESQUE,DUB,GIPSY,JAZZ,LOFI,TRIP HOP",15,15,21251,271,54:51,https://i1.sndcdn.com/artworks-dpot7zmJbp98Q8za-Swn1Rg-t500x500.png,L-116,,"JAZZsutra,KNOWsutra : BERTRAND (mon chéri),KNOWsutra where questions matter,LOFIsutra","""[05] It's an Ethical Paradox, an Oxymoron Maze • KNOWsutra (Bertrand Knows) Gipsy Burlesque Upright Bass Piano JAZZ"",""[14] It's an Ethical Paradox, an Oxymoron Maze • KNOWsutra (Bertrand Knows) Gipsy Burlesque Jazz Cello LOFI"",""[13] It's an Ethical Paradox, an Oxymoron Maze • KNOWsutra (Bertrand Knows) Gipsy Burlesque Jazz Cello Trip Hop LOFI"",""[07] It's an Ethical Paradox, an Oxymoron Maze • KNOWsutra (Bertrand Knows) Gipsy Burlesque Upright Bass JAZZ"",""[02] It's an Ethical Paradox, an Oxymoron Maze • KNOWsutra (Bertrand Knows) Gipsy Burlesque Upright Bass JAZZ"",""[01] It's an Ethical Paradox, an Oxymoron Maze • KNOWsutra (Bertrand Knows) Gipsy Burlesque Piano Bass JAZZ"",""[15] It's an Ethical Paradox, an Oxymoron Maze • KNOWsutra (Bertrand Knows) Gipsy Burlesque Jazz Cello DUB"",""[06] It's an Ethical Paradox, an Oxymoron Maze • KNOWsutra (Bertrand Knows) Gipsy Burlesque Piano Upright Bass JAZZ"",""[03] It's an Ethical Paradox, an Oxymoron Maze • KNOWsutra (Bertrand Knows) Gipsy Burlesque Upright Bass JAZZ""",84,G-84
It's War · My Friend ☳ QUACKsutra EPx15,https://soundcloud.com/bananasutra/sets/its-war-my-friend-quacksutra-epx15,BLOWsutra,"BLUES,DUB,FOLK,INDIE,LOFI,ROCK","BLUES,DUB,FOLK,INDIE,LOFI,PSYCHEDELIC,PUNK,ROCK",15,15,3115,40,50:17,https://i1.sndcdn.com/artworks-yjDwmBzrh9rcYKwR-u7wlPw-t500x500.png,L-117,,"BLUESsutra,QUACKsutra : DUCK (shady),QUACKsutra : FOTUS Circus,QUACKsutra where we sing FU,ROCKsutra","""[10] It's War, My Friend • QUACKsutra Psychedelic BLUES"",""[11] It's War, My Friend • QUACKsutra Psychedelic Folk BLUES"",""[02] It's War, My Friend • QUACKsutra Tzigane Indie Fusion LOFI"",""[15] It's War, My Friend • QUACKsutra Psychedelic Punk ROCK""",85,G-85
Jacques Brel : French EPx9 : GLOWsutra Burlesque Indie Blues Gratitude POET(ry),https://soundcloud.com/bananasutra/sets/jacques-brel-french-epx9-glowsutra-burlesque-indie-blues-gratitude-poetry,GLOWsutra,"BANJO,BLUES,BURLESQUE,INDIE","BANJO,BLUES,BURLESQUE,INDIE,PSYCHEDELIC",9,9,3199,28,38:47,https://i1.sndcdn.com/artworks-e0sOW6yRL70L2ZRD-C8tirQ-t500x500.png,L-118,2025-11-29 22:24,"BURLESQUEsutra,FRENCHsutra oui oui · sacrebleu,GLOWsutra where gratitude feeds,INDIEsutra","[01] Jacques Brel - French GLOWsutra Oh Boy Accordion Circus Waltz Chanson BURLESQUE,[07] Jacques Brel - French GLOWsutra Psychedelic Circus Cello Chanson INDIE",86,G-86
Jealousy (not for me) ♡ GROWsutra EPx22,https://soundcloud.com/bananasutra/sets/jealousy-not-for-me-growsutra-epx22,GROWsutra,"BLUES,BURLESQUE,DUB,INDIE,JAZZ,LOFI","BLUES,BURLESQUE,DUB,HIP HOP,INDIE,JAZZ,LOFI,RAGGA",22,22,5321,43,1:02:36,https://i1.sndcdn.com/artworks-NrFEJYn5QiBNXnw5-RFTkHQ-t500x500.png,L-119,2025-06-26 10:26,"DUBsutra,FLOWsutra : FLY (like water),FLOWsutra where time is space,INDIEsutra","[11] Jealousy (not for me) - MAMA-B-C INDIE,[18] Jealousy (not for me) - Muse 1 DUB,[15] Jealousy (not for me) - WSWHFN DUB",87,G-87
Jolly Poo - EPx15 VOL. 01 - Banjo Blues BLOWsutra,https://soundcloud.com/bananasutra/sets/jolly-poo-epx15-vol-01-banjo-blues-blowsutra,BLOWsutra,"BANJO,BLUES","BANJO,BLUES,RAGGA",15,15,4255,24,49:08,https://i1.sndcdn.com/artworks-KLgAMRClt5uPFoax-dDF6zQ-t500x500.png,L-120,,"BLOWsutra,BLOWsutra : EGO (gone loco),DUBsutra","[05] Jolly Poo - No one knows how dark you are - FOLKsutra,[12] Jolly Poo - Beware of Dog who won’t Bark - DUBsutra,[11] Jolly Poo - Coward Dawgs Gossip but(t) only in your back  - DUBsutra",88,G-88
Joseph Campbell's Truth Metaphors ☷ KNOWsutra EPx12,https://soundcloud.com/bananasutra/sets/joseph-campbells-truth-metaphors-knowsutra-epx12,KNOWsutra,"BLUES,BURLESQUE,DUB,INDIE,LOFI,MANTRA","BLUES,BURLESQUE,DUB,INDIE,LOFI,MANTRA",12,12,2253,22,41:38,https://i1.sndcdn.com/artworks-jy4Ny3sg2PSbdteq-7zc7yg-t500x500.jpg,L-160,,"KNOWsutra : (naked) TRUTH,LOFIsutra,MANTRAsutra",[02] Joseph Campbell - Hold the Sacred - KNOWsutra Chillhop Piano Psy-LOFI,89,G-89
Just Be EP X7 | Vocal Honey Audio Ideals,https://soundcloud.com/bananasutra/sets/just-be-vocal-jazz-honey-x7,FLOWsutra,"BLUES,DUB,JAZZ,LOFI","BLUES,DUB,JAZZ,LOFI",7,7,5669,46,23:21,https://i1.sndcdn.com/artworks-IDfjsYaZOumrtQ1L-jseSkw-t500x500.png,L-121,,"BANJOsutra,BURLESQUEsutra,DUBsutra,FLOWsutra : FLY (like water),FLOWsutra where time is space,FOLKsutra,INDIEsutra,MANTRAsutra","Just Waltz(be) • Jazzy Grinding Waltz • sutraFLOW (v5),Just Grind(ha) • Harmonica Blues Lo-fi • sutraFLOW,Just Gasp(be) • Jazzy DUB Poetry • sutraFLOW (v1)",90,G-90
Kids Are Asking ✪ KNOWsutra But(t) Why EPx3,https://soundcloud.com/bananasutra/sets/kids-are-asking-knowsutra-butt-why-epx3,KNOWsutra,"DUB,FOLK,INDIE,JAZZ,LOFI,MANTRA","ACOUSTIC,DUB,FOLK,INDIE,JAZZ,LOFI,MANTRA,TRIP HOP",3,3,1078,2,9:14,https://i1.sndcdn.com/artworks-L6uXyHUyGsqH0ZAv-cvmeZg-t500x500.png,L-124,,"KNOWsutra where questions matter,LOFIsutra",[02] Kids Are Asking - KNOWsutra But(t) Why Acoustic Trip Hop LoFi JAZZ,91,G-91
Kindness - Psychedelic INDIEsutra,https://soundcloud.com/bananasutra/sets/kindness-psychedelic-indiesutra,KNOWsutra,INDIE,PSYCHEDELIC,2,2,306,3,4:22,https://i1.sndcdn.com/artworks-60rWtzt0Ur5yDsl8-lcLgjQ-t500x500.jpg,L-126,,,,92,G-92
Kindness Matters - Human Life Soundtrack EP,https://soundcloud.com/bananasutra/sets/kindness-matters-human-life-soundtrackl,KNOWsutra,INDIE,INDIE,5,5,1454,10,18:08,https://i1.sndcdn.com/artworks-qsLSixra831RrldW-lEhsdw-t500x500.jpg,L-126,,"GROWsutra : KIND(ness),KNOWsutra where questions matter",Kindness - JAZZsutra,93,G-93
Kiss A Pulse • GLOWsutra (Lucille Clifton Poetry) EPx16,https://soundcloud.com/bananasutra/sets/kiss-a-pulse-glowsutra-epx16,GLOWsutra,"BANJO,BLUES,BURLESQUE,DUB,FOLK,INDIE,JAZZ,LOFI","BANJO,BLUES,BURLESQUE,CABARET,DUB,FOLK,GIPSY,INDIE,JAZZ,LOFI,PSYCHEDELIC,SOUL",16,16,14998,176,45:33,https://i1.sndcdn.com/artworks-FsS9zAJyonxRU7Rm-RHZvfQ-t500x500.png,L-129,,"BLUESsutra,BURLESQUEsutra,DUBsutra,GLOWsutra where gratitude feeds,JAZZsutra,LOFIsutra","[08] Kiss A Pulse • GLOWsutra (Lucille Clifton Poetry) Psychedelic Folk Bridges the DUB,[15] Kiss A Pulse • GLOWsutra (Lucille Clifton Poetry) Psychedelic Destiny Banjo Soul BLUES,[14] Kiss A Pulse • GLOWsutra (Lucille Clifton Poetry) Psychedelic Indie Cello Cabaret BURLESQUE,[04] Kiss A Pulse • GLOWsutra (Lucille Clifton Poetry) Indie Gipsy Fusion LOFI,[16] Kiss A Pulse • GLOWsutra (Lucille Clifton Poetry) Psychedelic Destiny Banjo Soul BLUES,[09] Kiss A Pulse • GLOWsutra (Lucille Clifton Poetry) Psychedelic Folk Bridges the DUB,[06] Kiss A Pulse • GLOWsutra (Lucille Clifton Poetry) Psychedelic Folk Bridges the DUB,[07] Kiss A Pulse • GLOWsutra (Lucille Clifton Poetry) Psychedelic Folk Bridges the DUB,[03] Kiss A Pulse • GLOWsutra (Lucille Clifton Poetry) Indie Gipsy Fusion LOFI,[01] Kiss A Pulse • GLOWsutra (Lucille Clifton Poetry) Ethically Gipsy JAZZ",94,G-94
L'Accordéon de l'Ignorance EP X9,https://soundcloud.com/bananasutra/sets/laccordeon-de-lignorance-ep-x9,BLOWsutra,BURLESQUE,BURLESQUE,9,9,1734,14,26:40,https://i1.sndcdn.com/artworks-otyCSuVjsJ2YL8G1-qQb1mw-t500x500.png,L-124,2024-12-11 21:31,,,95,G-95
L'Embobinage (d'après Carl Sagan) • French GROWsutra EPx17,https://soundcloud.com/bananasutra/sets/lembobinage-dapres-carl-sagan-french-growsutra-epx17,GROWsutra,"BURLESQUE,DUB,INDIE,JAZZ","BURLESQUE,DUB,FLAMENCO,INDIE,JAZZ",17,17,11576,114,50:14,https://i1.sndcdn.com/artworks-CtDeRlGcQzG1ofC3-5Y1m0w-t500x500.png,L-131,2025-09-29 21:24,"BURLESQUEsutra,DUBsutra,FRENCHsutra oui oui · sacrebleu,GROWsutra where we be brave,INDIEsutra,LOFIsutra,OUI OUI : Pardon (my French)","[14] L'Embobinage (d'après Carl Sagan) • French GROWsutra World Peace PsyAccordion POP BURLESQUE 3 INDIE,[03] L'Embobinage (d'après Carl Sagan) • French GROWsutra World Peace PsyAccordion CelLOFI INDIE,[09] L'Embobinage (d'après Carl Sagan) • French GROWsutra World Peace Hypnotic Tango Jazz INDIE,[13] L'Embobinage (d'après Carl Sagan) • French GROWsutra World Peace Miss Cheeky DUB,[02] L'Embobinage (d'après Carl Sagan) • French GROWsutra World Peace CelLOFI,[05] L'Embobinage (d'après Carl Sagan) • French GROWsutra World Peace Tzigane Fusion INDIE,[11] L'Embobinage (d'après Carl Sagan) • French GROWsutra World Peace La Poesita Flamenco INDIE DUB,[12] L'Embobinage (d'après Carl Sagan) • French GROWsutra World Peace Miss Cheeky DUB,[01] L'Embobinage (d'après Carl Sagan) • French GROWsutra World Peace CelLOFI,[15] L'Embobinage (d'après Carl Sagan) • French GROWsutra World Peace PsyAccordion POP BURLESQUE INDIE",96,G-96
La Force Douce EPx7 ✪ French GROWsutra World Peace Duende LoFi Indie Fusion,https://soundcloud.com/bananasutra/sets/la-force-douce-epx7-french-growsutra-world-peace-duende-lofi-indie-fusion,GROWsutra,"INDIE,LOFI","FLAMENCO,GIPSY,INDIE,LOFI,SOUL",7,7,5259,38,23:54,https://i1.sndcdn.com/artworks-oqgzYZ3lzrGih5hj-WJ2hFQ-t500x500.png,L-132,,"FRENCHsutra oui oui · sacrebleu,GROWsutra : KIND(ness),GROWsutra where we be brave,INDIEsutra,LOFIsutra,OUI OUI : Pardon (my French)","[02] La Force Douce - French GROWsutra Gipsy Flamenco Duende Chanson INDIE,[03] La Force Douce - French GROWsutra Gipsy Flamenco Duende Chanson INDIE,[01] La Force Douce ✪ French GROWsutra Gipsy Flamenco Duende Chanson INDIE,[06] La Force Douce - French GROWsutra Tzigane Peace Soul Fusion LoFi INDIE",97,G-97
La Poesia Importa ♕ EPx7 VOL.01 ♕ Bananasutra En Español,https://soundcloud.com/bananasutra/sets/la-poesia-importa-epx7-vol01-bananasutra-en-espanol,GLOWsutra,LOFI,"FADO,LOFI",7,7,2501,26,22:29,https://i1.sndcdn.com/artworks-DQAHMhBcDTcoVFfl-BTKWAA-t500x500.png,L-133,2025-05-27 13:16,"DUBsutra,GLOWsutra : POET(ry),GLOWsutra where gratitude feeds,JAZZsutra,WORLDsutra : SPAN(k)ish","[06] La Poesia Importa 2 (low) - Psy JAZZsutra,[03] La Poesia Importa - Oh Lordy DUBsutra",98,G-98
Le Bal Des Salauds - French BLOWsutra Indie Gipsy Burlesque EPx9,https://soundcloud.com/bananasutra/sets/le-bal-des-salauds-french-blowsutra-indie-gipsy-burlesque-epx9,BLOWsutra,"BURLESQUE,FOLK,INDIE,LOFI,MANTRA","BURLESQUE,FOLK,GIPSY,INDIE,LOFI,MANTRA",9,9,8495,88,35:32,https://i1.sndcdn.com/artworks-y8HtxewGKAQtoPJZ-3ZbprQ-t500x500.png,L-134,,"BURLESQUEsutra,FRENCHsutra oui oui · sacrebleu,OUI OUI : Pardon (my French)","[07] Le Bal Des Salauds • French BLOWsutra Gipsy Accordion' Indie Folk BURLESQUE,[08] Le Bal Des Salauds • French BLOWsutra Tzigane World Indie LOFI,[03] Le Bal Des Salauds • French BLOWsutra PBGal Chanson BURLESQUE,[04] Le Bal Des Salauds • French BLOWsutra Oh Boy Accordion Circus BURLESQUE,[02] Le Bal Des Salauds • French BLOWsutra Gipsy LoFi Chanson INDIE,[01] Le Bal Des Salauds • French BLOWsutra Oh My Oh Why Cello Circus INDIE",99,G-99
Le Système EP MIX X16 | Bluesy French Jazz,https://soundcloud.com/bananasutra/sets/le-systeme-de-macron-le-ptit-con,BLOWsutra,"BURLESQUE,DUB,JAZZ,LOFI","BURLESQUE,CABARET,DUB,JAZZ,LOFI,PUNK,SOUL",17,17,5877,80,46:58,https://i1.sndcdn.com/artworks-Jz9sGDEqD1gTTB5H-sILJIA-t500x500.jpg,L-137,,"BLOWsutra,BURLESQUEsutra,DUBsutra,FRENCHsutra oui oui · sacrebleu,INDIEsutra,JAZZsutra,KNOWsutra where questions matter,LOFIsutra,OUI OUI : Pardon (my French)","Le Poids de l'Ego v1 • sutraFRENCH • Burlesque Ego Dub Cabaret,""Le système, ça voulait dire… v2 • sutraFRENCH • Burlesque Ego Accordion Cabaret"",""Manu, Le P'tit Menteur v2 • sutraFRENCH • Burlesque Ego Accordion Cabaret"",""Manu, Le P'tit Menteur v2 • sutraFRENCH • Burlesque Ego Accordion Cabaret"",""Le système, ça voulait dire… v3 • sutraFRENCH • Burlesque Ego JAZZZ Masquerade"",Le P'tit Jupiter • sutraFRENCH • indieJAZZZ Piano LOFI Soul :)",100,G-100
Let’s Do It (Let's Fall in Love) EP • Public Domain Lyrics • JAZZsutra,https://soundcloud.com/bananasutra/sets/lets-do-it-lets-fall-in-love-ep-public-domain-lyrics-jazzsutra,FLOWsutra,JAZZ,"JAZZ,PSYCHEDELIC",4,4,1026,15,13:04,https://i1.sndcdn.com/artworks-eBfjOLCOGCrYzDzL-qn290w-t500x500.jpg,L-140,2025-01-19 23:44,"FLOWsutra : WET (my friend),FLOWsutra where time is space,JAZZsutra","Let’s Do It • Public Domain Lyrics • JAZZsutra 1,Let’s Do It • Public Domain Lyrics • JAZZsutra 2,Let’s Do It • Public Domain Lyrics • JAZZsutra 3",101,G-101
Linguistic Weaponry EPx4 (Vol 2) DUBsutra,https://soundcloud.com/bananasutra/sets/linguistic-weaponry-epx4-vol-2-dubsutra,KNOWsutra,DUB,"DUB,HIP HOP",1,1,163,1,3:19,https://i1.sndcdn.com/artworks-gk645DrsmcEOxAyn-PRMvkA-t500x500.png,L-147,,,,102,G-102
Linguistic Weaponry EPx7 Burlesque DUBsutra,https://soundcloud.com/bananasutra/sets/linguistic-weaponry-epx7-burlesque-dubsutra,SHOWsutra,"BURLESQUE,DUB","BURLESQUE,DUB,GIPSY",3,3,611,5,8:25,https://i1.sndcdn.com/artworks-gk645DrsmcEOxAyn-PRMvkA-t500x500.png,L-147,,,,103,G-103
MAHA (Make America Humane Again) ☆ VOL.2 EPx6 ☆ BLOWsutra (MAxA Series) Psychedelic Trip Hop,https://soundcloud.com/bananasutra/sets/maha-make-america-humane-again-vol2-epx6-blowsutra-psy-trip-hop,BLOWsutra,"BLUES,DUB,LOFI","BLUES,DUB,GIPSY,LOFI,PSYCHEDELIC,TRIP HOP",6,6,8593,56,16:57,https://i1.sndcdn.com/artworks-JGT1OnfOXKJX40oI-WLwAYA-t500x500.png,L-149,2026-02-11 23:37,"BLOWsutra,DUBsutra,LOFIsutra","[01] MAHA (Make America Humane Again) • Vol. 2 • BLOWsutra Gipsy Trip Hop Blues LOFI,[02] MAHA (Make America Humane Again) • Vol. 2 • BLOWsutra Gipsy Trip Hop Lofi DUB,[06] MAHA (Make America Humane Again) • Vol. 2 • BLOWsutra Gipsy Bass Trip Drum Hop Blues LOFI,[04] MAHA (Make America Humane Again) • Vol. 2 • BLOWsutra Gipsy LoFi Trip Hip Blop LOFI",104,G-104
MAKA MAKA EPx7 ⭐︎ MAxA Series · Vol. 4,https://soundcloud.com/bananasutra/sets/maka-maka-epx7-maxa-series-vol-4,BLOWsutra,FOLK,"COUNTRY,FOLK",7,7,2097,14,18:59,https://i1.sndcdn.com/artworks-9mKo23b9tXJzWs5t-yMjheA-t500x500.png,L-150,,"BANJOsutra,BLOWsutra : MAxA Series,QUACKsutra where we sing FU",[4] MAKA MAKA - Oh Hey Folk BANJOsutra,105,G-105
Make Amurica Gulag Again ☭ BLOWsutra DUB EPx25,https://soundcloud.com/bananasutra/sets/make-amurica-gulag-again-blowsutra-dub-epx25,BLOWsutra,"DUB,FOLK,INDIE,LOFI","DUB,FOLK,GIPSY,INDIE,LOFI,RAGGA",25,25,8362,87,1:19:51,https://i1.sndcdn.com/artworks-EtyWMtEaw4pyLtcc-MBCl2Q-t500x500.png,L-151,,"BLOWsutra,BLOWsutra : MAxA Series,DUBsutra,FOTUS CIRCUS Playlist An American Freaks Show,QUACKsutra where we sing FU","B [07] Make America Gulag Again • Tzigane Fusion DUB,B [09] Make America Gulag Again • Tzigane Fusion DUB,A [15] Make America Gulag Again • Di Riddim Ragga DUB,A [14] Make America Gulag Again • Di Riddim Ragga DUB,A [08] Make America Gulag Again • Muse DUB,A [06] Make America Gulag Again • Bruh Ragga DUB,A [12] Make America Gulag Again • Ragga Lala DUB",106,G-106
Make your Own Bible EP x6 VOL. 1 ℧ A Jazzy Burlesque Folk Trip Hop LOFI Venture (oui oui),https://soundcloud.com/bananasutra/sets/make-your-own-bible-ep-x6-vol-1-a-jazzy-burlesque-folk-trip-hop-lofi-venture-oui-oui,GROWsutra,"BURLESQUE,FOLK,JAZZ,LOFI","BURLESQUE,FOLK,JAZZ,LOFI,TRIP HOP",6,6,1214,4,18:34,https://i1.sndcdn.com/artworks-7xjmVBpcmAIlWBfO-5Ebr4Q-t500x500.png,L-152,,"GROWsutra : GOD (etc),LOFIsutra,Questions for the (kind) POPE in the Sky",[2] Make your Own Bible - pbgal Burlesque LOFI,107,G-107
Male Fantasies - bananasutra EPx2 Vol. 03,https://soundcloud.com/bananasutra/sets/male-fantasies-bananasutra-epx2-vol-03,KNOWsutra,INDIE,INDIE,2,2,1650,12,7:19,https://i1.sndcdn.com/artworks-xSBf70BkIjbkDGPA-9368AQ-t500x500.png,L-154,,"BLOWsutra,BLOWsutra : EGO (gone loco)",[01] Male Fantasies • Minimal Vocal JAZZsutra,108,G-108
Male Fantasies • CheekySUTRA EPx6 VOL. 02,https://soundcloud.com/bananasutra/sets/male-fantasies-cheekysutra-epx6-vol-02,SHOWsutra,INDIE,INDIE,6,6,999,6,20:32,https://i1.sndcdn.com/artworks-VQwphayyp6Az5g1b-6E63wg-t500x500.png,L-148,,,,109,G-109
MAMA-B-C (Make America Mine Achtung Encore) • BLOWsutra MAxA Series EPx3,https://soundcloud.com/bananasutra/sets/mama-b-c-blowsutra-maxa-series-epx3,BLOWsutra,"BANJO,DUB,INDIE,MANTRA","ACOUSTIC,BANJO,COUNTRY,DUB,INDIE,MANTRA,TRIP HOP",3,3,610,7,11:37,https://i1.sndcdn.com/artworks-uDzqzbtn80lOeo3H-hV475g-t500x500.png,L-150,,,,110,G-110
MAMA-B-C (Make America Mine Achtung) • BLOWsutra MAxA Series EPx8,https://soundcloud.com/bananasutra/sets/mama-b-c-blowsutra-maxa-series-epx8,BLOWsutra,"BANJO,BLUES,BURLESQUE,FOLK,INDIE,LOFI","BANJO,BLUES,BURLESQUE,FOLK,INDIE,LOFI,PSYCHEDELIC,TRIP HOP",5,8,6992,43,20:16,https://i1.sndcdn.com/artworks-uDzqzbtn80lOeo3H-hV475g-t500x500.png,L-156,,"BLOWsutra,BLOWsutra : MAxA Series,BLUESsutra,INDIEsutra,LOFIsutra","Side A [03] MAMA-B-C (Make America Mine Achtung) • BLOWsutra Cello Melancholia Burlesque INDIE,Side B [03] MAMA-B-C (Make America Mine Achtung) • BLOWsutra Trip Hop Smooth LOFI,Side A [01] MAMA-B-C (Make America Mine Achtung) • BLOWsutra Back-to-Basics Folk Indie Cello BLUES,Side A [02] MAMA-B-C (Make America Mine Achtung) • BLOWsutra psychedelic kindness is depth (high) Banjo Folk BLUES",111,G-111
MASA (Make America Safe Again) ✮ EPX12 ✮ QUACKsutra Psychedelic BANJO,https://soundcloud.com/bananasutra/sets/masa-make-america-safe-again-epx12-quacksutra-psychedelic-banjo,BLOWsutra,"BANJO,BLUES,BURLESQUE,DUB,ROCK","BANJO,BLUES,BURLESQUE,COUNTRY,DUB,PSYCHEDELIC,ROCK",12,12,5417,37,38:28,https://i1.sndcdn.com/artworks-zGBEcizIyyXPbSgu-fuTgSg-t500x500.png,L-158,2025-11-12 10:23,"BANJOsutra,BLOWsutra : MAxA Series,QUACKsutra where we sing FU","[10] MASA (Make America Safe Again) • QUACKsutra Psychedelic Booya Country BANJO,[06] MASA (Make America Safe Again) • QUACKsutra Psychedelic BANJO BLUES,[07] MASA (Make America Safe Again) • QUACKsutra Psychedelic BANJO BLUES,[01] MASA (Make America Safe Again) • QUACKsutra Psychedelic DUB BANJO",112,G-112
Mass Media Freakshow EPx13 VOL.02 ⭐︎ Terrence MCKenna KNOWs ⭐︎ Burlesque or Snooze?,https://soundcloud.com/bananasutra/sets/mass-media-freakshow-epx13-vol02-terrence-mckenna-knows-burlesque-or-snooze,BLOWsutra,"BURLESQUE,FOLK,JAZZ","BURLESQUE,FOLK,JAZZ",13,13,3268,19,44:35,https://i1.sndcdn.com/artworks-Xranl6ikDYKoluYT-FdIOxQ-t500x500.png,L-157,2025-04-15 20:39,"BLOWsutra : APES (gone wrong),BURLESQUEsutra,FOLKsutra","[05] Mass Media Freakshow - chanson encore oh boy BURLESQUE,[13] Mass Media Freakshow - McKenna's Folk,[01] Mass Media Freakshow • udio PSYcircus BURLESQUE",113,G-113
MAWA MAWA EPx2 (if Soundcloud allows) ⭐︎ MAxA Series · Vol. 2,https://soundcloud.com/bananasutra/sets/mawa-mawa-epx2-maxa-series-vol-2,GROWsutra,LOFI,LOFI,2,2,455,3,7:03,https://i1.sndcdn.com/artworks-ohldLp0ezWMHuexZ-Z1TUbg-t500x500.png,L-150,,BURLESQUEsutra,MAWA MAWA • Make America Woke Again • Accordion Cello Lament BURLESQUEsutra,114,G-114
MAxA Alphabet Series Compilation - Make America Humane · Kind · Safe · Smart · etcetera Alright?!,https://soundcloud.com/bananasutra/sets/maxa-series,BLOWsutra,"BANJO,BURLESQUE","BANJO,BURLESQUE",12,20,4827,49,39:53,https://i1.sndcdn.com/artworks-1kvONAzRbkd2SdIu-RVmpoA-t500x500.png,L-149,2025-02-22 18:37,"BANJOsutra,BLOWsutra,BLOWsutra : MAxA Series,BURLESQUEsutra,FOLKsutra,INDIEsutra,JAZZsutra,QUACKsutra where we sing FU","[4] MAHA • Make America Humane Again • Accordion CAT BURLESQUEsutra,[5] MAHA • Make America Humane Again • Authentic Banjo FOLKsutra,[1] MAHA • Make America Humane Again • Psy Waltz BURLESQUEsutra,[3] MAHA • Make America Humane Again • Bass IBYN BURLESQUE JAZZsutra,[7] MAHA • Make America Humane Again • Booya BANJOsutra",115,G-115
Men-Oh-Pause 🩸 KNOWsutra EPx14,https://soundcloud.com/bananasutra/sets/men-oh-pause-knowsutra-epx14,KNOWsutra,"BLUES,BURLESQUE,DUB,FOLK,INDIE,JAZZ,LOFI,ROCK","BLUES,BURLESQUE,DUB,FADO,FOLK,HIP HOP,INDIE,JAZZ,LOFI,PSYCHEDELIC,PUNK,RAGGA,ROCK",14,14,4272,47,52:56,https://i1.sndcdn.com/artworks-CwrH2fJ04mrnXKyD-lpasyg-t500x500.png,L-159,2025-09-16 11:10,"BLOWsutra : CENSOR(ed),BURLESQUEsutra,DUBsutra,GROWsutra where we be brave,INDIEsutra,KNOWsutra : but(t) WHY,KNOWsutra where questions matter,ROCKsutra","[13] Men-Oh-Pause • GROWsutra Accordion Circus BURLESQUE,[14] Men-Oh-Pause • GROWsutra I Burlesque You Not Psychedelic Punk ROCK,[05] Men-Oh-Pause • GROWsutra She Wanna Know Fusion Jazz CelLOFI INDIE,[08] Men-Oh-Pause • GROWsutra Dem Sed Ragga DUB,[04] Men-Oh-Pause • GROWsutra She Wanna Know Fusion Jazz CelLOFI INDIE,[12] Men-Oh-Pause • GROWsutra Accordion Circus BURLESQUE",116,G-116
Mind the Felon EP X5 | JAZZ LOFI : Psychedelic Paradox Soul Chanson,https://soundcloud.com/bananasutra/sets/mind-the-felon-bananasutra-jazz-lofi,BLOWsutra,"JAZZ,LOFI","JAZZ,LOFI,PSYCHEDELIC,SOUL",5,5,3178,28,15:38,https://i1.sndcdn.com/artworks-JhmQUJamnQmJaWeu-4kvdTA-t500x500.png,L-161,,"BLOWsutra,FOLKsutra,JAZZsutra,QUACKsutra : DUCK (shady),QUACKsutra where we sing FU","Mind the Felon (two) • FOLKsutra,Mind the Felon (one) • JAZZsutra,Mind the Felon (three) • JAZZsutra",117,G-117
Muddy Waters EP,https://soundcloud.com/bananasutra/sets/muddy-waters-ep,KNOWsutra,LOFI,LOFI,3,3,2439,35,10:06,https://i1.sndcdn.com/artworks-nMqZKsyaPrkeqrcw-6Z1nNw-t500x500.jpg,L-165,2024-10-22 18:43,"BLOWsutra : EGO (gone loco),KNOWsutra where questions matter,LOFIsutra",Nietzsche’s Gift V.3 • LOFI Jazzz • sutraKNOW,118,G-118
My Quest • EPx6 Vol. 2 • GLOWsutra Jacques Brel Dream,https://soundcloud.com/bananasutra/sets/my-quest-glowsutra-jacques-brel-epx7,GLOWsutra,"BANJO,BLUES,BURLESQUE,DUB,INDIE,JAZZ,ROCK","BANJO,BLUES,BURLESQUE,DUB,INDIE,JAZZ,PSYCHEDELIC,ROCK,TRIP HOP",6,6,2796,18,16:43,https://i1.sndcdn.com/artworks-RvPg90tJzDpSlPKh-ns1cUw-t500x500.png,L-263,2026-03-15 16:44,"DUBsutra,GLOWsutra where gratitude feeds,INDIEsutra","[04] My Quest • To dream an impossible dream with Jacques Brel • GLOWsutra Psychedelic Muse DUB,[01] My Quest • To dream an impossible dream • GLOWsutra Psychedelic Cello Lullaby INDIE",119,G-119
New Normalcy (Planet Earth to Higher Grounds) EP x7,https://soundcloud.com/bananasutra/sets/new-normalcy-planet-earth-to-higher-grounds-ep-x7,KNOWsutra,FOLK,FOLK,7,7,1847,19,25:21,https://i1.sndcdn.com/artworks-ud5KKsf2ftHwkxwZ-emOxEw-t500x500.jpg,L-164,,"BANJOsutra,BLOWsutra : APES (gone wrong),DUBsutra,KNOWsutra where questions matter,ROCKsutra","""New Normalcy, Space Oddity ☰ BANJOsutra"",""New Normalcy, Space Oddity ☰ DUBsutra""",120,G-120
Nietzsche's Gift (They Muddy the Water to Make it Look Deep) - KNOWsutra EPx13 Vol. 5,https://soundcloud.com/bananasutra/sets/nietzsches-gift-they-muddy-the-water-to-make-it-look-deep-knowsutra-epx13-vol-5,KNOWsutra,"BANJO,BLUES,BURLESQUE,DUB,FOLK,INDIE,JAZZ,LOFI","BANJO,BLUES,BURLESQUE,DUB,FOLK,INDIE,JAZZ,LOFI",13,13,2615,26,42:09,https://i1.sndcdn.com/artworks-LHMRQArJDO3UAyuX-tkyzjg-t500x500.png,L-165,2025-09-04 19:56,"KNOWsutra where questions matter,LOFIsutra",[13] They Muddy the Water • Nietzsche's Gift • KNOWsutra Drum LOFI,121,G-121
No · I'm Not Being Political 🇺🇸 KNOWsutra Indie Dub EPx15,https://soundcloud.com/bananasutra/sets/no-im-not-being-political-knowsutra-indie-dub-epx15,KNOWsutra,"DUB,FOLK,INDIE,LOFI,MANTRA","DUB,FOLK,INDIE,LOFI,MANTRA",15,15,2944,25,48:40,https://i1.sndcdn.com/artworks-zz7WsK7tAEH4cMHT-fSdPcQ-t500x500.png,L-168,2025-08-07 22:37,,"""[04] No, I'm Not Being Political • KNOWsutra Dubby Tzigane FOLK""",122,G-122
No Fear · My Dear ❢ BLOWsutra Revolution Ring Jazz EPx19,https://soundcloud.com/bananasutra/sets/no-fear-my-dear-blowsutra-revolution-ring-jazz-epx19,BLOWsutra,"BLUES,FOLK,INDIE,JAZZ,LOFI","BLUES,FOLK,GIPSY,INDIE,JAZZ,LOFI,PSYCHEDELIC",19,19,14398,145,1:15:40,https://i1.sndcdn.com/artworks-ecBWNrgF4umdHgXR-yDUv4A-t500x500.png,L-166,,"BLOWsutra,BLOWsutra : REVOLT (now),BLUESsutra,FOLKsutra,JAZZsutra,LOFIsutra","""Side B [11] No Fear, My Dear • BLOWsutra Revolt Now Dubby Psychedelic Folky BLUES"",""Side A [07] No Fear, My Dear • BLOWsutra Revolt Now Dubby Bluesy Psychedelic Chanson Piano JAZZ"",""Side B [18] No Fear, My Dear • BLOWsutra Revolt Now Psychedelic Gipsy World Fusion Indie LOFI"",""Side B [15] No Fear, My Dear • BLOWsutra Revolt Now Psychedelic Gipsy World LoFi Folk Fusion INDIE"",""Side B [12] No Fear, My Dear • BLOWsutra Revolt Now Dubby Bluesy Jazzy Psychedelic Chanson Piano FOLK"",""Side A [10] No Fear, My Dear • BLOWsutra Revolt Now Dubby Psychedelic Chanson Bluesy JAZZ"",""Side A [05] No Fear, My Dear • BLOWsutra Revolt Now Bluesy Psychedelic Chanson Piano JAZZ"",""Side B [13] No Fear, My Dear • BLOWsutra Revolt Now Dubby Psychedelic FOLK"",""Side A [09] No Fear, My Dear • BLOWsutra Revolt Now Bluesy Psychedelic Chanson Piano JAZZ"",""Side A [02] No Fear, My Dear • BLOWsutra Revolt Now Bluesy Psychedelic Chanson Piano Bass JAZZ"",""Side A [01] No Fear, My Dear • BLOWsutra Revolt Now Bluesy Psychedelic Chanson Piano JAZZ"",""Side A [08] No Fear, My Dear • BLOWsutra Revolt Now Psychedelic Gipsy World LoFi Fusion Piano Indie JAZZ"",""Side A [03] No Fear, My Dear • BLOWsutra Revolt Now Bluesy Psychedelic Chanson Piano JAZZ""",123,G-123
Nous Sommes Le Feu EPx4 ☲ GROWsutra French Peace Indie,https://soundcloud.com/bananasutra/sets/nous-sommes-le-feu-epx4-growsutra-french-peace-indie,GROWsutra,"DUB,INDIE,MANTRA","DUB,INDIE,MANTRA",4,4,858,10,12:40,https://i1.sndcdn.com/artworks-LI16piMdqgOBh7oK-so3Vwg-t500x500.png,L-170,,"FRENCHsutra oui oui · sacrebleu,GROWsutra where we be brave,INDIEsutra",[01] Nous Sommes Le Feu - Chanson à la BLUESsutra - INDIE,124,G-124
Oh · Freedom EP x10 ♛ BLUESsutra (Public Domain Lyrics),https://soundcloud.com/bananasutra/sets/oh-freedom-bluessutra-public-domain-lyrics,BOWsutra,,SOUL,10,10,1852,24,28:24,https://i1.sndcdn.com/artworks-P78u62myC8kQzJcZ-qk1VzQ-t500x500.png,L-172,,"BANJOsutra,BLOWsutra : REVOLT (now),BLUESsutra,BOWsutra the last of 7 sutras · it's divine <3","""Ooh, Freedom ♛ BLUESsutra Soul (Public Domain Heavens)""",125,G-125
Oh · Martine ❃ French GLOW+BOWsutra ❃ Side A+B EPx28,https://soundcloud.com/bananasutra/sets/oh-martine-french-glowbowsutra-side-ab-epx28,BOWsutra,"BLUES,BURLESQUE,DUB,FOLK,INDIE,JAZZ,LOFI,ROCK","BLUES,BURLESQUE,DUB,FADO,FOLK,GIPSY,INDIE,JAZZ,LOFI,PSYCHEDELIC,PUNK,ROCK",28,28,11217,101,1:03:00,https://i1.sndcdn.com/artworks-PhV4HcOuFKRdx4bD-cO41eQ-t500x500.png,L-173,,"BOWsutra : DEATH (is nothing),BOWsutra the last of 7 sutras · it's divine <3,BURLESQUEsutra,INDIEsutra,JAZZsutra,OUI OUI : Pardon (my French)","Side B [08] Oh Martine • BOWsutra Gipsy World LoFi Fusion INDIE,Side A [15] Oh Martine • BOWsutra La Poesita Fado World Duende INDIE,Side A [12] Oh Martine • BOWsutra La Poesita Fado World Duende INDIE,Side A [13] Oh Martine • BOWsutra La Poesita Fado World Duende INDIE,Side A [08] Oh Martine • BOWsutra French Psychedelic Cello Indie JAZZ,Side A [03] Oh Martine • BOWsutra Cheeky Piano Bar Kittens BURLESQUE,Side A [04] Oh Martine • BOWsutra Cheeky Piano Bar Kittens BURLESQUE,Side A [07] Oh Martine • BOWsutra French Psychedelic Cello Indie JAZZ",126,G-126
Oh My · Oh Why (Socrates Song) - GROWsutra EPx7,https://soundcloud.com/bananasutra/sets/oh-my-oh-why-socrates-song-growsutra-epx7,GROWsutra,"DUB,FOLK,INDIE","DUB,FOLK,INDIE",7,7,1243,12,26:35,https://i1.sndcdn.com/artworks-u4xWThnzlboyzPPM-yy5lxA-t500x500.png,L-163,,,,127,G-127
Okey Dokey · No It's Not Ξ EPx5 Ξ LOFIsutra,https://soundcloud.com/bananasutra/sets/okey-dokey-no-its-not-epx5-lofisutra,BLOWsutra,INDIE,INDIE,5,5,6750,49,15:26,https://i1.sndcdn.com/artworks-lY0oFqEouYMs8MxL-RFc5iA-t500x500.png,L-174,,"BLOWsutra,BLOWsutra : APES (gone wrong),LOFIsutra","""[04] Okey Dokey, No It's Not • Jazzy LOFIsutra"",""[03] Okey Dokey, No It's Not • Indie LOFIsutra"",""[02] Okey Dokey, No It's Not • Indie LOFIsutra"",""[05] Okey Dokey, No It's Not • Jazzy LOFIsutra""",128,G-128
One Percent Rising • GROWsutra (Dare to Care) Psychedelic Indie EPx6,https://soundcloud.com/bananasutra/sets/one-percent-rising-growsutra-dare-to-care-epx6,GROWsutra,"INDIE,LOFI,ROCK","GIPSY,HIP HOP,INDIE,LOFI,PSYCHEDELIC,PUNK,ROCK",6,6,1314,15,17:03,https://i1.sndcdn.com/artworks-kgjEyPp1tNR5wzhb-SWAbWQ-t500x500.png,L-175,2026-02-24 20:27,"GROWsutra where we be brave,LOFIsutra",[04] One Percent Rising • GROWsutra (Dare to Care) Psychedelic Indie Gipsy Hip Hop Fusion LOFI,129,G-129
Ordo Amoris in Decay ♡ GROWsutra EPx6,https://soundcloud.com/bananasutra/sets/ordo-amoris-in-decay-growsutra-epx6,GROWsutra,"INDIE,JAZZ","FADO,INDIE,JAZZ",6,6,4837,42,19:10,https://i1.sndcdn.com/artworks-opR2DJpgXbteguGo-J7W1sA-t500x500.png,L-178,2025-06-19 10:35,"BLOWsutra : APES (gone wrong),BURLESQUEsutra,DUBsutra,INDIEsutra,LOFIsutra","[01] Ordo Amoris In Decay - Gypsy Fado BURLESQUEsutra,[05] Ordo Amoris In Decay - muse DUBsutra,[00] All I Want Is To Believe - CAT JAZZ BURLESQUEsutra,[04] Ordo Amoris In Decay - Indie LOFIsutra,[02] Ordo Amoris In Decay - Oh Boy Accordion Cello BURLESQUEsutra",130,G-130
Oy · We Care 🦆 QUACKsutra Psychedelic Punk Rock Mantra EPx4,https://soundcloud.com/bananasutra/sets/oy-we-care-quacksutra-psychedelic-punk-rock-mantra-epx4,BLOWsutra,"BURLESQUE,FOLK,MANTRA,ROCK","BURLESQUE,FOLK,MANTRA,PSYCHEDELIC,PUNK,ROCK",4,4,1596,9,8:44,https://i1.sndcdn.com/artworks-Jej1tzscsQG6oWg9-XF2L3Q-t500x500.png,L-180,,"QUACKsutra where we sing FU,ROCKsutra","""Oy, We Care! BLOWsutra I Burlesque You Not 1""",131,G-131
Peace Matters More (The Only Wish Worth Making) 🪽 GROWsutra Birthday Wish Song,https://soundcloud.com/bananasutra/sets/peace-matters-more-the-only-wish-worth-making-growsutra-birthday-wish-song,GROWsutra,"BURLESQUE,DUB,INDIE,JAZZ","BURLESQUE,DUB,GIPSY,INDIE,JAZZ",7,7,8466,78,31:58,https://i1.sndcdn.com/artworks-E8wykXuhdIZsTYC5-7gZGHQ-t500x500.png,L-182,,"BURLESQUEsutra,DUBsutra,GROWsutra where we be brave,INDIEsutra,JAZZsutra,KNOWsutra : PEACE (not War)","[05] Peace Matters More - GROWsutra Gipsy DUB JAZZ,[04] Peace Matters More - GROWsutra Gipsy Circus BURLESQUE,[07] Peace Matters More - GROWsutra Gipsy Hop DUB,[01] Peace Matters More - GROWsutra Gipsy psyCello INDIE,[02] Peace Matters More - GROWsutra Gipsy Burlesque INDIE",132,G-132
Pedo Nation ★ Felon Nation Redux ★ BLOWsutra EPx14,https://soundcloud.com/bananasutra/sets/pedo-nation-felon-nation-redux-blowsutra-epx14,BLOWsutra,"BANJO,BLUES,DUB,LOFI,MANTRA","BANJO,BLUES,COUNTRY,DUB,LOFI,MANTRA,TRIP HOP",14,14,3222,24,50:51,https://i1.sndcdn.com/artworks-LhTksDdMzsR3b0mE-zpGPhA-t500x500.png,L-184,,"LOFIsutra,MANTRAsutra,QUACKsutra : DUCK (shady),QUACKsutra where we sing FU","[13] PEDO Nation • High Drum Prayer MANTRA,[10] PEDO Nation • Cello Trip Hop LOFI",133,G-133
Peel Me Kindly 🍌 SHOWsutra Gone Banana à la Gipsy JAZZ EPx7,https://soundcloud.com/bananasutra/sets/peel-me-kindly-showsutra-gone-banana-a-la-gipsy-jazz,SHOWsutra,JAZZ,"GIPSY,JAZZ",7,7,5115,60,30:57,https://i1.sndcdn.com/artworks-lciyCEyApUx6fnqe-mWMztg-t500x500.png,L-185,,"FLOWsutra : WET (my friend),JAZZsutra,SHOWsutra where bananas play","[04] Peel Me Kindly • FLOWsutra Gone Banana Joke Gipsy JAZZ,[05] Peel Me Kindly • FLOWsutra Gone Banana Joke Gipsy JAZZ,[02] Peel Me Kindly • FLOWsutra Gone Banana Joke Gipsy JAZZ,[01] Peel Me Kindly • FLOWsutra Gone Banana Joke Gipsy JAZZ",134,G-134
Poem (I wanted to be · basically) ℘ EPx14 VOL.01,https://soundcloud.com/bananasutra/sets/poem-i-wanted-to-be-basically-epx14-vol01,GLOWsutra,"BANJO,BLUES,BURLESQUE,DUB,FOLK,INDIE,JAZZ,LOFI","BANJO,BLUES,BURLESQUE,DUB,FOLK,INDIE,JAZZ,LOFI,PSYCHEDELIC",14,14,2385,20,46:15,https://i1.sndcdn.com/artworks-z3oqCWriMGQ0OJPD-bZzyHg-t500x500.png,L-188,2025-04-21 18:32,"BANJOsutra,BLOWsutra,BLOWsutra : REVOLT (now)",[06] I Wanted to Be the Poem - Bluesy Burlesque JAZZ,135,G-135
Poetry Matters ☰ BANJOsutra EPx2,https://soundcloud.com/bananasutra/sets/poetry-matters-banjosutra-ep,GLOWsutra,"BANJO,BLUES","BANJO,BLUES",3,5,766,9,11:40,https://i1.sndcdn.com/artworks-2YAEhVqYbh7DwilS-Nd8dqg-t500x500.jpg,L-189,,"BANJOsutra,GLOWsutra : POET(ry),GLOWsutra where gratitude feeds",Poetry Matters (1) ☰ BANJOsutra dream,136,G-136
Poetry Matters ☲ EPx3 Vol.05 ☲ DUBsutra,https://soundcloud.com/bananasutra/sets/poetry-matters-epx3-vol05-dubsutra,GLOWsutra,DUB,DUB,3,3,2245,22,12:21,https://i1.sndcdn.com/artworks-abyBryFxsG9vVsON-VYqfCQ-t500x500.png,L-189,,"DUBsutra,GLOWsutra : POET(ry),GLOWsutra where gratitude feeds","[03] Poetry Duende - DUBsutra,[01] Poetry Duende - DUBsutra",137,G-137
Poetry Matters EP vol.3,https://soundcloud.com/bananasutra/sets/poetry-matters-ep-vol3,BOWsutra,"FOLK,LOFI,MANTRA","FOLK,LOFI,MANTRA",3,3,539,8,10:10,https://i1.sndcdn.com/artworks-2YAEhVqYbh7DwilS-Nd8dqg-t500x500.jpg,L-189,,"BOWsutra the last of 7 sutras · it's divine <3,DUBsutra,GLOWsutra : POET(ry),GLOWsutra where gratitude feeds,KNOWsutra where questions matter,LOFIsutra,MANTRAsutra",Poetry Matters • LOFI DUBsutra,138,G-138
Poetry Nah Lie ☲ EPx6 Vol.01 ☲ DUBsutra,https://soundcloud.com/bananasutra/sets/poetry-nah-lie-epx6-vol01-dubsutra,GLOWsutra,DUB,RAGGA,6,6,3403,39,21:43,https://i1.sndcdn.com/artworks-XirUpSPl2GiR23bD-IUcZyA-t500x500.png,L-190,,"DUBsutra,GLOWsutra where gratitude feeds","[03] Poetry Nah Lie - Ragga DUBsutra,[06] Poetry Nah Lie - Ragga DUBsutra,[02] Poetry Nah Lie - Ragga DUBsutra,[01] Poetry Nah Lie - Ragga DUBsutra",139,G-139
Poetry Slow Burns ☲ EPx5 Vol.01 ☲ DUBsutra,https://soundcloud.com/bananasutra/sets/poetry-slow-burns-epx5-vol01-dubsutra,GLOWsutra,DUB,DUB,5,5,4049,37,19:17,https://i1.sndcdn.com/artworks-kFKsDMSXWH3Vpk1z-DJlmNw-t500x500.png,L-191,,"DUBsutra,GLOWsutra : POET(ry),GLOWsutra where gratitude feeds","[05] Poetry Slow Burns - Sweet DUBsutra,[03] Poetry Slow Burns - DUBsutra,[02] Poetry Slow Burns - DUBsutra,[01] Poetry Slow Burns  - Gold DUBsutra",140,G-140
Predators (why war) EP x11 vol.2,https://soundcloud.com/bananasutra/sets/predators-why-war-ep-vol2,BLOWsutra,MANTRA,MANTRA,11,11,2152,23,38:38,https://i1.sndcdn.com/artworks-OWRInG4UzoJJhhFd-ho8qyg-t500x500.jpg,L-194,,"INDIEsutra,KNOWsutra : PEACE (not War),LOFIsutra",Predators (why Kids Are Allowed To Die) • CELLOsutra,141,G-141
Prickly Peaches DUBsutra EPx3,https://soundcloud.com/bananasutra/sets/prickly-peaches-dubsutra-epx3,FLOWsutra,DUB,DUB,3,3,640,8,10:53,https://i1.sndcdn.com/artworks-RAzwB4AnKcyRKbyO-wrGX6g-t500x500.jpg,L-285,2024-12-24 21:59,"DUBsutra,FLOWsutra : WET (my friend),FLOWsutra where time is space",Prickly Peaches (one) • DUB Sutra,142,G-142
Pro-life means what · honey?,https://soundcloud.com/bananasutra/sets/pro-life-means-what-honey,KNOWsutra,"BANJO,MANTRA","BANJO,MANTRA",6,6,1210,18,20:15,https://i1.sndcdn.com/artworks-6n9qPQKkYrr2fiIl-Ru83aw-t500x500.jpg,L-196,,"DUBsutra,GROWsutra : GOD (etc),KNOWsutra where questions matter,QUACKsutra where we sing FU,Questions for the (kind) POPE in the Sky","""Pro-Life Means What, Honey • Jazzy Mantra DUBsutra (2)""",143,G-143
Project 2-0-2-5 (Explicit Fascism Advisory) • Pray for Murica SOULsutra EPx7,https://soundcloud.com/bananasutra/sets/project-2-0-2-5-explicit-fascism-advisory-pray-for-murica-soulsutra-epx7,GLOWsutra,FOLK,"FOLK,SOUL",7,7,1379,16,24:25,https://i1.sndcdn.com/artworks-Gpeeqzc8b4frhVCd-pyGbug-t500x500.png,L-197,,"BLOWsutra,FOLKsutra,QUACKsutra where we sing FU",Project 2-0-2-5 • Dummy FOLKsutra,144,G-144
Queer Almighty (Holy Questions Matter) - EPx16 VOL. 02,https://soundcloud.com/bananasutra/sets/queer-almighty-holy-questions-matter-epx16-vol-02,KNOWsutra,"BANJO,BLUES,FOLK,MANTRA","BANJO,BLUES,CABARET,COUNTRY,FOLK,MANTRA",16,16,9316,66,51:38,https://i1.sndcdn.com/artworks-AW1E67BzmypJfRI1-6hZzEg-t500x500.png,L-198,,"BANJOsutra,BLUESsutra,DUBsutra,GROWsutra : GOD (etc),KNOWsutra where questions matter,MANTRAsutra,Questions for the (kind) POPE in the Sky","[15] Queer Almighty - Drum Mantra DUBsutra,[06] Queer Almighty - Queer Enough to Cabaret - BANJOsutra,[08] Queer Almighty - Tell me why - FOLK BANJOsutra,[01] Queer Almighty - Folk BANJOsutra,[05] Queer Almighty - Jazzy Queer Almighty - BLUESy BANJOsutra",145,G-145
Question di Kingdom ✰ Ragga DUBsutra EPx10,https://soundcloud.com/bananasutra/sets/question-di-kingdom-ragga-dubsutra-epx10,KNOWsutra,DUB,RAGGA,10,10,2856,24,27:13,https://i1.sndcdn.com/artworks-mKTmWGkHkyRy4ocv-MREqIQ-t500x500.png,L-199,2025-03-01 11:04,"DUBsutra,KNOWsutra : BERTRAND (mon chéri),KNOWsutra where questions matter,Questions for the (kind) POPE in the Sky","[3] Question Di Kingdom (2) • RAGGAsutra,[4] Question Di Kingdom (1) • RAGGAsutrawav,[8] Reason fi di win • RAGGAsutra,[5] Dubbin' for Freedom • DUBsutra",146,G-146
Question Di Kingdom EPx4 VOL.02,https://soundcloud.com/bananasutra/sets/question-di-kingdom-epx4-vol02,KNOWsutra,DUB,"DUB,RAGGA",4,4,4769,48,11:40,https://i1.sndcdn.com/artworks-di7zASJGwZPfXRsD-DluSHw-t500x500.png,L-199,,"DUBsutra,KNOWsutra : BERTRAND (mon chéri),KNOWsutra where questions matter,Questions for the (kind) POPE in the Sky","[04] Reason over Reverence - They said bow down but we rise 2 - DUBsutra,[01] Question Di Kingdom - Dub's the Path (Truth is the riddim) - Ragga DUBsutra,[02] Question Di Kingdom - Dub's the Path (Truth is the riddim) - DUBsutra",147,G-147
Question the Nation • EPx10 • BLOWsutra Psychedelic Dub Revolution,https://soundcloud.com/bananasutra/sets/question-the-nation-blowsutra-psychedelic-revolution-epx10,BLOWsutra,"BLUES,DUB,INDIE,JAZZ,LOFI","ACOUSTIC,BLUES,DUB,GIPSY,INDIE,JAZZ,LOFI,PSYCHEDELIC,RAGGA,TRIP HOP",10,10,3981,44,35:59,https://i1.sndcdn.com/artworks-kMicgGnKLarUxkiZ-jURgUg-t500x500.png,L-200,,"BLOWsutra,LOFIsutra","[06] Question The Nation • BLOWsutra (Revolt Now) Gipsy Indie Trip Hop(e) Dub LOFI,[09] Question The Nation • BLOWsutra (Revolt Now) SWK Dubby Raw Acoustic Bass Jazz LOFI",148,G-148
Rainbows in the Clouds • GLOWsutra Dub LoFi Blues,https://soundcloud.com/bananasutra/sets/rainbows-in-the-clouds-glowsutra-dub-lofi-blues,GLOWsutra,"BANJO,BLUES,DUB,FOLK,INDIE,JAZZ,LOFI","BANJO,BLUES,COUNTRY,DUB,FOLK,GIPSY,INDIE,JAZZ,LOFI",14,14,15584,173,33:40,https://i1.sndcdn.com/artworks-OuzjTqyXc8wz8Uv9-0cXu0Q-t500x500.png,L-202,,"BLUESsutra,DUBsutra,GLOWsutra : RAINBOWS (in my clouds),GLOWsutra where gratitude feeds,LOFIsutra","[04] Rainbows in the Clouds • GLOWsutra Gipsy Jazz Conscious Fusion LOFI,[09] Rainbows in the Clouds • GLOWsutra Maya Mama Classic BLUES,[12] Rainbows in the Clouds • GLOWsutra Maya Mama Classic BLUES,[02] Rainbows in the Clouds • GLOWsutra Gipsy Jazz Conscious Fusion LOFI,[01] Rainbows in the Clouds • GLOWsutra Folk Poetry Dubs the DUB,[08] Rainbows in the Clouds • GLOWsutra Queen of Authentic Dubby Folk Classic BLUES,[05] Rainbows in the Clouds • GLOWsutra Gipsy Jazz Conscious Fusion LOFI",149,G-149
Read Me Harder (BB is for Banned Books) ☆ SHOWsutra Side A+B EPx19,https://soundcloud.com/bananasutra/sets/read-me-harder-bb-is-for-banned-books-showsutra-side-ab-epx19,SHOWsutra,"BANJO,BLUES,BURLESQUE,DUB,FOLK,INDIE,JAZZ,LOFI,ROCK","BANJO,BLUES,BURLESQUE,COUNTRY,DUB,FOLK,HIP HOP,INDIE,JAZZ,LOFI,PSYCHEDELIC,ROCK",19,19,9646,67,1:02:22,https://i1.sndcdn.com/artworks-AsBdOuYSmx4CVzKs-Y8zKhQ-t500x500.png,L-203,,"BLOWsutra : CENSOR(ed),BLUESsutra,BURLESQUEsutra,DUBsutra,SHOWsutra where bananas play","Side B [10] READ ME HARDER (BB for Banned Books) - SHOWsutra She Wanna Know Jazzy LoFi Indie DUB,Side B [04] READ ME HARDER (BB for Banned Books) - SHOWsutra Psychedelic Destiny Banjo BLUES,Side A [06] READ ME HARDER (BB is for Banned Books) - SHOWsutra Gypsy Hip Hop Rebellion BURLESQUE,Side A [03] BB is for Banned Books - SHOWsutra Gypsy Hip Hop Fusion BURLESQUE,Side A [05] READ ME HARDER (BB is for Banned Books) - SHOWsutra Gypsy Hip Hop Rebellion BURLESQUE",150,G-150
Reason over Reverence (No need for God) ☷ KNOWsutra EPx6,https://soundcloud.com/bananasutra/sets/reason-over-reverence-no-need-for-god-knowsutra-epx6,KNOWsutra,"BANJO,BLUES","BANJO,BLUES",6,6,1743,16,19:56,https://i1.sndcdn.com/artworks-52aEtWxS2ijbwMuq-syAe6A-t500x500.png,L-205,,"BANJOsutra,BLUESsutra,FOLKsutra,GROWsutra : GOD (etc),JAZZsutra,KNOWsutra : BERTRAND (mon chéri)","[01] Reason over Reverence (No Need for Gods) • Banjo Blues FOLKsutra,[04] Reason over Reverence (No Need for Gods) • Cello Bass JAZZsutra",151,G-151
Relative Steve - KNOWsutra Hip de la HoP EPx2 Bass Interlude,https://soundcloud.com/bananasutra/sets/relative-steve-knowsutra-hip-de-la-hop-epx2-bass-interlude,KNOWsutra,LOFI,"LOFI,HIP HOP",2,2,362,7,3:54,https://i1.sndcdn.com/artworks-lhsvkiQu3Jgy5T0S-iRyHyQ-t500x500.png,L-206,,,,152,G-152
RHINOCEROSS ♦ EPx7 ♦ BLOWsutra Surreal Real Poetry,https://soundcloud.com/bananasutra/sets/rhinoceross-epx7-blowsutra-surreal-real-poetry,BLOWsutra,"BLUES,BURLESQUE,DUB,FOLK,INDIE,LOFI,ROCK","BLUES,BURLESQUE,DUB,FOLK,INDIE,LOFI,PSYCHEDELIC,ROCK",7,7,1751,22,33:21,https://i1.sndcdn.com/artworks-WaElY6xZh0PPyRbQ-4p9Ziw-t500x500.png,L-208,2025-09-24 17:55,"BLOWsutra,LOFIsutra",[01] RhinoceroSS - BLOWsutra She Wanna Know Indie LOFI,153,G-153
Rise Up · You Naked Peoples (Freedom Rings) ☆ BLOWsutra Victor Hugo Revolution Song,https://soundcloud.com/bananasutra/sets/rise-up-you-naked-peoples-blowsutra-victor-hugo-revolution,BLOWsutra,FOLK,FOLK,2,2,562,5,6:41,https://i1.sndcdn.com/artworks-XITSzbW3Jfw7E2Bb-d1yIpQ-t500x500.png,L-209,,"BLOWsutra,FOLKsutra","""[01] Rise Up, You Naked People (Freedom Rings) - BLOWsutra Victor Hugo Revolution Ring FOLK""",154,G-154
RUN (now · if you can),https://soundcloud.com/bananasutra/sets/run-now-if-you-can,BLOWsutra,"BLUES,DUB,FOLK","BLUES,DUB,FOLK",22,22,9592,84,1:17:34,https://i1.sndcdn.com/artworks-5ysLQg1Z7QHERkaa-XU5K0Q-t500x500.jpg,L-210,,"BLOWsutra : REVOLT (now),BLUESsutra,FOLKsutra","RUN v5 (2) [ordo duende amoris],RUN v2 - Duende Amoris FOLK,RUN V3 - Destiny BLUES (high),RUN v4 (2) [ordo Duende amoris],RUN v1 - cello mama,RUN v2 - Muse DUB,RUN v3  - Muse DUB (low),RUN v4 - WSWHFN DUB",155,G-155
Second Hand Smoke (of) Arrogant Hearts - BLOWsutra EGO Therapy EPx6,https://soundcloud.com/bananasutra/sets/second-hand-smoke-of-arrogant-hearts-blowsutra-ego-therapy-epx6,BLOWsutra,"BANJO,BURLESQUE,DUB,INDIE,LOFI,MANTRA","BANJO,BURLESQUE,DUB,GIPSY,INDIE,LOFI,MANTRA,SOUL,TRIP HOP",6,6,4672,50,17:53,https://i1.sndcdn.com/artworks-Tee0LuKXPZj5MLJY-pyJfiA-t500x500.png,L-18,2025-11-06 23:12,"BLOWsutra,BLOWsutra : EGO (gone loco),LOFIsutra,MANTRAsutra","Side A [03] Secondhand Smoke • BLOWsutra Ego Gone Loco Gipsy Indie Trip Hop LOFI,Side A [01] Secondhand Smoke • BLOWsutra Ego Gone Loco Gipsy Indie Trip Hop LOFI,Side B [03] Arrogant Hearts - BLOWsutra Indie Cello MANTRA",156,G-156
Secret de Polichinelle 🎪 French EPx10 🎪 KNOWsutra Psychedelic Gipsy Circus,https://soundcloud.com/bananasutra/sets/secret-de-polichinelle-french-epx10-knowsutra-psychedelic-gipsy-circus,KNOWsutra,"BURLESQUE,INDIE,JAZZ","BURLESQUE,GIPSY,INDIE,JAZZ,PSYCHEDELIC",10,10,5354,53,35:11,https://i1.sndcdn.com/artworks-xr4XjkoXh1PH9F6I-IQ3wCQ-t500x500.png,L-212,2025-11-11 23:41,"BURLESQUEsutra,FRENCHsutra oui oui · sacrebleu,OUI OUI : Pardon (my French)","[07] Secret de Polichinelle - French KNOWsutra Keep It Real Psychedelic Gipsy Circus Piano BURLESQUE,[01] Secret de Polichinelle - French KNOWsutra Keep It Real Psychedelic Gipsy Circus Accordion BURLESQUE,[06] Secret de Polichinelle - French KNOWsutra Keep It Real Psychedelic Gipsy Circus Indie Chanson BURLESQUE,[05] Secret de Polichinelle - French KNOWsutra Keep It Real Psychedelic Gipsy Circus Indie Chanson BURLESQUE,[08] Secret de Polichinelle - French KNOWsutra Keep It Real Psychedelic Gipsy Circus Indie Piano BURLESQUE",157,G-157
Segggsting • SHOWsutra EPx6 • French Burlesque Jazz Cabaret,https://soundcloud.com/bananasutra/sets/segggsting-showsutra-epx6-burlesque-jazz-cabaret,SHOWsutra,"BANJO,BURLESQUE,JAZZ","BANJO,BURLESQUE,CABARET,JAZZ",6,6,1239,6,21:22,https://i1.sndcdn.com/artworks-ysjQ1M8gFBitUZAA-QR72zg-t500x500.png,L-205,,,,158,G-158
Seminal Bollocks - Merry Psychedelic GROWsutra (God Etc.) EPx10,https://soundcloud.com/bananasutra/sets/seminal-bollocks-merry-psychedelic-growsutra-god-etc-epx10,GROWsutra,"BURLESQUE,FOLK,INDIE,LOFI,ROCK","BURLESQUE,COUNTRY,FADO,FOLK,GIPSY,INDIE,LOFI,PSYCHEDELIC,PUNK,ROCK",10,10,9040,77,36:45,https://i1.sndcdn.com/artworks-WZTqldC4Qw8BIhVK-eZYyAA-t500x500.png,L-214,,"BURLESQUEsutra,GROWsutra : GOD (etc),GROWsutra where we be brave,LOFIsutra","""[07] Seminal Bollocks - GROWsutra (God, Etc) Gipsy Trip BRUH Hop LOFI"",""[04] Seminal Bollocks - GROWsutra (God, Etc) French Accordion Psychedelia BURLESQUE"",""[06] Seminal Bollocks - GROWsutra (God, Etc) Psychedelic Tzigane Fusion Folk LOFI""",159,G-159
Seminal Bollocks EP,https://soundcloud.com/bananasutra/sets/seminal-bollocks-ep,GROWsutra,ROCK,ROCK,2,2,573,10,5:05,https://i1.sndcdn.com/artworks-Ik066z1d2sgR1wBb-CC1jVQ-t500x500.jpg,L-214,,"DUBsutra,GROWsutra : GOD (etc),KNOWsutra where questions matter,SINGLEsutra Exclusive SoundCloud (woo)",Seminal Bollocks  • DUBsutra,160,G-160
Serial BLOWerrr ✰ RAGGA DUBsutra,https://soundcloud.com/bananasutra/sets/serial-blowerrr,BLOWsutra,DUB,"DUB,FLAMENCO,RAGGA",7,7,1510,15,23:25,https://i1.sndcdn.com/artworks-L6YErpavAldzq4cD-HRzVlg-t500x500.png,L-216,2025-01-31 13:03,"BLOWsutra,BLOWsutra : APES (gone wrong),DUBsutra,QUACKsutra where we sing FU",[1] Serial BLOWERS (now twat?) • DUBsutra,161,G-161
Shades of Fools EPx9,https://soundcloud.com/bananasutra/sets/shades-of-fools-epx9,GROWsutra,BANJO,"BANJO,RAGGA",9,9,1738,16,26:00,https://i1.sndcdn.com/artworks-vmrDjbUos6J6FBAc-PCByYA-t500x500.png,L-218,,"BANJOsutra,GROWsutra where we be brave,SHOWsutra: (shades of) FOOLS","[7] Shades of Fools • All I know is I dunno • Ragga DUBsutra High,[6] Shades of Fools • All I know is I dunno • Fastass BANJOsutra",162,G-162
Shady Fools (Oh Can’t You See?) • Vol. 2 EPx9 • BLOWsutra Ego Gone Loco LoFi Burlesque,https://soundcloud.com/bananasutra/sets/shady-fools-oh-cant-you-see-vol-2-epx9-blowsutra-ego-gone-loco-lofi-burlesque,BLOWsutra,"BURLESQUE,DUB,FOLK,INDIE,LOFI,ROCK","BURLESQUE,DUB,FADO,FOLK,HIP HOP,INDIE,LOFI,PSYCHEDELIC,ROCK",9,9,1797,21,29:15,https://i1.sndcdn.com/artworks-3Pm91yJCMrEECvrj-EP3ozg-t500x500.png,L-218,,LOFIsutra,[06] Shady Fools (Oh Can’t You See?) • BLOWsutra Arabesk Fado Hip Hop LOFI,163,G-163
Sidération - Spoken Words Intro - EPx3 VOL. 1 of 4,https://soundcloud.com/bananasutra/sets/sideration-spoken-words-intro-epx3-vol-1-of-4,BLOWsutra,LOFI,LOFI,3,3,515,2,9:55,https://i1.sndcdn.com/artworks-lf1lRd9pToH4z1il-dFOkVA-t500x500.png,L-223,,,,164,G-164
Sidération - The Sky Stood Still - EPx6 VOL. 2 of 4,https://soundcloud.com/bananasutra/sets/sideration-the-sky-stood-still-epx6-vol-2-of-4,BLOWsutra,JAZZ,JAZZ,6,6,2022,21,18:19,https://i1.sndcdn.com/artworks-gwDy1gyG7fsttlqv-odJ2KA-t500x500.png,L-224,,"BLOWsutra,BLOWsutra : REVOLT (now),BLUESsutra,BURLESQUEsutra,Playlist Sidération Gone Bananas x29,QUACKsutra where we sing FU","[03] Sidération - The Sky Stood Still 4 - Revolution BLUESsutra,[02] Sidération - The Sky Stood Still 2 - Revolution JAZZ BURLESQUEsutra,[05] Sidération - The Sky Stood Still 5 - Revolution FOLKsutra",165,G-165
Sidération Blues - A Song of Wrong - EPx7 Vol 3 of 4,https://soundcloud.com/bananasutra/sets/sideration-blues-a-song-of-wrong-epx7-vol-3-of-4,BLOWsutra,BLUES,BLUES,7,7,3345,30,23:24,https://i1.sndcdn.com/artworks-m0yZE3BD5czpTSpy-yzAs5A-t500x500.png,L-225,,"BLUESsutra,Playlist Sidération Gone Bananas x29,QUACKsutra where we sing FU","[04] Sidération Blues Revolution - A Song of Wrong - BLUESsutra,[07] Sideration - No Velvet Scream - BLUESsutra,[05] Sidération Blues Revolution - A Song of Wrong - BLUESsutra,[02] Sidération Blues Revolution - A Song of Wrong - BLUESsutra",166,G-166
Sidération's Calling - White House's Burning - EPx13 Vol 4 of 4,https://soundcloud.com/bananasutra/sets/siderations-calling-white-houses-burning-epx13-vol-4-of-4,BLOWsutra,LOFI,"LOFI,RAGGA",13,13,3984,23,36:35,https://i1.sndcdn.com/artworks-58HtMVlI0dnLHSez-V8vJyA-t500x500.png,L-226,,"BLOWsutra : REVOLT (now),BURLESQUEsutra,DUBsutra,LOFIsutra,Playlist Sidération Gone Bananas x29,QUACKsutra where we sing FU","[09] Sideration's Calling • White House's Burning • Riddim Sister RAGGA DUBsutra,[01] Sideration's Calling • White House's Burning • Banger BURLESQUEsutra,[02] Sideration's Calling • White House's Burning • Jazzy LOFI DUBsutra,[07] Sideration's Calling • White House's Burning • Oh Lordy 2 DUBsutra",167,G-167
Sing Your Own Gospel • Vol. 2 EPx7 • GROWsutra (God · Etc) Revolutionary Gipsy JAZZ,https://soundcloud.com/bananasutra/sets/sing-your-own-gospel-vol-2-epx7-growsutra-god-etc-revolutionary-gipsy-jazz,GROWsutra,"BLUES,FOLK,INDIE,JAZZ","BLUES,FOLK,GIPSY,INDIE,JAZZ",7,7,6259,93,21:46,https://i1.sndcdn.com/artworks-kWzeemU5Sy6IEyqW-Ipy4sA-t500x500.png,L-227,,"BLUESsutra,GROWsutra : GOD (etc),GROWsutra where we be brave,JAZZsutra","""[06] Sing Your Own Gospel • GROWsutra (God, Etc.) Gipsy Bass JAZZ"",""[07] Sing Your Own Gospel • GROWsutra (God, Etc.) Gipsy Bass JAZZ"",""[04] Sing Your Own Gospel • GROWsutra (God, Etc.) Gipsy Piano JAZZ"",""[01] Sing Your Own Gospel • GROWsutra (God, Etc.) Gipsy Gospel BLUES""",168,G-168
So · What Is Racism • EPx9 Vol. 2 • KNOWsutra Gipsy Jazz + LoFi,https://soundcloud.com/bananasutra/sets/so-what-is-racism-knowsutra-jazz-lofi-epx9-vol2,KNOWsutra,"JAZZ,LOFI","GIPSY,JAZZ,LOFI",9,9,3988,36,29:01,https://i1.sndcdn.com/artworks-NK0wy8xSKMBP4LSI-DlE3WA-t500x500.png,L-228,,"JAZZsutra,KNOWsutra where questions matter,LOFIsutra","""[02] So, What Is Racism • KNOWsutra Ethically Gipsy Fusion JAZZ"",""[03] So, What Is Racism • KNOWsutra Ethically Gipsy Fusion JAZZ"",""[07] So, What Is Racism • KNOWsutra Ethically Gipsy Fusion LOFI""",169,G-169
So · What Is Racism? KNOWsutra Gone Banana EPx17,https://soundcloud.com/bananasutra/sets/so-what-is-racism-knowsutra-gone-banana-epx17,KNOWsutra,"BANJO,BLUES,DUB,FOLK,JAZZ,LOFI","BANJO,BLUES,DUB,FOLK,GIPSY,JAZZ,LOFI,RAGGA",17,17,16599,174,52:18,https://i1.sndcdn.com/artworks-2Y1pH6yfxZuC4LKe-PWzeJA-t500x500.png,L-228,,"BLUESsutra,DUBsutra,JAZZsutra,KNOWsutra : but(t) WHY,KNOWsutra where questions matter","""[17] So, What Is Racism? KNOWsutra Banjo Booya Folk Banjo Harmonica BLUES"",""[14] So, What Is Racism? KNOWsutra Gipsy Dub JAZZ"",""[10] So, What Is Racism? KNOWsutra Gipsy Dub JAZZ"",""[08] So, What Is Racism? KNOWsutra Gipsy Dub JAZZ"",""[01] So, What Is Racism? KNOWsutra She Wanna Know Jazzy LoFi DUB"",""[11] So, What Is Racism? KNOWsutra Gipsy Dub JAZZ"",""[03] So, What Is Racism? KNOWsutra Rebound & Rise Jazzy Ragga DUB"",""[09] So, What Is Racism? KNOWsutra Gipsy Dub JAZZ""",170,G-170
Some Songs Are More Fun Than Others EP x8 ∞,https://soundcloud.com/bananasutra/sets/some-songs-are-more-fun-than-others-ep,SHOWsutra,JAZZ,JAZZ,8,8,1824,30,23:33,https://i1.sndcdn.com/artworks-nykdkPQFrFTjZX28-gv5jEA-t500x500.jpg,L-229,,"BURLESQUEsutra,DUBsutra,JAZZsutra,SHOWsutra : FANANA Club,SHOWsutra where bananas play","Some Songs Are More JAZZ Than Others : JAZZsutra,Some Songs Are More POOH Than Others : DUBsutra,Some Songs Are More WOMP Than Others : CIRCUSsutra",171,G-171
Some Truths (Are Harder to Swallow) EPx7,https://soundcloud.com/bananasutra/sets/some-truths-are-harder-to-swallow-epx7,GROWsutra,"BLUES,INDIE,LOFI","BLUES,INDIE,LOFI",7,7,1190,7,21:48,https://i1.sndcdn.com/artworks-SUUIsI7woB0IboJy-gnp3pA-t500x500.jpg,L-222,2024-12-24 20:25,,,172,G-172
Spit Back The Lies • BLOWsutra (Revolution Ring) EPx20,https://soundcloud.com/bananasutra/sets/spit-back-the-lies-blowsutra-epx20,BLOWsutra,"BANJO,BLUES,BURLESQUE,DUB,FOLK,INDIE,LOFI,ROCK","BANJO,BLUES,BURLESQUE,DUB,FLAMENCO,FOLK,GIPSY,HIP HOP,INDIE,LOFI,PSYCHEDELIC,PUNK,ROCK",20,20,14213,140,57:42,https://i1.sndcdn.com/artworks-qXPEntVNqNX60KsD-pPXHNg-t500x500.png,L-232,,"BLOWsutra,BLUESsutra,DUBsutra,INDIEsutra,LOFIsutra","[05] Spit Back The Lies • BLOWsutra (Revolution Ring) La Poesita Indie Flamenco Fusion DUB,[10] Spit Back The Lies • BLOWsutra (Revolution Ring) Psychedelick Folk Poetry Bridges the DUB,[20] Spit Back The Lies • BLOWsutra (Revolution Ring) Psychedelic Destiny Banjo BLUES,[03] Spit Back The Lies • BLOWsutra (Revolution Ring) Mama-b-c Psychedelic Cello Fusion INDIE,[11] Spit Back The Lies • BLOWsutra (Revolution Ring) Indie Gipsy Hip Hop Fusion LOFI,[02] Spit Back The Lies • BLOWsutra (Revolution Ring) Mama-b-c Psychedelic Cello Fusion INDIE,[08] Spit Back The Lies • BLOWsutra (Revolution Ring) Psychedelick Folk Poetry Bridges the DUB,[13] Spit Back The Lies • BLOWsutra (Revolution Ring) Psychedelic Bruh Hip Hop Dub LOFI",173,G-173
SS Means Sacred Sp3rm ☠ BLOWsutra EPx19,https://soundcloud.com/bananasutra/sets/ss-means-sacred-sp3rm-blowsutra-epx19,BLOWsutra,"BURLESQUE,FOLK,INDIE,JAZZ,ROCK","BURLESQUE,FOLK,INDIE,JAZZ,ROCK",19,19,3997,38,1:02:31,https://i1.sndcdn.com/artworks-Ewv6TYyznUIgQm3O-4hTy5Q-t500x500.png,L-233,2025-06-28 21:33,"BLOWsutra,BLOWsutra : CENSOR(ed),BURLESQUEsutra,FOLKsutra,INDIEsutra,ROCKsutra","[10] SS Means Sacred Sp3rm • Oh Baby FOLK,[14] SS Means Sacred Sp3rm • Jazz INDIE,[04] SS Means Sacred Sp3rm • Piano Jazz BURLESQUE",174,G-174
Stymied Felon goes Stymy Stymy Yuck Encore - Freee Bonus EPx2 VOL.02,https://soundcloud.com/bananasutra/sets/stymied-felon-goes-stymy-stymy-yuck-encore-freee-bonus-epx2-vol02,BLOWsutra,LOFI,"LOFI,HIP HOP",2,2,426,4,5:48,https://i1.sndcdn.com/artworks-MnjuWCHszuAJt8sg-DJvk4g-t500x500.png,L-234,2025-04-22 19:11,,,175,G-175
Stymy Stymy Yuck : A Story of Old Bastards - EPx5 VOL.1 - DUBsutra,https://soundcloud.com/bananasutra/sets/stymy-stymy-yuck-a-story-of-old-bastards-epx5-vol1-dubsutra,BLOWsutra,"DUB,LOFI","DUB,LOFI",5,5,1279,17,15:19,https://i1.sndcdn.com/artworks-Mec8nBlPvyM8XXLn-dyCagw-t500x500.jpg,L-234,,"DUBsutra,KNOWsutra where questions matter,LOFIsutra,QUACKsutra : DUCK (shady),QUACKsutra where we sing FU","[5] stymy stymy yuck • Arabesk DUB,[2] stymy stymy yuck • muse DUB",176,G-176
Sutra of Immanence - FLOWsutra Dog Poetry - Jazz & Dub EPx3,https://soundcloud.com/bananasutra/sets/sutra-of-immanence-flowsutra-dog-poetry-jazz-dub-epx3,FLOWsutra,"DUB,JAZZ","DUB,JAZZ",3,3,571,10,8:18,https://i1.sndcdn.com/artworks-NVoSzyd2p5Cnj9Qz-g4JRiQ-t500x500.png,L-236,2025-06-06 12:12,,,177,G-177
SynthemaSutra ♆ SHOWsutra Banana EPx8,https://soundcloud.com/bananasutra/sets/synthemasutra-showsutra-banana-epx8,SHOWsutra,"BURLESQUE,DUB,INDIE,LOFI,ROCK","BURLESQUE,DUB,FLAMENCO,INDIE,LOFI,PSYCHEDELIC,PUNK,ROCK,SOUL",8,8,2593,28,34:03,https://i1.sndcdn.com/artworks-yoEMRKS82rZVyqki-15yXGg-t500x500.png,L-237,,"DUBsutra,LOFIsutra,ROCKsutra,SHOWsutra : B.J. (is for Banana Jesters),SHOWsutra where bananas play","[02] Synthema Sutras - SHOWsutra Banana Tzigane Conscious Soul Fusion Indie LOFI,[08] Synthema Sutras - SHOWsutra Banana Psychedelic Burlesque Indie Punk ROCK,[04] Synthema Sutras - SHOWsutra Banana Jazzy Bass Indie Cello Fusion DUB",178,G-178
Tell The Truth (encore) KNOWsutra EPx9 Vol. 04,https://soundcloud.com/bananasutra/sets/tell-the-truth-encore-knowsutra-epx9-vol-04,KNOWsutra,"BANJO,BLUES,ROCK","BANJO,BLUES,PSYCHEDELIC,ROCK",9,9,10161,184,37:21,https://i1.sndcdn.com/artworks-64Uv99JMUudNjTVz-iC67zQ-t500x500.png,L-239,,"BLUESsutra,KNOWsutra : (naked) TRUTH,KNOWsutra where questions matter,ROCKsutra","[08] Tell The Truth • KNOWsutra True BLUES Cover,[02] Tell The Truth • KNOWsutra Bluesy ROCK Cover,[06] Tell The Truth • KNOWsutra Cello BLUES Cover",179,G-179
Tell the Truth EP x4 BLUESsutra,https://soundcloud.com/bananasutra/sets/tell-the-truth-ep-x4-bluessutra,GROWsutra,"BANJO,BLUES,JAZZ","BANJO,BLUES,JAZZ",5,5,1291,21,18:54,https://i1.sndcdn.com/artworks-1orEckq5nx9HrqGz-OMASFw-t500x500.jpg,L-239,,"BANJOsutra,BLUESsutra,GROWsutra where we be brave,JAZZsutra,KNOWsutra : (naked) TRUTH,KNOWsutra where questions matter","Feeel The Rhythm (Tell the Truth),Tell the Truth : BANJOsutra",180,G-180
Thank you · Mister Paine - American Accountability Revolution Blues EPx3,https://soundcloud.com/bananasutra/sets/thank-you-mister-paine-american-accountability-revolution-blues-epx3,BLOWsutra,BLUES,BLUES,3,3,852,14,11:47,https://i1.sndcdn.com/artworks-u5pewrASgTDY7LtN-z0b1TA-t500x500.png,L-240,2025-06-06 11:12,"BLOWsutra : REVOLT (now),BLUESsutra,QUACKsutra where we sing FU","""[02] Thank you, Mister Paine - American Accountability Revolution BLUESsutra"",""[03] Thank you, Mister Paine - American Accountability Revolution BLUESsutra""",181,G-181
The Accordion of Ignorance EP X4,https://soundcloud.com/bananasutra/sets/the-accordion-of-ignorance-ep-x4,BLOWsutra,FOLK,FOLK,4,4,700,7,15:49,https://i1.sndcdn.com/artworks-ppd320RXiIyfcazy-2Vw1DA-t500x500.png,L-234,2024-12-11 21:36,,,182,G-182
The Atheist Tango • Vol. 2 EPx12  •  GROWsutra (God · Etc) Conscious Gipsy LoFi Burlesque Jazz,https://soundcloud.com/bananasutra/sets/the-atheist-tango-vol-2-epx12-growsutra-god-etc-conscious-gipsy-lofi-burlesque-jazz,GROWsutra,"BURLESQUE,JAZZ,LOFI","BURLESQUE,GIPSY,JAZZ,LOFI",12,12,13713,153,39:26,https://i1.sndcdn.com/artworks-eYKRlb3V6IdPR1u7-GGSyjw-t500x500.png,L-243,,"BURLESQUEsutra,GROWsutra : GOD (etc),GROWsutra where we be brave,JAZZsutra,LOFIsutra","""[01] The Atheist Tango • GROWsutra (God, Etc) Conscious Gipsy Burlesque Fusion LOFI"",""[02] The Atheist Tango • GROWsutra (God, Etc) Conscious Gipsy Burlesque Fusion LOFI"",""[03] The Atheist Tango • GROWsutra (God, Etc) Conscious Gipsy Burlesque Fusion LOFI"",""[08] The Atheist Tango • GROWsutra (God, Etc) Gipsy Cello Bass Chanson Jazz BURLESQUE"",""[04] The Atheist Tango • GROWsutra (God, Etc) Conscious Gipsy Burlesque Fusion LOFI"",""[05] The Atheist Tango • GROWsutra (God, Etc) Conscious Gipsy Burlesque Fusion LOFI"",""[10] The Atheist Tango • GROWsutra (God, Etc) Gipsy Bass Piano Twirl Burlesque JAZZ"",""[09] The Atheist Tango • GROWsutra (God, Etc) Gipsy Cello Burlesque Tango JAZZ""",183,G-183
The Conquest of Happiness (according to Bertrand Russel) ☰ 2 Songs EPx10 ☰ KNOWsutra,https://soundcloud.com/bananasutra/sets/the-conquest-of-happiness-according-to-bertrand-russel-2-songs-epx10-knowsutra,KNOWsutra,"BURLESQUE,FOLK,INDIE,JAZZ,MANTRA","BURLESQUE,FOLK,INDIE,JAZZ,MANTRA",10,10,4650,49,44:45,https://i1.sndcdn.com/artworks-mzPTVVzYjzKf5bIY-HeAycA-t500x500.png,L-244,,"BURLESQUEsutra,GROWsutra where we be brave,JAZZsutra,KNOWsutra : BERTRAND (mon chéri)","Side A [03] EP Bertrand - The Unhappiness Dance - GROWsutra Jazzy Indie FOLK,Side B [04] EP Bertrand - The Conquest of Happiness - GROWsutra Indie Folk JAZZ,Side B [05] EP Bertrand - The Conquest of Happiness - GROWsutra Sweet Waltz BURLESQUE,Side A [01] EP Bertrand - The Unhappiness Dance - GROWsutra Jazzy BURLESQUE,Side A [05] EP Bertrand - The Unhappiness Dance - GROWsutra Indie JAZZ",184,G-184
The Dystopian Quiz Song ★ EPx15 ★ Acoustic SOULsutra,https://soundcloud.com/bananasutra/sets/the-dystopian-quiz-song-epx15-acoustic-soulsutra,GLOWsutra,"BLUES,BURLESQUE,JAZZ,MANTRA","ACOUSTIC,BLUES,BURLESQUE,JAZZ,MANTRA",15,15,2969,14,46:20,https://i1.sndcdn.com/artworks-jQRym0eZpol8JOvs-sUKVsw-t500x500.png,L-246,2025-04-18 20:27,"BLOWsutra : APES (gone wrong),BLUESsutra,FOLKsutra,QUACKsutra where we sing FU",The Dystopian Quizz Song v3-2 ★ Blues Circus SOULsutra,185,G-185
The Echo Song ☭ Russian EPx3 ☭ Gipsy BLOWsutra LoFi Blues (Vladimir Vysotsky Cover),https://soundcloud.com/bananasutra/sets/the-echo-song-russian-epx3-gipsy-blowsutra-lofi-blues-vladimir-vysotsky-cover,BLOWsutra,"BANJO,BLUES,INDIE,LOFI","BANJO,BLUES,GIPSY,INDIE,LOFI,PSYCHEDELIC",3,3,2678,32,9:40,https://i1.sndcdn.com/artworks-acFrdgqIA6o30Zzp-mlZM9A-t500x500.png,L-247,,"BLOWsutra : REVOLT (now),BLUESsutra,WORLDsutra : Russian(ish)","[03] The Echo Song - Vladimir Vysotsky Cover - Russian BLOWsutra Classic Psychedelic Banjo BLUES,[02] The Echo Song - Vladimir Vysotsky Cover - Russian BLOWsutra Gipsy Arabesk World Peace Indie Trip Pop LOFI",186,G-186
The Echo Song Song ☭ Vladimir Vysotsky - EPx6  English Cover ☭ BLOWsutra Gipsy Trip Hop Trip,https://soundcloud.com/bananasutra/sets/the-echo-song-song-vladimir-vysotsky-epx6-english-cover-blowsutra-gipsy-trip-hop-trip,BLOWsutra,"BURLESQUE,DUB,FOLK,INDIE,LOFI","BURLESQUE,DUB,FOLK,GIPSY,INDIE,LOFI,PSYCHEDELIC,TRIP HOP",6,6,3506,29,18:46,https://i1.sndcdn.com/artworks-csa1LSOJaNbx8eWJ-OVqzHA-t500x500.png,L-247,,"BLOWsutra,BLOWsutra : REVOLT (now),DUBsutra,INDIEsutra","[05] The (Bloody Mountain) Echo - Vladimir Vysotsky English Cover - BLOWsutra Gipsy Piano Cello Duende INDIE,[02] The (Bloody Mountain) Echo - Vladimir Vysotsky English Cover - BLOWsutra Gipsy La Poesita Cello Indie Folk DUB",187,G-187
The Great Naked King • SHOWsutra Psychedelick Fools Cabaret EPx30,https://soundcloud.com/bananasutra/sets/the-great-naked-king-showsutra-epx30,SHOWsutra,"BANJO,BLUES,BURLESQUE,INDIE,JAZZ,LOFI","BANJO,BLUES,BURLESQUE,CABARET,FADO,FLAMENCO,GIPSY,HIP HOP,INDIE,JAZZ,LOFI",30,30,12138,152,1:46:12,https://i1.sndcdn.com/artworks-QRaUbtlHanDIuOON-8Hr9pg-t500x500.png,L-250,2026-04-01 23:37,"BURLESQUEsutra,JAZZsutra,LOFIsutra,SHOWsutra where bananas play","[29] The Great Naked King • SHOWsutra Psychedelick Hillbilly Hop Pop Blues Banjo LOFI,[26] The Great Naked King • SHOWsutra Psychedelick Hillbilly Hop Pop Indie Blues Banjo LOFI,[17] The Great Naked King • SHOWsutra Psychedelick Cabaret Jazz Swing BURLESQUE,[18] The Great Naked King • SHOWsutra Psychedelick Cabaret Gipsy Swing BURLESQUE,[22] The Great Naked King • SHOWsutra Psychedelick Hop Pop Piano Jazz LOFI,[11] The Great Naked King • SHOWsutra Psychedelick Circus Accordion Waltz BURLESQUE,[07] The Great Naked King • SHOWsutra Psychedelick French Accordion Cello Tango JAZZ",188,G-188
The Invisible Man in the Sky (a song inspired by George Carlin) EPx8 VOL.01,https://soundcloud.com/bananasutra/sets/the-invisible-man-in-the-sky-a-song-inspired-by-george-carlin-epx8-vol01,GROWsutra,"BURLESQUE,DUB,LOFI","BURLESQUE,DUB,LOFI",8,8,1425,13,20:53,https://i1.sndcdn.com/artworks-X3sSPUgbNbib2XW8-7bIcSQ-t500x500.png,L-251,2025-04-13 23:17,,,189,G-189
The Love of a Dove ☩ EPx18 ☩ GROWsutra Peace Fusion Prayer,https://soundcloud.com/bananasutra/sets/the-love-of-a-dove-epx18-growsutra-peace-fusion-prayer,GROWsutra,"BLUES,DUB,FOLK,INDIE","BLUES,DUB,FADO,FOLK,INDIE,PSYCHEDELIC,RAGGA,SOUL",18,18,13382,162,55:13,https://i1.sndcdn.com/artworks-JAgkPz4F7h0eq74Z-njbS5Q-t500x500.png,L-252,,"BLUESsutra,DUBsutra,GROWsutra where we be brave,INDIEsutra,KNOWsutra : PEACE (not War)","[16] The Love Of A Dove - GROWsutra Dem Sed Psychedelic Ragga DUB,[08] The Love Of A Dove - GROWsutra Only The Brave PsyBluegrass Dubby BLUES,[02] The Love Of A Dove - GROWsutra Duende Amoris Fado Fiddle INDIE,[14] The Love Of A Dove - GROWsutra Feel Di Riddim Psychedelic Ragga DUB,[04] The Love Of A Dove - GROWsutra Mama-b-c Peace Cello INDIE,[09] The Love Of A Dove - GROWsutra Queen of Authentic Dubby Psychedelic BLUES,[11] The Love Of A Dove - GROWsutra Psychedelic Destiny BLUES",190,G-190
There's No Prayer Like Desire • KNOWsutra But(t) Why EPx4,https://soundcloud.com/bananasutra/sets/theres-no-prayer-like-desire-knowsutra-butt-why-epx4,KNOWsutra,"BANJO,BLUES,BURLESQUE","BANJO,BLUES,BURLESQUE",3,3,1995,20,8:29,https://i1.sndcdn.com/artworks-BZeLqNQ4AlXL9NGG-8Sntuw-t500x500.png,L-259,,"BLUESsutra,BURLESQUEsutra,KNOWsutra where questions matter","[04] The Fire We Share • There's No Prayer Like Desire • KNOWsutra But(t) Why Accordion Chanson BURLESQUE,[01] Not Who Powers • There's No Prayer Like Desire • KNOWsutra But(t) Why Banjo Destiny BLUES",191,G-191
They Call It Freedom (Oh Hi · Sweet Honey Bun) ✯ BLOWsutra (Revolt Now) EPx11,https://soundcloud.com/bananasutra/sets/they-call-it-freedom-oh-hi-sweet-honey-bun-blowsutra-revolt-now-epx11,BLOWsutra,"BLUES,BURLESQUE,FOLK,INDIE,LOFI","BLUES,BURLESQUE,FOLK,GIPSY,HIP HOP,INDIE,LOFI,PSYCHEDELIC,TRIP HOP",11,11,6575,79,36:40,https://i1.sndcdn.com/artworks-kwu5kFHr0XzItgSe-7wgK2Q-t500x500.png,L-262,,"BLOWsutra,BLOWsutra : REVOLT (now),BLUESsutra,FOLKsutra,LOFIsutra","""[02] They Call It Freedom (Oh Hi, Sweet Honey Bun) • BLOWsutra (Revolt Now) Psychedelic Gipsy Dadadam Indie LOFI"",""[10] They Call It Freedom (Oh Hi, Sweet Honey Bun) • BLOWsutra (Revolt Now) Classichedelic Americana BLUES"",""[06] They Call It Freedom (Oh Hi, Sweet Honey Bun) • BLOWsutra (Revolt Now) Psychedelic Gipsy Cello Trip Hip Hop Indie LOFI"",""[07] They Call It Freedom (Oh Hi, Sweet Honey Bun) • BLOWsutra  (Revolt Now) Psychedelic Dubby Americana Indie LoFi FOLK"",""[08] They Call It Freedom (Oh Hi, Sweet Honey Bun) • BLOWsutra (Revolt Now) Classichedelic Americana Dubby Folky BLUES""",192,G-192
They Muddy the Waters (aka Nietzsche's Gift) EPx5 VOL. 04,https://soundcloud.com/bananasutra/sets/they-muddy-the-waters-aka-nietzsches-gift-epx5-vol-04,KNOWsutra,"BANJO,BURLESQUE,FOLK,INDIE,LOFI","BANJO,BURLESQUE,FOLK,INDIE,LOFI",5,5,1065,6,16:27,https://i1.sndcdn.com/artworks-8WQovcQ1YWF6xgZ0-sPC0bQ-t500x500.png,L-157,,,,193,G-193
This Is My Quest • GROWsutra (Dare to Care) Dream EPx19,https://soundcloud.com/bananasutra/sets/this-is-my-quest-growsutra-epx19,GROWsutra,"DUB,INDIE,JAZZ,LOFI","DUB,FADO,FLAMENCO,GIPSY,INDIE,JAZZ,LOFI,PSYCHEDELIC",19,19,17323,123,1:13:50,https://i1.sndcdn.com/artworks-qhqHRqMMeCjATzsp-RQ8fQQ-t500x500.png,L-263,2026-03-16 18:54,"DUBsutra,GROWsutra : DARE (to care),GROWsutra where we be brave,INDIEsutra,JAZZsutra","[07] This Is My Quest • GROWsutra La Poesita Gipsy Fado Flamenco Duende DUB,[15] This Is My Quest • GROWsutra Psychedelic Poetry Bridges the DUB,[19] This Is My Quest • GROWsutra Ethically Psychedelic Gipsy JAZZ,[06] This Is My Quest • GROWsutra Psychedelic Gipsy Techno Fado Flamenco Duende INDIE,[01] This Is My Quest • GROWsutra Psychedelic Gipsy Techno Fado Flamenco Duende INDIE,[12] This Is My Quest • GROWsutra Psychedelic Poetry Bridges the DUB,[05] This Is My Quest • GROWsutra Psychedelic Gipsy Techno Fado Flamenco Duende INDIE,[09] This Is My Quest • GROWsutra Psychedelic Gipsy Fado Arabesk Lofi Dub INDIE",194,G-194
This Is What Dissent Looks Like Now - BLOWsutra (Revolution Ring) Jazz Indie LoFi Dream,https://soundcloud.com/bananasutra/sets/this-is-what-dissent-looks-like-now-blowsutra-revolution-ring-jazz-indie-lofi-dream,BLOWsutra,"BURLESQUE,INDIE,JAZZ,LOFI","BURLESQUE,CABARET,GIPSY,HIP HOP,INDIE,JAZZ,LOFI,PSYCHEDELIC,PUNK,TRIP HOP",14,14,17343,149,55:10,https://i1.sndcdn.com/artworks-oX7ZY3z8JzrLVWyA-Iz5Tsg-t500x500.png,L-286,2026-01-27 21:09,"BLOWsutra,BLOWsutra : CENSOR(ed),INDIEsutra,JAZZsutra,LOFIsutra,SHOWsutra: (shades of) FOOLS","[BONUS] What Dissent Looks Like Now • BLOWsutra Psychedelic Burlesque MamA-B-Cello Dream Cabaret INDIE,[10] What Dissent Looks Like Now • BLOWsutra Post-Punk Gipsy Trip Hop Lo-Fi Burlesque INDIE,[02] What Dissent Looks Like Now • BLOWsutra Post-Punk Trip Hop Lo-Fi Burlesque Piano JAZZ,[04] What Dissent Looks Like Now • BLOWsutra Post-Punk Piano Trip Hop Lo-Fi Burlesque JAZZ,[01] What Dissent Looks Like Now • BLOWsutra Post-Punk Piano Trip Hop Lo-Fi Burlesque JAZZ,[11] What Dissent Looks Like Now • BLOWsutra Psychedelic Hip Hop BRUH Cabaret Rap LOFI,[08] What Dissent Looks Like Now • BLOWsutra Post-Punk Gipsy Trip Hop Lo-Fi Burlesque INDIE",195,G-195
Time for Rebel Romance ☆ EPx6 ☆ BLOWsutra (Revolt Now) Cabaret,https://soundcloud.com/bananasutra/sets/time-for-rebel-romance-epx6-blowsutra-revolt-now-cabaret,BLOWsutra,"BURLESQUE,DUB,INDIE,JAZZ,MANTRA,ROCK","BURLESQUE,CABARET,DUB,INDIE,JAZZ,MANTRA,PSYCHEDELIC,RAGGA,ROCK,TRIP HOP",6,6,10146,88,18:05,https://i1.sndcdn.com/artworks-FCpNyoKfIRn6bNzD-59cLWg-t500x500.png,L-265,,"BLOWsutra,BLOWsutra : REVOLT (now),BURLESQUEsutra,DUBsutra,GROWsutra : KIND(ness),QUACKsutra where we sing FU","[04] Time for Rebel Romance ☆ BLOWsutra (Revolt Now) IBYN Psychedelic Piano Jazz BURLESQUE,[01] Time for Rebel Romance ☆ BLOWsutra (Revolt Now) Oh Boy Psychedelic Accordion Circus BURLESQUE,[05] Time for Rebel Romance ☆ BLOWsutra (Revolt Now) Accordion Ragga Burlesque DUB,[02] Time for Rebel Romance ☆ BLOWsutra (Revolt Now) Oh Boy Psychedelic Accordion Circus BURLESQUE",196,G-196
To Dream EP X8 | Jacques Brel Chanson Reimagined : Psychedelic French Poetry JAZZsutra X5,https://soundcloud.com/bananasutra/sets/the-quest-brel-poetry-jazz-remakes-x8,GLOWsutra,JAZZ,"JAZZ,PSYCHEDELIC",8,8,5661,61,21:21,https://i1.sndcdn.com/artworks-QUpuRg3OOi3Qb9MF-h5LTAw-t500x500.png,L-266,,"BURLESQUEsutra,FOLKsutra,GLOWsutra : RAINBOWS (in my clouds),GLOWsutra where gratitude feeds","#3 The Quest of an Unyielding Star (v2) • Jacques Brel Remake • Bananasutra Jazz,#2 The Quest of an Unyielding Star (v3) • Jacques Brel Remake • Bananasutra Jazz,#1 The Quest • Jacques Brel Remake • Bananasutra French Accordion",197,G-197
Trauma Begets Trauma - KNOWsutra Peace (not War) Piano Kitten Truth EPx5,https://soundcloud.com/bananasutra/sets/trauma-begets-trauma-knowsutra-peace-not-war-piano-kitten-truth-epx5,KNOWsutra,INDIE,"GIPSY,INDIE",5,5,4254,34,15:46,https://i1.sndcdn.com/artworks-O1DJ2yudziIuoAWo-vRdodg-t500x500.png,L-268,,KNOWsutra : PEACE (not War),"[03] Trauma Begets Trauma • KNOWsutra Whimsical Gipsy Peace Kitten Dream Piano INDIE,[04] Trauma Begets Trauma • KNOWsutra Whimsical Gipsy Peace Kitten Dream Piano INDIE,[01] Trauma Begets Trauma • KNOWsutra Whimsical Gipsy Peace Kitten Dream Piano INDIE",198,G-198
Trump Derangement Syndrome ™ EPx7,https://soundcloud.com/bananasutra/sets/trump-derangement-syndrome-epx7,BLOWsutra,"BANJO,BURLESQUE,DUB,JAZZ,MANTRA","BANJO,BURLESQUE,DUB,JAZZ,MANTRA",7,7,1393,16,22:00,https://i1.sndcdn.com/artworks-Ys4zGlSmXhrD1HsT-Kvzuxg-t500x500.png,L-269,2025-06-18 17:12,,,199,G-199
Trust No One EP x3 VOL.1 ☆ BLOWsutra Alternative Indie ROCK,https://soundcloud.com/bananasutra/sets/trust-no-one-ep-x3-vol1-blowsutra-alternative-indie-rock,BLOWsutra,"INDIE,JAZZ,ROCK","INDIE,JAZZ,ROCK",3,3,937,12,6:33,https://i1.sndcdn.com/artworks-zo2LcEgQQvZyFMXS-Hip2cg-t500x500.png,L-270,,"BLOWsutra,BLOWsutra : EGO (gone loco),INDIEsutra,ROCKsutra","[2] Trust no one - BLOWsutra Udio ROCK,[1] Trust no one - BLOWsutra Suno JAZZ",200,G-200
Truth Don't Care ✗ EPx2 ✗ KNOWsutra Psychedelic Muse Cabaret,https://soundcloud.com/bananasutra/sets/truth-dont-care-epx2-knowsutra-psychedelic-muse-cabaret,KNOWsutra,"BURLESQUE,JAZZ","BURLESQUE,CABARET,JAZZ,PSYCHEDELIC",2,2,373,3,6:52,https://i1.sndcdn.com/artworks-2pO2JGvoTeCfSURr-2A3VeA-t500x500.png,L-262,,,,201,G-201
Tune in the Tender ☲ #GROWsutra EPx9,https://soundcloud.com/bananasutra/sets/tune-in-the-tender-growsutra-epx9,GROWsutra,"DUB,INDIE,LOFI","DUB,INDIE,LOFI",9,9,2843,31,36:05,https://i1.sndcdn.com/artworks-ayo6PDrn2o8EClWe-wyHddg-t500x500.png,L-273,,"BLUESsutra,DUBsutra,GLOWsutra : RAINBOWS (in my clouds),GLOWsutra where gratitude feeds,INDIEsutra,JAZZsutra","[06] Tune in the Tender • Jazzy DUBsutra,[02] Tune in the Tender • LOFI JAZZsutra,[07] Tune in the Tender • Cello INDIEsutra,[01] Tune in the Tender • LOFI BLUESsutra",202,G-202
Two Things · Darling • EPx11 • KNOWsutra (Bertrand) Conscious Gipsy LoFi Blues INDIE,https://soundcloud.com/bananasutra/sets/two-things-darling-epx11-knowsutra-bertrand-conscious-gipsy-lofi-blues-indie,KNOWsutra,"BANJO,BLUES,DUB,INDIE,LOFI","BANJO,BLUES,DUB,FLAMENCO,GIPSY,INDIE,LOFI,PSYCHEDELIC,TRIP HOP",11,11,7975,72,43:01,https://i1.sndcdn.com/artworks-arUtRqgFTtrbCyLv-f6mbwA-t500x500.png,L-274,2026-01-01 22:37,"BLUESsutra,DUBsutra,INDIEsutra,KNOWsutra : BERTRAND (mon chéri),KNOWsutra where questions matter","""[11] Two Things, Darling • KNOWsutra Bertrand (Knows) Psychedelic Destiny Banjo BLUES"",""[08] Two Things, Darling • KNOWsutra Bertrand (Knows) Existential Poetry Mama DUB"",""[07] Two Things, Darling • KNOWsutra Bertrand (Knows) La Poesita Gipsy Flamenco Dub INDIE"",""[05] Two Things, Darling • KNOWsutra Bertrand (Knows) La Poesita Gipsy Flamenco Dub INDIE"",""[09] Two Things, Darling • KNOWsutra Bertrand (Knows) Psychedelic Destiny Banjo BLUES""",203,G-203
Untamed EP X3,https://soundcloud.com/bananasutra/sets/untamed-ep-x3,GROWsutra,INDIE,INDIE,3,3,521,2,7:37,https://i1.sndcdn.com/artworks-h4WvLIv6GtEpPvLT-kyZycQ-t500x500.png,L-267,2024-12-14 20:25,,,204,G-204
Up a San Francisco Hill • Bananasutra Heart Beats,https://soundcloud.com/bananasutra/sets/up-a-san-francisco-hill-bananasutra-heart-beats,GLOWsutra,DUB,DUB,4,8,779,3,12:52,https://i1.sndcdn.com/artworks-GDiJpggFg27JRXo9-ZnhHqQ-t500x500.jpg,L-268,2025-01-26 23:36,,,205,G-205
Up a San Francisco Hill EP(x4) VOL.2,https://soundcloud.com/bananasutra/sets/up-a-san-francisco-hill-epx4-vol2,GLOWsutra,DUB,DUB,4,4,752,9,13:31,https://i1.sndcdn.com/artworks-pNf3bEZAmay75ojX-AjKkkg-t500x500.png,L-268,2025-01-29 19:15,,,206,G-206
Waldo's Fascist Tango EPx3 VOL. 1 • Burlesque JAZZ,https://soundcloud.com/bananasutra/sets/waldos-fascist-tango-epx3-vol-1-blowsutra-burlesque,BLOWsutra,"BURLESQUE,JAZZ","BURLESQUE,JAZZ",3,3,682,7,10:30,https://i1.sndcdn.com/artworks-c3L1ZrA7GdTEUNpD-srMlmg-t500x500.png,L-280,,"BURLESQUEsutra,QUACKsutra where we sing FU,Questions for the (kind) POPE in the Sky",[2] Waldo's Fascist Tango - HATjazz BURLESQUE,207,G-207
We Live Not By Lies ⚬ EPx12 ⚬ GROWsutra Revolution Ring,https://soundcloud.com/bananasutra/sets/we-live-not-by-lies-epx12-growsutra-revolution-ring,GROWsutra,"BURLESQUE,DUB,INDIE,LOFI,ROCK","BURLESQUE,DUB,GIPSY,INDIE,LOFI,PSYCHEDELIC,PUNK,ROCK",12,12,10982,108,34:57,https://i1.sndcdn.com/artworks-aUUxzKo6oEXsOIfq-vtqUJA-t500x500.png,L-282,,"BLOWsutra : REVOLT (now),BURLESQUEsutra,DUBsutra,GROWsutra where we be brave,INDIEsutra,KNOWsutra : (naked) TRUTH,LOFIsutra,ROCKsutra","[10] We Live Not By Lies - GROWsutra Post-Punk Rock Bar Girl BURLESQUE,[02] We Live Not By Lies - GROWsutra Pyschedelic Cello Dream Dub INDIE,[03] We Live Not By Lies - GROWsutra Psychedelic Piano Cello INDIE,[07] We Live Not By Lies - GROWsutra Tzigane Arabesk Fusion Indie LOFI,[01] We Live Not By Lies - GROWsutra Gipsy Poetry DUB,[04] We Live Not By Lies - GROWsutra Psychedelic Piano Cello INDIE,[11] We Live Not By Lies - GROWsutra IBYN Post-Punk BURLESQUE ROCK",208,G-208
We Remember What (We Remember What) We Feel☉EPx5 INDIE GROWsutra,https://soundcloud.com/bananasutra/sets/we-remember-what-we-remember-what-we-feelepx5-indie-growsutra,GROWsutra,INDIE,INDIE,5,5,1200,34,15:54,https://i1.sndcdn.com/artworks-InO7MMy9vHYpBdDo-YcZoDQ-t500x500.png,L-283,2025-06-02 23:28,"GROWsutra : DARE (to care),GROWsutra where we be brave,INDIEsutra","we remember what we remember when we feel 3,we remember what we remember when we feel 2,we remember what we remember when we feel 4,we remember what we remember when we feel 1,we remember what we remember when we feel 5",209,G-209
"We're Tiny Specks, Right?",https://soundcloud.com/bananasutra/sets/were-tiny-specks-right-bowsutra-epx11,BOWsutra,"LOFI,DUB,INDIE","LOFI,DUB,INDIE,PSYCHEDELIC,GIPSY",11,11,,,25:36,https://i1.sndcdn.com/artworks-iSBnDzZ6pNZ2thIT-zteX6Q-t1080x1080.jpg,,2026-04-12 20:04,"BOWsutra the last of 7 sutras · it's divine <3,DUBsutra,LOFIsutra,INDIEsutra",,210,G-210
Wet (Prickly) Peaches vol.2,https://soundcloud.com/bananasutra/sets/wet-prickly-peaches-vol2,FLOWsutra,BLUES,BLUES,9,9,2069,33,27:28,https://i1.sndcdn.com/artworks-y6GNuYSUFwSvEtI4-VH6lnQ-t500x500.jpg,L-285,2025-02-08 23:13,"BANJOsutra,BLUESsutra,FLOWsutra : WET (my friend),SHOWsutra where bananas play",Wet Peaches • Blues BANJOsutra,211,G-211
What It's About - Blues Dub Murica Mantra EPx7,https://soundcloud.com/bananasutra/sets/what-its-about-blues-dub-murica-mantra-epx7,BLOWsutra,"BLUES,DUB,MANTRA","BLUES,DUB,MANTRA",7,7,1495,21,24:28,https://i1.sndcdn.com/artworks-GLU0pK07IFyP9sOF-R4l6cg-t500x500.jpg,L-114,,"BLUESsutra,QUACKsutra where we sing FU",[02] What It's About - BLUESsutra,212,G-212
What It's About • Vol. 02 EPx6 • BLOWsutra Revolution Ring,https://soundcloud.com/bananasutra/sets/what-its-about-vol-02-epx6-blowsutra-revolution-ring,BLOWsutra,"BANJO,BLUES,BURLESQUE,JAZZ","BANJO,BLUES,BURLESQUE,JAZZ,PSYCHEDELIC,TRIP HOP",6,6,4860,73,25:11,https://i1.sndcdn.com/artworks-f5X1h7BNCNHQw6au-Qj1DyQ-t500x500.png,L-288,2025-11-20 22:24,,"[03] What It's About • Vol. 02 • BLOWsutra Revolution Ring Piano Jazz BURLESQUE,[04] What It's About • Vol. 02 • BLOWsutra Revolution Ring Psychedelic Piano Trip Hop Blues JAZZ,[01] What It's About • Vol. 02 • BLOWsutra Revolution Ring Piano Jazz BURLESQUE,[05] What It's About • Vol. 02 • BLOWsutra Revolution Ring Psychedelic BANJO Trip Hop Blues JAZZ",213,G-213
What the Mirror Said (Reste Lucide) - GLOWsutra JAZZ,https://soundcloud.com/bananasutra/sets/what-the-mirror-said-reste-lucide-glowsutra-jazz,GLOWsutra,"BURLESQUE,INDIE,JAZZ","BURLESQUE,INDIE,JAZZ",5,5,758,7,18:38,https://i1.sndcdn.com/artworks-VQkWPBpI3EhvPQjd-JaXiYg-t500x500.png,L-281,,,,214,G-214
What's F-A-S-C-I-S-T? EPx8 VOL. 1 ☆ BLOWsutra JAZZ FOLK Fusion,https://soundcloud.com/bananasutra/sets/whats-f-a-s-c-i-s-t-epx9-vol-1-blowsutra-jazz-folk-fusion,BLOWsutra,"BURLESQUE,FOLK,JAZZ,LOFI","BURLESQUE,COUNTRY,FOLK,JAZZ,LOFI",8,8,1549,11,25:17,https://i1.sndcdn.com/artworks-ovG5pHzgSSHWXS4C-9duL4w-t500x500.png,L-292,,,,215,G-215
When Did Seduction Become so Untrue? EPx16 Vol. 02 ䷶ KNOWsutra Flamenco Techno,https://soundcloud.com/bananasutra/sets/when-did-seduction-become-so-untrue-how-do-kids-learn-now-epx16-vol-02-knowsutra-flamenco-techno,KNOWsutra,"INDIE,WORLD","FADO,FLAMENCO,GIPSY",16,16,3352,21,1:12:03,https://i1.sndcdn.com/artworks-vJJyHyvScNYFs8IL-ASDhig-t500x500.png,L-293,,,[11] How Do Kids Learn KNOWsutra Gipsy Fado Flamenco Techno Arabesk WORLD 11,216,G-216
When We Duende · Encore ★ Arabesk Fado Soul EPx2 VOL.2,https://soundcloud.com/bananasutra/sets/when-we-duende-encore-arabesk-fado-soul-epx2-vol2,FLOWsutra,INDIE,"FADO,SOUL",2,2,446,4,7:52,https://i1.sndcdn.com/artworks-2HTk9xJWFp1O434r-CXIyuA-t500x500.png,L-295,2025-06-16 11:25,,,217,G-217
When We Duende (All Night) EPx9 ☯ DUB + BURLESQUEsutra,https://soundcloud.com/bananasutra/sets/when-we-duende-all-night-epx9-dub-burlesquesutra,SHOWsutra,"BURLESQUE,DUB,JAZZ","BURLESQUE,DUB,JAZZ",9,9,2352,20,29:29,https://i1.sndcdn.com/artworks-9BOw1039glUsyHSi-RcOVWw-t500x500.png,L-294,,"DUBsutra,FLOWsutra : WET (my friend),JAZZsutra","When We Duende 3 - FLOWsutra DUB,When We Duende 4 - SHOWsutra JAZZ DUB",218,G-218
Where Hope Expires ℧ EPx8 VOL.02,https://soundcloud.com/bananasutra/sets/where-hope-expires-epx8-vol02,BLOWsutra,"DUB,FOLK,INDIE,JAZZ","DUB,FOLK,INDIE,JAZZ",8,8,1752,21,26:33,https://i1.sndcdn.com/artworks-RDHQvbzOVwhs5g5O-y1W0yw-t500x500.png,L-296,,"BLOWsutra,BLOWsutra : EGO (gone loco),FOLKsutra,INDIEsutra","Where Hope Expires - Queen of Authentic FOLK,Where Hope Expires - dem sed Dub INDIE FOLK,Where Hope Expires - Piano CAT JAZZ",219,G-219
Where We Begin (Preakly Peaches) EPx4,https://soundcloud.com/bananasutra/sets/where-we-begin-preakly-peaches-epx4,FLOWsutra,"BURLESQUE,DUB","BURLESQUE,DUB",4,4,774,9,10:39,https://i1.sndcdn.com/artworks-jm4lztgC6B1n1CHp-ql6gNg-t500x500.jpg,L-297,2024-12-23 12:00,"BURLESQUEsutra,FLOWsutra where time is space",Where We Begin (one) : BURLESQUEsutra,220,G-220
Who Knows Where How Happiness Truly Grows ☰ GROWsutra EPx29,https://soundcloud.com/bananasutra/sets/who-knows-where-how-happiness-truly-grows-growsutra-epx29,GROWsutra,"BURLESQUE,DUB,FOLK,INDIE,JAZZ,LOFI,MANTRA","BURLESQUE,DUB,FOLK,INDIE,JAZZ,LOFI,MANTRA",29,29,5449,45,1:48:44,https://i1.sndcdn.com/artworks-Ooj55UF0JzVS0KFh-9aN0SA-t500x500.png,L-300,,FOLKsutra,[18] Who Knows Where How Happiness Truly Grows • DUENDE FOLK,221,G-221
Who Needs a Big D? EP x8 VOL. 1 - JAZZ 'n DUB,https://soundcloud.com/bananasutra/sets/who-needs-a-big-d-ep-x8-vol-1-jazz-n-dub,SHOWsutra,"BURLESQUE,DUB,FOLK,JAZZ,LOFI","BURLESQUE,DUB,FOLK,JAZZ,LOFI",8,8,1836,16,25:49,https://i1.sndcdn.com/artworks-jhyk7fARubhfUtQC-VqNUCQ-t500x500.png,L-301,,"BURLESQUEsutra,SHOWsutra : B.J. (is for Banana Jesters),SHOWsutra where bananas play",[1] Who Needs a Big D? OG BURLESQUE,222,G-222
Who's Your Vladdy? EPx2 VOL.02 ☿ BLOWsutra World Peace LOFI + ROCK,https://soundcloud.com/bananasutra/sets/whos-your-vladdy-epx2-vol02-blowsutra-world-peace-lofi-rock,BLOWsutra,"BURLESQUE,LOFI,ROCK","BURLESQUE,GIPSY,LOFI,PSYCHEDELIC,PUNK,ROCK",2,2,672,9,8:37,https://i1.sndcdn.com/artworks-301rwrEjz0M0tuZV-1dVJMg-t500x500.png,L-302,2025-09-20 18:14,"BLOWsutra,QUACKsutra : DUCK (shady),QUACKsutra where we sing FU,ROCKsutra,WORLDsutra : Russian(ish)",Who's Your Vladdy BLOWsutra Psychedelic Burlesque Punk ROCK,223,G-223
Who's Your Vladdy? EPx10 ☿ BLOWsutra World Peace Fusion Indie,https://soundcloud.com/bananasutra/sets/whos-your-vladdy-epx10-blowsutra-world-peace-fusion-indie,BLOWsutra,"BANJO,BLUES,BURLESQUE,DUB,FOLK,INDIE,LOFI,ROCK","BANJO,BLUES,BURLESQUE,DUB,FOLK,GIPSY,HIP HOP,INDIE,LOFI,PSYCHEDELIC,PUNK,ROCK,SOUL",10,10,2401,25,43:06,https://i1.sndcdn.com/artworks-HdcKeFj5zjo8xoo9-37TalQ-t500x500.png,L-302,,"BLOWsutra,DUBsutra,LOFIsutra,QUACKsutra : DUCK (shady),QUACKsutra where we sing FU,WORLDsutra : Russian(ish)","[08] Who's Your Vladdy • BLOWsutra Psychedelic Poetry Folk DUB,[07] Who's Your Vladdy • BLOWsutra Psychedelic Poetry Folk DUB,[04] Who's Your Vladdy • BLOWsutra Psychedelic World Soul FUSION",224,G-224
Why Trust an Old · Mean Religion? EPx9 VOL. 01,https://soundcloud.com/bananasutra/sets/why-trust-an-old-mean-religion-epx9-vol-01,GROWsutra,"BANJO,BLUES,DUB,FOLK,INDIE,LOFI","BANJO,BLUES,DUB,FOLK,INDIE,LOFI,SOUL",9,9,1764,13,29:51,https://i1.sndcdn.com/artworks-Z6c6IDbs2ejUVhp8-iueiCg-t500x500.png,L-303,,"GROWsutra where we be brave,INDIEsutra,Questions for the (kind) POPE in the Sky","""[08] Why Trust an Old, Mean Religion AD2 Soul INDIE""",225,G-225
Why We Can't Be Brave? ☷ GROWsutra (Censored) Cello EPx8,https://soundcloud.com/bananasutra/sets/why-we-cant-be-brave-growsutra-censored-cello-epx8,GROWsutra,"BURLESQUE,DUB,INDIE,LOFI","BURLESQUE,DUB,FLAMENCO,HIP HOP,INDIE,LOFI,PSYCHEDELIC",8,8,6031,58,28:47,https://i1.sndcdn.com/artworks-rB89JSlaccuJ12aJ-01Yopg-t500x500.png,L-304,2025-12-02 22:33,"BLOWsutra : CENSOR(ed),GROWsutra where we be brave,INDIEsutra,LOFIsutra","[04] Why We Can't Be Brave - GROWsutra (Censored) Psychedelic Flamenco Dub Cello Fusion INDIE,[07] Why We Can't Be Brave - GROWsutra (Censored) Psychedelic Hip Hop Cello Indie Dub Fusion LOFI,[08] Why We Can't Be Brave - GROWsutra (Censored) Psychedelic Hip Hop Cello Indie Dub Fusion LOFI,[02] Why We Can't Be Brave - GROWsutra (Censored) Psychedelic Cello Drama Duende Dream INDIE",226,G-226
Why You Lie (to the People's Face) EP x7 ☠ QUACKsutra,https://soundcloud.com/bananasutra/sets/why-you-lie-to-the-peoples-face-quacksutra,BLOWsutra,"BURLESQUE,FOLK,INDIE","BURLESQUE,FOLK,HIP HOP,INDIE,RAGGA",7,7,1472,15,21:42,https://i1.sndcdn.com/artworks-OY8Egh3zRPXQxH74-PbCZmw-t500x500.png,L-296,,,,227,G-227
WIN-WIN DUB EPx3 ⚭ French-English GROWsutra Fusion Soul,https://soundcloud.com/bananasutra/sets/win-win-dub-epx3-french-english-growsutra-fusion-soul,GROWsutra,DUB,"DUB,HIP HOP,RAGGA,SOUL",3,3,770,9,8:12,https://i1.sndcdn.com/artworks-oBETDaFyMMJRa4Qg-sDo0ng-t500x500.png,L-307,,"DUBsutra,FRENCHsutra oui oui · sacrebleu,GROWsutra where we be brave,OUI OUI : Pardon (my French),SHOWsutra: (shades of) FOOLS",[01] Win Win Dub ⚭ French GROWsutra Soulful Hip Hop Ragga DUB,228,G-228
Woke 'em Whacks EPx4 : BLUES & DUBsutra (Music Therapy),https://soundcloud.com/bananasutra/sets/woke-em-whacks-epx4-blues-dubsutra-music-therapy,BLOWsutra,BLUES,BLUES,4,4,1096,19,12:56,https://i1.sndcdn.com/artworks-w61imgKjvg3ASHMz-HXgbbA-t500x500.jpg,L-309,,"BLOWsutra,BLUESsutra,DUBsutra,FOLKsutra,INDIEsutra,JAZZsutra,QUACKsutra : DUCK (shady),QUACKsutra where we sing FU","Woke-N-Whack-A-Musk ☆ BLUESsutra (1),Woke-N-Whack-A-Musk ☆ BLUESsutra (2),Woke-N-Whack-A-Musk ☆ DUBsutra (2)",229,G-229
Zero Sum (Zero Sean) • GROWsutra (Dare to Care) EPx22,https://soundcloud.com/bananasutra/sets/zero-sum-growsutra-epx22,GROWsutra,"BURLESQUE,DUB,FOLK,INDIE,JAZZ,LOFI","BURLESQUE,CABARET,DUB,FADO,FLAMENCO,FOLK,GIPSY,INDIE,JAZZ,LOFI,PSYCHEDELIC,PUNK,RAGGA",23,23,21887,231,1:17:31,https://i1.sndcdn.com/artworks-EIMomqQ3VHc9dl93-DvcAsA-t500x500.png,L-312,2026-02-26 22:16,"BURLESQUEsutra,DUBsutra,GROWsutra where we be brave,INDIEsutra,LOFIsutra","[08] Zero Sum • GROWsutra Psychedelick Folk Poetry Bridges The DUB,[13] Zero Sum • GROWsutra Psychedelick Gipsy Flamenco Techno Fusion INDIE,[10] Zero Sum • GROWsutra Psychedelick Gipsy Flamenco  Ragga Circus DUB,[14] Zero Sum • GROWsutra Psychedelick Gipsy Flamenco Techno Fusion INDIE,[12] Zero Sum • GROWsutra Psychedelick Gipsy Indie Ragga Flamenco DUB,[07] Zero Sum • GROWsutra Psychedelick Folk Poetry Bridges The DUB,[03] Zero Sum • GROWsutra Hypnotic Post-Punk Motorik Fusion LOFI,[06] Zero Sum • GROWsutra Psychedelick Gipsy Hop Fusion LOFI,[01] Zero Sum • GROWsutra Hypnotic Post-Punk Motorik Fusion LOFI,[20] Zero Sum • GROWsutra Psychedelick Post-Punk Cello Dub Cabaret BURLESQUE,""[07] Hello, Oh No • GROWsutra Psychedelic Gipsy Fusion LOFI""",230,G-230
