Track Title,Track Link,In Catalog?,Playlist Title,Playlist Link,Owner,Owner Profile,Owner Followers,Playlist Track Count,Playlist Duration (min),Playlist Likes,Playlist Reposts,Playlist Published,Playlist Last Updated,Scrape Date,Tier
[24] So Woken • GROWsutra (Kindness) Psychedelic Destiny Banjo BLUES,open,No,hot🔥,open,Даша Квитка,profile,0,17,48,0,0,2026-02-10,2026-07-08,2026-07-11,Niche/Emerging Curator
[16] So Woken • GROWsutra (Kindness) Poetry Bridges The DUB,open,No,Reggae,open,061Florian,profile,7,11,104,0,0,2025-06-26,2026-07-08,2026-07-11,Niche/Emerging Curator
[20] So Woken • GROWsutra (Kindness) Queen Of Authentic Dubby Banjo Folk BLUES,open,No,reggae 🇯🇲🍃,open,lindo,profile,0,10,43,0,0,2025-12-30,2026-07-08,2026-07-11,Niche/Emerging Curator
[20] So Woken • GROWsutra (Kindness) Queen Of Authentic Dubby Banjo Folk BLUES,open,No,santee,open,Harvey Tupamahu,profile,5,10,33,0,0,2026-07-08,2026-07-08,2026-07-11,Niche/Emerging Curator
[25] So Woken • GROWsutra (Kindness) Psychedelic Destiny Banjo BLUES,open,No,chèr rais,open,Ayman ElSherbini,profile,14,22,661,0,0,2026-06-07,2026-07-11,2026-07-11,Niche/Emerging Curator (Repeat)
[04] So Woken • GROWsutra (Kindness) Acoustic Gipsy Dream World JAZZ,open,No,🍷🚬✨,open,PUNZ,profile,108,11,42,1,0,2026-05-16,2026-07-11,2026-07-11,Priority Curator
[06] So Woken • GROWsutra (Kindness) Acoustic NeoSoul Piano Blues Indie JAZZ,open,No,☮️🌙,open,Olivia Houghton,profile,7,7,86,0,0,2026-07-08,2026-07-10,2026-07-11,Niche/Emerging Curator
[06] So Woken • GROWsutra (Kindness) Acoustic NeoSoul Piano Blues Indie JAZZ,open,No,Kafe,open,Amir Jfrii,profile,8,36,236,0,0,2025-08-18,2026-07-08,2026-07-11,Mid-size Playlist
[06] Can You Play Win-Win Games Or No • GROWsutra (Kindness Matters) Dubby Dub DUB,open,No,Revo,open,Josef,profile,173,157,827,0,0,2022-05-21,2026-07-08,2026-07-11,Mid-size Playlist (Repeat)
[04] But(t) Where Do Pigeons Go To Die • BOWsutra (Death Is Nothing) Queen Of Authentic Dubby FOLK,open,No,Spiritual Godo,open,Josef,profile,173,79,476,0,0,2024-01-17,2026-07-08,2026-07-11,Mid-size Playlist (Repeat)
[04] But(t) Where Do Pigeons Go To Die • BOWsutra (Death Is Nothing) Queen Of Authentic Dubby FOLK,open,No,Wiesen,open,Josef,profile,173,400,1492,0,0,2024-07-04,2026-07-08,2026-07-11,Generic Dump (low signal)
[04] But(t) Where Do Pigeons Go To Die • BOWsutra (Death Is Nothing) Queen Of Authentic Dubby FOLK,open,No,Präsentation Intro,open,Josef,profile,173,37,116,0,0,2022-03-12,2026-07-08,2026-07-11,Mid-size Playlist (Repeat)
[02] But(t) Where Do Pigeons Go To Die • BOWsutra (Death Is Nothing) Poetry Bridges the DUB,open,No,Plane,open,Fidgef8,profile,0,14,59,0,0,2026-07-06,2026-07-06,2026-07-11,Niche/Emerging Curator
[15] I Wanna Know • KNOWsutra (Peace Not War) Oh My Oh Why Accordion Cello INDIE,open,Yes,Low n Flow v2 (6/5/24 - 6/17/26),open,user788044104,profile,6,496,1685,1,0,2024-06-05,2026-07-09,2026-07-11,Generic Dump (low signal)
[15] I Wanna Know • KNOWsutra (Peace Not War) Oh My Oh Why Accordion Cello INDIE,open,Yes,bbq lounge,open,Prank Punk,profile,2,10,36,0,0,2026-07-09,2026-07-09,2026-07-11,Niche/Emerging Curator
[09] I Wanna Know • KNOWsutra (Peace Not War) NeoSoul R&B Piano Gospel INDIE,open,No,🎵,open,Sahar Karimpoor,profile,1,30,188,0,0,2026-07-09,2026-07-10,2026-07-11,Niche/Emerging Curator
[08] I Wanna Know • KNOWsutra (Peace Not War) NeoSoul R&B Piano Gospel INDIE,open,No,집합,open,bosang,profile,0,319,1654,0,0,2026-01-28,2026-07-10,2026-07-11,Generic Dump (low signal)
[05] I Wanna Know • KNOWsutra (Peace Not War) Avant-Garde Piano Cello Cabaret BURLESQUE,open,No,Summer 26,open,SuMo,profile,1,2,7,0,0,2026-07-03,2026-07-05,2026-07-11,Niche/Emerging Curator
[14] I Wanna Know • KNOWsutra (Peace Not War) Mama-B-C Accordion Cello Dream INDIE,open,No,soulful for beautiful voices,open,Liv Hunter,profile,29,101,354,0,0,2020-04-05,2026-07-08,2026-07-11,Mid-size Playlist
[01] I Wanna Know • KNOWsutra (Peace Not War) Avant-Garde Piano Cello Cabaret BURLESQUE,open,No,"Cafe Beats,Lo Fi Jazz Mix 2🎺❤️",open,Gabor Galactic,profile,40,230,892,0,0,2026-03-02,2026-07-05,2026-07-11,Generic Dump (low signal)
[01] I Wanna Know • KNOWsutra (Peace Not War) Avant-Garde Piano Cello Cabaret BURLESQUE,open,No,BananaSutra,open,VicDnB,profile,21,9,35,1,0,2026-06-21,2026-07-04,2026-07-11,Niche/Emerging Curator (Repeat)
[04] I Wanna Know • KNOWsutra (Peace Not War) Avant-Garde Piano Cello Cabaret BURLESQUE,open,No,Chillaxing,open,cjacob70,profile,57,105,450,0,0,2017-04-22,2026-07-09,2026-07-11,Mid-size Playlist
[15] Blessed Be Your Voice • GROWsutra Fado Arabesk Trip Fusion Hop Accordion Cello Indie WORLD,open,No,Trip Hop,open,Epsyl Prod,profile,55,2,7,0,0,2026-07-06,2026-07-06,2026-07-11,Priority Curator
[02] Blessed Be Your Voice • GROWsutra NeoSoul Rhythm & Blues Piano INDIE,open,Yes,Fuck,open,User 100970065,profile,0,7,26,0,0,2026-06-02,2026-06-30,2026-07-11,Niche/Emerging Curator
[06] Blessed Be Your Voice • GROWsutra Tzigane Arabesk Gipsy Indie Hop Fusion LOFI,open,No,душный рестобар,open,woinswaga,profile,0,43,130,1,0,2026-05-27,2026-07-09,2026-07-11,Mid-size Playlist (Repeat)
[06] Blessed Be Your Voice • GROWsutra Tzigane Arabesk Gipsy Indie Hop Fusion LOFI,open,No,ты тут?,open,woinswaga,profile,0,71,166,0,0,2026-06-16,2026-07-09,2026-07-11,Mid-size Playlist (Repeat)
[13] Blessed Be Your Voice • GROWsutra Fado Arabesk Trip Fusion Hop Accordion Guitar Indie WORLD,open,Yes,Aaliyäh Trïbute,open,TiNMAN559,profile,21,353,1483,0,0,2025-12-28,2026-07-10,2026-07-11,Generic Dump (low signal)
[13] Blessed Be Your Voice • GROWsutra Fado Arabesk Trip Fusion Hop Accordion Guitar Indie WORLD,open,Yes,Moto,open,TiNMAN559,profile,21,99,467,0,0,2026-06-28,2026-07-11,2026-07-11,Mid-size Playlist (Repeat)
[13] Blessed Be Your Voice • GROWsutra Fado Arabesk Trip Fusion Hop Accordion Guitar Indie WORLD,open,Yes,Blues music,open,Brian,profile,1,15,71,1,0,2026-06-29,2026-07-11,2026-07-11,Niche/Emerging Curator
[10] Blessed Be Your Voice • GROWsutra Tzigane Arabesk Gipsy Indie Hop Fusion LOFI,open,No,Mood,open,shila somi,profile,9,111,701,0,0,2022-08-31,2026-07-08,2026-07-11,Mid-size Playlist
[11] Blessed Be Your Voice • GROWsutra Tzigane Arabesk Gipsy Indie Hop Fusion LOFI,open,Yes,Shop Musik,open,Jan Simon Nisius,profile,11,41,135,0,0,2025-09-06,2026-07-06,2026-07-11,Mid-size Playlist (Repeat)
[11] Blessed Be Your Voice • GROWsutra Tzigane Arabesk Gipsy Indie Hop Fusion LOFI,open,Yes,NEW,open,User 259075399,profile,0,42,138,0,0,2026-06-02,2026-07-08,2026-07-11,Mid-size Playlist
[11] Blessed Be Your Voice • GROWsutra Tzigane Arabesk Gipsy Indie Hop Fusion LOFI,open,Yes,french music,open,ichanpomsyda03,profile,1,75,236,0,0,2026-07-01,2026-07-01,2026-07-11,Mid-size Playlist
Side B [02] Word of the Year - Enshittification (Circa 2024) something funny HIP HOP JAZZ LOFI,open,Yes,bananasutra,open,Fred Anderson,profile,1,445,1526,1,0,2026-07-08,2026-07-08,2026-07-11,Catalog Mirror (Superfan)
"Side A [02] It's Enshittification, Darling • BLOWsutra (Apes Gone Wrong) Trip Hop Punk Burlesque Circus LOFI",open,No,bananasutra,open,Fred Anderson,profile,1,445,1526,1,0,2026-07-08,2026-07-08,2026-07-11,Catalog Mirror (Superfan)
"Side A [05] It's Enshittification, Darling • BLOWsutra (Apes Gone Wrong) Psychedelick Post-Punk Motorik Cabaret ROCK",open,No,bananasutra,open,Fred Anderson,profile,1,445,1526,1,0,2026-07-08,2026-07-08,2026-07-11,Catalog Mirror (Superfan)
Side B [01] Word of the Year - Enshittification (Circa 2024) JAZZ NOIR LOFI,open,No,bananasutra,open,Fred Anderson,profile,1,445,1526,1,0,2026-07-08,2026-07-08,2026-07-11,Catalog Mirror (Superfan)
"Side A [04] It's Enshittification, Darling • BLOWsutra (Apes Gone Wrong) Hip Punk Hop Dub Cabaret BURLESQUE",open,Yes,bananasutra,open,Fred Anderson,profile,1,445,1526,1,0,2026-07-08,2026-07-08,2026-07-11,Catalog Mirror (Superfan)
"Side A [04] It's Enshittification, Darling • BLOWsutra (Apes Gone Wrong) Hip Punk Hop Dub Cabaret BURLESQUE",open,Yes,Raga,open,Eve Zen,profile,0,4,15,0,0,2026-06-20,2026-07-08,2026-07-11,Niche/Emerging Curator
"Side A [08] It's Enshittification, Darling • BLOWsutra (Apes Gone Wrong) Psychedelick Post-Punk Motorik Cabaret ROCK",open,No,bananasutra,open,Fred Anderson,profile,1,445,1526,1,0,2026-07-08,2026-07-08,2026-07-11,Catalog Mirror (Superfan)
"Side A [06] It's Enshittification, Darling • BLOWsutra (Apes Gone Wrong) Psychedelick Post-Punk Motorik Cabaret ROCK",open,No,bananasutra,open,Fred Anderson,profile,1,445,1526,1,0,2026-07-08,2026-07-08,2026-07-11,Catalog Mirror (Superfan)
"Side A [03] It's Enshittification, Darling • BLOWsutra (Apes Gone Wrong) Hip Punk Hop Dub Cabaret BURLESQUE",open,No,bananasutra,open,Fred Anderson,profile,1,445,1526,1,0,2026-07-08,2026-07-08,2026-07-11,Catalog Mirror (Superfan)
Side B [04] Word of the Year - Enshittification (Circa 2024) PIANO RAP LOFI,open,No,bananasutra,open,Fred Anderson,profile,1,445,1526,1,0,2026-07-08,2026-07-08,2026-07-11,Catalog Mirror (Superfan)
"Side A [01] It's Enshittification, Darling • BLOWsutra (Apes Gone Wrong) Trip Hop Punk Burlesque Circus LOFI",open,No,bananasutra,open,Fred Anderson,profile,1,445,1526,1,0,2026-07-08,2026-07-08,2026-07-11,Catalog Mirror (Superfan)
Side B [03] Word of the Year - Enshittification (Circa 2024) Vocal JAZZ LOFI,open,No,bananasutra,open,Fred Anderson,profile,1,445,1526,1,0,2026-07-08,2026-07-08,2026-07-11,Catalog Mirror (Superfan)
"Side A [07] It's Enshittification, Darling • BLOWsutra (Apes Gone Wrong) Psychedelick Post-Punk Motorik Cabaret ROCK",open,No,bananasutra,open,Fred Anderson,profile,1,445,1526,1,0,2026-07-08,2026-07-08,2026-07-11,Catalog Mirror (Superfan)
[04] Drop Di Baggage • FLOWsutra (Fly Like Water) Psychedelick Ragga Banjo Mama Ambient DUB,open,Yes,Island Jams,open,user521140089,profile,5,233,998,1,1,2023-04-14,2026-07-07,2026-07-11,Generic Dump (low signal)
[01] Drop Di Baggage • FLOWsutra (Fly Like Water) Psychedelick Ragga Banjo Mama Ambient DUB,open,Yes,2026 remix,open,IslandGirl,profile,9,60,241,4,0,2026-04-05,2026-06-29,2026-07-11,Mid-size Playlist
[07] Drop Di Baggage • FLOWsutra (Fly Like Water) Psychedelick Ragga Mama Muse DUB,open,Yes,Shop Musik,open,Jan Simon Nisius,profile,11,41,135,0,0,2025-09-06,2026-07-06,2026-07-11,Mid-size Playlist (Repeat)
[03] Drop Di Baggage • FLOWsutra (Fly Like Water) Psychedelick Ragga Banjo Mama Ambient DUB,open,Yes,dnb,open,user929137730,profile,9,14,191,0,0,2024-05-31,2026-07-08,2026-07-11,Niche/Emerging Curator
[03] Drop Di Baggage • FLOWsutra (Fly Like Water) Psychedelick Ragga Banjo Mama Ambient DUB,open,Yes,finesst101,open,Otniel Edmnd,profile,2,92,364,0,0,2026-05-11,2026-07-07,2026-07-11,Mid-size Playlist
[05] Drop Di Baggage • FLOWsutra (Fly Like Water) Psychedelick Ragga Banjo Mama Ambient DUB,open,No,balade,open,bastou,profile,1,33,1644,0,0,2024-03-23,2026-06-24,2026-07-11,Mid-size Playlist
[06] Drop Di Baggage • FLOWsutra (Fly Like Water) Psychedelick Ragga Mama Muse DUB,open,Yes,Beach🏖️,open,Mannydip,profile,0,6,22,0,0,2026-06-30,2026-06-30,2026-07-11,Niche/Emerging Curator
[03] Serial Blowerrrs - QUACKsutra Tzigane Hip Hop Fusion Indie LOFI,open,Yes,bananasutra,open,Fred Anderson,profile,1,445,1526,1,0,2026-07-08,2026-07-08,2026-07-11,Catalog Mirror (Superfan)
[02] Serial Blowerrrs • BLOWsutra Tzigane Acoustic LOFI,open,Yes,bananasutra,open,Fred Anderson,profile,1,445,1526,1,0,2026-07-08,2026-07-08,2026-07-11,Catalog Mirror (Superfan)
[01] Serial Blowerrrs - QUACKsutra Tzigane Hip Hop Fusion Indie LOFI,open,Yes,bananasutra,open,Fred Anderson,profile,1,445,1526,1,0,2026-07-08,2026-07-08,2026-07-11,Catalog Mirror (Superfan)
[01] Serial Blowerrrs - QUACKsutra Tzigane Hip Hop Fusion Indie LOFI,open,Yes,moostayl🦻🏼,open,ya30,profile,8,8,44,0,0,2025-11-22,2026-06-20,2026-07-11,Niche/Emerging Curator
[07] Serial Blowerrrs - QUACKsutra Hide you Banjo Country Bluegrass FOLK,open,No,bananasutra,open,Fred Anderson,profile,1,445,1526,1,0,2026-07-08,2026-07-08,2026-07-11,Catalog Mirror (Superfan)
[06] Serial Blowerrrs - QUACKsutra IBYN post-punk rock BURLESQUE,open,No,bananasutra,open,Fred Anderson,profile,1,445,1526,1,0,2026-07-08,2026-07-08,2026-07-11,Catalog Mirror (Superfan)
[05] Serial Blowerrrs - QUACKsutra pbgal post-punk rock BURLESQUE,open,No,bananasutra,open,Fred Anderson,profile,1,445,1526,1,0,2026-07-08,2026-07-08,2026-07-11,Catalog Mirror (Superfan)
[04] Serial Blowerrrs - QUACKsutra IBYN post-punk rock BURLESQUE,open,No,bananasutra,open,Fred Anderson,profile,1,445,1526,1,0,2026-07-08,2026-07-08,2026-07-11,Catalog Mirror (Superfan)
[08] Seven Sutras Gone Bananas • SHOWsutra Psychedelick Indie Cello Fusion BURLESQUE,open,Yes,So Tar,open,r1talina,profile,46,11,54,0,0,2026-01-28,2026-06-23,2026-07-11,Niche/Emerging Curator
[08] Seven Sutras Gone Bananas • SHOWsutra Psychedelick Indie Cello Fusion BURLESQUE,open,Yes,Untitled playlist,open,LiLi,profile,6,1,4,0,0,2026-06-21,2026-06-21,2026-07-11,Niche/Emerging Curator
[03] Seven Sutras Gone Bananas • SHOWsutra Psychedelick Gipsy Trip Hop Jazz Fusion LOFI,open,Yes,new chill relax,open,hosssi,profile,2,31,134,0,0,2026-07-04,2026-07-10,2026-07-11,Mid-size Playlist
[09] Seven Sutras Gone Bananas • SHOWsutra Psychedelick Indie Cello Fusion BURLESQUE,open,Yes,Untitled playlist,open,Simona Spi,profile,14,5,18,0,0,2025-12-10,2026-07-02,2026-07-11,Niche/Emerging Curator
[01] Seven Sutras Gone Bananas • SHOWsutra Psychedelick Burlesque Cello Fusion Jazz DUB,open,Yes,antigas,open,Deby Vitória,profile,1,8,47,0,0,2026-04-07,2026-07-07,2026-07-11,Niche/Emerging Curator
[01] Seven Sutras Gone Bananas • SHOWsutra Psychedelick Burlesque Cello Fusion Jazz DUB,open,Yes,Wahlahi,open,El,profile,0,1,3,0,0,2026-07-06,2026-07-06,2026-07-11,Niche/Emerging Curator
[01] Seven Sutras Gone Bananas • SHOWsutra Psychedelick Burlesque Cello Fusion Jazz DUB,open,Yes,Bangers,open,Eskii,profile,4,458,1691,0,1,2026-01-16,2026-07-10,2026-07-11,Generic Dump (low signal)
[01] Seven Sutras Gone Bananas • SHOWsutra Psychedelick Burlesque Cello Fusion Jazz DUB,open,Yes,Zeich3n Action,open,Julia Đinh,profile,6,37,134,0,0,2026-06-11,2026-06-23,2026-07-11,Mid-size Playlist
[01] Seven Sutras Gone Bananas • SHOWsutra Psychedelick Burlesque Cello Fusion Jazz DUB,open,Yes,Reggae,open,Exposed Talent,profile,0,31,110,0,0,2026-06-09,2026-07-02,2026-07-11,Mid-size Playlist
[04] Please Pardon My French • SHOWsutra (Be The Fool) Avant-Garde Accordion Jazz Cabaret BURLESQUE,open,Yes,Zeich3n Action,open,Julia Đinh,profile,6,37,134,0,0,2026-06-11,2026-06-23,2026-07-11,Mid-size Playlist
[12] Please Pardon My French • SHOWsutra (Be The Fool) Cello Hip Indie Jazz LOFI,open,No,Chill Summer In style,open,Andrea Schertenleib,profile,0,1,3,0,0,2026-06-17,2026-06-17,2026-07-11,Niche/Emerging Curator
[01] Please Pardon My French • SHOWsutra (Be The Fool) Psychedelick Motorik Accordion Rock BURLESQUE,open,Yes,Miki Matsubara,open,XJAVROS,profile,58,37,151,1,0,2026-06-14,2026-06-20,2026-07-11,Mid-size Playlist
[10] Please Pardon My French • SHOWsutra (Be The Fool) Psychedelick Cello Bass LoFi JAZZ,open,Yes,Favs,open,decezanne,profile,0,6,18,0,0,2025-02-05,2026-07-01,2026-07-11,Niche/Emerging Curator
[10] Please Pardon My French • SHOWsutra (Be The Fool) Psychedelick Cello Bass LoFi JAZZ,open,Yes,jazz,open,lashan zeca,profile,0,4,13,0,0,2026-06-20,2026-06-20,2026-07-11,Niche/Emerging Curator
[11] Please Pardon My French • SHOWsutra (Be The Fool) Avant-Garde Accordion Burlesque Bass Jazz LOFI,open,Yes,Zeich3n Action,open,Julia Đinh,profile,6,37,134,0,0,2026-06-11,2026-06-23,2026-07-11,Mid-size Playlist
[09] Please Pardon My French • SHOWsutra (Be The Fool) Ethically Gipsy Accordion Piano Burlesque JAZZ,open,Yes,french music,open,ichanpomsyda03,profile,1,75,236,0,0,2026-07-01,2026-07-01,2026-07-11,Mid-size Playlist
[06] Please Pardon My French • SHOWsutra (Be The Fool) Avant-Garde Accordion Cello Chanson BURLESQUE,open,No,imo,open,Imo Sozan,profile,0,39,234,0,0,2026-04-13,2026-07-03,2026-07-11,Mid-size Playlist
[06] Please Pardon My French • SHOWsutra (Be The Fool) Avant-Garde Accordion Cello Chanson BURLESQUE,open,No,waltz,open,shiva beiranvand,profile,18,1,3,0,0,2026-06-17,2026-06-17,2026-07-11,Niche/Emerging Curator
[02] Please Pardon My French • SHOWsutra (Be The Fool) Psychedelick Accordion Cello BURLESQUE,open,Yes,Cant Decide (3)😅,open,Mv5TaFa,profile,31,498,1207,0,0,2026-06-14,2026-07-10,2026-07-11,Generic Dump (low signal)
[04] Radio Static • QUACKsutra (FOTUS Circus) Burlesque Piano Cello Bass INDIE,open,Yes,😈🤙🏽(2),open,جوهر,profile,2,286,1258,0,0,2024-06-30,2026-07-08,2026-07-11,Generic Dump (low signal)
[04] Radio Static • QUACKsutra (FOTUS Circus) Burlesque Piano Cello Bass INDIE,open,Yes,Zeich3n Action,open,Julia Đinh,profile,6,37,134,0,0,2026-06-11,2026-06-23,2026-07-11,Mid-size Playlist
[04] Radio Static • QUACKsutra (FOTUS Circus) Burlesque Piano Cello Bass INDIE,open,Yes,Relax Jazz,open,moshtagh horr,profile,2,23,87,0,0,2026-02-01,2026-06-19,2026-07-11,Niche/Emerging Curator
[04] Radio Static • QUACKsutra (FOTUS Circus) Burlesque Piano Cello Bass INDIE,open,Yes,BUSSSSSS🙀🙂‍↔️,open,User 806348404,profile,0,82,440,0,0,2025-06-06,2026-07-03,2026-07-11,Mid-size Playlist
[05] Broken Whole (Encore) • GROWsutra Psychedelick Destiny Banjo BLUES,open,No,sadgirls,open,Tungi,profile,15,28,134,0,0,2021-06-19,2026-06-03,2026-07-11,Niche/Emerging Curator (Repeat)
[06] Broken Whole (Encore) • GROWsutra Psychedelick Destiny Banjo BLUES,open,Yes,#2🤍,open,𝐋eilani 𝐕𝐞𝐚 🇹🇴✊🏼,profile,3,241,926,0,0,2025-08-04,2026-07-09,2026-07-11,Generic Dump (low signal)
[06] Broken Whole (Encore) • GROWsutra Psychedelick Destiny Banjo BLUES,open,Yes,Chill,open,AmirShin,profile,13,101,532,1,0,2022-10-06,2026-06-14,2026-07-11,Mid-size Playlist
[14] Broken Whole (Encore) • GROWsutra Psychedelick Poetry Bridges the DUB,open,Yes,chillout,open,Stark,profile,1,4,105,0,0,2026-06-13,2026-06-13,2026-07-11,Niche/Emerging Curator
[14] Broken Whole (Encore) • GROWsutra Psychedelick Poetry Bridges the DUB,open,Yes,моё,open,Vittaya Kaewket,profile,0,141,616,0,0,2026-04-11,2026-06-27,2026-07-11,Mid-size Playlist
[12] Broken Whole (Encore) • GROWsutra Psychedelick Poetry Bridges the DUB,open,Yes,Dub Chantant,open,user516236772,profile,0,5,16,0,0,2026-06-16,2026-07-03,2026-07-11,Niche/Emerging Curator
[12] Broken Whole (Encore) • GROWsutra Psychedelick Poetry Bridges the DUB,open,Yes,Clara super mare stella oritur.,open,Heinrich Khunrath,profile,46,332,1715,0,0,2026-06-18,2026-07-05,2026-07-11,Generic Dump (low signal)
[12] Broken Whole (Encore) • GROWsutra Psychedelick Poetry Bridges the DUB,open,Yes,SLAPPAJZ EQ,open,Justin Barcarse,profile,11,44,158,0,0,2026-04-04,2026-06-15,2026-07-11,Mid-size Playlist
[12] Broken Whole (Encore) • GROWsutra Psychedelick Poetry Bridges the DUB,open,Yes,vibe,open,Sai Lyn Tither,profile,3,9,36,0,0,2026-06-02,2026-07-10,2026-07-11,Niche/Emerging Curator (Repeat)
[12] Broken Whole (Encore) • GROWsutra Psychedelick Poetry Bridges the DUB,open,Yes,vibe,open,Sai Lyn Tither,profile,3,14,87,0,0,2026-06-02,2026-07-02,2026-07-11,Niche/Emerging Curator (Repeat)
[07] Broken Whole (Encore) • GROWsutra Kindness Is In The Depth Bluesy Banjo FOLK,open,No,Folk,open,Betsy Mills-Jones,profile,0,56,221,0,0,2026-06-07,2026-07-02,2026-07-11,Mid-size Playlist
[02] Broken Whole (Encore) • GROWsutra Psychedelick Destiny Banjo BLUES,open,Yes,😳,open,The Artist “Bravo”,profile,26,68,350,0,0,2017-11-28,2026-06-22,2026-07-11,Mid-size Playlist
[02] Broken Whole (Encore) • GROWsutra Psychedelick Destiny Banjo BLUES,open,Yes,Early Spring,open,MB001,profile,2,45,161,0,0,2026-06-12,2026-07-08,2026-07-11,Mid-size Playlist
[02] Broken Whole (Encore) • GROWsutra Psychedelick Destiny Banjo BLUES,open,Yes,سولار,open,shaghayegh,profile,3,16,98,0,0,2026-05-31,2026-06-23,2026-07-11,Niche/Emerging Curator
[02] Broken Whole (Encore) • GROWsutra Psychedelick Destiny Banjo BLUES,open,Yes,💤🏧Ⓜ️🛜🛅💤💠Get Swifftyy💠😶‍🌫️😤🈂️💙♿️🚾🛃🛂,open,BurntToast45,profile,1,162,523,0,0,2026-05-04,2026-07-09,2026-07-11,Mid-size Playlist
[02] Broken Whole (Encore) • GROWsutra Psychedelick Destiny Banjo BLUES,open,Yes,sadgirls,open,Tungi,profile,15,28,134,0,0,2021-06-19,2026-06-03,2026-07-11,Niche/Emerging Curator (Repeat)
[04] Broken Whole (Encore) • GROWsutra Psychedelick Destiny Banjo BLUES,open,Yes,GirlsRaggae,open,Tungi,profile,15,22,93,0,0,2023-11-02,2026-06-04,2026-07-11,Niche/Emerging Curator (Repeat)
[04] Broken Whole (Encore) • GROWsutra Psychedelick Destiny Banjo BLUES,open,Yes,Relax,open,Mostafa Mohsen 18,profile,25,100,413,0,0,2023-03-20,2026-06-24,2026-07-11,Mid-size Playlist
[01] Broken Whole (Encore) • GROWsutra Psychedelick Destiny Banjo BLUES,open,Yes,Shop Musik,open,Jan Simon Nisius,profile,11,41,135,0,0,2025-09-06,2026-07-06,2026-07-11,Mid-size Playlist (Repeat)
[01] Broken Whole (Encore) • GROWsutra Psychedelick Destiny Banjo BLUES,open,Yes,BananaSutra,open,VicDnB,profile,21,9,35,1,0,2026-06-21,2026-07-04,2026-07-11,Niche/Emerging Curator (Repeat)
[01] Broken Whole (Encore) • GROWsutra Psychedelick Destiny Banjo BLUES,open,Yes,stochastic algorithm,open,Qoalla Diop,profile,4,15,71,0,0,2026-03-29,2026-06-11,2026-07-11,Niche/Emerging Curator (Repeat)
[01] Broken Whole (Encore) • GROWsutra Psychedelick Destiny Banjo BLUES,open,Yes,Soul,open,Marie,profile,1,7,20,0,0,2026-06-11,2026-06-11,2026-07-11,Niche/Emerging Curator
[01] Broken Whole (Encore) • GROWsutra Psychedelick Destiny Banjo BLUES,open,Yes,جدید,open,mohammad nosrati,profile,14,58,428,0,0,2026-05-03,2026-06-22,2026-07-11,Mid-size Playlist
[01] Broken Whole (Encore) • GROWsutra Psychedelick Destiny Banjo BLUES,open,Yes,xxtra,open,Dalin Monestable,profile,1,280,1120,1,0,2015-05-09,2026-06-16,2026-07-11,Generic Dump (low signal)
[09] Broken Whole (Encore) • GROWsutra Queen of Authentic Dubby Banjo FOLK,open,Yes,Summer vibes🌞🏝,open,einfoch.nur.celina,profile,1,24,70,0,0,2026-06-02,2026-07-07,2026-07-11,Niche/Emerging Curator
[09] Broken Whole (Encore) • GROWsutra Queen of Authentic Dubby Banjo FOLK,open,Yes,erotic 27,open,tobiedelstein,profile,7,33,144,1,0,2025-11-25,2026-06-26,2026-07-11,Mid-size Playlist
[09] Broken Whole (Encore) • GROWsutra Queen of Authentic Dubby Banjo FOLK,open,Yes,Brindis Mix,open,Jorge Segura 21,profile,5,2,49,0,0,2026-04-08,2026-06-08,2026-07-11,Niche/Emerging Curator
[09] Broken Whole (Encore) • GROWsutra Queen of Authentic Dubby Banjo FOLK,open,Yes,😝 Reggae 👽,open,☆ Tchy ☆,profile,1,33,138,0,0,2026-06-01,2026-06-20,2026-07-11,Mid-size Playlist
[06] The Courage To Care • GROWsutra Dare To Be Kind & Conscious Cinematic LOFI,open,No,Bananasutra,open,Andrew Dobrew,profile,0,17,63,1,0,2026-04-21,2026-05-29,2026-07-11,Niche/Emerging Curator
[01] The Courage To Care • GROWsutra Dare To Be Kind & Conscious Gipsy Fusion LOFI,open,Yes,BananaSutra,open,VicDnB,profile,21,9,35,1,0,2026-06-21,2026-07-04,2026-07-11,Niche/Emerging Curator (Repeat)
[01] The Courage To Care • GROWsutra Dare To Be Kind & Conscious Gipsy Fusion LOFI,open,Yes,MAIN,open,sl dubs,profile,173,405,1509,1,0,2025-06-11,2026-07-10,2026-07-11,Generic Dump (low signal)
[04] The Courage To Care • GROWsutra Dare To Be Kind & Conscious Cinematic LOFI,open,No,Bananasutra,open,Andrew Dobrew,profile,0,17,63,1,0,2026-04-21,2026-05-29,2026-07-11,Niche/Emerging Curator
[04] The Courage To Care • GROWsutra Dare To Be Kind & Conscious Cinematic LOFI,open,No,top kh,open,Mohammad Shahh,profile,3,8,34,0,0,2026-05-24,2026-05-27,2026-07-11,Niche/Emerging Curator
[02] Camus Dit Oui • French GROWsutra Tango Accordion Jazz BURLESQUE,open,Yes,"Cafe Beats,Lo Fi Jazz Mix 2🎺❤️",open,Gabor Galactic,profile,40,230,892,0,0,2026-03-02,2026-07-05,2026-07-11,Generic Dump (low signal)
[01] Camus Dit Oui • French GROWsutra Tango Accordion Psychedelia BURLESQUE,open,Yes,Zeich3n Action,open,Julia Đinh,profile,6,37,134,0,0,2026-06-11,2026-06-23,2026-07-11,Mid-size Playlist
[01] Camus Dit Oui • French GROWsutra Tango Accordion Psychedelia BURLESQUE,open,Yes,"Cafe Beats,Lo Fi Jazz Mix 2🎺❤️",open,Gabor Galactic,profile,40,230,892,0,0,2026-03-02,2026-07-05,2026-07-11,Generic Dump (low signal)
[12] Camus Dit Oui • French GROWsutra Poetry Bridges the DUB,open,Yes,🥰,open,yei,profile,2,15,60,0,0,2026-06-04,2026-06-09,2026-07-11,Niche/Emerging Curator
[12] Camus Dit Oui • French GROWsutra Poetry Bridges the DUB,open,Yes,Mood ✨,open,Meredith Vrsm,profile,0,2,8,0,0,2026-05-31,2026-06-08,2026-07-11,Niche/Emerging Curator
[12] Camus Dit Oui • French GROWsutra Poetry Bridges the DUB,open,Yes,Honey Heartbeat,open,Miiko,profile,0,17,62,0,0,2026-05-13,2026-07-01,2026-07-11,Niche/Emerging Curator
[12] Camus Dit Oui • French GROWsutra Poetry Bridges the DUB,open,Yes,Sahaja fluid movement,open,St. Francis 🐦🌿 🕊️✨🦌 🌎 🔥❤️‍🔥,profile,3,22,129,0,0,2026-05-12,2026-07-09,2026-07-11,Niche/Emerging Curator
[12] Camus Dit Oui • French GROWsutra Poetry Bridges the DUB,open,Yes,Island,open,dopeitsfredo,profile,6,8,29,0,0,2026-05-07,2026-06-02,2026-07-11,Niche/Emerging Curator
[08] Camus Dit Oui • FLOWsutra (Fly Like Water) Acoustic French Trip Hop Piano Jazz LOFI,open,Yes,Untitled playlist,open,Corban Walker,profile,1,221,1093,0,0,2026-04-16,2026-07-05,2026-07-11,Generic Dump (low signal)
[08] Camus Dit Oui • FLOWsutra (Fly Like Water) Acoustic French Trip Hop Piano Jazz LOFI,open,Yes,Oldies,open,Corban Walker,profile,1,143,588,0,0,2026-06-01,2026-06-14,2026-07-11,Mid-size Playlist (Repeat)
[08] Camus Dit Oui • FLOWsutra (Fly Like Water) Acoustic French Trip Hop Piano Jazz LOFI,open,Yes,chilling,open,1200bxl,profile,1,40,144,1,0,2026-05-21,2026-05-31,2026-07-11,Mid-size Playlist
[08] Camus Dit Oui • FLOWsutra (Fly Like Water) Acoustic French Trip Hop Piano Jazz LOFI,open,Yes,洒落,open,高田誠哉,profile,0,3,9,0,0,2026-05-22,2026-06-04,2026-07-11,Niche/Emerging Curator (Repeat)
[08] Camus Dit Oui • FLOWsutra (Fly Like Water) Acoustic French Trip Hop Piano Jazz LOFI,open,Yes,Copy of [08] Camus Dit Oui • FLOWsutra (Fly Like Water) Acoustic French Trip Hop Piano Jazz LOFI,open,Shams eldeen,profile,0,49,179,0,0,2026-05-21,2026-05-21,2026-07-11,Mid-size Playlist
[10] Camus Dit Oui • FLOWsutra (Fly Like Water) Acoustic French Trip Hop Jazz LOFI,open,Yes,Untitled playlist,open,Dalal,profile,0,1,3,0,0,2026-07-07,2026-07-07,2026-07-11,Niche/Emerging Curator
[10] Camus Dit Oui • FLOWsutra (Fly Like Water) Acoustic French Trip Hop Jazz LOFI,open,Yes,Kafe,open,Amir Jfrii,profile,8,36,236,0,0,2025-08-18,2026-07-08,2026-07-11,Mid-size Playlist
[10] Camus Dit Oui • FLOWsutra (Fly Like Water) Acoustic French Trip Hop Jazz LOFI,open,Yes,"Black, R&B and Soul",open,Danilo Stoppa,profile,27,39,217,0,0,2014-04-09,2026-06-10,2026-07-11,Mid-size Playlist
[10] Camus Dit Oui • FLOWsutra (Fly Like Water) Acoustic French Trip Hop Jazz LOFI,open,Yes,Stretching music,open,Farzam Bahrambic,profile,30,41,192,3,0,2020-05-30,2026-05-28,2026-07-11,Mid-size Playlist
[10] Camus Dit Oui • FLOWsutra (Fly Like Water) Acoustic French Trip Hop Jazz LOFI,open,Yes,Jazz,open,Oliver 🏄🏾‍♂️,profile,8,2,177,0,0,2026-05-27,2026-05-27,2026-07-11,Niche/Emerging Curator
[10] Camus Dit Oui • FLOWsutra (Fly Like Water) Acoustic French Trip Hop Jazz LOFI,open,Yes,Soais,open,guilherme cavalcanti,profile,0,3,9,0,0,2026-05-26,2026-07-08,2026-07-11,Niche/Emerging Curator
[13] Camus Dit Oui • FLOWsutra (Fly Like Water) French Poetry Bridges the DUB,open,Yes,Wiesen,open,Josef,profile,173,400,1492,0,0,2024-07-04,2026-07-08,2026-07-11,Generic Dump (low signal)
[13] Camus Dit Oui • FLOWsutra (Fly Like Water) French Poetry Bridges the DUB,open,Yes,Love,open,Joachim Malczewski,profile,1,16,64,0,0,2026-05-29,2026-07-08,2026-07-11,Niche/Emerging Curator
[13] Camus Dit Oui • FLOWsutra (Fly Like Water) French Poetry Bridges the DUB,open,Yes,GirlsRaggae,open,Tungi,profile,15,22,93,0,0,2023-11-02,2026-06-04,2026-07-11,Niche/Emerging Curator (Repeat)
[13] Camus Dit Oui • FLOWsutra (Fly Like Water) French Poetry Bridges the DUB,open,Yes,sadgirls,open,Tungi,profile,15,28,134,0,0,2021-06-19,2026-06-03,2026-07-11,Niche/Emerging Curator (Repeat)
[13] Camus Dit Oui • FLOWsutra (Fly Like Water) French Poetry Bridges the DUB,open,Yes,"reggae, dub",open,B.one,profile,44,320,1265,5,0,2020-03-22,2026-06-19,2026-07-11,Generic Dump (low signal)
[07] Camus Dit Oui • French GROWsutra Acoustic Trip Hop LOFI,open,Yes,club,open,Lungu Oana,profile,2,156,873,2,0,2016-09-02,2026-07-07,2026-07-11,Mid-size Playlist
[07] Camus Dit Oui • French GROWsutra Acoustic Trip Hop LOFI,open,Yes,English,open,Ramy Eilia,profile,11,136,471,2,0,2020-08-19,2026-07-03,2026-07-11,Mid-size Playlist
[07] Camus Dit Oui • French GROWsutra Acoustic Trip Hop LOFI,open,Yes,Blue Eyes music,open,Blueeyes Moa,profile,0,11,42,0,0,2026-06-08,2026-07-09,2026-07-11,Niche/Emerging Curator
[07] Camus Dit Oui • French GROWsutra Acoustic Trip Hop LOFI,open,Yes,"Cafe Beats,Lo Fi Jazz Mix 2🎺❤️",open,Gabor Galactic,profile,40,230,892,0,0,2026-03-02,2026-07-05,2026-07-11,Generic Dump (low signal)
[04] Camus Dit Oui • French GROWsutra Ethically Gipsy Burlesque Accordion Indie JAZZ,open,Yes,french music,open,ichanpomsyda03,profile,1,75,236,0,0,2026-07-01,2026-07-01,2026-07-11,Mid-size Playlist
[04] Camus Dit Oui • French GROWsutra Ethically Gipsy Burlesque Accordion Indie JAZZ,open,Yes,New 2quick1slow,open,simon haim Hazan,profile,1,32,130,0,0,2026-06-04,2026-06-17,2026-07-11,Mid-size Playlist
[04] Camus Dit Oui • French GROWsutra Ethically Gipsy Burlesque Accordion Indie JAZZ,open,Yes,me,open,Mehrdad Hashemi,profile,1,26,195,0,0,2026-02-11,2026-07-06,2026-07-11,Niche/Emerging Curator
[04] Camus Dit Oui • French GROWsutra Ethically Gipsy Burlesque Accordion Indie JAZZ,open,Yes,"Cafe Beats,Lo Fi Jazz Mix 2🎺❤️",open,Gabor Galactic,profile,40,230,892,0,0,2026-03-02,2026-07-05,2026-07-11,Generic Dump (low signal)
[06] Camus Dit Oui • FLOWsutra (Fly Like Water) Acoustic French Trip Hop Jazz LOFI,open,Yes,CLSS,open,EB,profile,1,24,86,0,0,2024-08-31,2026-06-16,2026-07-11,Niche/Emerging Curator
[08] Grateful For The Weird • GLOWsutra Psychedelic Gipsy Hip Hip Hop LOFI,open,No,Mixtecas - 12,open,DJ PRESS PLAY,profile,70,335,1341,0,0,2026-01-27,2026-05-28,2026-07-11,Generic Dump (low signal)
[06] Grateful For The Weird • GLOWsutra Minimal Acoustic Gipsy Techno Flamenco WORLD,open,Yes,Yo,open,Ryan Badebah,profile,0,9,453,0,0,2026-05-21,2026-05-23,2026-07-11,Niche/Emerging Curator
[07] Grateful For The Weird • GLOWsutra Psychedelic Gipsy Hip Hip Hop LOFI,open,Yes,Rala Super Moda,open,Saladino Safari,profile,0,262,1762,2,0,2025-04-12,2026-07-10,2026-07-11,Generic Dump (low signal)
[07] Grateful For The Weird • GLOWsutra Psychedelic Gipsy Hip Hip Hop LOFI,open,Yes,no distance,open,Navid Fz,profile,6,174,591,1,0,2024-09-21,2026-07-06,2026-07-11,Mid-size Playlist
[07] Grateful For The Weird • GLOWsutra Psychedelic Gipsy Hip Hip Hop LOFI,open,Yes,Yamashita Tatsuro,open,Li Pei-ching,profile,1,17,79,0,0,2026-05-29,2026-06-01,2026-07-11,Niche/Emerging Curator
[07] Grateful For The Weird • GLOWsutra Psychedelic Gipsy Hip Hip Hop LOFI,open,Yes,Merci,open,user181244494,profile,1,147,660,0,0,2015-07-05,2026-06-15,2026-07-11,Mid-size Playlist
[09] Grateful For The Weird • GLOWsutra Psychedelic Oh My Oh Why Cello INDIE,open,Yes,posée2,open,Stan Krizan,profile,23,235,1060,0,0,2024-10-03,2026-07-10,2026-07-11,Generic Dump (low signal)
"[02] No, I'm Not Being Political • BLOWsutra Psychedelic Folk Poetry Bridges the DUB",open,Yes,bananasutra,open,Fred Anderson,profile,1,445,1526,1,0,2026-07-08,2026-07-08,2026-07-11,Catalog Mirror (Superfan)
"[02] No, I'm Not Being Political • BLOWsutra Psychedelic Folk Poetry Bridges the DUB",open,Yes,Revo,open,Josef,profile,173,157,827,0,0,2022-05-21,2026-07-08,2026-07-11,Mid-size Playlist (Repeat)
"[02] No, I'm Not Being Political • BLOWsutra Psychedelic Folk Poetry Bridges the DUB",open,Yes,Rela x time,open,Steban tosta,profile,41,69,1587,0,0,2026-05-29,2026-05-29,2026-07-11,Mid-size Playlist
"[02] No, I'm Not Being Political • BLOWsutra Psychedelic Folk Poetry Bridges the DUB",open,Yes,Untitled Playlist,open,Saharamani.official,profile,0,1,5,0,0,2026-05-14,2026-05-14,2026-07-11,Niche/Emerging Curator
"[02] No, I'm Not Being Political • BLOWsutra Psychedelic Folk Poetry Bridges the DUB",open,Yes,🎸,open,intisam,profile,0,9,28,0,0,2026-05-13,2026-06-01,2026-07-11,Niche/Emerging Curator
"[02] No, I'm Not Being Political • BLOWsutra Psychedelic Folk Poetry Bridges the DUB",open,Yes,Ballert,open,Yuma,profile,0,11,43,0,0,2026-05-12,2026-05-13,2026-07-11,Niche/Emerging Curator
"[02] No, I'm Not Being Political • BLOWsutra Psychedelic Folk Poetry Bridges the DUB",open,Yes,Aya 2026,open,Aya Nabil,profile,0,29,130,0,0,2026-05-10,2026-05-21,2026-07-11,Niche/Emerging Curator
"[03] No, I'm Not Being Political • BLOWsutra Psychedelic Folk Poetry Bridges the DUB",open,Yes,bananasutra,open,Fred Anderson,profile,1,445,1526,1,0,2026-07-08,2026-07-08,2026-07-11,Catalog Mirror (Superfan)
"[03] No, I'm Not Being Political • BLOWsutra Psychedelic Folk Poetry Bridges the DUB",open,Yes,Bangers,open,Eskii,profile,4,458,1691,0,1,2026-01-16,2026-07-10,2026-07-11,Generic Dump (low signal)
"[03] No, I'm Not Being Political • BLOWsutra Psychedelic Folk Poetry Bridges the DUB",open,Yes,"rock, blues, pop, hip hop, soul...",open,B.one,profile,44,480,2036,44,1,2021-06-16,2026-07-02,2026-07-11,Generic Dump (low signal)
"[10] No, I'm Not Being Political • BLOWsutra Psychedelic Post-Punk PB Gal BURLESQUE",open,Yes,bananasutra,open,Fred Anderson,profile,1,445,1526,1,0,2026-07-08,2026-07-08,2026-07-11,Catalog Mirror (Superfan)
"[10] No, I'm Not Being Political • BLOWsutra Psychedelic Post-Punk PB Gal BURLESQUE",open,Yes,あ,open,滅滅GOD,profile,0,10,31,0,0,2026-05-26,2026-05-27,2026-07-11,Niche/Emerging Curator
"[10] No, I'm Not Being Political • BLOWsutra Psychedelic Post-Punk PB Gal BURLESQUE",open,Yes,my fav,open,Timothy Tammed,profile,80,2,8,0,0,2025-04-04,2026-05-14,2026-07-11,Priority Curator
"[01] No, I'm Not Being Political • BLOWsutra Psychedelic Folk Poetry Bridges the DUB",open,Yes,bananasutra,open,Fred Anderson,profile,1,445,1526,1,0,2026-07-08,2026-07-08,2026-07-11,Catalog Mirror (Superfan)
"[01] No, I'm Not Being Political • BLOWsutra Psychedelic Folk Poetry Bridges the DUB",open,Yes,BananaSutra,open,VicDnB,profile,21,9,35,1,0,2026-06-21,2026-07-04,2026-07-11,Niche/Emerging Curator (Repeat)
"[05] No, I'm Not Being Political • BLOWsutra Psychedelic Gipsy Circus Ragga DUB",open,Yes,bananasutra,open,Fred Anderson,profile,1,445,1526,1,0,2026-07-08,2026-07-08,2026-07-11,Catalog Mirror (Superfan)
"[05] No, I'm Not Being Political • BLOWsutra Psychedelic Gipsy Circus Ragga DUB",open,Yes,my cool list,open,karemme hammer,profile,29,36,133,0,0,2026-06-30,2026-06-30,2026-07-11,Mid-size Playlist
"[05] No, I'm Not Being Political • BLOWsutra Psychedelic Gipsy Circus Ragga DUB",open,Yes,BananaSutra,open,VicDnB,profile,21,9,35,1,0,2026-06-21,2026-07-04,2026-07-11,Niche/Emerging Curator (Repeat)
"[05] No, I'm Not Being Political • BLOWsutra Psychedelic Gipsy Circus Ragga DUB",open,Yes,Feral,open,VicDnB,profile,21,160,617,0,0,2024-08-31,2026-07-06,2026-07-11,Mid-size Playlist (Repeat)
"[05] No, I'm Not Being Political • BLOWsutra Psychedelic Gipsy Circus Ragga DUB",open,Yes,Circus Core,open,VicDnB,profile,21,45,154,0,0,2025-01-06,2026-06-20,2026-07-11,Mid-size Playlist (Repeat)
"[05] No, I'm Not Being Political • BLOWsutra Psychedelic Gipsy Circus Ragga DUB",open,Yes,Untitled Playlist,open,55cancri e Composition 💎,profile,14,44,191,0,0,2026-01-15,2026-07-06,2026-07-11,Mid-size Playlist (Repeat)
"[05] No, I'm Not Being Political • BLOWsutra Psychedelic Gipsy Circus Ragga DUB",open,Yes,"reggae, dub",open,B.one,profile,44,320,1265,5,0,2020-03-22,2026-06-19,2026-07-11,Generic Dump (low signal)
"[05] No, I'm Not Being Political • BLOWsutra Psychedelic Gipsy Circus Ragga DUB",open,Yes,hip hop 🎧,open,B.one,profile,44,175,704,0,0,2019-12-06,2026-05-31,2026-07-11,Mid-size Playlist (Repeat)
"[05] No, I'm Not Being Political • BLOWsutra Psychedelic Gipsy Circus Ragga DUB",open,Yes,"rock, blues, pop, hip hop, soul...",open,B.one,profile,44,480,2036,44,1,2021-06-16,2026-07-02,2026-07-11,Generic Dump (low signal)
"[09] No, I'm Not Being Political • BLOWsutra Hypnotick Psychedelick Motorick LOFI",open,No,bananasutra,open,Fred Anderson,profile,1,445,1526,1,0,2026-07-08,2026-07-08,2026-07-11,Catalog Mirror (Superfan)
"[07] No, I'm Not Being Political • BLOWsutra Psychedelic Gipsy Circus Ragga DUB",open,Yes,bananasutra,open,Fred Anderson,profile,1,445,1526,1,0,2026-07-08,2026-07-08,2026-07-11,Catalog Mirror (Superfan)
"[04] No, I'm Not Being Political • BLOWsutra Psychedelic Gipsy Circus Ragga DUB",open,No,bananasutra,open,Fred Anderson,profile,1,445,1526,1,0,2026-07-08,2026-07-08,2026-07-11,Catalog Mirror (Superfan)
"[04] No, I'm Not Being Political • BLOWsutra Psychedelic Gipsy Circus Ragga DUB",open,No,"reggae, dub",open,B.one,profile,44,320,1265,5,0,2020-03-22,2026-06-19,2026-07-11,Generic Dump (low signal)
"[06] No, I'm Not Being Political • BLOWsutra Psychedelic Gipsy Circus Ragga DUB",open,No,bananasutra,open,Fred Anderson,profile,1,445,1526,1,0,2026-07-08,2026-07-08,2026-07-11,Catalog Mirror (Superfan)
"[06] No, I'm Not Being Political • BLOWsutra Psychedelic Gipsy Circus Ragga DUB",open,No,instrumenal,open,Dj HARTERÜBERGANG Ak JogYBÄR,profile,37,124,989,0,0,2021-09-08,2026-07-06,2026-07-11,Mid-size Playlist
"[08] No, I'm Not Being Political • BLOWsutra Hypnotick Psychedelick Motorick LOFI",open,Yes,bananasutra,open,Fred Anderson,profile,1,445,1526,1,0,2026-07-08,2026-07-08,2026-07-11,Catalog Mirror (Superfan)
"[08] No, I'm Not Being Political • BLOWsutra Hypnotick Psychedelick Motorick LOFI",open,Yes,Tyreese's Mashup Vault (Private Collection),open,Tyreese,profile,363,72,223,2,0,2025-10-17,2026-07-03,2026-07-11,Mid-size Playlist
"[08] No, I'm Not Being Political • BLOWsutra Hypnotick Psychedelick Motorick LOFI",open,Yes,drum and bass new,open,Joshua McCann 4,profile,37,123,450,0,0,2024-01-13,2026-05-14,2026-07-11,Mid-size Playlist (Repeat)
[22] The Sound of Logic • KNOWsutra Psychedelick Bass Motorik INDIE,open,No,Popin,open,Laura L.,profile,8,48,331,0,0,2026-05-19,2026-07-07,2026-07-11,Mid-size Playlist
[22] The Sound of Logic • KNOWsutra Psychedelick Bass Motorik INDIE,open,No,positive songs,open,fery,profile,2,181,733,2,0,2026-05-03,2026-05-20,2026-07-11,Mid-size Playlist
[22] The Sound of Logic • KNOWsutra Psychedelick Bass Motorik INDIE,open,No,Affirmations Manifesting,open,Elijah Peppin,profile,11,92,294,5,0,2025-11-18,2026-07-07,2026-07-11,Mid-size Playlist
[24] The Sound Of Logic • KNOWsutra Psychedelick Bass Motorik INDIE,open,Yes,Untitled Playlist,open,55cancri e Composition 💎,profile,14,44,191,0,0,2026-01-15,2026-07-06,2026-07-11,Mid-size Playlist (Repeat)
[15] The Sound Of Logic • KNOWsutra Psychedelick Storyteller LoFi DUB,open,Yes,New discovery,open,MG,profile,28,15,62,0,0,2026-05-11,2026-05-19,2026-07-11,Niche/Emerging Curator
[19] The Sound Of Logic • KNOWsutra Psychedelick Storyteller Dub LOFI,open,Yes,Summer chill sound,open,cediirave,profile,146,87,2761,8,0,2024-04-18,2026-06-15,2026-07-11,Mid-size Playlist
[19] The Sound Of Logic • KNOWsutra Psychedelick Storyteller Dub LOFI,open,Yes,caballero Jaguar,open,Ben Gammaru,profile,0,39,186,1,0,2026-05-22,2026-05-22,2026-07-11,Mid-size Playlist
[19] The Sound Of Logic • KNOWsutra Psychedelick Storyteller Dub LOFI,open,Yes,Jah And Friends,open,Soundsaddles,profile,3,29,122,0,0,2026-05-22,2026-05-26,2026-07-11,Niche/Emerging Curator
[21] The Sound Of Logic • KNOWsutra Psychedelick Da-Da-Dee Motorik INDIE,open,Yes,Latin freestyle mix 2,open,User dj rockin robbe,profile,15,60,3394,0,0,2026-05-20,2026-05-26,2026-07-11,Mid-size Playlist
[21] The Sound Of Logic • KNOWsutra Psychedelick Da-Da-Dee Motorik INDIE,open,Yes,mio,open,Yazmin Acosta,profile,0,56,271,0,0,2025-04-10,2026-05-03,2026-07-11,Mid-size Playlist
[14] The Sound Of Logic • KNOWsutra Psychedelick Storyteller LoFi DUB,open,Yes,Untitled Playlist,open,55cancri e Composition 💎,profile,14,44,191,0,0,2026-01-15,2026-07-06,2026-07-11,Mid-size Playlist (Repeat)
[14] The Sound Of Logic • KNOWsutra Psychedelick Storyteller LoFi DUB,open,Yes,my Playlist,open,Jacinta Kapileo,profile,1,1,8,0,0,2026-04-22,2026-05-09,2026-07-11,Niche/Emerging Curator
[14] The Sound Of Logic • KNOWsutra Psychedelick Storyteller LoFi DUB,open,Yes,Afro-Tropical-Latin Dance,open,Jamin,profile,0,243,978,1,0,2025-11-01,2026-07-10,2026-07-11,Generic Dump (low signal)
[16] The Sound Of Logic • KNOWsutra Psychedelick Storyteller Dub LOFI,open,Yes,Latinas musicas,open,Josef,profile,173,94,657,0,0,2018-01-26,2026-07-08,2026-07-11,Mid-size Playlist (Repeat)
[16] The Sound Of Logic • KNOWsutra Psychedelick Storyteller Dub LOFI,open,Yes,all,open,Raoul Kaufmann,profile,0,8,251,0,0,2024-12-02,2026-06-22,2026-07-11,Niche/Emerging Curator
[16] The Sound Of Logic • KNOWsutra Psychedelick Storyteller Dub LOFI,open,Yes,Reggae Feel Me and this Kind Music,open,Lucami,profile,178,47,203,1,0,2026-06-06,2026-06-23,2026-07-11,Mid-size Playlist
[16] The Sound Of Logic • KNOWsutra Psychedelick Storyteller Dub LOFI,open,Yes,"rock, blues, pop, hip hop, soul...",open,B.one,profile,44,480,2036,44,1,2021-06-16,2026-07-02,2026-07-11,Generic Dump (low signal)
[16] The Sound Of Logic • KNOWsutra Psychedelick Storyteller Dub LOFI,open,Yes,hip hop 🎧,open,B.one,profile,44,175,704,0,0,2019-12-06,2026-05-31,2026-07-11,Mid-size Playlist (Repeat)
[16] The Sound Of Logic • KNOWsutra Psychedelick Storyteller Dub LOFI,open,Yes,Drinking,open,Eots,profile,0,236,898,0,0,2026-05-06,2026-06-18,2026-07-11,Generic Dump (low signal)
[16] The Sound Of Logic • KNOWsutra Psychedelick Storyteller Dub LOFI,open,Yes,sandeep,open,Sandeep Singh 218,profile,1,163,720,1,0,2014-11-23,2026-06-01,2026-07-11,Mid-size Playlist
[16] The Sound Of Logic • KNOWsutra Psychedelick Storyteller Dub LOFI,open,Yes,2026 Conscious Reggea,open,Coll Kc,profile,4,26,218,1,0,2026-05-12,2026-06-29,2026-07-11,Niche/Emerging Curator
[20] The Sound Of Logic • KNOWsutra Psychedelick Motorik INDIE,open,No,Pt2,open,Siobhan Mckinney,profile,1,80,331,0,0,2026-04-25,2026-07-10,2026-07-11,Mid-size Playlist
[05] The Sound Of Logic • KNOWsutra Psychedelick Flamenco Ragga DUB,open,No,Untitled Playlist,open,55cancri e Composition 💎,profile,14,44,191,0,0,2026-01-15,2026-07-06,2026-07-11,Mid-size Playlist (Repeat)
[02] The Sound Of Logic • KNOWsutra Psychedelick Hop Bruh LoFi DUB,open,Yes,Chillout (track),open,Felipe Vieira,profile,5,14,66,0,0,2026-03-26,2026-07-10,2026-07-11,Niche/Emerging Curator
[02] The Sound Of Logic • KNOWsutra Psychedelick Hop Bruh LoFi DUB,open,Yes,slow motion énergie,open,55cancri e Composition 💎,profile,14,140,585,1,0,2026-02-22,2026-06-28,2026-07-11,Mid-size Playlist (Repeat)
[02] The Sound Of Logic • KNOWsutra Psychedelick Hop Bruh LoFi DUB,open,Yes,Untitled Playlist,open,55cancri e Composition 💎,profile,14,44,191,0,0,2026-01-15,2026-07-06,2026-07-11,Mid-size Playlist (Repeat)
[02] The Sound Of Logic • KNOWsutra Psychedelick Hop Bruh LoFi DUB,open,Yes,caballero Jaguar,open,Ben Gammaru,profile,0,39,186,1,0,2026-05-22,2026-05-22,2026-07-11,Mid-size Playlist
[02] The Sound Of Logic • KNOWsutra Psychedelick Hop Bruh LoFi DUB,open,Yes,Raggae,open,Dylan Wallace,profile,0,2,8,0,0,2026-05-13,2026-05-15,2026-07-11,Niche/Emerging Curator
[02] The Sound Of Logic • KNOWsutra Psychedelick Hop Bruh LoFi DUB,open,Yes,Sky Chillin’,open,ANJOK,profile,6,32,141,1,0,2026-05-05,2026-06-02,2026-07-11,Mid-size Playlist (Repeat)
[02] The Sound Of Logic • KNOWsutra Psychedelick Hop Bruh LoFi DUB,open,Yes,Jaman,open,Sadza,profile,1,13,61,1,0,2026-05-02,2026-05-29,2026-07-11,Niche/Emerging Curator
[06] The Sound Of Logic • KNOWsutra Psychedelick Flamenco Ragga DUB,open,Yes,wonder 4,open,Wonder_aficionado,profile,18,141,1180,0,0,2025-07-05,2026-07-06,2026-07-11,Mid-size Playlist
[04] The Sound Of Logic • KNOWsutra Psychedelick Hop Bruh LoFi DUB,open,Yes,65,open,Josef,profile,173,58,232,1,0,2025-02-01,2026-07-08,2026-07-11,Mid-size Playlist (Repeat)
[04] The Sound Of Logic • KNOWsutra Psychedelick Hop Bruh LoFi DUB,open,Yes,Wiesen,open,Josef,profile,173,400,1492,0,0,2024-07-04,2026-07-08,2026-07-11,Generic Dump (low signal)
[04] The Sound Of Logic • KNOWsutra Psychedelick Hop Bruh LoFi DUB,open,Yes,I,open,Josef,profile,173,35,220,0,0,2018-10-18,2026-07-08,2026-07-11,Mid-size Playlist (Repeat)
[04] The Sound Of Logic • KNOWsutra Psychedelick Hop Bruh LoFi DUB,open,Yes,BananaSutra,open,VicDnB,profile,21,9,35,1,0,2026-06-21,2026-07-04,2026-07-11,Niche/Emerging Curator (Repeat)
[04] The Sound Of Logic • KNOWsutra Psychedelick Hop Bruh LoFi DUB,open,Yes,Circus Core,open,VicDnB,profile,21,45,154,0,0,2025-01-06,2026-06-20,2026-07-11,Mid-size Playlist (Repeat)
[04] The Sound Of Logic • KNOWsutra Psychedelick Hop Bruh LoFi DUB,open,Yes,2432,open,John White,profile,1,10,32,0,0,2026-04-10,2026-06-01,2026-07-11,Niche/Emerging Curator
[04] The Sound Of Logic • KNOWsutra Psychedelick Hop Bruh LoFi DUB,open,Yes,Gunk,open,@yefimenkomom,profile,3,24,116,0,0,2020-07-31,2026-05-21,2026-07-11,Niche/Emerging Curator
[04] The Sound Of Logic • KNOWsutra Psychedelick Hop Bruh LoFi DUB,open,Yes,Roses Reagge,open,"Anna ""Annizia Rose""",profile,3,21,69,0,0,2026-01-31,2026-07-03,2026-07-11,Niche/Emerging Curator
[04] The Sound Of Logic • KNOWsutra Psychedelick Hop Bruh LoFi DUB,open,Yes,Wifey,open,Obie,profile,7,46,203,0,0,2026-05-14,2026-07-09,2026-07-11,Mid-size Playlist
[07] The Sound Of Logic • KNOWsutra Psychedelick Ragga Circus DUB,open,No,slow motion énergie,open,55cancri e Composition 💎,profile,14,140,585,1,0,2026-02-22,2026-06-28,2026-07-11,Mid-size Playlist (Repeat)
[07] The Sound Of Logic • KNOWsutra Psychedelick Ragga Circus DUB,open,No,Untitled Playlist,open,55cancri e Composition 💎,profile,14,44,191,0,0,2026-01-15,2026-07-06,2026-07-11,Mid-size Playlist (Repeat)
[07] The Sound Of Logic • KNOWsutra Psychedelick Ragga Circus DUB,open,No,Gang,open,Àdewe Kan Jake,profile,1,9,39,0,0,2026-05-03,2026-05-26,2026-07-11,Niche/Emerging Curator
[01] The Sound Of Logic • KNOWsutra Psychedelick Hop Bruh LoFi DUB,open,Yes,Nana Su,open,Lincoln Scott,profile,0,5,19,1,0,2026-05-27,2026-06-15,2026-07-11,Niche/Emerging Curator (Repeat)
"[02] Win-Win After Midnight • FLOWsutra (Wet, My Friend) Southern Blues Banjo FOLK",open,Yes,Arabic English mix,open,Aboalazaim Maghraby,profile,1,4,64,0,0,2026-01-24,2026-05-15,2026-07-11,Niche/Emerging Curator
"[02] Win-Win After Midnight • FLOWsutra (Wet, My Friend) Southern Blues Banjo FOLK",open,Yes,etnoish,open,tg,profile,3,9,37,0,0,2026-05-06,2026-05-29,2026-07-11,Niche/Emerging Curator
"[04] Win-Win After Midnight • FLOWsutra (Wet, My Friend) Southern Jazz Banjo FOLK",open,Yes,reading playlist,open,Ahmad Al-Hafez,profile,11,28,111,0,0,2026-07-04,2026-07-08,2026-07-11,Niche/Emerging Curator
"[04] Win-Win After Midnight • FLOWsutra (Wet, My Friend) Southern Jazz Banjo FOLK",open,Yes,Old Soul Calm,open,arcane bipper,profile,13,13,42,0,0,2026-06-30,2026-07-06,2026-07-11,Niche/Emerging Curator
"[04] Win-Win After Midnight • FLOWsutra (Wet, My Friend) Southern Jazz Banjo FOLK",open,Yes,SPRING,open,djo sakrani,profile,50,8,27,0,0,2026-05-22,2026-06-28,2026-07-11,Priority Curator
"[04] Win-Win After Midnight • FLOWsutra (Wet, My Friend) Southern Jazz Banjo FOLK",open,Yes,Songs,open,Nanami_,profile,0,491,1843,0,0,2025-09-10,2026-07-07,2026-07-11,Generic Dump (low signal)
"[04] Win-Win After Midnight • FLOWsutra (Wet, My Friend) Southern Jazz Banjo FOLK",open,Yes,Monika,open,mstepinska@poczta.fm,profile,0,176,781,0,0,2022-01-30,2026-05-03,2026-07-11,Mid-size Playlist
"[04] Win-Win After Midnight • FLOWsutra (Wet, My Friend) Southern Jazz Banjo FOLK",open,Yes,playlist,open,Назар Антонюк (Nazariy),profile,0,62,266,1,0,2026-03-31,2026-04-30,2026-07-11,Mid-size Playlist
"[01] Win-Win After Midnight • FLOWsutra (Wet, My Friend) Tzigane LoFi Fusion JAZZ",open,Yes,Untitled Playlist,open,55cancri e Composition 💎,profile,14,44,191,0,0,2026-01-15,2026-07-06,2026-07-11,Mid-size Playlist (Repeat)
"[01] Win-Win After Midnight • FLOWsutra (Wet, My Friend) Tzigane LoFi Fusion JAZZ",open,Yes,"rock, blues, pop, hip hop, soul...",open,B.one,profile,44,480,2036,44,1,2021-06-16,2026-07-02,2026-07-11,Generic Dump (low signal)
"[01] Win-Win After Midnight • FLOWsutra (Wet, My Friend) Tzigane LoFi Fusion JAZZ",open,Yes,🍃🚬,open,ikons,profile,2,55,196,3,0,2023-09-12,2026-06-19,2026-07-11,Mid-size Playlist
"[01] Win-Win After Midnight • FLOWsutra (Wet, My Friend) Tzigane LoFi Fusion JAZZ",open,Yes,nicky jam Travesuras,open,george gutierrez 9,profile,5,138,648,11,0,2014-06-23,2026-05-28,2026-07-11,Mid-size Playlist
"[01] Win-Win After Midnight • FLOWsutra (Wet, My Friend) Tzigane LoFi Fusion JAZZ",open,Yes,goob vibes,open,Baaby Jheny,profile,0,13,59,0,0,2026-04-28,2026-05-12,2026-07-11,Niche/Emerging Curator
"[03] Lightly, My Darling • FLOWsutra Psychedelick Bluesy Banjo FOLK",open,Yes,"Cafe Beats,Lo Fi Jazz Mix 2🎺❤️",open,Gabor Galactic,profile,40,230,892,0,0,2026-03-02,2026-07-05,2026-07-11,Generic Dump (low signal)
"[03] Lightly, My Darling • FLOWsutra Psychedelick Bluesy Banjo FOLK",open,Yes,Normal,open,TomNorway🇳🇴,profile,5,97,359,2,0,2026-03-27,2026-05-12,2026-07-11,Mid-size Playlist (Repeat)
"[01] Lightly, My Darling • FLOWsutra Psychedelick Bluesy Banjo FOLK",open,No,Bananasutra,open,Andrew Dobrew,profile,0,17,63,1,0,2026-04-21,2026-05-29,2026-07-11,Niche/Emerging Curator
"[04] Lightly, My Darling • FLOWsutra Psychedelick Bluesy Banjo FOLK",open,Yes,sadgirls,open,Tungi,profile,15,28,134,0,0,2021-06-19,2026-06-03,2026-07-11,Niche/Emerging Curator (Repeat)
"[04] Lightly, My Darling • FLOWsutra Psychedelick Bluesy Banjo FOLK",open,Yes,Bananasutra,open,Andrew Dobrew,profile,0,17,63,1,0,2026-04-21,2026-05-29,2026-07-11,Niche/Emerging Curator
"[05] Lightly, My Darling • FLOWsutra Psychedelick Bluesy Banjo FOLK",open,Yes,Spiritual Godo,open,Josef,profile,173,79,476,0,0,2024-01-17,2026-07-08,2026-07-11,Mid-size Playlist (Repeat)
"[05] Lightly, My Darling • FLOWsutra Psychedelick Bluesy Banjo FOLK",open,Yes,CLUB,open,Josef,profile,173,32,209,0,0,2025-07-01,2026-07-08,2026-07-11,Mid-size Playlist (Repeat)
"[05] Lightly, My Darling • FLOWsutra Psychedelick Bluesy Banjo FOLK",open,Yes,"rock, blues, pop, hip hop, soul...",open,B.one,profile,44,480,2036,44,1,2021-06-16,2026-07-02,2026-07-11,Generic Dump (low signal)
"[05] Lightly, My Darling • FLOWsutra Psychedelick Bluesy Banjo FOLK",open,Yes,Normal,open,TomNorway🇳🇴,profile,5,97,359,2,0,2026-03-27,2026-05-12,2026-07-11,Mid-size Playlist (Repeat)
"[09] We're Tiny Specks, Right • BOWsutra (Cosmic Banana) Psychedelick Motorik INDIE",open,No,Shop Musik,open,Jan Simon Nisius,profile,11,41,135,0,0,2025-09-06,2026-07-06,2026-07-11,Mid-size Playlist (Repeat)
"[09] We're Tiny Specks, Right • BOWsutra (Cosmic Banana) Psychedelick Motorik INDIE",open,No,Feierabend Playlist,open,Jan Simon Nisius,profile,11,13,31,0,0,2026-06-24,2026-06-29,2026-07-11,Niche/Emerging Curator (Repeat)
"[07] We're Tiny Specks, Right • BOWsutra (Cosmic Banana) Psychedelick Acoustic DUB",open,Yes,RnB,open,Josef,profile,173,43,323,0,0,2022-09-12,2026-07-08,2026-07-11,Mid-size Playlist (Repeat)
"[07] We're Tiny Specks, Right • BOWsutra (Cosmic Banana) Psychedelick Acoustic DUB",open,Yes,Shop Musik,open,Jan Simon Nisius,profile,11,41,135,0,0,2025-09-06,2026-07-06,2026-07-11,Mid-size Playlist (Repeat)
"[07] We're Tiny Specks, Right • BOWsutra (Cosmic Banana) Psychedelick Acoustic DUB",open,Yes,Feierabend Playlist,open,Jan Simon Nisius,profile,11,13,31,0,0,2026-06-24,2026-06-29,2026-07-11,Niche/Emerging Curator (Repeat)
"[07] We're Tiny Specks, Right • BOWsutra (Cosmic Banana) Psychedelick Acoustic DUB",open,Yes,Chill,open,Adsmt,profile,1,73,411,0,0,2025-11-08,2026-07-09,2026-07-11,Mid-size Playlist (Repeat)
"[07] We're Tiny Specks, Right • BOWsutra (Cosmic Banana) Psychedelick Acoustic DUB",open,Yes,SuperChill,open,Adsmt,profile,1,28,110,0,0,2026-03-22,2026-07-09,2026-07-11,Niche/Emerging Curator (Repeat)
"[07] We're Tiny Specks, Right • BOWsutra (Cosmic Banana) Psychedelick Acoustic DUB",open,Yes,Copy of [08] Camus Dit Oui • FLOWsutra (Fly Like Water) Acoustic French Trip Hop Piano Jazz LOFI,open,Shams eldeen,profile,0,49,179,0,0,2026-05-21,2026-05-21,2026-07-11,Mid-size Playlist
"[07] We're Tiny Specks, Right • BOWsutra (Cosmic Banana) Psychedelick Acoustic DUB",open,Yes,cill 2026 home,open,Georgy Petrichenko,profile,14,4,15,1,0,2026-04-21,2026-05-14,2026-07-11,Niche/Emerging Curator
"[07] We're Tiny Specks, Right • BOWsutra (Cosmic Banana) Psychedelick Acoustic DUB",open,Yes,"New me, Old me 😁",open,canDo2(Original),profile,4,63,245,0,0,2026-02-25,2026-06-10,2026-07-11,Mid-size Playlist
"[07] We're Tiny Specks, Right • BOWsutra (Cosmic Banana) Psychedelick Acoustic DUB",open,Yes,pizza 🍕🍕🍕,open,Favier,profile,123,12,45,0,0,2026-04-05,2026-04-26,2026-07-11,Priority Curator
"[02] We're Tiny Specks, Right • BOWsutra (Cosmic Banana) Psychedelick Indie Hop Hop LOFI",open,No,Shop Musik,open,Jan Simon Nisius,profile,11,41,135,0,0,2025-09-06,2026-07-06,2026-07-11,Mid-size Playlist (Repeat)
"[02] We're Tiny Specks, Right • BOWsutra (Cosmic Banana) Psychedelick Indie Hop Hop LOFI",open,No,Feierabend Playlist,open,Jan Simon Nisius,profile,11,13,31,0,0,2026-06-24,2026-06-29,2026-07-11,Niche/Emerging Curator (Repeat)
"[02] We're Tiny Specks, Right • BOWsutra (Cosmic Banana) Psychedelick Indie Hop Hop LOFI",open,No,New Encounters,open,TrEnt Parker,profile,2,113,395,0,0,2026-01-31,2026-06-13,2026-07-11,Mid-size Playlist
"[10] We're Tiny Specks, Right • BOWsutra (Cosmic Banana) Psychedelick Motorik INDIE",open,Yes,Shop Musik,open,Jan Simon Nisius,profile,11,41,135,0,0,2025-09-06,2026-07-06,2026-07-11,Mid-size Playlist (Repeat)
"[10] We're Tiny Specks, Right • BOWsutra (Cosmic Banana) Psychedelick Motorik INDIE",open,Yes,Feierabend Playlist,open,Jan Simon Nisius,profile,11,13,31,0,0,2026-06-24,2026-06-29,2026-07-11,Niche/Emerging Curator (Repeat)
"[08] We're Tiny Specks, Right • BOWsutra (Cosmic Banana) Psychedelick Acoustic DUB",open,Yes,Wiesen,open,Josef,profile,173,400,1492,0,0,2024-07-04,2026-07-08,2026-07-11,Generic Dump (low signal)
"[08] We're Tiny Specks, Right • BOWsutra (Cosmic Banana) Psychedelick Acoustic DUB",open,Yes,Shop Musik,open,Jan Simon Nisius,profile,11,41,135,0,0,2025-09-06,2026-07-06,2026-07-11,Mid-size Playlist (Repeat)
"[08] We're Tiny Specks, Right • BOWsutra (Cosmic Banana) Psychedelick Acoustic DUB",open,Yes,Feierabend Playlist,open,Jan Simon Nisius,profile,11,13,31,0,0,2026-06-24,2026-06-29,2026-07-11,Niche/Emerging Curator (Repeat)
"[08] We're Tiny Specks, Right • BOWsutra (Cosmic Banana) Psychedelick Acoustic DUB",open,Yes,Nana Su,open,Lincoln Scott,profile,0,5,19,1,0,2026-05-27,2026-06-15,2026-07-11,Niche/Emerging Curator (Repeat)
"[08] We're Tiny Specks, Right • BOWsutra (Cosmic Banana) Psychedelick Acoustic DUB",open,Yes,Untitled Playlist,open,Ернар Кука,profile,0,51,180,0,0,2026-04-13,2026-04-13,2026-07-11,Mid-size Playlist
"[11] We're Tiny Specks, Right • BOWsutra (Cosmic Banana) Psychedelick Motorik INDIE",open,Yes,Shop Musik,open,Jan Simon Nisius,profile,11,41,135,0,0,2025-09-06,2026-07-06,2026-07-11,Mid-size Playlist (Repeat)
"[11] We're Tiny Specks, Right • BOWsutra (Cosmic Banana) Psychedelick Motorik INDIE",open,Yes,Feierabend Playlist,open,Jan Simon Nisius,profile,11,13,31,0,0,2026-06-24,2026-06-29,2026-07-11,Niche/Emerging Curator (Repeat)
"[11] We're Tiny Specks, Right • BOWsutra (Cosmic Banana) Psychedelick Motorik INDIE",open,Yes,REGGAE,open,sl dubs,profile,173,142,546,0,0,2025-11-18,2026-06-25,2026-07-11,Mid-size Playlist (Repeat)
"[11] We're Tiny Specks, Right • BOWsutra (Cosmic Banana) Psychedelick Motorik INDIE",open,Yes,Normal,open,TomNorway🇳🇴,profile,5,97,359,2,0,2026-03-27,2026-05-12,2026-07-11,Mid-size Playlist (Repeat)
"[11] We're Tiny Specks, Right • BOWsutra (Cosmic Banana) Psychedelick Motorik INDIE",open,Yes,BananaSutra,open,Raoulmusca,profile,0,7,21,1,0,2026-02-22,2026-05-22,2026-07-11,Niche/Emerging Curator
"[05] We're Tiny Specks, Right • BOWsutra (Cosmic Banana) Psychedelick Arabesk Hop Indie LOFI 2",open,No,Shop Musik,open,Jan Simon Nisius,profile,11,41,135,0,0,2025-09-06,2026-07-06,2026-07-11,Mid-size Playlist (Repeat)
"[05] We're Tiny Specks, Right • BOWsutra (Cosmic Banana) Psychedelick Arabesk Hop Indie LOFI 2",open,No,Feierabend Playlist,open,Jan Simon Nisius,profile,11,13,31,0,0,2026-06-24,2026-06-29,2026-07-11,Niche/Emerging Curator (Repeat)
"[06] We're Tiny Specks, Right • BOWsutra (Cosmic Banana) Psychedelick Indie Cello LOFI",open,Yes,Shop Musik,open,Jan Simon Nisius,profile,11,41,135,0,0,2025-09-06,2026-07-06,2026-07-11,Mid-size Playlist (Repeat)
"[06] We're Tiny Specks, Right • BOWsutra (Cosmic Banana) Psychedelick Indie Cello LOFI",open,Yes,Feierabend Playlist,open,Jan Simon Nisius,profile,11,13,31,0,0,2026-06-24,2026-06-29,2026-07-11,Niche/Emerging Curator (Repeat)
"[06] We're Tiny Specks, Right • BOWsutra (Cosmic Banana) Psychedelick Indie Cello LOFI",open,Yes,Vol. 4 New music,open,Skinney1,profile,36,370,1227,0,0,2024-10-30,2026-07-09,2026-07-11,Generic Dump (low signal)
"[06] We're Tiny Specks, Right • BOWsutra (Cosmic Banana) Psychedelick Indie Cello LOFI",open,Yes,espirro mt,open,Rodrigo jose de Moura,profile,0,50,437,0,0,2026-04-20,2026-04-28,2026-07-11,Mid-size Playlist
"[06] We're Tiny Specks, Right • BOWsutra (Cosmic Banana) Psychedelick Indie Cello LOFI",open,Yes,sundays 🌞,open,HBK,profile,16,34,133,0,0,2026-04-16,2026-05-15,2026-07-11,Mid-size Playlist
"[06] We're Tiny Specks, Right • BOWsutra (Cosmic Banana) Psychedelick Indie Cello LOFI",open,Yes,Life Isnt Real,open,trey fetzer,profile,2,37,141,0,0,2026-04-03,2026-05-24,2026-07-11,Mid-size Playlist
"[03] We're Tiny Specks, Right • BOWsutra (Cosmic Banana) Psychedelick Indie Hop Hop LOFI",open,Yes,Shop Musik,open,Jan Simon Nisius,profile,11,41,135,0,0,2025-09-06,2026-07-06,2026-07-11,Mid-size Playlist (Repeat)
"[03] We're Tiny Specks, Right • BOWsutra (Cosmic Banana) Psychedelick Indie Hop Hop LOFI",open,Yes,Feierabend Playlist,open,Jan Simon Nisius,profile,11,13,31,0,0,2026-06-24,2026-06-29,2026-07-11,Niche/Emerging Curator (Repeat)
"[03] We're Tiny Specks, Right • BOWsutra (Cosmic Banana) Psychedelick Indie Hop Hop LOFI",open,Yes,rnb hiphup jg,open,abytheone,profile,16,40,119,0,0,2026-05-13,2026-05-13,2026-07-11,Mid-size Playlist
"[03] We're Tiny Specks, Right • BOWsutra (Cosmic Banana) Psychedelick Indie Hop Hop LOFI",open,Yes,rapsyy,open,ellyeoss 🍉🍉🍉,profile,42,31,115,0,0,2025-04-19,2026-05-01,2026-07-11,Mid-size Playlist
"[03] We're Tiny Specks, Right • BOWsutra (Cosmic Banana) Psychedelick Indie Hop Hop LOFI",open,Yes,Normal,open,TomNorway🇳🇴,profile,5,97,359,2,0,2026-03-27,2026-05-12,2026-07-11,Mid-size Playlist (Repeat)
"[03] We're Tiny Specks, Right • BOWsutra (Cosmic Banana) Psychedelick Indie Hop Hop LOFI",open,Yes,R&B HIPHOP VOL4,open,FUSE,profile,37,39,116,1,0,2026-04-11,2026-06-26,2026-07-11,Mid-size Playlist
"[01] We're Tiny Specks, Right • BOWsutra (Cosmic Banana) Psychedelick Indie Hop Hop LOFI",open,Yes,Feierabend Playlist,open,Jan Simon Nisius,profile,11,13,31,0,0,2026-06-24,2026-06-29,2026-07-11,Niche/Emerging Curator (Repeat)
"[01] We're Tiny Specks, Right • BOWsutra (Cosmic Banana) Psychedelick Indie Hop Hop LOFI",open,Yes,Shop Musik,open,Jan Simon Nisius,profile,11,41,135,0,0,2025-09-06,2026-07-06,2026-07-11,Mid-size Playlist (Repeat)
"[01] We're Tiny Specks, Right • BOWsutra (Cosmic Banana) Psychedelick Indie Hop Hop LOFI",open,Yes,Normal,open,TomNorway🇳🇴,profile,5,97,359,2,0,2026-03-27,2026-05-12,2026-07-11,Mid-size Playlist (Repeat)
"[04] We're Tiny Specks, Right • BOWsutra (Cosmic Banana) Psychedelick Arabesk Hop Indie LOFI",open,Yes,Feierabend Playlist,open,Jan Simon Nisius,profile,11,13,31,0,0,2026-06-24,2026-06-29,2026-07-11,Niche/Emerging Curator (Repeat)
"[04] We're Tiny Specks, Right • BOWsutra (Cosmic Banana) Psychedelick Arabesk Hop Indie LOFI",open,Yes,Shop Musik,open,Jan Simon Nisius,profile,11,41,135,0,0,2025-09-06,2026-07-06,2026-07-11,Mid-size Playlist (Repeat)
"[04] We're Tiny Specks, Right • BOWsutra (Cosmic Banana) Psychedelick Arabesk Hop Indie LOFI",open,Yes,Normal,open,TomNorway🇳🇴,profile,5,97,359,2,0,2026-03-27,2026-05-12,2026-07-11,Mid-size Playlist (Repeat)
[08] Grifters • BLOWsutra Psychedelic Poetry Folk the Bridge DUB,open,Yes,bananasutra,open,Fred Anderson,profile,1,445,1526,1,0,2026-07-08,2026-07-08,2026-07-11,Catalog Mirror (Superfan)
[08] Grifters • BLOWsutra Psychedelic Poetry Folk the Bridge DUB,open,Yes,random,open,Afterglow,profile,97,114,380,0,0,2025-12-17,2026-07-10,2026-07-11,Mid-size Playlist
[08] Grifters • BLOWsutra Psychedelic Poetry Folk the Bridge DUB,open,Yes,REGGAE,open,sl dubs,profile,173,142,546,0,0,2025-11-18,2026-06-25,2026-07-11,Mid-size Playlist (Repeat)
[08] Grifters • BLOWsutra Psychedelic Poetry Folk the Bridge DUB,open,Yes,MAIN,open,sl dubs,profile,173,405,1509,1,0,2025-06-11,2026-07-10,2026-07-11,Generic Dump (low signal)
[08] Grifters • BLOWsutra Psychedelic Poetry Folk the Bridge DUB,open,Yes,Bananasutra,open,Andrew Dobrew,profile,0,17,63,1,0,2026-04-21,2026-05-29,2026-07-11,Niche/Emerging Curator
[08] Grifters • BLOWsutra Psychedelic Poetry Folk the Bridge DUB,open,Yes,Bananasutra!,open,Angus,profile,54,452,1499,1,0,2026-04-08,2026-04-10,2026-07-11,Catalog Mirror (Superfan)
[08] Grifters • BLOWsutra Psychedelic Poetry Folk the Bridge DUB,open,Yes,reggae,open,Shirley Leal de Souza,profile,0,4,74,0,0,2017-10-29,2026-05-06,2026-07-11,Niche/Emerging Curator
[06] Grifters • BLOWsutra Psychedelic Post-Punk Country Blues BANJO,open,Yes,bananasutra,open,Fred Anderson,profile,1,445,1526,1,0,2026-07-08,2026-07-08,2026-07-11,Catalog Mirror (Superfan)
[06] Grifters • BLOWsutra Psychedelic Post-Punk Country Blues BANJO,open,Yes,Driving mix 2025,open,User 575211445,profile,0,25,180,0,0,2025-05-11,2026-04-11,2026-07-11,Niche/Emerging Curator
[06] Grifters • BLOWsutra Psychedelic Post-Punk Country Blues BANJO,open,Yes,GenteL RaiN,open,Angus,profile,54,97,405,0,0,2025-11-12,2026-05-11,2026-07-11,Mid-size Playlist (Repeat)
[06] Grifters • BLOWsutra Psychedelic Post-Punk Country Blues BANJO,open,Yes,RaiNy dAyz!,open,Angus,profile,54,62,243,0,0,2025-11-11,2026-04-08,2026-07-11,Mid-size Playlist (Repeat)
[03] Grifters • BLOWsutra IBYN Psychedelic Punk Rock BURLESQUE,open,No,bananasutra,open,Fred Anderson,profile,1,445,1526,1,0,2026-07-08,2026-07-08,2026-07-11,Catalog Mirror (Superfan)
[03] Grifters • BLOWsutra IBYN Psychedelic Punk Rock BURLESQUE,open,No,Late Morning Beats,open,Angus,profile,54,123,532,0,0,2026-01-30,2026-05-10,2026-07-11,Mid-size Playlist (Repeat)
[04] Grifters • BLOWsutra Psychedelic Post-Punk Country Burlesque Banjo BLUES,open,Yes,bananasutra,open,Fred Anderson,profile,1,445,1526,1,0,2026-07-08,2026-07-08,2026-07-11,Catalog Mirror (Superfan)
[10] Grifters • BLOWsutra Psychedelic F-Bomb Hip Hop LOFI,open,No,bananasutra,open,Fred Anderson,profile,1,445,1526,1,0,2026-07-08,2026-07-08,2026-07-11,Catalog Mirror (Superfan)
[10] Grifters • BLOWsutra Psychedelic F-Bomb Hip Hop LOFI,open,No,New Hardcore 2025,open,Adsboy,profile,0,494,2162,0,0,2026-04-16,2026-04-16,2026-07-11,Generic Dump (low signal)
[10] Grifters • BLOWsutra Psychedelic F-Bomb Hip Hop LOFI,open,No,New Hardcore 2025,open,_________xxandv,profile,10,311,1789,0,0,2026-04-16,2026-04-16,2026-07-11,Generic Dump (low signal)
[11] Grifters • BLOWsutra Psychedelic F-Bomb Hip Hop LOFI,open,No,bananasutra,open,Fred Anderson,profile,1,445,1526,1,0,2026-07-08,2026-07-08,2026-07-11,Catalog Mirror (Superfan)
[11] Grifters • BLOWsutra Psychedelic F-Bomb Hip Hop LOFI,open,No,New Hardcore 2025,open,whorxata,profile,1,498,1987,0,0,2026-05-09,2026-05-09,2026-07-11,Generic Dump (low signal)
[13] Grifters • BLOWsutra Psychedelic Gipsy Flamenco Fado Techno World INDIE,open,No,bananasutra,open,Fred Anderson,profile,1,445,1526,1,0,2026-07-08,2026-07-08,2026-07-11,Catalog Mirror (Superfan)
[13] Grifters • BLOWsutra Psychedelic Gipsy Flamenco Fado Techno World INDIE,open,No,Driving mix 2025,open,User 575211445,profile,0,25,180,0,0,2025-05-11,2026-04-11,2026-07-11,Niche/Emerging Curator
[14] Grifters • BLOWsutra Psychedelic Gipsy Flamenco Fado Techno World INDIE,open,Yes,bananasutra,open,Fred Anderson,profile,1,445,1526,1,0,2026-07-08,2026-07-08,2026-07-11,Catalog Mirror (Superfan)
[14] Grifters • BLOWsutra Psychedelic Gipsy Flamenco Fado Techno World INDIE,open,Yes,"funk, jazz, tip No2",open,x3dr,profile,15,82,2528,0,0,2025-02-27,2026-06-27,2026-07-11,Mid-size Playlist
[14] Grifters • BLOWsutra Psychedelic Gipsy Flamenco Fado Techno World INDIE,open,Yes,Flamenco 👏,open,NurieTTa,profile,3,78,658,0,0,2021-02-23,2026-06-05,2026-07-11,Mid-size Playlist
[14] Grifters • BLOWsutra Psychedelic Gipsy Flamenco Fado Techno World INDIE,open,Yes,Driving mix 2025,open,User 575211445,profile,0,25,180,0,0,2025-05-11,2026-04-11,2026-07-11,Niche/Emerging Curator
[12] Grifters • BLOWsutra Psychedelic Gipsy Flamenco Fado Techno World INDIE,open,No,bananasutra,open,Fred Anderson,profile,1,445,1526,1,0,2026-07-08,2026-07-08,2026-07-11,Catalog Mirror (Superfan)
[12] Grifters • BLOWsutra Psychedelic Gipsy Flamenco Fado Techno World INDIE,open,No,Driving mix 2025,open,User 575211445,profile,0,25,180,0,0,2025-05-11,2026-04-11,2026-07-11,Niche/Emerging Curator
[01] Grifters • BLOWsutra PBGal Psychedelic Punk Rock BURLESQUE,open,No,bananasutra,open,Fred Anderson,profile,1,445,1526,1,0,2026-07-08,2026-07-08,2026-07-11,Catalog Mirror (Superfan)
[01] Grifters • BLOWsutra PBGal Psychedelic Punk Rock BURLESQUE,open,No,Sutra,open,die Welt ist egal,profile,10,8,31,1,0,2026-04-07,2026-06-22,2026-07-11,Niche/Emerging Curator
[05] Grifters • BLOWsutra Psychedelic Post-Punk Country Burlesque Banjo BLUES,open,No,bananasutra,open,Fred Anderson,profile,1,445,1526,1,0,2026-07-08,2026-07-08,2026-07-11,Catalog Mirror (Superfan)
[02] Grifters • BLOWsutra PBGal Psychedelic Punk Rock BURLESQUE,open,No,bananasutra,open,Fred Anderson,profile,1,445,1526,1,0,2026-07-08,2026-07-08,2026-07-11,Catalog Mirror (Superfan)
[09] Grifters • BLOWsutra Psychedelic Poetry Folk the Bridge DUB,open,Yes,bananasutra,open,Fred Anderson,profile,1,445,1526,1,0,2026-07-08,2026-07-08,2026-07-11,Catalog Mirror (Superfan)
[09] Grifters • BLOWsutra Psychedelic Poetry Folk the Bridge DUB,open,Yes,Bananasutra!,open,Angus,profile,54,452,1499,1,0,2026-04-08,2026-04-10,2026-07-11,Catalog Mirror (Superfan)
[09] Grifters • BLOWsutra Psychedelic Poetry Folk the Bridge DUB,open,Yes,Lounge Inn 🏝️,open,Angus,profile,54,62,266,0,0,2025-11-10,2026-04-08,2026-07-11,Mid-size Playlist (Repeat)
[09] Grifters • BLOWsutra Psychedelic Poetry Folk the Bridge DUB,open,Yes,GenteL RaiN,open,Angus,profile,54,97,405,0,0,2025-11-12,2026-05-11,2026-07-11,Mid-size Playlist (Repeat)
[09] Grifters • BLOWsutra Psychedelic Poetry Folk the Bridge DUB,open,Yes,Late Morning Beats,open,Angus,profile,54,123,532,0,0,2026-01-30,2026-05-10,2026-07-11,Mid-size Playlist (Repeat)
[07] Grifters • BLOWsutra Queen of Authentic Country Banjo Folk Dub BLUES,open,Yes,bananasutra,open,Fred Anderson,profile,1,445,1526,1,0,2026-07-08,2026-07-08,2026-07-11,Catalog Mirror (Superfan)
[07] Grifters • BLOWsutra Queen of Authentic Country Banjo Folk Dub BLUES,open,Yes,RaiNy dAyz!,open,Angus,profile,54,62,243,0,0,2025-11-11,2026-04-08,2026-07-11,Mid-size Playlist (Repeat)
[07] Grifters • BLOWsutra Queen of Authentic Country Banjo Folk Dub BLUES,open,Yes,Late Morning Beats,open,Angus,profile,54,123,532,0,0,2026-01-30,2026-05-10,2026-07-11,Mid-size Playlist (Repeat)
[07] Grifters • BLOWsutra Queen of Authentic Country Banjo Folk Dub BLUES,open,Yes,Lounge Inn 🏝️,open,Angus,profile,54,62,266,0,0,2025-11-10,2026-04-08,2026-07-11,Mid-size Playlist (Repeat)
[07] Grifters • BLOWsutra Queen of Authentic Country Banjo Folk Dub BLUES,open,Yes,GenteL RaiN,open,Angus,profile,54,97,405,0,0,2025-11-12,2026-05-11,2026-07-11,Mid-size Playlist (Repeat)
[29] The Great Naked King • SHOWsutra Psychedelick Hillbilly Hop Pop Blues Banjo LOFI,open,Yes,"rock, blues, pop, hip hop, soul...",open,B.one,profile,44,480,2036,44,1,2021-06-16,2026-07-02,2026-07-11,Generic Dump (low signal)
[29] The Great Naked King • SHOWsutra Psychedelick Hillbilly Hop Pop Blues Banjo LOFI,open,Yes,Divers,open,Demirci Coralie,profile,9,16,173,1,0,2026-04-06,2026-07-01,2026-07-11,Niche/Emerging Curator
[29] The Great Naked King • SHOWsutra Psychedelick Hillbilly Hop Pop Blues Banjo LOFI,open,Yes,Shop Musik,open,Jan Simon Nisius,profile,11,41,135,0,0,2025-09-06,2026-07-06,2026-07-11,Mid-size Playlist (Repeat)
[29] The Great Naked King • SHOWsutra Psychedelick Hillbilly Hop Pop Blues Banjo LOFI,open,Yes,Feierabend Playlist,open,Jan Simon Nisius,profile,11,13,31,0,0,2026-06-24,2026-06-29,2026-07-11,Niche/Emerging Curator (Repeat)
[29] The Great Naked King • SHOWsutra Psychedelick Hillbilly Hop Pop Blues Banjo LOFI,open,Yes,Jah And Friends,open,Soundsaddles,profile,3,29,122,0,0,2026-05-22,2026-05-26,2026-07-11,Niche/Emerging Curator
[29] The Great Naked King • SHOWsutra Psychedelick Hillbilly Hop Pop Blues Banjo LOFI,open,Yes,Battle Track Ideas,open,Skinney1,profile,36,259,917,1,0,2022-10-09,2026-07-04,2026-07-11,Generic Dump (low signal)
[29] The Great Naked King • SHOWsutra Psychedelick Hillbilly Hop Pop Blues Banjo LOFI,open,Yes,Rap,open,Meer,profile,0,2,7,0,0,2026-05-02,2026-06-07,2026-07-11,Niche/Emerging Curator
[29] The Great Naked King • SHOWsutra Psychedelick Hillbilly Hop Pop Blues Banjo LOFI,open,Yes,operah,open,Kyrill,profile,1,29,102,0,0,2026-04-28,2026-04-28,2026-07-11,Niche/Emerging Curator
[29] The Great Naked King • SHOWsutra Psychedelick Hillbilly Hop Pop Blues Banjo LOFI,open,Yes,BLDL?,open,F0o0dstampzz,profile,2,90,290,0,0,2026-04-04,2026-04-24,2026-07-11,Mid-size Playlist
[29] The Great Naked King • SHOWsutra Psychedelick Hillbilly Hop Pop Blues Banjo LOFI,open,Yes,Bananasutra!,open,Angus,profile,54,452,1499,1,0,2026-04-08,2026-04-10,2026-07-11,Catalog Mirror (Superfan)
[29] The Great Naked King • SHOWsutra Psychedelick Hillbilly Hop Pop Blues Banjo LOFI,open,Yes,ka,open,Carl,profile,2,10,34,0,0,2026-04-06,2026-04-06,2026-07-11,Niche/Emerging Curator
[24] The Great Naked King • SHOWsutra Psychedelick Gipsy Hop Pop Indie LOFI,open,Yes,operah,open,Kyrill,profile,1,29,102,0,0,2026-04-28,2026-04-28,2026-07-11,Niche/Emerging Curator
[19] The Great Naked King • SHOWsutra Psychedelick Gipsy Hip Hop Jazz LOFI,open,Yes,Mushrooms/trippy,open,Shane Denison,profile,9,38,154,0,0,2025-06-19,2026-06-20,2026-07-11,Mid-size Playlist (Repeat)
[19] The Great Naked King • SHOWsutra Psychedelick Gipsy Hip Hop Jazz LOFI,open,Yes,MAIN,open,sl dubs,profile,173,405,1509,1,0,2025-06-11,2026-07-10,2026-07-11,Generic Dump (low signal)
[19] The Great Naked King • SHOWsutra Psychedelick Gipsy Hip Hop Jazz LOFI,open,Yes,REGGAE,open,sl dubs,profile,173,142,546,0,0,2025-11-18,2026-06-25,2026-07-11,Mid-size Playlist (Repeat)
[19] The Great Naked King • SHOWsutra Psychedelick Gipsy Hip Hop Jazz LOFI,open,Yes,Normal,open,TomNorway🇳🇴,profile,5,97,359,2,0,2026-03-27,2026-05-12,2026-07-11,Mid-size Playlist (Repeat)
[19] The Great Naked King • SHOWsutra Psychedelick Gipsy Hip Hop Jazz LOFI,open,Yes,operah,open,Kyrill,profile,1,29,102,0,0,2026-04-28,2026-04-28,2026-07-11,Niche/Emerging Curator
[19] The Great Naked King • SHOWsutra Psychedelick Gipsy Hip Hop Jazz LOFI,open,Yes,Bananasutra,open,Andrew Dobrew,profile,0,17,63,1,0,2026-04-21,2026-05-29,2026-07-11,Niche/Emerging Curator
[19] The Great Naked King • SHOWsutra Psychedelick Gipsy Hip Hop Jazz LOFI,open,Yes,LsD,open,Shane Denison,profile,9,32,134,0,0,2026-02-21,2026-06-22,2026-07-11,Mid-size Playlist (Repeat)
[19] The Great Naked King • SHOWsutra Psychedelick Gipsy Hip Hop Jazz LOFI,open,Yes,tragos de life,open,ledesma martinez,profile,0,2,7,0,0,2026-04-02,2026-04-02,2026-07-11,Niche/Emerging Curator
[27] The Great Naked King • SHOWsutra Psychedelick Hillbilly Hop Pop Blues Banjo LOFI,open,No,operah,open,Kyrill,profile,1,29,102,0,0,2026-04-28,2026-04-28,2026-07-11,Niche/Emerging Curator
[27] The Great Naked King • SHOWsutra Psychedelick Hillbilly Hop Pop Blues Banjo LOFI,open,No,Bananasutra!,open,Angus,profile,54,452,1499,1,0,2026-04-08,2026-04-10,2026-07-11,Catalog Mirror (Superfan)
[26] The Great Naked King • SHOWsutra Psychedelick Hillbilly Hop Pop Indie Blues Banjo LOFI,open,Yes,s o u l,open,MCE,profile,1,8,33,0,0,2026-06-28,2026-07-03,2026-07-11,Niche/Emerging Curator
[26] The Great Naked King • SHOWsutra Psychedelick Hillbilly Hop Pop Indie Blues Banjo LOFI,open,Yes,Bananasutra,open,Lincoln Scott,profile,0,82,270,2,0,2026-05-21,2026-05-27,2026-07-11,Mid-size Playlist (Repeat)
[26] The Great Naked King • SHOWsutra Psychedelick Hillbilly Hop Pop Indie Blues Banjo LOFI,open,Yes,Normal,open,TomNorway🇳🇴,profile,5,97,359,2,0,2026-03-27,2026-05-12,2026-07-11,Mid-size Playlist (Repeat)
[26] The Great Naked King • SHOWsutra Psychedelick Hillbilly Hop Pop Indie Blues Banjo LOFI,open,Yes,operah,open,Kyrill,profile,1,29,102,0,0,2026-04-28,2026-04-28,2026-07-11,Niche/Emerging Curator
[26] The Great Naked King • SHOWsutra Psychedelick Hillbilly Hop Pop Indie Blues Banjo LOFI,open,Yes,M,open,Mounir,profile,0,46,581,0,0,2023-05-26,2026-04-16,2026-07-11,Mid-size Playlist (Repeat)
[17] The Great Naked King • SHOWsutra Psychedelick Cabaret Jazz Swing BURLESQUE,open,Yes,Untitled Playlist,open,55cancri e Composition 💎,profile,14,44,191,0,0,2026-01-15,2026-07-06,2026-07-11,Mid-size Playlist (Repeat)
[17] The Great Naked King • SHOWsutra Psychedelick Cabaret Jazz Swing BURLESQUE,open,Yes,Copy of [08] Camus Dit Oui • FLOWsutra (Fly Like Water) Acoustic French Trip Hop Piano Jazz LOFI,open,Shams eldeen,profile,0,49,179,0,0,2026-05-21,2026-05-21,2026-07-11,Mid-size Playlist
[17] The Great Naked King • SHOWsutra Psychedelick Cabaret Jazz Swing BURLESQUE,open,Yes,Normal,open,TomNorway🇳🇴,profile,5,97,359,2,0,2026-03-27,2026-05-12,2026-07-11,Mid-size Playlist (Repeat)
[17] The Great Naked King • SHOWsutra Psychedelick Cabaret Jazz Swing BURLESQUE,open,Yes,operah,open,Kyrill,profile,1,29,102,0,0,2026-04-28,2026-04-28,2026-07-11,Niche/Emerging Curator
[17] The Great Naked King • SHOWsutra Psychedelick Cabaret Jazz Swing BURLESQUE,open,Yes,Bananasutra,open,Andrew Dobrew,profile,0,17,63,1,0,2026-04-21,2026-05-29,2026-07-11,Niche/Emerging Curator
[17] The Great Naked King • SHOWsutra Psychedelick Cabaret Jazz Swing BURLESQUE,open,Yes,Start Me Up,open,Sinceyer Smith,profile,3,6,21,0,0,2026-04-08,2026-05-31,2026-07-11,Niche/Emerging Curator
[17] The Great Naked King • SHOWsutra Psychedelick Cabaret Jazz Swing BURLESQUE,open,Yes,Just music,open,Mrath,profile,0,19,74,0,0,2026-04-04,2026-06-25,2026-07-11,Niche/Emerging Curator
[21] The Great Naked King • SHOWsutra Psychedelick Gipsy Hip Hop Jazz LOFI,open,Yes,JAZZ,open,TERRY,profile,1,46,250,0,0,2026-05-23,2026-07-08,2026-07-11,Mid-size Playlist
[21] The Great Naked King • SHOWsutra Psychedelick Gipsy Hip Hop Jazz LOFI,open,Yes,Jazz Remix,open,user731015819,profile,0,45,202,0,0,2026-05-13,2026-05-13,2026-07-11,Mid-size Playlist
[21] The Great Naked King • SHOWsutra Psychedelick Gipsy Hip Hop Jazz LOFI,open,Yes,operah,open,Kyrill,profile,1,29,102,0,0,2026-04-28,2026-04-28,2026-07-11,Niche/Emerging Curator
[21] The Great Naked King • SHOWsutra Psychedelick Gipsy Hip Hop Jazz LOFI,open,Yes,smooth,open,Julyah Caldwell,profile,2,12,47,0,0,2026-04-21,2026-05-14,2026-07-11,Niche/Emerging Curator
[21] The Great Naked King • SHOWsutra Psychedelick Gipsy Hip Hop Jazz LOFI,open,Yes,Groovy,open,K_ALLi,profile,21,4,17,0,0,2026-04-20,2026-04-20,2026-07-11,Niche/Emerging Curator
[30] The Great Naked King • SHOWsutra Psychedelick Hillbilly Americana Jazzy Banjo BLUES,open,No,operah,open,Kyrill,profile,1,29,102,0,0,2026-04-28,2026-04-28,2026-07-11,Niche/Emerging Curator
[30] The Great Naked King • SHOWsutra Psychedelick Hillbilly Americana Jazzy Banjo BLUES,open,No,Apero 8,open,Sophia Phœnix,profile,2,9,77,0,0,2026-04-04,2026-06-06,2026-07-11,Niche/Emerging Curator
[28] The Great Naked King • SHOWsutra Psychedelick Hillbilly Hop Pop Blues Banjo LOFI,open,No,operah,open,Kyrill,profile,1,29,102,0,0,2026-04-28,2026-04-28,2026-07-11,Niche/Emerging Curator
[18] The Great Naked King • SHOWsutra Psychedelick Cabaret Gipsy Swing BURLESQUE,open,Yes,treinão,open,Mudo,profile,0,37,124,0,0,2026-02-23,2026-07-06,2026-07-11,Mid-size Playlist
[18] The Great Naked King • SHOWsutra Psychedelick Cabaret Gipsy Swing BURLESQUE,open,Yes,Untitled Playlist,open,55cancri e Composition 💎,profile,14,44,191,0,0,2026-01-15,2026-07-06,2026-07-11,Mid-size Playlist (Repeat)
[18] The Great Naked King • SHOWsutra Psychedelick Cabaret Gipsy Swing BURLESQUE,open,Yes,Start Me Up,open,Sinceyer Smith,profile,3,6,21,0,0,2026-04-08,2026-05-31,2026-07-11,Niche/Emerging Curator
[18] The Great Naked King • SHOWsutra Psychedelick Cabaret Gipsy Swing BURLESQUE,open,Yes,Copy of [08] Camus Dit Oui • FLOWsutra (Fly Like Water) Acoustic French Trip Hop Piano Jazz LOFI,open,Shams eldeen,profile,0,49,179,0,0,2026-05-21,2026-05-21,2026-07-11,Mid-size Playlist
[18] The Great Naked King • SHOWsutra Psychedelick Cabaret Gipsy Swing BURLESQUE,open,Yes,operah,open,Kyrill,profile,1,29,102,0,0,2026-04-28,2026-04-28,2026-07-11,Niche/Emerging Curator
[18] The Great Naked King • SHOWsutra Psychedelick Cabaret Gipsy Swing BURLESQUE,open,Yes,engl,open,훈서비,profile,0,15,54,1,0,2026-04-26,2026-06-14,2026-07-11,Niche/Emerging Curator (Repeat)
[18] The Great Naked King • SHOWsutra Psychedelick Cabaret Gipsy Swing BURLESQUE,open,Yes,sport,open,훈서비,profile,0,75,273,0,0,2025-11-29,2026-06-20,2026-07-11,Mid-size Playlist (Repeat)
[22] The Great Naked King • SHOWsutra Psychedelick Hop Pop Piano Jazz LOFI,open,Yes,지원’s playlist,open,jin,profile,0,2,7,0,0,2026-06-27,2026-06-27,2026-07-11,Niche/Emerging Curator
[22] The Great Naked King • SHOWsutra Psychedelick Hop Pop Piano Jazz LOFI,open,Yes,operah,open,Kyrill,profile,1,29,102,0,0,2026-04-28,2026-04-28,2026-07-11,Niche/Emerging Curator
[25] The Great Naked King • SHOWsutra Psychedelick Gipsy Hop Pop Indie LOFI,open,No,operah,open,Kyrill,profile,1,29,102,0,0,2026-04-28,2026-04-28,2026-07-11,Niche/Emerging Curator
[25] The Great Naked King • SHOWsutra Psychedelick Gipsy Hop Pop Indie LOFI,open,No,Bananasutra!,open,Angus,profile,54,452,1499,1,0,2026-04-08,2026-04-10,2026-07-11,Catalog Mirror (Superfan)
[08] The Great Naked King • SHOWsutra Psychedelick French Accordion Cello Tango JAZZ,open,No,operah,open,Kyrill,profile,1,29,102,0,0,2026-04-28,2026-04-28,2026-07-11,Niche/Emerging Curator
[15] The Great Naked King • SHOWsutra Psychedelick Circus Accordion Waltz BURLESQUE,open,No,operah,open,Kyrill,profile,1,29,102,0,0,2026-04-28,2026-04-28,2026-07-11,Niche/Emerging Curator
[09] The Great Naked King • SHOWsutra French Psychedelick Accordion Gipsy Tango BURLESQUE,open,No,operah,open,Kyrill,profile,1,29,102,0,0,2026-04-28,2026-04-28,2026-07-11,Niche/Emerging Curator
[23] The Great Naked King • SHOWsutra Psychedelick Gipsy Hop Pop Indie LOFI,open,No,operah,open,Kyrill,profile,1,29,102,0,0,2026-04-28,2026-04-28,2026-07-11,Niche/Emerging Curator
[16] The Great Naked King • SHOWsutra Psychedelick Circus Accordion Waltz BURLESQUE,open,No,operah,open,Kyrill,profile,1,29,102,0,0,2026-04-28,2026-04-28,2026-07-11,Niche/Emerging Curator
[20] The Great Naked King • SHOWsutra Psychedelick Gipsy Hip Hop Jazz LOFI,open,No,operah,open,Kyrill,profile,1,29,102,0,0,2026-04-28,2026-04-28,2026-07-11,Niche/Emerging Curator
[11] The Great Naked King • SHOWsutra Psychedelick Circus Accordion Waltz BURLESQUE,open,Yes,#Musique d'Ambiance #Lounge Music,open,Philippe Pastor,profile,226,500,3168,54,6,2016-03-03,2026-07-09,2026-07-11,Generic Dump (low signal)
[11] The Great Naked King • SHOWsutra Psychedelick Circus Accordion Waltz BURLESQUE,open,Yes,BananaSutra,open,VicDnB,profile,21,9,35,1,0,2026-06-21,2026-07-04,2026-07-11,Niche/Emerging Curator (Repeat)
[11] The Great Naked King • SHOWsutra Psychedelick Circus Accordion Waltz BURLESQUE,open,Yes,Burlesque,open,Gyldan,profile,0,2,8,0,0,2026-06-19,2026-06-19,2026-07-11,Niche/Emerging Curator
[11] The Great Naked King • SHOWsutra Psychedelick Circus Accordion Waltz BURLESQUE,open,Yes,Circus Core,open,VicDnB,profile,21,45,154,0,0,2025-01-06,2026-06-20,2026-07-11,Mid-size Playlist (Repeat)
[11] The Great Naked King • SHOWsutra Psychedelick Circus Accordion Waltz BURLESQUE,open,Yes,Bananasutra,open,Andrew Dobrew,profile,0,17,63,1,0,2026-04-21,2026-05-29,2026-07-11,Niche/Emerging Curator
[11] The Great Naked King • SHOWsutra Psychedelick Circus Accordion Waltz BURLESQUE,open,Yes,SPRING,open,djo sakrani,profile,50,8,27,0,0,2026-05-22,2026-06-28,2026-07-11,Priority Curator
[11] The Great Naked King • SHOWsutra Psychedelick Circus Accordion Waltz BURLESQUE,open,Yes,#Playlist spéciale d'accordéon #En souvenir de ma douzaine d'année de pratique,open,Philippe Pastor,profile,226,219,955,4,1,2017-11-19,2026-06-07,2026-07-11,Generic Dump (low signal)
[11] The Great Naked King • SHOWsutra Psychedelick Circus Accordion Waltz BURLESQUE,open,Yes,English 2,open,Mina Karam,profile,26,126,609,0,0,2020-07-03,2026-06-17,2026-07-11,Mid-size Playlist
[11] The Great Naked King • SHOWsutra Psychedelick Circus Accordion Waltz BURLESQUE,open,Yes,new,open,Mohamed El Nahas,profile,3,165,838,2,0,2026-01-28,2026-06-25,2026-07-11,Mid-size Playlist
[11] The Great Naked King • SHOWsutra Psychedelick Circus Accordion Waltz BURLESQUE,open,Yes,Normal,open,TomNorway🇳🇴,profile,5,97,359,2,0,2026-03-27,2026-05-12,2026-07-11,Mid-size Playlist (Repeat)
[11] The Great Naked King • SHOWsutra Psychedelick Circus Accordion Waltz BURLESQUE,open,Yes,operah,open,Kyrill,profile,1,29,102,0,0,2026-04-28,2026-04-28,2026-07-11,Niche/Emerging Curator
[11] The Great Naked King • SHOWsutra Psychedelick Circus Accordion Waltz BURLESQUE,open,Yes,jazzy,open,H ong,profile,0,17,65,0,0,2024-10-20,2026-04-19,2026-07-11,Niche/Emerging Curator
[11] The Great Naked King • SHOWsutra Psychedelick Circus Accordion Waltz BURLESQUE,open,Yes,classic,open,Khaldon Albaidhani,profile,0,3,41,0,0,2026-04-18,2026-04-18,2026-07-11,Niche/Emerging Curator
[11] The Great Naked King • SHOWsutra Psychedelick Circus Accordion Waltz BURLESQUE,open,Yes,Chill,open,hinata,profile,0,10,27,0,0,2025-09-16,2026-05-04,2026-07-11,Niche/Emerging Curator
[11] The Great Naked King • SHOWsutra Psychedelick Circus Accordion Waltz BURLESQUE,open,Yes,7ob,open,Ali Hasan 92,profile,3,54,336,0,0,2026-03-26,2026-05-18,2026-07-11,Mid-size Playlist
[11] The Great Naked King • SHOWsutra Psychedelick Circus Accordion Waltz BURLESQUE,open,Yes,موسيقي هدوء واسترخاء,open,Alam ElDin Trips,profile,1,20,159,2,0,2026-03-23,2026-05-06,2026-07-11,Niche/Emerging Curator
[11] The Great Naked King • SHOWsutra Psychedelick Circus Accordion Waltz BURLESQUE,open,Yes,Best Of The Best,open,mohamed kamal,profile,2,96,419,0,0,2026-04-04,2026-06-26,2026-07-11,Mid-size Playlist
[06] The Great Naked King • SHOWsutra Psychedelick French Accordion Cello Tango JAZZ,open,Yes,french music,open,ichanpomsyda03,profile,1,75,236,0,0,2026-07-01,2026-07-01,2026-07-11,Mid-size Playlist
[06] The Great Naked King • SHOWsutra Psychedelick French Accordion Cello Tango JAZZ,open,Yes,🫦,open,nasstvd,profile,2,60,207,0,0,2026-03-19,2026-07-05,2026-07-11,Mid-size Playlist
[06] The Great Naked King • SHOWsutra Psychedelick French Accordion Cello Tango JAZZ,open,Yes,operah,open,Kyrill,profile,1,29,102,0,0,2026-04-28,2026-04-28,2026-07-11,Niche/Emerging Curator
[06] The Great Naked King • SHOWsutra Psychedelick French Accordion Cello Tango JAZZ,open,Yes,FinaPlay,open,Alessandro Finato,profile,1,177,7824,3,0,2020-04-02,2026-07-03,2026-07-11,Mid-size Playlist
[06] The Great Naked King • SHOWsutra Psychedelick French Accordion Cello Tango JAZZ,open,Yes,Sunday Breakfast,open,Kyra Mylina Thaysen,profile,10,10,37,0,0,2026-04-05,2026-06-23,2026-07-11,Niche/Emerging Curator
[06] The Great Naked King • SHOWsutra Psychedelick French Accordion Cello Tango JAZZ,open,Yes,Ryder Eastside Riddim,open,User 966632059,profile,1,17,536,0,0,2026-03-23,2026-06-08,2026-07-11,Niche/Emerging Curator (Repeat)
[06] The Great Naked King • SHOWsutra Psychedelick French Accordion Cello Tango JAZZ,open,Yes,Copy of Encore,open,User 966632059,profile,1,33,789,0,0,2026-03-05,2026-05-20,2026-07-11,Mid-size Playlist (Repeat)
[06] The Great Naked King • SHOWsutra Psychedelick French Accordion Cello Tango JAZZ,open,Yes,Copy of Best Of Nelly (Japan Version),open,User 966632059,profile,1,38,837,0,0,2026-02-15,2026-05-01,2026-07-11,Mid-size Playlist (Repeat)
[06] The Great Naked King • SHOWsutra Psychedelick French Accordion Cello Tango JAZZ,open,Yes,Her,open,User 966632059,profile,1,25,920,0,0,2026-02-12,2026-05-01,2026-07-11,Niche/Emerging Curator (Repeat)
[02] The Great Naked King • SHOWsutra Tribal Psychedelick Gipsy Flamenco Fado Techno INDIE,open,No,operah,open,Kyrill,profile,1,29,102,0,0,2026-04-28,2026-04-28,2026-07-11,Niche/Emerging Curator
[07] The Great Naked King • SHOWsutra Psychedelick French Accordion Cello Tango JAZZ,open,Yes,Favs,open,decezanne,profile,0,6,18,0,0,2025-02-05,2026-07-01,2026-07-11,Niche/Emerging Curator
[07] The Great Naked King • SHOWsutra Psychedelick French Accordion Cello Tango JAZZ,open,Yes,France,open,Amir,profile,1,9,29,0,0,2026-06-09,2026-06-11,2026-07-11,Niche/Emerging Curator
[07] The Great Naked King • SHOWsutra Psychedelick French Accordion Cello Tango JAZZ,open,Yes,Yoshii,open,D Yoshi,profile,0,24,100,0,0,2025-08-16,2026-06-15,2026-07-11,Niche/Emerging Curator
[07] The Great Naked King • SHOWsutra Psychedelick French Accordion Cello Tango JAZZ,open,Yes,🤍,open,eric.unreleased,profile,1,81,313,1,0,2026-05-02,2026-05-07,2026-07-11,Mid-size Playlist (Repeat)
[07] The Great Naked King • SHOWsutra Psychedelick French Accordion Cello Tango JAZZ,open,Yes,fn deep,open,eric.unreleased,profile,1,15,60,0,0,2026-04-28,2026-05-02,2026-07-11,Niche/Emerging Curator (Repeat)
[07] The Great Naked King • SHOWsutra Psychedelick French Accordion Cello Tango JAZZ,open,Yes,operah,open,Kyrill,profile,1,29,102,0,0,2026-04-28,2026-04-28,2026-07-11,Niche/Emerging Curator
[07] The Great Naked King • SHOWsutra Psychedelick French Accordion Cello Tango JAZZ,open,Yes,Bananasutra,open,Andrew Dobrew,profile,0,17,63,1,0,2026-04-21,2026-05-29,2026-07-11,Niche/Emerging Curator
[07] The Great Naked King • SHOWsutra Psychedelick French Accordion Cello Tango JAZZ,open,Yes,T,open,Joao Paulo Lopes 25,profile,32,30,175,2,1,2016-04-18,2026-04-14,2026-07-11,Niche/Emerging Curator
[07] The Great Naked King • SHOWsutra Psychedelick French Accordion Cello Tango JAZZ,open,Yes,Morning Glory,open,Tombo,profile,26,19,65,0,0,2026-03-08,2026-06-16,2026-07-11,Niche/Emerging Curator
[07] The Great Naked King • SHOWsutra Psychedelick French Accordion Cello Tango JAZZ,open,Yes,90s😉,open,eric.unreleased,profile,1,20,65,0,0,2026-03-26,2026-04-08,2026-07-11,Niche/Emerging Curator (Repeat)
[07] The Great Naked King • SHOWsutra Psychedelick French Accordion Cello Tango JAZZ,open,Yes,Relax,open,Sabrina Deleon,profile,51,13,263,0,0,2026-02-03,2026-05-09,2026-07-11,Priority Curator
[05] The Great Naked King • SHOWsutra Psychedelick French Accordion Cello Tango JAZZ,open,No,operah,open,Kyrill,profile,1,29,102,0,0,2026-04-28,2026-04-28,2026-07-11,Niche/Emerging Curator
[05] The Great Naked King • SHOWsutra Psychedelick French Accordion Cello Tango JAZZ,open,No,I am Xâu,open,thuốc trừ Xâu,profile,1,240,895,1,0,2018-01-09,2026-07-03,2026-07-11,Generic Dump (low signal)
[13] The Great Naked King • SHOWsutra Psychedelick Circus Accordion Waltz BURLESQUE,open,No,operah,open,Kyrill,profile,1,29,102,0,0,2026-04-28,2026-04-28,2026-07-11,Niche/Emerging Curator
[10] The Great Naked King • SHOWsutra Psychedelick Circus Accordion Tango BURLESQUE,open,No,operah,open,Kyrill,profile,1,29,102,0,0,2026-04-28,2026-04-28,2026-07-11,Niche/Emerging Curator
[12] The Great Naked King • SHOWsutra Psychedelick Circus Accordion Waltz BURLESQUE,open,No,operah,open,Kyrill,profile,1,29,102,0,0,2026-04-28,2026-04-28,2026-07-11,Niche/Emerging Curator
[14] The Great Naked King • SHOWsutra Psychedelick Circus Accordion Waltz BURLESQUE,open,Yes,France,open,Amir,profile,1,9,29,0,0,2026-06-09,2026-06-11,2026-07-11,Niche/Emerging Curator
[01] The Great Naked King • SHOWsutra Tribal Psychedelick Gipsy Flamenco Fado Techno INDIE,open,No,operah,open,Kyrill,profile,1,29,102,0,0,2026-04-28,2026-04-28,2026-07-11,Niche/Emerging Curator
[04] The Great Naked King • SHOWsutra Psychedelick French Accordion Cello Tango JAZZ,open,Yes,operah,open,Kyrill,profile,1,29,102,0,0,2026-04-28,2026-04-28,2026-07-11,Niche/Emerging Curator
[03] The Great Naked King • SHOWsutra Tribal Psychedelick Gipsy Flamenco Fado Techno INDIE,open,No,operah,open,Kyrill,profile,1,29,102,0,0,2026-04-28,2026-04-28,2026-07-11,Niche/Emerging Curator
"[04] So, What Is Racism • KNOWsutra Ethically Gipsy Fusion LOFI",open,Yes,test,open,Tes différences Ton Jackpot,profile,1,50,218,0,0,2026-05-15,2026-05-20,2026-07-11,Mid-size Playlist
"[04] So, What Is Racism • KNOWsutra Ethically Gipsy Fusion LOFI",open,Yes,Song,open,Dit,profile,0,9,31,0,0,2026-04-17,2026-04-17,2026-07-11,Niche/Emerging Curator
"[09] So, What Is Racism • KNOWsutra Ethically Gipsy Fusion LOFI",open,No,Bananasutra!,open,Angus,profile,54,452,1499,1,0,2026-04-08,2026-04-10,2026-07-11,Catalog Mirror (Superfan)
"[01] So, What Is Racism • KNOWsutra Ethically Gipsy Fusion JAZZ",open,No,Đien,open,qtruongp,profile,6,28,93,0,0,2026-01-08,2026-05-27,2026-07-11,Niche/Emerging Curator
"[01] So, What Is Racism • KNOWsutra Ethically Gipsy Fusion JAZZ",open,No,Lounge Inn 🏝️,open,Angus,profile,54,62,266,0,0,2025-11-10,2026-04-08,2026-07-11,Mid-size Playlist (Repeat)
"[01] So, What Is Racism • KNOWsutra Ethically Gipsy Fusion JAZZ",open,No,RaiNy dAyz!,open,Angus,profile,54,62,243,0,0,2025-11-11,2026-04-08,2026-07-11,Mid-size Playlist (Repeat)
"[01] So, What Is Racism • KNOWsutra Ethically Gipsy Fusion JAZZ",open,No,GenteL RaiN,open,Angus,profile,54,97,405,0,0,2025-11-12,2026-05-11,2026-07-11,Mid-size Playlist (Repeat)
"[01] So, What Is Racism • KNOWsutra Ethically Gipsy Fusion JAZZ",open,No,Late Morning Beats,open,Angus,profile,54,123,532,0,0,2026-01-30,2026-05-10,2026-07-11,Mid-size Playlist (Repeat)
"[02] So, What Is Racism • KNOWsutra Ethically Gipsy Fusion JAZZ",open,Yes,Mountain,open,James Hines,profile,423,412,1660,0,0,2025-03-29,2026-07-06,2026-07-11,Generic Dump (low signal)
"[02] So, What Is Racism • KNOWsutra Ethically Gipsy Fusion JAZZ",open,Yes,Yes,open,James Hines,profile,423,492,1922,5,0,2022-10-27,2026-07-06,2026-07-11,Generic Dump (low signal)
"[02] So, What Is Racism • KNOWsutra Ethically Gipsy Fusion JAZZ",open,Yes,wine n ting,open,James Hines,profile,423,261,1050,0,0,2025-03-30,2026-07-06,2026-07-11,Generic Dump (low signal)
"[02] So, What Is Racism • KNOWsutra Ethically Gipsy Fusion JAZZ",open,Yes,mōrena,open,James Hines,profile,423,163,684,0,0,2025-03-30,2026-06-29,2026-07-11,Mid-size Playlist (Repeat)
"[02] So, What Is Racism • KNOWsutra Ethically Gipsy Fusion JAZZ",open,Yes,Bananasutra!,open,Angus,profile,54,452,1499,1,0,2026-04-08,2026-04-10,2026-07-11,Catalog Mirror (Superfan)
"[03] So, What Is Racism • KNOWsutra Ethically Gipsy Fusion JAZZ",open,Yes,my jazz favorito,open,polo,profile,0,9,215,0,0,2026-06-26,2026-07-06,2026-07-11,Niche/Emerging Curator
"[03] So, What Is Racism • KNOWsutra Ethically Gipsy Fusion JAZZ",open,Yes,Normal,open,TomNorway🇳🇴,profile,5,97,359,2,0,2026-03-27,2026-05-12,2026-07-11,Mid-size Playlist (Repeat)
"[03] So, What Is Racism • KNOWsutra Ethically Gipsy Fusion JAZZ",open,Yes,Late Morning Beats,open,Angus,profile,54,123,532,0,0,2026-01-30,2026-05-10,2026-07-11,Mid-size Playlist (Repeat)
"[05] So, What Is Racism • KNOWsutra Ethically Gipsy Fusion LOFI",open,No,Bananasutra!,open,Angus,profile,54,452,1499,1,0,2026-04-08,2026-04-10,2026-07-11,Catalog Mirror (Superfan)
"[05] So, What Is Racism • KNOWsutra Ethically Gipsy Fusion LOFI",open,No,Late Morning Beats,open,Angus,profile,54,123,532,0,0,2026-01-30,2026-05-10,2026-07-11,Mid-size Playlist (Repeat)
"[07] So, What Is Racism • KNOWsutra Ethically Gipsy Fusion LOFI",open,Yes,65,open,Josef,profile,173,58,232,1,0,2025-02-01,2026-07-08,2026-07-11,Mid-size Playlist (Repeat)
"[07] So, What Is Racism • KNOWsutra Ethically Gipsy Fusion LOFI",open,Yes,Nana Su,open,Lincoln Scott,profile,0,5,19,1,0,2026-05-27,2026-06-15,2026-07-11,Niche/Emerging Curator (Repeat)
"[07] So, What Is Racism • KNOWsutra Ethically Gipsy Fusion LOFI",open,Yes,洒落,open,高田誠哉,profile,0,3,9,0,0,2026-05-22,2026-06-04,2026-07-11,Niche/Emerging Curator (Repeat)
"[07] So, What Is Racism • KNOWsutra Ethically Gipsy Fusion LOFI",open,Yes,Reggae,open,Nando,profile,0,36,195,0,0,2025-10-01,2026-06-05,2026-07-11,Mid-size Playlist
"[07] So, What Is Racism • KNOWsutra Ethically Gipsy Fusion LOFI",open,Yes,"#1""Global worldwide USA. flavor lifestyle 2027 is coming",open,Wayne Lee,profile,22,1,3,0,0,2026-04-12,2026-04-12,2026-07-11,Niche/Emerging Curator
"[07] So, What Is Racism • KNOWsutra Ethically Gipsy Fusion LOFI",open,Yes,Pop Punk NewSoul,open,Cheech Schilko,profile,1,30,99,0,0,2026-02-17,2026-06-10,2026-07-11,Niche/Emerging Curator (Repeat)
"[07] So, What Is Racism • KNOWsutra Ethically Gipsy Fusion LOFI",open,Yes,SoundCloud Weekly,open,Maury Osbourne,profile,4,33,137,0,0,2019-11-11,2026-03-31,2026-07-11,Mid-size Playlist
"[07] So, What Is Racism • KNOWsutra Ethically Gipsy Fusion LOFI",open,Yes,back to the old house,open,tan.v1,profile,0,72,267,0,0,2025-12-03,2026-05-01,2026-07-11,Mid-size Playlist (Repeat)
"[07] So, What Is Racism • KNOWsutra Ethically Gipsy Fusion LOFI",open,Yes,when everything's adorable🎀,open,tan.v1,profile,0,273,947,0,0,2025-12-03,2026-07-04,2026-07-11,Generic Dump (low signal)
"[07] So, What Is Racism • KNOWsutra Ethically Gipsy Fusion LOFI",open,Yes,when life feels normally good🌷,open,tan.v1,profile,0,275,1001,0,0,2025-12-03,2026-07-04,2026-07-11,Generic Dump (low signal)
"[07] So, What Is Racism • KNOWsutra Ethically Gipsy Fusion LOFI",open,Yes,when life's a cinema,open,tan.v1,profile,0,60,221,0,0,2026-01-12,2026-05-18,2026-07-11,Mid-size Playlist (Repeat)
"[07] So, What Is Racism • KNOWsutra Ethically Gipsy Fusion LOFI",open,Yes,when I'm slow dancing at night✨,open,tan.v1,profile,0,44,174,0,0,2026-01-12,2026-05-24,2026-07-11,Mid-size Playlist (Repeat)
"[07] So, What Is Racism • KNOWsutra Ethically Gipsy Fusion LOFI",open,Yes,road trip with yourself?,open,tan.v1,profile,0,67,257,0,0,2026-03-03,2026-05-31,2026-07-11,Mid-size Playlist (Repeat)
[08] Zero Sum • GROWsutra Psychedelick Folk Poetry Bridges The DUB,open,Yes,Start Me Up,open,Sinceyer Smith,profile,3,6,21,0,0,2026-04-08,2026-05-31,2026-07-11,Niche/Emerging Curator
[08] Zero Sum • GROWsutra Psychedelick Folk Poetry Bridges The DUB,open,Yes,Fucktoo,open,Cheech Schilko,profile,1,270,925,1,0,2026-03-24,2026-07-08,2026-07-11,Generic Dump (low signal)
[08] Zero Sum • GROWsutra Psychedelick Folk Poetry Bridges The DUB,open,Yes,Normal,open,TomNorway🇳🇴,profile,5,97,359,2,0,2026-03-27,2026-05-12,2026-07-11,Mid-size Playlist (Repeat)
[08] Zero Sum • GROWsutra Psychedelick Folk Poetry Bridges The DUB,open,Yes,Song,open,Dit,profile,0,9,31,0,0,2026-04-17,2026-04-17,2026-07-11,Niche/Emerging Curator
[08] Zero Sum • GROWsutra Psychedelick Folk Poetry Bridges The DUB,open,Yes,Bananasutra!,open,Angus,profile,54,452,1499,1,0,2026-04-08,2026-04-10,2026-07-11,Catalog Mirror (Superfan)
[08] Zero Sum • GROWsutra Psychedelick Folk Poetry Bridges The DUB,open,Yes,UniRaggae,open,Konok,profile,15,216,874,0,0,2024-10-28,2026-07-08,2026-07-11,Generic Dump (low signal)
[08] Zero Sum • GROWsutra Psychedelick Folk Poetry Bridges The DUB,open,Yes,loverrrr,open,VanGhostZila,profile,18,40,162,0,0,2025-05-27,2026-04-11,2026-07-11,Mid-size Playlist (Repeat)
[08] Zero Sum • GROWsutra Psychedelick Folk Poetry Bridges The DUB,open,Yes,are you that sumbody,open,VanGhostZila,profile,18,64,225,0,0,2025-12-10,2026-04-13,2026-07-11,Mid-size Playlist (Repeat)
[08] Zero Sum • GROWsutra Psychedelick Folk Poetry Bridges The DUB,open,Yes,bon matin bb,open,VanGhostZila,profile,18,21,87,0,0,2025-07-04,2026-04-11,2026-07-11,Niche/Emerging Curator (Repeat)
[08] Zero Sum • GROWsutra Psychedelick Folk Poetry Bridges The DUB,open,Yes,Best Life,open,VanGhostZila,profile,18,21,77,0,0,2025-07-01,2026-04-13,2026-07-11,Niche/Emerging Curator (Repeat)
[08] Zero Sum • GROWsutra Psychedelick Folk Poetry Bridges The DUB,open,Yes,Sämpel Right,open,Cheech Schilko,profile,1,74,289,0,0,2025-12-20,2026-06-18,2026-07-11,Mid-size Playlist (Repeat)
[08] Zero Sum • GROWsutra Psychedelick Folk Poetry Bridges The DUB,open,Yes,Roots,open,Cheech Schilko,profile,1,27,103,0,0,2026-02-15,2026-07-09,2026-07-11,Niche/Emerging Curator (Repeat)
[08] Zero Sum • GROWsutra Psychedelick Folk Poetry Bridges The DUB,open,Yes,Untitled playlist,open,Tu’Madre,profile,1,43,153,0,0,2026-03-21,2026-05-22,2026-07-11,Mid-size Playlist
[08] Zero Sum • GROWsutra Psychedelick Folk Poetry Bridges The DUB,open,Yes,Late Morning Beats,open,Angus,profile,54,123,532,0,0,2026-01-30,2026-05-10,2026-07-11,Mid-size Playlist (Repeat)
[08] Zero Sum • GROWsutra Psychedelick Folk Poetry Bridges The DUB,open,Yes,ragga,open,Dayotano,profile,17,10,45,0,0,2015-05-04,2026-03-26,2026-07-11,Niche/Emerging Curator
[08] Zero Sum • GROWsutra Psychedelick Folk Poetry Bridges The DUB,open,Yes,Jamz,open,BadShape,profile,1,150,706,0,0,2014-12-16,2026-06-10,2026-07-11,Mid-size Playlist
[13] Zero Sum • GROWsutra Psychedelick Gipsy Flamenco Techno Fusion INDIE,open,Yes,Hype music,open,☘︎,profile,2,15,93,0,0,2026-04-17,2026-07-05,2026-07-11,Niche/Emerging Curator
[13] Zero Sum • GROWsutra Psychedelick Gipsy Flamenco Techno Fusion INDIE,open,Yes,GB chell,open,Ung Rosén,profile,1,12,601,0,0,2024-05-02,2026-04-11,2026-07-11,Niche/Emerging Curator (Repeat)
[13] Zero Sum • GROWsutra Psychedelick Gipsy Flamenco Techno Fusion INDIE,open,Yes,ung,open,Ung Rosén,profile,1,31,927,0,0,2016-03-19,2026-04-11,2026-07-11,Mid-size Playlist (Repeat)
[13] Zero Sum • GROWsutra Psychedelick Gipsy Flamenco Techno Fusion INDIE,open,Yes,Untitled,open,Alan Wright,profile,1,95,674,0,0,2024-07-17,2026-07-08,2026-07-11,Mid-size Playlist
[13] Zero Sum • GROWsutra Psychedelick Gipsy Flamenco Techno Fusion INDIE,open,Yes,Lll,open,Liam Saxrud,profile,0,11,35,0,0,2026-03-25,2026-03-29,2026-07-11,Niche/Emerging Curator
[10] Zero Sum • GROWsutra Psychedelick Gipsy Flamenco  Ragga Circus DUB,open,Yes,BananaSutra,open,VicDnB,profile,21,9,35,1,0,2026-06-21,2026-07-04,2026-07-11,Niche/Emerging Curator (Repeat)
[10] Zero Sum • GROWsutra Psychedelick Gipsy Flamenco  Ragga Circus DUB,open,Yes,Feral,open,VicDnB,profile,21,160,617,0,0,2024-08-31,2026-07-06,2026-07-11,Mid-size Playlist (Repeat)
[10] Zero Sum • GROWsutra Psychedelick Gipsy Flamenco  Ragga Circus DUB,open,Yes,Circus Core,open,VicDnB,profile,21,45,154,0,0,2025-01-06,2026-06-20,2026-07-11,Mid-size Playlist (Repeat)
[10] Zero Sum • GROWsutra Psychedelick Gipsy Flamenco  Ragga Circus DUB,open,Yes,Copy of [08] Camus Dit Oui • FLOWsutra (Fly Like Water) Acoustic French Trip Hop Piano Jazz LOFI,open,Shams eldeen,profile,0,49,179,0,0,2026-05-21,2026-05-21,2026-07-11,Mid-size Playlist
[10] Zero Sum • GROWsutra Psychedelick Gipsy Flamenco  Ragga Circus DUB,open,Yes,Battle Track Ideas,open,Skinney1,profile,36,259,917,1,0,2022-10-09,2026-07-04,2026-07-11,Generic Dump (low signal)
[10] Zero Sum • GROWsutra Psychedelick Gipsy Flamenco  Ragga Circus DUB,open,Yes,Untitled Playlist,open,User 314065037,profile,0,117,876,0,0,2023-03-04,2026-06-16,2026-07-11,Mid-size Playlist
[10] Zero Sum • GROWsutra Psychedelick Gipsy Flamenco  Ragga Circus DUB,open,Yes,Up Up Up,open,Ruel Hendrixx,profile,1,9,44,0,0,2026-03-15,2026-03-26,2026-07-11,Niche/Emerging Curator
[14] Zero Sum • GROWsutra Psychedelick Gipsy Flamenco Techno Fusion INDIE,open,Yes,Benedek,open,Robert Perjesi,profile,13,119,3569,0,0,2019-03-01,2026-05-16,2026-07-11,Mid-size Playlist (Repeat)
[14] Zero Sum • GROWsutra Psychedelick Gipsy Flamenco Techno Fusion INDIE,open,Yes,takaritos,open,Robert Perjesi,profile,13,119,3861,0,0,2019-09-12,2026-05-16,2026-07-11,Mid-size Playlist (Repeat)
[14] Zero Sum • GROWsutra Psychedelick Gipsy Flamenco Techno Fusion INDIE,open,Yes,ubuntu,open,Robert Perjesi,profile,13,48,735,0,0,2019-12-18,2026-03-20,2026-07-11,Mid-size Playlist (Repeat)
[14] Zero Sum • GROWsutra Psychedelick Gipsy Flamenco Techno Fusion INDIE,open,Yes,for sex,open,Robert Perjesi,profile,13,75,684,0,0,2019-07-01,2026-05-16,2026-07-11,Mid-size Playlist (Repeat)
[14] Zero Sum • GROWsutra Psychedelick Gipsy Flamenco Techno Fusion INDIE,open,Yes,tancolos,open,Robert Perjesi,profile,13,35,701,0,0,2019-05-15,2026-05-16,2026-07-11,Mid-size Playlist (Repeat)
[12] Zero Sum • GROWsutra Psychedelick Gipsy Indie Ragga Flamenco DUB,open,Yes,Javier shit,open,Jose Laney,profile,1,289,1067,1,0,2024-01-14,2026-07-10,2026-07-11,Generic Dump (low signal)
[12] Zero Sum • GROWsutra Psychedelick Gipsy Indie Ragga Flamenco DUB,open,Yes,bananasutra,open,Volker Seifert,profile,0,50,194,0,0,2026-04-17,2026-04-17,2026-07-11,Mid-size Playlist
[12] Zero Sum • GROWsutra Psychedelick Gipsy Indie Ragga Flamenco DUB,open,Yes,Bananasutra!,open,Angus,profile,54,452,1499,1,0,2026-04-08,2026-04-10,2026-07-11,Catalog Mirror (Superfan)
[12] Zero Sum • GROWsutra Psychedelick Gipsy Indie Ragga Flamenco DUB,open,Yes,reggae,open,Qomar,profile,0,3,12,0,0,2026-04-05,2026-04-05,2026-07-11,Niche/Emerging Curator
[12] Zero Sum • GROWsutra Psychedelick Gipsy Indie Ragga Flamenco DUB,open,Yes,dub,open,Lucas Fommarty,profile,2,107,474,1,0,2024-11-12,2026-03-22,2026-07-11,Mid-size Playlist
[07] Zero Sum • GROWsutra Psychedelick Folk Poetry Bridges The DUB,open,Yes,little brother toin,open,cami,profile,66,150,753,0,0,2026-03-18,2026-07-11,2026-07-11,Mid-size Playlist
[07] Zero Sum • GROWsutra Psychedelick Folk Poetry Bridges The DUB,open,Yes,Clara super mare stella oritur.,open,Heinrich Khunrath,profile,46,332,1715,0,0,2026-06-18,2026-07-05,2026-07-11,Generic Dump (low signal)
[07] Zero Sum • GROWsutra Psychedelick Folk Poetry Bridges The DUB,open,Yes,Copy of [08] Camus Dit Oui • FLOWsutra (Fly Like Water) Acoustic French Trip Hop Piano Jazz LOFI,open,Shams eldeen,profile,0,49,179,0,0,2026-05-21,2026-05-21,2026-07-11,Mid-size Playlist
[07] Zero Sum • GROWsutra Psychedelick Folk Poetry Bridges The DUB,open,Yes,Javier shit,open,Jose Laney,profile,1,289,1067,1,0,2024-01-14,2026-07-10,2026-07-11,Generic Dump (low signal)
[07] Zero Sum • GROWsutra Psychedelick Folk Poetry Bridges The DUB,open,Yes,Bananasutra!,open,Angus,profile,54,452,1499,1,0,2026-04-08,2026-04-10,2026-07-11,Catalog Mirror (Superfan)
[07] Zero Sum • GROWsutra Psychedelick Folk Poetry Bridges The DUB,open,Yes,Europe 2025,open,hatamoto,profile,36,451,1801,0,0,2025-08-05,2026-07-10,2026-07-11,Generic Dump (low signal)
[07] Zero Sum • GROWsutra Psychedelick Folk Poetry Bridges The DUB,open,Yes,dezarie,open,Gustavo Mendonça,profile,0,21,238,0,0,2026-04-06,2026-07-09,2026-07-11,Niche/Emerging Curator
[07] Zero Sum • GROWsutra Psychedelick Folk Poetry Bridges The DUB,open,Yes,Serenades,open,Tahz80,profile,8,131,565,0,0,2026-03-16,2026-06-29,2026-07-11,Mid-size Playlist
[07] Zero Sum • GROWsutra Psychedelick Folk Poetry Bridges The DUB,open,Yes,Workout 🎶🎶,open,Julie Anna Willis,profile,3,238,870,0,0,2024-04-03,2026-07-10,2026-07-11,Generic Dump (low signal)
[07] Zero Sum • GROWsutra Psychedelick Folk Poetry Bridges The DUB,open,Yes,Soul,open,Kay Da Don,profile,53,66,803,1,0,2013-08-16,2026-06-29,2026-07-11,Mid-size Playlist
[07] Zero Sum • GROWsutra Psychedelick Folk Poetry Bridges The DUB,open,Yes,Female vocals,open,Cloudgazer,profile,6,75,290,0,0,2024-08-25,2026-05-25,2026-07-11,Mid-size Playlist
[03] Zero Sum • GROWsutra Hypnotic Post-Punk Motorik Fusion LOFI,open,Yes,Bananasutra,open,Andrew Dobrew,profile,0,17,63,1,0,2026-04-21,2026-05-29,2026-07-11,Niche/Emerging Curator
[03] Zero Sum • GROWsutra Hypnotic Post-Punk Motorik Fusion LOFI,open,Yes,Normal,open,TomNorway🇳🇴,profile,5,97,359,2,0,2026-03-27,2026-05-12,2026-07-11,Mid-size Playlist (Repeat)
[03] Zero Sum • GROWsutra Hypnotic Post-Punk Motorik Fusion LOFI,open,Yes,Untitled Playlist,open,User 314065037,profile,0,117,876,0,0,2023-03-04,2026-06-16,2026-07-11,Mid-size Playlist
[03] Zero Sum • GROWsutra Hypnotic Post-Punk Motorik Fusion LOFI,open,Yes,Life Isnt Real,open,trey fetzer,profile,2,37,141,0,0,2026-04-03,2026-05-24,2026-07-11,Mid-size Playlist
[03] Zero Sum • GROWsutra Hypnotic Post-Punk Motorik Fusion LOFI,open,Yes,guitar,open,tuskan,profile,2,23,90,0,0,2025-09-12,2026-03-26,2026-07-11,Niche/Emerging Curator
[03] Zero Sum • GROWsutra Hypnotic Post-Punk Motorik Fusion LOFI,open,Yes,Chill,open,conor_shannon21,profile,5,103,327,0,0,2026-03-08,2026-07-04,2026-07-11,Mid-size Playlist
[06] Zero Sum • GROWsutra Psychedelick Gipsy Hop Fusion LOFI,open,Yes,Krámek🤎,open,Veru,profile,19,12,43,1,0,2026-04-15,2026-05-08,2026-07-11,Niche/Emerging Curator
[06] Zero Sum • GROWsutra Psychedelick Gipsy Hop Fusion LOFI,open,Yes,are you that sumbody,open,VanGhostZila,profile,18,64,225,0,0,2025-12-10,2026-04-13,2026-07-11,Mid-size Playlist (Repeat)
[06] Zero Sum • GROWsutra Psychedelick Gipsy Hop Fusion LOFI,open,Yes,loverrrr,open,VanGhostZila,profile,18,40,162,0,0,2025-05-27,2026-04-11,2026-07-11,Mid-size Playlist (Repeat)
[06] Zero Sum • GROWsutra Psychedelick Gipsy Hop Fusion LOFI,open,Yes,best of kan ye do it ✨️🤝🏻🔥💪❤️‍🔥,open,VanGhostZila,profile,18,17,90,0,0,2026-02-08,2026-04-10,2026-07-11,Niche/Emerging Curator (Repeat)
[06] Zero Sum • GROWsutra Psychedelick Gipsy Hop Fusion LOFI,open,Yes,the weeknd style,open,VanGhostZila,profile,18,33,124,0,0,2025-10-03,2026-04-10,2026-07-11,Mid-size Playlist (Repeat)
[06] Zero Sum • GROWsutra Psychedelick Gipsy Hop Fusion LOFI,open,Yes,Best Life,open,VanGhostZila,profile,18,21,77,0,0,2025-07-01,2026-04-13,2026-07-11,Niche/Emerging Curator (Repeat)
[06] Zero Sum • GROWsutra Psychedelick Gipsy Hop Fusion LOFI,open,Yes,country rap,open,VanGhostZila,profile,18,9,29,0,0,2025-09-24,2026-04-11,2026-07-11,Niche/Emerging Curator (Repeat)
[06] Zero Sum • GROWsutra Psychedelick Gipsy Hop Fusion LOFI,open,Yes,bon matin bb,open,VanGhostZila,profile,18,21,87,0,0,2025-07-04,2026-04-11,2026-07-11,Niche/Emerging Curator (Repeat)
[06] Zero Sum • GROWsutra Psychedelick Gipsy Hop Fusion LOFI,open,Yes,خ,open,Menna Mamdouh,profile,0,24,96,0,0,2025-11-09,2026-03-25,2026-07-11,Niche/Emerging Curator
[01] Zero Sum • GROWsutra Hypnotic Post-Punk Motorik Fusion LOFI,open,Yes,№2,open,Gato,profile,2,102,379,0,0,2024-12-23,2026-04-01,2026-07-11,Mid-size Playlist
[01] Zero Sum • GROWsutra Hypnotic Post-Punk Motorik Fusion LOFI,open,Yes,Мой новый,open,George,profile,0,73,837,0,0,2024-05-02,2026-04-18,2026-07-11,Mid-size Playlist
[01] Zero Sum • GROWsutra Hypnotic Post-Punk Motorik Fusion LOFI,open,Yes,🫧,open,Andriy woo,profile,33,16,51,3,0,2026-02-16,2026-03-19,2026-07-11,Niche/Emerging Curator
[02] Zero Sum • GROWsutra Hypnotic Post-Punk Motorik Fusion LOFI,open,No,Voices - groove - chill - lounges,open,EricFromento,profile,26,459,5498,2,0,2016-04-01,2026-07-10,2026-07-11,Generic Dump (low signal)
[20] Zero Sum • GROWsutra Psychedelick Post-Punk Cello Dub Cabaret BURLESQUE,open,Yes,Bananasutra,open,Lincoln Scott,profile,0,82,270,2,0,2026-05-21,2026-05-27,2026-07-11,Mid-size Playlist (Repeat)
[07] This Is My Quest • GROWsutra La Poesita Gipsy Fado Flamenco Duende DUB,open,Yes,R and B,open,Lê Phước Lai,profile,0,9,40,0,0,2026-04-04,2026-05-03,2026-07-11,Niche/Emerging Curator
[15] This Is My Quest • GROWsutra Psychedelic Poetry Bridges the DUB,open,Yes,chill2,open,Joshua McCann 4,profile,37,144,575,0,0,2023-02-09,2026-06-30,2026-07-11,Mid-size Playlist (Repeat)
[15] This Is My Quest • GROWsutra Psychedelic Poetry Bridges the DUB,open,Yes,Clara super mare stella oritur.,open,Heinrich Khunrath,profile,46,332,1715,0,0,2026-06-18,2026-07-05,2026-07-11,Generic Dump (low signal)
[15] This Is My Quest • GROWsutra Psychedelic Poetry Bridges the DUB,open,Yes,My Unforgatable Raggae,open,Claudio Otto Fabinacci,profile,1,15,165,0,0,2026-02-17,2026-06-09,2026-07-11,Niche/Emerging Curator
[15] This Is My Quest • GROWsutra Psychedelic Poetry Bridges the DUB,open,Yes,slow motion énergie,open,55cancri e Composition 💎,profile,14,140,585,1,0,2026-02-22,2026-06-28,2026-07-11,Mid-size Playlist (Repeat)
[15] This Is My Quest • GROWsutra Psychedelic Poetry Bridges the DUB,open,Yes,Untitled Playlist,open,55cancri e Composition 💎,profile,14,44,191,0,0,2026-01-15,2026-07-06,2026-07-11,Mid-size Playlist (Repeat)
[15] This Is My Quest • GROWsutra Psychedelic Poetry Bridges the DUB,open,Yes,Copy of [08] Camus Dit Oui • FLOWsutra (Fly Like Water) Acoustic French Trip Hop Piano Jazz LOFI,open,Shams eldeen,profile,0,49,179,0,0,2026-05-21,2026-05-21,2026-07-11,Mid-size Playlist
[15] This Is My Quest • GROWsutra Psychedelic Poetry Bridges the DUB,open,Yes,irgendwie anders,open,Mr.timax,profile,4,430,13550,1,0,2020-09-15,2026-07-09,2026-07-11,Generic Dump (low signal)
[15] This Is My Quest • GROWsutra Psychedelic Poetry Bridges the DUB,open,Yes,singasong,open,Mr.timax,profile,4,78,1093,0,0,2024-05-19,2026-07-11,2026-07-11,Mid-size Playlist (Repeat)
[15] This Is My Quest • GROWsutra Psychedelic Poetry Bridges the DUB,open,Yes,reggaeramp,open,Mr.timax,profile,4,50,443,0,0,2020-06-10,2026-06-08,2026-07-11,Mid-size Playlist (Repeat)
[15] This Is My Quest • GROWsutra Psychedelic Poetry Bridges the DUB,open,Yes,Sutra,open,die Welt ist egal,profile,10,8,31,1,0,2026-04-07,2026-06-22,2026-07-11,Niche/Emerging Curator
[15] This Is My Quest • GROWsutra Psychedelic Poetry Bridges the DUB,open,Yes,Bananasutra!,open,Angus,profile,54,452,1499,1,0,2026-04-08,2026-04-10,2026-07-11,Catalog Mirror (Superfan)
[15] This Is My Quest • GROWsutra Psychedelic Poetry Bridges the DUB,open,Yes,BananaSutra,open,Raoulmusca,profile,0,7,21,1,0,2026-02-22,2026-05-22,2026-07-11,Niche/Emerging Curator
[15] This Is My Quest • GROWsutra Psychedelic Poetry Bridges the DUB,open,Yes,🌴,open,Christian Pangan,profile,0,4,17,0,0,2026-03-31,2026-04-08,2026-07-11,Niche/Emerging Curator
[15] This Is My Quest • GROWsutra Psychedelic Poetry Bridges the DUB,open,Yes,reggae summer vibes party mix,open,DJ CHRISCROSS,profile,63,120,443,0,0,2026-03-25,2026-04-16,2026-07-11,Mid-size Playlist
[15] This Is My Quest • GROWsutra Psychedelic Poetry Bridges the DUB,open,Yes,Reggae,open,João Pedro Fallani,profile,4,9,45,0,0,2024-01-31,2026-04-27,2026-07-11,Niche/Emerging Curator
[19] This Is My Quest • GROWsutra Ethically Psychedelic Gipsy JAZZ,open,Yes,Visions,open,Raddoc888,profile,39,76,298,0,0,2026-05-26,2026-07-05,2026-07-11,Mid-size Playlist
[19] This Is My Quest • GROWsutra Ethically Psychedelic Gipsy JAZZ,open,Yes,Normal,open,TomNorway🇳🇴,profile,5,97,359,2,0,2026-03-27,2026-05-12,2026-07-11,Mid-size Playlist (Repeat)
[06] This Is My Quest • GROWsutra Psychedelic Gipsy Techno Fado Flamenco Duende INDIE,open,Yes,slow motion énergie,open,55cancri e Composition 💎,profile,14,140,585,1,0,2026-02-22,2026-06-28,2026-07-11,Mid-size Playlist (Repeat)
[06] This Is My Quest • GROWsutra Psychedelic Gipsy Techno Fado Flamenco Duende INDIE,open,Yes,Untitled Playlist,open,55cancri e Composition 💎,profile,14,44,191,0,0,2026-01-15,2026-07-06,2026-07-11,Mid-size Playlist (Repeat)
[06] This Is My Quest • GROWsutra Psychedelic Gipsy Techno Fado Flamenco Duende INDIE,open,Yes,bananasutra,open,Volker Seifert,profile,0,50,194,0,0,2026-04-17,2026-04-17,2026-07-11,Mid-size Playlist
[06] This Is My Quest • GROWsutra Psychedelic Gipsy Techno Fado Flamenco Duende INDIE,open,Yes,Bananasutra!,open,Angus,profile,54,452,1499,1,0,2026-04-08,2026-04-10,2026-07-11,Catalog Mirror (Superfan)
[01] This Is My Quest • GROWsutra Psychedelic Gipsy Techno Fado Flamenco Duende INDIE,open,Yes,"funk, jazz, tip No2",open,x3dr,profile,15,82,2528,0,0,2025-02-27,2026-06-27,2026-07-11,Mid-size Playlist
[01] This Is My Quest • GROWsutra Psychedelic Gipsy Techno Fado Flamenco Duende INDIE,open,Yes,№2,open,Gato,profile,2,102,379,0,0,2024-12-23,2026-04-01,2026-07-11,Mid-size Playlist
[12] This Is My Quest • GROWsutra Psychedelic Poetry Bridges the DUB,open,Yes,Madhu,open,Madhuram,profile,27,52,1658,0,0,2026-01-17,2026-05-29,2026-07-11,Mid-size Playlist (Repeat)
[12] This Is My Quest • GROWsutra Psychedelic Poetry Bridges the DUB,open,Yes,Te,open,Madhuram,profile,27,35,860,0,0,2026-01-24,2026-05-17,2026-07-11,Mid-size Playlist (Repeat)
[12] This Is My Quest • GROWsutra Psychedelic Poetry Bridges the DUB,open,Yes,Fred,open,Madhuram,profile,27,21,396,0,0,2026-01-24,2026-05-29,2026-07-11,Niche/Emerging Curator (Repeat)
[12] This Is My Quest • GROWsutra Psychedelic Poetry Bridges the DUB,open,Yes,Viiiiibe,open,Madhuram,profile,27,73,1882,0,0,2026-03-20,2026-07-08,2026-07-11,Mid-size Playlist (Repeat)
[12] This Is My Quest • GROWsutra Psychedelic Poetry Bridges the DUB,open,Yes,Tribe,open,Madhuram,profile,27,34,1107,0,0,2026-04-17,2026-07-08,2026-07-11,Mid-size Playlist (Repeat)
[12] This Is My Quest • GROWsutra Psychedelic Poetry Bridges the DUB,open,Yes,bananasutra,open,Volker Seifert,profile,0,50,194,0,0,2026-04-17,2026-04-17,2026-07-11,Mid-size Playlist
[12] This Is My Quest • GROWsutra Psychedelic Poetry Bridges the DUB,open,Yes,Bananasutra!,open,Angus,profile,54,452,1499,1,0,2026-04-08,2026-04-10,2026-07-11,Catalog Mirror (Superfan)
[12] This Is My Quest • GROWsutra Psychedelic Poetry Bridges the DUB,open,Yes,Solo,open,Endreazbrooklyn,profile,90,22,90,0,0,2026-01-14,2026-05-05,2026-07-11,Priority Curator
[12] This Is My Quest • GROWsutra Psychedelic Poetry Bridges the DUB,open,Yes,Chill,open,Koba,profile,3,43,239,0,0,2026-01-20,2026-03-26,2026-07-11,Mid-size Playlist
[12] This Is My Quest • GROWsutra Psychedelic Poetry Bridges the DUB,open,Yes,Chill,open,kevin fraher,profile,68,13,89,0,0,2025-12-03,2026-03-23,2026-07-11,Priority Curator
[12] This Is My Quest • GROWsutra Psychedelic Poetry Bridges the DUB,open,Yes,tattoo,open,shawn song,profile,2,42,187,1,1,2025-11-09,2026-05-14,2026-07-11,Mid-size Playlist
[12] This Is My Quest • GROWsutra Psychedelic Poetry Bridges the DUB,open,Yes,My Unforgatable Raggae,open,Claudio Otto Fabinacci,profile,1,15,165,0,0,2026-02-17,2026-06-09,2026-07-11,Niche/Emerging Curator
[12] This Is My Quest • GROWsutra Psychedelic Poetry Bridges the DUB,open,Yes,Ragga,open,Squirreltaming,profile,33,82,361,1,0,2023-11-24,2026-05-08,2026-07-11,Mid-size Playlist
[05] This Is My Quest • GROWsutra Psychedelic Gipsy Techno Fado Flamenco Duende INDIE,open,Yes,slow motion énergie,open,55cancri e Composition 💎,profile,14,140,585,1,0,2026-02-22,2026-06-28,2026-07-11,Mid-size Playlist (Repeat)
[05] This Is My Quest • GROWsutra Psychedelic Gipsy Techno Fado Flamenco Duende INDIE,open,Yes,Untitled Playlist,open,55cancri e Composition 💎,profile,14,44,191,0,0,2026-01-15,2026-07-06,2026-07-11,Mid-size Playlist (Repeat)
[05] This Is My Quest • GROWsutra Psychedelic Gipsy Techno Fado Flamenco Duende INDIE,open,Yes,Start Me Up,open,Sinceyer Smith,profile,3,6,21,0,0,2026-04-08,2026-05-31,2026-07-11,Niche/Emerging Curator
[05] This Is My Quest • GROWsutra Psychedelic Gipsy Techno Fado Flamenco Duende INDIE,open,Yes,bananasutra,open,Volker Seifert,profile,0,50,194,0,0,2026-04-17,2026-04-17,2026-07-11,Mid-size Playlist
[09] This Is My Quest • GROWsutra Psychedelic Gipsy Fado Arabesk Lofi Dub INDIE,open,Yes,erotic 27,open,tobiedelstein,profile,7,33,144,1,0,2025-11-25,2026-06-26,2026-07-11,Mid-size Playlist
[09] This Is My Quest • GROWsutra Psychedelic Gipsy Fado Arabesk Lofi Dub INDIE,open,Yes,slow motion énergie,open,55cancri e Composition 💎,profile,14,140,585,1,0,2026-02-22,2026-06-28,2026-07-11,Mid-size Playlist (Repeat)
[09] This Is My Quest • GROWsutra Psychedelic Gipsy Fado Arabesk Lofi Dub INDIE,open,Yes,Untitled Playlist,open,55cancri e Composition 💎,profile,14,44,191,0,0,2026-01-15,2026-07-06,2026-07-11,Mid-size Playlist (Repeat)
[09] This Is My Quest • GROWsutra Psychedelic Gipsy Fado Arabesk Lofi Dub INDIE,open,Yes,Copy of [08] Camus Dit Oui • FLOWsutra (Fly Like Water) Acoustic French Trip Hop Piano Jazz LOFI,open,Shams eldeen,profile,0,49,179,0,0,2026-05-21,2026-05-21,2026-07-11,Mid-size Playlist
[09] This Is My Quest • GROWsutra Psychedelic Gipsy Fado Arabesk Lofi Dub INDIE,open,Yes,Bananasutra!,open,Angus,profile,54,452,1499,1,0,2026-04-08,2026-04-10,2026-07-11,Catalog Mirror (Superfan)
[14] This Is My Quest • GROWsutra Psychedelic Poetry Bridges the DUB,open,No,Lounge Inn 🏝️,open,Angus,profile,54,62,266,0,0,2025-11-10,2026-04-08,2026-07-11,Mid-size Playlist (Repeat)
[14] This Is My Quest • GROWsutra Psychedelic Poetry Bridges the DUB,open,No,RaiNy dAyz!,open,Angus,profile,54,62,243,0,0,2025-11-11,2026-04-08,2026-07-11,Mid-size Playlist (Repeat)
[14] This Is My Quest • GROWsutra Psychedelic Poetry Bridges the DUB,open,No,GenteL RaiN,open,Angus,profile,54,97,405,0,0,2025-11-12,2026-05-11,2026-07-11,Mid-size Playlist (Repeat)
[14] This Is My Quest • GROWsutra Psychedelic Poetry Bridges the DUB,open,No,Late Morning Beats,open,Angus,profile,54,123,532,0,0,2026-01-30,2026-05-10,2026-07-11,Mid-size Playlist (Repeat)
[14] This Is My Quest • GROWsutra Psychedelic Poetry Bridges the DUB,open,No,Bananasutra!,open,Angus,profile,54,452,1499,1,0,2026-04-08,2026-04-10,2026-07-11,Catalog Mirror (Superfan)
[06] My Quest • To dream an impossible dream with Jacques Brel • GLOWsutra Indie Banjo BLUES,open,No,Bananasutra!,open,Angus,profile,54,452,1499,1,0,2026-04-08,2026-04-10,2026-07-11,Catalog Mirror (Superfan)
[06] My Quest • To dream an impossible dream with Jacques Brel • GLOWsutra Indie Banjo BLUES,open,No,go✈️,open,indica,profile,0,66,218,1,0,2026-02-24,2026-04-02,2026-07-11,Mid-size Playlist
[09] Curious Like A Kiss • FLOWsutra Cheeky Duende Arabesk Dub LOFI,open,Yes,slow motion énergie,open,55cancri e Composition 💎,profile,14,140,585,1,0,2026-02-22,2026-06-28,2026-07-11,Mid-size Playlist (Repeat)
[09] Curious Like A Kiss • FLOWsutra Cheeky Duende Arabesk Dub LOFI,open,Yes,Untitled Playlist,open,55cancri e Composition 💎,profile,14,44,191,0,0,2026-01-15,2026-07-06,2026-07-11,Mid-size Playlist (Repeat)
[09] Curious Like A Kiss • FLOWsutra Cheeky Duende Arabesk Dub LOFI,open,Yes,Copy of [08] Camus Dit Oui • FLOWsutra (Fly Like Water) Acoustic French Trip Hop Piano Jazz LOFI,open,Shams eldeen,profile,0,49,179,0,0,2026-05-21,2026-05-21,2026-07-11,Mid-size Playlist
[09] Curious Like A Kiss • FLOWsutra Cheeky Duende Arabesk Dub LOFI,open,Yes,Untitled Playlist,open,User 314065037,profile,0,117,876,0,0,2023-03-04,2026-06-16,2026-07-11,Mid-size Playlist
[09] Curious Like A Kiss • FLOWsutra Cheeky Duende Arabesk Dub LOFI,open,Yes,Late Morning Beats,open,Angus,profile,54,123,532,0,0,2026-01-30,2026-05-10,2026-07-11,Mid-size Playlist (Repeat)
[09] Curious Like A Kiss • FLOWsutra Cheeky Duende Arabesk Dub LOFI,open,Yes,Bananasutra!,open,Angus,profile,54,452,1499,1,0,2026-04-08,2026-04-10,2026-07-11,Catalog Mirror (Superfan)
[09] Curious Like A Kiss • FLOWsutra Cheeky Duende Arabesk Dub LOFI,open,Yes,🤣🤣🤣🤣,open,User 387562623,profile,0,81,278,1,0,2026-01-04,2026-07-11,2026-07-11,Mid-size Playlist
[05] Curious Like A Kiss • FLOWsutra La Poesita Flamenco Duende Dub INDIE,open,Yes,Untitled s*x Playlist,open,Umar Khalefa,profile,3,12,53,0,0,2026-04-26,2026-05-29,2026-07-11,Niche/Emerging Curator (Repeat)
[05] Curious Like A Kiss • FLOWsutra La Poesita Flamenco Duende Dub INDIE,open,Yes,making,open,Umar Khalefa,profile,3,10,53,1,0,2026-04-10,2026-05-26,2026-07-11,Niche/Emerging Curator (Repeat)
[05] Curious Like A Kiss • FLOWsutra La Poesita Flamenco Duende Dub INDIE,open,Yes,Bananasutra!,open,Angus,profile,54,452,1499,1,0,2026-04-08,2026-04-10,2026-07-11,Catalog Mirror (Superfan)
[05] Curious Like A Kiss • FLOWsutra La Poesita Flamenco Duende Dub INDIE,open,Yes,calm,open,Umar Khalefa,profile,3,24,136,0,0,2025-12-02,2026-05-26,2026-07-11,Niche/Emerging Curator (Repeat)
[05] Curious Like A Kiss • FLOWsutra La Poesita Flamenco Duende Dub INDIE,open,Yes,mood,open,Umar Khalefa,profile,3,24,117,0,0,2026-01-08,2026-05-26,2026-07-11,Niche/Emerging Curator (Repeat)
[07] Curious Like A Kiss • FLOWsutra Cheeky Duende Gipsy Fusion LOFI,open,Yes,***2026,open,Crispy Queen,profile,287,496,2961,0,0,2026-01-07,2026-05-09,2026-07-11,Generic Dump (low signal)
[11] Curious Like A Kiss • FLOWsutra Miss Cheeky Classic DUB,open,No,Reggae & Dub,open,Jamin,profile,0,108,428,0,0,2025-01-03,2026-07-09,2026-07-11,Mid-size Playlist (Repeat)
[10] Curious Like A Kiss • FLOWsutra Cheeky Duende Arabesk Dub LOFI,open,Yes,reggae,open,phillyy,profile,29,132,577,1,0,2017-01-19,2026-07-09,2026-07-11,Mid-size Playlist
[10] Curious Like A Kiss • FLOWsutra Cheeky Duende Arabesk Dub LOFI,open,Yes,Cafe,open,Erin T,profile,69,169,2979,1,0,2020-03-22,2026-07-06,2026-07-11,Mid-size Playlist (Repeat)
[10] Curious Like A Kiss • FLOWsutra Cheeky Duende Arabesk Dub LOFI,open,Yes,chill...,open,Erin T,profile,69,38,341,0,0,2025-07-01,2026-03-19,2026-07-11,Mid-size Playlist (Repeat)
[10] Curious Like A Kiss • FLOWsutra Cheeky Duende Arabesk Dub LOFI,open,Yes,Ausar,open,King Mufasa,profile,16,153,584,1,0,2026-03-12,2026-06-06,2026-07-11,Mid-size Playlist
[02] Curious Like A Kiss • FLOWsutra Oh Boy Piano Waltz BURLESQUE,open,Yes,Bananasutra,open,Lincoln Scott,profile,0,82,270,2,0,2026-05-21,2026-05-27,2026-07-11,Mid-size Playlist (Repeat)
[09] What's Funny (Bo Burnham Gone Bananas) • COVERsutra Indie Jazz BURLESQUE,open,No,Bananasutra!,open,Angus,profile,54,452,1499,1,0,2026-04-08,2026-04-10,2026-07-11,Catalog Mirror (Superfan)
[07] F*CK (Bo Burnham Gone Bananas) - COVERsutra Candid Piano Jazz INDIE,open,No,fuck,open,Kavau Jnr Teaukura,profile,1,3,12,0,0,2026-03-08,2026-05-24,2026-07-11,Niche/Emerging Curator
[10] What's Funny (Bo Burnham Gone Bananas) - COVERsutra Indie Reggae DUB,open,Yes,bo,open,emma,profile,0,21,67,0,0,2026-04-09,2026-04-09,2026-07-11,Niche/Emerging Curator
[10] What's Funny (Bo Burnham Gone Bananas) - COVERsutra Indie Reggae DUB,open,Yes,Bananasutra!,open,Angus,profile,54,452,1499,1,0,2026-04-08,2026-04-10,2026-07-11,Catalog Mirror (Superfan)
[05] F*CK (Bo Burnham Gone Bananas) - COVERsutra Candid Piano JAZZ,open,Yes,26.1,open,Wood Butcher,profile,9,213,1245,0,0,2025-12-02,2026-07-09,2026-07-11,Generic Dump (low signal)
[05] F*CK (Bo Burnham Gone Bananas) - COVERsutra Candid Piano JAZZ,open,Yes,bb12,open,Wood Butcher,profile,9,22,83,0,0,2026-05-04,2026-06-12,2026-07-11,Niche/Emerging Curator (Repeat)
[05] F*CK (Bo Burnham Gone Bananas) - COVERsutra Candid Piano JAZZ,open,Yes,late night mix,open,Wood Butcher,profile,9,365,2171,0,0,2024-12-29,2026-07-09,2026-07-11,Generic Dump (low signal)
[05] F*CK (Bo Burnham Gone Bananas) - COVERsutra Candid Piano JAZZ,open,Yes,REGGAE,open,sl dubs,profile,173,142,546,0,0,2025-11-18,2026-06-25,2026-07-11,Mid-size Playlist (Repeat)
[05] F*CK (Bo Burnham Gone Bananas) - COVERsutra Candid Piano JAZZ,open,Yes,Copy of [08] Camus Dit Oui • FLOWsutra (Fly Like Water) Acoustic French Trip Hop Piano Jazz LOFI,open,Shams eldeen,profile,0,49,179,0,0,2026-05-21,2026-05-21,2026-07-11,Mid-size Playlist
[05] F*CK (Bo Burnham Gone Bananas) - COVERsutra Candid Piano JAZZ,open,Yes,Untitled Playlist,open,User 314065037,profile,0,117,876,0,0,2023-03-04,2026-06-16,2026-07-11,Mid-size Playlist
[05] F*CK (Bo Burnham Gone Bananas) - COVERsutra Candid Piano JAZZ,open,Yes,Chill Vibes,open,Fanny Brabant,profile,7,81,335,0,0,2025-08-07,2026-07-11,2026-07-11,Mid-size Playlist
[05] F*CK (Bo Burnham Gone Bananas) - COVERsutra Candid Piano JAZZ,open,Yes,Normal,open,TomNorway🇳🇴,profile,5,97,359,2,0,2026-03-27,2026-05-12,2026-07-11,Mid-size Playlist (Repeat)
[05] F*CK (Bo Burnham Gone Bananas) - COVERsutra Candid Piano JAZZ,open,Yes,AI Has Feelings Now How Did We Get Here So Fast,open,rain,profile,16,6,25,0,0,2025-10-17,2026-04-19,2026-07-11,Niche/Emerging Curator (Repeat)
[05] F*CK (Bo Burnham Gone Bananas) - COVERsutra Candid Piano JAZZ,open,Yes,444,open,rain,profile,16,28,91,0,0,2026-03-18,2026-04-25,2026-07-11,Niche/Emerging Curator (Repeat)
[05] F*CK (Bo Burnham Gone Bananas) - COVERsutra Candid Piano JAZZ,open,Yes,remix🫶🏾😭😫,open,rain,profile,16,11,35,0,0,2026-03-24,2026-06-07,2026-07-11,Niche/Emerging Curator (Repeat)
[05] F*CK (Bo Burnham Gone Bananas) - COVERsutra Candid Piano JAZZ,open,Yes,F**k,open,autikiz,profile,43,2,8,0,0,2026-03-25,2026-07-03,2026-07-11,Niche/Emerging Curator
[05] F*CK (Bo Burnham Gone Bananas) - COVERsutra Candid Piano JAZZ,open,Yes,favs 🤧,open,Kariannah Kearney,profile,11,390,1277,0,0,2025-04-01,2026-07-04,2026-07-11,Generic Dump (low signal)
[02] Welcome to the Internet (Bo Burnham Gone Bananas) • COVERsutra Indie Piano Burlesque JAZZ,open,No,Bananasutra!,open,Angus,profile,54,452,1499,1,0,2026-04-08,2026-04-10,2026-07-11,Catalog Mirror (Superfan)
[02] But(t) How Can You GROWsutra Dem Sed Psychedelic Ragga DUB,open,Yes,Bananasutra!,open,Angus,profile,54,452,1499,1,0,2026-04-08,2026-04-10,2026-07-11,Catalog Mirror (Superfan)
[05] But(t) How Can You GROWsutra F-Bomb Psychedelic Hip Hop LOFI,open,Yes,kwn,open,pasc,profile,0,16,49,2,0,2025-11-08,2026-06-13,2026-07-11,Niche/Emerging Curator
[05] But(t) How Can You GROWsutra F-Bomb Psychedelic Hip Hop LOFI,open,Yes,Light Dance,open,User 93717890,profile,1,6,17,0,0,2026-03-23,2026-03-29,2026-07-11,Niche/Emerging Curator
[08] But(t) How Can You GROWsutra Psychedelic Gipsy Fusion LOFI,open,No,Bananasutra!,open,Angus,profile,54,452,1499,1,0,2026-04-08,2026-04-10,2026-07-11,Catalog Mirror (Superfan)
[05] Spit Back The Lies • BLOWsutra (Revolution Ring) La Poesita Indie Flamenco Fusion DUB,open,Yes,bananasutra,open,Fred Anderson,profile,1,445,1526,1,0,2026-07-08,2026-07-08,2026-07-11,Catalog Mirror (Superfan)
[05] Spit Back The Lies • BLOWsutra (Revolution Ring) La Poesita Indie Flamenco Fusion DUB,open,Yes,Guitar,open,Versos Prod,profile,0,1,4,0,0,2026-03-22,2026-03-22,2026-07-11,Niche/Emerging Curator
[16] Spit Back The Lies • BLOWsutra (Revolution Ring) IBYN Post-Punk Burlesque ROCK,open,No,bananasutra,open,Fred Anderson,profile,1,445,1526,1,0,2026-07-08,2026-07-08,2026-07-11,Catalog Mirror (Superfan)
[06] Spit Back The Lies • BLOWsutra (Revolution Ring) Psychedelick Folk Poetry Bridges the DUB,open,No,bananasutra,open,Fred Anderson,profile,1,445,1526,1,0,2026-07-08,2026-07-08,2026-07-11,Catalog Mirror (Superfan)
[06] Spit Back The Lies • BLOWsutra (Revolution Ring) Psychedelick Folk Poetry Bridges the DUB,open,No,Bananasutra!,open,Angus,profile,54,452,1499,1,0,2026-04-08,2026-04-10,2026-07-11,Catalog Mirror (Superfan)
[04] Spit Back The Lies • BLOWsutra (Revolution Ring) La Poesita Indie Flamenco Fusion DUB,open,No,bananasutra,open,Fred Anderson,profile,1,445,1526,1,0,2026-07-08,2026-07-08,2026-07-11,Catalog Mirror (Superfan)
[17] Spit Back The Lies • BLOWsutra (Revolution Ring) IBYN Post-Punk Burlesque ROCK,open,No,bananasutra,open,Fred Anderson,profile,1,445,1526,1,0,2026-07-08,2026-07-08,2026-07-11,Catalog Mirror (Superfan)
[14] Spit Back The Lies • BLOWsutra (Revolution Ring) Psychedelic F-Bomb Hip Hop Fusion LOFI,open,No,bananasutra,open,Fred Anderson,profile,1,445,1526,1,0,2026-07-08,2026-07-08,2026-07-11,Catalog Mirror (Superfan)
[14] Spit Back The Lies • BLOWsutra (Revolution Ring) Psychedelic F-Bomb Hip Hop Fusion LOFI,open,No,Bananasutra!,open,Angus,profile,54,452,1499,1,0,2026-04-08,2026-04-10,2026-07-11,Catalog Mirror (Superfan)
[10] Spit Back The Lies • BLOWsutra (Revolution Ring) Psychedelick Folk Poetry Bridges the DUB,open,Yes,bananasutra,open,Fred Anderson,profile,1,445,1526,1,0,2026-07-08,2026-07-08,2026-07-11,Catalog Mirror (Superfan)
[10] Spit Back The Lies • BLOWsutra (Revolution Ring) Psychedelick Folk Poetry Bridges the DUB,open,Yes,Normal,open,TomNorway🇳🇴,profile,5,97,359,2,0,2026-03-27,2026-05-12,2026-07-11,Mid-size Playlist (Repeat)
[10] Spit Back The Lies • BLOWsutra (Revolution Ring) Psychedelick Folk Poetry Bridges the DUB,open,Yes,Bananasutra!,open,Angus,profile,54,452,1499,1,0,2026-04-08,2026-04-10,2026-07-11,Catalog Mirror (Superfan)
[10] Spit Back The Lies • BLOWsutra (Revolution Ring) Psychedelick Folk Poetry Bridges the DUB,open,Yes,Lounge Inn 🏝️,open,Angus,profile,54,62,266,0,0,2025-11-10,2026-04-08,2026-07-11,Mid-size Playlist (Repeat)
[10] Spit Back The Lies • BLOWsutra (Revolution Ring) Psychedelick Folk Poetry Bridges the DUB,open,Yes,RaiNy dAyz!,open,Angus,profile,54,62,243,0,0,2025-11-11,2026-04-08,2026-07-11,Mid-size Playlist (Repeat)
[10] Spit Back The Lies • BLOWsutra (Revolution Ring) Psychedelick Folk Poetry Bridges the DUB,open,Yes,GenteL RaiN,open,Angus,profile,54,97,405,0,0,2025-11-12,2026-05-11,2026-07-11,Mid-size Playlist (Repeat)
[10] Spit Back The Lies • BLOWsutra (Revolution Ring) Psychedelick Folk Poetry Bridges the DUB,open,Yes,Late Morning Beats,open,Angus,profile,54,123,532,0,0,2026-01-30,2026-05-10,2026-07-11,Mid-size Playlist (Repeat)
[10] Spit Back The Lies • BLOWsutra (Revolution Ring) Psychedelick Folk Poetry Bridges the DUB,open,Yes,Jazz,open,Дотектив Райчел,profile,2,1,3,0,0,2026-03-17,2026-03-17,2026-07-11,Niche/Emerging Curator
[09] Spit Back The Lies • BLOWsutra (Revolution Ring) Psychedelick Folk Poetry Bridges the DUB,open,No,bananasutra,open,Fred Anderson,profile,1,445,1526,1,0,2026-07-08,2026-07-08,2026-07-11,Catalog Mirror (Superfan)
[09] Spit Back The Lies • BLOWsutra (Revolution Ring) Psychedelick Folk Poetry Bridges the DUB,open,No,Gray💫,open,Mari._.Darling,profile,8,39,143,0,0,2025-10-15,2026-06-24,2026-07-11,Mid-size Playlist
[20] Spit Back The Lies • BLOWsutra (Revolution Ring) Psychedelic Destiny Banjo BLUES,open,Yes,bananasutra,open,Fred Anderson,profile,1,445,1526,1,0,2026-07-08,2026-07-08,2026-07-11,Catalog Mirror (Superfan)
[20] Spit Back The Lies • BLOWsutra (Revolution Ring) Psychedelic Destiny Banjo BLUES,open,Yes,New Chapter,open,Elle,profile,2,19,79,0,0,2026-06-14,2026-07-09,2026-07-11,Niche/Emerging Curator
[20] Spit Back The Lies • BLOWsutra (Revolution Ring) Psychedelic Destiny Banjo BLUES,open,Yes,Dark Feminine Energy,open,Nathaliarosa.online,profile,0,54,253,12,0,2024-07-12,2026-03-26,2026-07-11,Mid-size Playlist
[20] Spit Back The Lies • BLOWsutra (Revolution Ring) Psychedelic Destiny Banjo BLUES,open,Yes,Untitled playlist,open,Nahum,profile,0,71,314,0,0,2026-03-10,2026-07-09,2026-07-11,Mid-size Playlist
[19] Spit Back The Lies • BLOWsutra (Revolution Ring) Psychedelic Destiny Banjo BLUES,open,No,bananasutra,open,Fred Anderson,profile,1,445,1526,1,0,2026-07-08,2026-07-08,2026-07-11,Catalog Mirror (Superfan)
[03] Spit Back The Lies • BLOWsutra (Revolution Ring) Mama-b-c Psychedelic Cello Fusion INDIE,open,Yes,bananasutra,open,Fred Anderson,profile,1,445,1526,1,0,2026-07-08,2026-07-08,2026-07-11,Catalog Mirror (Superfan)
[03] Spit Back The Lies • BLOWsutra (Revolution Ring) Mama-b-c Psychedelic Cello Fusion INDIE,open,Yes,Home,open,Emilia Przemielewska,profile,1,86,764,1,1,2026-06-19,2026-06-19,2026-07-11,Mid-size Playlist
[03] Spit Back The Lies • BLOWsutra (Revolution Ring) Mama-b-c Psychedelic Cello Fusion INDIE,open,Yes,Messages Of Life,open,Mozelle Spencer,profile,32,25,122,0,0,2026-04-25,2026-06-25,2026-07-11,Niche/Emerging Curator
[03] Spit Back The Lies • BLOWsutra (Revolution Ring) Mama-b-c Psychedelic Cello Fusion INDIE,open,Yes,Your Mix 8,open,Женя Кравченко,profile,0,30,173,0,0,2026-04-06,2026-04-06,2026-07-11,Niche/Emerging Curator (Repeat)
[03] Spit Back The Lies • BLOWsutra (Revolution Ring) Mama-b-c Psychedelic Cello Fusion INDIE,open,Yes,couldkillbutcreates,open,User 593675085,profile,1,11,55,0,0,2025-06-06,2026-05-22,2026-07-11,Niche/Emerging Curator
[03] Spit Back The Lies • BLOWsutra (Revolution Ring) Mama-b-c Psychedelic Cello Fusion INDIE,open,Yes,🪬💚🪬,open,Sacred Valley Elemental Tours,profile,27,18,93,1,0,2025-12-04,2026-04-03,2026-07-11,Niche/Emerging Curator
[03] Spit Back The Lies • BLOWsutra (Revolution Ring) Mama-b-c Psychedelic Cello Fusion INDIE,open,Yes,downtempo,open,Vjeri,profile,20,43,1679,0,0,2019-03-24,2026-03-20,2026-07-11,Mid-size Playlist
[03] Spit Back The Lies • BLOWsutra (Revolution Ring) Mama-b-c Psychedelic Cello Fusion INDIE,open,Yes,My skin,open,Tori ♡,profile,3,8,38,0,0,2026-02-05,2026-04-23,2026-07-11,Niche/Emerging Curator
[03] Spit Back The Lies • BLOWsutra (Revolution Ring) Mama-b-c Psychedelic Cello Fusion INDIE,open,Yes,g,open,joshua kim,profile,1,37,219,1,0,2015-10-16,2026-05-07,2026-07-11,Mid-size Playlist
[03] Spit Back The Lies • BLOWsutra (Revolution Ring) Mama-b-c Psychedelic Cello Fusion INDIE,open,Yes,aya,open,Евгений Сушков,profile,5,89,788,2,1,2024-10-05,2026-07-06,2026-07-11,Mid-size Playlist
[11] Spit Back The Lies • BLOWsutra (Revolution Ring) Indie Gipsy Hip Hop Fusion LOFI,open,Yes,bananasutra,open,Fred Anderson,profile,1,445,1526,1,0,2026-07-08,2026-07-08,2026-07-11,Catalog Mirror (Superfan)
[11] Spit Back The Lies • BLOWsutra (Revolution Ring) Indie Gipsy Hip Hop Fusion LOFI,open,Yes,Bananasutra!,open,Angus,profile,54,452,1499,1,0,2026-04-08,2026-04-10,2026-07-11,Catalog Mirror (Superfan)
[11] Spit Back The Lies • BLOWsutra (Revolution Ring) Indie Gipsy Hip Hop Fusion LOFI,open,Yes,That Chill Low Vibe 🌧️🫧,open,Michaelcoldham8,profile,0,34,109,0,0,2025-05-23,2026-06-12,2026-07-11,Mid-size Playlist
[02] Spit Back The Lies • BLOWsutra (Revolution Ring) Mama-b-c Psychedelic Cello Fusion INDIE,open,Yes,bananasutra,open,Fred Anderson,profile,1,445,1526,1,0,2026-07-08,2026-07-08,2026-07-11,Catalog Mirror (Superfan)
[02] Spit Back The Lies • BLOWsutra (Revolution Ring) Mama-b-c Psychedelic Cello Fusion INDIE,open,Yes,Strings & Woodwinds,open,misha7489,profile,0,13,42,0,0,2014-07-23,2026-04-07,2026-07-11,Niche/Emerging Curator
[08] Spit Back The Lies • BLOWsutra (Revolution Ring) Psychedelick Folk Poetry Bridges the DUB,open,Yes,bananasutra,open,Fred Anderson,profile,1,445,1526,1,0,2026-07-08,2026-07-08,2026-07-11,Catalog Mirror (Superfan)
[08] Spit Back The Lies • BLOWsutra (Revolution Ring) Psychedelick Folk Poetry Bridges the DUB,open,Yes,kakeira,open,Helder Rodrigues,profile,3,4,45,0,0,2026-03-26,2026-03-26,2026-07-11,Niche/Emerging Curator
[08] Spit Back The Lies • BLOWsutra (Revolution Ring) Psychedelick Folk Poetry Bridges the DUB,open,Yes,#alternative,open,Davit Gelashvili,profile,2,14,60,0,0,2020-08-24,2026-03-23,2026-07-11,Niche/Emerging Curator
[08] Spit Back The Lies • BLOWsutra (Revolution Ring) Psychedelick Folk Poetry Bridges the DUB,open,Yes,Blues 2026 David Luz,open,David Luz Rodríguez,profile,1,7,26,0,0,2025-09-23,2026-03-14,2026-07-11,Niche/Emerging Curator
[08] Spit Back The Lies • BLOWsutra (Revolution Ring) Psychedelick Folk Poetry Bridges the DUB,open,Yes,Pa las niñas,open,CitriC,profile,32,194,880,7,1,2014-07-22,2026-06-19,2026-07-11,Mid-size Playlist (Repeat)
[08] Spit Back The Lies • BLOWsutra (Revolution Ring) Psychedelick Folk Poetry Bridges the DUB,open,Yes,Chill the Third,open,CitriC,profile,32,81,418,0,0,2025-06-11,2026-07-05,2026-07-11,Mid-size Playlist (Repeat)
[08] Spit Back The Lies • BLOWsutra (Revolution Ring) Psychedelick Folk Poetry Bridges the DUB,open,Yes,Lairig,open,User 719202113,profile,1,121,493,0,0,2026-01-21,2026-07-09,2026-07-11,Mid-size Playlist (Repeat)
[08] Spit Back The Lies • BLOWsutra (Revolution Ring) Psychedelick Folk Poetry Bridges the DUB,open,Yes,Double Refined,open,User 719202113,profile,1,64,243,0,0,2025-08-16,2026-03-08,2026-07-11,Mid-size Playlist (Repeat)
[08] Spit Back The Lies • BLOWsutra (Revolution Ring) Psychedelick Folk Poetry Bridges the DUB,open,Yes,Flowers,open,browoo,profile,12,80,411,0,0,2025-07-18,2026-07-08,2026-07-11,Mid-size Playlist
[07] Spit Back The Lies • BLOWsutra (Revolution Ring) Psychedelick Folk Poetry Bridges the DUB,open,No,bananasutra,open,Fred Anderson,profile,1,445,1526,1,0,2026-07-08,2026-07-08,2026-07-11,Catalog Mirror (Superfan)
[15] Spit Back The Lies • BLOWsutra (Revolution Ring) Psychedelic F-Bomb Hip Hop Fusion LOFI,open,No,bananasutra,open,Fred Anderson,profile,1,445,1526,1,0,2026-07-08,2026-07-08,2026-07-11,Catalog Mirror (Superfan)
[01] Spit Back The Lies • BLOWsutra (Revolution Ring) Mama-b-c Psychedelic Cello Fusion INDIE,open,No,bananasutra,open,Fred Anderson,profile,1,445,1526,1,0,2026-07-08,2026-07-08,2026-07-11,Catalog Mirror (Superfan)
[01] Spit Back The Lies • BLOWsutra (Revolution Ring) Mama-b-c Psychedelic Cello Fusion INDIE,open,No,Ấn Con Mẹ Nó Độ,open,Thân,profile,1,3,9,0,0,2026-03-06,2026-03-06,2026-07-11,Niche/Emerging Curator
[12] Spit Back The Lies • BLOWsutra (Revolution Ring) Indie Gipsy Hip Hop Fusion LOFI,open,No,bananasutra,open,Fred Anderson,profile,1,445,1526,1,0,2026-07-08,2026-07-08,2026-07-11,Catalog Mirror (Superfan)
[13] Spit Back The Lies • BLOWsutra (Revolution Ring) Psychedelic Bruh Hip Hop Dub LOFI,open,Yes,bananasutra,open,Fred Anderson,profile,1,445,1526,1,0,2026-07-08,2026-07-08,2026-07-11,Catalog Mirror (Superfan)
[13] Spit Back The Lies • BLOWsutra (Revolution Ring) Psychedelic Bruh Hip Hop Dub LOFI,open,Yes,slow motion énergie,open,55cancri e Composition 💎,profile,14,140,585,1,0,2026-02-22,2026-06-28,2026-07-11,Mid-size Playlist (Repeat)
[13] Spit Back The Lies • BLOWsutra (Revolution Ring) Psychedelic Bruh Hip Hop Dub LOFI,open,Yes,Untitled Playlist,open,55cancri e Composition 💎,profile,14,44,191,0,0,2026-01-15,2026-07-06,2026-07-11,Mid-size Playlist (Repeat)
[13] Spit Back The Lies • BLOWsutra (Revolution Ring) Psychedelic Bruh Hip Hop Dub LOFI,open,Yes,Copy of [08] Camus Dit Oui • FLOWsutra (Fly Like Water) Acoustic French Trip Hop Piano Jazz LOFI,open,Shams eldeen,profile,0,49,179,0,0,2026-05-21,2026-05-21,2026-07-11,Mid-size Playlist
[13] Spit Back The Lies • BLOWsutra (Revolution Ring) Psychedelic Bruh Hip Hop Dub LOFI,open,Yes,Battle Track Ideas,open,Skinney1,profile,36,259,917,1,0,2022-10-09,2026-07-04,2026-07-11,Generic Dump (low signal)
[13] Spit Back The Lies • BLOWsutra (Revolution Ring) Psychedelic Bruh Hip Hop Dub LOFI,open,Yes,favorite 2,open,appey,profile,0,163,692,0,0,2025-03-12,2026-05-04,2026-07-11,Mid-size Playlist
[13] Spit Back The Lies • BLOWsutra (Revolution Ring) Psychedelic Bruh Hip Hop Dub LOFI,open,Yes,Bananasutra!,open,Angus,profile,54,452,1499,1,0,2026-04-08,2026-04-10,2026-07-11,Catalog Mirror (Superfan)
[13] Spit Back The Lies • BLOWsutra (Revolution Ring) Psychedelic Bruh Hip Hop Dub LOFI,open,Yes,New Playlist,open,Vasile Rusu,profile,2,80,261,0,0,2025-11-08,2026-07-07,2026-07-11,Mid-size Playlist
[18] Spit Back The Lies • BLOWsutra (Revolution Ring) PB Gal Post-Punk Burlesque ROCK,open,No,bananasutra,open,Fred Anderson,profile,1,445,1526,1,0,2026-07-08,2026-07-08,2026-07-11,Catalog Mirror (Superfan)
[08] Kiss A Pulse • GLOWsutra (Lucille Clifton Poetry) Psychedelic Folk Bridges the DUB,open,Yes,Late Morning Beats,open,Angus,profile,54,123,532,0,0,2026-01-30,2026-05-10,2026-07-11,Mid-size Playlist (Repeat)
[08] Kiss A Pulse • GLOWsutra (Lucille Clifton Poetry) Psychedelic Folk Bridges the DUB,open,Yes,Bananasutra!,open,Angus,profile,54,452,1499,1,0,2026-04-08,2026-04-10,2026-07-11,Catalog Mirror (Superfan)
[08] Kiss A Pulse • GLOWsutra (Lucille Clifton Poetry) Psychedelic Folk Bridges the DUB,open,Yes,🇯🇲,open,Júlia Verissimo,profile,0,5,19,0,0,2026-02-25,2026-06-13,2026-07-11,Niche/Emerging Curator
[08] Kiss A Pulse • GLOWsutra (Lucille Clifton Poetry) Psychedelic Folk Bridges the DUB,open,Yes,✨☀️,open,Cindy Emanuelle,profile,4,7,31,0,0,2026-03-10,2026-03-10,2026-07-11,Niche/Emerging Curator
[08] Kiss A Pulse • GLOWsutra (Lucille Clifton Poetry) Psychedelic Folk Bridges the DUB,open,Yes,Possibilities,open,User 341099882,profile,0,39,189,1,0,2025-10-07,2026-04-15,2026-07-11,Mid-size Playlist
[08] Kiss A Pulse • GLOWsutra (Lucille Clifton Poetry) Psychedelic Folk Bridges the DUB,open,Yes,Work,open,Rhysmoseley1,profile,3,128,500,0,0,2026-02-08,2026-07-10,2026-07-11,Mid-size Playlist (Repeat)
[08] Kiss A Pulse • GLOWsutra (Lucille Clifton Poetry) Psychedelic Folk Bridges the DUB,open,Yes,Work,open,Rhysmoseley1,profile,3,70,299,0,0,2026-02-08,2026-07-10,2026-07-11,Mid-size Playlist (Repeat)
[08] Kiss A Pulse • GLOWsutra (Lucille Clifton Poetry) Psychedelic Folk Bridges the DUB,open,Yes,Lounge Inn 🏝️,open,Angus,profile,54,62,266,0,0,2025-11-10,2026-04-08,2026-07-11,Mid-size Playlist (Repeat)
[08] Kiss A Pulse • GLOWsutra (Lucille Clifton Poetry) Psychedelic Folk Bridges the DUB,open,Yes,RaiNy dAyz!,open,Angus,profile,54,62,243,0,0,2025-11-11,2026-04-08,2026-07-11,Mid-size Playlist (Repeat)
[08] Kiss A Pulse • GLOWsutra (Lucille Clifton Poetry) Psychedelic Folk Bridges the DUB,open,Yes,GenteL RaiN,open,Angus,profile,54,97,405,0,0,2025-11-12,2026-05-11,2026-07-11,Mid-size Playlist (Repeat)
[15] Kiss A Pulse • GLOWsutra (Lucille Clifton Poetry) Psychedelic Destiny Banjo Soul BLUES,open,Yes,novs,open,Age_vlad,profile,4,69,468,0,0,2024-11-22,2026-03-22,2026-07-11,Mid-size Playlist
[15] Kiss A Pulse • GLOWsutra (Lucille Clifton Poetry) Psychedelic Destiny Banjo Soul BLUES,open,Yes,Camp,open,midomidosat,profile,21,39,150,7,4,2025-08-25,2026-05-28,2026-07-11,Mid-size Playlist
[15] Kiss A Pulse • GLOWsutra (Lucille Clifton Poetry) Psychedelic Destiny Banjo Soul BLUES,open,Yes,Mood,open,Shazman,profile,17,54,198,1,0,2025-09-24,2026-03-10,2026-07-11,Mid-size Playlist
[15] Kiss A Pulse • GLOWsutra (Lucille Clifton Poetry) Psychedelic Destiny Banjo Soul BLUES,open,Yes,Slow beat,open,Ruby,profile,0,22,67,0,0,2026-03-09,2026-03-28,2026-07-11,Niche/Emerging Curator
[15] Kiss A Pulse • GLOWsutra (Lucille Clifton Poetry) Psychedelic Destiny Banjo Soul BLUES,open,Yes,unique,open,Lazyasthetics,profile,1,2,8,0,0,2026-03-05,2026-03-05,2026-07-11,Niche/Emerging Curator
[13] Kiss A Pulse • GLOWsutra (Lucille Clifton Poetry) Psychedelic Indie Tango Cabaret BURLESQUE,open,No,JAZ系,open,User 509808046,profile,1,9,27,0,0,2025-12-04,2026-07-06,2026-07-11,Niche/Emerging Curator
[16] Kiss A Pulse • GLOWsutra (Lucille Clifton Poetry) Psychedelic Destiny Banjo Soul BLUES,open,Yes,𝒻𝓇ℴ𝓂 𝓂𝓎 𝓈ℴ𝓁𝓁 🌋🌋🌋,open,Hops,profile,1,221,993,0,0,2026-06-14,2026-06-14,2026-07-11,Generic Dump (low signal)
[16] Kiss A Pulse • GLOWsutra (Lucille Clifton Poetry) Psychedelic Destiny Banjo Soul BLUES,open,Yes,sadgirls,open,Tungi,profile,15,28,134,0,0,2021-06-19,2026-06-03,2026-07-11,Niche/Emerging Curator (Repeat)
[16] Kiss A Pulse • GLOWsutra (Lucille Clifton Poetry) Psychedelic Destiny Banjo Soul BLUES,open,Yes,Weird,open,Jeff in the Wild,profile,17,8,29,0,0,2026-03-29,2026-05-23,2026-07-11,Niche/Emerging Curator (Repeat)
[16] Kiss A Pulse • GLOWsutra (Lucille Clifton Poetry) Psychedelic Destiny Banjo Soul BLUES,open,Yes,Sunday Breakfast,open,Kyra Mylina Thaysen,profile,10,10,37,0,0,2026-04-05,2026-06-23,2026-07-11,Niche/Emerging Curator
[16] Kiss A Pulse • GLOWsutra (Lucille Clifton Poetry) Psychedelic Destiny Banjo Soul BLUES,open,Yes,Smooth Chill,open,Flix,profile,1,34,129,0,0,2026-04-27,2026-06-05,2026-07-11,Mid-size Playlist
[16] Kiss A Pulse • GLOWsutra (Lucille Clifton Poetry) Psychedelic Destiny Banjo Soul BLUES,open,Yes,Bananasutra,open,Andrew Dobrew,profile,0,17,63,1,0,2026-04-21,2026-05-29,2026-07-11,Niche/Emerging Curator
[16] Kiss A Pulse • GLOWsutra (Lucille Clifton Poetry) Psychedelic Destiny Banjo Soul BLUES,open,Yes,Noice 3,open,Vincent,profile,4,142,513,0,0,2026-01-06,2026-07-07,2026-07-11,Mid-size Playlist
[16] Kiss A Pulse • GLOWsutra (Lucille Clifton Poetry) Psychedelic Destiny Banjo Soul BLUES,open,Yes,구룸비,open,poodo,profile,0,91,327,0,0,2026-04-13,2026-04-13,2026-07-11,Mid-size Playlist
[16] Kiss A Pulse • GLOWsutra (Lucille Clifton Poetry) Psychedelic Destiny Banjo Soul BLUES,open,Yes,올리브,open,조용균,profile,5,7,29,0,0,2026-04-12,2026-05-22,2026-07-11,Niche/Emerging Curator
[16] Kiss A Pulse • GLOWsutra (Lucille Clifton Poetry) Psychedelic Destiny Banjo Soul BLUES,open,Yes,Bananasutra!,open,Angus,profile,54,452,1499,1,0,2026-04-08,2026-04-10,2026-07-11,Catalog Mirror (Superfan)
[16] Kiss A Pulse • GLOWsutra (Lucille Clifton Poetry) Psychedelic Destiny Banjo Soul BLUES,open,Yes,𝒻𝓇ℴ𝓂 𝓂𝓎 𝓈ℴ𝓁𝓁 🌋🌋🌋,open,𝓱𝓸𝓹𝓼,profile,19,223,1020,1,0,2026-03-19,2026-05-06,2026-07-11,Generic Dump (low signal)
[16] Kiss A Pulse • GLOWsutra (Lucille Clifton Poetry) Psychedelic Destiny Banjo Soul BLUES,open,Yes,Blenderbender,open,TrulzDaddy,profile,0,8,30,0,0,2026-03-29,2026-04-15,2026-07-11,Niche/Emerging Curator
[16] Kiss A Pulse • GLOWsutra (Lucille Clifton Poetry) Psychedelic Destiny Banjo Soul BLUES,open,Yes,Normal,open,TomNorway🇳🇴,profile,5,97,359,2,0,2026-03-27,2026-05-12,2026-07-11,Mid-size Playlist (Repeat)
[16] Kiss A Pulse • GLOWsutra (Lucille Clifton Poetry) Psychedelic Destiny Banjo Soul BLUES,open,Yes,2026,open,User 137557775,profile,0,77,333,0,0,2026-01-11,2026-05-04,2026-07-11,Mid-size Playlist
[16] Kiss A Pulse • GLOWsutra (Lucille Clifton Poetry) Psychedelic Destiny Banjo Soul BLUES,open,Yes,red wine solos,open,Chris,profile,13,9,40,0,0,2026-03-21,2026-07-10,2026-07-11,Niche/Emerging Curator
[16] Kiss A Pulse • GLOWsutra (Lucille Clifton Poetry) Psychedelic Destiny Banjo Soul BLUES,open,Yes,26.01.26,open,𑣲vldzngkteen𑣲,profile,1,17,67,0,0,2026-01-25,2026-06-16,2026-07-11,Niche/Emerging Curator
[09] Kiss A Pulse • GLOWsutra (Lucille Clifton Poetry) Psychedelic Folk Bridges the DUB,open,Yes,"Cafe Beats,Lo Fi Jazz Mix 2🎺❤️",open,Gabor Galactic,profile,40,230,892,0,0,2026-03-02,2026-07-05,2026-07-11,Generic Dump (low signal)
[09] Kiss A Pulse • GLOWsutra (Lucille Clifton Poetry) Psychedelic Folk Bridges the DUB,open,Yes,Copy of [08] Camus Dit Oui • FLOWsutra (Fly Like Water) Acoustic French Trip Hop Piano Jazz LOFI,open,Shams eldeen,profile,0,49,179,0,0,2026-05-21,2026-05-21,2026-07-11,Mid-size Playlist
[09] Kiss A Pulse • GLOWsutra (Lucille Clifton Poetry) Psychedelic Folk Bridges the DUB,open,Yes,Reggie Ayyeee,open,Brodie Brown 2,profile,49,18,64,0,0,2026-04-24,2026-05-01,2026-07-11,Niche/Emerging Curator
[09] Kiss A Pulse • GLOWsutra (Lucille Clifton Poetry) Psychedelic Folk Bridges the DUB,open,Yes,bananasutra,open,Volker Seifert,profile,0,50,194,0,0,2026-04-17,2026-04-17,2026-07-11,Mid-size Playlist
[09] Kiss A Pulse • GLOWsutra (Lucille Clifton Poetry) Psychedelic Folk Bridges the DUB,open,Yes,Bananasutra!,open,Angus,profile,54,452,1499,1,0,2026-04-08,2026-04-10,2026-07-11,Catalog Mirror (Superfan)
[09] Kiss A Pulse • GLOWsutra (Lucille Clifton Poetry) Psychedelic Folk Bridges the DUB,open,Yes,summer,open,grace,profile,38,92,376,0,0,2025-11-08,2026-06-13,2026-07-11,Mid-size Playlist
[10] Kiss A Pulse • GLOWsutra (Lucille Clifton Poetry) Psychedelic Poesita Cello Indie DUB,open,No,Bananasutra!,open,Angus,profile,54,452,1499,1,0,2026-04-08,2026-04-10,2026-07-11,Catalog Mirror (Superfan)
[06] Kiss A Pulse • GLOWsutra (Lucille Clifton Poetry) Psychedelic Folk Bridges the DUB,open,Yes,Reage,open,Edson Holanda,profile,13,11,48,0,0,2026-03-26,2026-06-26,2026-07-11,Niche/Emerging Curator
[06] Kiss A Pulse • GLOWsutra (Lucille Clifton Poetry) Psychedelic Folk Bridges the DUB,open,Yes,🍃🚬,open,ikons,profile,2,55,196,3,0,2023-09-12,2026-06-19,2026-07-11,Mid-size Playlist
[06] Kiss A Pulse • GLOWsutra (Lucille Clifton Poetry) Psychedelic Folk Bridges the DUB,open,Yes,Copy of [08] Camus Dit Oui • FLOWsutra (Fly Like Water) Acoustic French Trip Hop Piano Jazz LOFI,open,Shams eldeen,profile,0,49,179,0,0,2026-05-21,2026-05-21,2026-07-11,Mid-size Playlist
[06] Kiss A Pulse • GLOWsutra (Lucille Clifton Poetry) Psychedelic Folk Bridges the DUB,open,Yes,Sky Chillin’,open,ANJOK,profile,6,32,141,1,0,2026-05-05,2026-06-02,2026-07-11,Mid-size Playlist (Repeat)
[06] Kiss A Pulse • GLOWsutra (Lucille Clifton Poetry) Psychedelic Folk Bridges the DUB,open,Yes,new frequency,open,Bogdan Ianc,profile,1,20,90,2,0,2026-05-02,2026-06-15,2026-07-11,Niche/Emerging Curator
[06] Kiss A Pulse • GLOWsutra (Lucille Clifton Poetry) Psychedelic Folk Bridges the DUB,open,Yes,Boat Music,open,Chase Bullen,profile,0,28,111,0,0,2026-04-25,2026-04-25,2026-07-11,Niche/Emerging Curator
[06] Kiss A Pulse • GLOWsutra (Lucille Clifton Poetry) Psychedelic Folk Bridges the DUB,open,Yes,bananasutra,open,Volker Seifert,profile,0,50,194,0,0,2026-04-17,2026-04-17,2026-07-11,Mid-size Playlist
[06] Kiss A Pulse • GLOWsutra (Lucille Clifton Poetry) Psychedelic Folk Bridges the DUB,open,Yes,2026 2026,open,User 100661765,profile,4,22,130,1,0,2026-04-15,2026-05-08,2026-07-11,Niche/Emerging Curator
[06] Kiss A Pulse • GLOWsutra (Lucille Clifton Poetry) Psychedelic Folk Bridges the DUB,open,Yes,tattoo,open,shawn song,profile,2,42,187,1,1,2025-11-09,2026-05-14,2026-07-11,Mid-size Playlist
[06] Kiss A Pulse • GLOWsutra (Lucille Clifton Poetry) Psychedelic Folk Bridges the DUB,open,Yes,Boat Music,open,user240553052,profile,1,29,114,0,0,2025-10-14,2026-05-01,2026-07-11,Niche/Emerging Curator
[06] Kiss A Pulse • GLOWsutra (Lucille Clifton Poetry) Psychedelic Folk Bridges the DUB,open,Yes,Reggae Mornins,open,Jeff in the Wild,profile,17,17,304,1,0,2026-02-09,2026-05-17,2026-07-11,Niche/Emerging Curator (Repeat)
[06] Kiss A Pulse • GLOWsutra (Lucille Clifton Poetry) Psychedelic Folk Bridges the DUB,open,Yes,Reggae Summer,open,J'Shua Fruge',profile,3,21,74,0,0,2025-07-25,2026-03-26,2026-07-11,Niche/Emerging Curator
[06] Kiss A Pulse • GLOWsutra (Lucille Clifton Poetry) Psychedelic Folk Bridges the DUB,open,Yes,Audio test,open,Lazarescu Mihai,profile,0,87,605,1,0,2026-02-19,2026-07-09,2026-07-11,Mid-size Playlist (Repeat)
[06] Kiss A Pulse • GLOWsutra (Lucille Clifton Poetry) Psychedelic Folk Bridges the DUB,open,Yes,jazz + soul + blues,open,Lazarescu Mihai,profile,0,66,288,2,0,2026-01-18,2026-07-08,2026-07-11,Mid-size Playlist (Repeat)
[07] Kiss A Pulse • GLOWsutra (Lucille Clifton Poetry) Psychedelic Folk Bridges the DUB,open,Yes,Sali,open,issa dupalan,profile,16,160,811,0,0,2021-08-24,2026-07-10,2026-07-11,Mid-size Playlist
[07] Kiss A Pulse • GLOWsutra (Lucille Clifton Poetry) Psychedelic Folk Bridges the DUB,open,Yes,Bananasutra!,open,Angus,profile,54,452,1499,1,0,2026-04-08,2026-04-10,2026-07-11,Catalog Mirror (Superfan)
[07] Kiss A Pulse • GLOWsutra (Lucille Clifton Poetry) Psychedelic Folk Bridges the DUB,open,Yes,quiet,open,karim rashid,profile,0,2,12,0,0,2026-03-19,2026-03-19,2026-07-11,Niche/Emerging Curator
[07] Kiss A Pulse • GLOWsutra (Lucille Clifton Poetry) Psychedelic Folk Bridges the DUB,open,Yes,jungle,open,Jérôme Delsart,profile,52,78,1759,0,0,2019-10-20,2026-06-05,2026-07-11,Mid-size Playlist
[07] Kiss A Pulse • GLOWsutra (Lucille Clifton Poetry) Psychedelic Folk Bridges the DUB,open,Yes,Roadtrip 2,open,Jappio,profile,6,91,374,0,0,2025-11-30,2026-06-23,2026-07-11,Mid-size Playlist (Repeat)
[07] Kiss A Pulse • GLOWsutra (Lucille Clifton Poetry) Psychedelic Folk Bridges the DUB,open,Yes,Lekker 2026,open,Jappio,profile,6,105,430,0,0,2026-01-02,2026-06-26,2026-07-11,Mid-size Playlist (Repeat)
[03] Kiss A Pulse • GLOWsutra (Lucille Clifton Poetry) Indie Gipsy Fusion LOFI,open,Yes,Bananasutra!,open,Angus,profile,54,452,1499,1,0,2026-04-08,2026-04-10,2026-07-11,Catalog Mirror (Superfan)
[03] Kiss A Pulse • GLOWsutra (Lucille Clifton Poetry) Indie Gipsy Fusion LOFI,open,Yes,BiG AL🙏,open,Angus,profile,54,121,497,0,0,2025-07-29,2026-05-11,2026-07-11,Mid-size Playlist (Repeat)
[03] Kiss A Pulse • GLOWsutra (Lucille Clifton Poetry) Indie Gipsy Fusion LOFI,open,Yes,TechNo Lo-Fi,open,Angus,profile,54,61,453,0,0,2025-11-22,2026-05-11,2026-07-11,Mid-size Playlist (Repeat)
[03] Kiss A Pulse • GLOWsutra (Lucille Clifton Poetry) Indie Gipsy Fusion LOFI,open,Yes,Late Morning Beats,open,Angus,profile,54,123,532,0,0,2026-01-30,2026-05-10,2026-07-11,Mid-size Playlist (Repeat)
[01] Kiss A Pulse • GLOWsutra (Lucille Clifton Poetry) Ethically Gipsy JAZZ,open,Yes,Bananasutra,open,Lincoln Scott,profile,0,82,270,2,0,2026-05-21,2026-05-27,2026-07-11,Mid-size Playlist (Repeat)
[01] Kiss A Pulse • GLOWsutra (Lucille Clifton Poetry) Ethically Gipsy JAZZ,open,Yes,Blenderbender,open,TrulzDaddy,profile,0,8,30,0,0,2026-03-29,2026-04-15,2026-07-11,Niche/Emerging Curator
[01] Kiss A Pulse • GLOWsutra (Lucille Clifton Poetry) Ethically Gipsy JAZZ,open,Yes,Normal,open,TomNorway🇳🇴,profile,5,97,359,2,0,2026-03-27,2026-05-12,2026-07-11,Mid-size Playlist (Repeat)
[01] Kiss A Pulse • GLOWsutra (Lucille Clifton Poetry) Ethically Gipsy JAZZ,open,Yes,Foto,open,writtss,profile,2,44,162,0,0,2025-09-15,2026-03-25,2026-07-11,Mid-size Playlist
"[01] Hello, Oh No • GROWsutra Psychedelic Folk Poetry Bridges the DUB",open,Yes,Dub,open,Hurley,profile,10,123,527,2,0,2025-07-25,2026-06-25,2026-07-11,Mid-size Playlist (Repeat)
"[01] Hello, Oh No • GROWsutra Psychedelic Folk Poetry Bridges the DUB",open,Yes,Raggea Dub,open,Hurley,profile,10,77,321,1,0,2025-11-03,2026-07-09,2026-07-11,Mid-size Playlist (Repeat)
"[06] Hello, Oh No • GROWsutra La Poesita Gipsy Flamenco DUB",open,Yes,soul collect play,open,Joel Johnson,profile,4,14,725,0,0,2017-09-19,2026-03-09,2026-07-11,Niche/Emerging Curator (Repeat)
"[06] Hello, Oh No • GROWsutra La Poesita Gipsy Flamenco DUB",open,Yes,jazzy,open,Joel Johnson,profile,4,15,63,0,0,2019-10-22,2026-03-27,2026-07-11,Niche/Emerging Curator (Repeat)
"[07] Hello, Oh No • GROWsutra Psychedelic Gipsy Fusion LOFI",open,Yes,Copy of [08] Camus Dit Oui • FLOWsutra (Fly Like Water) Acoustic French Trip Hop Piano Jazz LOFI,open,Shams eldeen,profile,0,49,179,0,0,2026-05-21,2026-05-21,2026-07-11,Mid-size Playlist
"[07] Hello, Oh No • GROWsutra Psychedelic Gipsy Fusion LOFI",open,Yes,rapsyy,open,ellyeoss 🍉🍉🍉,profile,42,31,115,0,0,2025-04-19,2026-05-01,2026-07-11,Mid-size Playlist
"[07] Hello, Oh No • GROWsutra Psychedelic Gipsy Fusion LOFI",open,Yes,Untitled Playlist,open,User 314065037,profile,0,117,876,0,0,2023-03-04,2026-06-16,2026-07-11,Mid-size Playlist
"[07] Hello, Oh No • GROWsutra Psychedelic Gipsy Fusion LOFI",open,Yes,Bananasutra!,open,Angus,profile,54,452,1499,1,0,2026-04-08,2026-04-10,2026-07-11,Catalog Mirror (Superfan)
"[07] Hello, Oh No • GROWsutra Psychedelic Gipsy Fusion LOFI",open,Yes,Normal,open,TomNorway🇳🇴,profile,5,97,359,2,0,2026-03-27,2026-05-12,2026-07-11,Mid-size Playlist (Repeat)
"[07] Hello, Oh No • GROWsutra Psychedelic Gipsy Fusion LOFI",open,Yes,Nazar,open,Nazar,profile,1,95,299,1,0,2026-01-08,2026-06-30,2026-07-11,Mid-size Playlist (Repeat)
"[07] Hello, Oh No • GROWsutra Psychedelic Gipsy Fusion LOFI",open,Yes,Nazarrrrr,open,Nazar,profile,1,49,142,0,0,2026-01-31,2026-06-30,2026-07-11,Mid-size Playlist (Repeat)
"[07] Hello, Oh No • GROWsutra Psychedelic Gipsy Fusion LOFI",open,Yes,Moi,open,Armita Siadatan,profile,1,47,234,0,0,2025-05-02,2026-05-03,2026-07-11,Mid-size Playlist
"[07] Hello, Oh No • GROWsutra Psychedelic Gipsy Fusion LOFI",open,Yes,🫧,open,Andriy woo,profile,33,16,51,3,0,2026-02-16,2026-03-19,2026-07-11,Niche/Emerging Curator
"[08] Hello, Oh No • GROWsutra Psychedelic Gipsy Fusion LOFI",open,No,Bananasutra!,open,Angus,profile,54,452,1499,1,0,2026-04-08,2026-04-10,2026-07-11,Catalog Mirror (Superfan)
"[16] Hello, Oh No • GROWsutra Post-Punk Piano Bar Gal Cabaret BURLESQUE",open,No,my muuuusic,open,mojtaba ch,profile,1,18,144,0,0,2024-07-21,2026-07-08,2026-07-11,Niche/Emerging Curator
"[03] Hello, Oh No • GROWsutra Psychedelic Folk Poetry Bridges the DUB",open,Yes,Bananasutra!,open,Angus,profile,54,452,1499,1,0,2026-04-08,2026-04-10,2026-07-11,Catalog Mirror (Superfan)
"[03] Hello, Oh No • GROWsutra Psychedelic Folk Poetry Bridges the DUB",open,Yes,Hyde,open,אביתר שלו,profile,1,38,236,0,0,2026-02-17,2026-07-04,2026-07-11,Mid-size Playlist
"[03] Hello, Oh No • GROWsutra Psychedelic Folk Poetry Bridges the DUB",open,Yes,Coffee Mix - Ocean Vibes,open,John E Yazbek,profile,29,47,215,1,0,2025-11-23,2026-06-08,2026-07-11,Mid-size Playlist (Repeat)
"[03] Hello, Oh No • GROWsutra Psychedelic Folk Poetry Bridges the DUB",open,Yes,Chillax,open,John E Yazbek,profile,29,65,271,0,0,2023-02-09,2026-03-03,2026-07-11,Mid-size Playlist (Repeat)
"[14] Hello, Oh No • GROWsutra Psychedelic Booya Folk Bluegrass BANJO",open,No,Miah - Mix,open,Rosehips,profile,14,14,51,0,0,2026-03-15,2026-06-19,2026-07-11,Niche/Emerging Curator
"[09] Hello, Oh No • GROWsutra Psychedelic Circus Indie Tango JAZZ",open,Yes,chill,open,MAXAMILLION,profile,2,31,110,0,0,2026-04-29,2026-04-29,2026-07-11,Mid-size Playlist
"[09] Hello, Oh No • GROWsutra Psychedelic Circus Indie Tango JAZZ",open,Yes,Passen26,open,kseniya ti,profile,1,3,13,0,0,2026-04-04,2026-04-04,2026-07-11,Niche/Emerging Curator
"[11] Hello, Oh No • GROWsutra Psychedelic Queen of Authentic Dubby Folk Banjo BLUES",open,Yes,bsl,open,bsLful,profile,1,35,161,0,0,2026-06-03,2026-06-25,2026-07-11,Mid-size Playlist
"[11] Hello, Oh No • GROWsutra Psychedelic Queen of Authentic Dubby Folk Banjo BLUES",open,Yes,TikTok 2026,open,Sasa S,profile,4,46,184,1,0,2026-03-08,2026-06-29,2026-07-11,Mid-size Playlist
"[11] Hello, Oh No • GROWsutra Psychedelic Queen of Authentic Dubby Folk Banjo BLUES",open,Yes,Bananasutra,open,Andrew Dobrew,profile,0,17,63,1,0,2026-04-21,2026-05-29,2026-07-11,Niche/Emerging Curator
"[11] Hello, Oh No • GROWsutra Psychedelic Queen of Authentic Dubby Folk Banjo BLUES",open,Yes,Jah And Friends,open,Soundsaddles,profile,3,29,122,0,0,2026-05-22,2026-05-26,2026-07-11,Niche/Emerging Curator
"[11] Hello, Oh No • GROWsutra Psychedelic Queen of Authentic Dubby Folk Banjo BLUES",open,Yes,Normal,open,TomNorway🇳🇴,profile,5,97,359,2,0,2026-03-27,2026-05-12,2026-07-11,Mid-size Playlist (Repeat)
"[11] Hello, Oh No • GROWsutra Psychedelic Queen of Authentic Dubby Folk Banjo BLUES",open,Yes,bananasutra,open,Volker Seifert,profile,0,50,194,0,0,2026-04-17,2026-04-17,2026-07-11,Mid-size Playlist
"[11] Hello, Oh No • GROWsutra Psychedelic Queen of Authentic Dubby Folk Banjo BLUES",open,Yes,Song,open,Dit,profile,0,9,31,0,0,2026-04-17,2026-04-17,2026-07-11,Niche/Emerging Curator
"[11] Hello, Oh No • GROWsutra Psychedelic Queen of Authentic Dubby Folk Banjo BLUES",open,Yes,Chill nè,open,DennisLongLe,profile,0,10,162,0,0,2026-02-01,2026-04-22,2026-07-11,Niche/Emerging Curator
"[11] Hello, Oh No • GROWsutra Psychedelic Queen of Authentic Dubby Folk Banjo BLUES",open,Yes,Bananasutra!,open,Angus,profile,54,452,1499,1,0,2026-04-08,2026-04-10,2026-07-11,Catalog Mirror (Superfan)
"[11] Hello, Oh No • GROWsutra Psychedelic Queen of Authentic Dubby Folk Banjo BLUES",open,Yes,GenteL RaiN,open,Angus,profile,54,97,405,0,0,2025-11-12,2026-05-11,2026-07-11,Mid-size Playlist (Repeat)
"[11] Hello, Oh No • GROWsutra Psychedelic Queen of Authentic Dubby Folk Banjo BLUES",open,Yes,Lounge Inn 🏝️,open,Angus,profile,54,62,266,0,0,2025-11-10,2026-04-08,2026-07-11,Mid-size Playlist (Repeat)
"[11] Hello, Oh No • GROWsutra Psychedelic Queen of Authentic Dubby Folk Banjo BLUES",open,Yes,RaiNy dAyz!,open,Angus,profile,54,62,243,0,0,2025-11-11,2026-04-08,2026-07-11,Mid-size Playlist (Repeat)
"[11] Hello, Oh No • GROWsutra Psychedelic Queen of Authentic Dubby Folk Banjo BLUES",open,Yes,Late Morning Beats,open,Angus,profile,54,123,532,0,0,2026-01-30,2026-05-10,2026-07-11,Mid-size Playlist (Repeat)
"[11] Hello, Oh No • GROWsutra Psychedelic Queen of Authentic Dubby Folk Banjo BLUES",open,Yes,🇺🇸❤️,open,User 978623692,profile,0,15,60,0,0,2025-11-03,2026-06-28,2026-07-11,Niche/Emerging Curator
"[11] Hello, Oh No • GROWsutra Psychedelic Queen of Authentic Dubby Folk Banjo BLUES",open,Yes,Reggae,open,User 63987187,profile,1,6,20,0,0,2025-11-25,2026-04-23,2026-07-11,Niche/Emerging Curator
"[11] Hello, Oh No • GROWsutra Psychedelic Queen of Authentic Dubby Folk Banjo BLUES",open,Yes,Idk,open,Ghady Bassil,profile,0,3,15,0,0,2026-03-03,2026-05-20,2026-07-11,Niche/Emerging Curator
"[11] Hello, Oh No • GROWsutra Psychedelic Queen of Authentic Dubby Folk Banjo BLUES",open,Yes,Roots Mornings,open,Majosewensjoe,profile,1,15,147,0,0,2026-02-22,2026-06-17,2026-07-11,Niche/Emerging Curator
[04] One Percent Rising • GROWsutra (Dare to Care) Psychedelic Indie Gipsy Hip Hop Fusion LOFI,open,Yes,Bananasutra!,open,Angus,profile,54,452,1499,1,0,2026-04-08,2026-04-10,2026-07-11,Catalog Mirror (Superfan)
[04] One Percent Rising • GROWsutra (Dare to Care) Psychedelic Indie Gipsy Hip Hop Fusion LOFI,open,Yes,@R1CK5,open,MUSIC RULES THE SOUL,profile,4,30,129,0,0,2025-10-21,2026-02-24,2026-07-11,Niche/Emerging Curator
[01] One Percent Rising • GROWsutra (Dare to Care) IBYN Post-Punk PsyBurlesque ROCK,open,No,Untitled Playlist,open,ansel,profile,0,1,3,0,0,2026-02-25,2026-02-25,2026-07-11,Niche/Emerging Curator (Repeat)
[06] Ego Ain't Your Amigo • BLOWsutra (Ego Gone Loco) Psychedelic Bridge Poetry Folk DUB,open,Yes,bananasutra,open,Fred Anderson,profile,1,445,1526,1,0,2026-07-08,2026-07-08,2026-07-11,Catalog Mirror (Superfan)
[06] Ego Ain't Your Amigo • BLOWsutra (Ego Gone Loco) Psychedelic Bridge Poetry Folk DUB,open,Yes,slow motion énergie,open,55cancri e Composition 💎,profile,14,140,585,1,0,2026-02-22,2026-06-28,2026-07-11,Mid-size Playlist (Repeat)
[06] Ego Ain't Your Amigo • BLOWsutra (Ego Gone Loco) Psychedelic Bridge Poetry Folk DUB,open,Yes,Untitled Playlist,open,55cancri e Composition 💎,profile,14,44,191,0,0,2026-01-15,2026-07-06,2026-07-11,Mid-size Playlist (Repeat)
[06] Ego Ain't Your Amigo • BLOWsutra (Ego Gone Loco) Psychedelic Bridge Poetry Folk DUB,open,Yes,Bananasutra,open,Andrew Dobrew,profile,0,17,63,1,0,2026-04-21,2026-05-29,2026-07-11,Niche/Emerging Curator
[06] Ego Ain't Your Amigo • BLOWsutra (Ego Gone Loco) Psychedelic Bridge Poetry Folk DUB,open,Yes,chill,open,Nelia Ailen,profile,13,12,47,0,0,2025-01-31,2026-06-03,2026-07-11,Niche/Emerging Curator
[06] Ego Ain't Your Amigo • BLOWsutra (Ego Gone Loco) Psychedelic Bridge Poetry Folk DUB,open,Yes,Why Do you have my Fuck Boi Songs?!? _(┐「ε:)_,open,Ayesha,profile,0,127,422,0,0,2026-05-23,2026-05-23,2026-07-11,Mid-size Playlist
[06] Ego Ain't Your Amigo • BLOWsutra (Ego Gone Loco) Psychedelic Bridge Poetry Folk DUB,open,Yes,Soul on road & CarTrippin 🌘🎼🌹🚗⚓️,open,Sabe Theodoore,profile,9,236,1045,0,0,2025-12-22,2026-07-03,2026-07-11,Generic Dump (low signal)
[06] Ego Ain't Your Amigo • BLOWsutra (Ego Gone Loco) Psychedelic Bridge Poetry Folk DUB,open,Yes,RAVÆRSE - 3,open,Verse,profile,0,493,1988,0,0,2026-05-18,2026-05-18,2026-07-11,Generic Dump (low signal)
[06] Ego Ain't Your Amigo • BLOWsutra (Ego Gone Loco) Psychedelic Bridge Poetry Folk DUB,open,Yes,melo,open,Darek Cajzer,profile,11,179,1172,0,0,2026-01-25,2026-07-10,2026-07-11,Mid-size Playlist
[06] Ego Ain't Your Amigo • BLOWsutra (Ego Gone Loco) Psychedelic Bridge Poetry Folk DUB,open,Yes,impreza,open,Rafal Olos,profile,6,47,1809,0,0,2026-03-23,2026-07-02,2026-07-11,Mid-size Playlist
[06] Ego Ain't Your Amigo • BLOWsutra (Ego Gone Loco) Psychedelic Bridge Poetry Folk DUB,open,Yes,Sun Vibes,open,ANJOK,profile,6,19,81,0,0,2026-05-06,2026-05-31,2026-07-11,Niche/Emerging Curator (Repeat)
[06] Ego Ain't Your Amigo • BLOWsutra (Ego Gone Loco) Psychedelic Bridge Poetry Folk DUB,open,Yes,Normal,open,TomNorway🇳🇴,profile,5,97,359,2,0,2026-03-27,2026-05-12,2026-07-11,Mid-size Playlist (Repeat)
[06] Ego Ain't Your Amigo • BLOWsutra (Ego Gone Loco) Psychedelic Bridge Poetry Folk DUB,open,Yes,Sunday Breakfast,open,Kyra Mylina Thaysen,profile,10,10,37,0,0,2026-04-05,2026-06-23,2026-07-11,Niche/Emerging Curator
[06] Ego Ain't Your Amigo • BLOWsutra (Ego Gone Loco) Psychedelic Bridge Poetry Folk DUB,open,Yes,Wavy flavours,open,Mantas Stalmokas,profile,3,10,42,0,0,2026-04-21,2026-04-21,2026-07-11,Niche/Emerging Curator
[06] Ego Ain't Your Amigo • BLOWsutra (Ego Gone Loco) Psychedelic Bridge Poetry Folk DUB,open,Yes,espirro mt,open,Rodrigo jose de Moura,profile,0,50,437,0,0,2026-04-20,2026-04-28,2026-07-11,Mid-size Playlist
[06] Ego Ain't Your Amigo • BLOWsutra (Ego Gone Loco) Psychedelic Bridge Poetry Folk DUB,open,Yes,bananasutra,open,Volker Seifert,profile,0,50,194,0,0,2026-04-17,2026-04-17,2026-07-11,Mid-size Playlist
[06] Ego Ain't Your Amigo • BLOWsutra (Ego Gone Loco) Psychedelic Bridge Poetry Folk DUB,open,Yes,Song,open,Dit,profile,0,9,31,0,0,2026-04-17,2026-04-17,2026-07-11,Niche/Emerging Curator
[06] Ego Ain't Your Amigo • BLOWsutra (Ego Gone Loco) Psychedelic Bridge Poetry Folk DUB,open,Yes,Praia,open,user269635423,profile,0,174,858,0,0,2017-11-06,2026-05-05,2026-07-11,Mid-size Playlist (Repeat)
[06] Ego Ain't Your Amigo • BLOWsutra (Ego Gone Loco) Psychedelic Bridge Poetry Folk DUB,open,Yes,bike,open,user269635423,profile,0,93,540,0,0,2017-10-16,2026-04-14,2026-07-11,Mid-size Playlist (Repeat)
[06] Ego Ain't Your Amigo • BLOWsutra (Ego Gone Loco) Psychedelic Bridge Poetry Folk DUB,open,Yes,Oi fm,open,user269635423,profile,0,27,194,0,0,2024-12-13,2026-05-12,2026-07-11,Niche/Emerging Curator (Repeat)
[06] Ego Ain't Your Amigo • BLOWsutra (Ego Gone Loco) Psychedelic Bridge Poetry Folk DUB,open,Yes,reggae,open,user269635423,profile,0,10,56,0,0,2018-03-24,2026-04-14,2026-07-11,Niche/Emerging Curator (Repeat)
[06] Ego Ain't Your Amigo • BLOWsutra (Ego Gone Loco) Psychedelic Bridge Poetry Folk DUB,open,Yes,Trap Soul | Dark R&B,open,Laura Ladyzhensky,profile,0,499,1550,0,0,2026-04-13,2026-04-13,2026-07-11,Generic Dump (low signal)
[06] Ego Ain't Your Amigo • BLOWsutra (Ego Gone Loco) Psychedelic Bridge Poetry Folk DUB,open,Yes,Javier shit,open,Jose Laney,profile,1,289,1067,1,0,2024-01-14,2026-07-10,2026-07-11,Generic Dump (low signal)
[06] Ego Ain't Your Amigo • BLOWsutra (Ego Gone Loco) Psychedelic Bridge Poetry Folk DUB,open,Yes,Blues Cabaret,open,Strasilo,profile,12,95,434,0,0,2016-12-25,2026-04-08,2026-07-11,Mid-size Playlist
[06] Ego Ain't Your Amigo • BLOWsutra (Ego Gone Loco) Psychedelic Bridge Poetry Folk DUB,open,Yes,Bananasutra!,open,Angus,profile,54,452,1499,1,0,2026-04-08,2026-04-10,2026-07-11,Catalog Mirror (Superfan)
[06] Ego Ain't Your Amigo • BLOWsutra (Ego Gone Loco) Psychedelic Bridge Poetry Folk DUB,open,Yes,tattoo,open,shawn song,profile,2,42,187,1,1,2025-11-09,2026-05-14,2026-07-11,Mid-size Playlist
[06] Ego Ain't Your Amigo • BLOWsutra (Ego Gone Loco) Psychedelic Bridge Poetry Folk DUB,open,Yes,Citizen’s List,open,Harun Cengiz Odabasi,profile,15,66,471,0,0,2026-03-21,2026-07-09,2026-07-11,Mid-size Playlist
[06] Ego Ain't Your Amigo • BLOWsutra (Ego Gone Loco) Psychedelic Bridge Poetry Folk DUB,open,Yes,Killer Mix,open,Taylor Stephen,profile,0,11,40,0,0,2026-03-14,2026-04-26,2026-07-11,Niche/Emerging Curator
[06] Ego Ain't Your Amigo • BLOWsutra (Ego Gone Loco) Psychedelic Bridge Poetry Folk DUB,open,Yes,Remembransunday,open,Graeme Moore,profile,1,39,261,0,0,2024-11-10,2026-04-05,2026-07-11,Mid-size Playlist
[06] Ego Ain't Your Amigo • BLOWsutra (Ego Gone Loco) Psychedelic Bridge Poetry Folk DUB,open,Yes,Regga🍋🍋🍋,open,L.I.S .,profile,16,34,135,0,0,2025-10-01,2026-04-07,2026-07-11,Mid-size Playlist
[06] Ego Ain't Your Amigo • BLOWsutra (Ego Gone Loco) Psychedelic Bridge Poetry Folk DUB,open,Yes,chill,open,Cesar Garcia,profile,0,77,375,0,0,2025-03-27,2026-05-05,2026-07-11,Mid-size Playlist
[06] Ego Ain't Your Amigo • BLOWsutra (Ego Gone Loco) Psychedelic Bridge Poetry Folk DUB,open,Yes,Sun Vibes,open,JNavarroC,profile,3,18,77,1,0,2025-10-02,2026-03-14,2026-07-11,Niche/Emerging Curator
[06] Ego Ain't Your Amigo • BLOWsutra (Ego Gone Loco) Psychedelic Bridge Poetry Folk DUB,open,Yes,Jamaican reggae,open,Nachson Achi,profile,5,15,69,2,0,2026-02-25,2026-03-03,2026-07-11,Niche/Emerging Curator
[19] Ego Ain't Your Amigo • BLOWsutra (Ego Gone Loco) Post-Punk Psychedelic IBYN Rock BURLESQUE,open,No,bananasutra,open,Fred Anderson,profile,1,445,1526,1,0,2026-07-08,2026-07-08,2026-07-11,Catalog Mirror (Superfan)
[08] Ego Ain't Your Amigo • BLOWsutra (Ego Gone Loco) She Wanna Know Psychedelic Jazz Fusion DUB,open,Yes,bananasutra,open,Fred Anderson,profile,1,445,1526,1,0,2026-07-08,2026-07-08,2026-07-11,Catalog Mirror (Superfan)
[08] Ego Ain't Your Amigo • BLOWsutra (Ego Gone Loco) She Wanna Know Psychedelic Jazz Fusion DUB,open,Yes,Regge 🇯🇲🌴,open,Phycedcoon2,profile,0,54,215,5,1,2026-03-02,2026-07-06,2026-07-11,Mid-size Playlist
[08] Ego Ain't Your Amigo • BLOWsutra (Ego Gone Loco) She Wanna Know Psychedelic Jazz Fusion DUB,open,Yes,Late Morning Beats,open,Angus,profile,54,123,532,0,0,2026-01-30,2026-05-10,2026-07-11,Mid-size Playlist (Repeat)
[08] Ego Ain't Your Amigo • BLOWsutra (Ego Gone Loco) She Wanna Know Psychedelic Jazz Fusion DUB,open,Yes,Bananasutra!,open,Angus,profile,54,452,1499,1,0,2026-04-08,2026-04-10,2026-07-11,Catalog Mirror (Superfan)
[08] Ego Ain't Your Amigo • BLOWsutra (Ego Gone Loco) She Wanna Know Psychedelic Jazz Fusion DUB,open,Yes,dhivehi,open,Mohamed Ahil,profile,1,2,8,0,0,2024-06-06,2026-03-13,2026-07-11,Niche/Emerging Curator
[08] Ego Ain't Your Amigo • BLOWsutra (Ego Gone Loco) She Wanna Know Psychedelic Jazz Fusion DUB,open,Yes,OFFICIALLY HANDSOME❤️‍🔥🤍💙💜✨💧🌱🪵🌳,open,liongates090,profile,648,35,130,0,0,2026-02-26,2026-06-23,2026-07-11,Mid-size Playlist
[08] Ego Ain't Your Amigo • BLOWsutra (Ego Gone Loco) She Wanna Know Psychedelic Jazz Fusion DUB,open,Yes,Hiphapa Soun,open,David Reloba,profile,1,499,2748,0,0,2025-07-19,2026-02-27,2026-07-11,Generic Dump (low signal)
[08] Ego Ain't Your Amigo • BLOWsutra (Ego Gone Loco) She Wanna Know Psychedelic Jazz Fusion DUB,open,Yes,Txino sound 2024 agosto,open,David Reloba,profile,1,407,3200,0,0,2024-08-05,2026-03-04,2026-07-11,Generic Dump (low signal)
[08] Ego Ain't Your Amigo • BLOWsutra (Ego Gone Loco) She Wanna Know Psychedelic Jazz Fusion DUB,open,Yes,laRue txinsound,open,David Reloba,profile,1,202,1281,0,0,2025-11-20,2026-03-08,2026-07-11,Generic Dump (low signal)
[08] Ego Ain't Your Amigo • BLOWsutra (Ego Gone Loco) She Wanna Know Psychedelic Jazz Fusion DUB,open,Yes,hiphop variado sound system,open,David Reloba,profile,1,97,409,0,0,2025-12-19,2026-03-08,2026-07-11,Mid-size Playlist (Repeat)
[08] Ego Ain't Your Amigo • BLOWsutra (Ego Gone Loco) She Wanna Know Psychedelic Jazz Fusion DUB,open,Yes,DJ? I hardly work here 👅,open,Nickythoughh,profile,1,54,353,0,0,2025-02-28,2026-07-08,2026-07-11,Mid-size Playlist
[10] Ego Ain't Your Amigo • BLOWsutra (Ego Gone Loco) She Wanna Know Psychedelic Jazz Fusion DUB,open,No,bananasutra,open,Fred Anderson,profile,1,445,1526,1,0,2026-07-08,2026-07-08,2026-07-11,Catalog Mirror (Superfan)
[10] Ego Ain't Your Amigo • BLOWsutra (Ego Gone Loco) She Wanna Know Psychedelic Jazz Fusion DUB,open,No,CZ,open,Rover,profile,0,9,28,0,0,2026-02-23,2026-02-23,2026-07-11,Niche/Emerging Curator
[05] Ego Ain't Your Amigo • BLOWsutra (Ego Gone Loco) Psychedelic Bridge Poetry Folk DUB,open,Yes,bananasutra,open,Fred Anderson,profile,1,445,1526,1,0,2026-07-08,2026-07-08,2026-07-11,Catalog Mirror (Superfan)
[05] Ego Ain't Your Amigo • BLOWsutra (Ego Gone Loco) Psychedelic Bridge Poetry Folk DUB,open,Yes,BananaSutra,open,VicDnB,profile,21,9,35,1,0,2026-06-21,2026-07-04,2026-07-11,Niche/Emerging Curator (Repeat)
[05] Ego Ain't Your Amigo • BLOWsutra (Ego Gone Loco) Psychedelic Bridge Poetry Folk DUB,open,Yes,Circus Core,open,VicDnB,profile,21,45,154,0,0,2025-01-06,2026-06-20,2026-07-11,Mid-size Playlist (Repeat)
[05] Ego Ain't Your Amigo • BLOWsutra (Ego Gone Loco) Psychedelic Bridge Poetry Folk DUB,open,Yes,Massive Attack Vibes,open,VicDnB,profile,21,39,156,5,0,2025-01-04,2026-06-04,2026-07-11,Mid-size Playlist (Repeat)
[05] Ego Ain't Your Amigo • BLOWsutra (Ego Gone Loco) Psychedelic Bridge Poetry Folk DUB,open,Yes,Copy of [08] Camus Dit Oui • FLOWsutra (Fly Like Water) Acoustic French Trip Hop Piano Jazz LOFI,open,Shams eldeen,profile,0,49,179,0,0,2026-05-21,2026-05-21,2026-07-11,Mid-size Playlist
[05] Ego Ain't Your Amigo • BLOWsutra (Ego Gone Loco) Psychedelic Bridge Poetry Folk DUB,open,Yes,bananasutra,open,Volker Seifert,profile,0,50,194,0,0,2026-04-17,2026-04-17,2026-07-11,Mid-size Playlist
[05] Ego Ain't Your Amigo • BLOWsutra (Ego Gone Loco) Psychedelic Bridge Poetry Folk DUB,open,Yes,Late Morning Beats,open,Angus,profile,54,123,532,0,0,2026-01-30,2026-05-10,2026-07-11,Mid-size Playlist (Repeat)
[05] Ego Ain't Your Amigo • BLOWsutra (Ego Gone Loco) Psychedelic Bridge Poetry Folk DUB,open,Yes,Bananasutra!,open,Angus,profile,54,452,1499,1,0,2026-04-08,2026-04-10,2026-07-11,Catalog Mirror (Superfan)
[05] Ego Ain't Your Amigo • BLOWsutra (Ego Gone Loco) Psychedelic Bridge Poetry Folk DUB,open,Yes,Maneva,open,Lucas Silva,profile,1,12,45,1,0,2018-12-01,2026-03-15,2026-07-11,Niche/Emerging Curator
[05] Ego Ain't Your Amigo • BLOWsutra (Ego Gone Loco) Psychedelic Bridge Poetry Folk DUB,open,Yes,dizzytickkkkyyy,open,dizzyticckky,profile,0,3,12,0,0,2026-02-27,2026-02-28,2026-07-11,Niche/Emerging Curator
[18] Ego Ain't Your Amigo • BLOWsutra (Ego Gone Loco) Post-Punk Psychedelic IBYN Rock BURLESQUE,open,Yes,bananasutra,open,Fred Anderson,profile,1,445,1526,1,0,2026-07-08,2026-07-08,2026-07-11,Catalog Mirror (Superfan)
[18] Ego Ain't Your Amigo • BLOWsutra (Ego Gone Loco) Post-Punk Psychedelic IBYN Rock BURLESQUE,open,Yes,Normal,open,TomNorway🇳🇴,profile,5,97,359,2,0,2026-03-27,2026-05-12,2026-07-11,Mid-size Playlist (Repeat)
[18] Ego Ain't Your Amigo • BLOWsutra (Ego Gone Loco) Post-Punk Psychedelic IBYN Rock BURLESQUE,open,Yes,Chill nè,open,DennisLongLe,profile,0,10,162,0,0,2026-02-01,2026-04-22,2026-07-11,Niche/Emerging Curator
[09] Ego Ain't Your Amigo • BLOWsutra (Ego Gone Loco) She Wanna Know Psychedelic Jazz Fusion DUB,open,Yes,bananasutra,open,Fred Anderson,profile,1,445,1526,1,0,2026-07-08,2026-07-08,2026-07-11,Catalog Mirror (Superfan)
[09] Ego Ain't Your Amigo • BLOWsutra (Ego Gone Loco) She Wanna Know Psychedelic Jazz Fusion DUB,open,Yes,sp,open,Akili Warren,profile,21,204,1145,0,0,2025-02-19,2026-03-16,2026-07-11,Generic Dump (low signal)
[09] Ego Ain't Your Amigo • BLOWsutra (Ego Gone Loco) She Wanna Know Psychedelic Jazz Fusion DUB,open,Yes,Related tracks: Summertime 2016 PLAYList Remix,open,Anthony Jerome Ridley,profile,84,297,8827,1,0,2025-09-19,2026-07-05,2026-07-11,Generic Dump (low signal)
[09] Ego Ain't Your Amigo • BLOWsutra (Ego Gone Loco) She Wanna Know Psychedelic Jazz Fusion DUB,open,Yes,Black Street Boys,open,Hõbe Tuli,profile,16,23,83,0,0,2025-08-11,2026-03-14,2026-07-11,Niche/Emerging Curator
[09] Ego Ain't Your Amigo • BLOWsutra (Ego Gone Loco) She Wanna Know Psychedelic Jazz Fusion DUB,open,Yes,jazz,open,01001011010010101101,profile,0,120,380,0,0,2025-02-20,2026-04-24,2026-07-11,Mid-size Playlist
[09] Ego Ain't Your Amigo • BLOWsutra (Ego Gone Loco) She Wanna Know Psychedelic Jazz Fusion DUB,open,Yes,friday,open,siesisabelle,profile,1,17,110,0,0,2026-02-06,2026-07-02,2026-07-11,Niche/Emerging Curator
[21] Ego Ain't Your Amigo • BLOWsutra (Ego Gone Loco) Queen of Authentic Dubby Psychedelic Folk BLUES,open,Yes,bananasutra,open,Fred Anderson,profile,1,445,1526,1,0,2026-07-08,2026-07-08,2026-07-11,Catalog Mirror (Superfan)
[21] Ego Ain't Your Amigo • BLOWsutra (Ego Gone Loco) Queen of Authentic Dubby Psychedelic Folk BLUES,open,Yes,Mercedes E,open,NcThiery,profile,34,3,10,0,0,2026-04-27,2026-05-24,2026-07-11,Niche/Emerging Curator
[21] Ego Ain't Your Amigo • BLOWsutra (Ego Gone Loco) Queen of Authentic Dubby Psychedelic Folk BLUES,open,Yes,Sad Baddie,open,precious,profile,26,3,10,0,0,2026-01-26,2026-06-07,2026-07-11,Niche/Emerging Curator
[21] Ego Ain't Your Amigo • BLOWsutra (Ego Gone Loco) Queen of Authentic Dubby Psychedelic Folk BLUES,open,Yes,.,open,veronika,profile,1,142,460,0,0,2024-07-17,2026-07-03,2026-07-11,Mid-size Playlist
[17] Ego Ain't Your Amigo • BLOWsutra (Ego Gone Loco) Psychedelic Gipsy Indie Jazz Fusion LOFI,open,No,bananasutra,open,Fred Anderson,profile,1,445,1526,1,0,2026-07-08,2026-07-08,2026-07-11,Catalog Mirror (Superfan)
[17] Ego Ain't Your Amigo • BLOWsutra (Ego Gone Loco) Psychedelic Gipsy Indie Jazz Fusion LOFI,open,No,poesia,open,Ive Augusto,profile,3,6,26,0,0,2025-09-19,2026-03-19,2026-07-11,Niche/Emerging Curator
[07] Ego Ain't Your Amigo • BLOWsutra (Ego Gone Loco) Psychedelic Bridge Poetry Folk DUB,open,Yes,bananasutra,open,Fred Anderson,profile,1,445,1526,1,0,2026-07-08,2026-07-08,2026-07-11,Catalog Mirror (Superfan)
[07] Ego Ain't Your Amigo • BLOWsutra (Ego Gone Loco) Psychedelic Bridge Poetry Folk DUB,open,Yes,Trap Soul | Dark R&B,open,Anna Torres,profile,2,500,1551,0,0,2026-05-26,2026-05-26,2026-07-11,Generic Dump (low signal)
[07] Ego Ain't Your Amigo • BLOWsutra (Ego Gone Loco) Psychedelic Bridge Poetry Folk DUB,open,Yes,🩵🩶💙RnB🩷🤍💜 - 3,open,Anna Torres,profile,2,500,1570,0,0,2026-05-26,2026-05-26,2026-07-11,Generic Dump (low signal)
[07] Ego Ain't Your Amigo • BLOWsutra (Ego Gone Loco) Psychedelic Bridge Poetry Folk DUB,open,Yes,Copy of [08] Camus Dit Oui • FLOWsutra (Fly Like Water) Acoustic French Trip Hop Piano Jazz LOFI,open,Shams eldeen,profile,0,49,179,0,0,2026-05-21,2026-05-21,2026-07-11,Mid-size Playlist
[07] Ego Ain't Your Amigo • BLOWsutra (Ego Gone Loco) Psychedelic Bridge Poetry Folk DUB,open,Yes,Trap Soul | Dark R&B,open,Zee,profile,0,500,1555,0,0,2026-03-23,2026-03-23,2026-07-11,Generic Dump (low signal)
[07] Ego Ain't Your Amigo • BLOWsutra (Ego Gone Loco) Psychedelic Bridge Poetry Folk DUB,open,Yes,the Carlton mix,open,B S G THEMILLIVANILLIKILLA,profile,4,157,550,1,0,2025-03-12,2026-07-11,2026-07-11,Mid-size Playlist
[07] Ego Ain't Your Amigo • BLOWsutra (Ego Gone Loco) Psychedelic Bridge Poetry Folk DUB,open,Yes,Trap Soul | Dark R&B,open,4nubis,profile,387,500,1555,0,0,2026-03-15,2026-03-15,2026-07-11,Generic Dump (low signal)
[07] Ego Ain't Your Amigo • BLOWsutra (Ego Gone Loco) Psychedelic Bridge Poetry Folk DUB,open,Yes,Black Street Boys,open,Hõbe Tuli,profile,16,23,83,0,0,2025-08-11,2026-03-14,2026-07-11,Niche/Emerging Curator
[20] Ego Ain't Your Amigo • BLOWsutra (Ego Gone Loco) Post-Punk Psychedelic IBYN Rock BURLESQUE,open,No,bananasutra,open,Fred Anderson,profile,1,445,1526,1,0,2026-07-08,2026-07-08,2026-07-11,Catalog Mirror (Superfan)
[14] Ego Ain't Your Amigo • BLOWsutra (Ego Gone Loco) Psychedelic Gipsy Indie Jazz Fusion LOFI,open,No,bananasutra,open,Fred Anderson,profile,1,445,1526,1,0,2026-07-08,2026-07-08,2026-07-11,Catalog Mirror (Superfan)
[02] Ego Ain't Your Amigo • BLOWsutra (Ego Gone Loco) La Poesita Psychedelic Indie Flamenco DUB,open,Yes,bananasutra,open,Fred Anderson,profile,1,445,1526,1,0,2026-07-08,2026-07-08,2026-07-11,Catalog Mirror (Superfan)
[02] Ego Ain't Your Amigo • BLOWsutra (Ego Gone Loco) La Poesita Psychedelic Indie Flamenco DUB,open,Yes,MAIN,open,sl dubs,profile,173,405,1509,1,0,2025-06-11,2026-07-10,2026-07-11,Generic Dump (low signal)
[02] Ego Ain't Your Amigo • BLOWsutra (Ego Gone Loco) La Poesita Psychedelic Indie Flamenco DUB,open,Yes,REGGAE,open,sl dubs,profile,173,142,546,0,0,2025-11-18,2026-06-25,2026-07-11,Mid-size Playlist (Repeat)
[02] Ego Ain't Your Amigo • BLOWsutra (Ego Gone Loco) La Poesita Psychedelic Indie Flamenco DUB,open,Yes,mystery,open,高田誠哉,profile,0,1,4,0,0,2026-05-23,2026-05-23,2026-07-11,Niche/Emerging Curator (Repeat)
[02] Ego Ain't Your Amigo • BLOWsutra (Ego Gone Loco) La Poesita Psychedelic Indie Flamenco DUB,open,Yes,Copy of [08] Camus Dit Oui • FLOWsutra (Fly Like Water) Acoustic French Trip Hop Piano Jazz LOFI,open,Shams eldeen,profile,0,49,179,0,0,2026-05-21,2026-05-21,2026-07-11,Mid-size Playlist
[02] Ego Ain't Your Amigo • BLOWsutra (Ego Gone Loco) La Poesita Psychedelic Indie Flamenco DUB,open,Yes,Sky Chillin’,open,ANJOK,profile,6,32,141,1,0,2026-05-05,2026-06-02,2026-07-11,Mid-size Playlist (Repeat)
[02] Ego Ain't Your Amigo • BLOWsutra (Ego Gone Loco) La Poesita Psychedelic Indie Flamenco DUB,open,Yes,lils,open,Lauren London,profile,3,433,1964,0,0,2020-08-13,2026-07-07,2026-07-11,Generic Dump (low signal)
[02] Ego Ain't Your Amigo • BLOWsutra (Ego Gone Loco) La Poesita Psychedelic Indie Flamenco DUB,open,Yes,Bananasutra,open,Andrew Dobrew,profile,0,17,63,1,0,2026-04-21,2026-05-29,2026-07-11,Niche/Emerging Curator
[02] Ego Ain't Your Amigo • BLOWsutra (Ego Gone Loco) La Poesita Psychedelic Indie Flamenco DUB,open,Yes,bananasutra,open,Volker Seifert,profile,0,50,194,0,0,2026-04-17,2026-04-17,2026-07-11,Mid-size Playlist
[02] Ego Ain't Your Amigo • BLOWsutra (Ego Gone Loco) La Poesita Psychedelic Indie Flamenco DUB,open,Yes,Chill nè,open,DennisLongLe,profile,0,10,162,0,0,2026-02-01,2026-04-22,2026-07-11,Niche/Emerging Curator
[02] Ego Ain't Your Amigo • BLOWsutra (Ego Gone Loco) La Poesita Psychedelic Indie Flamenco DUB,open,Yes,Weird,open,Jeff in the Wild,profile,17,8,29,0,0,2026-03-29,2026-05-23,2026-07-11,Niche/Emerging Curator (Repeat)
[02] Ego Ain't Your Amigo • BLOWsutra (Ego Gone Loco) La Poesita Psychedelic Indie Flamenco DUB,open,Yes,Late Morning Beats,open,Angus,profile,54,123,532,0,0,2026-01-30,2026-05-10,2026-07-11,Mid-size Playlist (Repeat)
[02] Ego Ain't Your Amigo • BLOWsutra (Ego Gone Loco) La Poesita Psychedelic Indie Flamenco DUB,open,Yes,Bananasutra!,open,Angus,profile,54,452,1499,1,0,2026-04-08,2026-04-10,2026-07-11,Catalog Mirror (Superfan)
[02] Ego Ain't Your Amigo • BLOWsutra (Ego Gone Loco) La Poesita Psychedelic Indie Flamenco DUB,open,Yes,Light Dance,open,User 93717890,profile,1,6,17,0,0,2026-03-23,2026-03-29,2026-07-11,Niche/Emerging Curator
[02] Ego Ain't Your Amigo • BLOWsutra (Ego Gone Loco) La Poesita Psychedelic Indie Flamenco DUB,open,Yes,"Roots, Rock & Ragga",open,Usagi,profile,8,57,233,6,0,2026-01-31,2026-07-09,2026-07-11,Mid-size Playlist
[02] Ego Ain't Your Amigo • BLOWsutra (Ego Gone Loco) La Poesita Psychedelic Indie Flamenco DUB,open,Yes,RaiNy dAyz!,open,Angus,profile,54,62,243,0,0,2025-11-11,2026-04-08,2026-07-11,Mid-size Playlist (Repeat)
[02] Ego Ain't Your Amigo • BLOWsutra (Ego Gone Loco) La Poesita Psychedelic Indie Flamenco DUB,open,Yes,GenteL RaiN,open,Angus,profile,54,97,405,0,0,2025-11-12,2026-05-11,2026-07-11,Mid-size Playlist (Repeat)
[02] Ego Ain't Your Amigo • BLOWsutra (Ego Gone Loco) La Poesita Psychedelic Indie Flamenco DUB,open,Yes,My New List,open,Darryl Harvin,profile,2,17,1125,0,0,2025-09-09,2026-06-25,2026-07-11,Niche/Emerging Curator
[02] Ego Ain't Your Amigo • BLOWsutra (Ego Gone Loco) La Poesita Psychedelic Indie Flamenco DUB,open,Yes,Mart2026,open,Владислав Курдыш,profile,0,13,52,0,0,2026-02-27,2026-06-28,2026-07-11,Niche/Emerging Curator (Repeat)
[11] Ego Ain't Your Amigo • BLOWsutra (Ego Gone Loco) Bruh Dubby Psychedelic Hip Hop Dub LOFI,open,No,bananasutra,open,Fred Anderson,profile,1,445,1526,1,0,2026-07-08,2026-07-08,2026-07-11,Catalog Mirror (Superfan)
[11] Ego Ain't Your Amigo • BLOWsutra (Ego Gone Loco) Bruh Dubby Psychedelic Hip Hop Dub LOFI,open,No,klíd,open,Holly Run,profile,0,21,145,0,0,2026-05-22,2026-06-14,2026-07-11,Niche/Emerging Curator (Repeat)
[11] Ego Ain't Your Amigo • BLOWsutra (Ego Gone Loco) Bruh Dubby Psychedelic Hip Hop Dub LOFI,open,No,holy–run,open,Holly Run,profile,0,59,273,0,0,2026-05-19,2026-06-26,2026-07-11,Mid-size Playlist (Repeat)
[01] Ego Ain't Your Amigo • BLOWsutra (Ego Gone Loco) La Poesita Psychedelic Indie Flamenco DUB,open,Yes,bananasutra,open,Fred Anderson,profile,1,445,1526,1,0,2026-07-08,2026-07-08,2026-07-11,Catalog Mirror (Superfan)
[01] Ego Ain't Your Amigo • BLOWsutra (Ego Gone Loco) La Poesita Psychedelic Indie Flamenco DUB,open,Yes,Copy of me🤍🎧,open,@kAvi-sL19,profile,111,345,4341,0,0,2026-07-06,2026-07-06,2026-07-11,Generic Dump (low signal)
[01] Ego Ain't Your Amigo • BLOWsutra (Ego Gone Loco) La Poesita Psychedelic Indie Flamenco DUB,open,Yes,old school,open,jay bee,profile,6,320,1395,0,0,2019-07-06,2026-07-03,2026-07-11,Generic Dump (low signal)
[01] Ego Ain't Your Amigo • BLOWsutra (Ego Gone Loco) La Poesita Psychedelic Indie Flamenco DUB,open,Yes,bb13,open,Wood Butcher,profile,9,29,115,0,0,2026-05-20,2026-06-17,2026-07-11,Niche/Emerging Curator (Repeat)
[01] Ego Ain't Your Amigo • BLOWsutra (Ego Gone Loco) La Poesita Psychedelic Indie Flamenco DUB,open,Yes,***2026,open,Crispy Queen,profile,287,500,4612,2,1,2026-03-30,2026-07-07,2026-07-11,Generic Dump (low signal)
[01] Ego Ain't Your Amigo • BLOWsutra (Ego Gone Loco) La Poesita Psychedelic Indie Flamenco DUB,open,Yes,me,open,H*A*B,profile,100,345,4341,1,0,2017-09-19,2026-06-12,2026-07-11,Generic Dump (low signal)
[01] Ego Ain't Your Amigo • BLOWsutra (Ego Gone Loco) La Poesita Psychedelic Indie Flamenco DUB,open,Yes,Viet,open,Ievgen Morgan,profile,14,12,84,0,0,2026-03-02,2026-03-14,2026-07-11,Niche/Emerging Curator
[01] Ego Ain't Your Amigo • BLOWsutra (Ego Gone Loco) La Poesita Psychedelic Indie Flamenco DUB,open,Yes,Soul,open,$FIFTY-FOUR-MILLION$,profile,15,39,157,1,0,2026-03-02,2026-03-11,2026-07-11,Mid-size Playlist
[01] Ego Ain't Your Amigo • BLOWsutra (Ego Gone Loco) La Poesita Psychedelic Indie Flamenco DUB,open,Yes,personal ;),open,H*A*B,profile,100,458,4807,1,0,2018-11-24,2026-03-23,2026-07-11,Generic Dump (low signal)
[12] Ego Ain't Your Amigo • BLOWsutra (Ego Gone Loco) Psychedelic Cello Burlesque Jazz LOFI,open,No,bananasutra,open,Fred Anderson,profile,1,445,1526,1,0,2026-07-08,2026-07-08,2026-07-11,Catalog Mirror (Superfan)
[12] Ego Ain't Your Amigo • BLOWsutra (Ego Gone Loco) Psychedelic Cello Burlesque Jazz LOFI,open,No,other,open,katinkiausis,profile,0,340,1083,0,0,2023-06-05,2026-07-10,2026-07-11,Generic Dump (low signal)
[03] Ego Ain't Your Amigo • BLOWsutra (Ego Gone Loco) La Poesita Psychedelic Indie Flamenco DUB,open,Yes,bananasutra,open,Fred Anderson,profile,1,445,1526,1,0,2026-07-08,2026-07-08,2026-07-11,Catalog Mirror (Superfan)
[03] Ego Ain't Your Amigo • BLOWsutra (Ego Gone Loco) La Poesita Psychedelic Indie Flamenco DUB,open,Yes,Hard,open,ForTez Fortezniv,profile,2,274,745,2,0,2024-07-23,2026-04-01,2026-07-11,Generic Dump (low signal)
[13] Ego Ain't Your Amigo • BLOWsutra (Ego Gone Loco) Psychedelic Cello Burlesque Jazz LOFI,open,Yes,bananasutra,open,Fred Anderson,profile,1,445,1526,1,0,2026-07-08,2026-07-08,2026-07-11,Catalog Mirror (Superfan)
[13] Ego Ain't Your Amigo • BLOWsutra (Ego Gone Loco) Psychedelic Cello Burlesque Jazz LOFI,open,Yes,away,open,Awais Ali Shah,profile,0,51,246,0,0,2023-12-26,2026-05-20,2026-07-11,Mid-size Playlist
[13] Ego Ain't Your Amigo • BLOWsutra (Ego Gone Loco) Psychedelic Cello Burlesque Jazz LOFI,open,Yes,Chill nè,open,DennisLongLe,profile,0,10,162,0,0,2026-02-01,2026-04-22,2026-07-11,Niche/Emerging Curator
[04] Ego Ain't Your Amigo • BLOWsutra (Ego Gone Loco) Psychedelic Bridge Poetry Folk DUB,open,Yes,bananasutra,open,Fred Anderson,profile,1,445,1526,1,0,2026-07-08,2026-07-08,2026-07-11,Catalog Mirror (Superfan)
[04] Ego Ain't Your Amigo • BLOWsutra (Ego Gone Loco) Psychedelic Bridge Poetry Folk DUB,open,Yes,Shenandoah,open,medya ışıktaş,profile,2,8,32,0,0,2025-08-23,2026-03-07,2026-07-11,Niche/Emerging Curator
[16] Ego Ain't Your Amigo • BLOWsutra (Ego Gone Loco) Psychedelic Gipsy Indie Jazz Fusion LOFI,open,No,bananasutra,open,Fred Anderson,profile,1,445,1526,1,0,2026-07-08,2026-07-08,2026-07-11,Catalog Mirror (Superfan)
[15] Ego Ain't Your Amigo • BLOWsutra (Ego Gone Loco) Psychedelic Gipsy Indie Jazz Fusion LOFI,open,Yes,bananasutra,open,Fred Anderson,profile,1,445,1526,1,0,2026-07-08,2026-07-08,2026-07-11,Catalog Mirror (Superfan)
[03] Time for Rebel Romance ☆ BLOWsutra (Revolt Now) CAT Psychedelic Accordion Circus BURLESQUE,open,No,bananasutra,open,Fred Anderson,profile,1,445,1526,1,0,2026-07-08,2026-07-08,2026-07-11,Catalog Mirror (Superfan)
[04] Time for Rebel Romance ☆ BLOWsutra (Revolt Now) IBYN Psychedelic Piano Jazz BURLESQUE,open,Yes,bananasutra,open,Fred Anderson,profile,1,445,1526,1,0,2026-07-08,2026-07-08,2026-07-11,Catalog Mirror (Superfan)
[04] Time for Rebel Romance ☆ BLOWsutra (Revolt Now) IBYN Psychedelic Piano Jazz BURLESQUE,open,Yes,Late Morning Beats,open,Angus,profile,54,123,532,0,0,2026-01-30,2026-05-10,2026-07-11,Mid-size Playlist (Repeat)
[04] Time for Rebel Romance ☆ BLOWsutra (Revolt Now) IBYN Psychedelic Piano Jazz BURLESQUE,open,Yes,Bananasutra!,open,Angus,profile,54,452,1499,1,0,2026-04-08,2026-04-10,2026-07-11,Catalog Mirror (Superfan)
[04] Time for Rebel Romance ☆ BLOWsutra (Revolt Now) IBYN Psychedelic Piano Jazz BURLESQUE,open,Yes,Vamp,open,lavenderblues,profile,0,7,22,0,0,2026-03-28,2026-03-28,2026-07-11,Niche/Emerging Curator
[06] Time for Rebel Romance ☆ BLOWsutra (Revolt Now) Alternative Mantra Indie Trip Hop(e) ROCK,open,No,bananasutra,open,Fred Anderson,profile,1,445,1526,1,0,2026-07-08,2026-07-08,2026-07-11,Catalog Mirror (Superfan)
[01] Time for Rebel Romance ☆ BLOWsutra (Revolt Now) Oh Boy Psychedelic Accordion Circus BURLESQUE,open,Yes,bananasutra,open,Fred Anderson,profile,1,445,1526,1,0,2026-07-08,2026-07-08,2026-07-11,Catalog Mirror (Superfan)
[01] Time for Rebel Romance ☆ BLOWsutra (Revolt Now) Oh Boy Psychedelic Accordion Circus BURLESQUE,open,Yes,party,open,Pasta Vlasta,profile,32,16,549,0,0,2024-08-24,2026-05-22,2026-07-11,Niche/Emerging Curator (Repeat)
[01] Time for Rebel Romance ☆ BLOWsutra (Revolt Now) Oh Boy Psychedelic Accordion Circus BURLESQUE,open,Yes,Evening,open,User 582331772,profile,2,34,142,1,0,2025-08-11,2026-07-03,2026-07-11,Mid-size Playlist
[01] Time for Rebel Romance ☆ BLOWsutra (Revolt Now) Oh Boy Psychedelic Accordion Circus BURLESQUE,open,Yes,best!!!!,open,Pasta Vlasta,profile,32,46,462,0,0,2024-08-30,2026-05-22,2026-07-11,Mid-size Playlist (Repeat)
[05] Time for Rebel Romance ☆ BLOWsutra (Revolt Now) Accordion Ragga Burlesque DUB,open,Yes,bananasutra,open,Fred Anderson,profile,1,445,1526,1,0,2026-07-08,2026-07-08,2026-07-11,Catalog Mirror (Superfan)
[05] Time for Rebel Romance ☆ BLOWsutra (Revolt Now) Accordion Ragga Burlesque DUB,open,Yes,Copy of [08] Camus Dit Oui • FLOWsutra (Fly Like Water) Acoustic French Trip Hop Piano Jazz LOFI,open,Shams eldeen,profile,0,49,179,0,0,2026-05-21,2026-05-21,2026-07-11,Mid-size Playlist
[05] Time for Rebel Romance ☆ BLOWsutra (Revolt Now) Accordion Ragga Burlesque DUB,open,Yes,Song,open,Dit,profile,0,9,31,0,0,2026-04-17,2026-04-17,2026-07-11,Niche/Emerging Curator
[05] Time for Rebel Romance ☆ BLOWsutra (Revolt Now) Accordion Ragga Burlesque DUB,open,Yes,Bananasutra!,open,Angus,profile,54,452,1499,1,0,2026-04-08,2026-04-10,2026-07-11,Catalog Mirror (Superfan)
[05] Time for Rebel Romance ☆ BLOWsutra (Revolt Now) Accordion Ragga Burlesque DUB,open,Yes,New Table,open,D S,profile,6,49,210,0,0,2026-04-01,2026-06-15,2026-07-11,Mid-size Playlist
[05] Time for Rebel Romance ☆ BLOWsutra (Revolt Now) Accordion Ragga Burlesque DUB,open,Yes,Mart2026,open,Владислав Курдыш,profile,0,13,52,0,0,2026-02-27,2026-06-28,2026-07-11,Niche/Emerging Curator (Repeat)
[05] Time for Rebel Romance ☆ BLOWsutra (Revolt Now) Accordion Ragga Burlesque DUB,open,Yes,Car music,open,Donleon,profile,13,50,148,0,0,2026-02-28,2026-06-26,2026-07-11,Mid-size Playlist
[05] Time for Rebel Romance ☆ BLOWsutra (Revolt Now) Accordion Ragga Burlesque DUB,open,Yes,Late Morning Beats,open,Angus,profile,54,123,532,0,0,2026-01-30,2026-05-10,2026-07-11,Mid-size Playlist (Repeat)
[05] Time for Rebel Romance ☆ BLOWsutra (Revolt Now) Accordion Ragga Burlesque DUB,open,Yes,Lounge Inn 🏝️,open,Angus,profile,54,62,266,0,0,2025-11-10,2026-04-08,2026-07-11,Mid-size Playlist (Repeat)
[05] Time for Rebel Romance ☆ BLOWsutra (Revolt Now) Accordion Ragga Burlesque DUB,open,Yes,RaiNy dAyz!,open,Angus,profile,54,62,243,0,0,2025-11-11,2026-04-08,2026-07-11,Mid-size Playlist (Repeat)
[05] Time for Rebel Romance ☆ BLOWsutra (Revolt Now) Accordion Ragga Burlesque DUB,open,Yes,GenteL RaiN,open,Angus,profile,54,97,405,0,0,2025-11-12,2026-05-11,2026-07-11,Mid-size Playlist (Repeat)
[05] Time for Rebel Romance ☆ BLOWsutra (Revolt Now) Accordion Ragga Burlesque DUB,open,Yes,TechNo Lo-Fi,open,Angus,profile,54,61,453,0,0,2025-11-22,2026-05-11,2026-07-11,Mid-size Playlist (Repeat)
[05] Time for Rebel Romance ☆ BLOWsutra (Revolt Now) Accordion Ragga Burlesque DUB,open,Yes,2026,open,Miguel Marinho,profile,0,1,3,0,0,2026-02-22,2026-02-22,2026-07-11,Niche/Emerging Curator
[02] Time for Rebel Romance ☆ BLOWsutra (Revolt Now) Oh Boy Psychedelic Accordion Circus BURLESQUE,open,Yes,bananasutra,open,Fred Anderson,profile,1,445,1526,1,0,2026-07-08,2026-07-08,2026-07-11,Catalog Mirror (Superfan)
[02] Time for Rebel Romance ☆ BLOWsutra (Revolt Now) Oh Boy Psychedelic Accordion Circus BURLESQUE,open,Yes,bananasutra,open,Volker Seifert,profile,0,50,194,0,0,2026-04-17,2026-04-17,2026-07-11,Mid-size Playlist
[02] Time for Rebel Romance ☆ BLOWsutra (Revolt Now) Oh Boy Psychedelic Accordion Circus BURLESQUE,open,Yes,BananaSutra,open,Raoulmusca,profile,0,7,21,1,0,2026-02-22,2026-05-22,2026-07-11,Niche/Emerging Curator
"[01] Rise Up, You Naked People (Freedom Rings) - BLOWsutra Victor Hugo Revolution Ring FOLK",open,Yes,bananasutra,open,Fred Anderson,profile,1,445,1526,1,0,2026-07-08,2026-07-08,2026-07-11,Catalog Mirror (Superfan)
"[02] Rise Up, You Naked People (Freedom Rings)- BLOWsutra Victor Hugo Revolution Ring (miss cheeky) FOLK",open,No,bananasutra,open,Fred Anderson,profile,1,445,1526,1,0,2026-07-08,2026-07-08,2026-07-11,Catalog Mirror (Superfan)
"[02] Rise Up, You Naked People (Freedom Rings)- BLOWsutra Victor Hugo Revolution Ring (miss cheeky) FOLK",open,No,The Climb/fight,open,Angel WolfOfVillage,profile,110,1,4,0,0,2026-02-16,2026-02-16,2026-07-11,Priority Curator
[07] Question The Nation • BLOWsutra (Revolt Now) Gipsy Indie Trip Hop(e) Dub LOFI,open,No,bananasutra,open,Fred Anderson,profile,1,445,1526,1,0,2026-07-08,2026-07-08,2026-07-11,Catalog Mirror (Superfan)
[07] Question The Nation • BLOWsutra (Revolt Now) Gipsy Indie Trip Hop(e) Dub LOFI,open,No,Bananasutra!,open,Angus,profile,54,452,1499,1,0,2026-04-08,2026-04-10,2026-07-11,Catalog Mirror (Superfan)
[03] Question The Nation • BLOWsutra (Revolt Now) Gipsy Indie Trip Hop(e) Dub LOFI,open,No,bananasutra,open,Fred Anderson,profile,1,445,1526,1,0,2026-07-08,2026-07-08,2026-07-11,Catalog Mirror (Superfan)
[03] Question The Nation • BLOWsutra (Revolt Now) Gipsy Indie Trip Hop(e) Dub LOFI,open,No,Bananasutra!,open,Angus,profile,54,452,1499,1,0,2026-04-08,2026-04-10,2026-07-11,Catalog Mirror (Superfan)
[08] Question The Nation • BLOWsutra (Revolt Now) Gipsy Indie Trip Hop(e) Dub LOFI,open,No,bananasutra,open,Fred Anderson,profile,1,445,1526,1,0,2026-07-08,2026-07-08,2026-07-11,Catalog Mirror (Superfan)
[06] Question The Nation • BLOWsutra (Revolt Now) Gipsy Indie Trip Hop(e) Dub LOFI,open,Yes,bananasutra,open,Fred Anderson,profile,1,445,1526,1,0,2026-07-08,2026-07-08,2026-07-11,Catalog Mirror (Superfan)
[06] Question The Nation • BLOWsutra (Revolt Now) Gipsy Indie Trip Hop(e) Dub LOFI,open,Yes,Bananasutra!,open,Angus,profile,54,452,1499,1,0,2026-04-08,2026-04-10,2026-07-11,Catalog Mirror (Superfan)
[06] Question The Nation • BLOWsutra (Revolt Now) Gipsy Indie Trip Hop(e) Dub LOFI,open,Yes,BananaSutra,open,Raoulmusca,profile,0,7,21,1,0,2026-02-22,2026-05-22,2026-07-11,Niche/Emerging Curator
[06] Question The Nation • BLOWsutra (Revolt Now) Gipsy Indie Trip Hop(e) Dub LOFI,open,Yes,Right,open,Kat,profile,4,6,20,0,0,2026-01-12,2026-02-21,2026-07-11,Niche/Emerging Curator
[06] Question The Nation • BLOWsutra (Revolt Now) Gipsy Indie Trip Hop(e) Dub LOFI,open,Yes,wake up to reality,open,Avvelss,profile,0,9,23,0,0,2024-06-15,2026-02-20,2026-07-11,Niche/Emerging Curator
[06] Question The Nation • BLOWsutra (Revolt Now) Gipsy Indie Trip Hop(e) Dub LOFI,open,Yes,🥂🍾🍾🆗💫💫,open,Lester Young,profile,1,9,727,0,0,2024-02-03,2026-02-23,2026-07-11,Niche/Emerging Curator
[04] Question The Nation • BLOWsutra (Revolt Now) Gipsy Indie Trip Hop(e) Dub LOFI,open,No,bananasutra,open,Fred Anderson,profile,1,445,1526,1,0,2026-07-08,2026-07-08,2026-07-11,Catalog Mirror (Superfan)
[01] Question The Nation • BLOWsutra (Revolt Now) Gipsy Indie LoFi Dub BLUES,open,No,bananasutra,open,Fred Anderson,profile,1,445,1526,1,0,2026-07-08,2026-07-08,2026-07-11,Catalog Mirror (Superfan)
[05] Question The Nation • BLOWsutra (Revolt Now) Gipsy Indie Trip Hop(e) Dub LOFI,open,No,bananasutra,open,Fred Anderson,profile,1,445,1526,1,0,2026-07-08,2026-07-08,2026-07-11,Catalog Mirror (Superfan)
[09] Question The Nation • BLOWsutra (Revolt Now) SWK Dubby Raw Acoustic Bass Jazz LOFI,open,Yes,bananasutra,open,Fred Anderson,profile,1,445,1526,1,0,2026-07-08,2026-07-08,2026-07-11,Catalog Mirror (Superfan)
[09] Question The Nation • BLOWsutra (Revolt Now) SWK Dubby Raw Acoustic Bass Jazz LOFI,open,Yes,Lofi raw,open,Kiet Gia,profile,0,9,228,0,0,2025-12-23,2026-03-17,2026-07-11,Niche/Emerging Curator
[02] Question The Nation • BLOWsutra (Revolt Now) Gipsy Indie Trip Hop(e) Dub LOFI,open,No,bananasutra,open,Fred Anderson,profile,1,445,1526,1,0,2026-07-08,2026-07-08,2026-07-11,Catalog Mirror (Superfan)
[10] Question The Nation • BLOWsutra (Revolt Now) Rebound 'n Rise Psychedelic Ragga Mama DUB,open,No,bananasutra,open,Fred Anderson,profile,1,445,1526,1,0,2026-07-08,2026-07-08,2026-07-11,Catalog Mirror (Superfan)
Side B [02] MA-A Motherland Gone Dark • BLOWsutra Acoustic Trip Hop Indie DUB,open,Yes,bananasutra,open,Fred Anderson,profile,1,445,1526,1,0,2026-07-08,2026-07-08,2026-07-11,Catalog Mirror (Superfan)
Side B [02] MA-A Motherland Gone Dark • BLOWsutra Acoustic Trip Hop Indie DUB,open,Yes,Bananasutra!,open,Angus,profile,54,452,1499,1,0,2026-04-08,2026-04-10,2026-07-11,Catalog Mirror (Superfan)
Side B [04] MA-A Motherland Gone Dark • BLOWsutra Cello Trip Hop INDIE MANTRA,open,No,bananasutra,open,Fred Anderson,profile,1,445,1526,1,0,2026-07-08,2026-07-08,2026-07-11,Catalog Mirror (Superfan)
Side B [01] MA-A Motherland Gone Dark • BLOWsutra Booya Country Bluegrass Harmonica BANJO,open,No,bananasutra,open,Fred Anderson,profile,1,445,1526,1,0,2026-07-08,2026-07-08,2026-07-11,Catalog Mirror (Superfan)
Side A [03] MAMA-B-C (Make America Mine Achtung) • BLOWsutra Cello Melancholia Burlesque INDIE,open,Yes,bananasutra,open,Fred Anderson,profile,1,445,1526,1,0,2026-07-08,2026-07-08,2026-07-11,Catalog Mirror (Superfan)
Side A [03] MAMA-B-C (Make America Mine Achtung) • BLOWsutra Cello Melancholia Burlesque INDIE,open,Yes,casual 2,open,Josquin Champion-Després,profile,13,395,2213,1,1,2017-09-26,2026-07-02,2026-07-11,Generic Dump (low signal)
Side A [03] MAMA-B-C (Make America Mine Achtung) • BLOWsutra Cello Melancholia Burlesque INDIE,open,Yes,با کلام خارجی,open,Mohammad Hadi Sharafzadeh,profile,2,31,318,0,0,2025-09-19,2026-06-27,2026-07-11,Mid-size Playlist
Side A [04] MAMA-B-C  (Make America Mine Achtung) • BLOWsutra Spoken Words LOFI,open,No,bananasutra,open,Fred Anderson,profile,1,445,1526,1,0,2026-07-08,2026-07-08,2026-07-11,Catalog Mirror (Superfan)
Side B [03] MAMA-B-C (Make America Mine Achtung) • BLOWsutra Trip Hop Smooth LOFI,open,Yes,bananasutra,open,Fred Anderson,profile,1,445,1526,1,0,2026-07-08,2026-07-08,2026-07-11,Catalog Mirror (Superfan)
Side B [03] MAMA-B-C (Make America Mine Achtung) • BLOWsutra Trip Hop Smooth LOFI,open,Yes,Bananasutra!,open,Angus,profile,54,452,1499,1,0,2026-04-08,2026-04-10,2026-07-11,Catalog Mirror (Superfan)
Side B [03] MAMA-B-C (Make America Mine Achtung) • BLOWsutra Trip Hop Smooth LOFI,open,Yes,New for Mehran,open,Abdul Rehman Chughtai,profile,0,2,13,0,0,2026-02-17,2026-02-24,2026-07-11,Niche/Emerging Curator
Side A [01] MAMA-B-C (Make America Mine Achtung) • BLOWsutra Back-to-Basics Folk Indie Cello BLUES,open,Yes,bananasutra,open,Fred Anderson,profile,1,445,1526,1,0,2026-07-08,2026-07-08,2026-07-11,Catalog Mirror (Superfan)
Side A [01] MAMA-B-C (Make America Mine Achtung) • BLOWsutra Back-to-Basics Folk Indie Cello BLUES,open,Yes,(06) 37 48 97 42,open,Jordy Haringa,profile,0,28,69,0,0,2024-05-30,2026-04-29,2026-07-11,Niche/Emerging Curator
Side A [02] MAMA-B-C (Make America Mine Achtung) • BLOWsutra psychedelic kindness is depth (high) Banjo Folk BLUES,open,Yes,bananasutra,open,Fred Anderson,profile,1,445,1526,1,0,2026-07-08,2026-07-08,2026-07-11,Catalog Mirror (Superfan)
Side A [02] MAMA-B-C (Make America Mine Achtung) • BLOWsutra psychedelic kindness is depth (high) Banjo Folk BLUES,open,Yes,Idk,open,Ghady Bassil,profile,0,3,15,0,0,2026-03-03,2026-05-20,2026-07-11,Niche/Emerging Curator
[01] MAHA (Make America Humane Again) • Vol. 2 • BLOWsutra Gipsy Trip Hop Blues LOFI,open,Yes,bananasutra,open,Fred Anderson,profile,1,445,1526,1,0,2026-07-08,2026-07-08,2026-07-11,Catalog Mirror (Superfan)
[01] MAHA (Make America Humane Again) • Vol. 2 • BLOWsutra Gipsy Trip Hop Blues LOFI,open,Yes,Kanabys3,open,josef mac half61🌿🔥😙💨💯,profile,11,289,18066,1,0,2023-09-06,2026-07-09,2026-07-11,Generic Dump (low signal)
[01] MAHA (Make America Humane Again) • Vol. 2 • BLOWsutra Gipsy Trip Hop Blues LOFI,open,Yes,Kanabys3,open,josef mac half61🌿🔥😙💨💯,profile,11,313,20290,0,0,2022-12-22,2026-07-09,2026-07-11,Generic Dump (low signal)
[01] MAHA (Make America Humane Again) • Vol. 2 • BLOWsutra Gipsy Trip Hop Blues LOFI,open,Yes,Copy of bambu station/Canabis🍁🍁🍁🍁,open,josef mac half61🌿🔥😙💨💯,profile,11,320,15452,4,0,2024-11-11,2026-07-09,2026-07-11,Generic Dump (low signal)
[01] MAHA (Make America Humane Again) • Vol. 2 • BLOWsutra Gipsy Trip Hop Blues LOFI,open,Yes,Copy of Escolhas de josef Mac half55,open,josef mac half61🌿🔥😙💨💯,profile,11,158,8574,0,0,2025-10-12,2026-07-09,2026-07-11,Mid-size Playlist (Repeat)
[01] MAHA (Make America Humane Again) • Vol. 2 • BLOWsutra Gipsy Trip Hop Blues LOFI,open,Yes,Copy of Escolhas de josef Mac half55,open,josef mac half61🌿🔥😙💨💯,profile,11,158,8574,0,0,2025-10-14,2026-07-09,2026-07-11,Mid-size Playlist (Repeat)
[01] MAHA (Make America Humane Again) • Vol. 2 • BLOWsutra Gipsy Trip Hop Blues LOFI,open,Yes,Reggae,open,Nando,profile,0,36,195,0,0,2025-10-01,2026-06-05,2026-07-11,Mid-size Playlist
[01] MAHA (Make America Humane Again) • Vol. 2 • BLOWsutra Gipsy Trip Hop Blues LOFI,open,Yes,Bananasutra!,open,Angus,profile,54,452,1499,1,0,2026-04-08,2026-04-10,2026-07-11,Catalog Mirror (Superfan)
[01] MAHA (Make America Humane Again) • Vol. 2 • BLOWsutra Gipsy Trip Hop Blues LOFI,open,Yes,Blues Rock,open,MB,profile,2,27,140,0,0,2025-08-31,2026-06-03,2026-07-11,Niche/Emerging Curator (Repeat)
[01] MAHA (Make America Humane Again) • Vol. 2 • BLOWsutra Gipsy Trip Hop Blues LOFI,open,Yes,Äggrae,open,David M,profile,16,17,67,0,0,2025-12-31,2026-07-06,2026-07-11,Niche/Emerging Curator
[01] MAHA (Make America Humane Again) • Vol. 2 • BLOWsutra Gipsy Trip Hop Blues LOFI,open,Yes,My beautiful life of mine,open,user,profile,58,437,1740,0,0,2018-06-25,2026-06-17,2026-07-11,Generic Dump (low signal)
[01] MAHA (Make America Humane Again) • Vol. 2 • BLOWsutra Gipsy Trip Hop Blues LOFI,open,Yes,SD🥳🪽🌊☀️🏖️,open,user,profile,58,24,97,0,0,2025-12-28,2026-05-11,2026-07-11,Priority Curator (Repeat)
[03] MAHA (Make America Humane Again) • Vol. 2 • BLOWsutra Gipsy Trip Hop Blues LOFI,open,No,bananasutra,open,Fred Anderson,profile,1,445,1526,1,0,2026-07-08,2026-07-08,2026-07-11,Catalog Mirror (Superfan)
[02] MAHA (Make America Humane Again) • Vol. 2 • BLOWsutra Gipsy Trip Hop Lofi DUB,open,Yes,bananasutra,open,Fred Anderson,profile,1,445,1526,1,0,2026-07-08,2026-07-08,2026-07-11,Catalog Mirror (Superfan)
[02] MAHA (Make America Humane Again) • Vol. 2 • BLOWsutra Gipsy Trip Hop Lofi DUB,open,Yes,"We Are We, Let’s Set Ourselves Free",open,Jul1a,profile,117,9,38,0,0,2025-06-30,2026-04-24,2026-07-11,Priority Curator
[06] MAHA (Make America Humane Again) • Vol. 2 • BLOWsutra Gipsy Bass Trip Drum Hop Blues LOFI,open,Yes,bananasutra,open,Fred Anderson,profile,1,445,1526,1,0,2026-07-08,2026-07-08,2026-07-11,Catalog Mirror (Superfan)
[06] MAHA (Make America Humane Again) • Vol. 2 • BLOWsutra Gipsy Bass Trip Drum Hop Blues LOFI,open,Yes,🎶,open,Нарек Оганян,profile,0,15,50,0,0,2025-09-07,2026-03-25,2026-07-11,Niche/Emerging Curator
[06] MAHA (Make America Humane Again) • Vol. 2 • BLOWsutra Gipsy Bass Trip Drum Hop Blues LOFI,open,Yes,ncar,open,alex,profile,76,149,658,0,0,2026-02-27,2026-06-15,2026-07-11,Mid-size Playlist
[06] MAHA (Make America Humane Again) • Vol. 2 • BLOWsutra Gipsy Bass Trip Drum Hop Blues LOFI,open,Yes,2026 execute,open,Diary of a woman,profile,6,49,293,1,0,2026-01-10,2026-07-04,2026-07-11,Mid-size Playlist
[05] MAHA (Make America Humane Again) • Vol. 2 • BLOWsutra Gipsy LoFi Trip Lo Hop BLUES,open,No,bananasutra,open,Fred Anderson,profile,1,445,1526,1,0,2026-07-08,2026-07-08,2026-07-11,Catalog Mirror (Superfan)
[04] MAHA (Make America Humane Again) • Vol. 2 • BLOWsutra Gipsy LoFi Trip Hip Blop LOFI,open,Yes,bananasutra,open,Fred Anderson,profile,1,445,1526,1,0,2026-07-08,2026-07-08,2026-07-11,Catalog Mirror (Superfan)
[04] MAHA (Make America Humane Again) • Vol. 2 • BLOWsutra Gipsy LoFi Trip Hip Blop LOFI,open,Yes,rapsyy,open,ellyeoss 🍉🍉🍉,profile,42,31,115,0,0,2025-04-19,2026-05-01,2026-07-11,Mid-size Playlist
[04] MAHA (Make America Humane Again) • Vol. 2 • BLOWsutra Gipsy LoFi Trip Hip Blop LOFI,open,Yes,No GANG,open,Jake Dugdale,profile,0,133,551,0,0,2025-05-08,2026-07-10,2026-07-11,Mid-size Playlist
[04] MAHA (Make America Humane Again) • Vol. 2 • BLOWsutra Gipsy LoFi Trip Hip Blop LOFI,open,Yes,bananasutra,open,Volker Seifert,profile,0,50,194,0,0,2026-04-17,2026-04-17,2026-07-11,Mid-size Playlist
[04] MAHA (Make America Humane Again) • Vol. 2 • BLOWsutra Gipsy LoFi Trip Hip Blop LOFI,open,Yes,Bananasutra!,open,Angus,profile,54,452,1499,1,0,2026-04-08,2026-04-10,2026-07-11,Catalog Mirror (Superfan)
[04] MAHA (Make America Humane Again) • Vol. 2 • BLOWsutra Gipsy LoFi Trip Hip Blop LOFI,open,Yes,🇯🇲,open,Kane Barton,profile,123,117,472,0,0,2025-04-06,2026-06-02,2026-07-11,Mid-size Playlist
[06] What Dissent Looks Like Now • BLOWsutra Post-Punk Tzigane Trip Hop Lo-Fi Burlesque JAZZ,open,No,bananasutra,open,Fred Anderson,profile,1,445,1526,1,0,2026-07-08,2026-07-08,2026-07-11,Catalog Mirror (Superfan)
[BONUS] What Dissent Looks Like Now • BLOWsutra Psychedelic Burlesque MamA-B-Cello Dream Cabaret INDIE,open,Yes,bananasutra,open,Fred Anderson,profile,1,445,1526,1,0,2026-07-08,2026-07-08,2026-07-11,Catalog Mirror (Superfan)
[BONUS] What Dissent Looks Like Now • BLOWsutra Psychedelic Burlesque MamA-B-Cello Dream Cabaret INDIE,open,Yes,French Connection,open,livan cliyf,profile,9,18,56,0,0,2026-02-03,2026-02-05,2026-07-11,Niche/Emerging Curator
[10] What Dissent Looks Like Now • BLOWsutra Post-Punk Gipsy Trip Hop Lo-Fi Burlesque INDIE,open,Yes,bananasutra,open,Fred Anderson,profile,1,445,1526,1,0,2026-07-08,2026-07-08,2026-07-11,Catalog Mirror (Superfan)
[10] What Dissent Looks Like Now • BLOWsutra Post-Punk Gipsy Trip Hop Lo-Fi Burlesque INDIE,open,Yes,Moose Chill Zone,open,Billy Croteau,profile,5,127,547,2,0,2026-02-03,2026-07-11,2026-07-11,Mid-size Playlist
[02] What Dissent Looks Like Now • BLOWsutra Post-Punk Trip Hop Lo-Fi Burlesque Piano JAZZ,open,Yes,bananasutra,open,Fred Anderson,profile,1,445,1526,1,0,2026-07-08,2026-07-08,2026-07-11,Catalog Mirror (Superfan)
[02] What Dissent Looks Like Now • BLOWsutra Post-Punk Trip Hop Lo-Fi Burlesque Piano JAZZ,open,Yes,Bananasutra,open,Andrew Dobrew,profile,0,17,63,1,0,2026-04-21,2026-05-29,2026-07-11,Niche/Emerging Curator
[02] What Dissent Looks Like Now • BLOWsutra Post-Punk Trip Hop Lo-Fi Burlesque Piano JAZZ,open,Yes,Bananasutra!,open,Angus,profile,54,452,1499,1,0,2026-04-08,2026-04-10,2026-07-11,Catalog Mirror (Superfan)
[02] What Dissent Looks Like Now • BLOWsutra Post-Punk Trip Hop Lo-Fi Burlesque Piano JAZZ,open,Yes,Si,open,Bb,profile,0,160,642,0,0,2025-09-10,2026-03-26,2026-07-11,Mid-size Playlist
[02] What Dissent Looks Like Now • BLOWsutra Post-Punk Trip Hop Lo-Fi Burlesque Piano JAZZ,open,Yes,BiG AL🙏,open,Angus,profile,54,121,497,0,0,2025-07-29,2026-05-11,2026-07-11,Mid-size Playlist (Repeat)
[02] What Dissent Looks Like Now • BLOWsutra Post-Punk Trip Hop Lo-Fi Burlesque Piano JAZZ,open,Yes,RaiNy dAyz!,open,Angus,profile,54,62,243,0,0,2025-11-11,2026-04-08,2026-07-11,Mid-size Playlist (Repeat)
[02] What Dissent Looks Like Now • BLOWsutra Post-Punk Trip Hop Lo-Fi Burlesque Piano JAZZ,open,Yes,GenteL RaiN,open,Angus,profile,54,97,405,0,0,2025-11-12,2026-05-11,2026-07-11,Mid-size Playlist (Repeat)
[02] What Dissent Looks Like Now • BLOWsutra Post-Punk Trip Hop Lo-Fi Burlesque Piano JAZZ,open,Yes,Late Morning Beats,open,Angus,profile,54,123,532,0,0,2026-01-30,2026-05-10,2026-07-11,Mid-size Playlist (Repeat)
[02] What Dissent Looks Like Now • BLOWsutra Post-Punk Trip Hop Lo-Fi Burlesque Piano JAZZ,open,Yes,CaSSia,open,Angus,profile,54,98,474,0,0,2026-02-01,2026-05-10,2026-07-11,Mid-size Playlist (Repeat)
[02] What Dissent Looks Like Now • BLOWsutra Post-Punk Trip Hop Lo-Fi Burlesque Piano JAZZ,open,Yes,The Best Ones,open,User 11165432,profile,0,24,213,0,0,2025-09-01,2026-06-11,2026-07-11,Niche/Emerging Curator
[02] What Dissent Looks Like Now • BLOWsutra Post-Punk Trip Hop Lo-Fi Burlesque Piano JAZZ,open,Yes,2026,open,Владислав Курдыш,profile,0,57,227,0,0,2026-01-29,2026-06-28,2026-07-11,Mid-size Playlist (Repeat)
[02] What Dissent Looks Like Now • BLOWsutra Post-Punk Trip Hop Lo-Fi Burlesque Piano JAZZ,open,Yes,French Connection,open,livan cliyf,profile,9,18,56,0,0,2026-02-03,2026-02-05,2026-07-11,Niche/Emerging Curator
[02] What Dissent Looks Like Now • BLOWsutra Post-Punk Trip Hop Lo-Fi Burlesque Piano JAZZ,open,Yes,💀,open,🐒,profile,2,460,1768,0,0,2024-08-19,2026-07-03,2026-07-11,Generic Dump (low signal)
[04] What Dissent Looks Like Now • BLOWsutra Post-Punk Piano Trip Hop Lo-Fi Burlesque JAZZ,open,Yes,bananasutra,open,Fred Anderson,profile,1,445,1526,1,0,2026-07-08,2026-07-08,2026-07-11,Catalog Mirror (Superfan)
[04] What Dissent Looks Like Now • BLOWsutra Post-Punk Piano Trip Hop Lo-Fi Burlesque JAZZ,open,Yes,Soul,open,Glen Nash 1,profile,9,55,299,0,0,2026-01-10,2026-05-21,2026-07-11,Mid-size Playlist
[04] What Dissent Looks Like Now • BLOWsutra Post-Punk Piano Trip Hop Lo-Fi Burlesque JAZZ,open,Yes,Sunday Breakfast,open,Kyra Mylina Thaysen,profile,10,10,37,0,0,2026-04-05,2026-06-23,2026-07-11,Niche/Emerging Curator
[04] What Dissent Looks Like Now • BLOWsutra Post-Punk Piano Trip Hop Lo-Fi Burlesque JAZZ,open,Yes,Song,open,Dit,profile,0,9,31,0,0,2026-04-17,2026-04-17,2026-07-11,Niche/Emerging Curator
[04] What Dissent Looks Like Now • BLOWsutra Post-Punk Piano Trip Hop Lo-Fi Burlesque JAZZ,open,Yes,Woter Music,open,Sasha Duptulions,profile,0,110,314,1,0,2026-02-27,2026-07-08,2026-07-11,Mid-size Playlist
[04] What Dissent Looks Like Now • BLOWsutra Post-Punk Piano Trip Hop Lo-Fi Burlesque JAZZ,open,Yes,The Best Ones,open,User 11165432,profile,0,24,213,0,0,2025-09-01,2026-06-11,2026-07-11,Niche/Emerging Curator
[04] What Dissent Looks Like Now • BLOWsutra Post-Punk Piano Trip Hop Lo-Fi Burlesque JAZZ,open,Yes,French Connection,open,livan cliyf,profile,9,18,56,0,0,2026-02-03,2026-02-05,2026-07-11,Niche/Emerging Curator
[04] What Dissent Looks Like Now • BLOWsutra Post-Punk Piano Trip Hop Lo-Fi Burlesque JAZZ,open,Yes,Vibe,open,slimxo,profile,418,2,8,0,0,2026-02-03,2026-02-03,2026-07-11,Priority Curator
[12] What Dissent Looks Like Now • BLOWsutra Psychedelic Hip Hop BRUH Cabaret Rap LOFI,open,No,bananasutra,open,Fred Anderson,profile,1,445,1526,1,0,2026-07-08,2026-07-08,2026-07-11,Catalog Mirror (Superfan)
[07] What Dissent Looks Like Now • BLOWsutra Post-Punk Gipsy Trip Hop Lo-Fi Burlesque INDIE,open,No,bananasutra,open,Fred Anderson,profile,1,445,1526,1,0,2026-07-08,2026-07-08,2026-07-11,Catalog Mirror (Superfan)
[07] What Dissent Looks Like Now • BLOWsutra Post-Punk Gipsy Trip Hop Lo-Fi Burlesque INDIE,open,No,Bananasutra!,open,Angus,profile,54,452,1499,1,0,2026-04-08,2026-04-10,2026-07-11,Catalog Mirror (Superfan)
[07] What Dissent Looks Like Now • BLOWsutra Post-Punk Gipsy Trip Hop Lo-Fi Burlesque INDIE,open,No,Late Morning Beats,open,Angus,profile,54,123,532,0,0,2026-01-30,2026-05-10,2026-07-11,Mid-size Playlist (Repeat)
[07] What Dissent Looks Like Now • BLOWsutra Post-Punk Gipsy Trip Hop Lo-Fi Burlesque INDIE,open,No,BiG AL🙏,open,Angus,profile,54,121,497,0,0,2025-07-29,2026-05-11,2026-07-11,Mid-size Playlist (Repeat)
[07] What Dissent Looks Like Now • BLOWsutra Post-Punk Gipsy Trip Hop Lo-Fi Burlesque INDIE,open,No,💸💰,open,BabyA,profile,27,237,660,0,0,2025-06-05,2026-07-03,2026-07-11,Generic Dump (low signal)
[05] What Dissent Looks Like Now • BLOWsutra Post-Punk Piano Trip Hop Lo-Fi Burlesque JAZZ,open,No,bananasutra,open,Fred Anderson,profile,1,445,1526,1,0,2026-07-08,2026-07-08,2026-07-11,Catalog Mirror (Superfan)
[09] What Dissent Looks Like Now • BLOWsutra Post-Punk Gipsy Trip Hop Lo-Fi Burlesque INDIE,open,No,bananasutra,open,Fred Anderson,profile,1,445,1526,1,0,2026-07-08,2026-07-08,2026-07-11,Catalog Mirror (Superfan)
[01] What Dissent Looks Like Now • BLOWsutra Post-Punk Piano Trip Hop Lo-Fi Burlesque JAZZ,open,Yes,bananasutra,open,Fred Anderson,profile,1,445,1526,1,0,2026-07-08,2026-07-08,2026-07-11,Catalog Mirror (Superfan)
[01] What Dissent Looks Like Now • BLOWsutra Post-Punk Piano Trip Hop Lo-Fi Burlesque JAZZ,open,Yes,GenteL RaiN,open,Angus,profile,54,97,405,0,0,2025-11-12,2026-05-11,2026-07-11,Mid-size Playlist (Repeat)
[01] What Dissent Looks Like Now • BLOWsutra Post-Punk Piano Trip Hop Lo-Fi Burlesque JAZZ,open,Yes,TechNo Lo-Fi,open,Angus,profile,54,61,453,0,0,2025-11-22,2026-05-11,2026-07-11,Mid-size Playlist (Repeat)
[01] What Dissent Looks Like Now • BLOWsutra Post-Punk Piano Trip Hop Lo-Fi Burlesque JAZZ,open,Yes,BiG AL🙏,open,Angus,profile,54,121,497,0,0,2025-07-29,2026-05-11,2026-07-11,Mid-size Playlist (Repeat)
[01] What Dissent Looks Like Now • BLOWsutra Post-Punk Piano Trip Hop Lo-Fi Burlesque JAZZ,open,Yes,RaiNy dAyz!,open,Angus,profile,54,62,243,0,0,2025-11-11,2026-04-08,2026-07-11,Mid-size Playlist (Repeat)
[01] What Dissent Looks Like Now • BLOWsutra Post-Punk Piano Trip Hop Lo-Fi Burlesque JAZZ,open,Yes,Late Morning Beats,open,Angus,profile,54,123,532,0,0,2026-01-30,2026-05-10,2026-07-11,Mid-size Playlist (Repeat)
[01] What Dissent Looks Like Now • BLOWsutra Post-Punk Piano Trip Hop Lo-Fi Burlesque JAZZ,open,Yes,2026,open,User 522345726,profile,0,52,269,0,0,2026-01-07,2026-05-06,2026-07-11,Mid-size Playlist
[11] What Dissent Looks Like Now • BLOWsutra Psychedelic Hip Hop BRUH Cabaret Rap LOFI,open,Yes,bananasutra,open,Fred Anderson,profile,1,445,1526,1,0,2026-07-08,2026-07-08,2026-07-11,Catalog Mirror (Superfan)
[11] What Dissent Looks Like Now • BLOWsutra Psychedelic Hip Hop BRUH Cabaret Rap LOFI,open,Yes,Bananasutra!,open,Angus,profile,54,452,1499,1,0,2026-04-08,2026-04-10,2026-07-11,Catalog Mirror (Superfan)
[11] What Dissent Looks Like Now • BLOWsutra Psychedelic Hip Hop BRUH Cabaret Rap LOFI,open,Yes,Ma 🧠,open,Mariya👾,profile,1,170,717,0,0,2024-10-07,2026-06-27,2026-07-11,Mid-size Playlist
[08] What Dissent Looks Like Now • BLOWsutra Post-Punk Gipsy Trip Hop Lo-Fi Burlesque INDIE,open,Yes,bananasutra,open,Fred Anderson,profile,1,445,1526,1,0,2026-07-08,2026-07-08,2026-07-11,Catalog Mirror (Superfan)
[08] What Dissent Looks Like Now • BLOWsutra Post-Punk Gipsy Trip Hop Lo-Fi Burlesque INDIE,open,Yes,French Connection,open,livan cliyf,profile,9,18,56,0,0,2026-02-03,2026-02-05,2026-07-11,Niche/Emerging Curator
[03] What Dissent Looks Like Now • BLOWsutra Post-Punk Piano Trip Hop Lo-Fi Burlesque JAZZ,open,No,bananasutra,open,Fred Anderson,profile,1,445,1526,1,0,2026-07-08,2026-07-08,2026-07-11,Catalog Mirror (Superfan)
[03] What Dissent Looks Like Now • BLOWsutra Post-Punk Piano Trip Hop Lo-Fi Burlesque JAZZ,open,No,French Connection,open,livan cliyf,profile,9,18,56,0,0,2026-02-03,2026-02-05,2026-07-11,Niche/Emerging Curator
[11] What Dissent Looks Like Now • BLOWsutra Psychedelic Hip Hop Bruh LOFI,open,No,bananasutra,open,Fred Anderson,profile,1,445,1526,1,0,2026-07-08,2026-07-08,2026-07-11,Catalog Mirror (Superfan)
[11] What Dissent Looks Like Now • BLOWsutra Psychedelic Hip Hop Bruh LOFI,open,No,Bananasutra!,open,Angus,profile,54,452,1499,1,0,2026-04-08,2026-04-10,2026-07-11,Catalog Mirror (Superfan)
[11] What Dissent Looks Like Now • BLOWsutra Psychedelic Hip Hop Bruh LOFI,open,No,TechNo Lo-Fi,open,Angus,profile,54,61,453,0,0,2025-11-22,2026-05-11,2026-07-11,Mid-size Playlist (Repeat)
[11] What Dissent Looks Like Now • BLOWsutra Psychedelic Hip Hop Bruh LOFI,open,No,Late Morning Beats,open,Angus,profile,54,123,532,0,0,2026-01-30,2026-05-10,2026-07-11,Mid-size Playlist (Repeat)
[11] What Dissent Looks Like Now • BLOWsutra Psychedelic Hip Hop Bruh LOFI,open,No,Untitled playlist,open,Paul Wildish,profile,6,56,218,0,0,2025-10-26,2026-05-01,2026-07-11,Mid-size Playlist (Repeat)
[11] What Dissent Looks Like Now • BLOWsutra Psychedelic Hip Hop Bruh LOFI,open,No,🫥🤮🔥🎤💎🔫🔊🗯️,open,Paul Wildish,profile,6,51,158,0,0,2025-11-08,2026-02-04,2026-07-11,Mid-size Playlist (Repeat)
Side B [15] If We Had But(t) The Truth • BLOWsutra (Censored) Gipsy Psychedelia Accordion Cello Indie FOLK,open,Yes,bananasutra,open,Fred Anderson,profile,1,445,1526,1,0,2026-07-08,2026-07-08,2026-07-11,Catalog Mirror (Superfan)
Side A [08] If We Had But(t) The Truth • BLOWsutra (Censored) Folk Poetry on the Bridge DUB,open,Yes,bananasutra,open,Fred Anderson,profile,1,445,1526,1,0,2026-07-08,2026-07-08,2026-07-11,Catalog Mirror (Superfan)
Side A [08] If We Had But(t) The Truth • BLOWsutra (Censored) Folk Poetry on the Bridge DUB,open,Yes,Bananasutra!,open,Angus,profile,54,452,1499,1,0,2026-04-08,2026-04-10,2026-07-11,Catalog Mirror (Superfan)
Side A [08] If We Had But(t) The Truth • BLOWsutra (Censored) Folk Poetry on the Bridge DUB,open,Yes,🫧,open,Andriy woo,profile,33,16,51,3,0,2026-02-16,2026-03-19,2026-07-11,Niche/Emerging Curator
Side A [08] If We Had But(t) The Truth • BLOWsutra (Censored) Folk Poetry on the Bridge DUB,open,Yes,SON !!!,open,FORTUNE Steffy,profile,0,3,153,0,0,2026-01-30,2026-01-30,2026-07-11,Niche/Emerging Curator
Side A [07] If We Had But(t) The Truth • BLOWsutra (Censored) PsyFolk Poetry on the Bridge DUB,open,No,bananasutra,open,Fred Anderson,profile,1,445,1526,1,0,2026-07-08,2026-07-08,2026-07-11,Catalog Mirror (Superfan)
Side A [10] If We Had But(t) The Truth • BLOWsutra (Censored) WSWHFN Ragga Mama DUB,open,No,bananasutra,open,Fred Anderson,profile,1,445,1526,1,0,2026-07-08,2026-07-08,2026-07-11,Catalog Mirror (Superfan)
Side A [05] If We Had But(t) The Truth • BLOWsutra (Censored) Storyteller Hip Trip Hop LOFI,open,No,bananasutra,open,Fred Anderson,profile,1,445,1526,1,0,2026-07-08,2026-07-08,2026-07-11,Catalog Mirror (Superfan)
Side B [20] If We Had But(t) The Truth • BLOWsutra (Censored) Burlesque PsyGipsy Cello Jazz INDIE,open,No,bananasutra,open,Fred Anderson,profile,1,445,1526,1,0,2026-07-08,2026-07-08,2026-07-11,Catalog Mirror (Superfan)
Side B [19] If We Had But(t) The Truth • BLOWsutra (Censored) Burlesque PsyGipsy Cello Jazz INDIE,open,No,bananasutra,open,Fred Anderson,profile,1,445,1526,1,0,2026-07-08,2026-07-08,2026-07-11,Catalog Mirror (Superfan)
Side B [13] If We Had But(t) The Truth • BLOWsutra (Censored) Destiny Classic Psychedelia BLUES,open,No,bananasutra,open,Fred Anderson,profile,1,445,1526,1,0,2026-07-08,2026-07-08,2026-07-11,Catalog Mirror (Superfan)
Side A [04] If We Had But(t) The Truth • BLOWsutra (Censored) Jazzy Psychedelic Hip Trip Hop LOFI,open,No,bananasutra,open,Fred Anderson,profile,1,445,1526,1,0,2026-07-08,2026-07-08,2026-07-11,Catalog Mirror (Superfan)
Side B [22] If We Had But(t) The Truth • BLOWsutra (Censored) Burlesque PsyGipsy Cello Jazz INDIE,open,No,bananasutra,open,Fred Anderson,profile,1,445,1526,1,0,2026-07-08,2026-07-08,2026-07-11,Catalog Mirror (Superfan)
Side B [21] If We Had But(t) The Truth • BLOWsutra (Censored) Burlesque PsyGipsy Cello Jazz INDIE,open,No,bananasutra,open,Fred Anderson,profile,1,445,1526,1,0,2026-07-08,2026-07-08,2026-07-11,Catalog Mirror (Superfan)
Side A [12] If We Had But(t) The Truth • BLOWsutra (Censored) Dem Sed Ragga Mama DUB,open,No,bananasutra,open,Fred Anderson,profile,1,445,1526,1,0,2026-07-08,2026-07-08,2026-07-11,Catalog Mirror (Superfan)
Side B [18] If We Had But(t) The Truth • BLOWsutra (Censored) PsyPunk Rock Cabaret BURLESQUE,open,No,bananasutra,open,Fred Anderson,profile,1,445,1526,1,0,2026-07-08,2026-07-08,2026-07-11,Catalog Mirror (Superfan)
Side A [11] If We Had But(t) The Truth • BLOWsutra (Censored) Dem Sed Ragga Mama DUB,open,No,bananasutra,open,Fred Anderson,profile,1,445,1526,1,0,2026-07-08,2026-07-08,2026-07-11,Catalog Mirror (Superfan)
Side A [01] If We Had But(t) The Truth • BLOWsutra (Censored) Jazzy Psychedelic Hip Trip Hop LOFI,open,Yes,bananasutra,open,Fred Anderson,profile,1,445,1526,1,0,2026-07-08,2026-07-08,2026-07-11,Catalog Mirror (Superfan)
Side A [01] If We Had But(t) The Truth • BLOWsutra (Censored) Jazzy Psychedelic Hip Trip Hop LOFI,open,Yes,Late Morning Beats,open,Angus,profile,54,123,532,0,0,2026-01-30,2026-05-10,2026-07-11,Mid-size Playlist (Repeat)
Side A [01] If We Had But(t) The Truth • BLOWsutra (Censored) Jazzy Psychedelic Hip Trip Hop LOFI,open,Yes,Bananasutra!,open,Angus,profile,54,452,1499,1,0,2026-04-08,2026-04-10,2026-07-11,Catalog Mirror (Superfan)
Side A [01] If We Had But(t) The Truth • BLOWsutra (Censored) Jazzy Psychedelic Hip Trip Hop LOFI,open,Yes,French Connection,open,livan cliyf,profile,9,18,56,0,0,2026-02-03,2026-02-05,2026-07-11,Niche/Emerging Curator
Side A [02] If We Had But(t) The Truth • BLOWsutra (Censored) Jazzy Psychedelic Hip Trip Hop LOFI,open,No,bananasutra,open,Fred Anderson,profile,1,445,1526,1,0,2026-07-08,2026-07-08,2026-07-11,Catalog Mirror (Superfan)
Side A [06] If We Had But(t) The Truth • BLOWsutra (Censored) Folk Poetry on the Bridge DUB,open,Yes,bananasutra,open,Fred Anderson,profile,1,445,1526,1,0,2026-07-08,2026-07-08,2026-07-11,Catalog Mirror (Superfan)
Side B [17] If We Had But(t) The Truth • BLOWsutra (Censored) PsyPunk Rock Cabaret BURLESQUE,open,No,bananasutra,open,Fred Anderson,profile,1,445,1526,1,0,2026-07-08,2026-07-08,2026-07-11,Catalog Mirror (Superfan)
Side A [03] If We Had But(t) The Truth • BLOWsutra (Censored) Jazzy Psychedelic Hip Trip Scratch Hop LOFI,open,Yes,bananasutra,open,Fred Anderson,profile,1,445,1526,1,0,2026-07-08,2026-07-08,2026-07-11,Catalog Mirror (Superfan)
Side A [03] If We Had But(t) The Truth • BLOWsutra (Censored) Jazzy Psychedelic Hip Trip Scratch Hop LOFI,open,Yes,🫶🏻🫶🏻🫶🏻,open,Vrogatinska56,profile,4,491,1471,0,0,2025-02-26,2026-06-19,2026-07-11,Generic Dump (low signal)
Side A [09] If We Had But(t) The Truth • BLOWsutra (Censored) Feel Di Riddim Ragga Mama DUB,open,Yes,bananasutra,open,Fred Anderson,profile,1,445,1526,1,0,2026-07-08,2026-07-08,2026-07-11,Catalog Mirror (Superfan)
Side A [09] If We Had But(t) The Truth • BLOWsutra (Censored) Feel Di Riddim Ragga Mama DUB,open,Yes,bananasutra,open,Volker Seifert,profile,0,50,194,0,0,2026-04-17,2026-04-17,2026-07-11,Mid-size Playlist
Side A [09] If We Had But(t) The Truth • BLOWsutra (Censored) Feel Di Riddim Ragga Mama DUB,open,Yes,Bananasutra!,open,Angus,profile,54,452,1499,1,0,2026-04-08,2026-04-10,2026-07-11,Catalog Mirror (Superfan)
Side B [14] If We Had But(t) The Truth • BLOWsutra (Censored) Gipsy Psychedelia Strings Indie FOLK,open,No,bananasutra,open,Fred Anderson,profile,1,445,1526,1,0,2026-07-08,2026-07-08,2026-07-11,Catalog Mirror (Superfan)
Side B [16] If We Had But(t) The Truth • BLOWsutra (Censored) PsyPunk Rock Cabaret BURLESQUE,open,Yes,bananasutra,open,Fred Anderson,profile,1,445,1526,1,0,2026-07-08,2026-07-08,2026-07-11,Catalog Mirror (Superfan)
Side B [16] If We Had But(t) The Truth • BLOWsutra (Censored) PsyPunk Rock Cabaret BURLESQUE,open,Yes,of 90er POP,open,Jessica.mozejko,profile,0,118,596,0,0,2026-05-30,2026-05-30,2026-07-11,Mid-size Playlist
Side B [16] If We Had But(t) The Truth • BLOWsutra (Censored) PsyPunk Rock Cabaret BURLESQUE,open,Yes,ABM,open,Shini,profile,5,135,363,0,0,2026-01-13,2026-07-11,2026-07-11,Mid-size Playlist
Side B [16] If We Had But(t) The Truth • BLOWsutra (Censored) PsyPunk Rock Cabaret BURLESQUE,open,Yes,bananasutra,open,Volker Seifert,profile,0,50,194,0,0,2026-04-17,2026-04-17,2026-07-11,Mid-size Playlist
Side B [16] If We Had But(t) The Truth • BLOWsutra (Censored) PsyPunk Rock Cabaret BURLESQUE,open,Yes,90er POP,open,AitchKay,profile,3,121,617,6,0,2025-08-22,2026-07-07,2026-07-11,Mid-size Playlist (Repeat)
Side B [16] If We Had But(t) The Truth • BLOWsutra (Censored) PsyPunk Rock Cabaret BURLESQUE,open,Yes,jazz and saxophone 🎷,open,anika lewandowskaya,profile,77,32,687,3,1,2024-04-07,2026-04-25,2026-07-11,Mid-size Playlist (Repeat)
Side B [16] If We Had But(t) The Truth • BLOWsutra (Censored) PsyPunk Rock Cabaret BURLESQUE,open,Yes,Metamorphosis,open,anika lewandowskaya,profile,77,142,4567,1,0,2025-09-29,2026-06-22,2026-07-11,Mid-size Playlist (Repeat)
Side B [16] If We Had But(t) The Truth • BLOWsutra (Censored) PsyPunk Rock Cabaret BURLESQUE,open,Yes,🌷,open,anika lewandowskaya,profile,77,85,447,2,0,2025-11-14,2026-07-04,2026-07-11,Mid-size Playlist (Repeat)
Side B [16] If We Had But(t) The Truth • BLOWsutra (Censored) PsyPunk Rock Cabaret BURLESQUE,open,Yes,Gaming Songs,open,AitchKay,profile,3,80,387,0,0,2025-09-23,2026-04-23,2026-07-11,Mid-size Playlist (Repeat)
[04] Rainbows in the Clouds • GLOWsutra Gipsy Jazz Conscious Fusion LOFI,open,Yes,bananasutra,open,Volker Seifert,profile,0,50,194,0,0,2026-04-17,2026-04-17,2026-07-11,Mid-size Playlist
[04] Rainbows in the Clouds • GLOWsutra Gipsy Jazz Conscious Fusion LOFI,open,Yes,Bananasutra!,open,Angus,profile,54,452,1499,1,0,2026-04-08,2026-04-10,2026-07-11,Catalog Mirror (Superfan)
[04] Rainbows in the Clouds • GLOWsutra Gipsy Jazz Conscious Fusion LOFI,open,Yes,Normal,open,TomNorway🇳🇴,profile,5,97,359,2,0,2026-03-27,2026-05-12,2026-07-11,Mid-size Playlist (Repeat)
[04] Rainbows in the Clouds • GLOWsutra Gipsy Jazz Conscious Fusion LOFI,open,Yes,BananaSutra,open,Raoulmusca,profile,0,7,21,1,0,2026-02-22,2026-05-22,2026-07-11,Niche/Emerging Curator
[04] Rainbows in the Clouds • GLOWsutra Gipsy Jazz Conscious Fusion LOFI,open,Yes,BiG AL🙏,open,Angus,profile,54,121,497,0,0,2025-07-29,2026-05-11,2026-07-11,Mid-size Playlist (Repeat)
[04] Rainbows in the Clouds • GLOWsutra Gipsy Jazz Conscious Fusion LOFI,open,Yes,Lounge Inn 🏝️,open,Angus,profile,54,62,266,0,0,2025-11-10,2026-04-08,2026-07-11,Mid-size Playlist (Repeat)
[04] Rainbows in the Clouds • GLOWsutra Gipsy Jazz Conscious Fusion LOFI,open,Yes,RaiNy dAyz!,open,Angus,profile,54,62,243,0,0,2025-11-11,2026-04-08,2026-07-11,Mid-size Playlist (Repeat)
[04] Rainbows in the Clouds • GLOWsutra Gipsy Jazz Conscious Fusion LOFI,open,Yes,GenteL RaiN,open,Angus,profile,54,97,405,0,0,2025-11-12,2026-05-11,2026-07-11,Mid-size Playlist (Repeat)
[04] Rainbows in the Clouds • GLOWsutra Gipsy Jazz Conscious Fusion LOFI,open,Yes,Late Morning Beats,open,Angus,profile,54,123,532,0,0,2026-01-30,2026-05-10,2026-07-11,Mid-size Playlist (Repeat)
[04] Rainbows in the Clouds • GLOWsutra Gipsy Jazz Conscious Fusion LOFI,open,Yes,🌴🫦🪕🪖👨🏻‍🌾🤼‍♂️⚓️,open,Paul Wildish,profile,6,58,192,0,0,2024-08-19,2026-02-24,2026-07-11,Mid-size Playlist (Repeat)
[04] Rainbows in the Clouds • GLOWsutra Gipsy Jazz Conscious Fusion LOFI,open,Yes,Untitled playlist,open,Paul Wildish,profile,6,56,218,0,0,2025-10-26,2026-05-01,2026-07-11,Mid-size Playlist (Repeat)
[04] Rainbows in the Clouds • GLOWsutra Gipsy Jazz Conscious Fusion LOFI,open,Yes,Hardstyle epa,open,Virre,profile,0,84,261,1,0,2025-08-17,2026-04-13,2026-07-11,Mid-size Playlist
[09] Rainbows in the Clouds • GLOWsutra Maya Mama Classic BLUES,open,Yes,Gym Relax,open,Khalifa Alafeefi,profile,1,4,15,0,0,2025-12-26,2026-02-26,2026-07-11,Niche/Emerging Curator
[12] Rainbows in the Clouds • GLOWsutra Maya Mama Classic BLUES,open,Yes,Slow songs,open,Lee Ellis 64,profile,15,42,156,0,0,2016-12-19,2026-03-20,2026-07-11,Mid-size Playlist
[12] Rainbows in the Clouds • GLOWsutra Maya Mama Classic BLUES,open,Yes,Banana Sutra,open,3rd Ear,profile,1496,7,22,0,0,2026-01-13,2026-04-19,2026-07-11,Priority Curator
[02] Rainbows in the Clouds • GLOWsutra Gipsy Jazz Conscious Fusion LOFI,open,Yes,Song,open,Dit,profile,0,9,31,0,0,2026-04-17,2026-04-17,2026-07-11,Niche/Emerging Curator
[02] Rainbows in the Clouds • GLOWsutra Gipsy Jazz Conscious Fusion LOFI,open,Yes,Bananasutra!,open,Angus,profile,54,452,1499,1,0,2026-04-08,2026-04-10,2026-07-11,Catalog Mirror (Superfan)
[02] Rainbows in the Clouds • GLOWsutra Gipsy Jazz Conscious Fusion LOFI,open,Yes,1,open,Sunlight,profile,1,16,83,0,0,2025-05-02,2026-02-13,2026-07-11,Niche/Emerging Curator
[01] Rainbows in the Clouds • GLOWsutra Folk Poetry Dubs the DUB,open,Yes,Easy Listening,open,chirazfitness,profile,67,32,139,1,0,2026-01-10,2026-07-06,2026-07-11,Mid-size Playlist
[01] Rainbows in the Clouds • GLOWsutra Folk Poetry Dubs the DUB,open,Yes,Normal,open,TomNorway🇳🇴,profile,5,97,359,2,0,2026-03-27,2026-05-12,2026-07-11,Mid-size Playlist (Repeat)
[01] Rainbows in the Clouds • GLOWsutra Folk Poetry Dubs the DUB,open,Yes,My Folks,open,Rachel Jim,profile,76,27,93,1,0,2024-07-13,2026-04-12,2026-07-11,Priority Curator
[08] Rainbows in the Clouds • GLOWsutra Queen of Authentic Dubby Folk Classic BLUES,open,Yes,ViolentlyBreathingPain&PleasuredThemFemmeFatales,open,MARYCHILES,profile,65,490,4214,0,0,2026-05-28,2026-06-14,2026-07-11,Generic Dump (low signal)
[08] Rainbows in the Clouds • GLOWsutra Queen of Authentic Dubby Folk Classic BLUES,open,Yes,BananaSutra,open,Raoulmusca,profile,0,7,21,1,0,2026-02-22,2026-05-22,2026-07-11,Niche/Emerging Curator
[08] Rainbows in the Clouds • GLOWsutra Queen of Authentic Dubby Folk Classic BLUES,open,Yes,Soul,open,Jared Souza,profile,12,19,64,0,0,2026-01-16,2026-03-23,2026-07-11,Niche/Emerging Curator
[08] Rainbows in the Clouds • GLOWsutra Queen of Authentic Dubby Folk Classic BLUES,open,Yes,Flow And Glow,open,Victoria S,profile,16,7,32,0,0,2026-02-02,2026-06-08,2026-07-11,Niche/Emerging Curator
[11] Rainbows in the Clouds • GLOWsutra Maya Mama Classic BLUES,open,No,milad,open,Milad Moradi larki,profile,73,366,2085,1,0,2020-03-19,2026-06-10,2026-07-11,Generic Dump (low signal)
[05] Rainbows in the Clouds • GLOWsutra Gipsy Jazz Conscious Fusion LOFI,open,Yes,26.1,open,Wood Butcher,profile,9,213,1245,0,0,2025-12-02,2026-07-09,2026-07-11,Generic Dump (low signal)
[05] Rainbows in the Clouds • GLOWsutra Gipsy Jazz Conscious Fusion LOFI,open,Yes,♥️,open,User 979402836,profile,0,69,422,0,0,2025-10-02,2026-07-11,2026-07-11,Mid-size Playlist
[05] Rainbows in the Clouds • GLOWsutra Gipsy Jazz Conscious Fusion LOFI,open,Yes,bb12,open,Wood Butcher,profile,9,22,83,0,0,2026-05-04,2026-06-12,2026-07-11,Niche/Emerging Curator (Repeat)
[05] Rainbows in the Clouds • GLOWsutra Gipsy Jazz Conscious Fusion LOFI,open,Yes,ㅇㅇ,open,전민근,profile,0,195,514,0,0,2026-01-18,2026-06-20,2026-07-11,Mid-size Playlist
[05] Rainbows in the Clouds • GLOWsutra Gipsy Jazz Conscious Fusion LOFI,open,Yes,Reggae,open,Nando,profile,0,36,195,0,0,2025-10-01,2026-06-05,2026-07-11,Mid-size Playlist
[05] Rainbows in the Clouds • GLOWsutra Gipsy Jazz Conscious Fusion LOFI,open,Yes,late night mix,open,Wood Butcher,profile,9,365,2171,0,0,2024-12-29,2026-07-09,2026-07-11,Generic Dump (low signal)
[05] Rainbows in the Clouds • GLOWsutra Gipsy Jazz Conscious Fusion LOFI,open,Yes,toe night,open,Wood Butcher,profile,9,113,632,0,0,2025-06-15,2026-07-05,2026-07-11,Mid-size Playlist (Repeat)
[05] Rainbows in the Clouds • GLOWsutra Gipsy Jazz Conscious Fusion LOFI,open,Yes,Cyn2,open,sultry_shank,profile,8,242,1353,0,0,2026-02-16,2026-07-10,2026-07-11,Generic Dump (low signal)
[05] Rainbows in the Clouds • GLOWsutra Gipsy Jazz Conscious Fusion LOFI,open,Yes,Bananasutra,open,Andrew Dobrew,profile,0,17,63,1,0,2026-04-21,2026-05-29,2026-07-11,Niche/Emerging Curator
[05] Rainbows in the Clouds • GLOWsutra Gipsy Jazz Conscious Fusion LOFI,open,Yes,espirro mt,open,Rodrigo jose de Moura,profile,0,50,437,0,0,2026-04-20,2026-04-28,2026-07-11,Mid-size Playlist
[05] Rainbows in the Clouds • GLOWsutra Gipsy Jazz Conscious Fusion LOFI,open,Yes,Bananasutra!,open,Angus,profile,54,452,1499,1,0,2026-04-08,2026-04-10,2026-07-11,Catalog Mirror (Superfan)
[05] Rainbows in the Clouds • GLOWsutra Gipsy Jazz Conscious Fusion LOFI,open,Yes,Light Dance,open,User 93717890,profile,1,6,17,0,0,2026-03-23,2026-03-29,2026-07-11,Niche/Emerging Curator
[05] Rainbows in the Clouds • GLOWsutra Gipsy Jazz Conscious Fusion LOFI,open,Yes,Morro 26,open,Mark vde,profile,2,12,97,0,0,2026-02-25,2026-04-16,2026-07-11,Niche/Emerging Curator
[05] Rainbows in the Clouds • GLOWsutra Gipsy Jazz Conscious Fusion LOFI,open,Yes,tanhaiiam,open,msv,profile,1,33,287,0,0,2023-08-08,2026-07-03,2026-07-11,Mid-size Playlist
[05] Rainbows in the Clouds • GLOWsutra Gipsy Jazz Conscious Fusion LOFI,open,Yes,bond's,open,Syoji.k5.jp,profile,1,28,96,0,0,2026-02-08,2026-03-07,2026-07-11,Niche/Emerging Curator
"[03] Nice Work If You Can Get It - An American in Paris, Public Domain Lyrics - SHOWsutra Indie JAZZ",open,Yes,bananasutra,open,Volker Seifert,profile,0,50,194,0,0,2026-04-17,2026-04-17,2026-07-11,Mid-size Playlist
"[03] Nice Work If You Can Get It - An American in Paris, Public Domain Lyrics - SHOWsutra Indie JAZZ",open,Yes,Bananasutra!,open,Angus,profile,54,452,1499,1,0,2026-04-08,2026-04-10,2026-07-11,Catalog Mirror (Superfan)
"[03] Nice Work If You Can Get It - An American in Paris, Public Domain Lyrics - SHOWsutra Indie JAZZ",open,Yes,lovely ♥️,open,Masih,profile,5,35,151,0,0,2026-02-25,2026-02-25,2026-07-11,Mid-size Playlist
"[03] Nice Work If You Can Get It - An American in Paris, Public Domain Lyrics - SHOWsutra Indie JAZZ",open,Yes,Latinossss,open,Hugeez Cazette,profile,4,31,127,0,0,2026-01-30,2026-06-17,2026-07-11,Mid-size Playlist
"[03] Nice Work If You Can Get It - An American in Paris, Public Domain Lyrics - SHOWsutra Indie JAZZ",open,Yes,Paz💭,open,Ronilson,profile,0,59,278,0,0,2026-02-02,2026-04-16,2026-07-11,Mid-size Playlist
"[06] Tra-La-La - An American in Paris, Public Domain Lyrics - SHOWsutra Indie Jazz DUB",open,No,Bananasutra!,open,Angus,profile,54,452,1499,1,0,2026-04-08,2026-04-10,2026-07-11,Catalog Mirror (Superfan)
"[05] Tra-La-La - An American in Paris, Public Domain Lyrics - SHOWsutra Indie Jazz DUB",open,Yes,Bananasutra!,open,Angus,profile,54,452,1499,1,0,2026-04-08,2026-04-10,2026-07-11,Catalog Mirror (Superfan)
Side B [05] Revolution's Lit (This Ain't Fiction) - BLOWsutra Revolt Now Jazzy INDIE,open,Yes,bananasutra,open,Fred Anderson,profile,1,445,1526,1,0,2026-07-08,2026-07-08,2026-07-11,Catalog Mirror (Superfan)
Side B [05] Revolution's Lit (This Ain't Fiction) - BLOWsutra Revolt Now Jazzy INDIE,open,Yes,Bananasutra!,open,Angus,profile,54,452,1499,1,0,2026-04-08,2026-04-10,2026-07-11,Catalog Mirror (Superfan)
Side B [05] Revolution's Lit (This Ain't Fiction) - BLOWsutra Revolt Now Jazzy INDIE,open,Yes,Chill Vibe,open,Jayan Tharuka,profile,0,2,7,0,0,2026-02-04,2026-02-04,2026-07-11,Niche/Emerging Curator
Side B [05] Revolution's Lit (This Ain't Fiction) - BLOWsutra Revolt Now Jazzy INDIE,open,Yes,Indie,open,V Déjà,profile,96,8,27,0,0,2026-02-01,2026-03-21,2026-07-11,Priority Curator
Side B [05] Revolution's Lit (This Ain't Fiction) - BLOWsutra Revolt Now Jazzy INDIE,open,Yes,Mood con Matthew,open,ibolya szirbik,profile,1,4,16,0,0,2026-01-31,2026-02-06,2026-07-11,Niche/Emerging Curator
Side A [01] Dare to Care (This Issue is Real) - BLOWsutra Revolt Now Jazzy Gipsy Blues DUB,open,Yes,bananasutra,open,Fred Anderson,profile,1,445,1526,1,0,2026-07-08,2026-07-08,2026-07-11,Catalog Mirror (Superfan)
Side A [01] Dare to Care (This Issue is Real) - BLOWsutra Revolt Now Jazzy Gipsy Blues DUB,open,Yes,bb13,open,Wood Butcher,profile,9,29,115,0,0,2026-05-20,2026-06-17,2026-07-11,Niche/Emerging Curator (Repeat)
Side A [01] Dare to Care (This Issue is Real) - BLOWsutra Revolt Now Jazzy Gipsy Blues DUB,open,Yes,Bananasutra,open,Lincoln Scott,profile,0,82,270,2,0,2026-05-21,2026-05-27,2026-07-11,Mid-size Playlist (Repeat)
Side A [03] Dare to Care (This Issue is Real) - BLOWsutra Revolt Now Dubby Bluesy Burlesque JAZZ,open,No,bananasutra,open,Fred Anderson,profile,1,445,1526,1,0,2026-07-08,2026-07-08,2026-07-11,Catalog Mirror (Superfan)
Side B [07] Revolution's Lit (This Ain't Fiction) - BLOWsutra Revolt Now Bluesy Psychedelic Americana Banjo FOLK,open,Yes,bananasutra,open,Fred Anderson,profile,1,445,1526,1,0,2026-07-08,2026-07-08,2026-07-11,Catalog Mirror (Superfan)
Side B [07] Revolution's Lit (This Ain't Fiction) - BLOWsutra Revolt Now Bluesy Psychedelic Americana Banjo FOLK,open,Yes,Banana Sutra,open,3rd Ear,profile,1496,7,22,0,0,2026-01-13,2026-04-19,2026-07-11,Priority Curator
Side A [04] Dare to Care (This Issue is Real) - BLOWsutra Revolt Now Dubby Jazzy Blues BLUES,open,No,bananasutra,open,Fred Anderson,profile,1,445,1526,1,0,2026-07-08,2026-07-08,2026-07-11,Catalog Mirror (Superfan)
Side B [06] Revolution's Lit (This Ain't Fiction) - BLOWsutra Revolt Now Cello Accordion Burlesque INDIE,open,No,bananasutra,open,Fred Anderson,profile,1,445,1526,1,0,2026-07-08,2026-07-08,2026-07-11,Catalog Mirror (Superfan)
Side A [02] Dare to Care (This Issue is Real) - BLOWsutra Revolt Now Dubby Bluesy Burlesque JAZZ,open,Yes,bananasutra,open,Fred Anderson,profile,1,445,1526,1,0,2026-07-08,2026-07-08,2026-07-11,Catalog Mirror (Superfan)
Side A [02] Dare to Care (This Issue is Real) - BLOWsutra Revolt Now Dubby Bluesy Burlesque JAZZ,open,Yes,muah,open,User 513897533,profile,3,97,345,3,0,2024-11-09,2026-07-11,2026-07-11,Mid-size Playlist
Side A [02] Dare to Care (This Issue is Real) - BLOWsutra Revolt Now Dubby Bluesy Burlesque JAZZ,open,Yes,Chill,open,User 417890506,profile,0,42,135,1,0,2025-12-17,2026-01-20,2026-07-11,Mid-size Playlist
Side A [02] Dare to Care (This Issue is Real) - BLOWsutra Revolt Now Dubby Bluesy Burlesque JAZZ,open,Yes,Gang,open,공주의 취향은 음악듣기,profile,0,2,9,0,0,2026-01-19,2026-01-19,2026-07-11,Niche/Emerging Curator
[02] Bloom Past Doom (Apes Gone Wrong) - BLOWsutra (Revolt Now) Psychedelic Indie Ballad FOLK,open,No,bananasutra,open,Fred Anderson,profile,1,445,1526,1,0,2026-07-08,2026-07-08,2026-07-11,Catalog Mirror (Superfan)
[01] Bloom Past Doom (Apes Gone Wrong) - BLOWsutra (Revolt Now) Psychedelic Country Soul FOLK,open,No,bananasutra,open,Fred Anderson,profile,1,445,1526,1,0,2026-07-08,2026-07-08,2026-07-11,Catalog Mirror (Superfan)
[01] Bloom Past Doom (Apes Gone Wrong) - BLOWsutra (Revolt Now) Psychedelic Country Soul FOLK,open,No,Bananasutra!,open,Angus,profile,54,452,1499,1,0,2026-04-08,2026-04-10,2026-07-11,Catalog Mirror (Superfan)
[03] Bloom Past Doom - BLOWsutra (Revolt Now) Cello Circus Chanson Cabaret BURLESQUE,open,Yes,bananasutra,open,Fred Anderson,profile,1,445,1526,1,0,2026-07-08,2026-07-08,2026-07-11,Catalog Mirror (Superfan)
[03] Bloom Past Doom - BLOWsutra (Revolt Now) Cello Circus Chanson Cabaret BURLESQUE,open,Yes,BETTY&JUNIOR,open,CHAVATEN EL MONZI,profile,2,270,956,0,0,2026-03-16,2026-07-05,2026-07-11,Generic Dump (low signal)
[03] Bloom Past Doom - BLOWsutra (Revolt Now) Cello Circus Chanson Cabaret BURLESQUE,open,Yes,Song,open,Dit,profile,0,9,31,0,0,2026-04-17,2026-04-17,2026-07-11,Niche/Emerging Curator
[03] Bloom Past Doom - BLOWsutra (Revolt Now) Cello Circus Chanson Cabaret BURLESQUE,open,Yes,favorite,open,CHAVATEN EL MONZI,profile,2,460,1759,1,0,2024-08-06,2026-07-09,2026-07-11,Generic Dump (low signal)
[03] Bloom Past Doom - BLOWsutra (Revolt Now) Cello Circus Chanson Cabaret BURLESQUE,open,Yes,IMVU DJ,open,CHAVATEN EL MONZI,profile,2,178,671,0,0,2025-02-08,2026-05-03,2026-07-11,Mid-size Playlist (Repeat)
[05] Bloom Past Doom - BLOWsutra (Revolt Now) Bass Heartbeat Pluck Cello Jazz INDIE,open,No,bananasutra,open,Fred Anderson,profile,1,445,1526,1,0,2026-07-08,2026-07-08,2026-07-11,Catalog Mirror (Superfan)
[04] Bloom Past Doom - BLOWsutra (Revolt Now) Cello Bass Burlesque Jazz Symphony INDIE,open,No,bananasutra,open,Fred Anderson,profile,1,445,1526,1,0,2026-07-08,2026-07-08,2026-07-11,Catalog Mirror (Superfan)
[04] Bloom Past Doom - BLOWsutra (Revolt Now) Cello Bass Burlesque Jazz Symphony INDIE,open,No,Kasbah La Moun Coucher Du Soleil,open,User 734089040,profile,2,17,79,0,0,2026-01-15,2026-01-15,2026-07-11,Niche/Emerging Curator
"[01] The Atheist Tango • GROWsutra (God, Etc) Conscious Gipsy Burlesque Fusion LOFI",open,Yes,add to likes,open,boogaboy,profile,1,23,101,0,0,2025-02-07,2026-07-10,2026-07-11,Niche/Emerging Curator (Repeat)
"[01] The Atheist Tango • GROWsutra (God, Etc) Conscious Gipsy Burlesque Fusion LOFI",open,Yes,🫧,open,Andriy woo,profile,33,16,51,3,0,2026-02-16,2026-03-19,2026-07-11,Niche/Emerging Curator
"[01] The Atheist Tango • GROWsutra (God, Etc) Conscious Gipsy Burlesque Fusion LOFI",open,Yes,90,open,戸村g,profile,0,2,11,0,0,2025-06-05,2026-01-17,2026-07-11,Niche/Emerging Curator
"[02] The Atheist Tango • GROWsutra (God, Etc) Conscious Gipsy Burlesque Fusion LOFI",open,Yes,Zeich3n Action,open,Julia Đinh,profile,6,37,134,0,0,2026-06-11,2026-06-23,2026-07-11,Mid-size Playlist
"[02] The Atheist Tango • GROWsutra (God, Etc) Conscious Gipsy Burlesque Fusion LOFI",open,Yes,BananaSutra,open,Raoulmusca,profile,0,7,21,1,0,2026-02-22,2026-05-22,2026-07-11,Niche/Emerging Curator
"[02] The Atheist Tango • GROWsutra (God, Etc) Conscious Gipsy Burlesque Fusion LOFI",open,Yes,Bananasutra!,open,Angus,profile,54,452,1499,1,0,2026-04-08,2026-04-10,2026-07-11,Catalog Mirror (Superfan)
"[02] The Atheist Tango • GROWsutra (God, Etc) Conscious Gipsy Burlesque Fusion LOFI",open,Yes,Hampi TRP SET,open,DeviLAWA,profile,22,49,295,0,0,2026-03-30,2026-04-21,2026-07-11,Mid-size Playlist
"[02] The Atheist Tango • GROWsutra (God, Etc) Conscious Gipsy Burlesque Fusion LOFI",open,Yes,Weird,open,Jeff in the Wild,profile,17,8,29,0,0,2026-03-29,2026-05-23,2026-07-11,Niche/Emerging Curator (Repeat)
"[02] The Atheist Tango • GROWsutra (God, Etc) Conscious Gipsy Burlesque Fusion LOFI",open,Yes,Light Dance,open,User 93717890,profile,1,6,17,0,0,2026-03-23,2026-03-29,2026-07-11,Niche/Emerging Curator
"[02] The Atheist Tango • GROWsutra (God, Etc) Conscious Gipsy Burlesque Fusion LOFI",open,Yes,🫧,open,Andriy woo,profile,33,16,51,3,0,2026-02-16,2026-03-19,2026-07-11,Niche/Emerging Curator
"[02] The Atheist Tango • GROWsutra (God, Etc) Conscious Gipsy Burlesque Fusion LOFI",open,Yes,Banana Sutra,open,3rd Ear,profile,1496,7,22,0,0,2026-01-13,2026-04-19,2026-07-11,Priority Curator
"[02] The Atheist Tango • GROWsutra (God, Etc) Conscious Gipsy Burlesque Fusion LOFI",open,Yes,📺🎥,open,User 640200031,profile,0,1,2,0,0,2026-01-23,2026-01-23,2026-07-11,Niche/Emerging Curator
"[02] The Atheist Tango • GROWsutra (God, Etc) Conscious Gipsy Burlesque Fusion LOFI",open,Yes,rdo ikho #1 20251230,open,othagoods,profile,4,9,30,0,0,2025-12-29,2026-01-15,2026-07-11,Niche/Emerging Curator
"[03] The Atheist Tango • GROWsutra (God, Etc) Conscious Gipsy Burlesque Fusion LOFI",open,Yes,Bananasutra!,open,Angus,profile,54,452,1499,1,0,2026-04-08,2026-04-10,2026-07-11,Catalog Mirror (Superfan)
"[03] The Atheist Tango • GROWsutra (God, Etc) Conscious Gipsy Burlesque Fusion LOFI",open,Yes,Mix vibes,open,Kiko,profile,5,143,5188,2,0,2020-12-19,2026-03-08,2026-07-11,Mid-size Playlist
"[08] The Atheist Tango • GROWsutra (God, Etc) Gipsy Cello Bass Chanson Jazz BURLESQUE",open,Yes,Tango,open,Agico Loom,profile,0,32,115,1,0,2026-02-14,2026-02-25,2026-07-11,Mid-size Playlist
"[05] The Atheist Tango • GROWsutra (God, Etc) Conscious Gipsy Burlesque Fusion LOFI",open,Yes,cheelax✨,open,Santi.7,profile,4,1,3,0,0,2026-05-18,2026-05-18,2026-07-11,Niche/Emerging Curator
"[05] The Atheist Tango • GROWsutra (God, Etc) Conscious Gipsy Burlesque Fusion LOFI",open,Yes,Bananasutra!,open,Angus,profile,54,452,1499,1,0,2026-04-08,2026-04-10,2026-07-11,Catalog Mirror (Superfan)
"[05] The Atheist Tango • GROWsutra (God, Etc) Conscious Gipsy Burlesque Fusion LOFI",open,Yes,🫧,open,Andriy woo,profile,33,16,51,3,0,2026-02-16,2026-03-19,2026-07-11,Niche/Emerging Curator
"[05] The Atheist Tango • GROWsutra (God, Etc) Conscious Gipsy Burlesque Fusion LOFI",open,Yes,Winter Warmth,open,mylilsliceofheaven,profile,7,4,11,0,0,2025-11-19,2026-01-29,2026-07-11,Niche/Emerging Curator (Repeat)
"[05] The Atheist Tango • GROWsutra (God, Etc) Conscious Gipsy Burlesque Fusion LOFI",open,Yes,Lounge Fun Tunes,open,mylilsliceofheaven,profile,7,9,30,0,0,2025-10-01,2026-01-29,2026-07-11,Niche/Emerging Curator (Repeat)
"[05] The Atheist Tango • GROWsutra (God, Etc) Conscious Gipsy Burlesque Fusion LOFI",open,Yes,على الويڤ,open,Habiba Ismail,profile,12,38,128,0,0,2025-10-05,2026-02-17,2026-07-11,Mid-size Playlist
"[05] The Atheist Tango • GROWsutra (God, Etc) Conscious Gipsy Burlesque Fusion LOFI",open,Yes,قائمة تشغيل بلا عنوان,open,AA,profile,0,7,30,0,0,2026-01-14,2026-07-06,2026-07-11,Niche/Emerging Curator
"[10] The Atheist Tango • GROWsutra (God, Etc) Gipsy Bass Piano Twirl Burlesque JAZZ",open,Yes,Tango,open,Agico Loom,profile,0,32,115,1,0,2026-02-14,2026-02-25,2026-07-11,Mid-size Playlist
"[10] The Atheist Tango • GROWsutra (God, Etc) Gipsy Bass Piano Twirl Burlesque JAZZ",open,Yes,5,open,Sura ♬✿,profile,65,20,86,0,0,2024-07-04,2026-01-16,2026-07-11,Priority Curator
"[09] The Atheist Tango • GROWsutra (God, Etc) Gipsy Cello Burlesque Tango JAZZ",open,Yes,reading playlist,open,Ahmad Al-Hafez,profile,11,28,111,0,0,2026-07-04,2026-07-08,2026-07-11,Niche/Emerging Curator
"[09] The Atheist Tango • GROWsutra (God, Etc) Gipsy Cello Burlesque Tango JAZZ",open,Yes,cafe,open,shantia,profile,3,39,162,1,0,2025-11-01,2026-06-22,2026-07-11,Mid-size Playlist
"[09] The Atheist Tango • GROWsutra (God, Etc) Gipsy Cello Burlesque Tango JAZZ",open,Yes,Anne 🥰🥰,open,user364180232,profile,0,26,261,1,0,2026-05-18,2026-05-18,2026-07-11,Niche/Emerging Curator
"[09] The Atheist Tango • GROWsutra (God, Etc) Gipsy Cello Burlesque Tango JAZZ",open,Yes,daydream,open,dragonwithagirltattoo,profile,7,24,123,0,0,2023-06-05,2026-06-12,2026-07-11,Niche/Emerging Curator
"[09] The Atheist Tango • GROWsutra (God, Etc) Gipsy Cello Burlesque Tango JAZZ",open,Yes,Good Music - 6,open,Okos.szajko,profile,0,83,405,0,0,2026-02-25,2026-07-09,2026-07-11,Mid-size Playlist (Repeat)
"[09] The Atheist Tango • GROWsutra (God, Etc) Gipsy Cello Burlesque Tango JAZZ",open,Yes,Car Ride,open,KIMIKOO,profile,0,32,129,0,0,2026-01-16,2026-05-21,2026-07-11,Mid-size Playlist
"[09] The Atheist Tango • GROWsutra (God, Etc) Gipsy Cello Burlesque Tango JAZZ",open,Yes,Winter 25-26,open,HopeyMonster,profile,2,27,97,0,0,2025-09-24,2026-02-06,2026-07-11,Niche/Emerging Curator
[BONUS] Shameless - DEFY EP Vol 2 - BLOWsutra Revolution Ring Psychedelic Piano Jazz BURLESQUE,open,Yes,bananasutra,open,Fred Anderson,profile,1,445,1526,1,0,2026-07-08,2026-07-08,2026-07-11,Catalog Mirror (Superfan)
[BONUS] Shameless - DEFY EP Vol 2 - BLOWsutra Revolution Ring Psychedelic Piano Jazz BURLESQUE,open,Yes,Bananasutra,open,Lincoln Scott,profile,0,82,270,2,0,2026-05-21,2026-05-27,2026-07-11,Mid-size Playlist (Repeat)
Side B [02] Optics of Cruelty - DEFY EP Vol 2 - BLOWsutra Revolution Ring Psychedelic Trip Hop(e) LOFI,open,No,bananasutra,open,Fred Anderson,profile,1,445,1526,1,0,2026-07-08,2026-07-08,2026-07-11,Catalog Mirror (Superfan)
Side B [01] Shameless - DEFY EP Vol 2 - BLOWsutra Revolution Ring Psychedelic Trip Hop(e) LOFI,open,Yes,bananasutra,open,Fred Anderson,profile,1,445,1526,1,0,2026-07-08,2026-07-08,2026-07-11,Catalog Mirror (Superfan)
Side B [01] Shameless - DEFY EP Vol 2 - BLOWsutra Revolution Ring Psychedelic Trip Hop(e) LOFI,open,Yes,Reggae,open,Nando,profile,0,36,195,0,0,2025-10-01,2026-06-05,2026-07-11,Mid-size Playlist
Side B [01] Shameless - DEFY EP Vol 2 - BLOWsutra Revolution Ring Psychedelic Trip Hop(e) LOFI,open,Yes,Bananasutra!,open,Angus,profile,54,452,1499,1,0,2026-04-08,2026-04-10,2026-07-11,Catalog Mirror (Superfan)
Side B [03] Universal Currency - DEFY EP Vol 2 - BLOWsutra Revolution Ring Psychedelic Trip Hop(e) LOFI,open,No,bananasutra,open,Fred Anderson,profile,1,445,1526,1,0,2026-07-08,2026-07-08,2026-07-11,Catalog Mirror (Superfan)
Side A [03] Universal Currency - DEFY EP Vol 2 - BLOWsutra Revolution Ring Psychedelic Piano Burlesque JAZZ,open,Yes,bananasutra,open,Fred Anderson,profile,1,445,1526,1,0,2026-07-08,2026-07-08,2026-07-11,Catalog Mirror (Superfan)
Side A [03] Universal Currency - DEFY EP Vol 2 - BLOWsutra Revolution Ring Psychedelic Piano Burlesque JAZZ,open,Yes,favorite,open,Rreeeiiii,profile,2,128,882,0,0,2025-12-29,2026-07-03,2026-07-11,Mid-size Playlist (Repeat)
Side A [03] Universal Currency - DEFY EP Vol 2 - BLOWsutra Revolution Ring Psychedelic Piano Burlesque JAZZ,open,Yes,psy classic,open,Rreeeiiii,profile,2,24,426,0,0,2026-02-04,2026-07-03,2026-07-11,Niche/Emerging Curator (Repeat)
Side A [03] Universal Currency - DEFY EP Vol 2 - BLOWsutra Revolution Ring Psychedelic Piano Burlesque JAZZ,open,Yes,Toto,open,Anthony Monteiro,profile,0,41,178,1,0,2025-12-11,2026-07-08,2026-07-11,Mid-size Playlist
Side A [03] Universal Currency - DEFY EP Vol 2 - BLOWsutra Revolution Ring Psychedelic Piano Burlesque JAZZ,open,Yes,Discovered on Offtrack,open,Dj GRV,profile,0,90,409,0,0,2025-04-16,2026-03-21,2026-07-11,Mid-size Playlist
Side A [02] Optics of Cruelty - DEFY EP Vol 2 - BLOWsutra Revolution Ring Psychedelic Piano Burlesque JAZZ,open,Yes,bananasutra,open,Fred Anderson,profile,1,445,1526,1,0,2026-07-08,2026-07-08,2026-07-11,Catalog Mirror (Superfan)
Side A [02] Optics of Cruelty - DEFY EP Vol 2 - BLOWsutra Revolution Ring Psychedelic Piano Burlesque JAZZ,open,Yes,اهخ,open,Rel,profile,0,58,294,0,0,2026-01-16,2026-05-14,2026-07-11,Mid-size Playlist
Side A [02] Optics of Cruelty - DEFY EP Vol 2 - BLOWsutra Revolution Ring Psychedelic Piano Burlesque JAZZ,open,Yes,Lampadub,open,Louve,profile,13,471,1874,1,0,2024-01-22,2026-05-20,2026-07-11,Generic Dump (low signal)
Side A [01] Shameless - DEFY EP Vol 2 - BLOWsutra Revolution Ring Psychedelic Piano Burlesque JAZZ,open,No,bananasutra,open,Fred Anderson,profile,1,445,1526,1,0,2026-07-08,2026-07-08,2026-07-11,Catalog Mirror (Superfan)
"[05] It's an Ethical Paradox, an Oxymoron Maze • KNOWsutra (Bertrand Knows) Gipsy Burlesque Upright Bass Piano JAZZ",open,Yes,izi savna soft,open,Tina Petek,profile,5,5,21,0,0,2026-03-21,2026-03-21,2026-07-11,Niche/Emerging Curator
"[05] It's an Ethical Paradox, an Oxymoron Maze • KNOWsutra (Bertrand Knows) Gipsy Burlesque Upright Bass Piano JAZZ",open,Yes,NO5,open,fugrock,profile,19,28,120,0,0,2026-01-16,2026-01-20,2026-07-11,Niche/Emerging Curator
"[14] It's an Ethical Paradox, an Oxymoron Maze • KNOWsutra (Bertrand Knows) Gipsy Burlesque Jazz Cello LOFI",open,Yes,Bananasutra!,open,Angus,profile,54,452,1499,1,0,2026-04-08,2026-04-10,2026-07-11,Catalog Mirror (Superfan)
"[14] It's an Ethical Paradox, an Oxymoron Maze • KNOWsutra (Bertrand Knows) Gipsy Burlesque Jazz Cello LOFI",open,Yes,Latino roman,open,E. S,profile,0,3,9,0,0,2026-02-02,2026-02-02,2026-07-11,Niche/Emerging Curator
"[13] It's an Ethical Paradox, an Oxymoron Maze • KNOWsutra (Bertrand Knows) Gipsy Burlesque Jazz Cello Trip Hop LOFI",open,Yes,Trip Hop,open,Epsyl Prod,profile,55,2,7,0,0,2026-07-06,2026-07-06,2026-07-11,Priority Curator
"[13] It's an Ethical Paradox, an Oxymoron Maze • KNOWsutra (Bertrand Knows) Gipsy Burlesque Jazz Cello Trip Hop LOFI",open,Yes,GenteL RaiN,open,Angus,profile,54,97,405,0,0,2025-11-12,2026-05-11,2026-07-11,Mid-size Playlist (Repeat)
"[13] It's an Ethical Paradox, an Oxymoron Maze • KNOWsutra (Bertrand Knows) Gipsy Burlesque Jazz Cello Trip Hop LOFI",open,Yes,Late Morning Beats,open,Angus,profile,54,123,532,0,0,2026-01-30,2026-05-10,2026-07-11,Mid-size Playlist (Repeat)
"[13] It's an Ethical Paradox, an Oxymoron Maze • KNOWsutra (Bertrand Knows) Gipsy Burlesque Jazz Cello Trip Hop LOFI",open,Yes,Bananasutra!,open,Angus,profile,54,452,1499,1,0,2026-04-08,2026-04-10,2026-07-11,Catalog Mirror (Superfan)
"[13] It's an Ethical Paradox, an Oxymoron Maze • KNOWsutra (Bertrand Knows) Gipsy Burlesque Jazz Cello Trip Hop LOFI",open,Yes,Reggae/dub,open,Dorian Ain,profile,1,49,212,0,0,2025-04-03,2026-06-20,2026-07-11,Mid-size Playlist
"[13] It's an Ethical Paradox, an Oxymoron Maze • KNOWsutra (Bertrand Knows) Gipsy Burlesque Jazz Cello Trip Hop LOFI",open,Yes,wubz,open,Chakrates Philosophies,profile,130,111,1302,0,0,2019-03-05,2026-05-26,2026-07-11,Mid-size Playlist (Repeat)
"[13] It's an Ethical Paradox, an Oxymoron Maze • KNOWsutra (Bertrand Knows) Gipsy Burlesque Jazz Cello Trip Hop LOFI",open,Yes,brain stormz,open,Chakrates Philosophies,profile,130,79,620,0,0,2018-12-06,2026-05-23,2026-07-11,Mid-size Playlist (Repeat)
"[13] It's an Ethical Paradox, an Oxymoron Maze • KNOWsutra (Bertrand Knows) Gipsy Burlesque Jazz Cello Trip Hop LOFI",open,Yes,Reggae,open,Nando,profile,0,36,195,0,0,2025-10-01,2026-06-05,2026-07-11,Mid-size Playlist
"[13] It's an Ethical Paradox, an Oxymoron Maze • KNOWsutra (Bertrand Knows) Gipsy Burlesque Jazz Cello Trip Hop LOFI",open,Yes,Untitled Playlist,open,andre2508,profile,0,267,798,0,0,2024-07-27,2026-07-06,2026-07-11,Generic Dump (low signal)
"[07] It's an Ethical Paradox, an Oxymoron Maze • KNOWsutra (Bertrand Knows) Gipsy Burlesque Upright Bass JAZZ",open,Yes,Your Mix 7,open,Женя Кравченко,profile,0,30,114,0,0,2026-04-30,2026-04-30,2026-07-11,Niche/Emerging Curator (Repeat)
"[07] It's an Ethical Paradox, an Oxymoron Maze • KNOWsutra (Bertrand Knows) Gipsy Burlesque Upright Bass JAZZ",open,Yes,better my things w/ goofy things,open,S695164,profile,2,24,49,0,0,2026-02-18,2026-02-24,2026-07-11,Niche/Emerging Curator
"[02] It's an Ethical Paradox, an Oxymoron Maze • KNOWsutra (Bertrand Knows) Gipsy Burlesque Upright Bass JAZZ",open,Yes,Badder and classier than marliyn,open,Crystal,profile,28,8,23,0,0,2026-02-27,2026-07-08,2026-07-11,Niche/Emerging Curator
"[02] It's an Ethical Paradox, an Oxymoron Maze • KNOWsutra (Bertrand Knows) Gipsy Burlesque Upright Bass JAZZ",open,Yes,chill,open,looleh,profile,30,198,1678,0,0,2025-01-11,2026-07-10,2026-07-11,Mid-size Playlist (Repeat)
"[02] It's an Ethical Paradox, an Oxymoron Maze • KNOWsutra (Bertrand Knows) Gipsy Burlesque Upright Bass JAZZ",open,Yes,Misticak,open,Silente abstrusa,profile,45,117,870,0,0,2025-05-15,2026-05-28,2026-07-11,Mid-size Playlist
"[02] It's an Ethical Paradox, an Oxymoron Maze • KNOWsutra (Bertrand Knows) Gipsy Burlesque Upright Bass JAZZ",open,Yes,3rd,open,m.agamia,profile,20,321,1832,0,0,2023-01-04,2026-06-21,2026-07-11,Generic Dump (low signal)
"[02] It's an Ethical Paradox, an Oxymoron Maze • KNOWsutra (Bertrand Knows) Gipsy Burlesque Upright Bass JAZZ",open,Yes,Dançante,open,Débora Adorno,profile,11,1,5,0,0,2026-01-14,2026-01-14,2026-07-11,Niche/Emerging Curator
"[02] It's an Ethical Paradox, an Oxymoron Maze • KNOWsutra (Bertrand Knows) Gipsy Burlesque Upright Bass JAZZ",open,Yes,Classic Jazz,open,Robert Rolle,profile,0,2,8,0,0,2026-01-13,2026-01-13,2026-07-11,Niche/Emerging Curator
"[02] It's an Ethical Paradox, an Oxymoron Maze • KNOWsutra (Bertrand Knows) Gipsy Burlesque Upright Bass JAZZ",open,Yes,divers,open,alonzo,profile,0,44,226,0,0,2018-11-01,2026-02-27,2026-07-11,Mid-size Playlist
"[02] It's an Ethical Paradox, an Oxymoron Maze • KNOWsutra (Bertrand Knows) Gipsy Burlesque Upright Bass JAZZ",open,Yes,2026,open,looleh,profile,30,54,1427,0,0,2025-11-22,2026-07-10,2026-07-11,Mid-size Playlist (Repeat)
"[02] It's an Ethical Paradox, an Oxymoron Maze • KNOWsutra (Bertrand Knows) Gipsy Burlesque Upright Bass JAZZ",open,Yes,stand in you power,open,looleh,profile,30,102,1545,0,0,2025-04-20,2026-07-08,2026-07-11,Mid-size Playlist (Repeat)
"[02] It's an Ethical Paradox, an Oxymoron Maze • KNOWsutra (Bertrand Knows) Gipsy Burlesque Upright Bass JAZZ",open,Yes,be centered,open,looleh,profile,30,51,436,0,0,2025-08-16,2026-07-08,2026-07-11,Mid-size Playlist (Repeat)
"[02] It's an Ethical Paradox, an Oxymoron Maze • KNOWsutra (Bertrand Knows) Gipsy Burlesque Upright Bass JAZZ",open,Yes,Farsi Jazz,open,looleh,profile,30,24,92,8,0,2026-01-04,2026-05-29,2026-07-11,Niche/Emerging Curator (Repeat)
"[01] It's an Ethical Paradox, an Oxymoron Maze • KNOWsutra (Bertrand Knows) Gipsy Burlesque Piano Bass JAZZ",open,Yes,Love Is A Mystery,open,Jaana Heinsalu 1,profile,0,51,300,0,0,2026-01-09,2026-02-27,2026-07-11,Mid-size Playlist
"[01] It's an Ethical Paradox, an Oxymoron Maze • KNOWsutra (Bertrand Knows) Gipsy Burlesque Piano Bass JAZZ",open,Yes,jazzy,open,Matthew Nord,profile,22,6,24,1,0,2026-01-07,2026-06-08,2026-07-11,Niche/Emerging Curator
"[06] It's an Ethical Paradox, an Oxymoron Maze • KNOWsutra (Bertrand Knows) Gipsy Burlesque Piano Upright Bass JAZZ",open,Yes,Vintage 80’s,open,Mert Oksel,profile,54,316,1332,0,0,2025-12-29,2026-07-06,2026-07-11,Generic Dump (low signal)
"[06] It's an Ethical Paradox, an Oxymoron Maze • KNOWsutra (Bertrand Knows) Gipsy Burlesque Piano Upright Bass JAZZ",open,Yes,New private playlist,open,Leo Myrén,profile,2,296,1102,0,0,2015-10-07,2026-07-03,2026-07-11,Generic Dump (low signal)
"[06] It's an Ethical Paradox, an Oxymoron Maze • KNOWsutra (Bertrand Knows) Gipsy Burlesque Piano Upright Bass JAZZ",open,Yes,Zeich3n Action,open,Julia Đinh,profile,6,37,134,0,0,2026-06-11,2026-06-23,2026-07-11,Mid-size Playlist
"[06] It's an Ethical Paradox, an Oxymoron Maze • KNOWsutra (Bertrand Knows) Gipsy Burlesque Piano Upright Bass JAZZ",open,Yes,Burlesque,open,Gyldan,profile,0,2,8,0,0,2026-06-19,2026-06-19,2026-07-11,Niche/Emerging Curator
"[06] It's an Ethical Paradox, an Oxymoron Maze • KNOWsutra (Bertrand Knows) Gipsy Burlesque Piano Upright Bass JAZZ",open,Yes,Electro Porn,open,Ben D. Reborn,profile,8,9,52,0,0,2026-04-01,2026-05-31,2026-07-11,Niche/Emerging Curator (Repeat)
"[06] It's an Ethical Paradox, an Oxymoron Maze • KNOWsutra (Bertrand Knows) Gipsy Burlesque Piano Upright Bass JAZZ",open,Yes,Electop,open,Ben D. Reborn,profile,8,32,204,0,0,2026-05-16,2026-06-25,2026-07-11,Mid-size Playlist (Repeat)
"[06] It's an Ethical Paradox, an Oxymoron Maze • KNOWsutra (Bertrand Knows) Gipsy Burlesque Piano Upright Bass JAZZ",open,Yes,bananasutra,open,Volker Seifert,profile,0,50,194,0,0,2026-04-17,2026-04-17,2026-07-11,Mid-size Playlist
"[06] It's an Ethical Paradox, an Oxymoron Maze • KNOWsutra (Bertrand Knows) Gipsy Burlesque Piano Upright Bass JAZZ",open,Yes,Song,open,Dit,profile,0,9,31,0,0,2026-04-17,2026-04-17,2026-07-11,Niche/Emerging Curator
"[06] It's an Ethical Paradox, an Oxymoron Maze • KNOWsutra (Bertrand Knows) Gipsy Burlesque Piano Upright Bass JAZZ",open,Yes,Blues Cabaret,open,Strasilo,profile,12,95,434,0,0,2016-12-25,2026-04-08,2026-07-11,Mid-size Playlist
"[06] It's an Ethical Paradox, an Oxymoron Maze • KNOWsutra (Bertrand Knows) Gipsy Burlesque Piano Upright Bass JAZZ",open,Yes,Hampi TRP SET,open,DeviLAWA,profile,22,49,295,0,0,2026-03-30,2026-04-21,2026-07-11,Mid-size Playlist
"[06] It's an Ethical Paradox, an Oxymoron Maze • KNOWsutra (Bertrand Knows) Gipsy Burlesque Piano Upright Bass JAZZ",open,Yes,Weird,open,Jeff in the Wild,profile,17,8,29,0,0,2026-03-29,2026-05-23,2026-07-11,Niche/Emerging Curator (Repeat)
"[06] It's an Ethical Paradox, an Oxymoron Maze • KNOWsutra (Bertrand Knows) Gipsy Burlesque Piano Upright Bass JAZZ",open,Yes,Light Dance,open,User 93717890,profile,1,6,17,0,0,2026-03-23,2026-03-29,2026-07-11,Niche/Emerging Curator
"[06] It's an Ethical Paradox, an Oxymoron Maze • KNOWsutra (Bertrand Knows) Gipsy Burlesque Piano Upright Bass JAZZ",open,Yes,Burlesque,open,Kwezi Human,profile,6,6,23,0,0,2026-03-20,2026-04-24,2026-07-11,Niche/Emerging Curator
"[06] It's an Ethical Paradox, an Oxymoron Maze • KNOWsutra (Bertrand Knows) Gipsy Burlesque Piano Upright Bass JAZZ",open,Yes,Be here now,open,looleh,profile,30,97,1229,0,0,2024-10-07,2026-02-23,2026-07-11,Mid-size Playlist (Repeat)
"[06] It's an Ethical Paradox, an Oxymoron Maze • KNOWsutra (Bertrand Knows) Gipsy Burlesque Piano Upright Bass JAZZ",open,Yes,🫧,open,Andriy woo,profile,33,16,51,3,0,2026-02-16,2026-03-19,2026-07-11,Niche/Emerging Curator
"[06] It's an Ethical Paradox, an Oxymoron Maze • KNOWsutra (Bertrand Knows) Gipsy Burlesque Piano Upright Bass JAZZ",open,Yes,chill,open,looleh,profile,30,198,1678,0,0,2025-01-11,2026-07-10,2026-07-11,Mid-size Playlist (Repeat)
"[06] It's an Ethical Paradox, an Oxymoron Maze • KNOWsutra (Bertrand Knows) Gipsy Burlesque Piano Upright Bass JAZZ",open,Yes,lounge,open,DJ Tiger Brown,profile,12,216,1003,0,0,2025-12-10,2026-06-18,2026-07-11,Generic Dump (low signal)
"[06] It's an Ethical Paradox, an Oxymoron Maze • KNOWsutra (Bertrand Knows) Gipsy Burlesque Piano Upright Bass JAZZ",open,Yes,French Music,open,OmHana,profile,13,5,18,0,0,2026-01-23,2026-01-24,2026-07-11,Niche/Emerging Curator
"[06] It's an Ethical Paradox, an Oxymoron Maze • KNOWsutra (Bertrand Knows) Gipsy Burlesque Piano Upright Bass JAZZ",open,Yes,??,open,Israel Magana,profile,0,1,4,0,0,2026-01-22,2026-01-22,2026-07-11,Niche/Emerging Curator
"[06] It's an Ethical Paradox, an Oxymoron Maze • KNOWsutra (Bertrand Knows) Gipsy Burlesque Piano Upright Bass JAZZ",open,Yes,Burlesque,open,NouvelleDanse.com,profile,12,23,117,1,0,2026-01-22,2026-06-18,2026-07-11,Niche/Emerging Curator
"[06] It's an Ethical Paradox, an Oxymoron Maze • KNOWsutra (Bertrand Knows) Gipsy Burlesque Piano Upright Bass JAZZ",open,Yes,My Jazz Stuff,open,Fred Laurent,profile,2,57,269,0,0,2025-07-19,2026-06-12,2026-07-11,Mid-size Playlist
"[06] It's an Ethical Paradox, an Oxymoron Maze • KNOWsutra (Bertrand Knows) Gipsy Burlesque Piano Upright Bass JAZZ",open,Yes,Jazz Latino,open,‎,profile,3,60,221,3,0,2025-10-31,2026-05-08,2026-07-11,Mid-size Playlist
"[06] It's an Ethical Paradox, an Oxymoron Maze • KNOWsutra (Bertrand Knows) Gipsy Burlesque Piano Upright Bass JAZZ",open,Yes,Locked_,open,Flicked_Locked,profile,1,42,135,0,0,2025-03-23,2026-03-05,2026-07-11,Mid-size Playlist
"[06] It's an Ethical Paradox, an Oxymoron Maze • KNOWsutra (Bertrand Knows) Gipsy Burlesque Piano Upright Bass JAZZ",open,Yes,sample6,open,chillymanjaro,profile,11,15,73,0,0,2026-01-17,2026-06-26,2026-07-11,Niche/Emerging Curator
"[06] It's an Ethical Paradox, an Oxymoron Maze • KNOWsutra (Bertrand Knows) Gipsy Burlesque Piano Upright Bass JAZZ",open,Yes,Untitled playlist,open,Jay,profile,0,1,4,0,0,2026-01-14,2026-01-14,2026-07-11,Niche/Emerging Curator
"[06] It's an Ethical Paradox, an Oxymoron Maze • KNOWsutra (Bertrand Knows) Gipsy Burlesque Piano Upright Bass JAZZ",open,Yes,Farsi jazz,open,User 203093236,profile,0,7,32,0,0,2026-01-13,2026-01-25,2026-07-11,Niche/Emerging Curator
"[06] It's an Ethical Paradox, an Oxymoron Maze • KNOWsutra (Bertrand Knows) Gipsy Burlesque Piano Upright Bass JAZZ",open,Yes,:>,open,Bumble Bee,profile,3,28,102,1,0,2025-09-14,2026-02-28,2026-07-11,Niche/Emerging Curator
"[06] It's an Ethical Paradox, an Oxymoron Maze • KNOWsutra (Bertrand Knows) Gipsy Burlesque Piano Upright Bass JAZZ",open,Yes,be centered,open,looleh,profile,30,51,436,0,0,2025-08-16,2026-07-08,2026-07-11,Mid-size Playlist (Repeat)
"[06] It's an Ethical Paradox, an Oxymoron Maze • KNOWsutra (Bertrand Knows) Gipsy Burlesque Piano Upright Bass JAZZ",open,Yes,stand in you power,open,looleh,profile,30,102,1545,0,0,2025-04-20,2026-07-08,2026-07-11,Mid-size Playlist (Repeat)
"[06] It's an Ethical Paradox, an Oxymoron Maze • KNOWsutra (Bertrand Knows) Gipsy Burlesque Piano Upright Bass JAZZ",open,Yes,2026,open,looleh,profile,30,54,1427,0,0,2025-11-22,2026-07-10,2026-07-11,Mid-size Playlist (Repeat)
"[06] It's an Ethical Paradox, an Oxymoron Maze • KNOWsutra (Bertrand Knows) Gipsy Burlesque Piano Upright Bass JAZZ",open,Yes,Farsi Jazz,open,looleh,profile,30,24,92,8,0,2026-01-04,2026-05-29,2026-07-11,Niche/Emerging Curator (Repeat)
"[06] It's an Ethical Paradox, an Oxymoron Maze • KNOWsutra (Bertrand Knows) Gipsy Burlesque Piano Upright Bass JAZZ",open,Yes,God,open,"ilya."")",profile,0,52,124,0,0,2025-12-29,2026-02-10,2026-07-11,Mid-size Playlist
"[06] It's an Ethical Paradox, an Oxymoron Maze • KNOWsutra (Bertrand Knows) Gipsy Burlesque Piano Upright Bass JAZZ",open,Yes,Jazz 40z,open,𝒔𝒕𝒆𝒗𝒆,profile,1,39,221,1,0,2026-01-06,2026-01-10,2026-07-11,Mid-size Playlist
"[06] It's an Ethical Paradox, an Oxymoron Maze • KNOWsutra (Bertrand Knows) Gipsy Burlesque Piano Upright Bass JAZZ",open,Yes,Jazz,open,Heghine Mkoyan,profile,0,3,10,0,0,2026-01-04,2026-01-04,2026-07-11,Niche/Emerging Curator
"[05] Sing Your Own Gospel • GROWsutra (God, Etc.) Gipsy Piano JAZZ",open,No,café,open,armin gharib,profile,5,493,2752,2,0,2025-12-04,2026-06-30,2026-07-11,Generic Dump (low signal)
"[06] Sing Your Own Gospel • GROWsutra (God, Etc.) Gipsy Bass JAZZ",open,Yes,مادري,open,haddadista,profile,0,3,11,0,0,2026-01-07,2026-01-26,2026-07-11,Niche/Emerging Curator
"[02] Sing Your Own Gospel • GROWsutra (God, Etc.) Gipsy Indie FOLK",open,No,Bananasutra!,open,Angus,profile,54,452,1499,1,0,2026-04-08,2026-04-10,2026-07-11,Catalog Mirror (Superfan)
"[07] Sing Your Own Gospel • GROWsutra (God, Etc.) Gipsy Bass JAZZ",open,Yes,Bananasutra,open,Lincoln Scott,profile,0,82,270,2,0,2026-05-21,2026-05-27,2026-07-11,Mid-size Playlist (Repeat)
"[04] Sing Your Own Gospel • GROWsutra (God, Etc.) Gipsy Piano JAZZ",open,Yes,Melodic Feeling,open,Martín Paulus,profile,2,14,66,0,0,2026-04-29,2026-07-04,2026-07-11,Niche/Emerging Curator (Repeat)
"[04] Sing Your Own Gospel • GROWsutra (God, Etc.) Gipsy Piano JAZZ",open,Yes,CoolJazz,open,Martín Paulus,profile,2,23,127,0,0,2026-04-03,2026-07-04,2026-07-11,Niche/Emerging Curator (Repeat)
"[04] Sing Your Own Gospel • GROWsutra (God, Etc.) Gipsy Piano JAZZ",open,Yes,nice,open,moon,profile,3,225,955,0,0,2020-09-27,2026-06-12,2026-07-11,Generic Dump (low signal)
"[04] Sing Your Own Gospel • GROWsutra (God, Etc.) Gipsy Piano JAZZ",open,Yes,jazz,open,Butterfly K,profile,2,492,2008,1,0,2025-03-28,2026-03-22,2026-07-11,Generic Dump (low signal)
"[04] Sing Your Own Gospel • GROWsutra (God, Etc.) Gipsy Piano JAZZ",open,Yes,newnewnewnew,open,DJ OOMAMi🕊,profile,62,40,159,0,0,2025-12-20,2026-01-31,2026-07-11,Mid-size Playlist
"[04] Sing Your Own Gospel • GROWsutra (God, Etc.) Gipsy Piano JAZZ",open,Yes,Farsi Jazz,open,looleh,profile,30,24,92,8,0,2026-01-04,2026-05-29,2026-07-11,Niche/Emerging Curator (Repeat)
"[04] Sing Your Own Gospel • GROWsutra (God, Etc.) Gipsy Piano JAZZ",open,Yes,funki soul,open,Rafa Cordo,profile,7,49,277,1,0,2021-07-16,2026-01-13,2026-07-11,Mid-size Playlist
"[04] Sing Your Own Gospel • GROWsutra (God, Etc.) Gipsy Piano JAZZ",open,Yes,English,open,Qasim.,profile,16,338,1401,3,0,2020-06-06,2026-06-07,2026-07-11,Generic Dump (low signal)
"[04] Sing Your Own Gospel • GROWsutra (God, Etc.) Gipsy Piano JAZZ",open,Yes,Good Music - 5,open,Okos.szajko,profile,0,95,516,0,0,2025-12-17,2026-02-25,2026-07-11,Mid-size Playlist (Repeat)
"[04] Sing Your Own Gospel • GROWsutra (God, Etc.) Gipsy Piano JAZZ",open,Yes,my best songs,open,Popping Mesh,profile,51,6,121,0,0,2020-07-05,2026-04-29,2026-07-11,Priority Curator
"[01] Sing Your Own Gospel • GROWsutra (God, Etc.) Gipsy Gospel BLUES",open,Yes,Bananasutra,open,Lincoln Scott,profile,0,82,270,2,0,2026-05-21,2026-05-27,2026-07-11,Mid-size Playlist (Repeat)
"[01] Sing Your Own Gospel • GROWsutra (God, Etc.) Gipsy Gospel BLUES",open,Yes,Banana Sutra,open,3rd Ear,profile,1496,7,22,0,0,2026-01-13,2026-04-19,2026-07-11,Priority Curator
"[01] Sing Your Own Gospel • GROWsutra (God, Etc.) Gipsy Gospel BLUES",open,Yes,Church K,open,Kelz,profile,1,29,191,0,0,2026-01-08,2026-01-08,2026-07-11,Niche/Emerging Curator
"[11] Two Things, Darling • KNOWsutra Bertrand (Knows) Psychedelic Destiny Banjo BLUES",open,Yes,Mine,open,A,profile,0,36,147,0,0,2026-01-08,2026-07-05,2026-07-11,Mid-size Playlist
"[11] Two Things, Darling • KNOWsutra Bertrand (Knows) Psychedelic Destiny Banjo BLUES",open,Yes,Chilllllz,open,D3,profile,5,61,313,0,0,2025-10-29,2026-04-13,2026-07-11,Mid-size Playlist
"[08] Two Things, Darling • KNOWsutra Bertrand (Knows) Existential Poetry Mama DUB",open,Yes,Bananasutra!,open,Angus,profile,54,452,1499,1,0,2026-04-08,2026-04-10,2026-07-11,Catalog Mirror (Superfan)
"[07] Two Things, Darling • KNOWsutra Bertrand (Knows) La Poesita Gipsy Flamenco Dub INDIE",open,Yes,Sky Chillin’,open,ANJOK,profile,6,32,141,1,0,2026-05-05,2026-06-02,2026-07-11,Mid-size Playlist (Repeat)
"[07] Two Things, Darling • KNOWsutra Bertrand (Knows) La Poesita Gipsy Flamenco Dub INDIE",open,Yes,Bananasutra!,open,Angus,profile,54,452,1499,1,0,2026-04-08,2026-04-10,2026-07-11,Catalog Mirror (Superfan)
"[07] Two Things, Darling • KNOWsutra Bertrand (Knows) La Poesita Gipsy Flamenco Dub INDIE",open,Yes,Untitled playlist,open,Sukhan Gill,profile,1,19,90,0,0,2026-03-28,2026-03-28,2026-07-11,Niche/Emerging Curator
"[07] Two Things, Darling • KNOWsutra Bertrand (Knows) La Poesita Gipsy Flamenco Dub INDIE",open,Yes,Lounge Inn 🏝️,open,Angus,profile,54,62,266,0,0,2025-11-10,2026-04-08,2026-07-11,Mid-size Playlist (Repeat)
"[07] Two Things, Darling • KNOWsutra Bertrand (Knows) La Poesita Gipsy Flamenco Dub INDIE",open,Yes,RaiNy dAyz!,open,Angus,profile,54,62,243,0,0,2025-11-11,2026-04-08,2026-07-11,Mid-size Playlist (Repeat)
"[07] Two Things, Darling • KNOWsutra Bertrand (Knows) La Poesita Gipsy Flamenco Dub INDIE",open,Yes,GenteL RaiN,open,Angus,profile,54,97,405,0,0,2025-11-12,2026-05-11,2026-07-11,Mid-size Playlist (Repeat)
"[07] Two Things, Darling • KNOWsutra Bertrand (Knows) La Poesita Gipsy Flamenco Dub INDIE",open,Yes,Late Morning Beats,open,Angus,profile,54,123,532,0,0,2026-01-30,2026-05-10,2026-07-11,Mid-size Playlist (Repeat)
"[07] Two Things, Darling • KNOWsutra Bertrand (Knows) La Poesita Gipsy Flamenco Dub INDIE",open,Yes,Reggae❤️‍🔥,open,mana,profile,6,63,271,1,0,2025-05-09,2026-06-25,2026-07-11,Mid-size Playlist
"[07] Two Things, Darling • KNOWsutra Bertrand (Knows) La Poesita Gipsy Flamenco Dub INDIE",open,Yes,P@c Mar,open,Perlin Marquez,profile,0,7,27,0,0,2025-12-29,2026-01-22,2026-07-11,Niche/Emerging Curator
"[07] Two Things, Darling • KNOWsutra Bertrand (Knows) La Poesita Gipsy Flamenco Dub INDIE",open,Yes,surf,open,sae,profile,0,29,133,0,0,2025-12-02,2026-04-27,2026-07-11,Niche/Emerging Curator
"[09] Two Things, Darling • KNOWsutra Bertrand (Knows) Psychedelic Destiny Banjo BLUES",open,Yes,funki soul,open,Rafa Cordo,profile,7,49,277,1,0,2021-07-16,2026-01-13,2026-07-11,Mid-size Playlist
"[01] Two Things, Darling • KNOWsutra Bertrand (Knows) Tzigane Peace Conscious Fusion Indie LOFI",open,Yes,Bananasutra,open,Lincoln Scott,profile,0,82,270,2,0,2026-05-21,2026-05-27,2026-07-11,Mid-size Playlist (Repeat)
[02] Awe Is Mighty (Maybe Even Holy) - GLOWsutra Psychedelic Folk Circus Dreamy Drum Indie MANTRA,open,Yes,Bananasutra,open,Lincoln Scott,profile,0,82,270,2,0,2026-05-21,2026-05-27,2026-07-11,Mid-size Playlist (Repeat)
"[07] Seminal Bollocks - GROWsutra (God, Etc) Gipsy Trip BRUH Hop LOFI",open,Yes,❄️,open,icebby.8,profile,5,484,1401,0,0,2025-06-09,2026-07-01,2026-07-11,Generic Dump (low signal)
"[07] Seminal Bollocks - GROWsutra (God, Etc) Gipsy Trip BRUH Hop LOFI",open,Yes,Bananasutra!,open,Angus,profile,54,452,1499,1,0,2026-04-08,2026-04-10,2026-07-11,Catalog Mirror (Superfan)
"[07] Seminal Bollocks - GROWsutra (God, Etc) Gipsy Trip BRUH Hop LOFI",open,Yes,tunes,open,Jk3n,profile,3,12,43,0,0,2025-11-08,2026-06-01,2026-07-11,Niche/Emerging Curator
"[05] Seminal Bollocks - GROWsutra (God, Etc) French Accordion Psychedelia BURLESQUE",open,No,french music,open,ichanpomsyda03,profile,1,75,236,0,0,2026-07-01,2026-07-01,2026-07-11,Mid-size Playlist
"[04] Seminal Bollocks - GROWsutra (God, Etc) French Accordion Psychedelia BURLESQUE",open,Yes,french music,open,ichanpomsyda03,profile,1,75,236,0,0,2026-07-01,2026-07-01,2026-07-11,Mid-size Playlist
"[04] Seminal Bollocks - GROWsutra (God, Etc) French Accordion Psychedelia BURLESQUE",open,Yes,Bananasutra!,open,Angus,profile,54,452,1499,1,0,2026-04-08,2026-04-10,2026-07-11,Catalog Mirror (Superfan)
"[04] Seminal Bollocks - GROWsutra (God, Etc) French Accordion Psychedelia BURLESQUE",open,Yes,флекс,open,qiweda13,profile,2,9,21,0,0,2022-09-17,2026-01-09,2026-07-11,Niche/Emerging Curator
"[06] Seminal Bollocks - GROWsutra (God, Etc) Psychedelic Tzigane Fusion Folk LOFI",open,Yes,уши,open,Hh Ty,profile,0,161,517,0,0,2024-08-21,2026-07-07,2026-07-11,Mid-size Playlist
"[06] Seminal Bollocks - GROWsutra (God, Etc) Psychedelic Tzigane Fusion Folk LOFI",open,Yes,Reggae,open,Nando,profile,0,36,195,0,0,2025-10-01,2026-06-05,2026-07-11,Mid-size Playlist
"[06] Seminal Bollocks - GROWsutra (God, Etc) Psychedelic Tzigane Fusion Folk LOFI",open,Yes,Bananasutra!,open,Angus,profile,54,452,1499,1,0,2026-04-08,2026-04-10,2026-07-11,Catalog Mirror (Superfan)
"[06] Seminal Bollocks - GROWsutra (God, Etc) Psychedelic Tzigane Fusion Folk LOFI",open,Yes,Mart2026,open,Владислав Курдыш,profile,0,13,52,0,0,2026-02-27,2026-06-28,2026-07-11,Niche/Emerging Curator (Repeat)
"[06] Seminal Bollocks - GROWsutra (God, Etc) Psychedelic Tzigane Fusion Folk LOFI",open,Yes,Regga🍋🍋🍋,open,L.I.S .,profile,16,34,135,0,0,2025-10-01,2026-04-07,2026-07-11,Mid-size Playlist
"[06] Seminal Bollocks - GROWsutra (God, Etc) Psychedelic Tzigane Fusion Folk LOFI",open,Yes,🫧,open,Andriy woo,profile,33,16,51,3,0,2026-02-16,2026-03-19,2026-07-11,Niche/Emerging Curator
"[06] Seminal Bollocks - GROWsutra (God, Etc) Psychedelic Tzigane Fusion Folk LOFI",open,Yes,CooooL ✌🏻,open,dafou,profile,91,29,116,3,0,2023-12-24,2026-04-23,2026-07-11,Priority Curator (Repeat)
"[06] Seminal Bollocks - GROWsutra (God, Etc) Psychedelic Tzigane Fusion Folk LOFI",open,Yes,Praia,open,user269635423,profile,0,174,858,0,0,2017-11-06,2026-05-05,2026-07-11,Mid-size Playlist (Repeat)
"[06] Seminal Bollocks - GROWsutra (God, Etc) Psychedelic Tzigane Fusion Folk LOFI",open,Yes,role bike,open,user269635423,profile,0,92,403,0,0,2020-01-18,2026-01-13,2026-07-11,Mid-size Playlist (Repeat)
"[06] Seminal Bollocks - GROWsutra (God, Etc) Psychedelic Tzigane Fusion Folk LOFI",open,Yes,bike,open,user269635423,profile,0,93,540,0,0,2017-10-16,2026-04-14,2026-07-11,Mid-size Playlist (Repeat)
"[06] Seminal Bollocks - GROWsutra (God, Etc) Psychedelic Tzigane Fusion Folk LOFI",open,Yes,Oi fm,open,user269635423,profile,0,27,194,0,0,2024-12-13,2026-05-12,2026-07-11,Niche/Emerging Curator (Repeat)
"[06] Seminal Bollocks - GROWsutra (God, Etc) Psychedelic Tzigane Fusion Folk LOFI",open,Yes,calme,open,dafou,profile,91,31,159,1,0,2021-01-21,2025-12-31,2026-07-11,Mid-size Playlist (Repeat)
"[06] Seminal Bollocks - GROWsutra (God, Etc) Psychedelic Tzigane Fusion Folk LOFI",open,Yes,🍁,open,AnimateK,profile,34,116,542,1,0,2024-03-18,2026-07-10,2026-07-11,Mid-size Playlist
"[Bonus] I did the Math, and Everything is Stupid • SHOWsutra Snoopy Poopy INDIE",open,Yes,Bananasutra!,open,Angus,profile,54,452,1499,1,0,2026-04-08,2026-04-10,2026-07-11,Catalog Mirror (Superfan)
"[Bonus] I did the Math, and Everything is Stupid • SHOWsutra Snoopy Poopy INDIE",open,Yes,2,open,Наталья Владимировна,profile,0,341,1324,0,0,2018-03-29,2026-06-25,2026-07-11,Generic Dump (low signal)
[04] I Did the Math (and Everything is Stupid) • SHOWsutra Indie Chanson Gipsy BURLESQUE,open,Yes,DncE🪩,open,Betomad °|•,profile,20,36,291,1,0,2025-10-14,2026-06-24,2026-07-11,Mid-size Playlist (Repeat)
[04] I Did the Math (and Everything is Stupid) • SHOWsutra Indie Chanson Gipsy BURLESQUE,open,Yes,Your Mix 7,open,Женя Кравченко,profile,0,30,114,0,0,2026-04-30,2026-04-30,2026-07-11,Niche/Emerging Curator (Repeat)
[04] I Did the Math (and Everything is Stupid) • SHOWsutra Indie Chanson Gipsy BURLESQUE,open,Yes,Bananasutra!,open,Angus,profile,54,452,1499,1,0,2026-04-08,2026-04-10,2026-07-11,Catalog Mirror (Superfan)
[04] I Did the Math (and Everything is Stupid) • SHOWsutra Indie Chanson Gipsy BURLESQUE,open,Yes,Dinn’a,open,Simsalabrina,profile,5,61,235,0,0,2026-02-15,2026-03-22,2026-07-11,Mid-size Playlist
[04] I Did the Math (and Everything is Stupid) • SHOWsutra Indie Chanson Gipsy BURLESQUE,open,Yes,3rd,open,m.agamia,profile,20,321,1832,0,0,2023-01-04,2026-06-21,2026-07-11,Generic Dump (low signal)
[04] I Did the Math (and Everything is Stupid) • SHOWsutra Indie Chanson Gipsy BURLESQUE,open,Yes,Just Nouri,open,nouralotich,profile,1,59,178,0,0,2025-08-23,2026-07-02,2026-07-11,Mid-size Playlist
[04] I Did the Math (and Everything is Stupid) • SHOWsutra Indie Chanson Gipsy BURLESQUE,open,Yes,kuk,open,0nel0ove,profile,0,33,154,0,0,2025-10-19,2026-07-11,2026-07-11,Mid-size Playlist
[07] I Did the Math (and Everything is Stupid) • SHOWsutra Psychedelic Burlesque Indie ROCK,open,Yes,😳,open,catana,profile,2,152,595,0,0,2022-11-18,2026-01-10,2026-07-11,Mid-size Playlist (Repeat)
[07] I Did the Math (and Everything is Stupid) • SHOWsutra Psychedelic Burlesque Indie ROCK,open,Yes,😛❤️‍🔥,open,catana,profile,2,4,17,0,0,2026-01-10,2026-01-10,2026-07-11,Niche/Emerging Curator (Repeat)
"[09] Everything is Stupid, Absurd, and Divine • SHOWsutra Psy Punk Chanson Burlesque ROCK",open,Yes,Bungle Vibes,open,Noddaduck,profile,3,11,37,0,0,2026-01-27,2026-03-20,2026-07-11,Niche/Emerging Curator
"[09] Everything is Stupid, Absurd, and Divine • SHOWsutra Psy Punk Chanson Burlesque ROCK",open,Yes,badshop,open,User 580273013,profile,0,32,198,1,0,2026-01-22,2026-01-24,2026-07-11,Mid-size Playlist
"[09] Everything is Stupid, Absurd, and Divine • SHOWsutra Psy Punk Chanson Burlesque ROCK",open,Yes,gym,open,Ducanh Nguyenvu,profile,0,159,517,0,0,2025-12-20,2026-07-06,2026-07-11,Mid-size Playlist
"[09] Everything is Stupid, Absurd, and Divine • SHOWsutra Psy Punk Chanson Burlesque ROCK",open,Yes,switch me,open,pacorabanne,profile,0,23,71,0,0,2025-09-12,2026-07-03,2026-07-11,Niche/Emerging Curator
Side B [15] Donkeys Years • SHOWsutra Fanana Club Gipsy Cabaret Piano Bass BURLESQUE,open,No,Bananasutra!,open,Angus,profile,54,452,1499,1,0,2026-04-08,2026-04-10,2026-07-11,Catalog Mirror (Superfan)
Side A [02] Donkeys Years • SHOWsutra Fanana Club Gipsy La Poesita Cabaret Dub INDIE,open,Yes,Bananasutra!,open,Angus,profile,54,452,1499,1,0,2026-04-08,2026-04-10,2026-07-11,Catalog Mirror (Superfan)
Side A [02] Donkeys Years • SHOWsutra Fanana Club Gipsy La Poesita Cabaret Dub INDIE,open,Yes,Smooth,open,Tlendi,profile,1,63,216,0,0,2025-12-02,2026-02-23,2026-07-11,Mid-size Playlist
Side B [18] Donkeys Years • SHOWsutra Fanana Club Gipsy Oh Boy Accordion Circus Waltz BURLESQUE,open,Yes,Evening,open,User 582331772,profile,2,34,142,1,0,2025-08-11,2026-07-03,2026-07-11,Mid-size Playlist
Side B [18] Donkeys Years • SHOWsutra Fanana Club Gipsy Oh Boy Accordion Circus Waltz BURLESQUE,open,Yes,Hearty Arty,open,Asareh Ebrahimpour,profile,12,241,1542,2,0,2020-05-11,2026-05-22,2026-07-11,Generic Dump (low signal)
Side B [18] Donkeys Years • SHOWsutra Fanana Club Gipsy Oh Boy Accordion Circus Waltz BURLESQUE,open,Yes,chill_another world,open,mrgh,profile,1,8,42,0,0,2025-12-09,2025-12-12,2026-07-11,Niche/Emerging Curator
Side A [08] Donkeys Years • SHOWsutra Fanana Club Gipsy Cabaret Indie Cello LOFI,open,No,Donn,open,Helio Correa,profile,4,37,133,1,0,2025-11-28,2026-02-03,2026-07-11,Mid-size Playlist
Side A [08] Donkeys Years • SHOWsutra Fanana Club Gipsy Cabaret Indie Cello LOFI,open,No,BiG AL🙏,open,Angus,profile,54,121,497,0,0,2025-07-29,2026-05-11,2026-07-11,Mid-size Playlist (Repeat)
Side A [08] Donkeys Years • SHOWsutra Fanana Club Gipsy Cabaret Indie Cello LOFI,open,No,RaiNy dAyz!,open,Angus,profile,54,62,243,0,0,2025-11-11,2026-04-08,2026-07-11,Mid-size Playlist (Repeat)
Side A [08] Donkeys Years • SHOWsutra Fanana Club Gipsy Cabaret Indie Cello LOFI,open,No,Lounge Inn 🏝️,open,Angus,profile,54,62,266,0,0,2025-11-10,2026-04-08,2026-07-11,Mid-size Playlist (Repeat)
Side A [08] Donkeys Years • SHOWsutra Fanana Club Gipsy Cabaret Indie Cello LOFI,open,No,TechNo Lo-Fi,open,Angus,profile,54,61,453,0,0,2025-11-22,2026-05-11,2026-07-11,Mid-size Playlist (Repeat)
Side A [06] Donkeys Years • SHOWsutra Fanana Club Gipsy Cabaret Indie LOFI,open,Yes,Bananasutra!,open,Angus,profile,54,452,1499,1,0,2026-04-08,2026-04-10,2026-07-11,Catalog Mirror (Superfan)
Side A [06] Donkeys Years • SHOWsutra Fanana Club Gipsy Cabaret Indie LOFI,open,Yes,🫧,open,Andriy woo,profile,33,16,51,3,0,2026-02-16,2026-03-19,2026-07-11,Niche/Emerging Curator
Side A [06] Donkeys Years • SHOWsutra Fanana Club Gipsy Cabaret Indie LOFI,open,Yes,Panino Di Marco,open,Nazanin_vagidi_1995,profile,0,14,43,0,0,2025-08-31,2026-01-15,2026-07-11,Niche/Emerging Curator
Side A [06] Donkeys Years • SHOWsutra Fanana Club Gipsy Cabaret Indie LOFI,open,Yes,classic,open,Vitasil,profile,1,21,80,0,0,2021-03-13,2025-12-17,2026-07-11,Niche/Emerging Curator
Side A [09] Donkeys Years • SHOWsutra Fanana Club Gipsy Cabaret Indie Cello LOFI,open,Yes,go hard,open,tylar,profile,5,255,930,0,0,2017-06-28,2026-05-24,2026-07-11,Generic Dump (low signal)
Side A [09] Donkeys Years • SHOWsutra Fanana Club Gipsy Cabaret Indie Cello LOFI,open,Yes,slappers,open,tylar,profile,5,51,174,0,0,2026-04-29,2026-06-30,2026-07-11,Mid-size Playlist (Repeat)
Side B [17] Donkeys Years • SHOWsutra Fanana Club Psychedelic Gipsy IBYN Cabaret Rock BURLESQUE,open,Yes,whistler 3,open,Daniel Zart,profile,1,21,78,0,0,2025-12-21,2026-02-26,2026-07-11,Niche/Emerging Curator
Side A [01] Donkeys Years • SHOWsutra Fanana Club Gipsy Flamenco Cabaret Dub INDIE,open,Yes,Smooth,open,Tlendi,profile,1,63,216,0,0,2025-12-02,2026-02-23,2026-07-11,Mid-size Playlist
Side A [01] Donkeys Years • SHOWsutra Fanana Club Gipsy Flamenco Cabaret Dub INDIE,open,Yes,relaxe,open,Zcb Prestação de serviços,profile,5,28,134,0,0,2025-12-10,2026-02-10,2026-07-11,Niche/Emerging Curator
Side A [07] Donkeys Years • SHOWsutra Fanana Club Gipsy Cabaret Indie LOFI,open,No,Bananasutra!,open,Angus,profile,54,452,1499,1,0,2026-04-08,2026-04-10,2026-07-11,Catalog Mirror (Superfan)
[04] Peel Me Kindly • FLOWsutra Gone Banana Joke Gipsy JAZZ,open,Yes,Quedubon.,open,Vincentdahrour,profile,3,480,7626,0,0,2025-10-29,2026-07-07,2026-07-11,Generic Dump (low signal)
[04] Peel Me Kindly • FLOWsutra Gone Banana Joke Gipsy JAZZ,open,Yes,low-key lovey-dovey,open,LAIVE MUSIC MPLS,profile,917,48,177,0,0,2026-01-28,2026-01-28,2026-07-11,Mid-size Playlist
[04] Peel Me Kindly • FLOWsutra Gone Banana Joke Gipsy JAZZ,open,Yes,Amora,open,Sacred Love Genie,profile,35,27,130,0,0,2025-12-10,2026-01-06,2026-07-11,Niche/Emerging Curator
[04] Peel Me Kindly • FLOWsutra Gone Banana Joke Gipsy JAZZ,open,Yes,PlayitSoft,open,Amine Iraqui,profile,61,71,391,0,0,2017-06-17,2026-03-23,2026-07-11,Mid-size Playlist
[05] Peel Me Kindly • FLOWsutra Gone Banana Joke Gipsy JAZZ,open,Yes,Bananasutra!,open,Angus,profile,54,452,1499,1,0,2026-04-08,2026-04-10,2026-07-11,Catalog Mirror (Superfan)
[05] Peel Me Kindly • FLOWsutra Gone Banana Joke Gipsy JAZZ,open,Yes,Whoavember 2 0 2 5,open,Erato KALliope,profile,11,7,29,0,0,2025-11-06,2025-12-24,2026-07-11,Niche/Emerging Curator (Repeat)
[05] Peel Me Kindly • FLOWsutra Gone Banana Joke Gipsy JAZZ,open,Yes,For Sweetness,open,Erato KALliope,profile,11,32,145,1,0,2025-12-09,2026-04-26,2026-07-11,Mid-size Playlist (Repeat)
[05] Peel Me Kindly • FLOWsutra Gone Banana Joke Gipsy JAZZ,open,Yes,Home,open,Sahand,profile,7,45,191,0,0,2020-11-20,2025-12-23,2026-07-11,Mid-size Playlist
[05] Peel Me Kindly • FLOWsutra Gone Banana Joke Gipsy JAZZ,open,Yes,Untitled Playlist,open,Jhh,profile,0,4,14,0,0,2025-12-10,2025-12-10,2026-07-11,Niche/Emerging Curator (Repeat)
[05] Peel Me Kindly • FLOWsutra Gone Banana Joke Gipsy JAZZ,open,Yes,emotions,open,Jhh,profile,0,32,127,0,0,2025-05-16,2025-12-31,2026-07-11,Mid-size Playlist (Repeat)
[01] Peel Me Kindly • FLOWsutra Gone Banana Joke Gipsy JAZZ,open,Yes,Bananasutra!,open,Angus,profile,54,452,1499,1,0,2026-04-08,2026-04-10,2026-07-11,Catalog Mirror (Superfan)
[01] Peel Me Kindly • FLOWsutra Gone Banana Joke Gipsy JAZZ,open,Yes,‘What The F**k’,open,Joshua Tree,profile,0,344,1842,1,0,2018-04-03,2026-03-04,2026-07-11,Generic Dump (low signal)
"[02] They Call It Freedom (Oh Hi, Sweet Honey Bun) • BLOWsutra (Revolt Now) Psychedelic Gipsy Dadadam Indie LOFI",open,Yes,bananasutra,open,Fred Anderson,profile,1,445,1526,1,0,2026-07-08,2026-07-08,2026-07-11,Catalog Mirror (Superfan)
"[02] They Call It Freedom (Oh Hi, Sweet Honey Bun) • BLOWsutra (Revolt Now) Psychedelic Gipsy Dadadam Indie LOFI",open,Yes,DJ songs to remix,open,Absolutely DnB,profile,14,178,686,2,0,2024-03-15,2026-04-24,2026-07-11,Mid-size Playlist (Repeat)
"[02] They Call It Freedom (Oh Hi, Sweet Honey Bun) • BLOWsutra (Revolt Now) Psychedelic Gipsy Dadadam Indie LOFI",open,Yes,chilled mix,open,Absolutely DnB,profile,14,35,180,0,0,2016-06-16,2026-06-18,2026-07-11,Mid-size Playlist (Repeat)
"[02] They Call It Freedom (Oh Hi, Sweet Honey Bun) • BLOWsutra (Revolt Now) Psychedelic Gipsy Dadadam Indie LOFI",open,Yes,jazz blues,open,Skcopa,profile,24,16,69,0,0,2025-12-17,2025-12-19,2026-07-11,Niche/Emerging Curator
"[02] They Call It Freedom (Oh Hi, Sweet Honey Bun) • BLOWsutra (Revolt Now) Psychedelic Gipsy Dadadam Indie LOFI",open,Yes,france,open,ali,profile,0,1,3,0,0,2025-08-28,2025-12-13,2026-07-11,Niche/Emerging Curator (Repeat)
"[04] They Call It Freedom (Oh Hi, Sweet Honey Bun) • BLOWsutra (Revolt Now) Psychedelic Gipsy Doing Doing Indie Hip Hop LOFI",open,No,bananasutra,open,Fred Anderson,profile,1,445,1526,1,0,2026-07-08,2026-07-08,2026-07-11,Catalog Mirror (Superfan)
"[10] They Call It Freedom (Oh Hi, Sweet Honey Bun) • BLOWsutra (Revolt Now) Classichedelic Americana BLUES",open,Yes,bananasutra,open,Fred Anderson,profile,1,445,1526,1,0,2026-07-08,2026-07-08,2026-07-11,Catalog Mirror (Superfan)
"[10] They Call It Freedom (Oh Hi, Sweet Honey Bun) • BLOWsutra (Revolt Now) Classichedelic Americana BLUES",open,Yes,cafe,open,shantia,profile,3,39,162,1,0,2025-11-01,2026-06-22,2026-07-11,Mid-size Playlist
"[10] They Call It Freedom (Oh Hi, Sweet Honey Bun) • BLOWsutra (Revolt Now) Classichedelic Americana BLUES",open,Yes,old is gold,open,kododa77,profile,4,57,195,1,0,2017-09-05,2026-04-27,2026-07-11,Mid-size Playlist
"[10] They Call It Freedom (Oh Hi, Sweet Honey Bun) • BLOWsutra (Revolt Now) Classichedelic Americana BLUES",open,Yes,Birazda Romantik,open,Noyan Ayhan,profile,7,12,45,0,0,2025-12-19,2026-05-09,2026-07-11,Niche/Emerging Curator
"[10] They Call It Freedom (Oh Hi, Sweet Honey Bun) • BLOWsutra (Revolt Now) Classichedelic Americana BLUES",open,Yes,american,open,ali,profile,0,7,31,0,0,2025-12-05,2026-01-04,2026-07-11,Niche/Emerging Curator (Repeat)
"[05] They Call It Freedom (Oh Hi, Sweet Honey Bun) • BLOWsutra (Revolt Now) Psychedelic Gipsy Indie Trip Hip Hop LOFI",open,No,bananasutra,open,Fred Anderson,profile,1,445,1526,1,0,2026-07-08,2026-07-08,2026-07-11,Catalog Mirror (Superfan)
"[Bonus] They Call It Freedom (Oh Hi, Sweet Honey Bun) • BLOWsutra (Revolt Now) Psychedelic Gipsy Accordion Gun It BURLESQUE",open,No,bananasutra,open,Fred Anderson,profile,1,445,1526,1,0,2026-07-08,2026-07-08,2026-07-11,Catalog Mirror (Superfan)
"[06] They Call It Freedom (Oh Hi, Sweet Honey Bun) • BLOWsutra (Revolt Now) Psychedelic Gipsy Cello Trip Hip Hop Indie LOFI",open,Yes,bananasutra,open,Fred Anderson,profile,1,445,1526,1,0,2026-07-08,2026-07-08,2026-07-11,Catalog Mirror (Superfan)
"[06] They Call It Freedom (Oh Hi, Sweet Honey Bun) • BLOWsutra (Revolt Now) Psychedelic Gipsy Cello Trip Hip Hop Indie LOFI",open,Yes,Bananasutra!,open,Angus,profile,54,452,1499,1,0,2026-04-08,2026-04-10,2026-07-11,Catalog Mirror (Superfan)
"[06] They Call It Freedom (Oh Hi, Sweet Honey Bun) • BLOWsutra (Revolt Now) Psychedelic Gipsy Cello Trip Hip Hop Indie LOFI",open,Yes,all,open,artrsria,profile,0,354,1440,0,0,2025-08-04,2026-06-15,2026-07-11,Generic Dump (low signal)
"[06] They Call It Freedom (Oh Hi, Sweet Honey Bun) • BLOWsutra (Revolt Now) Psychedelic Gipsy Cello Trip Hip Hop Indie LOFI",open,Yes,Smooth,open,Tlendi,profile,1,63,216,0,0,2025-12-02,2026-02-23,2026-07-11,Mid-size Playlist
"[06] They Call It Freedom (Oh Hi, Sweet Honey Bun) • BLOWsutra (Revolt Now) Psychedelic Gipsy Cello Trip Hip Hop Indie LOFI",open,Yes,Driving2,open,Phiphat Lohrujinunt,profile,0,101,345,0,0,2025-03-17,2026-05-04,2026-07-11,Mid-size Playlist
"[09] They Call It Freedom (Oh Hi, Sweet Honey Bun) • BLOWsutra (Revolt Now) Classichedelic Americana BLUES",open,No,bananasutra,open,Fred Anderson,profile,1,445,1526,1,0,2026-07-08,2026-07-08,2026-07-11,Catalog Mirror (Superfan)
"[07] They Call It Freedom (Oh Hi, Sweet Honey Bun) • BLOWsutra  (Revolt Now) Psychedelic Dubby Americana Indie LoFi FOLK",open,Yes,bananasutra,open,Fred Anderson,profile,1,445,1526,1,0,2026-07-08,2026-07-08,2026-07-11,Catalog Mirror (Superfan)
"[07] They Call It Freedom (Oh Hi, Sweet Honey Bun) • BLOWsutra  (Revolt Now) Psychedelic Dubby Americana Indie LoFi FOLK",open,Yes,Bananasutra!,open,Angus,profile,54,452,1499,1,0,2026-04-08,2026-04-10,2026-07-11,Catalog Mirror (Superfan)
"[07] They Call It Freedom (Oh Hi, Sweet Honey Bun) • BLOWsutra  (Revolt Now) Psychedelic Dubby Americana Indie LoFi FOLK",open,Yes,Untitled Playlist,open,gixxer,profile,14,3,10,0,0,2025-12-18,2025-12-20,2026-07-11,Niche/Emerging Curator
"[07] They Call It Freedom (Oh Hi, Sweet Honey Bun) • BLOWsutra  (Revolt Now) Psychedelic Dubby Americana Indie LoFi FOLK",open,Yes,Untitled Playlist,open,Jhh,profile,0,4,14,0,0,2025-12-10,2025-12-10,2026-07-11,Niche/Emerging Curator (Repeat)
"[07] They Call It Freedom (Oh Hi, Sweet Honey Bun) • BLOWsutra  (Revolt Now) Psychedelic Dubby Americana Indie LoFi FOLK",open,Yes,Donn,open,Helio Correa,profile,4,37,133,1,0,2025-11-28,2026-02-03,2026-07-11,Mid-size Playlist
"[03] They Call It Freedom (Oh Hi, Sweet Honey Bun) • BLOWsutra (Revolt Now) Psychedelic Gipsy Trip Hop Indie LOFI",open,No,bananasutra,open,Fred Anderson,profile,1,445,1526,1,0,2026-07-08,2026-07-08,2026-07-11,Catalog Mirror (Superfan)
"[03] They Call It Freedom (Oh Hi, Sweet Honey Bun) • BLOWsutra (Revolt Now) Psychedelic Gipsy Trip Hop Indie LOFI",open,No,Banana Sutra,open,3rd Ear,profile,1496,7,22,0,0,2026-01-13,2026-04-19,2026-07-11,Priority Curator
"[01] They Call It Freedom (Oh Hi, Sweet Honey Bun) • BLOWsutra (Revolt Now) Gipsy Oh Hi Psychedelic Indie LOFI",open,No,bananasutra,open,Fred Anderson,profile,1,445,1526,1,0,2026-07-08,2026-07-08,2026-07-11,Catalog Mirror (Superfan)
"[08] They Call It Freedom (Oh Hi, Sweet Honey Bun) • BLOWsutra (Revolt Now) Classichedelic Americana Dubby Folky BLUES",open,Yes,bananasutra,open,Fred Anderson,profile,1,445,1526,1,0,2026-07-08,2026-07-08,2026-07-11,Catalog Mirror (Superfan)
"[08] They Call It Freedom (Oh Hi, Sweet Honey Bun) • BLOWsutra (Revolt Now) Classichedelic Americana Dubby Folky BLUES",open,Yes,soundcloud mixes,open,Sneakyoctopus,profile,0,80,304,0,0,2026-04-30,2026-06-22,2026-07-11,Mid-size Playlist
"[08] They Call It Freedom (Oh Hi, Sweet Honey Bun) • BLOWsutra (Revolt Now) Classichedelic Americana Dubby Folky BLUES",open,Yes,Untitled Playlist,open,Michael Melad,profile,2,6,23,0,0,2025-12-19,2026-04-03,2026-07-11,Niche/Emerging Curator
[04] Why We Can't Be Brave - GROWsutra (Censored) Psychedelic Flamenco Dub Cello Fusion INDIE,open,Yes,Bananasutra,open,Lincoln Scott,profile,0,82,270,2,0,2026-05-21,2026-05-27,2026-07-11,Mid-size Playlist (Repeat)
[07] Why We Can't Be Brave - GROWsutra (Censored) Psychedelic Hip Hop Cello Indie Dub Fusion LOFI,open,Yes,Bananasutra!,open,Angus,profile,54,452,1499,1,0,2026-04-08,2026-04-10,2026-07-11,Catalog Mirror (Superfan)
[07] Why We Can't Be Brave - GROWsutra (Censored) Psychedelic Hip Hop Cello Indie Dub Fusion LOFI,open,Yes,Eats the Beats,open,Angus,profile,54,85,354,0,0,2026-03-29,2026-05-10,2026-07-11,Mid-size Playlist (Repeat)
[07] Why We Can't Be Brave - GROWsutra (Censored) Psychedelic Hip Hop Cello Indie Dub Fusion LOFI,open,Yes,BiG AL🙏,open,Angus,profile,54,121,497,0,0,2025-07-29,2026-05-11,2026-07-11,Mid-size Playlist (Repeat)
[07] Why We Can't Be Brave - GROWsutra (Censored) Psychedelic Hip Hop Cello Indie Dub Fusion LOFI,open,Yes,GenteL RaiN,open,Angus,profile,54,97,405,0,0,2025-11-12,2026-05-11,2026-07-11,Mid-size Playlist (Repeat)
[07] Why We Can't Be Brave - GROWsutra (Censored) Psychedelic Hip Hop Cello Indie Dub Fusion LOFI,open,Yes,RaiNy dAyz!,open,Angus,profile,54,62,243,0,0,2025-11-11,2026-04-08,2026-07-11,Mid-size Playlist (Repeat)
[07] Why We Can't Be Brave - GROWsutra (Censored) Psychedelic Hip Hop Cello Indie Dub Fusion LOFI,open,Yes,CaSSia,open,Angus,profile,54,98,474,0,0,2026-02-01,2026-05-10,2026-07-11,Mid-size Playlist (Repeat)
[07] Why We Can't Be Brave - GROWsutra (Censored) Psychedelic Hip Hop Cello Indie Dub Fusion LOFI,open,Yes,Late Morning Beats,open,Angus,profile,54,123,532,0,0,2026-01-30,2026-05-10,2026-07-11,Mid-size Playlist (Repeat)
[07] Why We Can't Be Brave - GROWsutra (Censored) Psychedelic Hip Hop Cello Indie Dub Fusion LOFI,open,Yes,eng,open,mehdi noroozi,profile,1,17,68,0,0,2024-07-16,2026-07-05,2026-07-11,Niche/Emerging Curator
[07] Why We Can't Be Brave - GROWsutra (Censored) Psychedelic Hip Hop Cello Indie Dub Fusion LOFI,open,Yes,soul,open,Ігор Колісник,profile,0,37,118,1,0,2025-01-23,2026-01-15,2026-07-11,Mid-size Playlist
[02] Why We Can't Be Brave - GROWsutra (Censored) Psychedelic Cello Drama Duende Dream INDIE,open,Yes,Bananasutra!,open,Angus,profile,54,452,1499,1,0,2026-04-08,2026-04-10,2026-07-11,Catalog Mirror (Superfan)
[02] Why We Can't Be Brave - GROWsutra (Censored) Psychedelic Cello Drama Duende Dream INDIE,open,Yes,Banana Growth,open,Jean Claude Souza,profile,44,3,66,0,0,2025-12-11,2025-12-12,2026-07-11,Niche/Emerging Curator (Repeat)
[05] Jacques Brel - French GLOWsutra Psychedelic Circus Cello Chanson INDIE,open,No,music,open,Yasaminbeautyroom,profile,1,83,491,0,0,2025-10-26,2026-02-18,2026-07-11,Mid-size Playlist
[01] Jacques Brel - French GLOWsutra Oh Boy Accordion Circus Waltz Chanson BURLESQUE,open,Yes,french music,open,ichanpomsyda03,profile,1,75,236,0,0,2026-07-01,2026-07-01,2026-07-11,Mid-size Playlist
[01] Jacques Brel - French GLOWsutra Oh Boy Accordion Circus Waltz Chanson BURLESQUE,open,Yes,#Chanson Française # Brassens # Aznavour # Reggiani # Gainsbourg # Brel,open,Philippe Pastor,profile,226,369,1400,50,4,2016-03-06,2026-07-03,2026-07-11,Generic Dump (low signal)
[01] Jacques Brel - French GLOWsutra Oh Boy Accordion Circus Waltz Chanson BURLESQUE,open,Yes,Bananasutra,open,Lincoln Scott,profile,0,82,270,2,0,2026-05-21,2026-05-27,2026-07-11,Mid-size Playlist (Repeat)
[01] Jacques Brel - French GLOWsutra Oh Boy Accordion Circus Waltz Chanson BURLESQUE,open,Yes,#Playlist spéciale d'accordéon #En souvenir de ma douzaine d'année de pratique,open,Philippe Pastor,profile,226,219,955,4,1,2017-11-19,2026-06-07,2026-07-11,Generic Dump (low signal)
[01] Jacques Brel - French GLOWsutra Oh Boy Accordion Circus Waltz Chanson BURLESQUE,open,Yes,Morning,open,Dorian Veliu,profile,81,179,759,4,0,2025-04-30,2026-07-04,2026-07-11,Mid-size Playlist
[02] Jacques Brel - French GLOWsutra Oh Boy Accordion Circus Waltz Chanson BURLESQUE,open,No,french music,open,ichanpomsyda03,profile,1,75,236,0,0,2026-07-01,2026-07-01,2026-07-11,Mid-size Playlist
"Side B [11] No Fear, My Dear • BLOWsutra Revolt Now Dubby Psychedelic Folky BLUES",open,Yes,bananasutra,open,Fred Anderson,profile,1,445,1526,1,0,2026-07-08,2026-07-08,2026-07-11,Catalog Mirror (Superfan)
"Side B [11] No Fear, My Dear • BLOWsutra Revolt Now Dubby Psychedelic Folky BLUES",open,Yes,Bananasutra!,open,Angus,profile,54,452,1499,1,0,2026-04-08,2026-04-10,2026-07-11,Catalog Mirror (Superfan)
"Side B [11] No Fear, My Dear • BLOWsutra Revolt Now Dubby Psychedelic Folky BLUES",open,Yes,😇👑,open,Ms. Dominguez,profile,5,77,249,0,0,2025-10-02,2026-05-05,2026-07-11,Mid-size Playlist
"Side A [06] No Fear, My Dear • BLOWsutra Revolt Now Dubby Bluesy Psychedelic Chanson Piano JAZZ",open,No,bananasutra,open,Fred Anderson,profile,1,445,1526,1,0,2026-07-08,2026-07-08,2026-07-11,Catalog Mirror (Superfan)
"Side A [07] No Fear, My Dear • BLOWsutra Revolt Now Dubby Bluesy Psychedelic Chanson Piano JAZZ",open,Yes,bananasutra,open,Fred Anderson,profile,1,445,1526,1,0,2026-07-08,2026-07-08,2026-07-11,Catalog Mirror (Superfan)
"Side A [07] No Fear, My Dear • BLOWsutra Revolt Now Dubby Bluesy Psychedelic Chanson Piano JAZZ",open,Yes,Bananasutra!,open,Angus,profile,54,452,1499,1,0,2026-04-08,2026-04-10,2026-07-11,Catalog Mirror (Superfan)
"Side B [18] No Fear, My Dear • BLOWsutra Revolt Now Psychedelic Gipsy World Fusion Indie LOFI",open,Yes,bananasutra,open,Fred Anderson,profile,1,445,1526,1,0,2026-07-08,2026-07-08,2026-07-11,Catalog Mirror (Superfan)
"Side B [18] No Fear, My Dear • BLOWsutra Revolt Now Psychedelic Gipsy World Fusion Indie LOFI",open,Yes,UNDERHEARD POP playlist by IOWNO,open,IOWNO,profile,523,360,1198,0,0,2021-12-02,2026-06-20,2026-07-11,Generic Dump (low signal)
"Side B [18] No Fear, My Dear • BLOWsutra Revolt Now Psychedelic Gipsy World Fusion Indie LOFI",open,Yes,Fr@ctur€d,open,No_Context,profile,19,156,597,1,0,2025-10-17,2026-07-10,2026-07-11,Mid-size Playlist
"Side B [18] No Fear, My Dear • BLOWsutra Revolt Now Psychedelic Gipsy World Fusion Indie LOFI",open,Yes,Jazz&Blues&Soul,open,User 579676573,profile,0,31,153,0,0,2025-08-24,2026-03-17,2026-07-11,Mid-size Playlist
"Side B [18] No Fear, My Dear • BLOWsutra Revolt Now Psychedelic Gipsy World Fusion Indie LOFI",open,Yes,mi list,open,sizani xolani,profile,2,29,109,0,0,2025-09-20,2026-06-20,2026-07-11,Niche/Emerging Curator
"Side B [18] No Fear, My Dear • BLOWsutra Revolt Now Psychedelic Gipsy World Fusion Indie LOFI",open,Yes,Newest Bestest Chillest Vibiest,open,IOWNO,profile,523,143,486,0,0,2024-04-10,2026-06-09,2026-07-11,Mid-size Playlist (Repeat)
"Side B [18] No Fear, My Dear • BLOWsutra Revolt Now Psychedelic Gipsy World Fusion Indie LOFI",open,Yes,Hip Hop I Think,open,IOWNO,profile,523,172,567,1,0,2020-10-18,2026-06-09,2026-07-11,Mid-size Playlist (Repeat)
"Side B [18] No Fear, My Dear • BLOWsutra Revolt Now Psychedelic Gipsy World Fusion Indie LOFI",open,Yes,Work Friendly Songs (Not Electronic),open,IOWNO,profile,523,98,379,1,0,2023-04-17,2026-06-09,2026-07-11,Mid-size Playlist (Repeat)
"Side B [15] No Fear, My Dear • BLOWsutra Revolt Now Psychedelic Gipsy World LoFi Folk Fusion INDIE",open,Yes,bananasutra,open,Fred Anderson,profile,1,445,1526,1,0,2026-07-08,2026-07-08,2026-07-11,Catalog Mirror (Superfan)
"Side B [15] No Fear, My Dear • BLOWsutra Revolt Now Psychedelic Gipsy World LoFi Folk Fusion INDIE",open,Yes,Bananasutra!,open,Angus,profile,54,452,1499,1,0,2026-04-08,2026-04-10,2026-07-11,Catalog Mirror (Superfan)
"Side B [12] No Fear, My Dear • BLOWsutra Revolt Now Dubby Bluesy Jazzy Psychedelic Chanson Piano FOLK",open,Yes,bananasutra,open,Fred Anderson,profile,1,445,1526,1,0,2026-07-08,2026-07-08,2026-07-11,Catalog Mirror (Superfan)
"Side A [10] No Fear, My Dear • BLOWsutra Revolt Now Dubby Psychedelic Chanson Bluesy JAZZ",open,Yes,bananasutra,open,Fred Anderson,profile,1,445,1526,1,0,2026-07-08,2026-07-08,2026-07-11,Catalog Mirror (Superfan)
"Side A [10] No Fear, My Dear • BLOWsutra Revolt Now Dubby Psychedelic Chanson Bluesy JAZZ",open,Yes,atomo,open,Paolo De Simone,profile,1,41,204,0,0,2025-11-28,2026-06-02,2026-07-11,Mid-size Playlist
"Side B [14] No Fear, My Dear • BLOWsutra Revolt Now Psychedelic Gipsy World LoFi Folk Fusion INDIE",open,No,bananasutra,open,Fred Anderson,profile,1,445,1526,1,0,2026-07-08,2026-07-08,2026-07-11,Catalog Mirror (Superfan)
"Side A [05] No Fear, My Dear • BLOWsutra Revolt Now Bluesy Psychedelic Chanson Piano JAZZ",open,Yes,bananasutra,open,Fred Anderson,profile,1,445,1526,1,0,2026-07-08,2026-07-08,2026-07-11,Catalog Mirror (Superfan)
"Side B [13] No Fear, My Dear • BLOWsutra Revolt Now Dubby Psychedelic FOLK",open,Yes,bananasutra,open,Fred Anderson,profile,1,445,1526,1,0,2026-07-08,2026-07-08,2026-07-11,Catalog Mirror (Superfan)
"Side B [13] No Fear, My Dear • BLOWsutra Revolt Now Dubby Psychedelic FOLK",open,Yes,Skate,open,yxung cxrney666,profile,33,73,249,0,0,2026-03-28,2026-04-05,2026-07-11,Mid-size Playlist (Repeat)
"Side B [13] No Fear, My Dear • BLOWsutra Revolt Now Dubby Psychedelic FOLK",open,Yes,Roomsmokesun,open,yxung cxrney666,profile,33,73,251,0,0,2026-03-18,2026-06-01,2026-07-11,Mid-size Playlist (Repeat)
"Side B [13] No Fear, My Dear • BLOWsutra Revolt Now Dubby Psychedelic FOLK",open,Yes,Coll,open,yxung cxrney666,profile,33,41,120,0,0,2025-11-24,2026-03-17,2026-07-11,Mid-size Playlist (Repeat)
"Side B [13] No Fear, My Dear • BLOWsutra Revolt Now Dubby Psychedelic FOLK",open,Yes,Good Vibes,open,Etelvina Cardozo,profile,1,18,84,0,0,2025-08-10,2025-12-12,2026-07-11,Niche/Emerging Curator
"Side B [13] No Fear, My Dear • BLOWsutra Revolt Now Dubby Psychedelic FOLK",open,Yes,🖤🌒,open,Elmasry,profile,0,4,13,0,0,2025-07-19,2025-12-12,2026-07-11,Niche/Emerging Curator
"Side A [09] No Fear, My Dear • BLOWsutra Revolt Now Bluesy Psychedelic Chanson Piano JAZZ",open,Yes,bananasutra,open,Fred Anderson,profile,1,445,1526,1,0,2026-07-08,2026-07-08,2026-07-11,Catalog Mirror (Superfan)
"Side B [16] No Fear, My Dear • BLOWsutra Revolt Now Psychedelic Gipsy World LoFi Folk Fusion INDIE",open,No,bananasutra,open,Fred Anderson,profile,1,445,1526,1,0,2026-07-08,2026-07-08,2026-07-11,Catalog Mirror (Superfan)
"Side A [02] No Fear, My Dear • BLOWsutra Revolt Now Bluesy Psychedelic Chanson Piano Bass JAZZ",open,Yes,bananasutra,open,Fred Anderson,profile,1,445,1526,1,0,2026-07-08,2026-07-08,2026-07-11,Catalog Mirror (Superfan)
"Side A [02] No Fear, My Dear • BLOWsutra Revolt Now Bluesy Psychedelic Chanson Piano Bass JAZZ",open,Yes,jazz blues,open,Skcopa,profile,24,16,69,0,0,2025-12-17,2025-12-19,2026-07-11,Niche/Emerging Curator
"Side A [01] No Fear, My Dear • BLOWsutra Revolt Now Bluesy Psychedelic Chanson Piano JAZZ",open,Yes,bananasutra,open,Fred Anderson,profile,1,445,1526,1,0,2026-07-08,2026-07-08,2026-07-11,Catalog Mirror (Superfan)
"Side A [08] No Fear, My Dear • BLOWsutra Revolt Now Psychedelic Gipsy World LoFi Fusion Piano Indie JAZZ",open,Yes,bananasutra,open,Fred Anderson,profile,1,445,1526,1,0,2026-07-08,2026-07-08,2026-07-11,Catalog Mirror (Superfan)
"Side A [08] No Fear, My Dear • BLOWsutra Revolt Now Psychedelic Gipsy World LoFi Fusion Piano Indie JAZZ",open,Yes,Bananasutra!,open,Angus,profile,54,452,1499,1,0,2026-04-08,2026-04-10,2026-07-11,Catalog Mirror (Superfan)
"Side A [03] No Fear, My Dear • BLOWsutra Revolt Now Bluesy Psychedelic Chanson Piano JAZZ",open,Yes,bananasutra,open,Fred Anderson,profile,1,445,1526,1,0,2026-07-08,2026-07-08,2026-07-11,Catalog Mirror (Superfan)
"Side A [04] No Fear, My Dear • BLOWsutra Revolt Now Bluesy Psychedelic Chanson Piano JAZZ",open,No,bananasutra,open,Fred Anderson,profile,1,445,1526,1,0,2026-07-08,2026-07-08,2026-07-11,Catalog Mirror (Superfan)
"Side B [17] No Fear, My Dear • BLOWsutra Revolt Now Psychedelic Gipsy World LoFi Fusion INDIE",open,No,bananasutra,open,Fred Anderson,profile,1,445,1526,1,0,2026-07-08,2026-07-08,2026-07-11,Catalog Mirror (Superfan)
"Side B [19] No Fear, My Dear • BLOWsutra Revolt Now Psychedelic Gipsy World Fusion Indie LOFI",open,No,bananasutra,open,Fred Anderson,profile,1,445,1526,1,0,2026-07-08,2026-07-08,2026-07-11,Catalog Mirror (Superfan)
[12] Foolish Goldfish (Forever) • KNOWsutra Peace (Not War) Kindness is in the Depth Bluesy Dub FOLK,open,No,Ramu,open,Vilma Skiparė,profile,0,16,223,0,0,2025-11-14,2025-12-04,2026-07-11,Niche/Emerging Curator
[15] Foolish Goldfish (Forever) • KNOWsutra Peace (Not War) Classic Weary True BLUES,open,No,Bananasutra!,open,Angus,profile,54,452,1499,1,0,2026-04-08,2026-04-10,2026-07-11,Catalog Mirror (Superfan)
[10] Foolish Goldfish (Forever) • KNOWsutra Peace (Not War) Kindness Understands Bluesy Dub FOLK,open,No,🧡,open,Lolita Nagy,profile,0,2,8,0,0,2025-11-26,2025-11-30,2026-07-11,Niche/Emerging Curator
[09] Foolish Goldfish (Forever) • KNOWsutra Peace (Not War) Psychedelic Tzigane Soul Fusion LOFI,open,No,CaSSia,open,Angus,profile,54,98,474,0,0,2026-02-01,2026-05-10,2026-07-11,Mid-size Playlist (Repeat)
[09] Foolish Goldfish (Forever) • KNOWsutra Peace (Not War) Psychedelic Tzigane Soul Fusion LOFI,open,No,Late Morning Beats,open,Angus,profile,54,123,532,0,0,2026-01-30,2026-05-10,2026-07-11,Mid-size Playlist (Repeat)
[09] Foolish Goldfish (Forever) • KNOWsutra Peace (Not War) Psychedelic Tzigane Soul Fusion LOFI,open,No,Bananasutra!,open,Angus,profile,54,452,1499,1,0,2026-04-08,2026-04-10,2026-07-11,Catalog Mirror (Superfan)
[04] Foolish Goldfish (Forever) • KNOWsutra Peace (Not War) Psychedelic Poetry Dubs The Bridge DUB,open,No,&&*,open,9uzzy,profile,28,249,791,1,0,2025-12-06,2025-12-06,2026-07-11,Catalog Mirror (Superfan)
[02] Foolish Goldfish (Forever) • KNOWsutra Peace (Not War) La Poesita Psychedelic Cello Dub INDIE,open,Yes,🤫em,open,Felipe ÚZ KAMIKAZE,profile,1,51,427,0,0,2025-12-11,2026-06-16,2026-07-11,Mid-size Playlist (Repeat)
[02] Foolish Goldfish (Forever) • KNOWsutra Peace (Not War) La Poesita Psychedelic Cello Dub INDIE,open,Yes,Então,open,Felipe ÚZ KAMIKAZE,profile,1,50,400,1,0,2025-06-10,2026-06-16,2026-07-11,Mid-size Playlist (Repeat)
[02] Foolish Goldfish (Forever) • KNOWsutra Peace (Not War) La Poesita Psychedelic Cello Dub INDIE,open,Yes,😌,open,angel david mora rivas,profile,6,4,15,0,0,2025-11-26,2025-11-26,2026-07-11,Niche/Emerging Curator
[05] Foolish Goldfish (Forever) • KNOWsutra Peace (Not War) Psychedelic Poetry Dubs The Bridge DUB,open,Yes,Bananasutra!,open,Angus,profile,54,452,1499,1,0,2026-04-08,2026-04-10,2026-07-11,Catalog Mirror (Superfan)
[05] Foolish Goldfish (Forever) • KNOWsutra Peace (Not War) Psychedelic Poetry Dubs The Bridge DUB,open,Yes,💔,open,Таня Шматко,profile,1,38,115,0,0,2026-04-08,2026-04-08,2026-07-11,Mid-size Playlist
[05] Foolish Goldfish (Forever) • KNOWsutra Peace (Not War) Psychedelic Poetry Dubs The Bridge DUB,open,Yes,Soul Food,open,Ria,profile,21,41,166,0,0,2025-07-27,2026-02-15,2026-07-11,Mid-size Playlist
[05] Foolish Goldfish (Forever) • KNOWsutra Peace (Not War) Psychedelic Poetry Dubs The Bridge DUB,open,Yes,dub,open,Simon Tibor,profile,3,92,1095,0,0,2022-07-05,2026-07-10,2026-07-11,Mid-size Playlist (Repeat)
[05] Foolish Goldfish (Forever) • KNOWsutra Peace (Not War) Psychedelic Poetry Dubs The Bridge DUB,open,Yes,Tj,open,Tj Jones,profile,1,127,451,0,0,2025-11-05,2026-02-27,2026-07-11,Mid-size Playlist
[05] Foolish Goldfish (Forever) • KNOWsutra Peace (Not War) Psychedelic Poetry Dubs The Bridge DUB,open,Yes,&&*,open,9uzzy,profile,28,249,791,1,0,2025-12-06,2025-12-06,2026-07-11,Catalog Mirror (Superfan)
[14] Foolish Goldfish (Forever) • KNOWsutra Peace (Not War) Psychedelic Destiny BLUES,open,Yes,Bananasutra!,open,Angus,profile,54,452,1499,1,0,2026-04-08,2026-04-10,2026-07-11,Catalog Mirror (Superfan)
[08] Foolish Goldfish (Forever) • KNOWsutra Peace (Not War) Psychedelic Tzigane Soul Fusion LOFI,open,Yes,Bananasutra!,open,Angus,profile,54,452,1499,1,0,2026-04-08,2026-04-10,2026-07-11,Catalog Mirror (Superfan)
[03] Foolish Goldfish (Forever) • KNOWsutra Peace (Not War) Psychedelic Poetry Dubs The Bridge DUB,open,No,&&*,open,9uzzy,profile,28,249,791,1,0,2025-12-06,2025-12-06,2026-07-11,Catalog Mirror (Superfan)
[02] Synthema Sutras - SHOWsutra Banana Tzigane Conscious Soul Fusion Indie LOFI,open,Yes,Nana Su,open,Lincoln Scott,profile,0,5,19,1,0,2026-05-27,2026-06-15,2026-07-11,Niche/Emerging Curator (Repeat)
[02] Synthema Sutras - SHOWsutra Banana Tzigane Conscious Soul Fusion Indie LOFI,open,Yes,Bananasutra,open,Lincoln Scott,profile,0,82,270,2,0,2026-05-21,2026-05-27,2026-07-11,Mid-size Playlist (Repeat)
[02] Synthema Sutras - SHOWsutra Banana Tzigane Conscious Soul Fusion Indie LOFI,open,Yes,Late Morning Beats,open,Angus,profile,54,123,532,0,0,2026-01-30,2026-05-10,2026-07-11,Mid-size Playlist (Repeat)
[02] Synthema Sutras - SHOWsutra Banana Tzigane Conscious Soul Fusion Indie LOFI,open,Yes,Bananasutra!,open,Angus,profile,54,452,1499,1,0,2026-04-08,2026-04-10,2026-07-11,Catalog Mirror (Superfan)
[02] Synthema Sutras - SHOWsutra Banana Tzigane Conscious Soul Fusion Indie LOFI,open,Yes,Donn,open,Helio Correa,profile,4,37,133,1,0,2025-11-28,2026-02-03,2026-07-11,Mid-size Playlist
[02] Synthema Sutras - SHOWsutra Banana Tzigane Conscious Soul Fusion Indie LOFI,open,Yes,Panino Di Marco,open,Nazanin_vagidi_1995,profile,0,14,43,0,0,2025-08-31,2026-01-15,2026-07-11,Niche/Emerging Curator
[08] Synthema Sutras - SHOWsutra Banana Psychedelic Burlesque Indie Punk ROCK,open,Yes,indie phunk,open,Nicholas Shrinner,profile,0,1,5,0,0,2026-02-17,2026-02-17,2026-07-11,Niche/Emerging Curator
[08] Synthema Sutras - SHOWsutra Banana Psychedelic Burlesque Indie Punk ROCK,open,Yes,everytime you,open,ree☆,profile,13,3,13,0,0,2025-12-15,2026-05-13,2026-07-11,Niche/Emerging Curator
[04] Synthema Sutras - SHOWsutra Banana Jazzy Bass Indie Cello Fusion DUB,open,Yes,Bananasutra!,open,Angus,profile,54,452,1499,1,0,2026-04-08,2026-04-10,2026-07-11,Catalog Mirror (Superfan)
[04] Synthema Sutras - SHOWsutra Banana Jazzy Bass Indie Cello Fusion DUB,open,Yes,&&*,open,9uzzy,profile,28,249,791,1,0,2025-12-06,2025-12-06,2026-07-11,Catalog Mirror (Superfan)
"[18] Hey, Creeps • BLOWsutra Ego Gone Loco I Burlesque You Not Psychedelic ROCK",open,No,bananasutra,open,Fred Anderson,profile,1,445,1526,1,0,2026-07-08,2026-07-08,2026-07-11,Catalog Mirror (Superfan)
"[20] Hey, Creeps • BLOWsutra Ego Gone Loco I Burlesque You Not Psychedelic ROCK",open,No,bananasutra,open,Fred Anderson,profile,1,445,1526,1,0,2026-07-08,2026-07-08,2026-07-11,Catalog Mirror (Superfan)
"[19] Hey, Creeps • BLOWsutra Ego Gone Loco I Burlesque You Not Psychedelic ROCK",open,No,bananasutra,open,Fred Anderson,profile,1,445,1526,1,0,2026-07-08,2026-07-08,2026-07-11,Catalog Mirror (Superfan)
"[17] Hey, Creeps • BLOWsutra Ego Gone She Wanna Know Psychedelic LoFi Jazz DUB",open,No,bananasutra,open,Fred Anderson,profile,1,445,1526,1,0,2026-07-08,2026-07-08,2026-07-11,Catalog Mirror (Superfan)
"[17] Hey, Creeps • BLOWsutra Ego Gone She Wanna Know Psychedelic LoFi Jazz DUB",open,No,Bananasutra!,open,Angus,profile,54,452,1499,1,0,2026-04-08,2026-04-10,2026-07-11,Catalog Mirror (Superfan)
"[17] Hey, Creeps • BLOWsutra Ego Gone She Wanna Know Psychedelic LoFi Jazz DUB",open,No,"Jazz Gone Dub	Gaudi No fooling me, now I understand",open,KAREN 03,profile,13,5,18,0,0,2026-02-05,2026-02-05,2026-07-11,Niche/Emerging Curator
"[17] Hey, Creeps • BLOWsutra Ego Gone She Wanna Know Psychedelic LoFi Jazz DUB",open,No,&&*,open,9uzzy,profile,28,249,791,1,0,2025-12-06,2025-12-06,2026-07-11,Catalog Mirror (Superfan)
"[03] Hey, Creeps • BLOWsutra Ego Gone à la Psychedelic Gipsy Grouchy Cosmic Punk LOFI",open,No,bananasutra,open,Fred Anderson,profile,1,445,1526,1,0,2026-07-08,2026-07-08,2026-07-11,Catalog Mirror (Superfan)
"[03] Hey, Creeps • BLOWsutra Ego Gone à la Psychedelic Gipsy Grouchy Cosmic Punk LOFI",open,No,Bananasutra!,open,Angus,profile,54,452,1499,1,0,2026-04-08,2026-04-10,2026-07-11,Catalog Mirror (Superfan)
"[11] Hey, Creeps • BLOWsutra Ego Gone Loco Tzigane Fusion LOFI",open,No,bananasutra,open,Fred Anderson,profile,1,445,1526,1,0,2026-07-08,2026-07-08,2026-07-11,Catalog Mirror (Superfan)
"[11] Hey, Creeps • BLOWsutra Ego Gone Loco Tzigane Fusion LOFI",open,No,Bananasutra!,open,Angus,profile,54,452,1499,1,0,2026-04-08,2026-04-10,2026-07-11,Catalog Mirror (Superfan)
"[16] Hey, Creeps • BLOWsutra Ego Gone She Wanna Know Psychedelic LoFi Jazz DUB",open,Yes,bananasutra,open,Fred Anderson,profile,1,445,1526,1,0,2026-07-08,2026-07-08,2026-07-11,Catalog Mirror (Superfan)
"[16] Hey, Creeps • BLOWsutra Ego Gone She Wanna Know Psychedelic LoFi Jazz DUB",open,Yes,Bananasutra!,open,Angus,profile,54,452,1499,1,0,2026-04-08,2026-04-10,2026-07-11,Catalog Mirror (Superfan)
"[16] Hey, Creeps • BLOWsutra Ego Gone She Wanna Know Psychedelic LoFi Jazz DUB",open,Yes,"Jazz Gone Dub	Gaudi No fooling me, now I understand",open,KAREN 03,profile,13,5,18,0,0,2026-02-05,2026-02-05,2026-07-11,Niche/Emerging Curator
"[16] Hey, Creeps • BLOWsutra Ego Gone She Wanna Know Psychedelic LoFi Jazz DUB",open,Yes,emma pebbles wickland,open,Emma pebbles Wickland,profile,7,36,162,2,0,2025-12-18,2025-12-18,2026-07-11,Mid-size Playlist
"[16] Hey, Creeps • BLOWsutra Ego Gone She Wanna Know Psychedelic LoFi Jazz DUB",open,Yes,&&*,open,9uzzy,profile,28,249,791,1,0,2025-12-06,2025-12-06,2026-07-11,Catalog Mirror (Superfan)
"[16] Hey, Creeps • BLOWsutra Ego Gone She Wanna Know Psychedelic LoFi Jazz DUB",open,Yes,Donn,open,Helio Correa,profile,4,37,133,1,0,2025-11-28,2026-02-03,2026-07-11,Mid-size Playlist
"[16] Hey, Creeps • BLOWsutra Ego Gone She Wanna Know Psychedelic LoFi Jazz DUB",open,Yes,😮‍💨🤌🏾,open,Sakai Kretz,profile,3,1,3,0,0,2025-11-27,2025-11-27,2026-07-11,Niche/Emerging Curator
"[10] Hey, Creeps • BLOWsutra Ego Gone Bamboozlers Indie CelLOFI",open,No,bananasutra,open,Fred Anderson,profile,1,445,1526,1,0,2026-07-08,2026-07-08,2026-07-11,Catalog Mirror (Superfan)
"[15] Hey, Creeps • BLOWsutra Ego Gone Psychedelic Hip Hop Storyteller LOFI",open,No,bananasutra,open,Fred Anderson,profile,1,445,1526,1,0,2026-07-08,2026-07-08,2026-07-11,Catalog Mirror (Superfan)
"[12] Hey, Creeps • BLOWsutra Ego Gone Loco Tzigane Fusion LOFI",open,Yes,bananasutra,open,Fred Anderson,profile,1,445,1526,1,0,2026-07-08,2026-07-08,2026-07-11,Catalog Mirror (Superfan)
"[12] Hey, Creeps • BLOWsutra Ego Gone Loco Tzigane Fusion LOFI",open,Yes,Bananasutra!,open,Angus,profile,54,452,1499,1,0,2026-04-08,2026-04-10,2026-07-11,Catalog Mirror (Superfan)
"[02] Hey, Creeps • BLOWsutra Ego Gone à la Psychedelic Gipsy Grouchy Cosmic Punk LOFI",open,Yes,bananasutra,open,Fred Anderson,profile,1,445,1526,1,0,2026-07-08,2026-07-08,2026-07-11,Catalog Mirror (Superfan)
"[14] Hey, Creeps • BLOWsutra Ego Gone Psychedelic Hip Hop Storyteller LOFI",open,No,bananasutra,open,Fred Anderson,profile,1,445,1526,1,0,2026-07-08,2026-07-08,2026-07-11,Catalog Mirror (Superfan)
"[04] Hey, Creeps • BLOWsutra Ego Gone à la Psychedelic Gipsy Grouchy Cosmic Punk LOFI",open,No,bananasutra,open,Fred Anderson,profile,1,445,1526,1,0,2026-07-08,2026-07-08,2026-07-11,Catalog Mirror (Superfan)
"[04] Hey, Creeps • BLOWsutra Ego Gone à la Psychedelic Gipsy Grouchy Cosmic Punk LOFI",open,No,Bananasutra!,open,Angus,profile,54,452,1499,1,0,2026-04-08,2026-04-10,2026-07-11,Catalog Mirror (Superfan)
"[01] Hey, Creeps • BLOWsutra Ego Gone à la Psychedelic Gipsy Bonobo Cosmic Punk LOFI",open,Yes,bananasutra,open,Fred Anderson,profile,1,445,1526,1,0,2026-07-08,2026-07-08,2026-07-11,Catalog Mirror (Superfan)
"[01] Hey, Creeps • BLOWsutra Ego Gone à la Psychedelic Gipsy Bonobo Cosmic Punk LOFI",open,Yes,CoolJazz,open,Martín Paulus,profile,2,23,127,0,0,2026-04-03,2026-07-04,2026-07-11,Niche/Emerging Curator (Repeat)
"[01] Hey, Creeps • BLOWsutra Ego Gone à la Psychedelic Gipsy Bonobo Cosmic Punk LOFI",open,Yes,Reggae,open,Nando,profile,0,36,195,0,0,2025-10-01,2026-06-05,2026-07-11,Mid-size Playlist
"[01] Hey, Creeps • BLOWsutra Ego Gone à la Psychedelic Gipsy Bonobo Cosmic Punk LOFI",open,Yes,lounge jazz house set,open,Simon Tibor,profile,3,376,9613,1,0,2025-03-05,2026-07-11,2026-07-11,Generic Dump (low signal)
"[01] Hey, Creeps • BLOWsutra Ego Gone à la Psychedelic Gipsy Bonobo Cosmic Punk LOFI",open,Yes,Bananasutra!,open,Angus,profile,54,452,1499,1,0,2026-04-08,2026-04-10,2026-07-11,Catalog Mirror (Superfan)
"[01] Hey, Creeps • BLOWsutra Ego Gone à la Psychedelic Gipsy Bonobo Cosmic Punk LOFI",open,Yes,новинчики,open,Astramaria Izuminka,profile,0,354,1319,0,0,2020-09-12,2026-06-20,2026-07-11,Generic Dump (low signal)
"[01] Hey, Creeps • BLOWsutra Ego Gone à la Psychedelic Gipsy Bonobo Cosmic Punk LOFI",open,Yes,Just Nouri,open,nouralotich,profile,1,59,178,0,0,2025-08-23,2026-07-02,2026-07-11,Mid-size Playlist
"[01] Hey, Creeps • BLOWsutra Ego Gone à la Psychedelic Gipsy Bonobo Cosmic Punk LOFI",open,Yes,mix temazos,open,T.K. 13,profile,29,186,742,2,0,2023-08-10,2026-07-01,2026-07-11,Mid-size Playlist
"[01] Hey, Creeps • BLOWsutra Ego Gone à la Psychedelic Gipsy Bonobo Cosmic Punk LOFI",open,Yes,Dragh:)🌿🪐👽,open,____d0yle,profile,0,5,26,0,0,2025-10-29,2025-12-12,2026-07-11,Niche/Emerging Curator
"[09] Hey, Creeps • BLOWsutra Ego Gone Bamboozlers Indie CelLOFI",open,No,bananasutra,open,Fred Anderson,profile,1,445,1526,1,0,2026-07-08,2026-07-08,2026-07-11,Catalog Mirror (Superfan)
"[07] Hey, Creeps • BLOWsutra Ego Gone Bamboozlers Indie CelLOFI",open,No,bananasutra,open,Fred Anderson,profile,1,445,1526,1,0,2026-07-08,2026-07-08,2026-07-11,Catalog Mirror (Superfan)
"[08] Hey, Creeps • BLOWsutra Ego Gone Bamboozlers Indie CelLOFI",open,No,bananasutra,open,Fred Anderson,profile,1,445,1526,1,0,2026-07-08,2026-07-08,2026-07-11,Catalog Mirror (Superfan)
"[06] Hey, Creeps • BLOWsutra Ego Gone Bamboozlers Indie CelLOFI",open,No,bananasutra,open,Fred Anderson,profile,1,445,1526,1,0,2026-07-08,2026-07-08,2026-07-11,Catalog Mirror (Superfan)
"[06] Hey, Creeps • BLOWsutra Ego Gone Bamboozlers Indie CelLOFI",open,No,Me Feeling,open,วิภา อิ่มบัว,profile,0,13,49,0,0,2025-11-17,2026-07-07,2026-07-11,Niche/Emerging Curator
"[05] Hey, Creeps • BLOWsutra Ego Gone Bamboozlers Indie CelLOFI",open,Yes,bananasutra,open,Fred Anderson,profile,1,445,1526,1,0,2026-07-08,2026-07-08,2026-07-11,Catalog Mirror (Superfan)
"[13] Hey, Creeps • BLOWsutra Ego Gone Psychedelic Hip Hop Storyteller LOFI",open,Yes,bananasutra,open,Fred Anderson,profile,1,445,1526,1,0,2026-07-08,2026-07-08,2026-07-11,Catalog Mirror (Superfan)
"[13] Hey, Creeps • BLOWsutra Ego Gone Psychedelic Hip Hop Storyteller LOFI",open,Yes,Bananasutra!,open,Angus,profile,54,452,1499,1,0,2026-04-08,2026-04-10,2026-07-11,Catalog Mirror (Superfan)
"[13] Hey, Creeps • BLOWsutra Ego Gone Psychedelic Hip Hop Storyteller LOFI",open,Yes,🤞🏻,open,liza,profile,1,37,134,0,0,2025-11-30,2026-03-02,2026-07-11,Mid-size Playlist
[07] Shady Fools (Oh can’t you see?) • BLOWsutra Arabesk Fado Hip Hop LOFI,open,No,Bananasutra!,open,Angus,profile,54,452,1499,1,0,2026-04-08,2026-04-10,2026-07-11,Catalog Mirror (Superfan)
[06] Shady Fools (Oh Can’t You See?) • BLOWsutra Arabesk Fado Hip Hop LOFI,open,Yes,Bananasutra!,open,Angus,profile,54,452,1499,1,0,2026-04-08,2026-04-10,2026-07-11,Catalog Mirror (Superfan)
[06] Shady Fools (Oh Can’t You See?) • BLOWsutra Arabesk Fado Hip Hop LOFI,open,Yes,Harmonica Play alongs,open,Honey Matrix,profile,24,60,350,1,0,2025-05-26,2026-05-10,2026-07-11,Mid-size Playlist
[02] Shady Fools (Oh Can’t You See?) • BLOWsutra Psychedelic Folk Rock BURLESQUE,open,No,bananasutra,open,Fred Anderson,profile,1,445,1526,1,0,2026-07-08,2026-07-08,2026-07-11,Catalog Mirror (Superfan)
[08] Shady Fools (Oh Can’t You See?) • BLOWsutra psyGipsy Tango Dub INDIE,open,No,bananasutra,open,Fred Anderson,profile,1,445,1526,1,0,2026-07-08,2026-07-08,2026-07-11,Catalog Mirror (Superfan)
[08] Shady Fools (Oh Can’t You See?) • BLOWsutra psyGipsy Tango Dub INDIE,open,No,Bananasutra!,open,Angus,profile,54,452,1499,1,0,2026-04-08,2026-04-10,2026-07-11,Catalog Mirror (Superfan)
[03] Shady  Fools (Oh Can’t You See?) • BLOWsutra BURLESQUE,open,No,bananasutra,open,Fred Anderson,profile,1,445,1526,1,0,2026-07-08,2026-07-08,2026-07-11,Catalog Mirror (Superfan)
[01] Shady Fools (Oh Can’t You See?) • BLOWsutra Indie Burlesque ROCK,open,No,bananasutra,open,Fred Anderson,profile,1,445,1526,1,0,2026-07-08,2026-07-08,2026-07-11,Catalog Mirror (Superfan)
[01] Shady Fools (Oh Can’t You See?) • BLOWsutra Indie Burlesque ROCK,open,No,Untitled Playlist,open,gixxer,profile,14,3,10,0,0,2025-12-18,2025-12-20,2026-07-11,Niche/Emerging Curator
[04] Shady Fools (Oh Can’t You See?) • BLOWsutra Arabesk Fado Hip Hop LOFI,open,No,bananasutra,open,Fred Anderson,profile,1,445,1526,1,0,2026-07-08,2026-07-08,2026-07-11,Catalog Mirror (Superfan)
[04] Shady Fools (Oh Can’t You See?) • BLOWsutra Arabesk Fado Hip Hop LOFI,open,No,Bananasutra!,open,Angus,profile,54,452,1499,1,0,2026-04-08,2026-04-10,2026-07-11,Catalog Mirror (Superfan)
[05] Shady Fools (Oh Can’t You See?) • BLOWsutra Arabesk Fado Hip Hop LOFI,open,No,bananasutra,open,Fred Anderson,profile,1,445,1526,1,0,2026-07-08,2026-07-08,2026-07-11,Catalog Mirror (Superfan)
[BONUS] Shady Fools (I lived and learned) • BLOWsutra Oh Boy Psychedelic Waltz BURLESQUE,open,No,bananasutra,open,Fred Anderson,profile,1,445,1526,1,0,2026-07-08,2026-07-08,2026-07-11,Catalog Mirror (Superfan)
[03] What It's About • Vol. 02 • BLOWsutra Revolution Ring Piano Jazz BURLESQUE,open,Yes,bananasutra,open,Fred Anderson,profile,1,445,1526,1,0,2026-07-08,2026-07-08,2026-07-11,Catalog Mirror (Superfan)
[03] What It's About • Vol. 02 • BLOWsutra Revolution Ring Piano Jazz BURLESQUE,open,Yes,Bananasutra!,open,Angus,profile,54,452,1499,1,0,2026-04-08,2026-04-10,2026-07-11,Catalog Mirror (Superfan)
[03] What It's About • Vol. 02 • BLOWsutra Revolution Ring Piano Jazz BURLESQUE,open,Yes,Cartoon remix',open,aweelexi,profile,3,455,1570,6,0,2017-03-16,2026-02-26,2026-07-11,Generic Dump (low signal)
[03] What It's About • Vol. 02 • BLOWsutra Revolution Ring Piano Jazz BURLESQUE,open,Yes,I,open,dreywey,profile,8,12,48,0,0,2025-12-06,2026-05-05,2026-07-11,Niche/Emerging Curator
[06] What It's About • Vol. 02 • BLOWsutra Revolution Ring Psychedelic Banjo Trip Hop Blues JAZZ,open,No,bananasutra,open,Fred Anderson,profile,1,445,1526,1,0,2026-07-08,2026-07-08,2026-07-11,Catalog Mirror (Superfan)
[04] What It's About • Vol. 02 • BLOWsutra Revolution Ring Psychedelic Piano Trip Hop Blues JAZZ,open,Yes,bananasutra,open,Fred Anderson,profile,1,445,1526,1,0,2026-07-08,2026-07-08,2026-07-11,Catalog Mirror (Superfan)
[04] What It's About • Vol. 02 • BLOWsutra Revolution Ring Psychedelic Piano Trip Hop Blues JAZZ,open,Yes,Bananasutra!,open,Angus,profile,54,452,1499,1,0,2026-04-08,2026-04-10,2026-07-11,Catalog Mirror (Superfan)
[04] What It's About • Vol. 02 • BLOWsutra Revolution Ring Psychedelic Piano Trip Hop Blues JAZZ,open,Yes,Trip-Hop,open,Karlbundance,profile,12,78,354,0,0,2026-02-14,2026-02-14,2026-07-11,Mid-size Playlist
[04] What It's About • Vol. 02 • BLOWsutra Revolution Ring Psychedelic Piano Trip Hop Blues JAZZ,open,Yes,after🍵,open,Betomad °|•,profile,20,71,856,0,0,2024-12-31,2026-07-04,2026-07-11,Mid-size Playlist (Repeat)
[04] What It's About • Vol. 02 • BLOWsutra Revolution Ring Psychedelic Piano Trip Hop Blues JAZZ,open,Yes,Blues,open,Koby Junior,profile,0,13,53,0,0,2025-12-03,2025-12-04,2026-07-11,Niche/Emerging Curator (Repeat)
[04] What It's About • Vol. 02 • BLOWsutra Revolution Ring Psychedelic Piano Trip Hop Blues JAZZ,open,Yes,JapanJazz,open,Koby Junior,profile,0,7,38,0,0,2025-12-03,2025-12-03,2026-07-11,Niche/Emerging Curator (Repeat)
[04] What It's About • Vol. 02 • BLOWsutra Revolution Ring Psychedelic Piano Trip Hop Blues JAZZ,open,Yes,Panino Di Marco,open,Nazanin_vagidi_1995,profile,0,14,43,0,0,2025-08-31,2026-01-15,2026-07-11,Niche/Emerging Curator
[04] What It's About • Vol. 02 • BLOWsutra Revolution Ring Psychedelic Piano Trip Hop Blues JAZZ,open,Yes,r&b vibe,open,Therealanigne,profile,0,11,41,0,0,2025-11-11,2026-01-06,2026-07-11,Niche/Emerging Curator
[04] What It's About • Vol. 02 • BLOWsutra Revolution Ring Psychedelic Piano Trip Hop Blues JAZZ,open,Yes,Chill Tracks to Space Out to,open,Yamez Sokolov,profile,56,175,791,3,1,2018-05-09,2025-11-21,2026-07-11,Mid-size Playlist
[01] What It's About • Vol. 02 • BLOWsutra Revolution Ring Piano Jazz BURLESQUE,open,Yes,bananasutra,open,Fred Anderson,profile,1,445,1526,1,0,2026-07-08,2026-07-08,2026-07-11,Catalog Mirror (Superfan)
[01] What It's About • Vol. 02 • BLOWsutra Revolution Ring Piano Jazz BURLESQUE,open,Yes,Copy of Your Mix 9,open,Rza Pnhpori,profile,1,30,127,0,0,2026-06-11,2026-06-11,2026-07-11,Niche/Emerging Curator
[01] What It's About • Vol. 02 • BLOWsutra Revolution Ring Piano Jazz BURLESQUE,open,Yes,Bananasutra!,open,Angus,profile,54,452,1499,1,0,2026-04-08,2026-04-10,2026-07-11,Catalog Mirror (Superfan)
[01] What It's About • Vol. 02 • BLOWsutra Revolution Ring Piano Jazz BURLESQUE,open,Yes,Space Is Secrete Ground,open,Irish,profile,10,22,86,0,0,2026-01-01,2026-01-01,2026-07-11,Niche/Emerging Curator
[01] What It's About • Vol. 02 • BLOWsutra Revolution Ring Piano Jazz BURLESQUE,open,Yes,jazz ride,open,A+ Videos,profile,21,242,3030,1,0,2022-08-19,2026-05-04,2026-07-11,Generic Dump (low signal)
[01] What It's About • Vol. 02 • BLOWsutra Revolution Ring Piano Jazz BURLESQUE,open,Yes,AG3 Design,open,A+ Videos,profile,21,220,884,2,0,2024-03-12,2026-05-04,2026-07-11,Generic Dump (low signal)
[01] What It's About • Vol. 02 • BLOWsutra Revolution Ring Piano Jazz BURLESQUE,open,Yes,music,open,Yasaminbeautyroom,profile,1,83,491,0,0,2025-10-26,2026-02-18,2026-07-11,Mid-size Playlist
[01] What It's About • Vol. 02 • BLOWsutra Revolution Ring Piano Jazz BURLESQUE,open,Yes,JAZZ COFFE FITGERALD,open,images message,profile,1,18,191,0,0,2025-11-27,2026-02-28,2026-07-11,Niche/Emerging Curator
[01] What It's About • Vol. 02 • BLOWsutra Revolution Ring Piano Jazz BURLESQUE,open,Yes,Cartoon remix',open,aweelexi,profile,3,455,1570,6,0,2017-03-16,2026-02-26,2026-07-11,Generic Dump (low signal)
[02] What It's About • Vol. 02 • BLOWsutra Revolution Ring Piano Jazz BURLESQUE,open,No,bananasutra,open,Fred Anderson,profile,1,445,1526,1,0,2026-07-08,2026-07-08,2026-07-11,Catalog Mirror (Superfan)
[05] What It's About • Vol. 02 • BLOWsutra Revolution Ring Psychedelic BANJO Trip Hop Blues JAZZ,open,Yes,bananasutra,open,Fred Anderson,profile,1,445,1526,1,0,2026-07-08,2026-07-08,2026-07-11,Catalog Mirror (Superfan)
[05] What It's About • Vol. 02 • BLOWsutra Revolution Ring Psychedelic BANJO Trip Hop Blues JAZZ,open,Yes,Bananasutra!,open,Angus,profile,54,452,1499,1,0,2026-04-08,2026-04-10,2026-07-11,Catalog Mirror (Superfan)
[05] What It's About • Vol. 02 • BLOWsutra Revolution Ring Psychedelic BANJO Trip Hop Blues JAZZ,open,Yes,🍃,open,Betomad °|•,profile,20,84,1975,0,0,2024-12-23,2026-06-24,2026-07-11,Mid-size Playlist (Repeat)
[03] All I know - Shades of Fools • KNOWsutra Piano Jazz BURLESQUE,open,No,Heartbroken 🕸️🪦⚰️☠️,open,Empty Soul,profile,12,490,1663,5,0,2025-10-30,2026-04-11,2026-07-11,Generic Dump (low signal)
[05] All I Know - Shades of Fools • KNOWsutra Destiny BLUES,open,Yes,No se x3,open,The0xm,profile,0,291,1046,0,0,2025-11-18,2025-12-06,2026-07-11,Generic Dump (low signal)
[05] All I Know - Shades of Fools • KNOWsutra Destiny BLUES,open,Yes,The Buzzin Music,open,Ariyah.woods23,profile,0,190,711,1,0,2025-05-30,2026-04-24,2026-07-11,Mid-size Playlist
[02] All I Know - Shades of Fools • KNOWsutra Accordion Chanson Jazz BURLESQUE,open,No,Panino Di Marco,open,Nazanin_vagidi_1995,profile,0,14,43,0,0,2025-08-31,2026-01-15,2026-07-11,Niche/Emerging Curator
Side A [03] EP Bertrand - The Unhappiness Dance - GROWsutra Jazzy Indie FOLK,open,Yes,Bananasutra!,open,Angus,profile,54,452,1499,1,0,2026-04-08,2026-04-10,2026-07-11,Catalog Mirror (Superfan)
Side A [03] EP Bertrand - The Unhappiness Dance - GROWsutra Jazzy Indie FOLK,open,Yes,Lounge Inn 🏝️,open,Angus,profile,54,62,266,0,0,2025-11-10,2026-04-08,2026-07-11,Mid-size Playlist (Repeat)
Side B [04] EP Bertrand - The Conquest of Happiness - GROWsutra Indie Folk JAZZ,open,Yes,Bananasutra!,open,Angus,profile,54,452,1499,1,0,2026-04-08,2026-04-10,2026-07-11,Catalog Mirror (Superfan)
Side B [05] EP Bertrand - The Conquest of Happiness - GROWsutra Sweet Waltz BURLESQUE,open,Yes,🌱,open,pouria3,profile,14,500,2673,0,0,2023-04-22,2026-07-07,2026-07-11,Generic Dump (low signal)
Side B [05] EP Bertrand - The Conquest of Happiness - GROWsutra Sweet Waltz BURLESQUE,open,Yes,Foreign,open,Amirreza,profile,0,9,39,0,0,2025-11-02,2025-12-16,2026-07-11,Niche/Emerging Curator
Side A [01] EP Bertrand - The Unhappiness Dance - GROWsutra Jazzy BURLESQUE,open,Yes,Bananasutra!,open,Angus,profile,54,452,1499,1,0,2026-04-08,2026-04-10,2026-07-11,Catalog Mirror (Superfan)
Side A [01] EP Bertrand - The Unhappiness Dance - GROWsutra Jazzy BURLESQUE,open,Yes,🪻🍂🧞🪾,open,herodiasdaughter,profile,1,69,273,0,0,2025-11-09,2026-07-09,2026-07-11,Mid-size Playlist (Repeat)
Side A [05] EP Bertrand - The Unhappiness Dance - GROWsutra Indie JAZZ,open,Yes,Bananasutra,open,Lincoln Scott,profile,0,82,270,2,0,2026-05-21,2026-05-27,2026-07-11,Mid-size Playlist (Repeat)
Side A [05] EP Bertrand - The Unhappiness Dance - GROWsutra Indie JAZZ,open,Yes,Bananasutra!,open,Angus,profile,54,452,1499,1,0,2026-04-08,2026-04-10,2026-07-11,Catalog Mirror (Superfan)
Side B [01] EP Bertrand - The Conquest of Happiness - GROWsutra Lullaby Indie MANTRA,open,No,🌱,open,pouria3,profile,14,500,2673,0,0,2023-04-22,2026-07-07,2026-07-11,Generic Dump (low signal)
Side B [03] EP Bertrand - The Conquest of Happiness - GROWsutra Jazzy FOLK,open,No,chill,open,Myrrhash,profile,65,118,490,3,0,2018-12-21,2025-12-26,2026-07-11,Mid-size Playlist
[10] We Live Not By Lies - GROWsutra Post-Punk Rock Bar Girl BURLESQUE,open,Yes,Bananasutra,open,Lincoln Scott,profile,0,82,270,2,0,2026-05-21,2026-05-27,2026-07-11,Mid-size Playlist (Repeat)
[02] We Live Not By Lies - GROWsutra Pyschedelic Cello Dream Dub INDIE,open,Yes,Bananasutra!,open,Angus,profile,54,452,1499,1,0,2026-04-08,2026-04-10,2026-07-11,Catalog Mirror (Superfan)
[09] We Live Not By Lies - GROWsutra Tzigane Arabesk Fusion Indie LOFI,open,No,Bananasutra!,open,Angus,profile,54,452,1499,1,0,2026-04-08,2026-04-10,2026-07-11,Catalog Mirror (Superfan)
[03] We Live Not By Lies - GROWsutra Psychedelic Piano Cello INDIE,open,Yes,Your Mix 7,open,Женя Кравченко,profile,0,30,114,0,0,2026-04-30,2026-04-30,2026-07-11,Niche/Emerging Curator (Repeat)
[03] We Live Not By Lies - GROWsutra Psychedelic Piano Cello INDIE,open,Yes,preferiti,open,Miroslav Skoglio,profile,0,110,463,0,0,2025-08-06,2026-06-26,2026-07-11,Mid-size Playlist
[03] We Live Not By Lies - GROWsutra Psychedelic Piano Cello INDIE,open,Yes,Untitled Playlist,open,Jhh,profile,0,4,14,0,0,2025-12-10,2025-12-10,2026-07-11,Niche/Emerging Curator (Repeat)
[07] We Live Not By Lies - GROWsutra Tzigane Arabesk Fusion Indie LOFI,open,Yes,🦋🪈🍃,open,n0tshack,profile,6,145,410,0,0,2025-08-03,2026-07-05,2026-07-11,Mid-size Playlist (Repeat)
[07] We Live Not By Lies - GROWsutra Tzigane Arabesk Fusion Indie LOFI,open,Yes,titl;list,open,ezeermoon,profile,1,356,851,0,0,2025-06-18,2026-07-07,2026-07-11,Generic Dump (low signal)
[07] We Live Not By Lies - GROWsutra Tzigane Arabesk Fusion Indie LOFI,open,Yes,Live Not By Lies,open,advise,profile,145,1,3,0,0,2025-11-28,2025-11-28,2026-07-11,Priority Curator
[07] We Live Not By Lies - GROWsutra Tzigane Arabesk Fusion Indie LOFI,open,Yes,Jin🤘🏽,open,n0tshack,profile,6,48,114,0,0,2025-08-20,2026-03-30,2026-07-11,Mid-size Playlist (Repeat)
[07] We Live Not By Lies - GROWsutra Tzigane Arabesk Fusion Indie LOFI,open,Yes,Untitled Playlist,open,Alina Faisal,profile,1,22,154,0,0,2025-08-20,2026-07-01,2026-07-11,Niche/Emerging Curator
[07] We Live Not By Lies - GROWsutra Tzigane Arabesk Fusion Indie LOFI,open,Yes,Vibe🌸,open,Ehsan.shadman.2017,profile,0,222,899,0,0,2025-11-05,2026-02-21,2026-07-11,Generic Dump (low signal)
[01] We Live Not By Lies - GROWsutra Gipsy Poetry DUB,open,Yes,lounge jazz house set,open,Simon Tibor,profile,3,376,9613,1,0,2025-03-05,2026-07-11,2026-07-11,Generic Dump (low signal)
[01] We Live Not By Lies - GROWsutra Gipsy Poetry DUB,open,Yes,Bananasutra!,open,Angus,profile,54,452,1499,1,0,2026-04-08,2026-04-10,2026-07-11,Catalog Mirror (Superfan)
[01] We Live Not By Lies - GROWsutra Gipsy Poetry DUB,open,Yes,October,open,Stefan Schlechta,profile,4,35,157,0,0,2025-10-23,2026-07-11,2026-07-11,Mid-size Playlist
[01] We Live Not By Lies - GROWsutra Gipsy Poetry DUB,open,Yes,fye 🥵,open,Adrian,profile,0,469,1267,1,0,2025-08-20,2026-04-19,2026-07-11,Generic Dump (low signal)
[01] We Live Not By Lies - GROWsutra Gipsy Poetry DUB,open,Yes,Soul Food,open,Ria,profile,21,41,166,0,0,2025-07-27,2026-02-15,2026-07-11,Mid-size Playlist
[01] We Live Not By Lies - GROWsutra Gipsy Poetry DUB,open,Yes,Smooth,open,Tlendi,profile,1,63,216,0,0,2025-12-02,2026-02-23,2026-07-11,Mid-size Playlist
[01] We Live Not By Lies - GROWsutra Gipsy Poetry DUB,open,Yes,Hephaisto1,open,Mitucami Mituca,profile,12,170,852,0,0,2025-11-29,2026-02-04,2026-07-11,Mid-size Playlist
[01] We Live Not By Lies - GROWsutra Gipsy Poetry DUB,open,Yes,My luv sung,open,Erein Pedro,profile,0,2,6,0,0,2025-12-19,2025-12-19,2026-07-11,Niche/Emerging Curator
[01] We Live Not By Lies - GROWsutra Gipsy Poetry DUB,open,Yes,&&*,open,9uzzy,profile,28,249,791,1,0,2025-12-06,2025-12-06,2026-07-11,Catalog Mirror (Superfan)
[01] We Live Not By Lies - GROWsutra Gipsy Poetry DUB,open,Yes,Foreign,open,Amirreza,profile,0,9,39,0,0,2025-11-02,2025-12-16,2026-07-11,Niche/Emerging Curator
[01] We Live Not By Lies - GROWsutra Gipsy Poetry DUB,open,Yes,RaiNy dAyz!,open,Angus,profile,54,62,243,0,0,2025-11-11,2026-04-08,2026-07-11,Mid-size Playlist (Repeat)
[08] We Live Not By Lies - GROWsutra Tzigane Arabesk Fusion Indie LOFI,open,No,Bananasutra!,open,Angus,profile,54,452,1499,1,0,2026-04-08,2026-04-10,2026-07-11,Catalog Mirror (Superfan)
[08] We Live Not By Lies - GROWsutra Tzigane Arabesk Fusion Indie LOFI,open,No,Lounge Inn 🏝️,open,Angus,profile,54,62,266,0,0,2025-11-10,2026-04-08,2026-07-11,Mid-size Playlist (Repeat)
[08] We Live Not By Lies - GROWsutra Tzigane Arabesk Fusion Indie LOFI,open,No,RaiNy dAyz!,open,Angus,profile,54,62,243,0,0,2025-11-11,2026-04-08,2026-07-11,Mid-size Playlist (Repeat)
[04] We Live Not By Lies - GROWsutra Psychedelic Piano Cello INDIE,open,Yes,preferiti,open,Miroslav Skoglio,profile,0,110,463,0,0,2025-08-06,2026-06-26,2026-07-11,Mid-size Playlist
[04] We Live Not By Lies - GROWsutra Psychedelic Piano Cello INDIE,open,Yes,coudi miusic,open,mahmud mhoseyni,profile,1,482,1837,0,0,2025-11-17,2026-06-07,2026-07-11,Generic Dump (low signal)
[05] We Live Not By Lies - GROWsutra Tzigane Arabesk Fusion Indie LOFI,open,No,Bananasutra!,open,Angus,profile,54,452,1499,1,0,2026-04-08,2026-04-10,2026-07-11,Catalog Mirror (Superfan)
[05] We Live Not By Lies - GROWsutra Tzigane Arabesk Fusion Indie LOFI,open,No,Donn,open,Helio Correa,profile,4,37,133,1,0,2025-11-28,2026-02-03,2026-07-11,Mid-size Playlist
[05] We Live Not By Lies - GROWsutra Tzigane Arabesk Fusion Indie LOFI,open,No,GenteL RaiN,open,Angus,profile,54,97,405,0,0,2025-11-12,2026-05-11,2026-07-11,Mid-size Playlist (Repeat)
[11] We Live Not By Lies - GROWsutra IBYN Post-Punk BURLESQUE ROCK,open,Yes,☄️,open,User 137281399,profile,2,8,25,0,0,2025-10-13,2026-07-03,2026-07-11,Niche/Emerging Curator
[06] We Live Not By Lies - GROWsutra Tzigane Arabesk Fusion Indie LOFI,open,No,Bananasutra!,open,Angus,profile,54,452,1499,1,0,2026-04-08,2026-04-10,2026-07-11,Catalog Mirror (Superfan)
[06] We Live Not By Lies - GROWsutra Tzigane Arabesk Fusion Indie LOFI,open,No,Lounge Inn 🏝️,open,Angus,profile,54,62,266,0,0,2025-11-10,2026-04-08,2026-07-11,Mid-size Playlist (Repeat)
[06] We Live Not By Lies - GROWsutra Tzigane Arabesk Fusion Indie LOFI,open,No,BiG AL🙏,open,Angus,profile,54,121,497,0,0,2025-07-29,2026-05-11,2026-07-11,Mid-size Playlist (Repeat)
[06] We Live Not By Lies - GROWsutra Tzigane Arabesk Fusion Indie LOFI,open,No,RaiNy dAyz!,open,Angus,profile,54,62,243,0,0,2025-11-11,2026-04-08,2026-07-11,Mid-size Playlist (Repeat)
[06] We Live Not By Lies - GROWsutra Tzigane Arabesk Fusion Indie LOFI,open,No,GenteL RaiN,open,Angus,profile,54,97,405,0,0,2025-11-12,2026-05-11,2026-07-11,Mid-size Playlist (Repeat)
[06] MASA (Make America Safe Again) • QUACKsutra Psychedelic BANJO BLUES,open,Yes,Chillaxation³ 🫠,open,M4XER,profile,12,486,1700,1,0,2025-07-14,2026-02-12,2026-07-11,Generic Dump (low signal)
[BONUS] MASA • Make Amurica Safe (and Smart) Again • Education rhymes with Chanson • BLOWsutra French Accordion BURLESQUE,open,No,bananasutra,open,Fred Anderson,profile,1,445,1526,1,0,2026-07-08,2026-07-08,2026-07-11,Catalog Mirror (Superfan)
[03] MASA (Make America Safe Again) • QUACKsutra Psychedelic DUB BANJO,open,No,Bananasutra!,open,Angus,profile,54,452,1499,1,0,2026-04-08,2026-04-10,2026-07-11,Catalog Mirror (Superfan)
[07] MASA (Make America Safe Again) • QUACKsutra Psychedelic BANJO BLUES,open,Yes,New private playlist,open,Lenok,profile,18,460,4165,0,0,2015-04-10,2026-06-23,2026-07-11,Generic Dump (low signal)
[07] MASA (Make America Safe Again) • QUACKsutra Psychedelic BANJO BLUES,open,Yes,Movement,open,Lenok,profile,18,500,4584,0,0,2015-04-16,2026-07-05,2026-07-11,Generic Dump (low signal)
[07] MASA (Make America Safe Again) • QUACKsutra Psychedelic BANJO BLUES,open,Yes,Like it,open,Lenok,profile,18,274,2011,0,0,2018-02-09,2026-06-29,2026-07-11,Generic Dump (low signal)
[09] MASA (Make America Safe Again) • QUACKsutra Psychedelic Harmonica Country BANJO,open,No,Bananasutra!,open,Angus,profile,54,452,1499,1,0,2026-04-08,2026-04-10,2026-07-11,Catalog Mirror (Superfan)
[01] MASA (Make America Safe Again) • QUACKsutra Psychedelic DUB BANJO,open,Yes,Bananasutra!,open,Angus,profile,54,452,1499,1,0,2026-04-08,2026-04-10,2026-07-11,Catalog Mirror (Superfan)
[01] MASA (Make America Safe Again) • QUACKsutra Psychedelic DUB BANJO,open,Yes,RaiNy dAyz!,open,Angus,profile,54,62,243,0,0,2025-11-11,2026-04-08,2026-07-11,Mid-size Playlist (Repeat)
[01] MASA (Make America Safe Again) • QUACKsutra Psychedelic DUB BANJO,open,Yes,GenteL RaiN,open,Angus,profile,54,97,405,0,0,2025-11-12,2026-05-11,2026-07-11,Mid-size Playlist (Repeat)
[01] MASA (Make America Safe Again) • QUACKsutra Psychedelic DUB BANJO,open,Yes,xxx,open,Ayşe 🐺,profile,0,1,3,0,0,2025-11-12,2025-11-12,2026-07-11,Niche/Emerging Curator
[07] Secret de Polichinelle - French KNOWsutra Keep It Real Psychedelic Gipsy Circus Piano BURLESQUE,open,Yes,Burlesque,open,NouvelleDanse.com,profile,12,23,117,1,0,2026-01-22,2026-06-18,2026-07-11,Niche/Emerging Curator
[02] Secret de Polichinelle - French KNOWsutra Keep It Real Psychedelic Gipsy Circus Accordion BURLESQUE,open,No,french music,open,ichanpomsyda03,profile,1,75,236,0,0,2026-07-01,2026-07-01,2026-07-11,Mid-size Playlist
[01] Secret de Polichinelle - French KNOWsutra Keep It Real Psychedelic Gipsy Circus Accordion BURLESQUE,open,Yes,french music,open,ichanpomsyda03,profile,1,75,236,0,0,2026-07-01,2026-07-01,2026-07-11,Mid-size Playlist
[01] Secret de Polichinelle - French KNOWsutra Keep It Real Psychedelic Gipsy Circus Accordion BURLESQUE,open,Yes,Bananasutra,open,Lincoln Scott,profile,0,82,270,2,0,2026-05-21,2026-05-27,2026-07-11,Mid-size Playlist (Repeat)
[01] Secret de Polichinelle - French KNOWsutra Keep It Real Psychedelic Gipsy Circus Accordion BURLESQUE,open,Yes,Bananasutra!,open,Angus,profile,54,452,1499,1,0,2026-04-08,2026-04-10,2026-07-11,Catalog Mirror (Superfan)
[01] Secret de Polichinelle - French KNOWsutra Keep It Real Psychedelic Gipsy Circus Accordion BURLESQUE,open,Yes,France,open,pouria3,profile,14,15,66,0,0,2024-08-25,2026-06-08,2026-07-11,Niche/Emerging Curator (Repeat)
[01] Secret de Polichinelle - French KNOWsutra Keep It Real Psychedelic Gipsy Circus Accordion BURLESQUE,open,Yes,Lounge Inn 🏝️,open,Angus,profile,54,62,266,0,0,2025-11-10,2026-04-08,2026-07-11,Mid-size Playlist (Repeat)
[03] Secret de Polichinelle - French KNOWsutra Keep It Real Psychedelic Gipsy Circus Bass Cello BURLESQUE,open,No,Varie,open,Lobsangrampa,profile,1,39,144,0,0,2025-07-12,2026-05-21,2026-07-11,Mid-size Playlist
[06] Secret de Polichinelle - French KNOWsutra Keep It Real Psychedelic Gipsy Circus Indie Chanson BURLESQUE,open,Yes,Bananasutra!,open,Angus,profile,54,452,1499,1,0,2026-04-08,2026-04-10,2026-07-11,Catalog Mirror (Superfan)
[06] Secret de Polichinelle - French KNOWsutra Keep It Real Psychedelic Gipsy Circus Indie Chanson BURLESQUE,open,Yes,Unique,open,Hamed Habibi Khoshmehr,profile,1,35,167,0,0,2024-12-19,2025-11-17,2026-07-11,Mid-size Playlist
[05] Secret de Polichinelle - French KNOWsutra Keep It Real Psychedelic Gipsy Circus Indie Chanson BURLESQUE,open,Yes,Bananasutra!,open,Angus,profile,54,452,1499,1,0,2026-04-08,2026-04-10,2026-07-11,Catalog Mirror (Superfan)
[05] Secret de Polichinelle - French KNOWsutra Keep It Real Psychedelic Gipsy Circus Indie Chanson BURLESQUE,open,Yes,NoEnglish,open,SoKi💋,profile,65,9,33,0,0,2025-10-31,2025-11-29,2026-07-11,Priority Curator
[05] Secret de Polichinelle - French KNOWsutra Keep It Real Psychedelic Gipsy Circus Indie Chanson BURLESQUE,open,Yes,France,open,pouria3,profile,14,15,66,0,0,2024-08-25,2026-06-08,2026-07-11,Niche/Emerging Curator (Repeat)
[05] Secret de Polichinelle - French KNOWsutra Keep It Real Psychedelic Gipsy Circus Indie Chanson BURLESQUE,open,Yes,Diff Languages,open,jadelkm,profile,2,28,78,0,0,2025-08-17,2026-06-18,2026-07-11,Niche/Emerging Curator
[05] Secret de Polichinelle - French KNOWsutra Keep It Real Psychedelic Gipsy Circus Indie Chanson BURLESQUE,open,Yes,Chilout,open,El negro,profile,2,37,3771,1,0,2021-06-25,2026-06-14,2026-07-11,Mid-size Playlist
[05] Trauma Begets Trauma • KNOWsutra Whimsical Gipsy Peace Kitten Dream Piano INDIE,open,No,Bananasutra!,open,Angus,profile,54,452,1499,1,0,2026-04-08,2026-04-10,2026-07-11,Catalog Mirror (Superfan)
[03] Trauma Begets Trauma • KNOWsutra Whimsical Gipsy Peace Kitten Dream Piano INDIE,open,Yes,Bananasutra!,open,Angus,profile,54,452,1499,1,0,2026-04-08,2026-04-10,2026-07-11,Catalog Mirror (Superfan)
[04] Trauma Begets Trauma • KNOWsutra Whimsical Gipsy Peace Kitten Dream Piano INDIE,open,Yes,cafe,open,shantia,profile,3,39,162,1,0,2025-11-01,2026-06-22,2026-07-11,Mid-size Playlist
[04] Trauma Begets Trauma • KNOWsutra Whimsical Gipsy Peace Kitten Dream Piano INDIE,open,Yes,Donn,open,Helio Correa,profile,4,37,133,1,0,2025-11-28,2026-02-03,2026-07-11,Mid-size Playlist
[01] Trauma Begets Trauma • KNOWsutra Whimsical Gipsy Peace Kitten Dream Piano INDIE,open,Yes,Roza playlist,open,Roza,profile,1,166,891,0,0,2021-06-14,2026-06-21,2026-07-11,Mid-size Playlist
[06] Peace Matters More - GROWsutra Gipsy Hop DUB,open,No,Bananasutra!,open,Angus,profile,54,452,1499,1,0,2026-04-08,2026-04-10,2026-07-11,Catalog Mirror (Superfan)
[06] Peace Matters More - GROWsutra Gipsy Hop DUB,open,No,&&*,open,9uzzy,profile,28,249,791,1,0,2025-12-06,2025-12-06,2026-07-11,Catalog Mirror (Superfan)
[05] Peace Matters More - GROWsutra Gipsy DUB JAZZ,open,Yes,lounge jazz house set,open,Simon Tibor,profile,3,376,9613,1,0,2025-03-05,2026-07-11,2026-07-11,Generic Dump (low signal)
[05] Peace Matters More - GROWsutra Gipsy DUB JAZZ,open,Yes,Bananasutra!,open,Angus,profile,54,452,1499,1,0,2026-04-08,2026-04-10,2026-07-11,Catalog Mirror (Superfan)
[05] Peace Matters More - GROWsutra Gipsy DUB JAZZ,open,Yes,Untitled Playlistmoi,open,Arnaud Riffis,profile,1,195,9880,0,0,2024-10-23,2026-06-27,2026-07-11,Mid-size Playlist
[05] Peace Matters More - GROWsutra Gipsy DUB JAZZ,open,Yes,Flow And Glow,open,Victoria S,profile,16,7,32,0,0,2026-02-02,2026-06-08,2026-07-11,Niche/Emerging Curator
[05] Peace Matters More - GROWsutra Gipsy DUB JAZZ,open,Yes,NO5,open,fugrock,profile,19,28,120,0,0,2026-01-16,2026-01-20,2026-07-11,Niche/Emerging Curator
[05] Peace Matters More - GROWsutra Gipsy DUB JAZZ,open,Yes,"Beatsexuell Reggea , Love Rythm Love",open,BeatSexuell,profile,2,72,362,0,0,2025-11-10,2026-06-15,2026-07-11,Mid-size Playlist
[05] Peace Matters More - GROWsutra Gipsy DUB JAZZ,open,Yes,Your likes from Spotify,open,EUAN,profile,147,491,2758,0,0,2025-11-22,2025-11-22,2026-07-11,Generic Dump (low signal)
[05] Peace Matters More - GROWsutra Gipsy DUB JAZZ,open,Yes,Compost Label Mates,open,Kat La Kat,profile,11049,169,1424,0,0,2025-11-15,2025-11-15,2026-07-11,Mid-size Playlist
[05] Peace Matters More - GROWsutra Gipsy DUB JAZZ,open,Yes,Neww Peace,open,Matrix,profile,102,2,7,0,0,2025-11-15,2026-04-12,2026-07-11,Priority Curator
[05] Peace Matters More - GROWsutra Gipsy DUB JAZZ,open,Yes,relaxed !,open,El_Romarin,profile,56,143,638,3,1,2014-10-31,2026-02-14,2026-07-11,Mid-size Playlist (Repeat)
[05] Peace Matters More - GROWsutra Gipsy DUB JAZZ,open,Yes,Folks' Folk,open,El_Romarin,profile,56,92,355,4,1,2015-04-13,2025-11-13,2026-07-11,Mid-size Playlist (Repeat)
[05] Peace Matters More - GROWsutra Gipsy DUB JAZZ,open,Yes,Musical_Travel,open,El_Romarin,profile,56,39,378,0,0,2017-09-12,2025-11-13,2026-07-11,Mid-size Playlist (Repeat)
[05] Peace Matters More - GROWsutra Gipsy DUB JAZZ,open,Yes,Jazz,open,Jean-file,profile,11,19,110,0,0,2019-05-05,2025-11-13,2026-07-11,Niche/Emerging Curator (Repeat)
[05] Peace Matters More - GROWsutra Gipsy DUB JAZZ,open,Yes,Fete,open,Jean-file,profile,11,19,426,0,0,2021-09-23,2025-12-23,2026-07-11,Niche/Emerging Curator (Repeat)
[05] Peace Matters More - GROWsutra Gipsy DUB JAZZ,open,Yes,Fr guinguette,open,Jean-file,profile,11,92,592,1,0,2024-01-06,2025-11-13,2026-07-11,Mid-size Playlist (Repeat)
[05] Peace Matters More - GROWsutra Gipsy DUB JAZZ,open,Yes,№2,open,Gato,profile,2,102,379,0,0,2024-12-23,2026-04-01,2026-07-11,Mid-size Playlist
[05] Peace Matters More - GROWsutra Gipsy DUB JAZZ,open,Yes,Rasta Regaee,open,sigg,profile,39,274,1077,35,0,2020-08-16,2026-07-06,2026-07-11,Generic Dump (low signal)
[05] Peace Matters More - GROWsutra Gipsy DUB JAZZ,open,Yes,reegae,open,Luiz Neto 6,profile,114,43,199,0,0,2021-06-10,2026-07-11,2026-07-11,Mid-size Playlist
[04] Peace Matters More - GROWsutra Gipsy Circus BURLESQUE,open,Yes,Varie,open,Lobsangrampa,profile,1,39,144,0,0,2025-07-12,2026-05-21,2026-07-11,Mid-size Playlist
[04] Peace Matters More - GROWsutra Gipsy Circus BURLESQUE,open,Yes,Tyc,open,Captain_Jayoon,profile,2,49,164,1,0,2025-12-13,2025-12-18,2026-07-11,Mid-size Playlist
[04] Peace Matters More - GROWsutra Gipsy Circus BURLESQUE,open,Yes,🎷,open,Roya.molayiii82,profile,0,13,47,0,0,2025-11-05,2026-06-28,2026-07-11,Niche/Emerging Curator
[04] Peace Matters More - GROWsutra Gipsy Circus BURLESQUE,open,Yes,❎,open,DUA,profile,1,286,2011,0,0,2025-11-21,2026-04-25,2026-07-11,Generic Dump (low signal)
[04] Peace Matters More - GROWsutra Gipsy Circus BURLESQUE,open,Yes,Sat,open,Mr9873923,profile,0,3,16,0,0,2025-11-12,2026-02-08,2026-07-11,Niche/Emerging Curator
[07] Peace Matters More - GROWsutra Gipsy Hop DUB,open,Yes,Bananasutra!,open,Angus,profile,54,452,1499,1,0,2026-04-08,2026-04-10,2026-07-11,Catalog Mirror (Superfan)
[07] Peace Matters More - GROWsutra Gipsy Hop DUB,open,Yes,&&*,open,9uzzy,profile,28,249,791,1,0,2025-12-06,2025-12-06,2026-07-11,Catalog Mirror (Superfan)
[07] Peace Matters More - GROWsutra Gipsy Hop DUB,open,Yes,Retro Mix,open,Dino De Laurentiis,profile,29,40,960,0,0,2025-09-09,2026-02-14,2026-07-11,Mid-size Playlist
[01] Peace Matters More - GROWsutra Gipsy psyCello INDIE,open,Yes,Vibes,open,Balwinder,profile,0,19,68,0,0,2025-11-13,2026-02-23,2026-07-11,Niche/Emerging Curator
[02] Peace Matters More - GROWsutra Gipsy Burlesque INDIE,open,Yes,lounge jazz house set,open,Simon Tibor,profile,3,376,9613,1,0,2025-03-05,2026-07-11,2026-07-11,Generic Dump (low signal)
[02] Peace Matters More - GROWsutra Gipsy Burlesque INDIE,open,Yes,Naked Mujer,open,R. John Whalen,profile,101,24,153,1,0,2025-11-20,2026-05-18,2026-07-11,Priority Curator (Repeat)
[02] Peace Matters More - GROWsutra Gipsy Burlesque INDIE,open,Yes,Queen shit,open,R. John Whalen,profile,101,26,157,1,0,2025-11-21,2026-05-19,2026-07-11,Priority Curator (Repeat)
[02] Peace Matters More - GROWsutra Gipsy Burlesque INDIE,open,Yes,life,open,Salsabeel Atwan,profile,4,198,2478,0,0,2017-08-25,2026-01-27,2026-07-11,Mid-size Playlist
[02] Peace Matters More - GROWsutra Gipsy Burlesque INDIE,open,Yes,Chill,open,AvaShir,profile,47,25,351,1,0,2019-09-29,2025-11-08,2026-07-11,Niche/Emerging Curator
Side A [02] Secondhand Smoke • BLOWsutra Ego Gone Loco Gipsy Indie Trip Hop LOFI,open,No,bananasutra,open,Fred Anderson,profile,1,445,1526,1,0,2026-07-08,2026-07-08,2026-07-11,Catalog Mirror (Superfan)
Side A [02] Secondhand Smoke • BLOWsutra Ego Gone Loco Gipsy Indie Trip Hop LOFI,open,No,Bananasutra!,open,Angus,profile,54,452,1499,1,0,2026-04-08,2026-04-10,2026-07-11,Catalog Mirror (Superfan)
Side A [02] Secondhand Smoke • BLOWsutra Ego Gone Loco Gipsy Indie Trip Hop LOFI,open,No,Goin outtt,open,jxrdy_,profile,111,190,608,0,0,2024-12-07,2026-05-05,2026-07-11,Mid-size Playlist
Side A [03] Secondhand Smoke • BLOWsutra Ego Gone Loco Gipsy Indie Trip Hop LOFI,open,Yes,bananasutra,open,Fred Anderson,profile,1,445,1526,1,0,2026-07-08,2026-07-08,2026-07-11,Catalog Mirror (Superfan)
Side A [01] Secondhand Smoke • BLOWsutra Ego Gone Loco Gipsy Indie Trip Hop LOFI,open,Yes,bananasutra,open,Fred Anderson,profile,1,445,1526,1,0,2026-07-08,2026-07-08,2026-07-11,Catalog Mirror (Superfan)
Side A [01] Secondhand Smoke • BLOWsutra Ego Gone Loco Gipsy Indie Trip Hop LOFI,open,Yes,Bananasutra!,open,Angus,profile,54,452,1499,1,0,2026-04-08,2026-04-10,2026-07-11,Catalog Mirror (Superfan)
Side A [01] Secondhand Smoke • BLOWsutra Ego Gone Loco Gipsy Indie Trip Hop LOFI,open,Yes,BSF’s,open,Angus,profile,54,39,170,0,0,2025-10-21,2026-02-11,2026-07-11,Mid-size Playlist (Repeat)
Side A [01] Secondhand Smoke • BLOWsutra Ego Gone Loco Gipsy Indie Trip Hop LOFI,open,Yes,BiG AL🙏,open,Angus,profile,54,121,497,0,0,2025-07-29,2026-05-11,2026-07-11,Mid-size Playlist (Repeat)
Side A [01] Secondhand Smoke • BLOWsutra Ego Gone Loco Gipsy Indie Trip Hop LOFI,open,Yes,Lounge Inn 🏝️,open,Angus,profile,54,62,266,0,0,2025-11-10,2026-04-08,2026-07-11,Mid-size Playlist (Repeat)
Side A [01] Secondhand Smoke • BLOWsutra Ego Gone Loco Gipsy Indie Trip Hop LOFI,open,Yes,RaiNy dAyz!,open,Angus,profile,54,62,243,0,0,2025-11-11,2026-04-08,2026-07-11,Mid-size Playlist (Repeat)
Side A [01] Secondhand Smoke • BLOWsutra Ego Gone Loco Gipsy Indie Trip Hop LOFI,open,Yes,GenteL RaiN,open,Angus,profile,54,97,405,0,0,2025-11-12,2026-05-11,2026-07-11,Mid-size Playlist (Repeat)
Side A [01] Secondhand Smoke • BLOWsutra Ego Gone Loco Gipsy Indie Trip Hop LOFI,open,Yes,SHHHJAMMIN,open,Brad_Reardon,profile,59,2,6,0,0,2025-11-14,2025-11-14,2026-07-11,Priority Curator
Side A [01] Secondhand Smoke • BLOWsutra Ego Gone Loco Gipsy Indie Trip Hop LOFI,open,Yes,Js,open,yeonrca3,profile,0,4,13,0,0,2025-09-30,2026-01-26,2026-07-11,Niche/Emerging Curator
Side B [01] Arrogant Hearts - BLOWsutra Burlesque Bluegrass BANJO,open,No,bananasutra,open,Fred Anderson,profile,1,445,1526,1,0,2026-07-08,2026-07-08,2026-07-11,Catalog Mirror (Superfan)
Side B [03] Arrogant Hearts - BLOWsutra Indie Cello MANTRA,open,Yes,bananasutra,open,Fred Anderson,profile,1,445,1526,1,0,2026-07-08,2026-07-08,2026-07-11,Catalog Mirror (Superfan)
Side B [03] Arrogant Hearts - BLOWsutra Indie Cello MANTRA,open,Yes,osmosi k,open,Lashuna,profile,0,39,268,1,1,2025-08-15,2026-06-01,2026-07-11,Mid-size Playlist
Side B [03] Arrogant Hearts - BLOWsutra Indie Cello MANTRA,open,Yes,lounge jazz house set,open,Simon Tibor,profile,3,376,9613,1,0,2025-03-05,2026-07-11,2026-07-11,Generic Dump (low signal)
Side B [03] Arrogant Hearts - BLOWsutra Indie Cello MANTRA,open,Yes,jazzz,open,Kazem Farazi,profile,9,13,52,0,0,2025-11-21,2025-11-22,2026-07-11,Niche/Emerging Curator
Side B [02] Arrogant Hearts - BLOWsutra Arabesk Tzigane Soul Fusion LoFi DUB,open,No,bananasutra,open,Fred Anderson,profile,1,445,1526,1,0,2026-07-08,2026-07-08,2026-07-11,Catalog Mirror (Superfan)
[03] Ain't Doing Bad Doing Nothing ⭐︎ Public Domain Lyrics Fun ⭐︎ FLOWsutra Wet JAZZ,open,No,Sutra,open,die Welt ist egal,profile,10,8,31,1,0,2026-04-07,2026-06-22,2026-07-11,Niche/Emerging Curator
[01] Ain't Doing Bad Doing Nothing ⭐︎ Public Domain Lyrics Fun ⭐︎ FLOWsutra Wet JAZZ,open,Yes,jazzz,open,Thien,profile,0,9,82,0,0,2026-02-12,2026-02-12,2026-07-11,Niche/Emerging Curator
[01] Ain't Doing Bad Doing Nothing ⭐︎ Public Domain Lyrics Fun ⭐︎ FLOWsutra Wet JAZZ,open,Yes,tecno,open,Adrian Aguilar,profile,0,23,120,0,0,2016-12-02,2026-05-12,2026-07-11,Niche/Emerging Curator
[01] Ain't Doing Bad Doing Nothing ⭐︎ Public Domain Lyrics Fun ⭐︎ FLOWsutra Wet JAZZ,open,Yes,light,open,Mahsa Babania,profile,0,52,231,0,0,2025-09-14,2026-07-09,2026-07-11,Mid-size Playlist
[08] Ain't Doing Bad Doing Nothing ⭐︎ Public Domain Lyrics Fun ⭐︎ FLOWsutra Wet BURLESQUE,open,Yes,Bananasutra!,open,Angus,profile,54,452,1499,1,0,2026-04-08,2026-04-10,2026-07-11,Catalog Mirror (Superfan)
[08] Ain't Doing Bad Doing Nothing ⭐︎ Public Domain Lyrics Fun ⭐︎ FLOWsutra Wet BURLESQUE,open,Yes,Jazzy Blues💙,open,Hulices Felix,profile,0,4,13,0,0,2025-11-24,2026-04-10,2026-07-11,Niche/Emerging Curator (Repeat)
[08] Ain't Doing Bad Doing Nothing ⭐︎ Public Domain Lyrics Fun ⭐︎ FLOWsutra Wet BURLESQUE,open,Yes,Slappers💣⛓️‍💥⚒️,open,Hulices Felix,profile,0,335,916,0,0,2025-11-05,2026-05-29,2026-07-11,Generic Dump (low signal)
[08] Ain't Doing Bad Doing Nothing ⭐︎ Public Domain Lyrics Fun ⭐︎ FLOWsutra Wet BURLESQUE,open,Yes,Vibes & Melodies🫀,open,Hulices Felix,profile,0,42,124,0,0,2025-11-18,2026-05-26,2026-07-11,Mid-size Playlist (Repeat)
[10] Ain't Doing Bad Doing Nothing ⭐︎ Public Domain Lyrics Fun ⭐︎ FLOWsutra Wet BLUES,open,No,2024,open,Milica,profile,0,108,519,0,0,2024-06-26,2026-05-24,2026-07-11,Mid-size Playlist
[06] Ain't Doing Bad Doing Nothing ⭐︎ Public Domain Lyrics Fun ⭐︎ FLOWsutra Wet JAZZ,open,No,Panino Di Marco,open,Nazanin_vagidi_1995,profile,0,14,43,0,0,2025-08-31,2026-01-15,2026-07-11,Niche/Emerging Curator
[02] Everybody Knows • KNOWsutra Burlesque Trip Hop Indie Dub Piano BLUES,open,Yes,Bananasutra!,open,Angus,profile,54,452,1499,1,0,2026-04-08,2026-04-10,2026-07-11,Catalog Mirror (Superfan)
[02] Everybody Knows • KNOWsutra Burlesque Trip Hop Indie Dub Piano BLUES,open,Yes,GSS,open,User 787357061,profile,8,36,136,0,0,2026-01-31,2026-01-31,2026-07-11,Mid-size Playlist
[02] Everybody Knows • KNOWsutra Burlesque Trip Hop Indie Dub Piano BLUES,open,Yes,Psy-chill,open,jordanbevan37,profile,15,19,87,0,0,2025-11-21,2025-12-07,2026-07-11,Niche/Emerging Curator (Repeat)
[02] Everybody Knows • KNOWsutra Burlesque Trip Hop Indie Dub Piano BLUES,open,Yes,Fpoammmopsssss,open,jordanbevan37,profile,15,50,232,0,0,2025-11-07,2025-12-24,2026-07-11,Mid-size Playlist (Repeat)
[02] Everybody Knows • KNOWsutra Burlesque Trip Hop Indie Dub Piano BLUES,open,Yes,Chill Xo,open,Jords,profile,0,10,37,0,0,2025-11-05,2025-11-05,2026-07-11,Niche/Emerging Curator
[05] Everybody Knows • KNOWsutra Psychedelic Trip Hop Cello Waltz INDIE,open,Yes,🌱,open,pouria3,profile,14,500,2673,0,0,2023-04-22,2026-07-07,2026-07-11,Generic Dump (low signal)
[05] Everybody Knows • KNOWsutra Psychedelic Trip Hop Cello Waltz INDIE,open,Yes,Bananasutra!,open,Angus,profile,54,452,1499,1,0,2026-04-08,2026-04-10,2026-07-11,Catalog Mirror (Superfan)
[05] Everybody Knows • KNOWsutra Psychedelic Trip Hop Cello Waltz INDIE,open,Yes,Slow Ride,open,Gby11,profile,0,9,31,0,0,2025-10-01,2025-11-09,2026-07-11,Niche/Emerging Curator (Repeat)
[06] Everybody Knows • KNOWsutra Burlesque Trip Hop Wa Wa Jazz Bass INDIE,open,No,Bananasutra!,open,Angus,profile,54,452,1499,1,0,2026-04-08,2026-04-10,2026-07-11,Catalog Mirror (Superfan)
[04] Everybody Knows • KNOWsutra Burlesque Trip Hop Piano Jazz INDIE,open,Yes,Vibes,open,kivis,profile,4,34,97,1,0,2026-07-04,2026-07-04,2026-07-11,Mid-size Playlist
[04] Everybody Knows • KNOWsutra Burlesque Trip Hop Piano Jazz INDIE,open,Yes,Bananasutra!,open,Angus,profile,54,452,1499,1,0,2026-04-08,2026-04-10,2026-07-11,Catalog Mirror (Superfan)
[04] Everybody Knows • KNOWsutra Burlesque Trip Hop Piano Jazz INDIE,open,Yes,Calmer Days,open,Ezekiel zar,profile,1,237,743,1,0,2026-01-19,2026-06-21,2026-07-11,Generic Dump (low signal)
[04] Everybody Knows • KNOWsutra Burlesque Trip Hop Piano Jazz INDIE,open,Yes,Sex,open,Kıyıcı04,profile,0,3,11,0,0,2025-11-21,2025-12-06,2026-07-11,Niche/Emerging Curator
[04] Everybody Knows • KNOWsutra Burlesque Trip Hop Piano Jazz INDIE,open,Yes,BiG AL🙏,open,Angus,profile,54,121,497,0,0,2025-07-29,2026-05-11,2026-07-11,Mid-size Playlist (Repeat)
[04] Everybody Knows • KNOWsutra Burlesque Trip Hop Piano Jazz INDIE,open,Yes,RaiNy dAyz!,open,Angus,profile,54,62,243,0,0,2025-11-11,2026-04-08,2026-07-11,Mid-size Playlist (Repeat)
[04] Everybody Knows • KNOWsutra Burlesque Trip Hop Piano Jazz INDIE,open,Yes,GenteL RaiN,open,Angus,profile,54,97,405,0,0,2025-11-12,2026-05-11,2026-07-11,Mid-size Playlist (Repeat)
[01] Everybody Knows • KNOWsutra Burlesque Trip Hop Indie Piano BLUES,open,Yes,Bananasutra!,open,Angus,profile,54,452,1499,1,0,2026-04-08,2026-04-10,2026-07-11,Catalog Mirror (Superfan)
[08] Tell The Truth • KNOWsutra True BLUES Cover,open,Yes,Jazz et Soûl,open,Eddytoumson,profile,0,48,220,0,0,2025-05-08,2026-07-11,2026-07-11,Mid-size Playlist
[08] Tell The Truth • KNOWsutra True BLUES Cover,open,Yes,Soulful Days,open,SJ,profile,3,16,62,0,0,2026-06-23,2026-07-08,2026-07-11,Niche/Emerging Curator
[08] Tell The Truth • KNOWsutra True BLUES Cover,open,Yes,after🍵,open,Betomad °|•,profile,20,71,856,0,0,2024-12-31,2026-07-04,2026-07-11,Mid-size Playlist (Repeat)
[08] Tell The Truth • KNOWsutra True BLUES Cover,open,Yes,BlueSoul,open,Martín Paulus,profile,2,14,56,0,0,2026-06-14,2026-07-04,2026-07-11,Niche/Emerging Curator (Repeat)
[08] Tell The Truth • KNOWsutra True BLUES Cover,open,Yes,BluesFronterA,open,Martín Paulus,profile,2,5,19,0,0,2026-06-08,2026-06-17,2026-07-11,Niche/Emerging Curator (Repeat)
[08] Tell The Truth • KNOWsutra True BLUES Cover,open,Yes,"Half Awake, Half Gone",open,Hops,profile,1,95,440,0,0,2026-06-14,2026-06-14,2026-07-11,Mid-size Playlist (Repeat)
[08] Tell The Truth • KNOWsutra True BLUES Cover,open,Yes,Smell It Befor Feling,open,Hops,profile,1,130,556,0,0,2026-06-14,2026-06-14,2026-07-11,Mid-size Playlist (Repeat)
[08] Tell The Truth • KNOWsutra True BLUES Cover,open,Yes,𝒻𝓇ℴ𝓂 𝓂𝓎 𝓈ℴ𝓁𝓁 🌋🌋🌋,open,Hops,profile,1,221,993,0,0,2026-06-14,2026-06-14,2026-07-11,Generic Dump (low signal)
[08] Tell The Truth • KNOWsutra True BLUES Cover,open,Yes,Slightly Hung Over,open,Hops,profile,1,152,728,0,0,2026-06-14,2026-06-14,2026-07-11,Mid-size Playlist (Repeat)
[08] Tell The Truth • KNOWsutra True BLUES Cover,open,Yes,My Mix From SondCloud🥂,open,Hops,profile,1,136,667,0,0,2026-06-14,2026-06-14,2026-07-11,Mid-size Playlist (Repeat)
[08] Tell The Truth • KNOWsutra True BLUES Cover,open,Yes,🫵🏻🫵🏻 My Mix From SondCloud 🫵🏻🫵🏻,open,Hops,profile,1,145,680,0,0,2026-06-14,2026-06-14,2026-07-11,Mid-size Playlist (Repeat)
[08] Tell The Truth • KNOWsutra True BLUES Cover,open,Yes,Love In Slow Motion,open,Hops,profile,1,100,465,0,0,2026-06-14,2026-06-14,2026-07-11,Mid-size Playlist (Repeat)
[08] Tell The Truth • KNOWsutra True BLUES Cover,open,Yes,Frome Deeb,open,Hops,profile,1,140,620,0,0,2026-06-14,2026-06-14,2026-07-11,Mid-size Playlist (Repeat)
[08] Tell The Truth • KNOWsutra True BLUES Cover,open,Yes,Who I’m Today ?!!!,open,Hops,profile,1,112,711,0,0,2026-06-14,2026-06-14,2026-07-11,Mid-size Playlist (Repeat)
[08] Tell The Truth • KNOWsutra True BLUES Cover,open,Yes,🫵🏻🫵🏻🫵🏻 Path of my ….. 🫵🏻🫵🏻🫵🏻,open,Hops,profile,1,99,454,0,0,2026-06-14,2026-06-14,2026-07-11,Mid-size Playlist (Repeat)
[08] Tell The Truth • KNOWsutra True BLUES Cover,open,Yes,Black Smoke,open,Hops,profile,1,66,315,0,0,2026-06-14,2026-06-14,2026-07-11,Mid-size Playlist (Repeat)
[08] Tell The Truth • KNOWsutra True BLUES Cover,open,Yes,All the Comfort (You Are),open,Hops,profile,1,24,112,0,0,2026-06-14,2026-06-14,2026-07-11,Niche/Emerging Curator (Repeat)
[08] Tell The Truth • KNOWsutra True BLUES Cover,open,Yes,music,open,alimirabi,profile,5,134,987,0,0,2022-09-03,2026-06-14,2026-07-11,Mid-size Playlist
[08] Tell The Truth • KNOWsutra True BLUES Cover,open,Yes,блюз кавер,open,Tsar,profile,2,17,76,3,0,2025-11-10,2026-06-28,2026-07-11,Niche/Emerging Curator
[08] Tell The Truth • KNOWsutra True BLUES Cover,open,Yes,Groove,open,BRETAUDEAU Laurent,profile,6,22,112,0,0,2026-05-30,2026-05-30,2026-07-11,Niche/Emerging Curator (Repeat)
[08] Tell The Truth • KNOWsutra True BLUES Cover,open,Yes,"jazz , bluz",open,Milad Moradi larki,profile,73,345,7523,9,0,2024-04-08,2026-05-29,2026-07-11,Generic Dump (low signal)
[08] Tell The Truth • KNOWsutra True BLUES Cover,open,Yes,Copy of Jukebox Plays Our Song,open,(( 🙋‍♂️ Hello 🖕 World  🌎🤷)),profile,230,45,195,1,0,2026-05-27,2026-05-27,2026-07-11,Mid-size Playlist (Repeat)
[08] Tell The Truth • KNOWsutra True BLUES Cover,open,Yes,Soul,open,Panos,profile,0,73,352,0,0,2026-02-15,2026-07-10,2026-07-11,Mid-size Playlist
[08] Tell The Truth • KNOWsutra True BLUES Cover,open,Yes,Blues & Whiskey,open,Kadek Zadeg Arisentana,profile,0,42,720,1,0,2026-05-15,2026-05-19,2026-07-11,Mid-size Playlist
[08] Tell The Truth • KNOWsutra True BLUES Cover,open,Yes,variable mod 🎶,open,BaSsma adel,profile,6,57,197,2,0,2020-09-10,2026-06-06,2026-07-11,Mid-size Playlist
[08] Tell The Truth • KNOWsutra True BLUES Cover,open,Yes,Favorites,open,Mohammad H. Yeganegi,profile,0,19,88,0,0,2025-10-29,2026-05-07,2026-07-11,Niche/Emerging Curator
[08] Tell The Truth • KNOWsutra True BLUES Cover,open,Yes,𝒻𝓇ℴ𝓂 𝓂𝓎 𝓈ℴ𝓁𝓁 🌋🌋🌋,open,𝓱𝓸𝓹𝓼,profile,19,223,1020,1,0,2026-03-19,2026-05-06,2026-07-11,Generic Dump (low signal)
[08] Tell The Truth • KNOWsutra True BLUES Cover,open,Yes,Untitled playlist,open,𝓱𝓸𝓹𝓼,profile,19,104,467,1,0,2026-03-20,2026-05-05,2026-07-11,Mid-size Playlist (Repeat)
[08] Tell The Truth • KNOWsutra True BLUES Cover,open,Yes,Smell It Befor Feling,open,𝓱𝓸𝓹𝓼,profile,19,133,584,1,0,2026-03-22,2026-05-05,2026-07-11,Mid-size Playlist (Repeat)
[08] Tell The Truth • KNOWsutra True BLUES Cover,open,Yes,Slightly Hung Over,open,𝓱𝓸𝓹𝓼,profile,19,155,748,1,0,2026-03-30,2026-05-06,2026-07-11,Mid-size Playlist (Repeat)
[08] Tell The Truth • KNOWsutra True BLUES Cover,open,Yes,My Mix From SondCloud🥂,open,𝓱𝓸𝓹𝓼,profile,19,138,684,2,0,2026-04-17,2026-05-05,2026-07-11,Mid-size Playlist (Repeat)
[08] Tell The Truth • KNOWsutra True BLUES Cover,open,Yes,🫵🏻🫵🏻 My Mix From SondCloud 🫵🏻🫵🏻,open,𝓱𝓸𝓹𝓼,profile,19,147,698,1,0,2026-04-17,2026-05-05,2026-07-11,Mid-size Playlist (Repeat)
[08] Tell The Truth • KNOWsutra True BLUES Cover,open,Yes,Love In Slow Motion,open,𝓱𝓸𝓹𝓼,profile,19,103,478,3,0,2026-04-21,2026-05-06,2026-07-11,Mid-size Playlist (Repeat)
[08] Tell The Truth • KNOWsutra True BLUES Cover,open,Yes,Frome Deeb,open,𝓱𝓸𝓹𝓼,profile,19,142,641,0,0,2026-04-27,2026-05-05,2026-07-11,Mid-size Playlist (Repeat)
[08] Tell The Truth • KNOWsutra True BLUES Cover,open,Yes,Who I’m Today ?!!!,open,𝓱𝓸𝓹𝓼,profile,19,115,730,1,0,2026-04-24,2026-05-05,2026-07-11,Mid-size Playlist (Repeat)
[08] Tell The Truth • KNOWsutra True BLUES Cover,open,Yes,🫵🏻🫵🏻🫵🏻 Path of my ….. 🫵🏻🫵🏻🫵🏻,open,𝓱𝓸𝓹𝓼,profile,19,101,468,0,0,2026-04-27,2026-05-01,2026-07-11,Mid-size Playlist (Repeat)
[08] Tell The Truth • KNOWsutra True BLUES Cover,open,Yes,Black Smoke,open,𝓱𝓸𝓹𝓼,profile,19,66,327,1,0,2026-05-01,2026-05-13,2026-07-11,Mid-size Playlist (Repeat)
[08] Tell The Truth • KNOWsutra True BLUES Cover,open,Yes,Shades of blues,open,2blackducks,profile,6,88,467,1,0,2017-12-16,2026-07-10,2026-07-11,Mid-size Playlist
[08] Tell The Truth • KNOWsutra True BLUES Cover,open,Yes,All the Comfort (You Are),open,𝓱𝓸𝓹𝓼,profile,19,24,117,0,0,2026-04-27,2026-05-01,2026-07-11,Niche/Emerging Curator (Repeat)
[08] Tell The Truth • KNOWsutra True BLUES Cover,open,Yes,"Half Awake, Half Gone",open,𝓱𝓸𝓹𝓼,profile,19,98,458,1,0,2026-03-21,2026-05-05,2026-07-11,Mid-size Playlist (Repeat)
[08] Tell The Truth • KNOWsutra True BLUES Cover,open,Yes,Soul & Blues,open,User 971175355,profile,8,79,421,1,0,2018-10-11,2026-05-11,2026-07-11,Mid-size Playlist
[08] Tell The Truth • KNOWsutra True BLUES Cover,open,Yes,bananasutra,open,Volker Seifert,profile,0,50,194,0,0,2026-04-17,2026-04-17,2026-07-11,Mid-size Playlist
[08] Tell The Truth • KNOWsutra True BLUES Cover,open,Yes,Normal,open,TomNorway🇳🇴,profile,5,97,359,2,0,2026-03-27,2026-05-12,2026-07-11,Mid-size Playlist (Repeat)
[08] Tell The Truth • KNOWsutra True BLUES Cover,open,Yes,Burlesque,open,Kwezi Human,profile,6,6,23,0,0,2026-03-20,2026-04-24,2026-07-11,Niche/Emerging Curator
[08] Tell The Truth • KNOWsutra True BLUES Cover,open,Yes,Dark,open,Samim Sami,profile,0,38,156,0,0,2026-02-11,2026-06-30,2026-07-11,Mid-size Playlist (Repeat)
[08] Tell The Truth • KNOWsutra True BLUES Cover,open,Yes,"Blues, jazz and more",open,Carocagalaxy,profile,0,12,81,4,0,2026-02-08,2026-02-20,2026-07-11,Niche/Emerging Curator
[08] Tell The Truth • KNOWsutra True BLUES Cover,open,Yes,Weekly Wave,open,M-ॐ-Vision,profile,9,27,196,0,0,2026-01-29,2026-01-29,2026-07-11,Niche/Emerging Curator
[08] Tell The Truth • KNOWsutra True BLUES Cover,open,Yes,main 1 soul,open,Wieslaw,profile,0,18,87,0,0,2026-01-24,2026-01-24,2026-07-11,Niche/Emerging Curator
[08] Tell The Truth • KNOWsutra True BLUES Cover,open,Yes,música tantrica,open,Olin,profile,1,299,1359,1,0,2026-01-22,2026-01-23,2026-07-11,Generic Dump (low signal)
[08] Tell The Truth • KNOWsutra True BLUES Cover,open,Yes,Corazón,open,Laia.pop,profile,6,11,43,1,0,2026-01-21,2026-01-31,2026-07-11,Niche/Emerging Curator
[08] Tell The Truth • KNOWsutra True BLUES Cover,open,Yes,ADS #002,open,ppne,profile,14,20,97,2,0,2025-05-20,2026-03-18,2026-07-11,Niche/Emerging Curator
[08] Tell The Truth • KNOWsutra True BLUES Cover,open,Yes,Soul Food,open,Ria,profile,21,41,166,0,0,2025-07-27,2026-02-15,2026-07-11,Mid-size Playlist
[08] Tell The Truth • KNOWsutra True BLUES Cover,open,Yes,Delta 2026 Jazz,open,DJ Silver Daddy,profile,64,57,247,1,0,2026-01-08,2026-04-22,2026-07-11,Mid-size Playlist
[08] Tell The Truth • KNOWsutra True BLUES Cover,open,Yes,Just Nouri,open,nouralotich,profile,1,59,178,0,0,2025-08-23,2026-07-02,2026-07-11,Mid-size Playlist
[08] Tell The Truth • KNOWsutra True BLUES Cover,open,Yes,Selected,open,orqon,profile,259,27,149,0,0,2025-11-22,2026-03-30,2026-07-11,Priority Curator
[08] Tell The Truth • KNOWsutra True BLUES Cover,open,Yes,SEPT25,open,Rafdeli,profile,4,147,1021,1,0,2025-07-11,2026-01-16,2026-07-11,Mid-size Playlist
[08] Tell The Truth • KNOWsutra True BLUES Cover,open,Yes,Whoavember 2 0 2 5,open,Erato KALliope,profile,11,7,29,0,0,2025-11-06,2025-12-24,2026-07-11,Niche/Emerging Curator (Repeat)
[08] Tell The Truth • KNOWsutra True BLUES Cover,open,Yes,Jogurtkirsch 🍒,open,Varanaessaa,profile,7,132,522,0,0,2023-09-08,2026-07-06,2026-07-11,Mid-size Playlist
[08] Tell The Truth • KNOWsutra True BLUES Cover,open,Yes,Soul,open,alireza102050,profile,1,7,28,0,0,2025-12-19,2025-12-19,2026-07-11,Niche/Emerging Curator
[08] Tell The Truth • KNOWsutra True BLUES Cover,open,Yes,Apéro Chill Groove,open,BRETAUDEAU Laurent,profile,6,26,134,0,0,2025-12-14,2025-12-15,2026-07-11,Niche/Emerging Curator (Repeat)
[08] Tell The Truth • KNOWsutra True BLUES Cover,open,Yes,Copy of All the Comfort (You Are)hhu,open,(( 🙋‍♂️ Hello 🖕 World  🌎🤷)),profile,230,50,228,0,0,2025-12-12,2025-12-22,2026-07-11,Mid-size Playlist (Repeat)
[08] Tell The Truth • KNOWsutra True BLUES Cover,open,Yes,Copy of Every Beat of Your 💜❤️,open,(( 🙋‍♂️ Hello 🖕 World  🌎🤷)),profile,230,82,377,0,0,2025-12-11,2026-01-06,2026-07-11,Mid-size Playlist (Repeat)
[08] Tell The Truth • KNOWsutra True BLUES Cover,open,Yes,Downtime,open,User 947768765,profile,2,29,124,0,0,2025-12-09,2025-12-09,2026-07-11,Niche/Emerging Curator
[08] Tell The Truth • KNOWsutra True BLUES Cover,open,Yes,Blues,open,Ва Че,profile,6,99,424,0,0,2023-11-25,2026-04-23,2026-07-11,Mid-size Playlist
[08] Tell The Truth • KNOWsutra True BLUES Cover,open,Yes,RELAX TIME,open,Valentino Receputi,profile,0,33,147,1,0,2025-11-30,2025-12-08,2026-07-11,Mid-size Playlist
[08] Tell The Truth • KNOWsutra True BLUES Cover,open,Yes,Copy of New Legacy,open,Kjetil Strand,profile,1,46,220,0,0,2025-11-30,2025-11-30,2026-07-11,Mid-size Playlist
[08] Tell The Truth • KNOWsutra True BLUES Cover,open,Yes,🪻🍂🧞🪾,open,herodiasdaughter,profile,1,69,273,0,0,2025-11-09,2026-07-09,2026-07-11,Mid-size Playlist (Repeat)
[08] Tell The Truth • KNOWsutra True BLUES Cover,open,Yes,Weekly Wave,open,Mr Viator,profile,7,26,114,0,1,2025-11-24,2025-11-24,2026-07-11,Niche/Emerging Curator
[08] Tell The Truth • KNOWsutra True BLUES Cover,open,Yes,GP Sounds 25,open,Giuliano,profile,0,74,619,1,0,2025-11-14,2026-06-07,2026-07-11,Mid-size Playlist
[08] Tell The Truth • KNOWsutra True BLUES Cover,open,Yes,Nostalgie,open,vitriolic 1,profile,2,45,187,0,0,2025-11-22,2025-11-22,2026-07-11,Mid-size Playlist
[08] Tell The Truth • KNOWsutra True BLUES Cover,open,Yes,ROBINEAU ART Space,open,Patrick Robineau,profile,57,56,437,0,0,2024-11-17,2025-11-18,2026-07-11,Mid-size Playlist
[08] Tell The Truth • KNOWsutra True BLUES Cover,open,Yes,Jazz,open,Amirmasoud Hazrati,profile,0,13,65,0,0,2025-11-15,2025-11-19,2026-07-11,Niche/Emerging Curator
[08] Tell The Truth • KNOWsutra True BLUES Cover,open,Yes,آشنا، به زبان بیگانه,open,Azin. M,profile,631,140,610,4,0,2020-03-10,2026-05-26,2026-07-11,Mid-size Playlist (Repeat)
[08] Tell The Truth • KNOWsutra True BLUES Cover,open,Yes,Some Rythme,open,Azin. M,profile,631,16,155,1,1,2023-12-07,2026-06-22,2026-07-11,Priority Curator (Repeat)
[08] Tell The Truth • KNOWsutra True BLUES Cover,open,Yes,chilled listens,open,AMIIC,profile,3,14,46,0,0,2025-11-13,2025-11-13,2026-07-11,Niche/Emerging Curator
[08] Tell The Truth • KNOWsutra True BLUES Cover,open,Yes,Seductive,open,codawolf,profile,290,14,53,0,0,2025-08-04,2025-11-25,2026-07-11,Priority Curator
[08] Tell The Truth • KNOWsutra True BLUES Cover,open,Yes,Morning Tunes 2025,open,Kivanc Dikmen,profile,11,8,133,0,0,2025-09-29,2025-11-12,2026-07-11,Niche/Emerging Curator
[08] Tell The Truth • KNOWsutra True BLUES Cover,open,Yes,11.11.2025 The Lump 8 Month Anniversary Of My Ambulance Ride,open,softsunshine 444 ✨,profile,1,20,61,0,0,2025-11-11,2025-11-11,2026-07-11,Niche/Emerging Curator
[08] Tell The Truth • KNOWsutra True BLUES Cover,open,Yes,Brunotones etc,open,pura vida,profile,28,62,362,1,0,2025-11-05,2026-05-20,2026-07-11,Mid-size Playlist (Repeat)
[08] Tell The Truth • KNOWsutra True BLUES Cover,open,Yes,Soul…,open,pura vida,profile,28,150,659,1,0,2025-10-03,2026-06-23,2026-07-11,Mid-size Playlist (Repeat)
[08] Tell The Truth • KNOWsutra True BLUES Cover,open,Yes,Blues…..etc……,open,pura vida,profile,28,31,143,0,0,2025-10-27,2026-02-10,2026-07-11,Mid-size Playlist (Repeat)
[08] Tell The Truth • KNOWsutra True BLUES Cover,open,Yes,geil,open,mark stöckl,profile,0,60,242,0,0,2025-07-08,2025-12-31,2026-07-11,Mid-size Playlist
[08] Tell The Truth • KNOWsutra True BLUES Cover,open,Yes,KAZHEH,open,Mah Boo,profile,353,375,3157,3,1,2024-11-25,2026-06-25,2026-07-11,Generic Dump (low signal)
[08] Tell The Truth • KNOWsutra True BLUES Cover,open,Yes,Kendamamedita,open,Yonwey Skate Skate,profile,3,89,374,1,0,2018-09-04,2026-06-13,2026-07-11,Mid-size Playlist (Repeat)
[08] Tell The Truth • KNOWsutra True BLUES Cover,open,Yes,TRY,open,Yonwey Skate Skate,profile,3,86,1015,0,0,2019-10-20,2026-05-23,2026-07-11,Mid-size Playlist (Repeat)
[08] Tell The Truth • KNOWsutra True BLUES Cover,open,Yes,Lyrics,open,Yonwey Skate Skate,profile,3,190,998,0,0,2018-05-27,2026-06-13,2026-07-11,Mid-size Playlist (Repeat)
[08] Tell The Truth • KNOWsutra True BLUES Cover,open,Yes,Mirage,open,Steven Archer,profile,0,9,33,0,0,2025-11-06,2025-11-06,2026-07-11,Niche/Emerging Curator
[08] Tell The Truth • KNOWsutra True BLUES Cover,open,Yes,Chill Xo,open,Jords,profile,0,10,37,0,0,2025-11-05,2025-11-05,2026-07-11,Niche/Emerging Curator
[08] Tell The Truth • KNOWsutra True BLUES Cover,open,Yes,Samim♠️,open,Samim Sami,profile,0,34,140,0,0,2025-10-22,2025-11-16,2026-07-11,Mid-size Playlist (Repeat)
[08] Tell The Truth • KNOWsutra True BLUES Cover,open,Yes,Untitled Playlist,open,Lilian Hochet,profile,8,1,5,0,0,2025-11-02,2025-11-02,2026-07-11,Niche/Emerging Curator
[02] Tell The Truth • KNOWsutra Bluesy ROCK Cover,open,Yes,me +,open,abel,profile,3,357,1112,0,0,2025-09-29,2026-01-28,2026-07-11,Generic Dump (low signal)
[02] Tell The Truth • KNOWsutra Bluesy ROCK Cover,open,Yes,musica,open,The End,profile,2,290,1189,2,1,2024-08-28,2025-11-22,2026-07-11,Generic Dump (low signal)
[06] Tell The Truth • KNOWsutra Cello BLUES Cover,open,Yes,chill,open,Jm Bigoo Choco,profile,7,19,206,0,0,2026-03-31,2026-06-27,2026-07-11,Niche/Emerging Curator
[06] Tell The Truth • KNOWsutra Cello BLUES Cover,open,Yes,FLOATING,open,sergefils,profile,46,266,1005,3,0,2025-05-12,2026-06-26,2026-07-11,Generic Dump (low signal)
[06] Tell The Truth • KNOWsutra Cello BLUES Cover,open,Yes,오즈의 마법사,open,김서훈,profile,0,1,5,0,0,2025-11-23,2025-11-23,2026-07-11,Niche/Emerging Curator
[06] Tell The Truth • KNOWsutra Cello BLUES Cover,open,Yes,Mood,open,my.glassroom,profile,13,79,499,0,0,2025-01-15,2026-05-29,2026-07-11,Mid-size Playlist
[07] Tell the Truth (Remastered) • KNOWsutra Psychedelic Banjo Clarinet Replay BLUES,open,No,Bananasutra!,open,Angus,profile,54,452,1499,1,0,2026-04-08,2026-04-10,2026-07-11,Catalog Mirror (Superfan)
[07] Tell the Truth (Remastered) • KNOWsutra Psychedelic Banjo Clarinet Replay BLUES,open,No,New Vibes,open,Rima Arc,profile,0,45,211,0,0,2025-09-09,2026-05-03,2026-07-11,Mid-size Playlist
[05] Tell the Truth (Remastered) • KNOWsutra Psychedelic Banjo Brush Drum Replay BLUES,open,No,Bananasutra!,open,Angus,profile,54,452,1499,1,0,2026-04-08,2026-04-10,2026-07-11,Catalog Mirror (Superfan)
[05] Tell the Truth (Remastered) • KNOWsutra Psychedelic Banjo Brush Drum Replay BLUES,open,No,Guitar,open,Mirraw Daily,profile,11,7,32,0,0,2025-12-04,2026-03-27,2026-07-11,Niche/Emerging Curator
[05] Tell the Truth (Remastered) • KNOWsutra Psychedelic Banjo Brush Drum Replay BLUES,open,No,Plugga,open,Jessica,profile,0,2,6,0,0,2025-11-02,2025-11-02,2026-07-11,Niche/Emerging Curator
[07] Le Bal Des Salauds • French BLOWsutra Gipsy Accordion' Indie Folk BURLESQUE,open,Yes,french music,open,ichanpomsyda03,profile,1,75,236,0,0,2026-07-01,2026-07-01,2026-07-11,Mid-size Playlist
[07] Le Bal Des Salauds • French BLOWsutra Gipsy Accordion' Indie Folk BURLESQUE,open,Yes,Folk,open,tixa,profile,0,16,62,0,1,2025-11-01,2025-11-04,2026-07-11,Niche/Emerging Curator
[08] Le Bal Des Salauds • French BLOWsutra Tzigane World Indie LOFI,open,Yes,cool,open,AnaïsïanA,profile,8,77,604,0,0,2016-02-24,2026-06-29,2026-07-11,Mid-size Playlist
[04] Le Bal Des Salauds • French BLOWsutra Oh Boy Accordion Circus BURLESQUE,open,Yes,french music,open,ichanpomsyda03,profile,1,75,236,0,0,2026-07-01,2026-07-01,2026-07-11,Mid-size Playlist
[04] Le Bal Des Salauds • French BLOWsutra Oh Boy Accordion Circus BURLESQUE,open,Yes,Bananasutra!,open,Angus,profile,54,452,1499,1,0,2026-04-08,2026-04-10,2026-07-11,Catalog Mirror (Superfan)
[04] Le Bal Des Salauds • French BLOWsutra Oh Boy Accordion Circus BURLESQUE,open,Yes,3rd,open,m.agamia,profile,20,321,1832,0,0,2023-01-04,2026-06-21,2026-07-11,Generic Dump (low signal)
[04] Le Bal Des Salauds • French BLOWsutra Oh Boy Accordion Circus BURLESQUE,open,Yes,France,open,pouria3,profile,14,15,66,0,0,2024-08-25,2026-06-08,2026-07-11,Niche/Emerging Curator (Repeat)
[02] Le Bal Des Salauds • French BLOWsutra Gipsy LoFi Chanson INDIE,open,Yes,Donn,open,Helio Correa,profile,4,37,133,1,0,2025-11-28,2026-02-03,2026-07-11,Mid-size Playlist
[09] Le Bal Des Salauds • French BLOWsutra Gipsy Drum Chanson Burlesque MANTRA,open,No,Alternative,open,Janeil Nelson,profile,7,5,14,0,0,2025-11-02,2026-06-26,2026-07-11,Niche/Emerging Curator
[06] Le Bal Des Salauds • French BLOWsutra Gipsy Accordion' Indie Folk BURLESQUE,open,Yes,french music,open,ichanpomsyda03,profile,1,75,236,0,0,2026-07-01,2026-07-01,2026-07-11,Mid-size Playlist
[06] Le Bal Des Salauds • French BLOWsutra Gipsy Accordion' Indie Folk BURLESQUE,open,Yes,Bananasutra,open,Lincoln Scott,profile,0,82,270,2,0,2026-05-21,2026-05-27,2026-07-11,Mid-size Playlist (Repeat)
[06] Le Bal Des Salauds • French BLOWsutra Gipsy Accordion' Indie Folk BURLESQUE,open,Yes,"Cafe Beats,Lo Fi Jazz Mix 2🎺❤️",open,Gabor Galactic,profile,40,230,892,0,0,2026-03-02,2026-07-05,2026-07-11,Generic Dump (low signal)
[01] Le Bal Des Salauds • French BLOWsutra Oh My Oh Why Cello Circus INDIE,open,Yes,Bananasutra!,open,Angus,profile,54,452,1499,1,0,2026-04-08,2026-04-10,2026-07-11,Catalog Mirror (Superfan)
[01] Le Bal Des Salauds • French BLOWsutra Oh My Oh Why Cello Circus INDIE,open,Yes,Chills III,open,KK HOUSE,profile,85,388,8226,0,0,2025-04-18,2026-07-07,2026-07-11,Generic Dump (low signal)
[01] Le Bal Des Salauds • French BLOWsutra Oh My Oh Why Cello Circus INDIE,open,Yes,Something,open,Liza Bredikhina,profile,1,32,230,0,0,2023-02-20,2025-12-06,2026-07-11,Mid-size Playlist
[01] Le Bal Des Salauds • French BLOWsutra Oh My Oh Why Cello Circus INDIE,open,Yes,French Songs,open,Maryam Khojasteh,profile,1,3,48,0,0,2025-11-13,2025-11-14,2026-07-11,Niche/Emerging Curator
[01] Le Bal Des Salauds • French BLOWsutra Oh My Oh Why Cello Circus INDIE,open,Yes,old Persian song,open,ansel,profile,8,35,179,13,0,2025-11-08,2025-11-19,2026-07-11,Mid-size Playlist (Repeat)
[01] Le Bal Des Salauds • French BLOWsutra Oh My Oh Why Cello Circus INDIE,open,Yes,calmas,open,cris,profile,3,29,133,0,0,2020-11-03,2025-11-02,2026-07-11,Niche/Emerging Curator
[13] Gladys In Sonderland • SHOWsutra Psychedelic Booya Banger Blues BANJO,open,No,english,open,m amini,profile,4,50,212,0,0,2021-09-17,2026-02-22,2026-07-11,Mid-size Playlist
[10] Gladys in Sonderland • SHOWsutra Psychedelic Gipsy Cello Waltz INDIE BURLESQUE,open,Yes,Bananasutra!,open,Angus,profile,54,452,1499,1,0,2026-04-08,2026-04-10,2026-07-11,Catalog Mirror (Superfan)
[07] Gladys in Sonderland • SHOWsutra Psychedelic Gipsy Cello Waltz Indie BURLESQUE,open,No,Bananasutra!,open,Angus,profile,54,452,1499,1,0,2026-04-08,2026-04-10,2026-07-11,Catalog Mirror (Superfan)
[07] Gladys in Sonderland • SHOWsutra Psychedelic Gipsy Cello Waltz Indie BURLESQUE,open,No,Varie,open,Lobsangrampa,profile,1,39,144,0,0,2025-07-12,2026-05-21,2026-07-11,Mid-size Playlist
[06] Gladys in Sonderland • SHOWsutra Psychedelic Gipsy Cello Waltz Breathing BURLESQUE,open,Yes,Bananasutra!,open,Angus,profile,54,452,1499,1,0,2026-04-08,2026-04-10,2026-07-11,Catalog Mirror (Superfan)
[06] Gladys in Sonderland • SHOWsutra Psychedelic Gipsy Cello Waltz Breathing BURLESQUE,open,Yes,Rhythm Of Rock,open,olivia majchrzak,profile,5,7,34,0,0,2025-11-16,2025-11-16,2026-07-11,Niche/Emerging Curator
[06] Gladys in Sonderland • SHOWsutra Psychedelic Gipsy Cello Waltz Breathing BURLESQUE,open,Yes,Evening Chill,open,Michele Murphy,profile,1,66,252,0,0,2025-11-14,2026-07-03,2026-07-11,Mid-size Playlist
[11] Gladys in Sonderland • SHOWsutra Psychedelic Gipsy Accordion Circus Waltz BURLESQUE,open,Yes,Bananasutra!,open,Angus,profile,54,452,1499,1,0,2026-04-08,2026-04-10,2026-07-11,Catalog Mirror (Superfan)
[11] Gladys in Sonderland • SHOWsutra Psychedelic Gipsy Accordion Circus Waltz BURLESQUE,open,Yes,Lounge Inn 🏝️,open,Angus,profile,54,62,266,0,0,2025-11-10,2026-04-08,2026-07-11,Mid-size Playlist (Repeat)
[11] Gladys in Sonderland • SHOWsutra Psychedelic Gipsy Accordion Circus Waltz BURLESQUE,open,Yes,GenteL RaiN,open,Angus,profile,54,97,405,0,0,2025-11-12,2026-05-11,2026-07-11,Mid-size Playlist (Repeat)
[11] Gladys in Sonderland • SHOWsutra Psychedelic Gipsy Accordion Circus Waltz BURLESQUE,open,Yes,Old Skool,open,ElijahG,profile,0,39,150,0,0,2025-07-21,2026-07-07,2026-07-11,Mid-size Playlist
[11] Gladys in Sonderland • SHOWsutra Psychedelic Gipsy Accordion Circus Waltz BURLESQUE,open,Yes,Chill Xo,open,Jords,profile,0,10,37,0,0,2025-11-05,2025-11-05,2026-07-11,Niche/Emerging Curator
[04] Gladys in Sonderland • SHOWsutra Psychedelic Gentle Gipsy Piano Cello Accordion Waltz Cameo BURLESQUE,open,Yes,Vibes,open,Mehal,profile,105,52,227,0,0,2026-02-16,2026-04-19,2026-07-11,Mid-size Playlist (Repeat)
[04] Gladys in Sonderland • SHOWsutra Psychedelic Gentle Gipsy Piano Cello Accordion Waltz Cameo BURLESQUE,open,Yes,Mehal,open,Mehal,profile,105,83,322,0,0,2026-01-10,2026-03-23,2026-07-11,Mid-size Playlist (Repeat)
[04] Gladys in Sonderland • SHOWsutra Psychedelic Gentle Gipsy Piano Cello Accordion Waltz Cameo BURLESQUE,open,Yes,совы,open,Daryna,profile,4,9,43,0,0,2023-11-28,2025-12-10,2026-07-11,Niche/Emerging Curator
[04] Gladys in Sonderland • SHOWsutra Psychedelic Gentle Gipsy Piano Cello Accordion Waltz Cameo BURLESQUE,open,Yes,mood..?!,open,Alfaa Aa,profile,1,35,118,0,0,2024-04-26,2026-06-11,2026-07-11,Mid-size Playlist
[04] Gladys in Sonderland • SHOWsutra Psychedelic Gentle Gipsy Piano Cello Accordion Waltz Cameo BURLESQUE,open,Yes,Tunes,open,andyc7,profile,5,46,246,0,0,2025-09-18,2026-05-26,2026-07-11,Mid-size Playlist
[04] The (Bloody Mountain) Echo - Vladimir Vysotsky English Cover - BLOWsutra Oh Boy Psychedelic Dodododo Circus BURLESQUE,open,No,bananasutra,open,Fred Anderson,profile,1,445,1526,1,0,2026-07-08,2026-07-08,2026-07-11,Catalog Mirror (Superfan)
[05] The (Bloody Mountain) Echo - Vladimir Vysotsky English Cover - BLOWsutra Gipsy Piano Cello Duende INDIE,open,Yes,bananasutra,open,Fred Anderson,profile,1,445,1526,1,0,2026-07-08,2026-07-08,2026-07-11,Catalog Mirror (Superfan)
[05] The (Bloody Mountain) Echo - Vladimir Vysotsky English Cover - BLOWsutra Gipsy Piano Cello Duende INDIE,open,Yes,Bananasutra!,open,Angus,profile,54,452,1499,1,0,2026-04-08,2026-04-10,2026-07-11,Catalog Mirror (Superfan)
[05] The (Bloody Mountain) Echo - Vladimir Vysotsky English Cover - BLOWsutra Gipsy Piano Cello Duende INDIE,open,Yes,drawing,open,wizard,profile,0,73,290,0,0,2025-08-15,2026-01-30,2026-07-11,Mid-size Playlist
[05] The (Bloody Mountain) Echo - Vladimir Vysotsky English Cover - BLOWsutra Gipsy Piano Cello Duende INDIE,open,Yes,Old School,open,jasen docteur,profile,4,7,24,0,0,2025-07-23,2025-11-19,2026-07-11,Niche/Emerging Curator
[05] The (Bloody Mountain) Echo - Vladimir Vysotsky English Cover - BLOWsutra Gipsy Piano Cello Duende INDIE,open,Yes,tango and more,open,petja,profile,2,59,443,0,0,2021-12-12,2026-07-05,2026-07-11,Mid-size Playlist
[01] The (Bloody Mountain) Echo - Vladimir Vysotsky English Cover - BLOWsutra Poetry Dubs the Bridge DUB,open,No,bananasutra,open,Fred Anderson,profile,1,445,1526,1,0,2026-07-08,2026-07-08,2026-07-11,Catalog Mirror (Superfan)
[01] The (Bloody Mountain) Echo - Vladimir Vysotsky English Cover - BLOWsutra Poetry Dubs the Bridge DUB,open,No,Bananasutra!,open,Angus,profile,54,452,1499,1,0,2026-04-08,2026-04-10,2026-07-11,Catalog Mirror (Superfan)
[01] The (Bloody Mountain) Echo - Vladimir Vysotsky English Cover - BLOWsutra Poetry Dubs the Bridge DUB,open,No,&&*,open,9uzzy,profile,28,249,791,1,0,2025-12-06,2025-12-06,2026-07-11,Catalog Mirror (Superfan)
[03] The (Bloody Mountain) Echo - Vladimir Vysotsky English Cover - BLOWsutra Gipsy Trip Hop Indie LOFI,open,No,bananasutra,open,Fred Anderson,profile,1,445,1526,1,0,2026-07-08,2026-07-08,2026-07-11,Catalog Mirror (Superfan)
[03] The (Bloody Mountain) Echo - Vladimir Vysotsky English Cover - BLOWsutra Gipsy Trip Hop Indie LOFI,open,No,Bananasutra!,open,Angus,profile,54,452,1499,1,0,2026-04-08,2026-04-10,2026-07-11,Catalog Mirror (Superfan)
[02] The (Bloody Mountain) Echo - Vladimir Vysotsky English Cover - BLOWsutra Gipsy La Poesita Cello Indie Folk DUB,open,Yes,bananasutra,open,Fred Anderson,profile,1,445,1526,1,0,2026-07-08,2026-07-08,2026-07-11,Catalog Mirror (Superfan)
[02] The (Bloody Mountain) Echo - Vladimir Vysotsky English Cover - BLOWsutra Gipsy La Poesita Cello Indie Folk DUB,open,Yes,Bananasutra!,open,Angus,profile,54,452,1499,1,0,2026-04-08,2026-04-10,2026-07-11,Catalog Mirror (Superfan)
[02] The (Bloody Mountain) Echo - Vladimir Vysotsky English Cover - BLOWsutra Gipsy La Poesita Cello Indie Folk DUB,open,Yes,&&*,open,9uzzy,profile,28,249,791,1,0,2025-12-06,2025-12-06,2026-07-11,Catalog Mirror (Superfan)
[06] The (Bloody Mountain) Echo - Vladimir Vysotsky English Cover - BLOWsutra Gipsy Trip Hop Piano INDIE,open,No,bananasutra,open,Fred Anderson,profile,1,445,1526,1,0,2026-07-08,2026-07-08,2026-07-11,Catalog Mirror (Superfan)
[01] The Echo Song - Vladimir Vysotsky Cover - Russian BLOWsutra Gipsy Arabesk World Peace Indie Trip Pop LOFI,open,Yes,Bananasutra,open,Lincoln Scott,profile,0,82,270,2,0,2026-05-21,2026-05-27,2026-07-11,Mid-size Playlist (Repeat)
[01] The Echo Song - Vladimir Vysotsky Cover - Russian BLOWsutra Gipsy Arabesk World Peace Indie Trip Pop LOFI,open,Yes,Bananasutra!,open,Angus,profile,54,452,1499,1,0,2026-04-08,2026-04-10,2026-07-11,Catalog Mirror (Superfan)
[03] The Echo Song - Vladimir Vysotsky Cover - Russian BLOWsutra Classic Psychedelic Banjo BLUES,open,Yes,lounge jazz house set,open,Simon Tibor,profile,3,376,9613,1,0,2025-03-05,2026-07-11,2026-07-11,Generic Dump (low signal)
[03] The Echo Song - Vladimir Vysotsky Cover - Russian BLOWsutra Classic Psychedelic Banjo BLUES,open,Yes,Bananasutra!,open,Angus,profile,54,452,1499,1,0,2026-04-08,2026-04-10,2026-07-11,Catalog Mirror (Superfan)
[03] The Echo Song - Vladimir Vysotsky Cover - Russian BLOWsutra Classic Psychedelic Banjo BLUES,open,Yes,class,open,Юля Иванова,profile,1,58,225,0,0,2017-05-06,2026-04-21,2026-07-11,Mid-size Playlist
[03] The Echo Song - Vladimir Vysotsky Cover - Russian BLOWsutra Classic Psychedelic Banjo BLUES,open,Yes,Slow,open,Michelle Nguyen,profile,3,15,55,0,0,2026-01-25,2026-06-07,2026-07-11,Niche/Emerging Curator
[03] The Echo Song - Vladimir Vysotsky Cover - Russian BLOWsutra Classic Psychedelic Banjo BLUES,open,Yes,The Banjo Song Mumford Qué feliz fui de ser yo mismo Y usar mi corazón una vez más,open,AILETH 01,profile,16,5,15,0,0,2026-01-21,2026-01-21,2026-07-11,Niche/Emerging Curator
[03] The Echo Song - Vladimir Vysotsky Cover - Russian BLOWsutra Classic Psychedelic Banjo BLUES,open,Yes,Soul Food,open,Ria,profile,21,41,166,0,0,2025-07-27,2026-02-15,2026-07-11,Mid-size Playlist
[03] The Echo Song - Vladimir Vysotsky Cover - Russian BLOWsutra Classic Psychedelic Banjo BLUES,open,Yes,October,open,Stefan Schlechta,profile,4,35,157,0,0,2025-10-23,2026-07-11,2026-07-11,Mid-size Playlist
[03] The Echo Song - Vladimir Vysotsky Cover - Russian BLOWsutra Classic Psychedelic Banjo BLUES,open,Yes,blues,open,mehdi mehrzad,profile,0,12,142,0,0,2025-11-12,2025-11-12,2026-07-11,Niche/Emerging Curator
[03] The Echo Song - Vladimir Vysotsky Cover - Russian BLOWsutra Classic Psychedelic Banjo BLUES,open,Yes,new25,open,Caro,profile,3,75,396,0,0,2025-02-25,2025-11-16,2026-07-11,Mid-size Playlist
[02] The Echo Song - Vladimir Vysotsky Cover - Russian BLOWsutra Gipsy Arabesk World Peace Indie Trip Pop LOFI,open,Yes,Bananasutra!,open,Angus,profile,54,452,1499,1,0,2026-04-08,2026-04-10,2026-07-11,Catalog Mirror (Superfan)
Side B [08] Oh Martine • BOWsutra Gipsy World LoFi Fusion INDIE,open,Yes,Bananasutra!,open,Angus,profile,54,452,1499,1,0,2026-04-08,2026-04-10,2026-07-11,Catalog Mirror (Superfan)
Side B [08] Oh Martine • BOWsutra Gipsy World LoFi Fusion INDIE,open,Yes,Staccato,open,Claudia Portillo Sánchez,profile,2,1,2,0,0,2025-10-25,2025-10-25,2026-07-11,Niche/Emerging Curator
Side B [11] Oh Martine • BOWsutra French Storyteller Mama Indie LOFI,open,No,Set,open,Noosh Ifti,profile,22,309,1436,1,0,2021-09-04,2026-04-26,2026-07-11,Generic Dump (low signal)
Side B [11] Oh Martine • BOWsutra French Storyteller Mama Indie LOFI,open,No,Smoke,open,Noosh Ifti,profile,22,330,2450,3,0,2019-11-11,2026-04-26,2026-07-11,Generic Dump (low signal)
Side B [09] Oh Martine • BOWsutra Gipsy World LoFi Fusion INDIE,open,No,Bananasutra!,open,Angus,profile,54,452,1499,1,0,2026-04-08,2026-04-10,2026-07-11,Catalog Mirror (Superfan)
Side A [15] Oh Martine • BOWsutra La Poesita Fado World Duende INDIE,open,Yes,Bananasutra!,open,Angus,profile,54,452,1499,1,0,2026-04-08,2026-04-10,2026-07-11,Catalog Mirror (Superfan)
Side A [15] Oh Martine • BOWsutra La Poesita Fado World Duende INDIE,open,Yes,2024,open,Milica,profile,0,108,519,0,0,2024-06-26,2026-05-24,2026-07-11,Mid-size Playlist
Side A [15] Oh Martine • BOWsutra La Poesita Fado World Duende INDIE,open,Yes,R&B Remixes,open,Tiaina,profile,1,42,508,0,0,2023-09-18,2026-04-28,2026-07-11,Mid-size Playlist
Side A [15] Oh Martine • BOWsutra La Poesita Fado World Duende INDIE,open,Yes,RaiNy dAyz!,open,Angus,profile,54,62,243,0,0,2025-11-11,2026-04-08,2026-07-11,Mid-size Playlist (Repeat)
Side A [15] Oh Martine • BOWsutra La Poesita Fado World Duende INDIE,open,Yes,GenteL RaiN,open,Angus,profile,54,97,405,0,0,2025-11-12,2026-05-11,2026-07-11,Mid-size Playlist (Repeat)
Side A [15] Oh Martine • BOWsutra La Poesita Fado World Duende INDIE,open,Yes,Lounge Inn 🏝️,open,Angus,profile,54,62,266,0,0,2025-11-10,2026-04-08,2026-07-11,Mid-size Playlist (Repeat)
Side A [15] Oh Martine • BOWsutra La Poesita Fado World Duende INDIE,open,Yes,BiG AL🙏,open,Angus,profile,54,121,497,0,0,2025-07-29,2026-05-11,2026-07-11,Mid-size Playlist (Repeat)
Side A [15] Oh Martine • BOWsutra La Poesita Fado World Duende INDIE,open,Yes,Slow Ride,open,Gby11,profile,0,9,31,0,0,2025-10-01,2025-11-09,2026-07-11,Niche/Emerging Curator (Repeat)
Side A [15] Oh Martine • BOWsutra La Poesita Fado World Duende INDIE,open,Yes,👀,open,Gby11,profile,0,5,10,0,0,2025-11-06,2025-11-16,2026-07-11,Niche/Emerging Curator (Repeat)
Side B [10] Oh Martine • BOWsutra French Cello Psychedelia Indie LOFI,open,No,Lofi2,open,Kenneth Witte,profile,12,55,147,0,0,2023-06-06,2026-06-29,2026-07-11,Mid-size Playlist
Side B [10] Oh Martine • BOWsutra French Cello Psychedelia Indie LOFI,open,No,Ritm,open,Anait Gurgenyan,profile,0,105,458,0,0,2025-10-23,2026-07-07,2026-07-11,Mid-size Playlist
Side B [13] Oh Martine • BOWsutra French Folk Poetry DUB,open,No,&&*,open,9uzzy,profile,28,249,791,1,0,2025-12-06,2025-12-06,2026-07-11,Catalog Mirror (Superfan)
Side A [13] Oh Martine • BOWsutra La Poesita Fado World Duende INDIE,open,Yes,Chill vocal songs,open,ABSatan,profile,10,3,12,0,0,2025-11-11,2025-11-11,2026-07-11,Niche/Emerging Curator
Side A [13] Oh Martine • BOWsutra La Poesita Fado World Duende INDIE,open,Yes,brasil,open,ÉletInda Edina,profile,8,25,101,0,0,2024-03-07,2026-05-01,2026-07-11,Niche/Emerging Curator
Side B [05] Oh Martine • BOWsutra Alternative Post-Punk French Burlesque ROCK,open,No,Wiegenmonat 2025,open,Frau Mut,profile,16,33,113,0,0,2025-10-12,2025-11-06,2026-07-11,Mid-size Playlist
Side B [01] Oh Martine • BOWsutra Ethereal French BLUES,open,No,Bananasutra!,open,Angus,profile,54,452,1499,1,0,2026-04-08,2026-04-10,2026-07-11,Catalog Mirror (Superfan)
Side B [01] Oh Martine • BOWsutra Ethereal French BLUES,open,No,alternative music,open,User 396032683,profile,1,16,174,0,0,2025-05-18,2026-05-25,2026-07-11,Niche/Emerging Curator
Side A [02] Oh Martine • BOWsutra Oh Boy French Accordion Circus Jazz BURLESQUE,open,No,french music,open,ichanpomsyda03,profile,1,75,236,0,0,2026-07-01,2026-07-01,2026-07-11,Mid-size Playlist
Side A [02] Oh Martine • BOWsutra Oh Boy French Accordion Circus Jazz BURLESQUE,open,No,Varie,open,Lobsangrampa,profile,1,39,144,0,0,2025-07-12,2026-05-21,2026-07-11,Mid-size Playlist
Side A [01] Oh Martine • BOWsutra French Accordion Tango Circus Jazz INDIE,open,No,french music,open,ichanpomsyda03,profile,1,75,236,0,0,2026-07-01,2026-07-01,2026-07-11,Mid-size Playlist
Side A [01] Oh Martine • BOWsutra French Accordion Tango Circus Jazz INDIE,open,No,mine,open,Dua,profile,0,44,210,0,0,2025-09-30,2026-06-25,2026-07-11,Mid-size Playlist
Side A [03] Oh Martine • BOWsutra Cheeky Piano Bar Kittens BURLESQUE,open,Yes,Bananasutra,open,Lincoln Scott,profile,0,82,270,2,0,2026-05-21,2026-05-27,2026-07-11,Mid-size Playlist (Repeat)
Side A [04] Oh Martine • BOWsutra Cheeky Piano Bar Kittens BURLESQUE,open,Yes,Bananasutra!,open,Angus,profile,54,452,1499,1,0,2026-04-08,2026-04-10,2026-07-11,Catalog Mirror (Superfan)
Side A [07] Oh Martine • BOWsutra French Psychedelic Cello Indie JAZZ,open,Yes,Bananasutra!,open,Angus,profile,54,452,1499,1,0,2026-04-08,2026-04-10,2026-07-11,Catalog Mirror (Superfan)
Side A [07] Oh Martine • BOWsutra French Psychedelic Cello Indie JAZZ,open,Yes,pop_Rock,open,Azad,profile,8,109,672,0,0,2016-04-27,2025-11-11,2026-07-11,Mid-size Playlist
Side A [07] Oh Martine • BOWsutra French Psychedelic Cello Indie JAZZ,open,Yes,Indi chill,open,Ok_Tony       [INSTA+FB],profile,83,33,339,0,0,2025-11-09,2026-06-18,2026-07-11,Mid-size Playlist
Side A [07] Oh Martine • BOWsutra French Psychedelic Cello Indie JAZZ,open,Yes,Spanish Vibes 🔥,open,Zeyana,profile,0,2,5,0,0,2025-10-05,2025-11-09,2026-07-11,Niche/Emerging Curator
Side B [10] CREEPYPASTA • SHOWsutra Rebound & Rise Ragga LoFi DUB,open,No,Bananasutra!,open,Angus,profile,54,452,1499,1,0,2026-04-08,2026-04-10,2026-07-11,Catalog Mirror (Superfan)
Side B [10] CREEPYPASTA • SHOWsutra Rebound & Rise Ragga LoFi DUB,open,No,Lofi Dub,open,Jacob,profile,4,47,191,0,0,2025-12-30,2026-06-25,2026-07-11,Mid-size Playlist
Side B [10] CREEPYPASTA • SHOWsutra Rebound & Rise Ragga LoFi DUB,open,No,&&*,open,9uzzy,profile,28,249,791,1,0,2025-12-06,2025-12-06,2026-07-11,Catalog Mirror (Superfan)
Side B [10] CREEPYPASTA • SHOWsutra Rebound & Rise Ragga LoFi DUB,open,No,Lofidub,open,DJ OCTAVIUS,profile,30,47,191,0,0,2025-09-26,2025-11-19,2026-07-11,Mid-size Playlist
Side B [04] CREEPYPASTA • SHOWsutra Psychedelic Cello Indie LOFI,open,No,&&*,open,9uzzy,profile,28,249,791,1,0,2025-12-06,2025-12-06,2026-07-11,Catalog Mirror (Superfan)
Side B [09] CREEPYPASTA • SHOWsutra What Shall We Hope For Ragga DUB,open,No,&&*,open,9uzzy,profile,28,249,791,1,0,2025-12-06,2025-12-06,2026-07-11,Catalog Mirror (Superfan)
Side B [08] CREEPYPASTA • SHOWsutra What Shall We Hope For Ragga DUB,open,No,Bananasutra!,open,Angus,profile,54,452,1499,1,0,2026-04-08,2026-04-10,2026-07-11,Catalog Mirror (Superfan)
Side B [08] CREEPYPASTA • SHOWsutra What Shall We Hope For Ragga DUB,open,No,&&*,open,9uzzy,profile,28,249,791,1,0,2025-12-06,2025-12-06,2026-07-11,Catalog Mirror (Superfan)
Side A [13] CREEPYPASTA • SHOWsutra Psychedelic Post-Punk Gipsy Chanson BURLESQUE,open,No,👾👾,open,Yeon Do,profile,1,41,707,0,0,2025-09-16,2026-06-23,2026-07-11,Mid-size Playlist
Side B [10] CREEPYPASTA • SHOWsutra Rebound & Rise Ragga LoFi DUB,open,No,Bananasutra!,open,Angus,profile,54,452,1499,1,0,2026-04-08,2026-04-10,2026-07-11,Catalog Mirror (Superfan)
Side B [10] CREEPYPASTA • SHOWsutra Rebound & Rise Ragga LoFi DUB,open,No,&&*,open,9uzzy,profile,28,249,791,1,0,2025-12-06,2025-12-06,2026-07-11,Catalog Mirror (Superfan)
Side B [02] CREEPYPASTA • SHOWsutra Trip Storyteller LOFI,open,Yes,Bananasutra!,open,Angus,profile,54,452,1499,1,0,2026-04-08,2026-04-10,2026-07-11,Catalog Mirror (Superfan)
Side B [02] CREEPYPASTA • SHOWsutra Trip Storyteller LOFI,open,Yes,•Vibes•,open,🕊️Jesuswalkswithmeee🕊️,profile,1,53,198,0,0,2025-12-20,2026-07-08,2026-07-11,Mid-size Playlist
Side B [02] CREEPYPASTA • SHOWsutra Trip Storyteller LOFI,open,Yes,beans,open,Christian Duncan,profile,0,58,284,0,0,2025-01-29,2025-12-15,2026-07-11,Mid-size Playlist
Side B [02] CREEPYPASTA • SHOWsutra Trip Storyteller LOFI,open,Yes,Slow Ride,open,Gby11,profile,0,9,31,0,0,2025-10-01,2025-11-09,2026-07-11,Niche/Emerging Curator (Repeat)
Side B [02] CREEPYPASTA • SHOWsutra Trip Storyteller LOFI,open,Yes,💀💀💀,open,GaRiK,profile,3,87,300,0,0,2022-06-19,2026-06-28,2026-07-11,Mid-size Playlist
Side B [02] CREEPYPASTA • SHOWsutra Trip Storyteller LOFI,open,Yes,Tooted,open,Alex Jay 10,profile,42,66,229,0,0,2025-09-06,2025-11-29,2026-07-11,Mid-size Playlist
Side B [06] CREEPYPASTA • SHOWsutra Psychedelic Indie Cello LOFI,open,No,Bananasutra!,open,Angus,profile,54,452,1499,1,0,2026-04-08,2026-04-10,2026-07-11,Catalog Mirror (Superfan)
Side B [07] CREEPYPASTA • SHOWsutra Anonymous DUBSTEP,open,No,&&*,open,9uzzy,profile,28,249,791,1,0,2025-12-06,2025-12-06,2026-07-11,Catalog Mirror (Superfan)
Side B [08] CREEPYPASTA • SHOWsutra What Shall We Hope For Ragga DUB,open,No,&&*,open,9uzzy,profile,28,249,791,1,0,2025-12-06,2025-12-06,2026-07-11,Catalog Mirror (Superfan)
Side B [09] CREEPYPASTA • SHOWsutra What Shall We Hope For Ragga DUB,open,No,&&*,open,9uzzy,profile,28,249,791,1,0,2025-12-06,2025-12-06,2026-07-11,Catalog Mirror (Superfan)
Side B [01] CREEPYPASTA • SHOWsutra Trip Storyteller LOFI,open,Yes,Bananasutra!,open,Angus,profile,54,452,1499,1,0,2026-04-08,2026-04-10,2026-07-11,Catalog Mirror (Superfan)
Side A [01] READ ME HARDER (BB for Banned Books) - SHOWsutra Cello Accordion Tango Burlesque JAZZ,open,No,Wiegenmonat 2025,open,Frau Mut,profile,16,33,113,0,0,2025-10-12,2025-11-06,2026-07-11,Mid-size Playlist
Side B [09] READ ME HARDER (BB for Banned Books) - SHOWsutra She Wanna Know Jazzy LoFi Indie DUB,open,No,Bananasutra!,open,Angus,profile,54,452,1499,1,0,2026-04-08,2026-04-10,2026-07-11,Catalog Mirror (Superfan)
Side B [09] READ ME HARDER (BB for Banned Books) - SHOWsutra She Wanna Know Jazzy LoFi Indie DUB,open,No,&&*,open,9uzzy,profile,28,249,791,1,0,2025-12-06,2025-12-06,2026-07-11,Catalog Mirror (Superfan)
Side B [10] READ ME HARDER (BB for Banned Books) - SHOWsutra She Wanna Know Jazzy LoFi Indie DUB,open,Yes,Bananasutra!,open,Angus,profile,54,452,1499,1,0,2026-04-08,2026-04-10,2026-07-11,Catalog Mirror (Superfan)
Side B [10] READ ME HARDER (BB for Banned Books) - SHOWsutra She Wanna Know Jazzy LoFi Indie DUB,open,Yes,&&*,open,9uzzy,profile,28,249,791,1,0,2025-12-06,2025-12-06,2026-07-11,Catalog Mirror (Superfan)
Side B [10] READ ME HARDER (BB for Banned Books) - SHOWsutra She Wanna Know Jazzy LoFi Indie DUB,open,Yes,Spirit Bird,open,Anya Bolshakova,profile,7,14,64,0,0,2025-11-07,2025-12-15,2026-07-11,Niche/Emerging Curator
Side B [10] READ ME HARDER (BB for Banned Books) - SHOWsutra She Wanna Know Jazzy LoFi Indie DUB,open,Yes,John,open,Tau,profile,1,388,1767,0,0,2025-07-13,2026-06-02,2026-07-11,Generic Dump (low signal)
Side B [10] READ ME HARDER (BB for Banned Books) - SHOWsutra She Wanna Know Jazzy LoFi Indie DUB,open,Yes,reggae 4 everybody,open,🔆 PAPER DOG 🔆,profile,11,14,53,0,0,2025-10-11,2026-05-21,2026-07-11,Niche/Emerging Curator
Side B [05] READ ME HARDER (BB for Banned Books) - SHOWsutra Psychedelic Destiny Banjo BLUES,open,No,Bananasutra!,open,Angus,profile,54,452,1499,1,0,2026-04-08,2026-04-10,2026-07-11,Catalog Mirror (Superfan)
Side B [04] READ ME HARDER (BB for Banned Books) - SHOWsutra Psychedelic Destiny Banjo BLUES,open,Yes,Bananasutra!,open,Angus,profile,54,452,1499,1,0,2026-04-08,2026-04-10,2026-07-11,Catalog Mirror (Superfan)
Side A [04] BB is for Banned Books - SHOWsutra Gypsy Hip Hop Fusion BURLESQUE,open,No,Bananasutra!,open,Angus,profile,54,452,1499,1,0,2026-04-08,2026-04-10,2026-07-11,Catalog Mirror (Superfan)
Side A [03] BB is for Banned Books - SHOWsutra Gypsy Hip Hop Fusion BURLESQUE,open,Yes,Bananasutra!,open,Angus,profile,54,452,1499,1,0,2026-04-08,2026-04-10,2026-07-11,Catalog Mirror (Superfan)
Side A [05] READ ME HARDER (BB is for Banned Books) - SHOWsutra Gypsy Hip Hop Rebellion BURLESQUE,open,Yes,realest,open,Streetdweller,profile,404,298,845,6,0,2024-05-29,2026-07-04,2026-07-11,Generic Dump (low signal)
Side A [05] READ ME HARDER (BB is for Banned Books) - SHOWsutra Gypsy Hip Hop Rebellion BURLESQUE,open,Yes,Bananasutra!,open,Angus,profile,54,452,1499,1,0,2026-04-08,2026-04-10,2026-07-11,Catalog Mirror (Superfan)
Side A [05] READ ME HARDER (BB is for Banned Books) - SHOWsutra Gypsy Hip Hop Rebellion BURLESQUE,open,Yes,Tyc,open,Captain_Jayoon,profile,2,49,164,1,0,2025-12-13,2025-12-18,2026-07-11,Mid-size Playlist
"[10] Hi, My Name Is (Not Céline Dion) - SHOWsutra Gipsy Fusion Trip Hop World LOFI",open,No,Bananasutra!,open,Angus,profile,54,452,1499,1,0,2026-04-08,2026-04-10,2026-07-11,Catalog Mirror (Superfan)
"[11] Hi, My Name Is (Not Céline Dion) - SHOWsutra Gipsy Fusion Trip Hop World LOFI",open,No,Bananasutra!,open,Angus,profile,54,452,1499,1,0,2026-04-08,2026-04-10,2026-07-11,Catalog Mirror (Superfan)
"[04] Hi, My Name Is (Not Céline Dion) - SHOWsutea Gipsy Fusion Trip Hop World LOFI",open,No,Bananasutra!,open,Angus,profile,54,452,1499,1,0,2026-04-08,2026-04-10,2026-07-11,Catalog Mirror (Superfan)
"[04] Hi, My Name Is (Not Céline Dion) - SHOWsutea Gipsy Fusion Trip Hop World LOFI",open,No,Just Me,open,Alina Anh,profile,0,3,11,0,0,2025-10-18,2025-10-18,2026-07-11,Niche/Emerging Curator
"[03] Hi, My Name Is (Not Céline Dion) - SHOWsutra Gipsy Fusion Trip Hop World LOFI",open,No,Bananasutra!,open,Angus,profile,54,452,1499,1,0,2026-04-08,2026-04-10,2026-07-11,Catalog Mirror (Superfan)
"[03] Hi, My Name Is (Not Céline Dion) - SHOWsutra Gipsy Fusion Trip Hop World LOFI",open,No,MoM•Sg•Triphop-III,open,MixOmatoZ ♥ x ∞,profile,199,11,45,0,0,2025-10-19,2026-04-09,2026-07-11,Priority Curator
"[03] Hi, My Name Is (Not Céline Dion) - SHOWsutra Gipsy Fusion Trip Hop World LOFI",open,No,"October 17, 2025",open,User 268705089,profile,0,13,46,0,0,2025-10-17,2026-01-28,2026-07-11,Niche/Emerging Curator
"[03] Hi, My Name Is (Not Céline Dion) - SHOWsutra Gipsy Fusion Trip Hop World LOFI",open,No,Soul,open,Trinity Hakim,profile,0,89,298,0,0,2025-09-04,2026-01-12,2026-07-11,Mid-size Playlist
"[05] Hi, My Name Is (Not Céline Dion) - SHOWsutra Gipsy Fusion Trip Hop World LOFI",open,No,Just Me,open,Alina Anh,profile,0,3,11,0,0,2025-10-18,2025-10-18,2026-07-11,Niche/Emerging Curator
"[01] Hi, My Name Is (Not Céline Dion) - SHOWsutra Gipsy Fusion Trip Hop World LOFI",open,No,Bananasutra!,open,Angus,profile,54,452,1499,1,0,2026-04-08,2026-04-10,2026-07-11,Catalog Mirror (Superfan)
"[07] Hi, My Name Is (Not Céline Dion) - SHOWsutea Gipsy Fusion Trip Hop World LOFI",open,No,Neo Soul 💆🏽‍♀️💕🦋,open,Tia Maria ❤️,profile,4,8,390,0,0,2025-10-07,2025-12-07,2026-07-11,Niche/Emerging Curator
"[10] Hi, My Name Is (Not Celine Dion) • SHOWsutra Cello Circus Waltz BURLESQUE",open,No,Varie,open,Lobsangrampa,profile,1,39,144,0,0,2025-07-12,2026-05-21,2026-07-11,Mid-size Playlist
"[11] Hi, My Name Is (Not Celine Dion) • SHOWsutra Cello Circus Waltz BURLESQUE",open,Yes,sobat tije,open,Deven Timoti,profile,0,17,73,0,0,2025-10-08,2025-12-05,2026-07-11,Niche/Emerging Curator
"[01] Hi, My Name Is (Not Celine Dion) - SHOWsutra Bluesy Burlesque DUB",open,No,&&*,open,9uzzy,profile,28,249,791,1,0,2025-12-06,2025-12-06,2026-07-11,Catalog Mirror (Superfan)
[05] Hammy on Clyde - SHOWsutra Cello JAZZ LOFI,open,No,Bananasutra!,open,Angus,profile,54,452,1499,1,0,2026-04-08,2026-04-10,2026-07-11,Catalog Mirror (Superfan)
[03] Hammy on Clyde - SHOWsutra Psy Gipsy Blues JAZZ,open,No,Jazzy,open,Ischia,profile,1,170,861,1,0,2024-04-25,2026-07-11,2026-07-11,Mid-size Playlist
[04] Hammy on Clyde - SHOWsutra Psy Gipsy Blues JAZZ,open,Yes,winter Ball. 🥳❄☃️,open,DJ Dionysus 🚬🤩🍯,profile,34,206,709,0,0,2021-10-07,2026-02-16,2026-07-11,Generic Dump (low signal)
[04] Hammy on Clyde - SHOWsutra Psy Gipsy Blues JAZZ,open,Yes,Smoking cafe./ Elevator Music,open,DJ Dionysus 🚬🤩🍯,profile,34,271,925,2,0,2021-07-30,2026-06-02,2026-07-11,Generic Dump (low signal)
[04] Hammy on Clyde - SHOWsutra Psy Gipsy Blues JAZZ,open,Yes,Copy of BOWsutra : (Thank) Dogs,open,Jean Claude Souza,profile,44,10,35,1,0,2025-12-11,2025-12-11,2026-07-11,Niche/Emerging Curator (Repeat)
[02] Hammy on Clyde - Queen of Authentic FOLK,open,No,Bananasutra!,open,Angus,profile,54,452,1499,1,0,2026-04-08,2026-04-10,2026-07-11,Catalog Mirror (Superfan)
[08] Hammy on Clyde - SHOWsutra Cheeky DUB,open,No,Late Morning Beats,open,Angus,profile,54,123,532,0,0,2026-01-30,2026-05-10,2026-07-11,Mid-size Playlist (Repeat)
[08] Hammy on Clyde - SHOWsutra Cheeky DUB,open,No,Bananasutra!,open,Angus,profile,54,452,1499,1,0,2026-04-08,2026-04-10,2026-07-11,Catalog Mirror (Superfan)
[08] Hammy on Clyde - SHOWsutra Cheeky DUB,open,No,&&*,open,9uzzy,profile,28,249,791,1,0,2025-12-06,2025-12-06,2026-07-11,Catalog Mirror (Superfan)
[07] Hammy on Clyde - SHOWsutra Cheeky DUB,open,No,&&*,open,9uzzy,profile,28,249,791,1,0,2025-12-06,2025-12-06,2026-07-11,Catalog Mirror (Superfan)
[32] Letter to My Friend (Never Again) • GROWsutra She Wanna Know PsyBass Circus JAZZ,open,Yes,🍁🚭,open,Jvzinn Jvzinn,profile,5,6,22,0,0,2025-10-19,2025-10-19,2026-07-11,Niche/Emerging Curator
[23] Letter to My Friend (Never Again) • Gipsy Peace Duende Soul Fusion INDIE LOFI,open,Yes,Bananasutra!,open,Angus,profile,54,452,1499,1,0,2026-04-08,2026-04-10,2026-07-11,Catalog Mirror (Superfan)
[23] Letter to My Friend (Never Again) • Gipsy Peace Duende Soul Fusion INDIE LOFI,open,Yes,New private playlist,open,Yasmine Berichi,profile,5,183,1855,0,0,2015-07-18,2026-05-13,2026-07-11,Mid-size Playlist
[23] Letter to My Friend (Never Again) • Gipsy Peace Duende Soul Fusion INDIE LOFI,open,Yes,dub,open,Simon Tibor,profile,3,92,1095,0,0,2022-07-05,2026-07-10,2026-07-11,Mid-size Playlist (Repeat)
[23] Letter to My Friend (Never Again) • Gipsy Peace Duende Soul Fusion INDIE LOFI,open,Yes,best,open,shayan rs,profile,1,67,325,0,0,2025-10-24,2026-07-02,2026-07-11,Mid-size Playlist (Repeat)
[23] Letter to My Friend (Never Again) • Gipsy Peace Duende Soul Fusion INDIE LOFI,open,Yes,Aftertheparty,open,jcoleman88ttr,profile,14,48,181,0,0,2025-05-28,2026-03-23,2026-07-11,Mid-size Playlist (Repeat)
[23] Letter to My Friend (Never Again) • Gipsy Peace Duende Soul Fusion INDIE LOFI,open,Yes,Party music,open,jcoleman88ttr,profile,14,64,294,0,0,2025-07-12,2026-04-01,2026-07-11,Mid-size Playlist (Repeat)
[23] Letter to My Friend (Never Again) • Gipsy Peace Duende Soul Fusion INDIE LOFI,open,Yes,Jungle,open,jcoleman88ttr,profile,14,20,72,0,0,2025-07-15,2025-11-21,2026-07-11,Niche/Emerging Curator (Repeat)
[23] Letter to My Friend (Never Again) • Gipsy Peace Duende Soul Fusion INDIE LOFI,open,Yes,Nivek,open,55cancri e Composition 💎,profile,14,495,2140,0,0,2025-09-07,2025-10-24,2026-07-11,Generic Dump (low signal)
[23] Letter to My Friend (Never Again) • Gipsy Peace Duende Soul Fusion INDIE LOFI,open,Yes,Ongoing Vibes 81,open,"T'CHALLA 4EVA👑🕊 BLKPMatter, Educate yourselves",profile,218,81,474,0,0,2025-10-20,2025-11-01,2026-07-11,Mid-size Playlist
[23] Letter to My Friend (Never Again) • Gipsy Peace Duende Soul Fusion INDIE LOFI,open,Yes,DOPE,open,Prodigy5002,profile,22,80,385,1,0,2015-10-21,2026-01-17,2026-07-11,Mid-size Playlist
[23] Letter to My Friend (Never Again) • Gipsy Peace Duende Soul Fusion INDIE LOFI,open,Yes,fav🧡,open,Madoroots,profile,0,18,83,0,0,2025-10-18,2025-10-18,2026-07-11,Niche/Emerging Curator
[23] Letter to My Friend (Never Again) • Gipsy Peace Duende Soul Fusion INDIE LOFI,open,Yes,Mix 06 ( nostalgia ),open,ehsan allasvand,profile,2,22,93,0,0,2025-10-18,2025-12-01,2026-07-11,Niche/Emerging Curator
[39] Letter to My Friend (Never Again) • GROWsutra PsyDestiny Banjo BLUES,open,Yes,Bananasutra!,open,Angus,profile,54,452,1499,1,0,2026-04-08,2026-04-10,2026-07-11,Catalog Mirror (Superfan)
[39] Letter to My Friend (Never Again) • GROWsutra PsyDestiny Banjo BLUES,open,Yes,Donn,open,Helio Correa,profile,4,37,133,1,0,2025-11-28,2026-02-03,2026-07-11,Mid-size Playlist
[39] Letter to My Friend (Never Again) • GROWsutra PsyDestiny Banjo BLUES,open,Yes,best,open,shayan rs,profile,1,67,325,0,0,2025-10-24,2026-07-02,2026-07-11,Mid-size Playlist (Repeat)
[39] Letter to My Friend (Never Again) • GROWsutra PsyDestiny Banjo BLUES,open,Yes,ras i mix,open,Rupert Gabriel,profile,2,89,903,0,0,2025-02-28,2026-06-16,2026-07-11,Mid-size Playlist
[29] Letter to My Friend (Never Again) • GROWsutra Jazzy Hop BRUH LOFI,open,No,Late Morning Beats,open,Angus,profile,54,123,532,0,0,2026-01-30,2026-05-10,2026-07-11,Mid-size Playlist (Repeat)
[29] Letter to My Friend (Never Again) • GROWsutra Jazzy Hop BRUH LOFI,open,No,Bananasutra!,open,Angus,profile,54,452,1499,1,0,2026-04-08,2026-04-10,2026-07-11,Catalog Mirror (Superfan)
[19] Letter to My Friend (Never Again) • Gipsy Peace Duende Soul Fusion INDIE LOFI,open,Yes,Bananasutra!,open,Angus,profile,54,452,1499,1,0,2026-04-08,2026-04-10,2026-07-11,Catalog Mirror (Superfan)
[27] Letter to My Friend (Never Again) • GROWsutra Jazzy Hop Storyteller LOFI 02,open,Yes,GenteL RaiN,open,Angus,profile,54,97,405,0,0,2025-11-12,2026-05-11,2026-07-11,Mid-size Playlist (Repeat)
[27] Letter to My Friend (Never Again) • GROWsutra Jazzy Hop Storyteller LOFI 02,open,Yes,Late Morning Beats,open,Angus,profile,54,123,532,0,0,2026-01-30,2026-05-10,2026-07-11,Mid-size Playlist (Repeat)
[27] Letter to My Friend (Never Again) • GROWsutra Jazzy Hop Storyteller LOFI 02,open,Yes,Bananasutra!,open,Angus,profile,54,452,1499,1,0,2026-04-08,2026-04-10,2026-07-11,Catalog Mirror (Superfan)
[38] Letter to My Friend (Never Again) • GROWsutra PsyDestiny Banjo BLUES,open,No,Taxi,open,Abdel,profile,0,136,626,0,0,2025-09-21,2026-05-31,2026-07-11,Mid-size Playlist
[31] Letter to My Friend (Never Again) • GROWsutra She Wanna Know PsyBass Circus JAZZ,open,Yes,Reggae🇯🇲,open,Hulices Felix,profile,0,76,245,0,0,2025-11-13,2026-05-22,2026-07-11,Mid-size Playlist (Repeat)
[31] Letter to My Friend (Never Again) • GROWsutra She Wanna Know PsyBass Circus JAZZ,open,Yes,Jazzy Blues💙,open,Hulices Felix,profile,0,4,13,0,0,2025-11-24,2026-04-10,2026-07-11,Niche/Emerging Curator (Repeat)
[31] Letter to My Friend (Never Again) • GROWsutra She Wanna Know PsyBass Circus JAZZ,open,Yes,Vibezz,open,Kisgarbo Daniel,profile,0,26,95,0,0,2025-07-04,2026-01-14,2026-07-11,Niche/Emerging Curator
[41] Letter to My Friend (Never Again) • GROWsutra F-Bomb Peace Drum LOFI MANTRA,open,No,2025 6 🎧,open,Kedrick Dial,profile,13,466,1309,1,0,2025-09-30,2026-03-13,2026-07-11,Generic Dump (low signal)
[21] Letter to My Friend (Never Again) • Gipsy Peace Duende Soul Fusion INDIE LOFI,open,Yes,Donn,open,Helio Correa,profile,4,37,133,1,0,2025-11-28,2026-02-03,2026-07-11,Mid-size Playlist
[24] Letter to My Friend (Never Again) • Gipsy Peace Duende Soul Fusion INDIE LOFI,open,No,Popping,open,Serenity Weiss,profile,1,39,460,0,0,2025-02-11,2026-07-07,2026-07-11,Mid-size Playlist
[24] Letter to My Friend (Never Again) • Gipsy Peace Duende Soul Fusion INDIE LOFI,open,No,Mondaze’s,open,Uzuvi,profile,75,45,330,0,0,2018-11-26,2026-02-05,2026-07-11,Mid-size Playlist
[18] Letter to My Friend (Never Again) • Gipsy Peace Duende Soul Fusion INDIE LOFI,open,Yes,Untitled playlist,open,Donavon Hill,profile,0,38,155,0,0,2025-07-23,2026-04-20,2026-07-11,Mid-size Playlist (Repeat)
[18] Letter to My Friend (Never Again) • Gipsy Peace Duende Soul Fusion INDIE LOFI,open,Yes,Peace,open,Donavon Hill,profile,0,53,193,0,0,2025-07-23,2026-05-22,2026-07-11,Mid-size Playlist (Repeat)
[18] Letter to My Friend (Never Again) • Gipsy Peace Duende Soul Fusion INDIE LOFI,open,Yes,Untitled playlist,open,Donavon Hill,profile,0,54,225,0,0,2025-07-25,2026-04-20,2026-07-11,Mid-size Playlist (Repeat)
[18] Letter to My Friend (Never Again) • Gipsy Peace Duende Soul Fusion INDIE LOFI,open,Yes,Sexy,open,Zoe Kouremenos,profile,60,117,388,2,0,2022-02-11,2026-07-05,2026-07-11,Mid-size Playlist
[15] Letter to My Friend (Never Again) - GROWsutra Tzigane Arabesk Soul Peace Fusion Gipsy INDIE,open,Yes,Copy of R And B Edits,open,Zachery Jones 3,profile,80,495,1659,0,0,2026-03-31,2026-03-31,2026-07-11,Generic Dump (low signal)
[15] Letter to My Friend (Never Again) - GROWsutra Tzigane Arabesk Soul Peace Fusion Gipsy INDIE,open,Yes,anything,open,Wisteria_dnb,profile,102,255,1170,3,0,2020-09-15,2026-06-16,2026-07-11,Generic Dump (low signal)
[15] Letter to My Friend (Never Again) - GROWsutra Tzigane Arabesk Soul Peace Fusion Gipsy INDIE,open,Yes,Smooth,open,Tlendi,profile,1,63,216,0,0,2025-12-02,2026-02-23,2026-07-11,Mid-size Playlist
[15] Letter to My Friend (Never Again) - GROWsutra Tzigane Arabesk Soul Peace Fusion Gipsy INDIE,open,Yes,25SlowdDnwd,open,user134171837,profile,0,28,209,0,0,2025-04-14,2026-04-27,2026-07-11,Niche/Emerging Curator (Repeat)
[15] Letter to My Friend (Never Again) - GROWsutra Tzigane Arabesk Soul Peace Fusion Gipsy INDIE,open,Yes,Love💔,open,Daryn,profile,0,128,478,0,0,2025-09-26,2026-03-16,2026-07-11,Mid-size Playlist (Repeat)
[15] Letter to My Friend (Never Again) - GROWsutra Tzigane Arabesk Soul Peace Fusion Gipsy INDIE,open,Yes,DiscoverDaCheckout,open,user134171837,profile,0,197,662,0,0,2025-10-19,2026-03-09,2026-07-11,Mid-size Playlist (Repeat)
[15] Letter to My Friend (Never Again) - GROWsutra Tzigane Arabesk Soul Peace Fusion Gipsy INDIE,open,Yes,Француз 🥖🇫🇷💂‍♂️,open,Daryn,profile,0,17,59,0,0,2025-10-20,2026-03-03,2026-07-11,Niche/Emerging Curator (Repeat)
[15] Letter to My Friend (Never Again) - GROWsutra Tzigane Arabesk Soul Peace Fusion Gipsy INDIE,open,Yes,jazzik,open,dddda,profile,0,11,39,0,0,2025-10-11,2025-11-02,2026-07-11,Niche/Emerging Curator
[15] Letter to My Friend (Never Again) - GROWsutra Tzigane Arabesk Soul Peace Fusion Gipsy INDIE,open,Yes,R And B Edits,open,timaustin,profile,24,496,1666,14,0,2025-10-07,2026-05-14,2026-07-11,Generic Dump (low signal)
[40] Letter to My Friend (Never Again) • GROWsutra F-Bomb Peace Drum LOFI MANTRA,open,No,New Mix,open,User 753576165,profile,0,144,657,0,0,2025-10-10,2026-06-16,2026-07-11,Mid-size Playlist
[28] Letter to My Friend (Never Again) • GROWsutra Jazzy Hop Storyteller LOFI 03,open,Yes,Random,open,nolo,profile,7,3,21,0,0,2025-10-18,2025-10-26,2026-07-11,Niche/Emerging Curator
[28] Letter to My Friend (Never Again) • GROWsutra Jazzy Hop Storyteller LOFI 03,open,Yes,Bump Houser,open,Bluelens,profile,57,8,24,0,0,2025-10-20,2025-10-28,2026-07-11,Priority Curator
[08] Letter to My Friend (Never Again) - GROWsutra Tzigane Arabesk Soul Peace Fusion Gipsy INDIE,open,Yes,dance mashin,open,mahdieh lotfi,profile,0,14,120,0,0,2025-11-07,2025-12-09,2026-07-11,Niche/Emerging Curator
[26] Letter to My Friend (Never Again) • Gipsy Peace Duende Soul Fusion INDIE LOFI,open,Yes,Chillinbillinnokillin,open,Lionel Latorre,profile,2,28,80,2,0,2025-10-18,2026-05-12,2026-07-11,Niche/Emerging Curator
[12] Letter to My Friend (Never Again) - GROWsutra Tzigane Arabesk Soul Peace Fusion Gipsy INDIE,open,Yes,Soul Food,open,Ria,profile,21,41,166,0,0,2025-07-27,2026-02-15,2026-07-11,Mid-size Playlist
[12] Letter to My Friend (Never Again) - GROWsutra Tzigane Arabesk Soul Peace Fusion Gipsy INDIE,open,Yes,dub,open,Simon Tibor,profile,3,92,1095,0,0,2022-07-05,2026-07-10,2026-07-11,Mid-size Playlist (Repeat)
[12] Letter to My Friend (Never Again) - GROWsutra Tzigane Arabesk Soul Peace Fusion Gipsy INDIE,open,Yes,Untitled Playlist,open,Jhh,profile,0,4,14,0,0,2025-12-10,2025-12-10,2026-07-11,Niche/Emerging Curator (Repeat)
[12] Letter to My Friend (Never Again) - GROWsutra Tzigane Arabesk Soul Peace Fusion Gipsy INDIE,open,Yes,Panino Di Marco,open,Nazanin_vagidi_1995,profile,0,14,43,0,0,2025-08-31,2026-01-15,2026-07-11,Niche/Emerging Curator
[12] Letter to My Friend (Never Again) - GROWsutra Tzigane Arabesk Soul Peace Fusion Gipsy INDIE,open,Yes,Donn,open,Helio Correa,profile,4,37,133,1,0,2025-11-28,2026-02-03,2026-07-11,Mid-size Playlist
[12] Letter to My Friend (Never Again) - GROWsutra Tzigane Arabesk Soul Peace Fusion Gipsy INDIE,open,Yes,posey 23,open,Marc-antøine Marcø Caløin,profile,49,8,31,0,0,2025-09-22,2026-02-23,2026-07-11,Niche/Emerging Curator
[12] Letter to My Friend (Never Again) - GROWsutra Tzigane Arabesk Soul Peace Fusion Gipsy INDIE,open,Yes,rahat olcan babacan,open,Burak Xeblax,profile,3,9,35,2,0,2024-12-26,2026-04-21,2026-07-11,Niche/Emerging Curator
[17] Letter to My Friend (Never Again) • Gipsy Peace Duende Soul Fusion INDIE LOFI,open,Yes,Let’s Hang Out,open,lookingforandrew,profile,17,10,39,0,0,2025-07-13,2026-02-14,2026-07-11,Niche/Emerging Curator (Repeat)
[17] Letter to My Friend (Never Again) • Gipsy Peace Duende Soul Fusion INDIE LOFI,open,Yes,Grind & Groove,open,lookingforandrew,profile,17,73,241,0,0,2025-08-06,2026-01-15,2026-07-11,Mid-size Playlist (Repeat)
[17] Letter to My Friend (Never Again) • Gipsy Peace Duende Soul Fusion INDIE LOFI,open,Yes,An Epic Performance,open,lookingforandrew,profile,17,63,220,0,0,2025-08-04,2026-07-02,2026-07-11,Mid-size Playlist (Repeat)
[01] Letter to My Friend (Never Again) - GROWsutra Tzigane Arabesk Soul Peace Fusion Gipsy INDIE,open,Yes,Tokos,open,Moses Zeus,profile,2,34,127,0,0,2026-04-17,2026-06-21,2026-07-11,Mid-size Playlist (Repeat)
[01] Letter to My Friend (Never Again) - GROWsutra Tzigane Arabesk Soul Peace Fusion Gipsy INDIE,open,Yes,CHILL,open,Moses Zeus,profile,2,56,348,0,0,2025-07-31,2026-06-09,2026-07-11,Mid-size Playlist (Repeat)
[02] Letter to My Friend (Never Again) - GROWsutra Tzigane Arabesk Soul Peace Fusion Gipsy INDIE,open,No,semangat,open,Lea_IQ,profile,6,23,123,0,0,2021-02-14,2026-02-25,2026-07-11,Niche/Emerging Curator
[02] La Force Douce - French GROWsutra Gipsy Flamenco Duende Chanson INDIE,open,Yes,Groovy Cool Strong,open,Osunga Okello,profile,1,118,500,0,0,2022-08-20,2026-07-08,2026-07-11,Mid-size Playlist
[02] La Force Douce - French GROWsutra Gipsy Flamenco Duende Chanson INDIE,open,Yes,dub,open,Simon Tibor,profile,3,92,1095,0,0,2022-07-05,2026-07-10,2026-07-11,Mid-size Playlist (Repeat)
[02] La Force Douce - French GROWsutra Gipsy Flamenco Duende Chanson INDIE,open,Yes,Hephaisto1,open,Mitucami Mituca,profile,12,170,852,0,0,2025-11-29,2026-02-04,2026-07-11,Mid-size Playlist
[02] La Force Douce - French GROWsutra Gipsy Flamenco Duende Chanson INDIE,open,Yes,Varie,open,Lobsangrampa,profile,1,39,144,0,0,2025-07-12,2026-05-21,2026-07-11,Mid-size Playlist
[02] La Force Douce - French GROWsutra Gipsy Flamenco Duende Chanson INDIE,open,Yes,FarAaaance,open,S.rajabi110,profile,0,6,23,0,0,2025-10-13,2026-06-16,2026-07-11,Niche/Emerging Curator
[02] La Force Douce - French GROWsutra Gipsy Flamenco Duende Chanson INDIE,open,Yes,Irenic,open,Mahdis,profile,387,279,1731,5,0,2013-11-22,2026-05-09,2026-07-11,Generic Dump (low signal)
[03] La Force Douce - French GROWsutra Gipsy Flamenco Duende Chanson INDIE,open,Yes,Varie,open,Lobsangrampa,profile,1,39,144,0,0,2025-07-12,2026-05-21,2026-07-11,Mid-size Playlist
[05] La Force Douce - French GROWsutra Tzigane Peace Soul Fusion LoFi INDIE,open,No,Late Morning Beats,open,Angus,profile,54,123,532,0,0,2026-01-30,2026-05-10,2026-07-11,Mid-size Playlist (Repeat)
[05] La Force Douce - French GROWsutra Tzigane Peace Soul Fusion LoFi INDIE,open,No,Bananasutra!,open,Angus,profile,54,452,1499,1,0,2026-04-08,2026-04-10,2026-07-11,Catalog Mirror (Superfan)
[01] La Force Douce ✪ French GROWsutra Gipsy Flamenco Duende Chanson INDIE,open,Yes,slow motion énergie,open,55cancri e Composition 💎,profile,14,140,585,1,0,2026-02-22,2026-06-28,2026-07-11,Mid-size Playlist (Repeat)
[01] La Force Douce ✪ French GROWsutra Gipsy Flamenco Duende Chanson INDIE,open,Yes,Untitled Playlist,open,55cancri e Composition 💎,profile,14,44,191,0,0,2026-01-15,2026-07-06,2026-07-11,Mid-size Playlist (Repeat)
[01] La Force Douce ✪ French GROWsutra Gipsy Flamenco Duende Chanson INDIE,open,Yes,Bananasutra,open,Lincoln Scott,profile,0,82,270,2,0,2026-05-21,2026-05-27,2026-07-11,Mid-size Playlist (Repeat)
[01] La Force Douce ✪ French GROWsutra Gipsy Flamenco Duende Chanson INDIE,open,Yes,Lounge Inn 🏝️,open,Angus,profile,54,62,266,0,0,2025-11-10,2026-04-08,2026-07-11,Mid-size Playlist (Repeat)
[01] La Force Douce ✪ French GROWsutra Gipsy Flamenco Duende Chanson INDIE,open,Yes,Nnamrehguepard,open,55cancri e Composition 💎,profile,14,500,2314,0,0,2025-10-24,2026-05-27,2026-07-11,Generic Dump (low signal)
[04] La Force Douce - French GROWsutra Tzigane Peace Soul Fusion LoFi INDIE,open,No,90’s,open,Hoda mirsaeidi,profile,1,8,85,0,0,2025-08-22,2025-12-20,2026-07-11,Niche/Emerging Curator
[06] La Force Douce - French GROWsutra Tzigane Peace Soul Fusion LoFi INDIE,open,Yes,2026,open,nanotito,profile,1,6,20,0,0,2026-01-31,2026-07-04,2026-07-11,Niche/Emerging Curator
[06] La Force Douce - French GROWsutra Tzigane Peace Soul Fusion LoFi INDIE,open,Yes,Francis,open,Abgd Nasry,profile,20,27,86,0,0,2025-12-26,2026-06-13,2026-07-11,Niche/Emerging Curator
[06] La Force Douce - French GROWsutra Tzigane Peace Soul Fusion LoFi INDIE,open,Yes,ZEN,open,Mounir,profile,0,28,116,0,0,2025-03-10,2026-06-19,2026-07-11,Niche/Emerging Curator (Repeat)
[03] Win Win Dub ⚭ French GROWsutra Soulful Hip Hop Ragga DUB,open,No,Bananasutra!,open,Angus,profile,54,452,1499,1,0,2026-04-08,2026-04-10,2026-07-11,Catalog Mirror (Superfan)
[03] Win Win Dub ⚭ French GROWsutra Soulful Hip Hop Ragga DUB,open,No,&&*,open,9uzzy,profile,28,249,791,1,0,2025-12-06,2025-12-06,2026-07-11,Catalog Mirror (Superfan)
[02] Win Win Dub ⚭ French GROWsutra Soulful Hip Hop Ragga DUB,open,No,Bananasutra!,open,Angus,profile,54,452,1499,1,0,2026-04-08,2026-04-10,2026-07-11,Catalog Mirror (Superfan)
[02] Win Win Dub ⚭ French GROWsutra Soulful Hip Hop Ragga DUB,open,No,&&*,open,9uzzy,profile,28,249,791,1,0,2025-12-06,2025-12-06,2026-07-11,Catalog Mirror (Superfan)
[01] Win Win Dub ⚭ French GROWsutra Soulful Hip Hop Ragga DUB,open,Yes,Bananasutra!,open,Angus,profile,54,452,1499,1,0,2026-04-08,2026-04-10,2026-07-11,Catalog Mirror (Superfan)
[01] Win Win Dub ⚭ French GROWsutra Soulful Hip Hop Ragga DUB,open,Yes,&&*,open,9uzzy,profile,28,249,791,1,0,2025-12-06,2025-12-06,2026-07-11,Catalog Mirror (Superfan)
[16] The Love Of A Dove - GROWsutra Dem Sed Psychedelic Ragga DUB,open,Yes,&&*,open,9uzzy,profile,28,249,791,1,0,2025-12-06,2025-12-06,2026-07-11,Catalog Mirror (Superfan)
[15] The Love Of A Dove - GROWsutra Dem Sed Psychedelic Ragga DUB,open,No,&&*,open,9uzzy,profile,28,249,791,1,0,2025-12-06,2025-12-06,2026-07-11,Catalog Mirror (Superfan)
[17] The Love Of A Dove - GROWsutra Dem Sed Psychedelic Ragga DUB,open,No,&&*,open,9uzzy,profile,28,249,791,1,0,2025-12-06,2025-12-06,2026-07-11,Catalog Mirror (Superfan)
[08] The Love Of A Dove - GROWsutra Only The Brave PsyBluegrass Dubby BLUES,open,Yes,Bananasutra!,open,Angus,profile,54,452,1499,1,0,2026-04-08,2026-04-10,2026-07-11,Catalog Mirror (Superfan)
[08] The Love Of A Dove - GROWsutra Only The Brave PsyBluegrass Dubby BLUES,open,Yes,Ry X,open,AS,profile,0,239,1010,0,0,2025-05-09,2026-07-10,2026-07-11,Generic Dump (low signal)
[01] The Love Of A Dove - GROWsutra Tzigane Soul Peace Fusion INDIE,open,No,Bananasutra!,open,Angus,profile,54,452,1499,1,0,2026-04-08,2026-04-10,2026-07-11,Catalog Mirror (Superfan)
[10] The Love Of A Dove - GROWsutra Psychedelic Destiny BLUES,open,No,Bananasutra!,open,Angus,profile,54,452,1499,1,0,2026-04-08,2026-04-10,2026-07-11,Catalog Mirror (Superfan)
[14] The Love Of A Dove - GROWsutra Feel Di Riddim Psychedelic Ragga DUB,open,Yes,Duba du style part. 4 🤯💗,open,Dewey,profile,21,52,217,1,0,2026-03-16,2026-04-10,2026-07-11,Mid-size Playlist
[14] The Love Of A Dove - GROWsutra Feel Di Riddim Psychedelic Ragga DUB,open,Yes,dub,open,Simon Tibor,profile,3,92,1095,0,0,2022-07-05,2026-07-10,2026-07-11,Mid-size Playlist (Repeat)
[14] The Love Of A Dove - GROWsutra Feel Di Riddim Psychedelic Ragga DUB,open,Yes,&&*,open,9uzzy,profile,28,249,791,1,0,2025-12-06,2025-12-06,2026-07-11,Catalog Mirror (Superfan)
[14] The Love Of A Dove - GROWsutra Feel Di Riddim Psychedelic Ragga DUB,open,Yes,mio,open,Reina de sangre,profile,1,44,170,0,0,2024-06-12,2025-11-18,2026-07-11,Mid-size Playlist
[18] The Love Of A Dove - GROWsutra Psychedelic Peace Soul Muse DUB,open,No,&&*,open,9uzzy,profile,28,249,791,1,0,2025-12-06,2025-12-06,2026-07-11,Catalog Mirror (Superfan)
[13] The Love Of A Dove - GROWsutra Poetry Dubs The Bridge DUB,open,No,Bananasutra!,open,Angus,profile,54,452,1499,1,0,2026-04-08,2026-04-10,2026-07-11,Catalog Mirror (Superfan)
[13] The Love Of A Dove - GROWsutra Poetry Dubs The Bridge DUB,open,No,&&*,open,9uzzy,profile,28,249,791,1,0,2025-12-06,2025-12-06,2026-07-11,Catalog Mirror (Superfan)
[04] The Love Of A Dove - GROWsutra Mama-b-c Peace Cello INDIE,open,Yes,خوب,open,Elnaz Riahi,profile,29,87,414,1,0,2015-10-09,2025-12-04,2026-07-11,Mid-size Playlist
[04] The Love Of A Dove - GROWsutra Mama-b-c Peace Cello INDIE,open,Yes,🤍,open,Parisa Moghadam,profile,0,8,23,0,0,2025-10-23,2026-07-06,2026-07-11,Niche/Emerging Curator
[09] The Love Of A Dove - GROWsutra Queen of Authentic Dubby Psychedelic BLUES,open,Yes,lounge jazz house set,open,Simon Tibor,profile,3,376,9613,1,0,2025-03-05,2026-07-11,2026-07-11,Generic Dump (low signal)
[09] The Love Of A Dove - GROWsutra Queen of Authentic Dubby Psychedelic BLUES,open,Yes,Og Vibes,open,User 41639339,profile,9,16,66,0,0,2025-10-06,2026-05-26,2026-07-11,Niche/Emerging Curator
[09] The Love Of A Dove - GROWsutra Queen of Authentic Dubby Psychedelic BLUES,open,Yes,Old Ussr,open,barin,profile,0,14,61,0,0,2025-10-19,2025-10-20,2026-07-11,Niche/Emerging Curator
[11] The Love Of A Dove - GROWsutra Psychedelic Destiny BLUES,open,Yes,BlueSoul,open,Martín Paulus,profile,2,14,56,0,0,2026-06-14,2026-07-04,2026-07-11,Niche/Emerging Curator (Repeat)
[11] The Love Of A Dove - GROWsutra Psychedelic Destiny BLUES,open,Yes,clazziKjazz,open,Martín Paulus,profile,2,23,145,0,0,2026-04-14,2026-07-04,2026-07-11,Niche/Emerging Curator (Repeat)
[11] The Love Of A Dove - GROWsutra Psychedelic Destiny BLUES,open,Yes,lounge jazz house set,open,Simon Tibor,profile,3,376,9613,1,0,2025-03-05,2026-07-11,2026-07-11,Generic Dump (low signal)
[11] The Love Of A Dove - GROWsutra Psychedelic Destiny BLUES,open,Yes,vallee92,open,vallee92,profile,0,476,1765,0,0,2021-01-08,2026-07-11,2026-07-11,Generic Dump (low signal)
[11] The Love Of A Dove - GROWsutra Psychedelic Destiny BLUES,open,Yes,Bananasutra!,open,Angus,profile,54,452,1499,1,0,2026-04-08,2026-04-10,2026-07-11,Catalog Mirror (Superfan)
[11] The Love Of A Dove - GROWsutra Psychedelic Destiny BLUES,open,Yes,Soul,open,Nate Gonzo,profile,3,54,229,0,0,2026-01-19,2026-03-29,2026-07-11,Mid-size Playlist
[11] The Love Of A Dove - GROWsutra Psychedelic Destiny BLUES,open,Yes,Chill Salooon,open,poczini,profile,2,43,306,1,0,2026-03-18,2026-05-18,2026-07-11,Mid-size Playlist
[11] The Love Of A Dove - GROWsutra Psychedelic Destiny BLUES,open,Yes,preferiti,open,Miroslav Skoglio,profile,0,110,463,0,0,2025-08-06,2026-06-26,2026-07-11,Mid-size Playlist
[11] The Love Of A Dove - GROWsutra Psychedelic Destiny BLUES,open,Yes,Reggaemusik,open,MB,profile,2,20,91,0,0,2026-01-31,2026-02-18,2026-07-11,Niche/Emerging Curator (Repeat)
[11] The Love Of A Dove - GROWsutra Psychedelic Destiny BLUES,open,Yes,Blues Rock,open,MB,profile,2,27,140,0,0,2025-08-31,2026-06-03,2026-07-11,Niche/Emerging Curator (Repeat)
[11] The Love Of A Dove - GROWsutra Psychedelic Destiny BLUES,open,Yes,Soul Food,open,Ria,profile,21,41,166,0,0,2025-07-27,2026-02-15,2026-07-11,Mid-size Playlist
[11] The Love Of A Dove - GROWsutra Psychedelic Destiny BLUES,open,Yes,Just Nouri,open,nouralotich,profile,1,59,178,0,0,2025-08-23,2026-07-02,2026-07-11,Mid-size Playlist
[11] The Love Of A Dove - GROWsutra Psychedelic Destiny BLUES,open,Yes,2025/12喜歡聽鬆的,open,李依涔,profile,0,29,115,0,0,2025-12-27,2026-03-17,2026-07-11,Niche/Emerging Curator
[11] The Love Of A Dove - GROWsutra Psychedelic Destiny BLUES,open,Yes,Damn Gina,open,Erato KALliope,profile,11,82,420,0,0,2025-07-06,2026-01-12,2026-07-11,Mid-size Playlist (Repeat)
[11] The Love Of A Dove - GROWsutra Psychedelic Destiny BLUES,open,Yes,4 MY NINJAS & NINJETTES,open,Erato KALliope,profile,11,18,68,0,0,2025-09-15,2026-01-12,2026-07-11,Niche/Emerging Curator (Repeat)
[11] The Love Of A Dove - GROWsutra Psychedelic Destiny BLUES,open,Yes,Feliz KwanzaChristmaKuhvidad!,open,Erato KALliope,profile,11,6,17,0,0,2025-12-24,2025-12-24,2026-07-11,Niche/Emerging Curator (Repeat)
[11] The Love Of A Dove - GROWsutra Psychedelic Destiny BLUES,open,Yes,Whoavember 2 0 2 5,open,Erato KALliope,profile,11,7,29,0,0,2025-11-06,2025-12-24,2026-07-11,Niche/Emerging Curator (Repeat)
[11] The Love Of A Dove - GROWsutra Psychedelic Destiny BLUES,open,Yes,HeartStrokes,open,Erato KALliope,profile,11,42,180,1,0,2025-06-29,2026-01-12,2026-07-11,Mid-size Playlist (Repeat)
[11] The Love Of A Dove - GROWsutra Psychedelic Destiny BLUES,open,Yes,Untitled playlist,open,Vladimir Artyushkin,profile,23,90,455,0,0,2025-11-22,2025-11-22,2026-07-11,Mid-size Playlist
[11] The Love Of A Dove - GROWsutra Psychedelic Destiny BLUES,open,Yes,Blues…..etc……,open,pura vida,profile,28,31,143,0,0,2025-10-27,2026-02-10,2026-07-11,Mid-size Playlist (Repeat)
[11] The Love Of A Dove - GROWsutra Psychedelic Destiny BLUES,open,Yes,Soul…,open,pura vida,profile,28,150,659,1,0,2025-10-03,2026-06-23,2026-07-11,Mid-size Playlist (Repeat)
[11] The Love Of A Dove - GROWsutra Psychedelic Destiny BLUES,open,Yes,The Love of a Dove-Growsutra,open,Mychael Hazzard,profile,0,1,4,0,0,2025-10-21,2025-10-21,2026-07-11,Niche/Emerging Curator
[11] The Love Of A Dove - GROWsutra Psychedelic Destiny BLUES,open,Yes,Aela,open,Thomas Connor,profile,46,26,104,0,0,2025-10-20,2026-05-16,2026-07-11,Niche/Emerging Curator
[11] The Love Of A Dove - GROWsutra Psychedelic Destiny BLUES,open,Yes,pushin 🅿️,open,twattythomas 🦒,profile,3,209,729,0,0,2022-01-28,2026-06-28,2026-07-11,Generic Dump (low signal)
[11] The Love Of A Dove - GROWsutra Psychedelic Destiny BLUES,open,Yes,🤠,open,Levan Pavlenishvili,profile,12,182,1167,0,0,2025-05-21,2026-05-20,2026-07-11,Mid-size Playlist
[11] The Love Of A Dove - GROWsutra Psychedelic Destiny BLUES,open,Yes,remixin,open,Dj.3,profile,14,3,72,0,0,2025-10-06,2025-10-24,2026-07-11,Niche/Emerging Curator
"[13] So, What Is Racism? KNOWsutra Gipsy Dub JAZZ",open,No,Bananasutra!,open,Angus,profile,54,452,1499,1,0,2026-04-08,2026-04-10,2026-07-11,Catalog Mirror (Superfan)
"[17] So, What Is Racism? KNOWsutra Banjo Booya Folk Banjo Harmonica BLUES",open,Yes,POSTNOVE 4,open,POM,profile,2,15,111,0,0,2026-01-15,2026-02-18,2026-07-11,Niche/Emerging Curator (Repeat)
"[17] So, What Is Racism? KNOWsutra Banjo Booya Folk Banjo Harmonica BLUES",open,Yes,POSTNOVE 5,open,POM,profile,2,3,12,0,0,2026-01-15,2026-01-15,2026-07-11,Niche/Emerging Curator (Repeat)
"[07] So, What Is Racism? KNOWsutra Gipsy Dub JAZZ",open,No,Bananasutra!,open,Angus,profile,54,452,1499,1,0,2026-04-08,2026-04-10,2026-07-11,Catalog Mirror (Superfan)
"[15] So, What Is Racism? KNOWsutra Gipsy Dub JAZZ",open,No,🎤,open,Abdullah,profile,2,2,6,0,0,2025-09-14,2025-10-05,2026-07-11,Niche/Emerging Curator
"[14] So, What Is Racism? KNOWsutra Gipsy Dub JAZZ",open,Yes,Late Morning Beats,open,Angus,profile,54,123,532,0,0,2026-01-30,2026-05-10,2026-07-11,Mid-size Playlist (Repeat)
"[14] So, What Is Racism? KNOWsutra Gipsy Dub JAZZ",open,Yes,Bananasutra!,open,Angus,profile,54,452,1499,1,0,2026-04-08,2026-04-10,2026-07-11,Catalog Mirror (Superfan)
"[14] So, What Is Racism? KNOWsutra Gipsy Dub JAZZ",open,Yes,dub,open,Simon Tibor,profile,3,92,1095,0,0,2022-07-05,2026-07-10,2026-07-11,Mid-size Playlist (Repeat)
"[14] So, What Is Racism? KNOWsutra Gipsy Dub JAZZ",open,Yes,yrctnodybab,open,herodiasdaughter,profile,1,398,1529,2,0,2021-10-11,2026-07-09,2026-07-11,Generic Dump (low signal)
"[14] So, What Is Racism? KNOWsutra Gipsy Dub JAZZ",open,Yes,RAGGAE-SET♠️,open,BATZBAK.,profile,24,46,159,2,0,2025-08-31,2026-07-08,2026-07-11,Mid-size Playlist
"[14] So, What Is Racism? KNOWsutra Gipsy Dub JAZZ",open,Yes,hiphop,open,R19,profile,0,24,85,0,0,2025-09-18,2025-10-17,2026-07-11,Niche/Emerging Curator
"[10] So, What Is Racism? KNOWsutra Gipsy Dub JAZZ",open,Yes,Bananasutra!,open,Angus,profile,54,452,1499,1,0,2026-04-08,2026-04-10,2026-07-11,Catalog Mirror (Superfan)
"[10] So, What Is Racism? KNOWsutra Gipsy Dub JAZZ",open,Yes,Soul Food,open,Ria,profile,21,41,166,0,0,2025-07-27,2026-02-15,2026-07-11,Mid-size Playlist
"[10] So, What Is Racism? KNOWsutra Gipsy Dub JAZZ",open,Yes,dub,open,Simon Tibor,profile,3,92,1095,0,0,2022-07-05,2026-07-10,2026-07-11,Mid-size Playlist (Repeat)
"[10] So, What Is Racism? KNOWsutra Gipsy Dub JAZZ",open,Yes,Copy of ANIMALS ONLY,open,Mobbed Up Savage,profile,38,494,1461,0,0,2025-09-20,2026-04-27,2026-07-11,Generic Dump (low signal)
"[10] So, What Is Racism? KNOWsutra Gipsy Dub JAZZ",open,Yes,shoot shoot,open,Rantendo,profile,0,179,702,3,0,2025-04-05,2025-10-18,2026-07-11,Mid-size Playlist
"[04] So, What Is Racism? KNOWsutra Dem Sed Jazzy Mama Ragga DUB",open,No,&&*,open,9uzzy,profile,28,249,791,1,0,2025-12-06,2025-12-06,2026-07-11,Catalog Mirror (Superfan)
"[02] So, What Is Racism? KNOWsutra She Wanna Know Jazzy LoFi DUB",open,No,&&*,open,9uzzy,profile,28,249,791,1,0,2025-12-06,2025-12-06,2026-07-11,Catalog Mirror (Superfan)
"[01] So, What Is Racism? KNOWsutra She Wanna Know Jazzy LoFi DUB",open,Yes,Warm,open,Sinman,profile,48,98,603,0,0,2026-02-07,2026-02-28,2026-07-11,Mid-size Playlist
"[01] So, What Is Racism? KNOWsutra She Wanna Know Jazzy LoFi DUB",open,Yes,dub,open,Simon Tibor,profile,3,92,1095,0,0,2022-07-05,2026-07-10,2026-07-11,Mid-size Playlist (Repeat)
"[01] So, What Is Racism? KNOWsutra She Wanna Know Jazzy LoFi DUB",open,Yes,&&*,open,9uzzy,profile,28,249,791,1,0,2025-12-06,2025-12-06,2026-07-11,Catalog Mirror (Superfan)
"[01] So, What Is Racism? KNOWsutra She Wanna Know Jazzy LoFi DUB",open,Yes,h,open,hami,profile,1,4,12,0,0,2025-10-20,2025-10-20,2026-07-11,Niche/Emerging Curator
"[01] So, What Is Racism? KNOWsutra She Wanna Know Jazzy LoFi DUB",open,Yes,groove,open,Jowa,profile,3,3,11,0,0,2025-10-20,2025-10-20,2026-07-11,Niche/Emerging Curator
"[11] So, What Is Racism? KNOWsutra Gipsy Dub JAZZ",open,Yes,Lounge Inn 🏝️,open,Angus,profile,54,62,266,0,0,2025-11-10,2026-04-08,2026-07-11,Mid-size Playlist (Repeat)
"[05] So, What Is Racism? KNOWsutra Dem Sed Jazzy Mama Ragga DUB",open,No,&&*,open,9uzzy,profile,28,249,791,1,0,2025-12-06,2025-12-06,2026-07-11,Catalog Mirror (Superfan)
"[03] So, What Is Racism? KNOWsutra Rebound & Rise Jazzy Ragga DUB",open,Yes,Chilled,open,amiraOfficial,profile,6,322,3699,0,0,2020-11-24,2026-07-10,2026-07-11,Generic Dump (low signal)
"[03] So, What Is Racism? KNOWsutra Rebound & Rise Jazzy Ragga DUB",open,Yes,dub,open,Simon Tibor,profile,3,92,1095,0,0,2022-07-05,2026-07-10,2026-07-11,Mid-size Playlist (Repeat)
"[03] So, What Is Racism? KNOWsutra Rebound & Rise Jazzy Ragga DUB",open,Yes,&&*,open,9uzzy,profile,28,249,791,1,0,2025-12-06,2025-12-06,2026-07-11,Catalog Mirror (Superfan)
"[03] So, What Is Racism? KNOWsutra Rebound & Rise Jazzy Ragga DUB",open,Yes,Donn,open,Helio Correa,profile,4,37,133,1,0,2025-11-28,2026-02-03,2026-07-11,Mid-size Playlist
"[03] So, What Is Racism? KNOWsutra Rebound & Rise Jazzy Ragga DUB",open,Yes,Reggae🇯🇲,open,Hulices Felix,profile,0,76,245,0,0,2025-11-13,2026-05-22,2026-07-11,Mid-size Playlist (Repeat)
"[03] So, What Is Racism? KNOWsutra Rebound & Rise Jazzy Ragga DUB",open,Yes,Jazzy Blues💙,open,Hulices Felix,profile,0,4,13,0,0,2025-11-24,2026-04-10,2026-07-11,Niche/Emerging Curator (Repeat)
"[03] So, What Is Racism? KNOWsutra Rebound & Rise Jazzy Ragga DUB",open,Yes,riggs d,open,Chandice Davey,profile,17,243,1555,0,0,2022-06-07,2026-07-06,2026-07-11,Generic Dump (low signal)
"[03] So, What Is Racism? KNOWsutra Rebound & Rise Jazzy Ragga DUB",open,Yes,^_^,open,maryam tavafi,profile,2,134,673,0,0,2023-08-11,2026-07-08,2026-07-11,Mid-size Playlist
"[09] So, What Is Racism? KNOWsutra Gipsy Dub JAZZ",open,Yes,slow shit,open,Igmvillamob 1,profile,0,151,907,0,0,2020-09-22,2026-01-18,2026-07-11,Mid-size Playlist
"[09] So, What Is Racism? KNOWsutra Gipsy Dub JAZZ",open,Yes,ravenn 🙈.,open,urfavv.ravv,profile,0,1,3,0,0,2025-08-23,2025-11-30,2026-07-11,Niche/Emerging Curator
Everybody Knows • KNOWsutra Freedom Magic Cello Prayer INDIE,open,Yes,🌱,open,pouria3,profile,14,500,2673,0,0,2023-04-22,2026-07-07,2026-07-11,Generic Dump (low signal)
Everybody Knows • KNOWsutra Freedom Magic Cello Prayer INDIE,open,Yes,Sky Full Of Stars,open,Martín Paulus,profile,2,11,63,0,0,2025-09-24,2026-07-04,2026-07-11,Niche/Emerging Curator (Repeat)
Everybody Knows • KNOWsutra Freedom Magic Cello Prayer INDIE,open,Yes,Composición,open,Martín Paulus,profile,2,11,63,0,0,2026-04-29,2026-07-04,2026-07-11,Niche/Emerging Curator (Repeat)
Everybody Knows • KNOWsutra Freedom Magic Cello Prayer INDIE,open,Yes,Bananasutra,open,Lincoln Scott,profile,0,82,270,2,0,2026-05-21,2026-05-27,2026-07-11,Mid-size Playlist (Repeat)
Everybody Knows • KNOWsutra Freedom Magic Cello Prayer INDIE,open,Yes,Weird,open,Jeff in the Wild,profile,17,8,29,0,0,2026-03-29,2026-05-23,2026-07-11,Niche/Emerging Curator (Repeat)
Everybody Knows • KNOWsutra Freedom Magic Cello Prayer INDIE,open,Yes,Your Mix 7,open,Женя Кравченко,profile,0,30,114,0,0,2026-04-30,2026-04-30,2026-07-11,Niche/Emerging Curator (Repeat)
Everybody Knows • KNOWsutra Freedom Magic Cello Prayer INDIE,open,Yes,Bananasutra,open,Andrew Dobrew,profile,0,17,63,1,0,2026-04-21,2026-05-29,2026-07-11,Niche/Emerging Curator
Everybody Knows • KNOWsutra Freedom Magic Cello Prayer INDIE,open,Yes,fye 🥵,open,Adrian,profile,0,469,1267,1,0,2025-08-20,2026-04-19,2026-07-11,Generic Dump (low signal)
Everybody Knows • KNOWsutra Freedom Magic Cello Prayer INDIE,open,Yes,№2,open,Gato,profile,2,102,379,0,0,2024-12-23,2026-04-01,2026-07-11,Mid-size Playlist
Everybody Knows • KNOWsutra Freedom Magic Cello Prayer INDIE,open,Yes,preferiti,open,Miroslav Skoglio,profile,0,110,463,0,0,2025-08-06,2026-06-26,2026-07-11,Mid-size Playlist
Everybody Knows • KNOWsutra Freedom Magic Cello Prayer INDIE,open,Yes,smooth sundayz,open,boogaboy,profile,1,94,373,0,0,2020-09-09,2026-05-21,2026-07-11,Mid-size Playlist (Repeat)
Everybody Knows • KNOWsutra Freedom Magic Cello Prayer INDIE,open,Yes,Hephaisto1,open,Mitucami Mituca,profile,12,170,852,0,0,2025-11-29,2026-02-04,2026-07-11,Mid-size Playlist
Everybody Knows • KNOWsutra Freedom Magic Cello Prayer INDIE,open,Yes,Varie,open,Lobsangrampa,profile,1,39,144,0,0,2025-07-12,2026-05-21,2026-07-11,Mid-size Playlist
Everybody Knows • KNOWsutra Freedom Magic Cello Prayer INDIE,open,Yes,Foreign,open,Amirreza,profile,0,9,39,0,0,2025-11-02,2025-12-16,2026-07-11,Niche/Emerging Curator
Everybody Knows • KNOWsutra Freedom Magic Cello Prayer INDIE,open,Yes,Public Area Playing,open,Keliyon,profile,300,169,599,1,0,2025-06-26,2026-06-25,2026-07-11,Mid-size Playlist
Everybody Knows • KNOWsutra Freedom Magic Cello Prayer INDIE,open,Yes,*Pure Beginnings*,open,Oceana Jenna-Leigh,profile,15,56,259,0,0,2025-11-03,2025-11-29,2026-07-11,Mid-size Playlist (Repeat)
Everybody Knows • KNOWsutra Freedom Magic Cello Prayer INDIE,open,Yes,Birth Love Life,open,Oceana Jenna-Leigh,profile,15,9,40,0,0,2025-11-08,2025-12-12,2026-07-11,Niche/Emerging Curator (Repeat)
Everybody Knows • KNOWsutra Freedom Magic Cello Prayer INDIE,open,Yes,ROBINEAU ART Space,open,Patrick Robineau,profile,57,56,437,0,0,2024-11-17,2025-11-18,2026-07-11,Mid-size Playlist
Everybody Knows • KNOWsutra Freedom Magic Cello Prayer INDIE,open,Yes,I Know,open,THE FIT WAY COMMUNITY,profile,107,2,8,0,0,2025-10-24,2025-12-09,2026-07-11,Priority Curator
Everybody Knows • KNOWsutra Freedom Magic Cello Prayer INDIE,open,Yes,Wiegenmonat 2025,open,Frau Mut,profile,16,33,113,0,0,2025-10-12,2025-11-06,2026-07-11,Mid-size Playlist
Everybody Knows • KNOWsutra Freedom Magic Cello Prayer INDIE,open,Yes,poury pasand,open,pouria3,profile,14,169,1336,0,0,2025-01-18,2026-07-06,2026-07-11,Mid-size Playlist (Repeat)
Everybody Knows • KNOWsutra Freedom Magic Cello Prayer INDIE,open,Yes,ZEN,open,Mounir,profile,0,28,116,0,0,2025-03-10,2026-06-19,2026-07-11,Niche/Emerging Curator (Repeat)
"[09] Freee, La Fille • French SHOWsutra Psychedelic Ragga DUB",open,Yes,🍃🎶🔊,open,bariloi5️⃣8️⃣7️⃣,profile,1,478,1682,0,0,2024-08-22,2026-06-21,2026-07-11,Generic Dump (low signal)
"[09] Freee, La Fille • French SHOWsutra Psychedelic Ragga DUB",open,Yes,BiG AL🙏,open,Angus,profile,54,121,497,0,0,2025-07-29,2026-05-11,2026-07-11,Mid-size Playlist (Repeat)
"[09] Freee, La Fille • French SHOWsutra Psychedelic Ragga DUB",open,Yes,Late Morning Beats,open,Angus,profile,54,123,532,0,0,2026-01-30,2026-05-10,2026-07-11,Mid-size Playlist (Repeat)
"[09] Freee, La Fille • French SHOWsutra Psychedelic Ragga DUB",open,Yes,Bananasutra!,open,Angus,profile,54,452,1499,1,0,2026-04-08,2026-04-10,2026-07-11,Catalog Mirror (Superfan)
"[09] Freee, La Fille • French SHOWsutra Psychedelic Ragga DUB",open,Yes,&&*,open,9uzzy,profile,28,249,791,1,0,2025-12-06,2025-12-06,2026-07-11,Catalog Mirror (Superfan)
"[09] Freee, La Fille • French SHOWsutra Psychedelic Ragga DUB",open,Yes,Donn,open,Helio Correa,profile,4,37,133,1,0,2025-11-28,2026-02-03,2026-07-11,Mid-size Playlist
"[09] Freee, La Fille • French SHOWsutra Psychedelic Ragga DUB",open,Yes,GenteL RaiN,open,Angus,profile,54,97,405,0,0,2025-11-12,2026-05-11,2026-07-11,Mid-size Playlist (Repeat)
"[09] Freee, La Fille • French SHOWsutra Psychedelic Ragga DUB",open,Yes,RaiNy dAyz!,open,Angus,profile,54,62,243,0,0,2025-11-11,2026-04-08,2026-07-11,Mid-size Playlist (Repeat)
"[09] Freee, La Fille • French SHOWsutra Psychedelic Ragga DUB",open,Yes,Lounge Inn 🏝️,open,Angus,profile,54,62,266,0,0,2025-11-10,2026-04-08,2026-07-11,Mid-size Playlist (Repeat)
"[09] Freee, La Fille • French SHOWsutra Psychedelic Ragga DUB",open,Yes,otros,open,Brian Ortiz 17,profile,25,8,24,0,0,2014-12-18,2025-10-19,2026-07-11,Niche/Emerging Curator
"[09] Freee, La Fille • French SHOWsutra Psychedelic Ragga DUB",open,Yes,🍁🚭,open,Jvzinn Jvzinn,profile,5,6,22,0,0,2025-10-19,2025-10-19,2026-07-11,Niche/Emerging Curator
"[07] Freee, La Fille • French SHOWsutra Psychedelic Hip Hop LOFI",open,No,Bananasutra!,open,Angus,profile,54,452,1499,1,0,2026-04-08,2026-04-10,2026-07-11,Catalog Mirror (Superfan)
"[03] Freee, la fille (remastered) • French SHOWsutra Circus Accordion BURLESQUE",open,Yes,french music,open,ichanpomsyda03,profile,1,75,236,0,0,2026-07-01,2026-07-01,2026-07-11,Mid-size Playlist
"[03] Freee, la fille (remastered) • French SHOWsutra Circus Accordion BURLESQUE",open,Yes,كوكتيل,open,heba,profile,1,50,255,0,0,2018-08-18,2025-11-22,2026-07-11,Mid-size Playlist
"[03] Freee, la fille (remastered) • French SHOWsutra Circus Accordion BURLESQUE",open,Yes,mi favorita,open,Dani Meza,profile,0,2,6,0,0,2025-10-18,2025-10-18,2026-07-11,Niche/Emerging Curator
"[10] Freee, La Fille • French SHOWsutra Psychedelic Ragga DUB",open,No,&&*,open,9uzzy,profile,28,249,791,1,0,2025-12-06,2025-12-06,2026-07-11,Catalog Mirror (Superfan)
"[08] Freee, La Fille • French SHOWsutra Psychedelic Ragga DUB",open,Yes,PIZZZZZAAA,open,Matron,profile,10,152,977,0,0,2025-05-26,2026-06-21,2026-07-11,Mid-size Playlist (Repeat)
"[08] Freee, La Fille • French SHOWsutra Psychedelic Ragga DUB",open,Yes,BooootY,open,Matron,profile,10,51,311,0,0,2025-10-30,2026-06-07,2026-07-11,Mid-size Playlist (Repeat)
"[08] Freee, La Fille • French SHOWsutra Psychedelic Ragga DUB",open,Yes,RIESIGGROSS,open,Matron,profile,10,114,757,1,0,2025-09-30,2026-06-21,2026-07-11,Mid-size Playlist (Repeat)
"[08] Freee, La Fille • French SHOWsutra Psychedelic Ragga DUB",open,Yes,HautUm,open,Matron,profile,10,17,85,0,0,2025-10-27,2026-05-26,2026-07-11,Niche/Emerging Curator (Repeat)
"[08] Freee, La Fille • French SHOWsutra Psychedelic Ragga DUB",open,Yes,PAULUNDFRIENDOS,open,Matron,profile,10,29,192,0,0,2025-12-26,2026-06-07,2026-07-11,Niche/Emerging Curator (Repeat)
"[08] Freee, La Fille • French SHOWsutra Psychedelic Ragga DUB",open,Yes,GRÜNKOHL_DELUXE,open,Matron,profile,10,14,55,0,0,2026-02-17,2026-06-21,2026-07-11,Niche/Emerging Curator (Repeat)
"[08] Freee, La Fille • French SHOWsutra Psychedelic Ragga DUB",open,Yes,DIE GESUCHT10,open,Matron,profile,10,17,53,0,0,2026-03-18,2026-06-07,2026-07-11,Niche/Emerging Curator (Repeat)
"[08] Freee, La Fille • French SHOWsutra Psychedelic Ragga DUB",open,Yes,MARKETHALLONFIRE,open,Matron,profile,10,29,162,0,0,2026-01-30,2026-06-21,2026-07-11,Niche/Emerging Curator (Repeat)
"[08] Freee, La Fille • French SHOWsutra Psychedelic Ragga DUB",open,Yes,Pasta Danuta,open,Matron,profile,10,17,58,0,0,2025-10-13,2026-04-07,2026-07-11,Niche/Emerging Curator (Repeat)
"[08] Freee, La Fille • French SHOWsutra Psychedelic Ragga DUB",open,Yes,RADiiiioooiiii,open,Matron,profile,10,39,142,0,0,2025-11-13,2026-04-07,2026-07-11,Mid-size Playlist (Repeat)
"[08] Freee, La Fille • French SHOWsutra Psychedelic Ragga DUB",open,Yes,&&*,open,9uzzy,profile,28,249,791,1,0,2025-12-06,2025-12-06,2026-07-11,Catalog Mirror (Superfan)
"[08] Freee, La Fille • French SHOWsutra Psychedelic Ragga DUB",open,Yes,Mary dancing songs,open,Maryrose,profile,0,16,66,0,0,2024-12-14,2025-12-02,2026-07-11,Niche/Emerging Curator
"[08] Freee, La Fille • French SHOWsutra Psychedelic Ragga DUB",open,Yes,English,open,saqar hamoode,profile,0,43,141,0,0,2025-05-10,2026-03-04,2026-07-11,Mid-size Playlist
"[01] Freee, La Fille • French SHOWsutra Psychedelic Accordion Circus BURLESQUE",open,No,french music,open,ichanpomsyda03,profile,1,75,236,0,0,2026-07-01,2026-07-01,2026-07-11,Mid-size Playlist
Planet Idiocracy (Single) • BLOWsutra Peace Odyssey DUB,open,Yes,bananasutra,open,Fred Anderson,profile,1,445,1526,1,0,2026-07-08,2026-07-08,2026-07-11,Catalog Mirror (Superfan)
Planet Idiocracy (Single) • BLOWsutra Peace Odyssey DUB,open,Yes,Bananasutra,open,Lincoln Scott,profile,0,82,270,2,0,2026-05-21,2026-05-27,2026-07-11,Mid-size Playlist (Repeat)
Planet Idiocracy (Single) • BLOWsutra Peace Odyssey DUB,open,Yes,Bananasutra!,open,Angus,profile,54,452,1499,1,0,2026-04-08,2026-04-10,2026-07-11,Catalog Mirror (Superfan)
Planet Idiocracy (Single) • BLOWsutra Peace Odyssey DUB,open,Yes,&&*,open,9uzzy,profile,28,249,791,1,0,2025-12-06,2025-12-06,2026-07-11,Catalog Mirror (Superfan)
[14] L'Embobinage (d'après Carl Sagan) • French GROWsutra World Peace PsyAccordion POP BURLESQUE 3 INDIE,open,Yes,french music,open,ichanpomsyda03,profile,1,75,236,0,0,2026-07-01,2026-07-01,2026-07-11,Mid-size Playlist
[14] L'Embobinage (d'après Carl Sagan) • French GROWsutra World Peace PsyAccordion POP BURLESQUE 3 INDIE,open,Yes,nima,open,shayan rs,profile,1,72,355,0,0,2026-02-17,2026-02-27,2026-07-11,Mid-size Playlist (Repeat)
[14] L'Embobinage (d'après Carl Sagan) • French GROWsutra World Peace PsyAccordion POP BURLESQUE 3 INDIE,open,Yes,Donn,open,Helio Correa,profile,4,37,133,1,0,2025-11-28,2026-02-03,2026-07-11,Mid-size Playlist
[14] L'Embobinage (d'après Carl Sagan) • French GROWsutra World Peace PsyAccordion POP BURLESQUE 3 INDIE,open,Yes,best,open,shayan rs,profile,1,67,325,0,0,2025-10-24,2026-07-02,2026-07-11,Mid-size Playlist (Repeat)
[03] L'Embobinage (d'après Carl Sagan) • French GROWsutra World Peace PsyAccordion CelLOFI INDIE,open,Yes,french music,open,ichanpomsyda03,profile,1,75,236,0,0,2026-07-01,2026-07-01,2026-07-11,Mid-size Playlist
[03] L'Embobinage (d'après Carl Sagan) • French GROWsutra World Peace PsyAccordion CelLOFI INDIE,open,Yes,Late Morning Beats,open,Angus,profile,54,123,532,0,0,2026-01-30,2026-05-10,2026-07-11,Mid-size Playlist (Repeat)
[03] L'Embobinage (d'après Carl Sagan) • French GROWsutra World Peace PsyAccordion CelLOFI INDIE,open,Yes,Bananasutra!,open,Angus,profile,54,452,1499,1,0,2026-04-08,2026-04-10,2026-07-11,Catalog Mirror (Superfan)
[09] L'Embobinage (d'après Carl Sagan) • French GROWsutra World Peace Hypnotic Tango Jazz INDIE,open,Yes,Bananasutra!,open,Angus,profile,54,452,1499,1,0,2026-04-08,2026-04-10,2026-07-11,Catalog Mirror (Superfan)
[09] L'Embobinage (d'après Carl Sagan) • French GROWsutra World Peace Hypnotic Tango Jazz INDIE,open,Yes,(● ˃̶͈̀ロ˂̶͈́)੭ꠥ⁾⁾,open,bigbobylittleheart,profile,2,4,13,0,0,2025-12-11,2025-12-22,2026-07-11,Niche/Emerging Curator
[09] L'Embobinage (d'après Carl Sagan) • French GROWsutra World Peace Hypnotic Tango Jazz INDIE,open,Yes,favss,open,haha haha,profile,0,49,160,0,0,2025-04-29,2026-05-21,2026-07-11,Mid-size Playlist (Repeat)
[09] L'Embobinage (d'après Carl Sagan) • French GROWsutra World Peace Hypnotic Tango Jazz INDIE,open,Yes,cool stuff you know.,open,El Latino,profile,7,6,13,0,0,2025-09-30,2026-04-20,2026-07-11,Niche/Emerging Curator
[13] L'Embobinage (d'après Carl Sagan) • French GROWsutra World Peace Miss Cheeky DUB,open,Yes,French Chill,open,Trina LoVe,profile,3,3,13,0,0,2026-06-04,2026-06-04,2026-07-11,Niche/Emerging Curator
[13] L'Embobinage (d'après Carl Sagan) • French GROWsutra World Peace Miss Cheeky DUB,open,Yes,Bananasutra!,open,Angus,profile,54,452,1499,1,0,2026-04-08,2026-04-10,2026-07-11,Catalog Mirror (Superfan)
[13] L'Embobinage (d'après Carl Sagan) • French GROWsutra World Peace Miss Cheeky DUB,open,Yes,Ja Ja,open,Ben,profile,1,15,61,0,0,2026-02-26,2026-06-10,2026-07-11,Niche/Emerging Curator
[13] L'Embobinage (d'après Carl Sagan) • French GROWsutra World Peace Miss Cheeky DUB,open,Yes,oscar y carol,open,Enrique14,profile,4,189,1089,2,0,2023-10-07,2026-06-23,2026-07-11,Mid-size Playlist (Repeat)
[13] L'Embobinage (d'après Carl Sagan) • French GROWsutra World Peace Miss Cheeky DUB,open,Yes,reggae c,open,Enrique14,profile,4,124,652,0,0,2024-08-09,2026-06-22,2026-07-11,Mid-size Playlist (Repeat)
[13] L'Embobinage (d'après Carl Sagan) • French GROWsutra World Peace Miss Cheeky DUB,open,Yes,reggae pacific,open,Arnaud,profile,0,19,70,0,0,2025-09-01,2026-07-02,2026-07-11,Niche/Emerging Curator
[13] L'Embobinage (d'après Carl Sagan) • French GROWsutra World Peace Miss Cheeky DUB,open,Yes,&&*,open,9uzzy,profile,28,249,791,1,0,2025-12-06,2025-12-06,2026-07-11,Catalog Mirror (Superfan)
[13] L'Embobinage (d'après Carl Sagan) • French GROWsutra World Peace Miss Cheeky DUB,open,Yes,Reggie,open,Howaida j Edrees,profile,11,16,58,1,0,2019-09-18,2025-11-30,2026-07-11,Niche/Emerging Curator (Repeat)
[13] L'Embobinage (d'après Carl Sagan) • French GROWsutra World Peace Miss Cheeky DUB,open,Yes,Soul Songs,open,Howaida j Edrees,profile,11,75,282,0,0,2025-07-01,2026-01-07,2026-07-11,Mid-size Playlist (Repeat)
[04] L'Embobinage (d'après Carl Sagan) • French GROWsutra World Peace Tzigane Fusion INDIE,open,No,Bananasutra!,open,Angus,profile,54,452,1499,1,0,2026-04-08,2026-04-10,2026-07-11,Catalog Mirror (Superfan)
[04] L'Embobinage (d'après Carl Sagan) • French GROWsutra World Peace Tzigane Fusion INDIE,open,No,2026,open,nanotito,profile,1,6,20,0,0,2026-01-31,2026-07-04,2026-07-11,Niche/Emerging Curator
[02] L'Embobinage (d'après Carl Sagan) • French GROWsutra World Peace CelLOFI,open,Yes,My Pleasure,open,IP,profile,10,167,1219,0,0,2015-03-28,2026-07-07,2026-07-11,Mid-size Playlist
[02] L'Embobinage (d'après Carl Sagan) • French GROWsutra World Peace CelLOFI,open,Yes,BASESS,open,Fabianni Belemuski,profile,7,35,272,0,0,2022-09-09,2025-11-04,2026-07-11,Mid-size Playlist
[02] L'Embobinage (d'après Carl Sagan) • French GROWsutra World Peace CelLOFI,open,Yes,S F H music & Magic Radio,open,S F H music,profile,316,66,243,3,0,2025-10-22,2025-11-05,2026-07-11,Mid-size Playlist
[02] L'Embobinage (d'après Carl Sagan) • French GROWsutra World Peace CelLOFI,open,Yes,Through The Roads,open,𝐀𝐥𝐢 𝐀𝐤𝐛𝐚𝐫𝐩𝐨𝐮𝐫,profile,6,319,1698,1,0,2024-08-11,2026-07-09,2026-07-11,Generic Dump (low signal)
[02] L'Embobinage (d'après Carl Sagan) • French GROWsutra World Peace CelLOFI,open,Yes,Tripop,open,Josselyn Gueudelot,profile,1,21,85,0,0,2025-10-13,2026-07-05,2026-07-11,Niche/Emerging Curator
[05] L'Embobinage (d'après Carl Sagan) • French GROWsutra World Peace Tzigane Fusion INDIE,open,Yes,Bananasutra,open,Lincoln Scott,profile,0,82,270,2,0,2026-05-21,2026-05-27,2026-07-11,Mid-size Playlist (Repeat)
[05] L'Embobinage (d'après Carl Sagan) • French GROWsutra World Peace Tzigane Fusion INDIE,open,Yes,2026,open,nanotito,profile,1,6,20,0,0,2026-01-31,2026-07-04,2026-07-11,Niche/Emerging Curator
[05] L'Embobinage (d'après Carl Sagan) • French GROWsutra World Peace Tzigane Fusion INDIE,open,Yes,chill,open,642167,profile,0,50,185,1,0,2024-09-10,2025-10-03,2026-07-11,Mid-size Playlist
[06] L'Embobinage (d'après Carl Sagan) • French GROWsutra World Peace Tzigane Fusion INDIE,open,No,2026,open,nanotito,profile,1,6,20,0,0,2026-01-31,2026-07-04,2026-07-11,Niche/Emerging Curator
[16] L'Embobinage (d'après Carl Sagan) • French GROWsutra World Peace Waltz Circus BURLESQUE,open,No,Car,open,MyNazita,profile,0,50,184,0,0,2025-12-11,2025-12-11,2026-07-11,Mid-size Playlist
[11] L'Embobinage (d'après Carl Sagan) • French GROWsutra World Peace La Poesita Flamenco INDIE DUB,open,Yes,&&*,open,9uzzy,profile,28,249,791,1,0,2025-12-06,2025-12-06,2026-07-11,Catalog Mirror (Superfan)
[12] L'Embobinage (d'après Carl Sagan) • French GROWsutra World Peace Miss Cheeky DUB,open,Yes,Bananasutra!,open,Angus,profile,54,452,1499,1,0,2026-04-08,2026-04-10,2026-07-11,Catalog Mirror (Superfan)
[12] L'Embobinage (d'après Carl Sagan) • French GROWsutra World Peace Miss Cheeky DUB,open,Yes,&&*,open,9uzzy,profile,28,249,791,1,0,2025-12-06,2025-12-06,2026-07-11,Catalog Mirror (Superfan)
[12] L'Embobinage (d'après Carl Sagan) • French GROWsutra World Peace Miss Cheeky DUB,open,Yes,ERRO,open,zyacuxz►,profile,9,36,137,0,0,2025-08-03,2025-12-16,2026-07-11,Mid-size Playlist
[12] L'Embobinage (d'après Carl Sagan) • French GROWsutra World Peace Miss Cheeky DUB,open,Yes,Everything,open,Spraytoven,profile,16,408,1277,2,0,2017-05-16,2026-06-04,2026-07-11,Generic Dump (low signal)
[01] L'Embobinage (d'après Carl Sagan) • French GROWsutra World Peace CelLOFI,open,Yes,Bananasutra,open,Lincoln Scott,profile,0,82,270,2,0,2026-05-21,2026-05-27,2026-07-11,Mid-size Playlist (Repeat)
[15] L'Embobinage (d'après Carl Sagan) • French GROWsutra World Peace PsyAccordion POP BURLESQUE INDIE,open,Yes,french music,open,ichanpomsyda03,profile,1,75,236,0,0,2026-07-01,2026-07-01,2026-07-11,Mid-size Playlist
[15] L'Embobinage (d'après Carl Sagan) • French GROWsutra World Peace PsyAccordion POP BURLESQUE INDIE,open,Yes,nima,open,shayan rs,profile,1,72,355,0,0,2026-02-17,2026-02-27,2026-07-11,Mid-size Playlist (Repeat)
[15] L'Embobinage (d'après Carl Sagan) • French GROWsutra World Peace PsyAccordion POP BURLESQUE INDIE,open,Yes,best,open,shayan rs,profile,1,67,325,0,0,2025-10-24,2026-07-02,2026-07-11,Mid-size Playlist (Repeat)
[15] L'Embobinage (d'après Carl Sagan) • French GROWsutra World Peace PsyAccordion POP BURLESQUE INDIE,open,Yes,italiano,open,Masoud Goli,profile,0,1,3,0,0,2025-10-21,2025-10-21,2026-07-11,Niche/Emerging Curator
[15] L'Embobinage (d'après Carl Sagan) • French GROWsutra World Peace PsyAccordion POP BURLESQUE INDIE,open,Yes,160619,open,Tomas Janko,profile,0,36,158,1,0,2025-10-19,2025-12-16,2026-07-11,Mid-size Playlist
[15] L'Embobinage (d'après Carl Sagan) • French GROWsutra World Peace PsyAccordion POP BURLESQUE INDIE,open,Yes,Happy Hours,open,MehDi ESR,profile,0,1,3,0,0,2025-10-18,2025-10-18,2026-07-11,Niche/Emerging Curator
[06] Easy (Death Is Nothing At All) • BOWsutra Poetry is the Bridge Indie DUB,open,No,Bananasutra!,open,Angus,profile,54,452,1499,1,0,2026-04-08,2026-04-10,2026-07-11,Catalog Mirror (Superfan)
[06] Easy (Death Is Nothing At All) • BOWsutra Poetry is the Bridge Indie DUB,open,No,&&*,open,9uzzy,profile,28,249,791,1,0,2025-12-06,2025-12-06,2026-07-11,Catalog Mirror (Superfan)
[07] Easy (Death Is Nothing At All) • BOWsutra La Poesita Peace DUB INDIE,open,Yes,Bananasutra,open,Lincoln Scott,profile,0,82,270,2,0,2026-05-21,2026-05-27,2026-07-11,Mid-size Playlist (Repeat)
[07] Easy (Death Is Nothing At All) • BOWsutra La Poesita Peace DUB INDIE,open,Yes,Bananasutra!,open,Angus,profile,54,452,1499,1,0,2026-04-08,2026-04-10,2026-07-11,Catalog Mirror (Superfan)
[07] Easy (Death Is Nothing At All) • BOWsutra La Poesita Peace DUB INDIE,open,Yes,Mamma Mia,open,Monchimister66,profile,17,239,3843,1,0,2025-04-29,2026-05-02,2026-07-11,Generic Dump (low signal)
[07] Easy (Death Is Nothing At All) • BOWsutra La Poesita Peace DUB INDIE,open,Yes,&&*,open,9uzzy,profile,28,249,791,1,0,2025-12-06,2025-12-06,2026-07-11,Catalog Mirror (Superfan)
[07] Easy (Death Is Nothing At All) • BOWsutra La Poesita Peace DUB INDIE,open,Yes,Beach Vibes,open,riojungleboy,profile,0,7,68,1,0,2025-11-02,2025-11-02,2026-07-11,Niche/Emerging Curator
[08] Easy (Death Is Nothing At All) • BOWsutra La Poesita Peace DUB INDIE,open,No,&&*,open,9uzzy,profile,28,249,791,1,0,2025-12-06,2025-12-06,2026-07-11,Catalog Mirror (Superfan)
[02] Easy (Death Is Nothing At All) • BOWsutra Kindness is in the Depth Dubby BLUES,open,No,Conscious Music,open,Anthony Williams,profile,1,1,3,0,0,2025-09-26,2025-09-26,2026-07-11,Niche/Emerging Curator
[04] Hope is so do-do-dope • SHOWsutra Psychedelic Accordion Duende Waltz Circus BURLESQUE,open,No,Bananasutra!,open,Angus,profile,54,452,1499,1,0,2026-04-08,2026-04-10,2026-07-11,Catalog Mirror (Superfan)
[03] RhinoceroSS - BLOWsutra La Poesita Cello Dream INDIE,open,No,bananasutra,open,Fred Anderson,profile,1,445,1526,1,0,2026-07-08,2026-07-08,2026-07-11,Catalog Mirror (Superfan)
[06] RhinoceroSS - BLOWsutra Only the Brave Psychedelic BLUES,open,No,bananasutra,open,Fred Anderson,profile,1,445,1526,1,0,2026-07-08,2026-07-08,2026-07-11,Catalog Mirror (Superfan)
[01] RhinoceroSS - BLOWsutra She Wanna Know Indie LOFI,open,Yes,bananasutra,open,Fred Anderson,profile,1,445,1526,1,0,2026-07-08,2026-07-08,2026-07-11,Catalog Mirror (Superfan)
[01] RhinoceroSS - BLOWsutra She Wanna Know Indie LOFI,open,Yes,GenteL RaiN,open,Angus,profile,54,97,405,0,0,2025-11-12,2026-05-11,2026-07-11,Mid-size Playlist (Repeat)
[02] RhinoceroSS - BLOWsutra La Poesita Cello Dream INDIE,open,No,bananasutra,open,Fred Anderson,profile,1,445,1526,1,0,2026-07-08,2026-07-08,2026-07-11,Catalog Mirror (Superfan)
[02] RhinoceroSS - BLOWsutra La Poesita Cello Dream INDIE,open,No,Workout,open,Brinkley Dawn Howard,profile,6,25,258,0,0,2023-06-21,2026-05-23,2026-07-11,Niche/Emerging Curator
[05] RhinoceroSS - BLOWsutra Poetry on the Bridge Folk DUB,open,No,bananasutra,open,Fred Anderson,profile,1,445,1526,1,0,2026-07-08,2026-07-08,2026-07-11,Catalog Mirror (Superfan)
[05] RhinoceroSS - BLOWsutra Poetry on the Bridge Folk DUB,open,No,Bananasutra!,open,Angus,profile,54,452,1499,1,0,2026-04-08,2026-04-10,2026-07-11,Catalog Mirror (Superfan)
[05] RhinoceroSS - BLOWsutra Poetry on the Bridge Folk DUB,open,No,&&*,open,9uzzy,profile,28,249,791,1,0,2025-12-06,2025-12-06,2026-07-11,Catalog Mirror (Superfan)
[04] RhinoceroSS - BLOWsutra Poetry on the Bridge Folk DUB,open,No,bananasutra,open,Fred Anderson,profile,1,445,1526,1,0,2026-07-08,2026-07-08,2026-07-11,Catalog Mirror (Superfan)
[04] RhinoceroSS - BLOWsutra Poetry on the Bridge Folk DUB,open,No,Bananasutra!,open,Angus,profile,54,452,1499,1,0,2026-04-08,2026-04-10,2026-07-11,Catalog Mirror (Superfan)
[04] RhinoceroSS - BLOWsutra Poetry on the Bridge Folk DUB,open,No,&&*,open,9uzzy,profile,28,249,791,1,0,2025-12-06,2025-12-06,2026-07-11,Catalog Mirror (Superfan)
[07] RhinoceroSS - BLOWsutra I Burlesque You Not PsyPunk ROCK,open,No,bananasutra,open,Fred Anderson,profile,1,445,1526,1,0,2026-07-08,2026-07-08,2026-07-11,Catalog Mirror (Superfan)
[04] Ironic Moronic Eugenics • BLOWsutra Psychedelic Banjo Psybass Bluegrass BLUES,open,Yes,bananasutra,open,Fred Anderson,profile,1,445,1526,1,0,2026-07-08,2026-07-08,2026-07-11,Catalog Mirror (Superfan)
[08] Ironic Moronic Eugenics • BLOWsutra Post-Punk Psychedelic Burles ROCK,open,No,bananasutra,open,Fred Anderson,profile,1,445,1526,1,0,2026-07-08,2026-07-08,2026-07-11,Catalog Mirror (Superfan)
[07] Ironic Moronic Eugenics • BLOWsutra Psychedelic Banjo Booya BLUES,open,No,bananasutra,open,Fred Anderson,profile,1,445,1526,1,0,2026-07-08,2026-07-08,2026-07-11,Catalog Mirror (Superfan)
[06] Ironic Moronic Eugenics • BLOWsutra Psychedelic Banjo Booya BLUES,open,No,bananasutra,open,Fred Anderson,profile,1,445,1526,1,0,2026-07-08,2026-07-08,2026-07-11,Catalog Mirror (Superfan)
[02] Ironic Moronic Eugenics • BLOWsutra Psychedelic Queen of Authentic Bluesy Dub FOLK,open,No,bananasutra,open,Fred Anderson,profile,1,445,1526,1,0,2026-07-08,2026-07-08,2026-07-11,Catalog Mirror (Superfan)
[02] Ironic Moronic Eugenics • BLOWsutra Psychedelic Queen of Authentic Bluesy Dub FOLK,open,No,Bananasutra!,open,Angus,profile,54,452,1499,1,0,2026-04-08,2026-04-10,2026-07-11,Catalog Mirror (Superfan)
[01] Ironic Moronic Eugenics • BLOWsutra Psychedelic Poetry DUB,open,No,bananasutra,open,Fred Anderson,profile,1,445,1526,1,0,2026-07-08,2026-07-08,2026-07-11,Catalog Mirror (Superfan)
[01] Ironic Moronic Eugenics • BLOWsutra Psychedelic Poetry DUB,open,No,Bananasutra!,open,Angus,profile,54,452,1499,1,0,2026-04-08,2026-04-10,2026-07-11,Catalog Mirror (Superfan)
[01] Ironic Moronic Eugenics • BLOWsutra Psychedelic Poetry DUB,open,No,&&*,open,9uzzy,profile,28,249,791,1,0,2025-12-06,2025-12-06,2026-07-11,Catalog Mirror (Superfan)
[01] Ironic Moronic Eugenics • BLOWsutra Psychedelic Poetry DUB,open,No,🗣️🔥,open,Aleea Teregeyo,profile,4,77,315,0,0,2024-08-11,2026-05-26,2026-07-11,Mid-size Playlist
[05] Ironic Moronic Eugenics • BLOWsutra Psychedelic Banjo Booya BLUES,open,No,bananasutra,open,Fred Anderson,profile,1,445,1526,1,0,2026-07-08,2026-07-08,2026-07-11,Catalog Mirror (Superfan)
[03] Ironic Moronic Eugenics • BLOWsutra Psychedelic Ukulele Bass BLUES,open,No,bananasutra,open,Fred Anderson,profile,1,445,1526,1,0,2026-07-08,2026-07-08,2026-07-11,Catalog Mirror (Superfan)
Who's Your Vladdy BLOWsutra Psychedelic Burlesque Punk ROCK,open,Yes,bananasutra,open,Fred Anderson,profile,1,445,1526,1,0,2026-07-08,2026-07-08,2026-07-11,Catalog Mirror (Superfan)
Who's Your Vladdy BLOWsutra Psychedelic Burlesque Punk ROCK,open,Yes,Bananasutra,open,Lincoln Scott,profile,0,82,270,2,0,2026-05-21,2026-05-27,2026-07-11,Mid-size Playlist (Repeat)
Who's Your Vladdy BLOWsutra Gipsy World Peace Fusion LOFI,open,No,Bananasutra!,open,Angus,profile,54,452,1499,1,0,2026-04-08,2026-04-10,2026-07-11,Catalog Mirror (Superfan)
Who's Your Vladdy BLOWsutra Gipsy World Peace Fusion LOFI,open,No,canciones bonitas,open,Carmen Gutiérrez Luengo (CACTUS),profile,24,102,426,0,0,2025-01-15,2026-07-03,2026-07-11,Mid-size Playlist (Repeat)
[08] Who's Your Vladdy • BLOWsutra Psychedelic Poetry Folk DUB,open,Yes,Bananasutra!,open,Angus,profile,54,452,1499,1,0,2026-04-08,2026-04-10,2026-07-11,Catalog Mirror (Superfan)
[08] Who's Your Vladdy • BLOWsutra Psychedelic Poetry Folk DUB,open,Yes,&&*,open,9uzzy,profile,28,249,791,1,0,2025-12-06,2025-12-06,2026-07-11,Catalog Mirror (Superfan)
[06] Who's Your Vladdy • BLOWsutra (She Wanna Know) Psychedelic Hip Hop Fusion LOFI,open,No,Bananasutra!,open,Angus,profile,54,452,1499,1,0,2026-04-08,2026-04-10,2026-07-11,Catalog Mirror (Superfan)
[06] Who's Your Vladdy • BLOWsutra (She Wanna Know) Psychedelic Hip Hop Fusion LOFI,open,No,&&*,open,9uzzy,profile,28,249,791,1,0,2025-12-06,2025-12-06,2026-07-11,Catalog Mirror (Superfan)
[07] Who's Your Vladdy • BLOWsutra Psychedelic Poetry Folk DUB,open,Yes,bananasutra,open,Fred Anderson,profile,1,445,1526,1,0,2026-07-08,2026-07-08,2026-07-11,Catalog Mirror (Superfan)
[07] Who's Your Vladdy • BLOWsutra Psychedelic Poetry Folk DUB,open,Yes,Banana Sutra,open,3rd Ear,profile,1496,7,22,0,0,2026-01-13,2026-04-19,2026-07-11,Priority Curator
[07] Who's Your Vladdy • BLOWsutra Psychedelic Poetry Folk DUB,open,Yes,&&*,open,9uzzy,profile,28,249,791,1,0,2025-12-06,2025-12-06,2026-07-11,Catalog Mirror (Superfan)
[04] Who's Your Vladdy • BLOWsutra Psychedelic World Soul FUSION,open,Yes,🫦,open,Ivanka Barabash,profile,0,7,23,0,0,2025-09-20,2025-09-21,2026-07-11,Niche/Emerging Curator
[05] Who's Your Vladdy • BLOWsutra (She Wanna Know) Psychedelic Hip Hop Fusion LOFI,open,No,Day @ Gardens,open,acid coffee,profile,44,122,885,2,0,2025-09-06,2026-04-30,2026-07-11,Mid-size Playlist
[01] Men-Oh-Pause • GROWsutra La Poesita Fado Arabesk World INDIE,open,No,my way,open,Ayman ElSherbini,profile,14,165,1218,0,0,2020-01-11,2026-04-09,2026-07-11,Mid-size Playlist (Repeat)
[11] Men-Oh-Pause • GROWsutra Accordion Circus BURLESQUE,open,No,my way,open,Ayman ElSherbini,profile,14,165,1218,0,0,2020-01-11,2026-04-09,2026-07-11,Mid-size Playlist (Repeat)
[06] Men-Oh-Pause • GROWsutra F-Bomb Hip Hop LOFI,open,No,Bananasutra!,open,Angus,profile,54,452,1499,1,0,2026-04-08,2026-04-10,2026-07-11,Catalog Mirror (Superfan)
[06] Men-Oh-Pause • GROWsutra F-Bomb Hip Hop LOFI,open,No,Panino Di Marco,open,Nazanin_vagidi_1995,profile,0,14,43,0,0,2025-08-31,2026-01-15,2026-07-11,Niche/Emerging Curator
[06] Men-Oh-Pause • GROWsutra F-Bomb Hip Hop LOFI,open,No,this is for me only,open,Angie Joseph,profile,1,1,9,0,0,2025-08-16,2025-09-16,2026-07-11,Niche/Emerging Curator
[03] Men-Oh-Pause • GROWsutra She Wanna Know Fusion Jazz CelLOFI INDIE,open,No,Late Morning Beats,open,Angus,profile,54,123,532,0,0,2026-01-30,2026-05-10,2026-07-11,Mid-size Playlist (Repeat)
[03] Men-Oh-Pause • GROWsutra She Wanna Know Fusion Jazz CelLOFI INDIE,open,No,Bananasutra!,open,Angus,profile,54,452,1499,1,0,2026-04-08,2026-04-10,2026-07-11,Catalog Mirror (Superfan)
[03] Men-Oh-Pause • GROWsutra She Wanna Know Fusion Jazz CelLOFI INDIE,open,No,Шубар Плейлист,open,CHUBAR MUZ,profile,1,305,1031,0,0,2025-09-12,2025-11-18,2026-07-11,Generic Dump (low signal)
[13] Men-Oh-Pause • GROWsutra Accordion Circus BURLESQUE,open,Yes,Copy of Roots And Culture 🔥,open,kérane,profile,2,81,637,0,0,2026-04-02,2026-04-02,2026-07-11,Mid-size Playlist
[13] Men-Oh-Pause • GROWsutra Accordion Circus BURLESQUE,open,Yes,Roots And Culture 🔥,open,jahSon G.,profile,0,90,780,4,0,2025-05-09,2026-05-11,2026-07-11,Mid-size Playlist
[14] Men-Oh-Pause • GROWsutra I Burlesque You Not Psychedelic Punk ROCK,open,Yes,Bananasutra,open,Lincoln Scott,profile,0,82,270,2,0,2026-05-21,2026-05-27,2026-07-11,Mid-size Playlist (Repeat)
[09] Men-Oh-Pause • GROWsutra Kindness is in the Depth Indie FOLK,open,No,2025 Ella’s Fav,open,Ella,profile,2,20,84,0,0,2025-09-17,2025-10-24,2026-07-11,Niche/Emerging Curator
[08] Men-Oh-Pause • GROWsutra Dem Sed Ragga DUB,open,Yes,&&*,open,9uzzy,profile,28,249,791,1,0,2025-12-06,2025-12-06,2026-07-11,Catalog Mirror (Superfan)
[08] Men-Oh-Pause • GROWsutra Dem Sed Ragga DUB,open,Yes,Panino Di Marco,open,Nazanin_vagidi_1995,profile,0,14,43,0,0,2025-08-31,2026-01-15,2026-07-11,Niche/Emerging Curator
[04] Men-Oh-Pause • GROWsutra She Wanna Know Fusion Jazz CelLOFI INDIE,open,Yes,Bananasutra,open,Lincoln Scott,profile,0,82,270,2,0,2026-05-21,2026-05-27,2026-07-11,Mid-size Playlist (Repeat)
[07] Men-Oh-Pause • GROWsutra Muse DUB,open,No,Bananasutra!,open,Angus,profile,54,452,1499,1,0,2026-04-08,2026-04-10,2026-07-11,Catalog Mirror (Superfan)
[07] Men-Oh-Pause • GROWsutra Muse DUB,open,No,&&*,open,9uzzy,profile,28,249,791,1,0,2025-12-06,2025-12-06,2026-07-11,Catalog Mirror (Superfan)
[07] Men-Oh-Pause • GROWsutra Muse DUB,open,No,Donn,open,Helio Correa,profile,4,37,133,1,0,2025-11-28,2026-02-03,2026-07-11,Mid-size Playlist
[04] Nous Sommes Le Feu - Queen FOLKsutra - MANTRA,open,No,Bananasutra!,open,Angus,profile,54,452,1499,1,0,2026-04-08,2026-04-10,2026-07-11,Catalog Mirror (Superfan)
[03] Nous Sommes Le Feu - Jazzy Muse DUB,open,No,Bananasutra!,open,Angus,profile,54,452,1499,1,0,2026-04-08,2026-04-10,2026-07-11,Catalog Mirror (Superfan)
[03] Nous Sommes Le Feu - Jazzy Muse DUB,open,No,&&*,open,9uzzy,profile,28,249,791,1,0,2025-12-06,2025-12-06,2026-07-11,Catalog Mirror (Superfan)
[07] Idiocracy Now • QUACKsutra Post-Punk Burlesque Punk ROCK,open,No,Maghaze romanc,open,behnam khoshyoom,profile,5,107,892,10,0,2022-09-12,2026-06-17,2026-07-11,Mid-size Playlist
[10] Idiocracy Now • QUACKsutra Cello Bamboozling LoFi INDIE,open,No,Bananasutra!,open,Angus,profile,54,452,1499,1,0,2026-04-08,2026-04-10,2026-07-11,Catalog Mirror (Superfan)
"[10] It's War, My Friend • QUACKsutra Psychedelic BLUES",open,Yes,Bananasutra!,open,Angus,profile,54,452,1499,1,0,2026-04-08,2026-04-10,2026-07-11,Catalog Mirror (Superfan)
"[07] It's War, My Friend • QUACKsutra Psychedelic BLUES",open,No,qatar soundcloud,open,Zeck,profile,0,10,37,0,0,2025-09-10,2025-09-10,2026-07-11,Niche/Emerging Curator
"[11] It's War, My Friend • QUACKsutra Psychedelic Folk BLUES",open,Yes,Bananasutra,open,Lincoln Scott,profile,0,82,270,2,0,2026-05-21,2026-05-27,2026-07-11,Mid-size Playlist (Repeat)
"[11] It's War, My Friend • QUACKsutra Psychedelic Folk BLUES",open,Yes,Dance,open,Heather Vanicor,profile,78,484,4983,1,1,2015-02-28,2026-04-03,2026-07-11,Generic Dump (low signal)
"[11] It's War, My Friend • QUACKsutra Psychedelic Folk BLUES",open,Yes,Smooth,open,Heather Vanicor,profile,78,16,72,0,0,2015-03-11,2026-03-10,2026-07-11,Priority Curator (Repeat)
"[05] It's War, My Friend • QUACKsutra Tzigane Indie Fusion LOFI",open,No,Bananasutra!,open,Angus,profile,54,452,1499,1,0,2026-04-08,2026-04-10,2026-07-11,Catalog Mirror (Superfan)
"[06] It's War, My Friend • QUACKsutra Muse Chill DUB",open,No,Bananasutra!,open,Angus,profile,54,452,1499,1,0,2026-04-08,2026-04-10,2026-07-11,Catalog Mirror (Superfan)
"[06] It's War, My Friend • QUACKsutra Muse Chill DUB",open,No,&&*,open,9uzzy,profile,28,249,791,1,0,2025-12-06,2025-12-06,2026-07-11,Catalog Mirror (Superfan)
"[06] It's War, My Friend • QUACKsutra Muse Chill DUB",open,No,💜🍃,open,rebekisback_,profile,9,13,53,0,0,2025-09-10,2026-06-23,2026-07-11,Niche/Emerging Curator
"[03] It's War, My Friend • QUACKsutra Tzigane Indie Fusion LOFI",open,No,Bananasutra!,open,Angus,profile,54,452,1499,1,0,2026-04-08,2026-04-10,2026-07-11,Catalog Mirror (Superfan)
"[02] It's War, My Friend • QUACKsutra Tzigane Indie Fusion LOFI",open,Yes,Bananasutra!,open,Angus,profile,54,452,1499,1,0,2026-04-08,2026-04-10,2026-07-11,Catalog Mirror (Superfan)
"[02] It's War, My Friend • QUACKsutra Tzigane Indie Fusion LOFI",open,Yes,August 25,open,User 158958053,profile,3,83,414,0,0,2025-08-25,2026-05-26,2026-07-11,Mid-size Playlist (Repeat)
"[02] It's War, My Friend • QUACKsutra Tzigane Indie Fusion LOFI",open,Yes,one more day,open,User 158958053,profile,3,55,215,0,0,2025-09-08,2026-05-26,2026-07-11,Mid-size Playlist (Repeat)
"[15] It's War, My Friend • QUACKsutra Psychedelic Punk ROCK",open,Yes,Bananasutra,open,Lincoln Scott,profile,0,82,270,2,0,2026-05-21,2026-05-27,2026-07-11,Mid-size Playlist (Repeat)
[08] They Muddy the Water • Nietzsche's Gift • KNOWsutra Tzigane Fusion FOLK DUB,open,No,Bananasutra!,open,Angus,profile,54,452,1499,1,0,2026-04-08,2026-04-10,2026-07-11,Catalog Mirror (Superfan)
[08] They Muddy the Water • Nietzsche's Gift • KNOWsutra Tzigane Fusion FOLK DUB,open,No,&&*,open,9uzzy,profile,28,249,791,1,0,2025-12-06,2025-12-06,2026-07-11,Catalog Mirror (Superfan)
[03] They Muddy the Water • Nietzsche's Gift • KNOWsutra Accordion BURLESQUE,open,No,Free: Full Discography,open,Proyecto DGSV,profile,8,76,806,0,0,2025-12-05,2025-12-05,2026-07-11,Mid-size Playlist
[03] They Muddy the Water • Nietzsche's Gift • KNOWsutra Accordion BURLESQUE,open,No,vocals,open,Sousa,profile,34,184,1231,0,0,2016-12-20,2026-02-01,2026-07-11,Mid-size Playlist (Repeat)
[03] They Muddy the Water • Nietzsche's Gift • KNOWsutra Accordion BURLESQUE,open,No,Best,open,Sousa,profile,34,278,2191,0,0,2019-07-16,2026-06-12,2026-07-11,Generic Dump (low signal)
[03] They Muddy the Water • Nietzsche's Gift • KNOWsutra Accordion BURLESQUE,open,No,TheGreatLove,open,Sousa,profile,34,177,1154,0,0,2020-03-09,2026-06-12,2026-07-11,Mid-size Playlist (Repeat)
[03] They Muddy the Water • Nietzsche's Gift • KNOWsutra Accordion BURLESQUE,open,No,Super chill,open,Sousa,profile,34,149,1284,0,0,2020-02-02,2026-06-12,2026-07-11,Mid-size Playlist (Repeat)
[03] They Muddy the Water • Nietzsche's Gift • KNOWsutra Accordion BURLESQUE,open,No,Exotic Synopsis,open,Sousa,profile,34,116,954,0,0,2024-03-12,2026-06-12,2026-07-11,Mid-size Playlist (Repeat)
[11] They Muddy the Water • Nietzsche's Gift • KNOWsutra Dubby Dub DUB,open,No,Bananasutra!,open,Angus,profile,54,452,1499,1,0,2026-04-08,2026-04-10,2026-07-11,Catalog Mirror (Superfan)
[11] They Muddy the Water • Nietzsche's Gift • KNOWsutra Dubby Dub DUB,open,No,&&*,open,9uzzy,profile,28,249,791,1,0,2025-12-06,2025-12-06,2026-07-11,Catalog Mirror (Superfan)
[09] They Muddy the Water • Nietzsche's Gift • KNOWsutra Tzigane Indie Fusion FOLK DUB,open,No,Bananasutra!,open,Angus,profile,54,452,1499,1,0,2026-04-08,2026-04-10,2026-07-11,Catalog Mirror (Superfan)
[09] They Muddy the Water • Nietzsche's Gift • KNOWsutra Tzigane Indie Fusion FOLK DUB,open,No,&&*,open,9uzzy,profile,28,249,791,1,0,2025-12-06,2025-12-06,2026-07-11,Catalog Mirror (Superfan)
[05] They Muddy the Water • Nietzsche's Gift • KNOWsutra Bluesy Bass (Remastered) JAZZ,open,No,rock,open,R. Daniel,profile,0,63,370,0,0,2025-08-23,2025-10-18,2026-07-11,Mid-size Playlist
[10] They Muddy the Water • Nietzsche's Gift • KNOWsutra Muse DUB,open,No,Bananasutra!,open,Angus,profile,54,452,1499,1,0,2026-04-08,2026-04-10,2026-07-11,Catalog Mirror (Superfan)
[10] They Muddy the Water • Nietzsche's Gift • KNOWsutra Muse DUB,open,No,&&*,open,9uzzy,profile,28,249,791,1,0,2025-12-06,2025-12-06,2026-07-11,Catalog Mirror (Superfan)
[01] They Muddy the Water • Nietzsche's Gift • KNOWsutra Piano BURLESQUE,open,No,wavy peace blues,open,Igor,profile,1,392,2143,0,0,2025-09-28,2025-11-04,2026-07-11,Generic Dump (low signal)
[01] They Muddy the Water • Nietzsche's Gift • KNOWsutra Piano BURLESQUE,open,No,rock,open,Igor,profile,1,376,2091,0,0,2025-09-27,2025-11-04,2026-07-11,Generic Dump (low signal)
[01] They Muddy the Water • Nietzsche's Gift • KNOWsutra Piano BURLESQUE,open,No,wavy,open,Igor,profile,1,196,1004,0,0,2025-09-27,2025-11-04,2026-07-11,Mid-size Playlist (Repeat)
[13] They Muddy the Water • Nietzsche's Gift • KNOWsutra Drum LOFI,open,Yes,Bananasutra!,open,Angus,profile,54,452,1499,1,0,2026-04-08,2026-04-10,2026-07-11,Catalog Mirror (Superfan)
[13] They Muddy the Water • Nietzsche's Gift • KNOWsutra Drum LOFI,open,Yes,ROBINEAU ART Space,open,Patrick Robineau,profile,57,56,437,0,0,2024-11-17,2025-11-18,2026-07-11,Mid-size Playlist
[13] They Muddy the Water • Nietzsche's Gift • KNOWsutra Drum LOFI,open,Yes,songs 💫,open,Na-da Mamdouh,profile,1,1,3,0,0,2025-09-06,2025-09-06,2026-07-11,Niche/Emerging Curator
[12] They Muddy the Water • Nietzsche's Gift • KNOWsutra Dubby Dub DUB,open,No,Bananasutra!,open,Angus,profile,54,452,1499,1,0,2026-04-08,2026-04-10,2026-07-11,Catalog Mirror (Superfan)
[12] They Muddy the Water • Nietzsche's Gift • KNOWsutra Dubby Dub DUB,open,No,&&*,open,9uzzy,profile,28,249,791,1,0,2025-12-06,2025-12-06,2026-07-11,Catalog Mirror (Superfan)
Poetry (Nah Lie) • GROWsutra Ragga Mantra DUB,open,Yes,Bananasutra,open,Lincoln Scott,profile,0,82,270,2,0,2026-05-21,2026-05-27,2026-07-11,Mid-size Playlist (Repeat)
Poetry (Nah Lie) • GROWsutra Ragga Mantra DUB,open,Yes,Bananasutra!,open,Angus,profile,54,452,1499,1,0,2026-04-08,2026-04-10,2026-07-11,Catalog Mirror (Superfan)
Echoes of Truth (VOICES) • GROWsutra Peace Mantra INDIE,open,No,Bananasutra!,open,Angus,profile,54,452,1499,1,0,2026-04-08,2026-04-10,2026-07-11,Catalog Mirror (Superfan)
[03] EGO's masquerade • Tzigane Trip Hop Lo-Fi INDIE,open,No,Bananasutra!,open,Angus,profile,54,452,1499,1,0,2026-04-08,2026-04-10,2026-07-11,Catalog Mirror (Superfan)
[02] EGO's masquerade • Tzigane Trip Hop Lo-Fi INDIE,open,Yes,bananasutra,open,Fred Anderson,profile,1,445,1526,1,0,2026-07-08,2026-07-08,2026-07-11,Catalog Mirror (Superfan)
[02] EGO's masquerade • Tzigane Trip Hop Lo-Fi INDIE,open,Yes,Bananasutra!,open,Angus,profile,54,452,1499,1,0,2026-04-08,2026-04-10,2026-07-11,Catalog Mirror (Superfan)
[04] EGO's masquerade • Tzigane Trip Hop Lo-Fi INDIE,open,No,Bananasutra!,open,Angus,profile,54,452,1499,1,0,2026-04-08,2026-04-10,2026-07-11,Catalog Mirror (Superfan)
[06] All Lame-Isms (Queen of Authentic) - BLOWsutra FOLK,open,Yes,bananasutra,open,Fred Anderson,profile,1,445,1526,1,0,2026-07-08,2026-07-08,2026-07-11,Catalog Mirror (Superfan)
[06] All Lame-Isms (Queen of Authentic) - BLOWsutra FOLK,open,Yes,Bananasutra!,open,Angus,profile,54,452,1499,1,0,2026-04-08,2026-04-10,2026-07-11,Catalog Mirror (Superfan)
[02] All Lame-Isms - BLOWsutra CAT JAZZ,open,No,bananasutra,open,Fred Anderson,profile,1,445,1526,1,0,2026-07-08,2026-07-08,2026-07-11,Catalog Mirror (Superfan)
[01] All Lame-Isms (she wanna know) BLOWsutra JAZZ,open,No,bananasutra,open,Fred Anderson,profile,1,445,1526,1,0,2026-07-08,2026-07-08,2026-07-11,Catalog Mirror (Superfan)
[01] All Lame-Isms (she wanna know) BLOWsutra JAZZ,open,No,Bananasutra!,open,Angus,profile,54,452,1499,1,0,2026-04-08,2026-04-10,2026-07-11,Catalog Mirror (Superfan)
[03] All Lame-Isms - (Miss Cheeky) DUBsutra,open,No,bananasutra,open,Fred Anderson,profile,1,445,1526,1,0,2026-07-08,2026-07-08,2026-07-11,Catalog Mirror (Superfan)
[03] All Lame-Isms - (Miss Cheeky) DUBsutra,open,No,Bananasutra!,open,Angus,profile,54,452,1499,1,0,2026-04-08,2026-04-10,2026-07-11,Catalog Mirror (Superfan)
[03] All Lame-Isms - (Miss Cheeky) DUBsutra,open,No,Líu Lo,open,Minh Nguyên Mai Trần,profile,0,76,270,0,0,2025-12-27,2025-12-27,2026-07-11,Mid-size Playlist
[03] All Lame-Isms - (Miss Cheeky) DUBsutra,open,No,&&*,open,9uzzy,profile,28,249,791,1,0,2025-12-06,2025-12-06,2026-07-11,Catalog Mirror (Superfan)
[03] All Lame-Isms - (Miss Cheeky) DUBsutra,open,No,lò lí lo,open,Nguyễn Hoàng Nhật,profile,4,76,273,0,0,2025-07-08,2025-09-16,2026-07-11,Mid-size Playlist (Repeat)
[03] All Lame-Isms - (Miss Cheeky) DUBsutra,open,No,420 yfa,open,Nguyễn Hoàng Nhật,profile,4,10,32,0,0,2025-09-16,2025-09-18,2026-07-11,Niche/Emerging Curator (Repeat)
[07] All Lame-Isms - (Hide your Pets) BLOWsutra BANJO,open,No,bananasutra,open,Fred Anderson,profile,1,445,1526,1,0,2026-07-08,2026-07-08,2026-07-11,Catalog Mirror (Superfan)
[05] All Lame-Isms (oh boy) 2 - BLOWsutra BURLESQUE,open,No,bananasutra,open,Fred Anderson,profile,1,445,1526,1,0,2026-07-08,2026-07-08,2026-07-11,Catalog Mirror (Superfan)
[04] All Lame-Isms (oh boy) 1 - BLOWsutra BURLESQUE,open,Yes,bananasutra,open,Fred Anderson,profile,1,445,1526,1,0,2026-07-08,2026-07-08,2026-07-11,Catalog Mirror (Superfan)
[04] All Lame-Isms (oh boy) 1 - BLOWsutra BURLESQUE,open,Yes,ROCK 'N ROLL,open,Baher Kandil,profile,30,321,4211,6,0,2014-01-22,2026-07-08,2026-07-11,Generic Dump (low signal)
[05] Joseph Campbell's Truth Metaphors - The Song of the Universe - KNOWsutra Kindness is in the Depth BLUES,open,No,Bananasutra!,open,Angus,profile,54,452,1499,1,0,2026-04-08,2026-04-10,2026-07-11,Catalog Mirror (Superfan)
[10] Joseph Campbell - Hold the Sacred - KNOWsutra wdwhf Burlesque DUB,open,No,Bananasutra!,open,Angus,profile,54,452,1499,1,0,2026-04-08,2026-04-10,2026-07-11,Catalog Mirror (Superfan)
[10] Joseph Campbell - Hold the Sacred - KNOWsutra wdwhf Burlesque DUB,open,No,&&*,open,9uzzy,profile,28,249,791,1,0,2025-12-06,2025-12-06,2026-07-11,Catalog Mirror (Superfan)
[10] Joseph Campbell - Hold the Sacred - KNOWsutra wdwhf Burlesque DUB,open,No,Natale 2025,open,Natali,profile,0,40,140,0,0,2025-10-14,2025-11-04,2026-07-11,Mid-size Playlist (Repeat)
[02] Joseph Campbell - Hold the Sacred - KNOWsutra Chillhop Piano Psy-LOFI,open,Yes,Joseph Campbell,open,shankargallery,profile,332,45,973,4,0,2018-12-24,2026-06-02,2026-07-11,Mid-size Playlist
[09] Joseph Campbell's Truth Metaphors - Sacred Shadows - KNOWsutra Oh Lordy DUB,open,No,Bananasutra!,open,Angus,profile,54,452,1499,1,0,2026-04-08,2026-04-10,2026-07-11,Catalog Mirror (Superfan)
[09] Joseph Campbell's Truth Metaphors - Sacred Shadows - KNOWsutra Oh Lordy DUB,open,No,&&*,open,9uzzy,profile,28,249,791,1,0,2025-12-06,2025-12-06,2026-07-11,Catalog Mirror (Superfan)
[08] Joseph Campbell's Truth Metaphors - Sacred Shadows - KNOWsutra Oh Lordy DUB,open,No,&&*,open,9uzzy,profile,28,249,791,1,0,2025-12-06,2025-12-06,2026-07-11,Catalog Mirror (Superfan)
[04] Joseph Campbell's Truth Metaphors - The Song of the Universe - KNOWsutra Oh Lordy Dreamy Dubby INDIE,open,No,Bananasutra!,open,Angus,profile,54,452,1499,1,0,2026-04-08,2026-04-10,2026-07-11,Catalog Mirror (Superfan)
[01] Joseph Campbell - Hold the Sacred - KNOWsutra Anonymous MANTRA LOFI,open,No,Bananasutra!,open,Angus,profile,54,452,1499,1,0,2026-04-08,2026-04-10,2026-07-11,Catalog Mirror (Superfan)
[01] Blaise's Tale ⭐︎ KNOWsutra Intimate Storytelling FOLK,open,No,Bananasutra!,open,Angus,profile,54,452,1499,1,0,2026-04-08,2026-04-10,2026-07-11,Catalog Mirror (Superfan)
[06] Blessed Be The Dogs • SHOWsutra Post-Punk Burlesque ROCK,open,No,Copy of BOWsutra : (Thank) Dogs,open,Jean Claude Souza,profile,44,10,35,1,0,2025-12-11,2025-12-11,2026-07-11,Niche/Emerging Curator (Repeat)
[06] Blessed Be The Dogs • SHOWsutra Post-Punk Burlesque ROCK,open,No,Post Punk,open,o_taker,profile,8,1,4,0,0,2025-08-15,2025-08-15,2026-07-11,Niche/Emerging Curator
[01] Blessed Be The Dogs • SHOWsutra Post-Punk Burlesque ROCK,open,Yes,My Shazam Tracks,open,Nathan,profile,0,86,339,0,0,2026-06-29,2026-06-29,2026-07-11,Mid-size Playlist
[01] Blessed Be The Dogs • SHOWsutra Post-Punk Burlesque ROCK,open,Yes,Gospel,open,Che Chee,profile,0,50,235,0,0,2026-06-23,2026-06-23,2026-07-11,Mid-size Playlist
[01] Blessed Be The Dogs • SHOWsutra Post-Punk Burlesque ROCK,open,Yes,Bananasutra,open,Lincoln Scott,profile,0,82,270,2,0,2026-05-21,2026-05-27,2026-07-11,Mid-size Playlist (Repeat)
[01] Blessed Be The Dogs • SHOWsutra Post-Punk Burlesque ROCK,open,Yes,My spiritual walk 🙌🏽,open,Jamar Goff,profile,0,297,1767,0,0,2026-04-29,2026-04-29,2026-07-11,Generic Dump (low signal)
[01] Blessed Be The Dogs • SHOWsutra Post-Punk Burlesque ROCK,open,Yes,Psalms 46:5,open,🫀,profile,7,133,576,0,0,2026-04-28,2026-04-28,2026-07-11,Mid-size Playlist
[08] Blessed Be The Dogs • SHOWsutra Post-Punk Burlesque ROCK,open,No,Copy of BOWsutra : (Thank) Dogs,open,Jean Claude Souza,profile,44,10,35,1,0,2025-12-11,2025-12-11,2026-07-11,Niche/Emerging Curator (Repeat)
[05] Blessed Be The Dogs • SHOWsutra Post-Punk Burlesque ROCK,open,Yes,Bananasutra,open,Lincoln Scott,profile,0,82,270,2,0,2026-05-21,2026-05-27,2026-07-11,Mid-size Playlist (Repeat)
[05] Blessed Be The Dogs • SHOWsutra Post-Punk Burlesque ROCK,open,Yes,Copy of BOWsutra : (Thank) Dogs,open,Jean Claude Souza,profile,44,10,35,1,0,2025-12-11,2025-12-11,2026-07-11,Niche/Emerging Curator (Repeat)
[04] Blessed Be The Dogs • SHOWsutra Post-Punk Burlesque ROCK,open,No,Copy of BOWsutra : (Thank) Dogs,open,Jean Claude Souza,profile,44,10,35,1,0,2025-12-11,2025-12-11,2026-07-11,Niche/Emerging Curator (Repeat)
[11] How Do Kids Learn KNOWsutra Gipsy Fado Flamenco Techno Arabesk WORLD 11,open,Yes,reggae,open,Thor Mahieu,profile,0,82,329,0,0,2024-03-24,2026-07-09,2026-07-11,Mid-size Playlist
[11] How Do Kids Learn KNOWsutra Gipsy Fado Flamenco Techno Arabesk WORLD 11,open,Yes,Dub,open,Hurley,profile,10,123,527,2,0,2025-07-25,2026-06-25,2026-07-11,Mid-size Playlist (Repeat)
[11] How Do Kids Learn KNOWsutra Gipsy Fado Flamenco Techno Arabesk WORLD 11,open,Yes,Raggea Dub,open,Hurley,profile,10,77,321,1,0,2025-11-03,2026-07-09,2026-07-11,Mid-size Playlist (Repeat)
[11] How Do Kids Learn KNOWsutra Gipsy Fado Flamenco Techno Arabesk WORLD 11,open,Yes,Idk,open,Ghady Bassil,profile,0,3,15,0,0,2026-03-03,2026-05-20,2026-07-11,Niche/Emerging Curator
[10] How Do Kids Learn KNOWsutra Gipsy Fado Flamenco Techno WORLD 10,open,No,Gipsy,open,User 609017653,profile,0,1,4,0,0,2026-01-25,2026-01-25,2026-07-11,Niche/Emerging Curator
[01] BANANA ALLELUIA — KNOWsutra Folk Waltz Ballad BURLESQUE,open,Yes,English,open,Amgad Beshara,profile,3,67,274,1,0,2025-06-08,2026-06-04,2026-07-11,Mid-size Playlist
[01] BANANA ALLELUIA — KNOWsutra Folk Waltz Ballad BURLESQUE,open,Yes,Barre 2 Vui,open,Sammy,profile,0,16,121,0,0,2026-03-24,2026-04-03,2026-07-11,Niche/Emerging Curator
"[07] Oh My, Oh Why (Socrates Song) - GROWsutra Muse DUB",open,No,Bananasutra!,open,Angus,profile,54,452,1499,1,0,2026-04-08,2026-04-10,2026-07-11,Catalog Mirror (Superfan)
"[07] Oh My, Oh Why (Socrates Song) - GROWsutra Muse DUB",open,No,&&*,open,9uzzy,profile,28,249,791,1,0,2025-12-06,2025-12-06,2026-07-11,Catalog Mirror (Superfan)
"[06] Oh My, Oh Why (Socrates Song) - GROWsutra mo FOLK",open,No,Bananasutra!,open,Angus,profile,54,452,1499,1,0,2026-04-08,2026-04-10,2026-07-11,Catalog Mirror (Superfan)
"[05] Oh My, Oh Why (Socrates Song) - GROWsutra FOLK",open,No,Bananasutra!,open,Angus,profile,54,452,1499,1,0,2026-04-08,2026-04-10,2026-07-11,Catalog Mirror (Superfan)
Relative Steve • KNOWsutra Psy Hip Weee Hop,open,No,Bananasutra!,open,Angus,profile,54,452,1499,1,0,2026-04-08,2026-04-10,2026-07-11,Catalog Mirror (Superfan)
Relative Steve • KNOWsutra Psy Hip Wooo Hop,open,No,Bananasutra!,open,Angus,profile,54,452,1499,1,0,2026-04-08,2026-04-10,2026-07-11,Catalog Mirror (Superfan)
"[11] No, I'm Not Being Political • KNOWsutra Indie DUB",open,No,Bananasutra!,open,Angus,profile,54,452,1499,1,0,2026-04-08,2026-04-10,2026-07-11,Catalog Mirror (Superfan)
"[13] No, I'm Not Being Political • KNOWsutra DUB",open,No,Bananasutra!,open,Angus,profile,54,452,1499,1,0,2026-04-08,2026-04-10,2026-07-11,Catalog Mirror (Superfan)
"[12] No, I'm Not Being Political • KNOWsutra DUB",open,Yes,Bananasutra!,open,Angus,profile,54,452,1499,1,0,2026-04-08,2026-04-10,2026-07-11,Catalog Mirror (Superfan)
"[08] No, I'm Not Being Political • KNOWsutra Dubby Tzigane LOFI",open,No,Bananasutra!,open,Angus,profile,54,452,1499,1,0,2026-04-08,2026-04-10,2026-07-11,Catalog Mirror (Superfan)
"[09] No, I'm Not Being Political • KNOWsutra Dubby Tzigane LOFI",open,No,alternative,open,Judith D.,profile,0,1,3,0,0,2026-07-10,2026-07-10,2026-07-11,Niche/Emerging Curator
"[09] No, I'm Not Being Political • KNOWsutra Dubby Tzigane LOFI",open,No,Bananasutra!,open,Angus,profile,54,452,1499,1,0,2026-04-08,2026-04-10,2026-07-11,Catalog Mirror (Superfan)
[05] BANANA ALLELUIA — KNOWsutra Dystopian Cabaret BURLESQUE,open,No,Natale 2025,open,Natali,profile,0,40,140,0,0,2025-10-14,2025-11-04,2026-07-11,Mid-size Playlist (Repeat)
[03] BANANA ALLELUIA — KNOWsutra Banjo Waltz Bounce BURLESQUE,open,Yes,Bananasutra,open,Lincoln Scott,profile,0,82,270,2,0,2026-05-21,2026-05-27,2026-07-11,Mid-size Playlist (Repeat)
[03] BANANA ALLELUIA — KNOWsutra Banjo Waltz Bounce BURLESQUE,open,Yes,Varie,open,Lobsangrampa,profile,1,39,144,0,0,2025-07-12,2026-05-21,2026-07-11,Mid-size Playlist
[01] BANANA ALLELUIA — KNOWsutra Folk Waltz Ballad BURLESQUE,open,Yes,Bananasutra,open,Lincoln Scott,profile,0,82,270,2,0,2026-05-21,2026-05-27,2026-07-11,Mid-size Playlist (Repeat)
"[03] Hey, You - BLOWsutra psyPunk ROCK",open,Yes,bananasutra,open,Fred Anderson,profile,1,445,1526,1,0,2026-07-08,2026-07-08,2026-07-11,Catalog Mirror (Superfan)
"[08] Hey, You - BLOWsutra Indie Vocal JAZZ",open,No,bananasutra,open,Fred Anderson,profile,1,445,1526,1,0,2026-07-08,2026-07-08,2026-07-11,Catalog Mirror (Superfan)
"[08] Hey, You - BLOWsutra Indie Vocal JAZZ",open,No,Bananasutra!,open,Angus,profile,54,452,1499,1,0,2026-04-08,2026-04-10,2026-07-11,Catalog Mirror (Superfan)
"[05] Hey, You - BLOWsutra psyPunk ROCK",open,No,bananasutra,open,Fred Anderson,profile,1,445,1526,1,0,2026-07-08,2026-07-08,2026-07-11,Catalog Mirror (Superfan)
"[01] Hey, You - BLOWsutra psyPunk ROCK",open,No,bananasutra,open,Fred Anderson,profile,1,445,1526,1,0,2026-07-08,2026-07-08,2026-07-11,Catalog Mirror (Superfan)
"[07] Hey, You - BLOWsutra psyPunk BURLESQUE",open,No,bananasutra,open,Fred Anderson,profile,1,445,1526,1,0,2026-07-08,2026-07-08,2026-07-11,Catalog Mirror (Superfan)
"[06] Hey, You - BLOWsutra rawPunk ROCK",open,No,bananasutra,open,Fred Anderson,profile,1,445,1526,1,0,2026-07-08,2026-07-08,2026-07-11,Catalog Mirror (Superfan)
"[02] Hey, You - BLOWsutra psyPunk ROCK",open,No,bananasutra,open,Fred Anderson,profile,1,445,1526,1,0,2026-07-08,2026-07-08,2026-07-11,Catalog Mirror (Superfan)
"[04] Hey, You - BLOWsutra psyPunk ROCK",open,No,bananasutra,open,Fred Anderson,profile,1,445,1526,1,0,2026-07-08,2026-07-08,2026-07-11,Catalog Mirror (Superfan)
[05] DEFY (Song 2) • Optics of Cruelty • BLOWsutra Jazzy Trip Hop LOFI,open,No,bananasutra,open,Fred Anderson,profile,1,445,1526,1,0,2026-07-08,2026-07-08,2026-07-11,Catalog Mirror (Superfan)
[05] DEFY (Song 2) • Optics of Cruelty • BLOWsutra Jazzy Trip Hop LOFI,open,No,Bananasutra!,open,Angus,profile,54,452,1499,1,0,2026-04-08,2026-04-10,2026-07-11,Catalog Mirror (Superfan)
[02] DEFY (Song 1) • Shameless • KNOWsutra BLUES,open,No,bananasutra,open,Fred Anderson,profile,1,445,1526,1,0,2026-07-08,2026-07-08,2026-07-11,Catalog Mirror (Superfan)
[02] DEFY (Song 1) • Shameless • KNOWsutra BLUES,open,No,chill,open,642167,profile,0,50,185,1,0,2024-09-10,2025-10-03,2026-07-11,Mid-size Playlist
[01] DEFY (Song 1) • Shameless • KNOWsutra BLUES,open,Yes,Bananasutra!,open,Angus,profile,54,452,1499,1,0,2026-04-08,2026-04-10,2026-07-11,Catalog Mirror (Superfan)
[04] DEFY (Song 2) • Optics of Cruelty • BLOWsutra Trip Hop LOFI,open,No,Bananasutra!,open,Angus,profile,54,452,1499,1,0,2026-04-08,2026-04-10,2026-07-11,Catalog Mirror (Superfan)
[04] DEFY (Song 2) • Optics of Cruelty • BLOWsutra Trip Hop LOFI,open,No,ciggys,open,Lynzz,profile,2,1,7,0,0,2025-07-25,2025-11-26,2026-07-11,Niche/Emerging Curator
[03] DEFY (Song 2) • Optics of Cruelty • BLOWsutra JAZZ LOFI,open,Yes,Bananasutra,open,Lincoln Scott,profile,0,82,270,2,0,2026-05-21,2026-05-27,2026-07-11,Mid-size Playlist (Repeat)
[03] DEFY (Song 2) • Optics of Cruelty • BLOWsutra JAZZ LOFI,open,Yes,Bananasutra!,open,Angus,profile,54,452,1499,1,0,2026-04-08,2026-04-10,2026-07-11,Catalog Mirror (Superfan)
What the Mirror Said (Reste Lucide) • Lucille Clifton • GLOWsutra Lucide French JAZZ,open,No,SAFE4WERK,open,holly landowski,profile,2,61,208,0,0,2025-11-11,2025-12-03,2026-07-11,Mid-size Playlist
What the Mirror Said (Reste Lucide) • Lucille Clifton • GLOWsutra Lucide French JAZZ,open,No,🍁🚭,open,Jvzinn Jvzinn,profile,5,6,22,0,0,2025-10-19,2025-10-19,2026-07-11,Niche/Emerging Curator
[03] Segsting • Flirty Banjo • SHOWsutra Gypsy JAZZ BURLESQUE,open,No,Bananasutra!,open,Angus,profile,54,452,1499,1,0,2026-04-08,2026-04-10,2026-07-11,Catalog Mirror (Superfan)
[06] Segsting • La Fin du Show • SHOWsutra Accordion CIRCUS BURLESQUE,open,No,"pa,pistear",open,User 900447729,profile,0,56,341,0,0,2019-03-23,2026-04-05,2026-07-11,Mid-size Playlist
[04] Segsting • Burlesque Me Softly • SHOWsutra JAZZ BURLESQUE,open,No,Танцы Бурлеск,open,Natali,profile,0,10,64,0,0,2025-12-04,2025-12-04,2026-07-11,Niche/Emerging Curator (Repeat)
[04] Segsting • Burlesque Me Softly • SHOWsutra JAZZ BURLESQUE,open,No,Burlesque yrok,open,Natali,profile,0,37,196,0,0,2025-10-14,2025-12-04,2026-07-11,Mid-size Playlist (Repeat)
[11] Cassandra's Lullaby • Jewish Drum Indie Jazz MANTRA,open,Yes,🍁🚭,open,Jvzinn Jvzinn,profile,5,6,22,0,0,2025-10-19,2025-10-19,2026-07-11,Niche/Emerging Curator
[11] Cassandra's Lullaby • Jewish Drum Indie Jazz MANTRA,open,Yes,video,open,Ксения Филипавичуте,profile,0,19,97,0,0,2025-07-24,2026-02-03,2026-07-11,Niche/Emerging Curator
[11] Cassandra's Lullaby • Jewish Drum Indie Jazz MANTRA,open,Yes,good trip hop,open,Franck.vial545,profile,0,56,241,1,0,2025-07-14,2025-07-25,2026-07-11,Mid-size Playlist
[06] Cassandra's Lullaby • Jewish World INDIE FOLK,open,Yes,19072025 MEGAMIX,open,Jason Voorhees,profile,10,353,2886,0,0,2025-07-18,2025-07-22,2026-07-11,Generic Dump (low signal)
[07] Cassandra's Lullaby • Jewish Jazz World INDIE FOLK,open,No,Bananasutra!,open,Angus,profile,54,452,1499,1,0,2026-04-08,2026-04-10,2026-07-11,Catalog Mirror (Superfan)
[03] Cassandra's Lullaby • World Reckoning INDIE FOLK,open,Yes,2026,open,Fazel Azizi,profile,1,95,1582,0,0,2026-06-01,2026-07-11,2026-07-11,Mid-size Playlist
[03] Cassandra's Lullaby • World Reckoning INDIE FOLK,open,Yes,Bananasutra,open,Lincoln Scott,profile,0,82,270,2,0,2026-05-21,2026-05-27,2026-07-11,Mid-size Playlist (Repeat)
[03] Cassandra's Lullaby • World Reckoning INDIE FOLK,open,Yes,Zed bzi,open,فاطیما درویشی,profile,3,16,82,0,0,2025-05-18,2025-09-01,2026-07-11,Niche/Emerging Curator
[05] Cassandra's Lullaby • Jewish Jazz INDIE FOLK,open,No,2026,open,Fazel Azizi,profile,1,95,1582,0,0,2026-06-01,2026-07-11,2026-07-11,Mid-size Playlist
Daddy’s Shirt - FOTUS CIRCUS Oh Boy BURLESQUE,open,No,Bananasutra!,open,Angus,profile,54,452,1499,1,0,2026-04-08,2026-04-10,2026-07-11,Catalog Mirror (Superfan)
[05] Who Knows Where How Happiness Truly Grows • Accordion Cello DUENDE BURLESQUE,open,No,Untitled playlist,open,User 466592430,profile,0,10,123,0,0,2025-07-07,2025-09-29,2026-07-11,Niche/Emerging Curator
[09] Who Knows Where How Happiness Truly Grows • Burlesque DUENDE JAZZ,open,No,English,open,Mohamed Ali,profile,0,23,90,0,0,2025-07-05,2026-04-10,2026-07-11,Niche/Emerging Curator
[21] Who Knows Where How Happiness Truly Grows • Dubby DUENDE FOLK,open,No,Bananasutra!,open,Angus,profile,54,452,1499,1,0,2026-04-08,2026-04-10,2026-07-11,Catalog Mirror (Superfan)
[24] Who Knows Where How Happiness Truly Grows • DUENDE DUB,open,No,Late Morning Beats,open,Angus,profile,54,123,532,0,0,2026-01-30,2026-05-10,2026-07-11,Mid-size Playlist (Repeat)
[24] Who Knows Where How Happiness Truly Grows • DUENDE DUB,open,No,Bananasutra!,open,Angus,profile,54,452,1499,1,0,2026-04-08,2026-04-10,2026-07-11,Catalog Mirror (Superfan)
[24] Who Knows Where How Happiness Truly Grows • DUENDE DUB,open,No,&&*,open,9uzzy,profile,28,249,791,1,0,2025-12-06,2025-12-06,2026-07-11,Catalog Mirror (Superfan)
[27] Who Knows Where How Happiness Truly Grows • DUENDE DUB,open,No,&&*,open,9uzzy,profile,28,249,791,1,0,2025-12-06,2025-12-06,2026-07-11,Catalog Mirror (Superfan)
[28] Who Knows Where How Happiness Truly Grows • DUENDE LOFI DUB,open,No,Bananasutra!,open,Angus,profile,54,452,1499,1,0,2026-04-08,2026-04-10,2026-07-11,Catalog Mirror (Superfan)
[25] Who Knows Where How Happiness Truly Grows • DUENDE DUB,open,No,&&*,open,9uzzy,profile,28,249,791,1,0,2025-12-06,2025-12-06,2026-07-11,Catalog Mirror (Superfan)
[17] Who Knows Where How Happiness Truly Grows • Indie DUENDE FOLK,open,No,Leyley Café de MariSol,open,Fe,profile,2,40,171,0,0,2025-08-07,2025-08-07,2026-07-11,Mid-size Playlist
[17] Who Knows Where How Happiness Truly Grows • Indie DUENDE FOLK,open,No,Café de MariSol,open,LeyLey,profile,4,41,175,1,0,2025-06-28,2026-02-28,2026-07-11,Mid-size Playlist
[23] Who Knows Where How Happiness Truly Grows • DUENDE DUB,open,No,Bananasutra!,open,Angus,profile,54,452,1499,1,0,2026-04-08,2026-04-10,2026-07-11,Catalog Mirror (Superfan)
[23] Who Knows Where How Happiness Truly Grows • DUENDE DUB,open,No,&&*,open,9uzzy,profile,28,249,791,1,0,2025-12-06,2025-12-06,2026-07-11,Catalog Mirror (Superfan)
[23] Who Knows Where How Happiness Truly Grows • DUENDE DUB,open,No,MCs,open,Kaique Carvalho,profile,6,427,2169,7,0,2015-08-18,2026-05-30,2026-07-11,Generic Dump (low signal)
[22] Who Knows Where How Happiness Truly Grows • DUENDE DUB,open,No,Bananasutra!,open,Angus,profile,54,452,1499,1,0,2026-04-08,2026-04-10,2026-07-11,Catalog Mirror (Superfan)
[22] Who Knows Where How Happiness Truly Grows • DUENDE DUB,open,No,Mit Bike on Tour,open,sascha kossmann,profile,1,22,94,0,0,2025-06-19,2026-03-19,2026-07-11,Niche/Emerging Curator (Repeat)
[22] Who Knows Where How Happiness Truly Grows • DUENDE DUB,open,No,&&*,open,9uzzy,profile,28,249,791,1,0,2025-12-06,2025-12-06,2026-07-11,Catalog Mirror (Superfan)
[22] Who Knows Where How Happiness Truly Grows • DUENDE DUB,open,No,reggae,open,sascha kossmann,profile,1,23,106,0,0,2025-03-04,2025-07-08,2026-07-11,Niche/Emerging Curator (Repeat)
[18] Who Knows Where How Happiness Truly Grows • DUENDE FOLK,open,Yes,Bananasutra,open,Lincoln Scott,profile,0,82,270,2,0,2026-05-21,2026-05-27,2026-07-11,Mid-size Playlist (Repeat)
[26] Who Knows Where How Happiness Truly Grows • DUENDE DUB,open,No,GenteL RaiN,open,Angus,profile,54,97,405,0,0,2025-11-12,2026-05-11,2026-07-11,Mid-size Playlist (Repeat)
[26] Who Knows Where How Happiness Truly Grows • DUENDE DUB,open,No,Bananasutra!,open,Angus,profile,54,452,1499,1,0,2026-04-08,2026-04-10,2026-07-11,Catalog Mirror (Superfan)
[26] Who Knows Where How Happiness Truly Grows • DUENDE DUB,open,No,&&*,open,9uzzy,profile,28,249,791,1,0,2025-12-06,2025-12-06,2026-07-11,Catalog Mirror (Superfan)
"[04] Hereby, I Cry • We Sing mo' DUB",open,Yes,Cécille Records,open,PROMETHEØ,profile,105,184,745,0,0,2026-04-22,2026-04-22,2026-07-11,Mid-size Playlist
"[04] Hereby, I Cry • We Sing mo' DUB",open,Yes,Bananasutra!,open,Angus,profile,54,452,1499,1,0,2026-04-08,2026-04-10,2026-07-11,Catalog Mirror (Superfan)
"[04] Hereby, I Cry • We Sing mo' DUB",open,Yes,&&*,open,9uzzy,profile,28,249,791,1,0,2025-12-06,2025-12-06,2026-07-11,Catalog Mirror (Superfan)
"[04] Hereby, I Cry • We Sing mo' DUB",open,Yes,Shazam,open,Matteo Mancin,profile,4,486,2723,0,0,2025-11-17,2025-11-17,2026-07-11,Generic Dump (low signal)
"[04] Hereby, I Cry • We Sing mo' DUB",open,Yes,I miei brani di Shazam,open,Matteo Mancin,profile,4,430,2435,0,0,2025-11-17,2025-11-17,2026-07-11,Generic Dump (low signal)
"[04] Hereby, I Cry • We Sing mo' DUB",open,Yes,Vampire Sex - Love At First Bite - Single,open,BluePenguin,profile,1,54,451,0,0,2025-08-15,2025-08-15,2026-07-11,Mid-size Playlist (Repeat)
"[04] Hereby, I Cry • We Sing mo' DUB",open,Yes,Shazams,open,BluePenguin,profile,1,219,1556,0,0,2025-08-15,2025-08-15,2026-07-11,Generic Dump (low signal)
"[04] Hereby, I Cry • We Sing mo' DUB",open,Yes,My Shazam Tracks - 4,open,BluePenguin,profile,1,368,2580,0,0,2025-08-15,2025-08-15,2026-07-11,Generic Dump (low signal)
"[04] Hereby, I Cry • We Sing mo' DUB",open,Yes,jax,open,scarlette143,profile,33,6,21,0,0,2024-09-16,2025-07-03,2026-07-11,Niche/Emerging Curator
"[05] Hereby, I Cry • Arabesk Drum MANTRA",open,Yes,bananasutra,open,Fred Anderson,profile,1,445,1526,1,0,2026-07-08,2026-07-08,2026-07-11,Catalog Mirror (Superfan)
"[05] Hereby, I Cry • Arabesk Drum MANTRA",open,Yes,Bananasutra,open,Lincoln Scott,profile,0,82,270,2,0,2026-05-21,2026-05-27,2026-07-11,Mid-size Playlist (Repeat)
"[05] Hereby, I Cry • Arabesk Drum MANTRA",open,Yes,Zed bzi,open,فاطیما درویشی,profile,3,16,82,0,0,2025-05-18,2025-09-01,2026-07-11,Niche/Emerging Curator
"[03] Hereby, I Cry • We Sing DUB",open,No,Bananasutra!,open,Angus,profile,54,452,1499,1,0,2026-04-08,2026-04-10,2026-07-11,Catalog Mirror (Superfan)
"[03] Hereby, I Cry • We Sing DUB",open,No,&&*,open,9uzzy,profile,28,249,791,1,0,2025-12-06,2025-12-06,2026-07-11,Catalog Mirror (Superfan)
"[01] Hereby, I Cry - Gipsy Cello FOLK",open,No,bananasutra,open,Fred Anderson,profile,1,445,1526,1,0,2026-07-08,2026-07-08,2026-07-11,Catalog Mirror (Superfan)
[06] I think I need a good spank!ng (in Madrid) • Accordion BURLESQUE DUB,open,No,Bananasutra!,open,Angus,profile,54,452,1499,1,0,2026-04-08,2026-04-10,2026-07-11,Catalog Mirror (Superfan)
[06] I think I need a good spank!ng (in Madrid) • Accordion BURLESQUE DUB,open,No,&&*,open,9uzzy,profile,28,249,791,1,0,2025-12-06,2025-12-06,2026-07-11,Catalog Mirror (Superfan)
[07] I think I need a good spank!ng (in Madrid) • Quirky Accordion BURLESQUE DUB,open,No,&&*,open,9uzzy,profile,28,249,791,1,0,2025-12-06,2025-12-06,2026-07-11,Catalog Mirror (Superfan)
[08] I think I need a good spank!ng (in Madrid) • Hip Hop lalala DUB,open,No,&&*,open,9uzzy,profile,28,249,791,1,0,2025-12-06,2025-12-06,2026-07-11,Catalog Mirror (Superfan)
[05] I think I need a good spank!ng (in Madrid) • Accordion BURLESQUE JAZZ,open,No,[ FEMME ],open,omegaqifrey,profile,0,19,60,0,0,2024-12-31,2026-07-03,2026-07-11,Niche/Emerging Curator
[03] Dropping Etymological F-Bombs (with George) - Gipsy DUBsutra,open,No,Bananasutra!,open,Angus,profile,54,452,1499,1,0,2026-04-08,2026-04-10,2026-07-11,Catalog Mirror (Superfan)
[03] Dropping Etymological F-Bombs (with George) - Gipsy DUBsutra,open,No,&&*,open,9uzzy,profile,28,249,791,1,0,2025-12-06,2025-12-06,2026-07-11,Catalog Mirror (Superfan)
[02] Dropping Etymological F-Bombs (with George) - Indie DUBsutra,open,No,Bananasutra!,open,Angus,profile,54,452,1499,1,0,2026-04-08,2026-04-10,2026-07-11,Catalog Mirror (Superfan)
[02] Dropping Etymological F-Bombs (with George) - Indie DUBsutra,open,No,&&*,open,9uzzy,profile,28,249,791,1,0,2025-12-06,2025-12-06,2026-07-11,Catalog Mirror (Superfan)
[07] Dropping Etymological F-Bombs (with George) - DUBsutra,open,No,Bananasutra!,open,Angus,profile,54,452,1499,1,0,2026-04-08,2026-04-10,2026-07-11,Catalog Mirror (Superfan)
[07] Dropping Etymological F-Bombs (with George) - DUBsutra,open,No,&&*,open,9uzzy,profile,28,249,791,1,0,2025-12-06,2025-12-06,2026-07-11,Catalog Mirror (Superfan)
[06] Dropping Etymological F-Bombs (with George) - DUBsutra,open,No,&&*,open,9uzzy,profile,28,249,791,1,0,2025-12-06,2025-12-06,2026-07-11,Catalog Mirror (Superfan)
[06] Dropping Etymological F-Bombs (with George) - DUBsutra,open,No,N & T Go To Oregon,open,T time,profile,3,56,211,0,0,2025-07-03,2025-07-03,2026-07-11,Mid-size Playlist
[04] Dropping Etymological F-Bombs (with George) - DUBsutra,open,No,&&*,open,9uzzy,profile,28,249,791,1,0,2025-12-06,2025-12-06,2026-07-11,Catalog Mirror (Superfan)
[05] Dropping Etymological F-Bombs (with George) - DUBsutra,open,No,&&*,open,9uzzy,profile,28,249,791,1,0,2025-12-06,2025-12-06,2026-07-11,Catalog Mirror (Superfan)
[01] Dropping Etymological F-Bombs (with George) - Burlesque DUBsutra,open,No,&&*,open,9uzzy,profile,28,249,791,1,0,2025-12-06,2025-12-06,2026-07-11,Catalog Mirror (Superfan)
7 Dirty Words • inspired by George Carlin • Banger BANJO FOLK,open,Yes,bananasutra,open,Fred Anderson,profile,1,445,1526,1,0,2026-07-08,2026-07-08,2026-07-11,Catalog Mirror (Superfan)
"(If You Can, Now) RUN ❱❱❱ Singularly Unromantic Cello Indie Dream",open,No,bananasutra,open,Fred Anderson,profile,1,445,1526,1,0,2026-07-08,2026-07-08,2026-07-11,Catalog Mirror (Superfan)
[07] DO PANIC NOW - 42 Flavors of Fools - Murica Galaxy Rule Number 1 - Indie LOFI,open,No,RaiNy dAyz!,open,Angus,profile,54,62,243,0,0,2025-11-11,2026-04-08,2026-07-11,Mid-size Playlist (Repeat)
[07] DO PANIC NOW - 42 Flavors of Fools - Murica Galaxy Rule Number 1 - Indie LOFI,open,No,GenteL RaiN,open,Angus,profile,54,97,405,0,0,2025-11-12,2026-05-11,2026-07-11,Mid-size Playlist (Repeat)
[07] DO PANIC NOW - 42 Flavors of Fools - Murica Galaxy Rule Number 1 - Indie LOFI,open,No,TechNo Lo-Fi,open,Angus,profile,54,61,453,0,0,2025-11-22,2026-05-11,2026-07-11,Mid-size Playlist (Repeat)
[07] DO PANIC NOW - 42 Flavors of Fools - Murica Galaxy Rule Number 1 - Indie LOFI,open,No,Late Morning Beats,open,Angus,profile,54,123,532,0,0,2026-01-30,2026-05-10,2026-07-11,Mid-size Playlist (Repeat)
[07] DO PANIC NOW - 42 Flavors of Fools - Murica Galaxy Rule Number 1 - Indie LOFI,open,No,Bananasutra!,open,Angus,profile,54,452,1499,1,0,2026-04-08,2026-04-10,2026-07-11,Catalog Mirror (Superfan)
[12] DO PANIC NOW - Murica Galaxy Rule Number 1 - Ragga DUB,open,No,Bananasutra!,open,Angus,profile,54,452,1499,1,0,2026-04-08,2026-04-10,2026-07-11,Catalog Mirror (Superfan)
[12] DO PANIC NOW - Murica Galaxy Rule Number 1 - Ragga DUB,open,No,&&*,open,9uzzy,profile,28,249,791,1,0,2025-12-06,2025-12-06,2026-07-11,Catalog Mirror (Superfan)
[11] DO PANIC NOW - Murica Galaxy Rule Number 1 - DUB,open,No,&&*,open,9uzzy,profile,28,249,791,1,0,2025-12-06,2025-12-06,2026-07-11,Catalog Mirror (Superfan)
[11] DO PANIC NOW - Murica Galaxy Rule Number 1 - DUB,open,No,alpha,open,Tatiana,profile,7,19,197,0,0,2025-06-15,2026-06-27,2026-07-11,Niche/Emerging Curator
[10] DO PANIC NOW - Murica Galaxy Rule Number 1 - DUB,open,No,Late Morning Beats,open,Angus,profile,54,123,532,0,0,2026-01-30,2026-05-10,2026-07-11,Mid-size Playlist (Repeat)
[10] DO PANIC NOW - Murica Galaxy Rule Number 1 - DUB,open,No,Bananasutra!,open,Angus,profile,54,452,1499,1,0,2026-04-08,2026-04-10,2026-07-11,Catalog Mirror (Superfan)
[10] DO PANIC NOW - Murica Galaxy Rule Number 1 - DUB,open,No,&&*,open,9uzzy,profile,28,249,791,1,0,2025-12-06,2025-12-06,2026-07-11,Catalog Mirror (Superfan)
[01] DO PANIC NOW - Murica Galaxy Rule Number 1 - Sweet FOLK,open,Yes,Bananasutra,open,Lincoln Scott,profile,0,82,270,2,0,2026-05-21,2026-05-27,2026-07-11,Mid-size Playlist (Repeat)
[02] DO PANIC NOW - Murica Galaxy Rule Number 1 - Cello Folk INDIE,open,No,house to house,open,iman avazkhani,profile,2,49,517,0,0,2025-05-16,2025-08-07,2026-07-11,Mid-size Playlist
[18] SS Means Sacred Sp3rm • MANTRAsutra,open,No,bananasutra,open,Fred Anderson,profile,1,445,1526,1,0,2026-07-08,2026-07-08,2026-07-11,Catalog Mirror (Superfan)
[17] SS Means Sacred Sp3rm • Slow Burlesque ROCK,open,No,bananasutra,open,Fred Anderson,profile,1,445,1526,1,0,2026-07-08,2026-07-08,2026-07-11,Catalog Mirror (Superfan)
[11] SS Means Sacred Sp3rm • Folk Duo JAZZ,open,No,bananasutra,open,Fred Anderson,profile,1,445,1526,1,0,2026-07-08,2026-07-08,2026-07-11,Catalog Mirror (Superfan)
[11] SS Means Sacred Sp3rm • Folk Duo JAZZ,open,No,KR’s Sexy Soulful Summer Chills Partie 2 2025,open,KR,profile,12,34,167,1,0,2025-06-29,2025-07-22,2026-07-11,Mid-size Playlist
[15] SS Means Sacred Sp3rm • Jazz INDIE,open,No,Girlies,open,Allysongo,profile,118,296,1141,0,0,2019-11-21,2026-07-06,2026-07-11,Generic Dump (low signal)
[10] SS Means Sacred Sp3rm • Oh Baby FOLK,open,Yes,Bananasutra,open,Lincoln Scott,profile,0,82,270,2,0,2026-05-21,2026-05-27,2026-07-11,Mid-size Playlist (Repeat)
[10] SS Means Sacred Sp3rm • Oh Baby FOLK,open,Yes,Dance,open,Heather Vanicor,profile,78,484,4983,1,1,2015-02-28,2026-04-03,2026-07-11,Generic Dump (low signal)
[14] SS Means Sacred Sp3rm • Jazz INDIE,open,Yes,bananasutra,open,Fred Anderson,profile,1,445,1526,1,0,2026-07-08,2026-07-08,2026-07-11,Catalog Mirror (Superfan)
[14] SS Means Sacred Sp3rm • Jazz INDIE,open,Yes,Bananasutra,open,Lincoln Scott,profile,0,82,270,2,0,2026-05-21,2026-05-27,2026-07-11,Mid-size Playlist (Repeat)
[14] SS Means Sacred Sp3rm • Jazz INDIE,open,Yes,🍁🚭,open,Jvzinn Jvzinn,profile,5,6,22,0,0,2025-10-19,2025-10-19,2026-07-11,Niche/Emerging Curator
[13] SS Means Sacred Sp3rm • Dubby Folk INDIE,open,No,Bananasutra!,open,Angus,profile,54,452,1499,1,0,2026-04-08,2026-04-10,2026-07-11,Catalog Mirror (Superfan)
[16] SS Means Sacred Sp3rm • High Folk ROCK,open,No,bananasutra,open,Fred Anderson,profile,1,445,1526,1,0,2026-07-08,2026-07-08,2026-07-11,Catalog Mirror (Superfan)
[08] SS Means Sacred Sp3rm • Folky FOLK,open,No,bananasutra,open,Fred Anderson,profile,1,445,1526,1,0,2026-07-08,2026-07-08,2026-07-11,Catalog Mirror (Superfan)
[05] SS Means Sacred Sp3rm • Minimal Upright FOLK,open,No,bananasutra,open,Fred Anderson,profile,1,445,1526,1,0,2026-07-08,2026-07-08,2026-07-11,Catalog Mirror (Superfan)
[01] SS Means Sacred Sp3rm • Accordion BURLESQUE,open,No,bananasutra,open,Fred Anderson,profile,1,445,1526,1,0,2026-07-08,2026-07-08,2026-07-11,Catalog Mirror (Superfan)
[02] SS Means Sacred Sp3rm • Piano BURLESQUE,open,No,bananasutra,open,Fred Anderson,profile,1,445,1526,1,0,2026-07-08,2026-07-08,2026-07-11,Catalog Mirror (Superfan)
[07] SS Means Sacred Sp3rm • Jazzy FOLK,open,No,bananasutra,open,Fred Anderson,profile,1,445,1526,1,0,2026-07-08,2026-07-08,2026-07-11,Catalog Mirror (Superfan)
[03] SS Means Sacred Sp3rm • Piano BURLESQUE,open,No,bananasutra,open,Fred Anderson,profile,1,445,1526,1,0,2026-07-08,2026-07-08,2026-07-11,Catalog Mirror (Superfan)
[04] SS Means Sacred Sp3rm • Piano Jazz BURLESQUE,open,Yes,bananasutra,open,Fred Anderson,profile,1,445,1526,1,0,2026-07-08,2026-07-08,2026-07-11,Catalog Mirror (Superfan)
[04] SS Means Sacred Sp3rm • Piano Jazz BURLESQUE,open,Yes,🍁🚭,open,Jvzinn Jvzinn,profile,5,6,22,0,0,2025-10-19,2025-10-19,2026-07-11,Niche/Emerging Curator
B [03] Make America Gulag Again - Indie FOLK LOFI,open,No,Late Morning Beats,open,Angus,profile,54,123,532,0,0,2026-01-30,2026-05-10,2026-07-11,Mid-size Playlist (Repeat)
B [03] Make America Gulag Again - Indie FOLK LOFI,open,No,Bananasutra!,open,Angus,profile,54,452,1499,1,0,2026-04-08,2026-04-10,2026-07-11,Catalog Mirror (Superfan)
B [07] Make America Gulag Again • Tzigane Fusion DUB,open,Yes,Bananasutra!,open,Angus,profile,54,452,1499,1,0,2026-04-08,2026-04-10,2026-07-11,Catalog Mirror (Superfan)
B [07] Make America Gulag Again • Tzigane Fusion DUB,open,Yes,&&*,open,9uzzy,profile,28,249,791,1,0,2025-12-06,2025-12-06,2026-07-11,Catalog Mirror (Superfan)
B [09] Make America Gulag Again • Tzigane Fusion DUB,open,Yes,&&*,open,9uzzy,profile,28,249,791,1,0,2025-12-06,2025-12-06,2026-07-11,Catalog Mirror (Superfan)
B [05] B Make America Gulag Again • Tzigane Fusion DUB,open,No,&&*,open,9uzzy,profile,28,249,791,1,0,2025-12-06,2025-12-06,2026-07-11,Catalog Mirror (Superfan)
A [15] Make America Gulag Again • Di Riddim Ragga DUB,open,Yes,Bananasutra!,open,Angus,profile,54,452,1499,1,0,2026-04-08,2026-04-10,2026-07-11,Catalog Mirror (Superfan)
A [15] Make America Gulag Again • Di Riddim Ragga DUB,open,Yes,&&*,open,9uzzy,profile,28,249,791,1,0,2025-12-06,2025-12-06,2026-07-11,Catalog Mirror (Superfan)
A [15] Make America Gulag Again • Di Riddim Ragga DUB,open,Yes,лала?,open,shishaniyyaah,profile,3,36,126,0,0,2025-07-03,2026-07-06,2026-07-11,Mid-size Playlist
A [15] Make America Gulag Again • Di Riddim Ragga DUB,open,Yes,tama 987,open,Kenavokenavo219,profile,0,132,509,0,0,2025-06-06,2026-03-12,2026-07-11,Mid-size Playlist
A [15] Make America Gulag Again • Di Riddim Ragga DUB,open,Yes,Smoke up songs,open,jonny spang,profile,10,61,228,1,0,2024-08-14,2025-06-29,2026-07-11,Mid-size Playlist
B [08] Make America Gulag Again • Tzigane Fusion DUB,open,No,Bananasutra!,open,Angus,profile,54,452,1499,1,0,2026-04-08,2026-04-10,2026-07-11,Catalog Mirror (Superfan)
B [08] Make America Gulag Again • Tzigane Fusion DUB,open,No,&&*,open,9uzzy,profile,28,249,791,1,0,2025-12-06,2025-12-06,2026-07-11,Catalog Mirror (Superfan)
B [06]  Make America Gulag Again • Tzigane Fusion DUB,open,No,&&*,open,9uzzy,profile,28,249,791,1,0,2025-12-06,2025-12-06,2026-07-11,Catalog Mirror (Superfan)
A [14] Make America Gulag Again • Di Riddim Ragga DUB,open,Yes,Bananasutra!,open,Angus,profile,54,452,1499,1,0,2026-04-08,2026-04-10,2026-07-11,Catalog Mirror (Superfan)
A [14] Make America Gulag Again • Di Riddim Ragga DUB,open,Yes,&&*,open,9uzzy,profile,28,249,791,1,0,2025-12-06,2025-12-06,2026-07-11,Catalog Mirror (Superfan)
B [10] Make America Gulag Again • PsyCello Arabesk DUB,open,No,&&*,open,9uzzy,profile,28,249,791,1,0,2025-12-06,2025-12-06,2026-07-11,Catalog Mirror (Superfan)
B [04] Make America Gulag Again • Tzigane Fusion DUB,open,No,&&*,open,9uzzy,profile,28,249,791,1,0,2025-12-06,2025-12-06,2026-07-11,Catalog Mirror (Superfan)
A [09] Make America Gulag Again • Muse DUB,open,No,Bananasutra!,open,Angus,profile,54,452,1499,1,0,2026-04-08,2026-04-10,2026-07-11,Catalog Mirror (Superfan)
A [09] Make America Gulag Again • Muse DUB,open,No,&&*,open,9uzzy,profile,28,249,791,1,0,2025-12-06,2025-12-06,2026-07-11,Catalog Mirror (Superfan)
A [05] Make America Gulag Again • F-bomb Ragga DUB,open,No,&&*,open,9uzzy,profile,28,249,791,1,0,2025-12-06,2025-12-06,2026-07-11,Catalog Mirror (Superfan)
A [08] Make America Gulag Again • Muse DUB,open,Yes,Late Morning Beats,open,Angus,profile,54,123,532,0,0,2026-01-30,2026-05-10,2026-07-11,Mid-size Playlist (Repeat)
A [08] Make America Gulag Again • Muse DUB,open,Yes,Bananasutra!,open,Angus,profile,54,452,1499,1,0,2026-04-08,2026-04-10,2026-07-11,Catalog Mirror (Superfan)
A [08] Make America Gulag Again • Muse DUB,open,Yes,IslandJamz,open,kroniic.gold3n,profile,3,270,1217,0,0,2025-07-26,2026-07-01,2026-07-11,Generic Dump (low signal)
A [08] Make America Gulag Again • Muse DUB,open,Yes,&&*,open,9uzzy,profile,28,249,791,1,0,2025-12-06,2025-12-06,2026-07-11,Catalog Mirror (Superfan)
A [08] Make America Gulag Again • Muse DUB,open,Yes,Som do bom,open,danilo,profile,0,151,1014,2,0,2017-12-14,2025-09-25,2026-07-11,Mid-size Playlist
A [08] Make America Gulag Again • Muse DUB,open,Yes,🧩,open,Daria Vitelari,profile,0,36,125,0,0,2025-07-02,2025-08-29,2026-07-11,Mid-size Playlist
A [08] Make America Gulag Again • Muse DUB,open,Yes,remix,open,Jefferson Rodrigues,profile,0,7,26,0,0,2024-01-18,2025-07-03,2026-07-11,Niche/Emerging Curator
A [06] Make America Gulag Again • Bruh Ragga DUB,open,Yes,&&*,open,9uzzy,profile,28,249,791,1,0,2025-12-06,2025-12-06,2026-07-11,Catalog Mirror (Superfan)
A [06] Make America Gulag Again • Bruh Ragga DUB,open,Yes,MyPsY,open,Anna,profile,16,75,2173,0,0,2024-08-15,2026-02-14,2026-07-11,Mid-size Playlist
A [13] Make America Gulag Again • Ragga Hope DUB,open,No,&&*,open,9uzzy,profile,28,249,791,1,0,2025-12-06,2025-12-06,2026-07-11,Catalog Mirror (Superfan)
A [11] Make America Gulag Again • Dem Sed Ragga DUB,open,No,&&*,open,9uzzy,profile,28,249,791,1,0,2025-12-06,2025-12-06,2026-07-11,Catalog Mirror (Superfan)
A [02] Make America Gulag Again • F-bomb Ragga DUB,open,No,&&*,open,9uzzy,profile,28,249,791,1,0,2025-12-06,2025-12-06,2026-07-11,Catalog Mirror (Superfan)
A [01] Make America Gulag Again - Gipsy Arabesk  LOFI,open,No,Untitled playlist,open,Bryson Davis,profile,0,30,100,0,0,2025-07-18,2026-01-18,2026-07-11,Niche/Emerging Curator (Repeat)
A [01] Make America Gulag Again - Gipsy Arabesk  LOFI,open,No,Untitled playlist,open,Bryson Davis,profile,0,11,35,0,0,2025-06-27,2025-11-16,2026-07-11,Niche/Emerging Curator (Repeat)
A [12] Make America Gulag Again • Ragga Lala DUB,open,Yes,bananasutra,open,Fred Anderson,profile,1,445,1526,1,0,2026-07-08,2026-07-08,2026-07-11,Catalog Mirror (Superfan)
A [12] Make America Gulag Again • Ragga Lala DUB,open,Yes,&&*,open,9uzzy,profile,28,249,791,1,0,2025-12-06,2025-12-06,2026-07-11,Catalog Mirror (Superfan)
A [12] Make America Gulag Again • Ragga Lala DUB,open,Yes,house to house,open,iman avazkhani,profile,2,49,517,0,0,2025-05-16,2025-08-07,2026-07-11,Mid-size Playlist
A [04] Make America Gulag Again • F-bomb Ragga DUB,open,No,&&*,open,9uzzy,profile,28,249,791,1,0,2025-12-06,2025-12-06,2026-07-11,Catalog Mirror (Superfan)
A [03] Make America Gulag Again • F-bomb Ragga DUB,open,No,&&*,open,9uzzy,profile,28,249,791,1,0,2025-12-06,2025-12-06,2026-07-11,Catalog Mirror (Superfan)
A [07] Make America Gulag Again • Bruh Ragga DUB,open,No,Bananasutra!,open,Angus,profile,54,452,1499,1,0,2026-04-08,2026-04-10,2026-07-11,Catalog Mirror (Superfan)
A [07] Make America Gulag Again • Bruh Ragga DUB,open,No,&&*,open,9uzzy,profile,28,249,791,1,0,2025-12-06,2025-12-06,2026-07-11,Catalog Mirror (Superfan)
A [10] Make America Gulag Again • Dem Sed Ragga DUB,open,No,&&*,open,9uzzy,profile,28,249,791,1,0,2025-12-06,2025-12-06,2026-07-11,Catalog Mirror (Superfan)
[22] Jealousy (not for me) - Dem Sed Ragga DUB,open,No,Bananasutra!,open,Angus,profile,54,452,1499,1,0,2026-04-08,2026-04-10,2026-07-11,Catalog Mirror (Superfan)
[22] Jealousy (not for me) - Dem Sed Ragga DUB,open,No,&&*,open,9uzzy,profile,28,249,791,1,0,2025-12-06,2025-12-06,2026-07-11,Catalog Mirror (Superfan)
[21] Jealousy (not for me) - Feel Di Riddim Ragga DUB,open,No,Bananasutra!,open,Angus,profile,54,452,1499,1,0,2026-04-08,2026-04-10,2026-07-11,Catalog Mirror (Superfan)
[21] Jealousy (not for me) - Feel Di Riddim Ragga DUB,open,No,&&*,open,9uzzy,profile,28,249,791,1,0,2025-12-06,2025-12-06,2026-07-11,Catalog Mirror (Superfan)
[01] Jealousy (not for me) - Deep Dub BLUES,open,No,420 yfa,open,Nguyễn Hoàng Nhật,profile,4,10,32,0,0,2025-09-16,2025-09-18,2026-07-11,Niche/Emerging Curator (Repeat)
[01] Jealousy (not for me) - Deep Dub BLUES,open,No,25 At work :),open,Eowan Khanwald,profile,8,104,453,1,0,2025-03-28,2025-09-11,2026-07-11,Mid-size Playlist
[17] Jealousy (not for me) - Miss Cheeky DUB,open,No,Bananasutra!,open,Angus,profile,54,452,1499,1,0,2026-04-08,2026-04-10,2026-07-11,Catalog Mirror (Superfan)
[17] Jealousy (not for me) - Miss Cheeky DUB,open,No,&&*,open,9uzzy,profile,28,249,791,1,0,2025-12-06,2025-12-06,2026-07-11,Catalog Mirror (Superfan)
[17] Jealousy (not for me) - Miss Cheeky DUB,open,No,420 yfa,open,Nguyễn Hoàng Nhật,profile,4,10,32,0,0,2025-09-16,2025-09-18,2026-07-11,Niche/Emerging Curator (Repeat)
[13] Jealousy (not for me) - Mama LOFI,open,No,420 yfa,open,Nguyễn Hoàng Nhật,profile,4,10,32,0,0,2025-09-16,2025-09-18,2026-07-11,Niche/Emerging Curator (Repeat)
[02] Jealousy (not for me) - Deep Dub BLUES,open,No,420 yfa,open,Nguyễn Hoàng Nhật,profile,4,10,32,0,0,2025-09-16,2025-09-18,2026-07-11,Niche/Emerging Curator (Repeat)
[11] Jealousy (not for me) - MAMA-B-C INDIE,open,Yes,(06) 37 48 97 42,open,Jordy Haringa,profile,0,28,69,0,0,2024-05-30,2026-04-29,2026-07-11,Niche/Emerging Curator
[11] Jealousy (not for me) - MAMA-B-C INDIE,open,Yes,AAA,open,Aamir Ali Albaloushi,profile,58,89,578,0,1,2024-10-19,2025-10-14,2026-07-11,Mid-size Playlist
[12] Jealousy (not for me) - Bruh Hip Hop Jazz,open,No,Bananasutra!,open,Angus,profile,54,452,1499,1,0,2026-04-08,2026-04-10,2026-07-11,Catalog Mirror (Superfan)
[18] Jealousy (not for me) - Muse 1 DUB,open,Yes,Bananasutra!,open,Angus,profile,54,452,1499,1,0,2026-04-08,2026-04-10,2026-07-11,Catalog Mirror (Superfan)
[18] Jealousy (not for me) - Muse 1 DUB,open,Yes,&&*,open,9uzzy,profile,28,249,791,1,0,2025-12-06,2025-12-06,2026-07-11,Catalog Mirror (Superfan)
[18] Jealousy (not for me) - Muse 1 DUB,open,Yes,Varie,open,Lobsangrampa,profile,1,39,144,0,0,2025-07-12,2026-05-21,2026-07-11,Mid-size Playlist
[20] Jealousy (not for me) - Rebound DUB,open,No,Bananasutra!,open,Angus,profile,54,452,1499,1,0,2026-04-08,2026-04-10,2026-07-11,Catalog Mirror (Superfan)
[20] Jealousy (not for me) - Rebound DUB,open,No,&&*,open,9uzzy,profile,28,249,791,1,0,2025-12-06,2025-12-06,2026-07-11,Catalog Mirror (Superfan)
[19] Jealousy (not for me) - Muse 2 DUB,open,No,&&*,open,9uzzy,profile,28,249,791,1,0,2025-12-06,2025-12-06,2026-07-11,Catalog Mirror (Superfan)
[06] Jealousy (not for me) - Ordo Duende Amoris JAZZ,open,No,LATEST ENGLiSH SONGS 2025 💫5️⃣2️⃣💫,open,🎵MUSiC AFiCiONADO🎧🎶,profile,629,488,1729,5,0,2025-05-25,2026-03-25,2026-07-11,Generic Dump (low signal)
[06] Jealousy (not for me) - Ordo Duende Amoris JAZZ,open,No,Untitled Playlist,open,parsa,profile,0,4,19,0,0,2025-03-31,2025-06-26,2026-07-11,Niche/Emerging Curator
[16] Jealousy (not for me) - Oh Lordy DUB,open,No,Bananasutra!,open,Angus,profile,54,452,1499,1,0,2026-04-08,2026-04-10,2026-07-11,Catalog Mirror (Superfan)
[16] Jealousy (not for me) - Oh Lordy DUB,open,No,&&*,open,9uzzy,profile,28,249,791,1,0,2025-12-06,2025-12-06,2026-07-11,Catalog Mirror (Superfan)
[15] Jealousy (not for me) - WSWHFN DUB,open,Yes,&&*,open,9uzzy,profile,28,249,791,1,0,2025-12-06,2025-12-06,2026-07-11,Catalog Mirror (Superfan)
[15] Jealousy (not for me) - WSWHFN DUB,open,Yes,420 yfa,open,Nguyễn Hoàng Nhật,profile,4,10,32,0,0,2025-09-16,2025-09-18,2026-07-11,Niche/Emerging Curator (Repeat)
[14] Jealousy (not for me) - Mama LOFI,open,No,420 yfa,open,Nguyễn Hoàng Nhật,profile,4,10,32,0,0,2025-09-16,2025-09-18,2026-07-11,Niche/Emerging Curator (Repeat)
[01] Reason over Reverence (No Need for Gods) • Banjo Blues FOLKsutra,open,Yes,Bananasutra,open,Lincoln Scott,profile,0,82,270,2,0,2026-05-21,2026-05-27,2026-07-11,Mid-size Playlist (Repeat)
[05] Reason over Reverence (No Need for Gods) • Cello DUBsutra,open,No,Bananasutra!,open,Angus,profile,54,452,1499,1,0,2026-04-08,2026-04-10,2026-07-11,Catalog Mirror (Superfan)
[05] Reason over Reverence (No Need for Gods) • Cello DUBsutra,open,No,&&*,open,9uzzy,profile,28,249,791,1,0,2025-12-06,2025-12-06,2026-07-11,Catalog Mirror (Superfan)
[04] Reason over Reverence (No Need for Gods) • Cello Bass JAZZsutra,open,Yes,أنا القهوة أنت مين ؟,open,Ramyyy,profile,12,73,356,0,0,2024-01-13,2026-07-10,2026-07-11,Mid-size Playlist
[03] Reason over Reverence (No Need for Gods) • ACCORDION BANJOsutra,open,No,Bananasutra!,open,Angus,profile,54,452,1499,1,0,2026-04-08,2026-04-10,2026-07-11,Catalog Mirror (Superfan)
[03] El Papito Leo es No MAGA Show - Muse DUB,open,Yes,Bananasutra!,open,Angus,profile,54,452,1499,1,0,2026-04-08,2026-04-10,2026-07-11,Catalog Mirror (Superfan)
[03] El Papito Leo es No MAGA Show - Muse DUB,open,Yes,&&*,open,9uzzy,profile,28,249,791,1,0,2025-12-06,2025-12-06,2026-07-11,Catalog Mirror (Superfan)
[03] El Papito Leo es No MAGA Show - Muse DUB,open,Yes,HIVER 2025 🥶,open,PapanG Sound 974,profile,13,21,108,0,0,2025-07-23,2026-03-11,2026-07-11,Niche/Emerging Curator
[01] El Papito no es loco - Latin JAZZ,open,Yes,Bananasutra,open,Lincoln Scott,profile,0,82,270,2,0,2026-05-21,2026-05-27,2026-07-11,Mid-size Playlist (Repeat)
[02] El Papito Leo es No MAGA Show - Muse DUB,open,Yes,&&*,open,9uzzy,profile,28,249,791,1,0,2025-12-06,2025-12-06,2026-07-11,Catalog Mirror (Superfan)
[02] El Papito Leo es No MAGA Show - Muse DUB,open,Yes,RAP AN INGLES,open,Ismael Garcis,profile,0,5,14,0,0,2025-05-28,2025-07-03,2026-07-11,Niche/Emerging Curator
[02] El Papito Leo es No MAGA Show - Muse DUB,open,Yes,Untitled playlist,open,Delfin Pegollo,profile,0,104,601,0,0,2025-03-04,2025-12-04,2026-07-11,Mid-size Playlist (Repeat)
[02] El Papito Leo es No MAGA Show - Muse DUB,open,Yes,Hawaiian,open,Delfin Pegollo,profile,0,22,122,0,0,2025-06-23,2025-12-04,2026-07-11,Niche/Emerging Curator (Repeat)
[04] El Papito Leo es No MAGA Show - Muse DUB,open,No,&&*,open,9uzzy,profile,28,249,791,1,0,2025-12-06,2025-12-06,2026-07-11,Catalog Mirror (Superfan)
[13] PEDO Nation • High Drum Prayer MANTRA,open,Yes,house to house,open,iman avazkhani,profile,2,49,517,0,0,2025-05-16,2025-08-07,2026-07-11,Mid-size Playlist
[10] PEDO Nation • Cello Trip Hop LOFI,open,Yes,Bananasutra!,open,Angus,profile,54,452,1499,1,0,2026-04-08,2026-04-10,2026-07-11,Catalog Mirror (Superfan)
[09] PEDO Nation • Donny Daddy likes 'em young DUB,open,No,Bananasutra!,open,Angus,profile,54,452,1499,1,0,2026-04-08,2026-04-10,2026-07-11,Catalog Mirror (Superfan)
[09] PEDO Nation • Donny Daddy likes 'em young DUB,open,No,&&*,open,9uzzy,profile,28,249,791,1,0,2025-12-06,2025-12-06,2026-07-11,Catalog Mirror (Superfan)
[06] Tune in the Tender • Jazzy DUBsutra,open,Yes,Bananasutra!,open,Angus,profile,54,452,1499,1,0,2026-04-08,2026-04-10,2026-07-11,Catalog Mirror (Superfan)
[06] Tune in the Tender • Jazzy DUBsutra,open,Yes,&&*,open,9uzzy,profile,28,249,791,1,0,2025-12-06,2025-12-06,2026-07-11,Catalog Mirror (Superfan)
[02] Tune in the Tender • LOFI JAZZsutra,open,Yes,Bananasutra,open,Lincoln Scott,profile,0,82,270,2,0,2026-05-21,2026-05-27,2026-07-11,Mid-size Playlist (Repeat)
[05] Tune in the Tender • Jazzy DUBsutra,open,No,&&*,open,9uzzy,profile,28,249,791,1,0,2025-12-06,2025-12-06,2026-07-11,Catalog Mirror (Superfan)
[05] Tune in the Tender • Jazzy DUBsutra,open,No,jazz,open,k4irosx🪽,profile,2,1,4,0,0,2025-06-22,2025-06-22,2026-07-11,Niche/Emerging Curator
[04] Tune in the Tender • Indie DUB,open,No,Bananasutra!,open,Angus,profile,54,452,1499,1,0,2026-04-08,2026-04-10,2026-07-11,Catalog Mirror (Superfan)
[04] Tune in the Tender • Indie DUB,open,No,&&*,open,9uzzy,profile,28,249,791,1,0,2025-12-06,2025-12-06,2026-07-11,Catalog Mirror (Superfan)
[03] Tune in the Tender • Jazzy DUBsutra,open,No,&&*,open,9uzzy,profile,28,249,791,1,0,2025-12-06,2025-12-06,2026-07-11,Catalog Mirror (Superfan)
[01] Ordo Amoris In Decay - Gypsy Fado BURLESQUEsutra,open,Yes,ديسمبر,open,غيد.,profile,41,54,390,2,0,2025-12-06,2025-12-06,2026-07-11,Mid-size Playlist
[01] Ordo Amoris In Decay - Gypsy Fado BURLESQUEsutra,open,Yes,Poetry Music,open,firelingo,profile,7,54,201,1,0,2025-08-16,2025-09-09,2026-07-11,Mid-size Playlist
[05] Ordo Amoris In Decay - muse DUBsutra,open,Yes,Late Morning Beats,open,Angus,profile,54,123,532,0,0,2026-01-30,2026-05-10,2026-07-11,Mid-size Playlist (Repeat)
[05] Ordo Amoris In Decay - muse DUBsutra,open,Yes,Bananasutra!,open,Angus,profile,54,452,1499,1,0,2026-04-08,2026-04-10,2026-07-11,Catalog Mirror (Superfan)
[05] Ordo Amoris In Decay - muse DUBsutra,open,Yes,&&*,open,9uzzy,profile,28,249,791,1,0,2025-12-06,2025-12-06,2026-07-11,Catalog Mirror (Superfan)
[05] Ordo Amoris In Decay - muse DUBsutra,open,Yes,Poetry Music,open,firelingo,profile,7,54,201,1,0,2025-08-16,2025-09-09,2026-07-11,Mid-size Playlist
[05] Ordo Amoris In Decay - muse DUBsutra,open,Yes,rap,open,Lucas Emamuel,profile,2,11,262,0,0,2024-10-09,2025-11-22,2026-07-11,Niche/Emerging Curator
[04] Ordo Amoris In Decay - Indie LOFIsutra,open,Yes,tha 🧍🏻‍♀️ girl music,open,audrey g,profile,0,27,107,0,0,2025-06-22,2025-09-04,2026-07-11,Niche/Emerging Curator
"When We Duende, Encore 2 ★ Arabesk Fado Soul",open,No,Bananasutra!,open,Angus,profile,54,452,1499,1,0,2026-04-08,2026-04-10,2026-07-11,Catalog Mirror (Superfan)
When We Duende 1 - FLOWsutra DUB,open,No,Bananasutra!,open,Angus,profile,54,452,1499,1,0,2026-04-08,2026-04-10,2026-07-11,Catalog Mirror (Superfan)
When We Duende 9 - SHOWsutra BURLESQUE,open,No,🪩,open,Seeing Stars,profile,9,54,172,1,0,2025-06-06,2025-06-18,2026-07-11,Mid-size Playlist
When We Duende 3 - FLOWsutra DUB,open,Yes,Bananasutra,open,Lincoln Scott,profile,0,82,270,2,0,2026-05-21,2026-05-27,2026-07-11,Mid-size Playlist (Repeat)
When We Duende 3 - FLOWsutra DUB,open,Yes,&&*,open,9uzzy,profile,28,249,791,1,0,2025-12-06,2025-12-06,2026-07-11,Catalog Mirror (Superfan)
When We Duende 4 - SHOWsutra JAZZ DUB,open,Yes,Bananasutra!,open,Angus,profile,54,452,1499,1,0,2026-04-08,2026-04-10,2026-07-11,Catalog Mirror (Superfan)
When We Duende 4 - SHOWsutra JAZZ DUB,open,Yes,Junebug 2025,open,Atalya Chana,profile,10,4,12,0,0,2025-06-15,2025-07-02,2026-07-11,Niche/Emerging Curator (Repeat)
When We Duende 4 - SHOWsutra JAZZ DUB,open,Yes,Indie Jazzy Pop June 2025,open,Atalya Chana,profile,10,6,22,0,0,2025-06-14,2025-06-15,2026-07-11,Niche/Emerging Curator (Repeat)
[02] Sutra of Immanence • PAWsutra FLOW DUB,open,No,Bananasutra!,open,Angus,profile,54,452,1499,1,0,2026-04-08,2026-04-10,2026-07-11,Catalog Mirror (Superfan)
[02] Sutra of Immanence • PAWsutra FLOW DUB,open,No,&&*,open,9uzzy,profile,28,249,791,1,0,2025-12-06,2025-12-06,2026-07-11,Catalog Mirror (Superfan)
[01] Sutra of Immanence • PAWsutra FLOW DUB,open,No,Copy of BOWsutra : (Thank) Dogs,open,Jean Claude Souza,profile,44,10,35,1,0,2025-12-11,2025-12-11,2026-07-11,Niche/Emerging Curator (Repeat)
[01] Sutra of Immanence • PAWsutra FLOW DUB,open,No,&&*,open,9uzzy,profile,28,249,791,1,0,2025-12-06,2025-12-06,2026-07-11,Catalog Mirror (Superfan)
[03] Sutra of Immanence • PAWsutra FLOW JAZZ,open,No,Copy of BOWsutra : (Thank) Dogs,open,Jean Claude Souza,profile,44,10,35,1,0,2025-12-11,2025-12-11,2026-07-11,Niche/Emerging Curator (Repeat)
"[01] Thank you, Mister Paine - American Accountability Revolution BLUESsutra",open,No,west,open,Amin Teja Chaleshtori,profile,9,13,56,1,0,2026-02-18,2026-02-24,2026-07-11,Niche/Emerging Curator
[03] What It's About - INDIEsutra,open,No,bananasutra,open,Fred Anderson,profile,1,445,1526,1,0,2026-07-08,2026-07-08,2026-07-11,Catalog Mirror (Superfan)
[03] What It's About - INDIEsutra,open,No,❤️❤️,open,Menna Waleed,profile,0,11,48,0,0,2025-05-15,2025-06-07,2026-07-11,Niche/Emerging Curator
[04] What It's About - DUBsutra,open,No,bananasutra,open,Fred Anderson,profile,1,445,1526,1,0,2026-07-08,2026-07-08,2026-07-11,Catalog Mirror (Superfan)
[04] What It's About - DUBsutra,open,No,❤️❤️,open,Menna Waleed,profile,0,11,48,0,0,2025-05-15,2025-06-07,2026-07-11,Niche/Emerging Curator
[02] What It's About - BLUESsutra,open,Yes,bananasutra,open,Fred Anderson,profile,1,445,1526,1,0,2026-07-08,2026-07-08,2026-07-11,Catalog Mirror (Superfan)
[02] What It's About - BLUESsutra,open,Yes,Bananasutra!,open,Angus,profile,54,452,1499,1,0,2026-04-08,2026-04-10,2026-07-11,Catalog Mirror (Superfan)
[06] What It's About - Drum MANTRAsutra,open,No,bananasutra,open,Fred Anderson,profile,1,445,1526,1,0,2026-07-08,2026-07-08,2026-07-11,Catalog Mirror (Superfan)
[06] What It's About - Drum MANTRAsutra,open,No,Bananasutra!,open,Angus,profile,54,452,1499,1,0,2026-04-08,2026-04-10,2026-07-11,Catalog Mirror (Superfan)
[07] What It's About - Drum MANTRAsutra,open,No,bananasutra,open,Fred Anderson,profile,1,445,1526,1,0,2026-07-08,2026-07-08,2026-07-11,Catalog Mirror (Superfan)
[05] What It's About - DUBsutra,open,No,bananasutra,open,Fred Anderson,profile,1,445,1526,1,0,2026-07-08,2026-07-08,2026-07-11,Catalog Mirror (Superfan)
[01] What It's About - BLUESsutra,open,No,bananasutra,open,Fred Anderson,profile,1,445,1526,1,0,2026-07-08,2026-07-08,2026-07-11,Catalog Mirror (Superfan)
[01] What It's About - BLUESsutra,open,No,Foreign,open,Amirreza,profile,0,9,39,0,0,2025-11-02,2025-12-16,2026-07-11,Niche/Emerging Curator
we remember what we remember when we feel 3,open,Yes,Bananasutra,open,Lincoln Scott,profile,0,82,270,2,0,2026-05-21,2026-05-27,2026-07-11,Mid-size Playlist (Repeat)
we remember what we remember when we feel 2,open,Yes,Bananasutra,open,Lincoln Scott,profile,0,82,270,2,0,2026-05-21,2026-05-27,2026-07-11,Mid-size Playlist (Repeat)
we remember what we remember when we feel 4,open,Yes,Bananasutra,open,Lincoln Scott,profile,0,82,270,2,0,2026-05-21,2026-05-27,2026-07-11,Mid-size Playlist (Repeat)
we remember what we remember when we feel 1,open,Yes,Bananasutra,open,Lincoln Scott,profile,0,82,270,2,0,2026-05-21,2026-05-27,2026-07-11,Mid-size Playlist (Repeat)
[03] Poetry Nah Lie - Ragga DUBsutra,open,Yes,Bananasutra!,open,Angus,profile,54,452,1499,1,0,2026-04-08,2026-04-10,2026-07-11,Catalog Mirror (Superfan)
[03] Poetry Nah Lie - Ragga DUBsutra,open,Yes,&&*,open,9uzzy,profile,28,249,791,1,0,2025-12-06,2025-12-06,2026-07-11,Catalog Mirror (Superfan)
[05] Poetry Nah Lie - Ragga DUBsutra,open,No,Logic,open,Daniel Rivera,profile,9,242,1273,1,0,2017-10-01,2026-07-10,2026-07-11,Generic Dump (low signal)
[05] Poetry Nah Lie - Ragga DUBsutra,open,No,&&*,open,9uzzy,profile,28,249,791,1,0,2025-12-06,2025-12-06,2026-07-11,Catalog Mirror (Superfan)
[04] Poetry Nah Lie - Ragga DUBsutra,open,No,&&*,open,9uzzy,profile,28,249,791,1,0,2025-12-06,2025-12-06,2026-07-11,Catalog Mirror (Superfan)
[06] Poetry Nah Lie - Ragga DUBsutra,open,Yes,Bananasutra!,open,Angus,profile,54,452,1499,1,0,2026-04-08,2026-04-10,2026-07-11,Catalog Mirror (Superfan)
[06] Poetry Nah Lie - Ragga DUBsutra,open,Yes,Пендосы,open,пися,profile,8,26,74,2,0,2025-02-08,2026-03-09,2026-07-11,Niche/Emerging Curator
[06] Poetry Nah Lie - Ragga DUBsutra,open,Yes,&&*,open,9uzzy,profile,28,249,791,1,0,2025-12-06,2025-12-06,2026-07-11,Catalog Mirror (Superfan)
[06] Poetry Nah Lie - Ragga DUBsutra,open,Yes,Poetry Music,open,firelingo,profile,7,54,201,1,0,2025-08-16,2025-09-09,2026-07-11,Mid-size Playlist
[06] Poetry Nah Lie - Ragga DUBsutra,open,Yes,Good to Know,open,Bumonsi Nkondi,profile,16,452,2879,2,0,2017-12-19,2026-05-16,2026-07-11,Generic Dump (low signal)
[06] Poetry Nah Lie - Ragga DUBsutra,open,Yes,été 2025,open,Patricia Barralon,profile,0,10,40,0,0,2025-07-02,2026-06-28,2026-07-11,Niche/Emerging Curator
[06] Poetry Nah Lie - Ragga DUBsutra,open,Yes,vibe,open,Bumonsi Nkondi,profile,16,137,832,0,0,2025-06-03,2026-04-09,2026-07-11,Mid-size Playlist (Repeat)
[02] Poetry Nah Lie - Ragga DUBsutra,open,Yes,&&*,open,9uzzy,profile,28,249,791,1,0,2025-12-06,2025-12-06,2026-07-11,Catalog Mirror (Superfan)
[01] Poetry Nah Lie - Ragga DUBsutra,open,Yes,Bananasutra!,open,Angus,profile,54,452,1499,1,0,2026-04-08,2026-04-10,2026-07-11,Catalog Mirror (Superfan)
[01] Poetry Nah Lie - Ragga DUBsutra,open,Yes,&&*,open,9uzzy,profile,28,249,791,1,0,2025-12-06,2025-12-06,2026-07-11,Catalog Mirror (Superfan)
[04] Poetry Slow Burns - DUBsutra,open,No,&&*,open,9uzzy,profile,28,249,791,1,0,2025-12-06,2025-12-06,2026-07-11,Catalog Mirror (Superfan)
[05] Poetry Slow Burns - Sweet DUBsutra,open,Yes,&&*,open,9uzzy,profile,28,249,791,1,0,2025-12-06,2025-12-06,2026-07-11,Catalog Mirror (Superfan)
[05] Poetry Slow Burns - Sweet DUBsutra,open,Yes,Poetry Music,open,firelingo,profile,7,54,201,1,0,2025-08-16,2025-09-09,2026-07-11,Mid-size Playlist
[05] Poetry Slow Burns - Sweet DUBsutra,open,Yes,BossaNova,open,Olga Mastel,profile,0,11,43,0,0,2025-06-06,2025-06-18,2026-07-11,Niche/Emerging Curator
[05] Poetry Slow Burns - Sweet DUBsutra,open,Yes,calm depre,open,nylksy,profile,4,39,168,0,0,2022-10-04,2025-06-15,2026-07-11,Mid-size Playlist
[03] Poetry Slow Burns - DUBsutra,open,Yes,Bananasutra!,open,Angus,profile,54,452,1499,1,0,2026-04-08,2026-04-10,2026-07-11,Catalog Mirror (Superfan)
[03] Poetry Slow Burns - DUBsutra,open,Yes,&&*,open,9uzzy,profile,28,249,791,1,0,2025-12-06,2025-12-06,2026-07-11,Catalog Mirror (Superfan)
[03] Poetry Slow Burns - DUBsutra,open,Yes,😫,open,kaylee,profile,1,345,1008,2,0,2024-12-12,2026-03-24,2026-07-11,Generic Dump (low signal)
[03] Poetry Slow Burns - DUBsutra,open,Yes,Poetry Music,open,firelingo,profile,7,54,201,1,0,2025-08-16,2025-09-09,2026-07-11,Mid-size Playlist
[02] Poetry Slow Burns - DUBsutra,open,Yes,&&*,open,9uzzy,profile,28,249,791,1,0,2025-12-06,2025-12-06,2026-07-11,Catalog Mirror (Superfan)
[01] Poetry Slow Burns  - Gold DUBsutra,open,Yes,&&*,open,9uzzy,profile,28,249,791,1,0,2025-12-06,2025-12-06,2026-07-11,Catalog Mirror (Superfan)
[01] Poetry Slow Burns  - Gold DUBsutra,open,Yes,internal peace/love,open,RØSA MOON,profile,5,58,217,0,0,2020-03-01,2026-01-30,2026-07-11,Mid-size Playlist (Repeat)
[01] Poetry Slow Burns  - Gold DUBsutra,open,Yes,longing in nostalgia,open,RØSA MOON,profile,5,32,148,0,0,2020-02-24,2025-11-09,2026-07-11,Mid-size Playlist (Repeat)
[01] Poetry Slow Burns  - Gold DUBsutra,open,Yes,spring flowers,open,RØSA MOON,profile,5,34,130,0,0,2020-02-12,2026-01-30,2026-07-11,Mid-size Playlist (Repeat)
[01] Poetry Slow Burns  - Gold DUBsutra,open,Yes,Poetry Music,open,firelingo,profile,7,54,201,1,0,2025-08-16,2025-09-09,2026-07-11,Mid-size Playlist
[01] Poetry Slow Burns  - Gold DUBsutra,open,Yes,Stars,open,sara.k,profile,19738,8,28,1,0,2025-05-16,2026-03-26,2026-07-11,Priority Curator
[03] Poetry Duende - DUBsutra,open,Yes,&&*,open,9uzzy,profile,28,249,791,1,0,2025-12-06,2025-12-06,2026-07-11,Catalog Mirror (Superfan)
[03] Poetry Duende - DUBsutra,open,Yes,Stars,open,sara.k,profile,19738,8,28,1,0,2025-05-16,2026-03-26,2026-07-11,Priority Curator
[03] Poetry Duende - DUBsutra,open,Yes,jazz,open,Ali Masomu,profile,0,8,27,0,0,2025-05-20,2025-10-10,2026-07-11,Niche/Emerging Curator
[01] Poetry Duende - DUBsutra,open,Yes,&&*,open,9uzzy,profile,28,249,791,1,0,2025-12-06,2025-12-06,2026-07-11,Catalog Mirror (Superfan)
[01] Poetry Duende - DUBsutra,open,Yes,Poetry Music,open,firelingo,profile,7,54,201,1,0,2025-08-16,2025-09-09,2026-07-11,Mid-size Playlist
[01] Poetry Duende - DUBsutra,open,Yes,malayalam,open,Lloyd1902,profile,0,5,18,0,0,2025-06-06,2025-06-19,2026-07-11,Niche/Emerging Curator
[02] Poetry Duende - DUBsutra,open,No,&&*,open,9uzzy,profile,28,249,791,1,0,2025-12-06,2025-12-06,2026-07-11,Catalog Mirror (Superfan)
[04] If We Had But(t) The Truth (Not The Quack) - Blues FOLKsutra,open,Yes,Bananasutra!,open,Angus,profile,54,452,1499,1,0,2026-04-08,2026-04-10,2026-07-11,Catalog Mirror (Superfan)
[04] If We Had But(t) The Truth (Not The Quack) - Blues FOLKsutra,open,Yes,طريق,open,Arwa,profile,14,19,94,0,0,2019-03-31,2026-05-26,2026-07-11,Niche/Emerging Curator
[05] If We Had But(t) The Truth (Not The Quack) - Drum MANTRAsutra,open,No,Bananasutra!,open,Angus,profile,54,452,1499,1,0,2026-04-08,2026-04-10,2026-07-11,Catalog Mirror (Superfan)
[06] La Poesia Importa 2 (low) - Psy JAZZsutra,open,Yes,🦇💅🏻,open,🦇,profile,2,335,1107,0,0,2025-02-27,2025-09-19,2026-07-11,Generic Dump (low signal)
[05] La Poesia Importa 1 - Psy JAZZsutra,open,No,khareji,open,reza ghomeyshi,profile,5,55,226,0,0,2025-11-09,2026-02-27,2026-07-11,Mid-size Playlist
[01] La Poesia Importa - Miss Cheeky DUBsutra,open,No,Bananasutra!,open,Angus,profile,54,452,1499,1,0,2026-04-08,2026-04-10,2026-07-11,Catalog Mirror (Superfan)
[01] La Poesia Importa - Miss Cheeky DUBsutra,open,No,&&*,open,9uzzy,profile,28,249,791,1,0,2025-12-06,2025-12-06,2026-07-11,Catalog Mirror (Superfan)
[01] La Poesia Importa - Miss Cheeky DUBsutra,open,No,reaggy,open,Jazz,profile,2,2,8,0,0,2025-06-02,2025-06-02,2026-07-11,Niche/Emerging Curator
[02] La Poesia Importa - Muse DUBsutra,open,No,Bananasutra!,open,Angus,profile,54,452,1499,1,0,2026-04-08,2026-04-10,2026-07-11,Catalog Mirror (Superfan)
[02] La Poesia Importa - Muse DUBsutra,open,No,&&*,open,9uzzy,profile,28,249,791,1,0,2025-12-06,2025-12-06,2026-07-11,Catalog Mirror (Superfan)
[03] La Poesia Importa - Oh Lordy DUBsutra,open,Yes,Bananasutra!,open,Angus,profile,54,452,1499,1,0,2026-04-08,2026-04-10,2026-07-11,Catalog Mirror (Superfan)
[03] La Poesia Importa - Oh Lordy DUBsutra,open,Yes,&&*,open,9uzzy,profile,28,249,791,1,0,2025-12-06,2025-12-06,2026-07-11,Catalog Mirror (Superfan)
[08] Creo - (Fbomb) Hip Dub Hop,open,No,Bananasutra!,open,Angus,profile,54,452,1499,1,0,2026-04-08,2026-04-10,2026-07-11,Catalog Mirror (Superfan)
[08] Creo - (Fbomb) Hip Dub Hop,open,No,&&*,open,9uzzy,profile,28,249,791,1,0,2025-12-06,2025-12-06,2026-07-11,Catalog Mirror (Superfan)
[09] Creo - (Fbomb) Hip Dub Hop 2,open,No,&&*,open,9uzzy,profile,28,249,791,1,0,2025-12-06,2025-12-06,2026-07-11,Catalog Mirror (Superfan)
[03] Creo (la poesia) - Contrabass Guitar Classico,open,Yes,Bananasutra!,open,Angus,profile,54,452,1499,1,0,2026-04-08,2026-04-10,2026-07-11,Catalog Mirror (Superfan)
[03] Creo (la poesia) - Contrabass Guitar Classico,open,Yes,red sex1,open,erfan abk,profile,0,35,190,0,0,2025-10-19,2025-11-06,2026-07-11,Mid-size Playlist
[03] Creo (la poesia) - Contrabass Guitar Classico,open,Yes,Contra Bass,open,ardeshir Almasian,profile,1,7,34,0,0,2025-08-27,2025-09-30,2026-07-11,Niche/Emerging Curator
[07] Creo - Ragga DUBsutra,open,No,Late Morning Beats,open,Angus,profile,54,123,532,0,0,2026-01-30,2026-05-10,2026-07-11,Mid-size Playlist (Repeat)
[07] Creo - Ragga DUBsutra,open,No,Bananasutra!,open,Angus,profile,54,452,1499,1,0,2026-04-08,2026-04-10,2026-07-11,Catalog Mirror (Superfan)
[07] Creo - Ragga DUBsutra,open,No,&&*,open,9uzzy,profile,28,249,791,1,0,2025-12-06,2025-12-06,2026-07-11,Catalog Mirror (Superfan)
[06] Creo - Muse DUBsutra,open,Yes,Bananasutra!,open,Angus,profile,54,452,1499,1,0,2026-04-08,2026-04-10,2026-07-11,Catalog Mirror (Superfan)
[06] Creo - Muse DUBsutra,open,Yes,&&*,open,9uzzy,profile,28,249,791,1,0,2025-12-06,2025-12-06,2026-07-11,Catalog Mirror (Superfan)
[14] Jolly Poo - Raw Clapping Bruh Hides Dawging So Darkly - MANTRAsutra,open,No,bananasutra,open,Fred Anderson,profile,1,445,1526,1,0,2026-07-08,2026-07-08,2026-07-11,Catalog Mirror (Superfan)
[14] Jolly Poo - Raw Clapping Bruh Hides Dawging So Darkly - MANTRAsutra,open,No,Aussie Hip-Hop Grime And Drill,open,dartsimpson,profile,5,484,1661,0,0,2025-06-04,2025-06-04,2026-07-11,Generic Dump (low signal)
[05] Jolly Poo - No one knows how dark you are - FOLKsutra,open,Yes,bananasutra,open,Fred Anderson,profile,1,445,1526,1,0,2026-07-08,2026-07-08,2026-07-11,Catalog Mirror (Superfan)
[05] Jolly Poo - No one knows how dark you are - FOLKsutra,open,Yes,Sutra,open,die Welt ist egal,profile,10,8,31,1,0,2026-04-07,2026-06-22,2026-07-11,Niche/Emerging Curator
[09] Jolly Poo - Dog Growls Mumble Speak lol - BLUESsutra,open,No,bananasutra,open,Fred Anderson,profile,1,445,1526,1,0,2026-07-08,2026-07-08,2026-07-11,Catalog Mirror (Superfan)
[12] Jolly Poo - Beware of Dog who won’t Bark - DUBsutra,open,Yes,bananasutra,open,Fred Anderson,profile,1,445,1526,1,0,2026-07-08,2026-07-08,2026-07-11,Catalog Mirror (Superfan)
[12] Jolly Poo - Beware of Dog who won’t Bark - DUBsutra,open,Yes,&&*,open,9uzzy,profile,28,249,791,1,0,2025-12-06,2025-12-06,2026-07-11,Catalog Mirror (Superfan)
[12] Jolly Poo - Beware of Dog who won’t Bark - DUBsutra,open,Yes,🇯🇲,open,PookieBear,profile,6,42,160,0,0,2025-06-04,2025-07-10,2026-07-11,Mid-size Playlist
[03] Jolly Poo - Freaking Freak Gone Mad Dog - BANJOsutra,open,No,bananasutra,open,Fred Anderson,profile,1,445,1526,1,0,2026-07-08,2026-07-08,2026-07-11,Catalog Mirror (Superfan)
[08] Jolly Poo - Dog Hiding Wicked Bass Cello Boy - BLUESsutra,open,No,bananasutra,open,Fred Anderson,profile,1,445,1526,1,0,2026-07-08,2026-07-08,2026-07-11,Catalog Mirror (Superfan)
[08] Jolly Poo - Dog Hiding Wicked Bass Cello Boy - BLUESsutra,open,No,Relax,open,Aresaner,profile,2,13,388,0,0,2019-04-07,2025-07-03,2026-07-11,Niche/Emerging Curator
[01] Jolly Poo - Wicked Walk in the Park - BANJOsutra,open,No,bananasutra,open,Fred Anderson,profile,1,445,1526,1,0,2026-07-08,2026-07-08,2026-07-11,Catalog Mirror (Superfan)
[11] Jolly Poo - Coward Dawgs Gossip but(t) only in your back  - DUBsutra,open,Yes,bananasutra,open,Fred Anderson,profile,1,445,1526,1,0,2026-07-08,2026-07-08,2026-07-11,Catalog Mirror (Superfan)
[11] Jolly Poo - Coward Dawgs Gossip but(t) only in your back  - DUBsutra,open,Yes,Bananasutra!,open,Angus,profile,54,452,1499,1,0,2026-04-08,2026-04-10,2026-07-11,Catalog Mirror (Superfan)
[11] Jolly Poo - Coward Dawgs Gossip but(t) only in your back  - DUBsutra,open,Yes,&&*,open,9uzzy,profile,28,249,791,1,0,2025-12-06,2025-12-06,2026-07-11,Catalog Mirror (Superfan)
[07] Jolly Poo - Who Knew Dog so Dark he’ll Snark in your Back - BLUEsutra,open,No,bananasutra,open,Fred Anderson,profile,1,445,1526,1,0,2026-07-08,2026-07-08,2026-07-11,Catalog Mirror (Superfan)
[13] Jolly Poo - Dark Dawg Bite Muse - DUBsutra,open,No,bananasutra,open,Fred Anderson,profile,1,445,1526,1,0,2026-07-08,2026-07-08,2026-07-11,Catalog Mirror (Superfan)
[13] Jolly Poo - Dark Dawg Bite Muse - DUBsutra,open,No,Bananasutra!,open,Angus,profile,54,452,1499,1,0,2026-04-08,2026-04-10,2026-07-11,Catalog Mirror (Superfan)
[13] Jolly Poo - Dark Dawg Bite Muse - DUBsutra,open,No,&&*,open,9uzzy,profile,28,249,791,1,0,2025-12-06,2025-12-06,2026-07-11,Catalog Mirror (Superfan)
[04] Jolly Poo - Wicked Dog WAAAH - FOLKsutra,open,No,bananasutra,open,Fred Anderson,profile,1,445,1526,1,0,2026-07-08,2026-07-08,2026-07-11,Catalog Mirror (Superfan)
"[06] Jolly Poo - Who Knew Bad Dawgs don’t Bark, they only Growl in your back - Weary BLUESsutra",open,No,bananasutra,open,Fred Anderson,profile,1,445,1526,1,0,2026-07-08,2026-07-08,2026-07-11,Catalog Mirror (Superfan)
"[02] Jolly Poo - Dog so Wicked, Fake Outlaw - BANJOsutra",open,No,bananasutra,open,Fred Anderson,profile,1,445,1526,1,0,2026-07-08,2026-07-08,2026-07-11,Catalog Mirror (Superfan)
[10] Jolly Poo - Who Know That Dawg’s Dark Gangsta RAGGA DUBsutra,open,No,bananasutra,open,Fred Anderson,profile,1,445,1526,1,0,2026-07-08,2026-07-08,2026-07-11,Catalog Mirror (Superfan)
[10] Jolly Poo - Who Know That Dawg’s Dark Gangsta RAGGA DUBsutra,open,No,&&*,open,9uzzy,profile,28,249,791,1,0,2025-12-06,2025-12-06,2026-07-11,Catalog Mirror (Superfan)
[10] Sideration's Calling • White House's Burning • Dem sed RAGGA DUBsutra,open,No,Bananasutra!,open,Angus,profile,54,452,1499,1,0,2026-04-08,2026-04-10,2026-07-11,Catalog Mirror (Superfan)
[10] Sideration's Calling • White House's Burning • Dem sed RAGGA DUBsutra,open,No,&&*,open,9uzzy,profile,28,249,791,1,0,2025-12-06,2025-12-06,2026-07-11,Catalog Mirror (Superfan)
[09] Sideration's Calling • White House's Burning • Riddim Sister RAGGA DUBsutra,open,Yes,Bananasutra!,open,Angus,profile,54,452,1499,1,0,2026-04-08,2026-04-10,2026-07-11,Catalog Mirror (Superfan)
[09] Sideration's Calling • White House's Burning • Riddim Sister RAGGA DUBsutra,open,Yes,&&*,open,9uzzy,profile,28,249,791,1,0,2025-12-06,2025-12-06,2026-07-11,Catalog Mirror (Superfan)
[11] Sideration's Calling • White House's Burning •  Riddim Sister RAGGA 1 DUBsutra,open,No,&&*,open,9uzzy,profile,28,249,791,1,0,2025-12-06,2025-12-06,2026-07-11,Catalog Mirror (Superfan)
[08] Sideration's Calling • White House's Burning • Cheeky DUBsutra,open,No,&&*,open,9uzzy,profile,28,249,791,1,0,2025-12-06,2025-12-06,2026-07-11,Catalog Mirror (Superfan)
[06] Sideration's Calling • White House's Burning • Oh Lordy 1 DUBsutra,open,No,Bananasutra!,open,Angus,profile,54,452,1499,1,0,2026-04-08,2026-04-10,2026-07-11,Catalog Mirror (Superfan)
[06] Sideration's Calling • White House's Burning • Oh Lordy 1 DUBsutra,open,No,&&*,open,9uzzy,profile,28,249,791,1,0,2025-12-06,2025-12-06,2026-07-11,Catalog Mirror (Superfan)
[02] Sideration's Calling • White House's Burning • Jazzy LOFI DUBsutra,open,Yes,&&*,open,9uzzy,profile,28,249,791,1,0,2025-12-06,2025-12-06,2026-07-11,Catalog Mirror (Superfan)
[07] Sideration's Calling • White House's Burning • Oh Lordy 2 DUBsutra,open,Yes,&&*,open,9uzzy,profile,28,249,791,1,0,2025-12-06,2025-12-06,2026-07-11,Catalog Mirror (Superfan)
[06] Sideration - No Velvet Scream - BLUESsutra,open,No,Car,open,Ash-Shaimaa Essehaity,profile,0,4,16,0,0,2025-05-14,2025-05-30,2026-07-11,Niche/Emerging Curator
[04] Sidération Blues Revolution - A Song of Wrong - BLUESsutra,open,Yes,All,open,Igor Isadchenko,profile,1,349,1335,0,0,2021-05-05,2026-07-11,2026-07-11,Generic Dump (low signal)
[04] Sidération Blues Revolution - A Song of Wrong - BLUESsutra,open,Yes,ZEN,open,Mounir,profile,0,28,116,0,0,2025-03-10,2026-06-19,2026-07-11,Niche/Emerging Curator (Repeat)
[04] Sidération Blues Revolution - A Song of Wrong - BLUESsutra,open,Yes,Y,open,ali deniz,profile,3,15,62,0,0,2025-06-30,2025-12-07,2026-07-11,Niche/Emerging Curator
[01] Sideration Blues Revolution - A Song of Wrong - BLUESsutra,open,No,Blues,open,Mounir,profile,0,10,387,0,0,2025-05-03,2025-10-21,2026-07-11,Niche/Emerging Curator (Repeat)
[01] Sideration Blues Revolution - A Song of Wrong - BLUESsutra,open,No,Late Night Cig,open,Milena,profile,4,61,240,0,0,2025-05-26,2026-07-06,2026-07-11,Mid-size Playlist
[07] Sideration - No Velvet Scream - BLUESsutra,open,Yes,Blues,open,Mounir,profile,0,10,387,0,0,2025-05-03,2025-10-21,2026-07-11,Niche/Emerging Curator (Repeat)
[02] Sidération Blues Revolution - A Song of Wrong - BLUESsutra,open,Yes,Blues,open,Raphael Aquino,profile,0,5,24,0,0,2025-06-02,2025-06-17,2026-07-11,Niche/Emerging Curator (Repeat)
[02] Sidération Blues Revolution - A Song of Wrong - BLUESsutra,open,Yes,Relax and Chill,open,Raphael Aquino,profile,0,37,148,0,0,2025-05-26,2025-12-04,2026-07-11,Mid-size Playlist (Repeat)
[04] Sidération - The Sky Stood Still 2 - Revolution BLUESsutra,open,No,Bananasutra!,open,Angus,profile,54,452,1499,1,0,2026-04-08,2026-04-10,2026-07-11,Catalog Mirror (Superfan)
[03] Sidération - The Sky Stood Still 4 - Revolution BLUESsutra,open,Yes,bananasutra,open,Fred Anderson,profile,1,445,1526,1,0,2026-07-08,2026-07-08,2026-07-11,Catalog Mirror (Superfan)
[03] Sidération - The Sky Stood Still 4 - Revolution BLUESsutra,open,Yes,Bananasutra,open,Lincoln Scott,profile,0,82,270,2,0,2026-05-21,2026-05-27,2026-07-11,Mid-size Playlist (Repeat)
[03] Sidération - The Sky Stood Still 4 - Revolution BLUESsutra,open,Yes,R1999,open,ppheo,profile,0,47,189,0,0,2025-10-27,2025-10-27,2026-07-11,Mid-size Playlist
[05] Sidération - The Sky Stood Still 5 - Revolution FOLKsutra,open,Yes,France melody,open,Trịnh Trinh,profile,7,112,526,1,0,2022-04-08,2026-04-20,2026-07-11,Mid-size Playlist
"[01] Courage, Care, and Coconuts (Kindness is Clear more than Nice) - LOFIsutra",open,No,Bananasutra!,open,Angus,profile,54,452,1499,1,0,2026-04-08,2026-04-10,2026-07-11,Catalog Mirror (Superfan)
[05] Glitter and Guts - Bass Revolution LOFIsutra,open,Yes,Bosphorus Underground,open,Patrik Riederer,profile,1,126,601,0,0,2026-03-23,2026-03-23,2026-07-11,Mid-size Playlist
[05] Glitter and Guts - Bass Revolution LOFIsutra,open,Yes,Minimal,open,johnsy,profile,116,214,857,0,0,2025-08-07,2025-12-23,2026-07-11,Generic Dump (low signal)
[05] Glitter and Guts - Bass Revolution LOFIsutra,open,Yes,Untitled Playlist,open,gixxer,profile,14,3,10,0,0,2025-12-18,2025-12-20,2026-07-11,Niche/Emerging Curator
[05] Glitter and Guts - Bass Revolution LOFIsutra,open,Yes,Antrieb1,open,stefanratsch,profile,112,63,357,0,0,2025-06-27,2025-10-14,2026-07-11,Mid-size Playlist
[04] Glitter and Guts - oh lordy DUBsutra,open,Yes,Été 2025,open,Gumixed,profile,2,51,231,0,0,2025-07-04,2025-09-12,2026-07-11,Mid-size Playlist
[04] Glitter and Guts - oh lordy DUBsutra,open,Yes,Poetry Music,open,firelingo,profile,7,54,201,1,0,2025-08-16,2025-09-09,2026-07-11,Mid-size Playlist
"[08] FOTUS Circus VOL. 04 • Step Right Up, Murica Freaks (paper straws) • DUB QUACKsutra",open,Yes,Late Morning Beats,open,Angus,profile,54,123,532,0,0,2026-01-30,2026-05-10,2026-07-11,Mid-size Playlist (Repeat)
"[08] FOTUS Circus VOL. 04 • Step Right Up, Murica Freaks (paper straws) • DUB QUACKsutra",open,Yes,Bananasutra!,open,Angus,profile,54,452,1499,1,0,2026-04-08,2026-04-10,2026-07-11,Catalog Mirror (Superfan)
"[08] FOTUS Circus VOL. 04 • Step Right Up, Murica Freaks (paper straws) • DUB QUACKsutra",open,Yes,Work Playlist,open,ʝʀɛʏʏ,profile,6,15,53,0,0,2026-04-02,2026-04-02,2026-07-11,Niche/Emerging Curator (Repeat)
"[08] FOTUS Circus VOL. 04 • Step Right Up, Murica Freaks (paper straws) • DUB QUACKsutra",open,Yes,US,open,Natho,profile,4,213,840,0,0,2025-04-09,2026-06-21,2026-07-11,Generic Dump (low signal)
"[08] FOTUS Circus VOL. 04 • Step Right Up, Murica Freaks (paper straws) • DUB QUACKsutra",open,Yes,&&*,open,9uzzy,profile,28,249,791,1,0,2025-12-06,2025-12-06,2026-07-11,Catalog Mirror (Superfan)
"[08] FOTUS Circus VOL. 04 • Step Right Up, Murica Freaks (paper straws) • DUB QUACKsutra",open,Yes,RaiNy dAyz!,open,Angus,profile,54,62,243,0,0,2025-11-11,2026-04-08,2026-07-11,Mid-size Playlist (Repeat)
"[08] FOTUS Circus VOL. 04 • Step Right Up, Murica Freaks (paper straws) • DUB QUACKsutra",open,Yes,GenteL RaiN,open,Angus,profile,54,97,405,0,0,2025-11-12,2026-05-11,2026-07-11,Mid-size Playlist (Repeat)
"[08] FOTUS Circus VOL. 04 • Step Right Up, Murica Freaks (paper straws) • DUB QUACKsutra",open,Yes,Lounge Inn 🏝️,open,Angus,profile,54,62,266,0,0,2025-11-10,2026-04-08,2026-07-11,Mid-size Playlist (Repeat)
"[08] FOTUS Circus VOL. 04 • Step Right Up, Murica Freaks (paper straws) • DUB QUACKsutra",open,Yes,BiG AL🙏,open,Angus,profile,54,121,497,0,0,2025-07-29,2026-05-11,2026-07-11,Mid-size Playlist (Repeat)
"[08] FOTUS Circus VOL. 04 • Step Right Up, Murica Freaks (paper straws) • DUB QUACKsutra",open,Yes,Fpoammmopsssss,open,jordanbevan37,profile,15,50,232,0,0,2025-11-07,2025-12-24,2026-07-11,Mid-size Playlist (Repeat)
"[08] FOTUS Circus VOL. 04 • Step Right Up, Murica Freaks (paper straws) • DUB QUACKsutra",open,Yes,Stream Music 🎧,open,ʝʀɛʏʏ,profile,6,82,218,0,0,2025-05-22,2026-06-17,2026-07-11,Mid-size Playlist (Repeat)
[03] FOTUS Circus VOL. 04 • Come On in You Wretched Fools  Plastic Straw Shit Show • Burlesque QUACKsutra,open,No,Awesome,open,[ ᴍᴇꜱꜱᴇᴅ ᴜᴘ ᴀᴀʀᴏɴ ],profile,0,23,80,0,0,2025-01-22,2025-05-26,2026-07-11,Niche/Emerging Curator (Repeat)
[03] FOTUS Circus VOL. 04 • Come On in You Wretched Fools  Plastic Straw Shit Show • Burlesque QUACKsutra,open,No,Songs when doing something (and for edits),open,[ ᴍᴇꜱꜱᴇᴅ ᴜᴘ ᴀᴀʀᴏɴ ],profile,0,19,66,0,0,2025-04-21,2025-05-26,2026-07-11,Niche/Emerging Curator (Repeat)
"[09] FOTUS Circus VOL. 04 • Step Right Up, My Dearest Souls • DUB QUACKsutra",open,Yes,&&*,open,9uzzy,profile,28,249,791,1,0,2025-12-06,2025-12-06,2026-07-11,Catalog Mirror (Superfan)
[06] FOTUS Circus VOL. 03 • When will you be angelic (Ginzberg’s Horror Show) • BURLESQUE QUACKsutra,open,Yes,شادشیک,open,rosha,profile,2,42,527,0,0,2025-01-17,2025-08-07,2026-07-11,Mid-size Playlist
[06] FOTUS Circus VOL. 02 • This ain't no hollow show • QUACKsutra,open,Yes,Bananasutra,open,Lincoln Scott,profile,0,82,270,2,0,2026-05-21,2026-05-27,2026-07-11,Mid-size Playlist (Repeat)
[07] Fluye • Miss Cheeky DUB (1),open,Yes,&&*,open,9uzzy,profile,28,249,791,1,0,2025-12-06,2025-12-06,2026-07-11,Catalog Mirror (Superfan)
[07] Fluye • Miss Cheeky DUB (1),open,Yes,Poetry Music,open,firelingo,profile,7,54,201,1,0,2025-08-16,2025-09-09,2026-07-11,Mid-size Playlist
[05] Fluye • Queen (of Authentic) DUB (1),open,Yes,Bananasutra,open,Lincoln Scott,profile,0,82,270,2,0,2026-05-21,2026-05-27,2026-07-11,Mid-size Playlist (Repeat)
[05] Fluye • Queen (of Authentic) DUB (1),open,Yes,&&*,open,9uzzy,profile,28,249,791,1,0,2025-12-06,2025-12-06,2026-07-11,Catalog Mirror (Superfan)
[05] Fluye • Queen (of Authentic) DUB (1),open,Yes,Beauteeeezzzz,open,Sam,profile,7,498,2292,1,1,2018-12-13,2025-08-20,2026-07-11,Generic Dump (low signal)
[09] Fluye • Muse Prima DUB (1),open,Yes,Raggae/Dub,open,Theo,profile,0,75,318,0,0,2026-04-24,2026-04-24,2026-07-11,Mid-size Playlist
[09] Fluye • Muse Prima DUB (1),open,Yes,&&*,open,9uzzy,profile,28,249,791,1,0,2025-12-06,2025-12-06,2026-07-11,Catalog Mirror (Superfan)
[09] Fluye • Muse Prima DUB (1),open,Yes,Raggae/Dub,open,Colin Videcoq,profile,0,77,330,2,0,2025-03-10,2026-06-19,2026-07-11,Mid-size Playlist
[04] Fluye • Ordo Arabesk Amoris INDIE,open,No,Beauteeez II,open,Sam,profile,7,497,2288,0,1,2021-03-28,2025-10-06,2026-07-11,Generic Dump (low signal)
[06] Fluye • Queen (of Authentic) DUB (2),open,Yes,Hispanique,open,Mounir,profile,0,36,231,0,0,2022-05-27,2026-07-06,2026-07-11,Mid-size Playlist (Repeat)
[06] Fluye • Queen (of Authentic) DUB (2),open,Yes,Bananasutra,open,Lincoln Scott,profile,0,82,270,2,0,2026-05-21,2026-05-27,2026-07-11,Mid-size Playlist (Repeat)
[06] Fluye • Queen (of Authentic) DUB (2),open,Yes,&&*,open,9uzzy,profile,28,249,791,1,0,2025-12-06,2025-12-06,2026-07-11,Catalog Mirror (Superfan)
[02] Fluye • La Poesita Fado (1),open,No,lana del,open,Nour Soror,profile,1,20,98,0,0,2021-05-20,2026-04-19,2026-07-11,Niche/Emerging Curator
[11] Fluye • Feel Di (Ragga) Riddim DUB,open,Yes,&&*,open,9uzzy,profile,28,249,791,1,0,2025-12-06,2025-12-06,2026-07-11,Catalog Mirror (Superfan)
[11] Fluye • Feel Di (Ragga) Riddim DUB,open,Yes,jazz,open,Ali Masomu,profile,0,8,27,0,0,2025-05-20,2025-10-10,2026-07-11,Niche/Emerging Curator
[10] Fluye • Muse Prima DUB (2),open,No,&&*,open,9uzzy,profile,28,249,791,1,0,2025-12-06,2025-12-06,2026-07-11,Catalog Mirror (Superfan)
[10] Fluye • Muse Prima DUB (2),open,No,Canciones Reggae,open,SJ Cristian,profile,18,375,1686,5,0,2023-12-23,2026-05-29,2026-07-11,Generic Dump (low signal)
[10] Fluye • Muse Prima DUB (2),open,No,REGGAE,open,Pouca.Idea,profile,20,67,309,0,0,2018-01-05,2025-05-19,2026-07-11,Mid-size Playlist
[01] Fluye • Oh My (Socrates) Cello INDIE,open,Yes,Blues,open,Sofiko,profile,1,92,480,0,0,2024-05-11,2025-06-05,2026-07-11,Mid-size Playlist
[03] Fluye • La Poesita Fado INDIE (1),open,No,Bonita,open,Xirque,profile,0,2,6,0,0,2025-05-04,2025-05-20,2026-07-11,Niche/Emerging Curator
[08] Fluye • Miss Cheeky DUB (2),open,Yes,Bananasutra!,open,Angus,profile,54,452,1499,1,0,2026-04-08,2026-04-10,2026-07-11,Catalog Mirror (Superfan)
[08] Fluye • Miss Cheeky DUB (2),open,Yes,&&*,open,9uzzy,profile,28,249,791,1,0,2025-12-06,2025-12-06,2026-07-11,Catalog Mirror (Superfan)
RUN v5 (2) [ordo duende amoris],open,Yes,bananasutra,open,Fred Anderson,profile,1,445,1526,1,0,2026-07-08,2026-07-08,2026-07-11,Catalog Mirror (Superfan)
RUN v5 (2) [ordo duende amoris],open,Yes,Poetry Music,open,firelingo,profile,7,54,201,1,0,2025-08-16,2025-09-09,2026-07-11,Mid-size Playlist
RUN v2 - Duende Amoris FOLK,open,Yes,bananasutra,open,Fred Anderson,profile,1,445,1526,1,0,2026-07-08,2026-07-08,2026-07-11,Catalog Mirror (Superfan)
RUN v2 - Duende Amoris FOLK,open,Yes,Poetry Music,open,firelingo,profile,7,54,201,1,0,2025-08-16,2025-09-09,2026-07-11,Mid-size Playlist
RUN v3 [ordo Duende amoris],open,No,bananasutra,open,Fred Anderson,profile,1,445,1526,1,0,2026-07-08,2026-07-08,2026-07-11,Catalog Mirror (Superfan)
RUN v5 - cello-fi,open,No,bananasutra,open,Fred Anderson,profile,1,445,1526,1,0,2026-07-08,2026-07-08,2026-07-11,Catalog Mirror (Superfan)
RUN V3 - Destiny BLUES (high),open,Yes,bananasutra,open,Fred Anderson,profile,1,445,1526,1,0,2026-07-08,2026-07-08,2026-07-11,Catalog Mirror (Superfan)
RUN V3 - Destiny BLUES (high),open,Yes,Poetry Music,open,firelingo,profile,7,54,201,1,0,2025-08-16,2025-09-09,2026-07-11,Mid-size Playlist
RUN V3 - Destiny BLUES (high),open,Yes,Blues,open,kami,profile,9,10,54,0,0,2020-10-18,2025-06-06,2026-07-11,Niche/Emerging Curator
RUN V3 - Destiny BLUES (high),open,Yes,Copy of Chill,open,Claire louise,profile,1,202,1234,0,0,2025-06-06,2025-06-06,2026-07-11,Generic Dump (low signal)
RUN V3 - Destiny BLUES (high),open,Yes,Country,open,Shayanabolfazlistudio,profile,5,44,223,0,0,2023-11-26,2026-05-10,2026-07-11,Mid-size Playlist
RUN V3 - Destiny BLUES (high),open,Yes,Chill,open,Sammy M,profile,7,339,1747,1,0,2025-05-15,2026-07-10,2026-07-11,Generic Dump (low signal)
RUN v4 (1) - Muse DUB,open,No,bananasutra,open,Fred Anderson,profile,1,445,1526,1,0,2026-07-08,2026-07-08,2026-07-11,Catalog Mirror (Superfan)
RUN v4 (1) - Muse DUB,open,No,BiG AL🙏,open,Angus,profile,54,121,497,0,0,2025-07-29,2026-05-11,2026-07-11,Mid-size Playlist (Repeat)
RUN v4 (1) - Muse DUB,open,No,Bananasutra!,open,Angus,profile,54,452,1499,1,0,2026-04-08,2026-04-10,2026-07-11,Catalog Mirror (Superfan)
RUN V1 - Duende Amoris (high),open,No,bananasutra,open,Fred Anderson,profile,1,445,1526,1,0,2026-07-08,2026-07-08,2026-07-11,Catalog Mirror (Superfan)
RUN v4 (2) [ordo Duende amoris],open,Yes,bananasutra,open,Fred Anderson,profile,1,445,1526,1,0,2026-07-08,2026-07-08,2026-07-11,Catalog Mirror (Superfan)
RUN v1 - cello mama,open,Yes,bananasutra,open,Fred Anderson,profile,1,445,1526,1,0,2026-07-08,2026-07-08,2026-07-11,Catalog Mirror (Superfan)
RUN v1 - cello mama,open,Yes,Bananasutra,open,Lincoln Scott,profile,0,82,270,2,0,2026-05-21,2026-05-27,2026-07-11,Mid-size Playlist (Repeat)
RUN v5 - Destiny BLUES (high),open,No,bananasutra,open,Fred Anderson,profile,1,445,1526,1,0,2026-07-08,2026-07-08,2026-07-11,Catalog Mirror (Superfan)
RUN v2 (1) - Muse DUB,open,No,bananasutra,open,Fred Anderson,profile,1,445,1526,1,0,2026-07-08,2026-07-08,2026-07-11,Catalog Mirror (Superfan)
RUN v2 (1) - Muse DUB,open,No,Bananasutra!,open,Angus,profile,54,452,1499,1,0,2026-04-08,2026-04-10,2026-07-11,Catalog Mirror (Superfan)
RUN v3 (2) - Booya Blowers BANJOsutra,open,No,bananasutra,open,Fred Anderson,profile,1,445,1526,1,0,2026-07-08,2026-07-08,2026-07-11,Catalog Mirror (Superfan)
RUN v3 (1) - Booya Blowers BANJOsutra,open,No,bananasutra,open,Fred Anderson,profile,1,445,1526,1,0,2026-07-08,2026-07-08,2026-07-11,Catalog Mirror (Superfan)
RUN v2 - Muse DUB,open,Yes,bananasutra,open,Fred Anderson,profile,1,445,1526,1,0,2026-07-08,2026-07-08,2026-07-11,Catalog Mirror (Superfan)
RUN v2 - Muse DUB,open,Yes,GenteL RaiN,open,Angus,profile,54,97,405,0,0,2025-11-12,2026-05-11,2026-07-11,Mid-size Playlist (Repeat)
RUN v2 - Muse DUB,open,Yes,Bananasutra!,open,Angus,profile,54,452,1499,1,0,2026-04-08,2026-04-10,2026-07-11,Catalog Mirror (Superfan)
RUN v2 - Muse DUB,open,Yes,Poetry Music,open,firelingo,profile,7,54,201,1,0,2025-08-16,2025-09-09,2026-07-11,Mid-size Playlist
RUN v2 - Muse DUB,open,Yes,house to house,open,iman avazkhani,profile,2,49,517,0,0,2025-05-16,2025-08-07,2026-07-11,Mid-size Playlist
RUN v4 (2) - Muse DUB,open,No,bananasutra,open,Fred Anderson,profile,1,445,1526,1,0,2026-07-08,2026-07-08,2026-07-11,Catalog Mirror (Superfan)
RUN v3  - Muse DUB (low),open,Yes,bananasutra,open,Fred Anderson,profile,1,445,1526,1,0,2026-07-08,2026-07-08,2026-07-11,Catalog Mirror (Superfan)
RUN v3 - Muse DUB (high,open,No,bananasutra,open,Fred Anderson,profile,1,445,1526,1,0,2026-07-08,2026-07-08,2026-07-11,Catalog Mirror (Superfan)
RUN v4 (1) [ordo Duende amoris],open,No,bananasutra,open,Fred Anderson,profile,1,445,1526,1,0,2026-07-08,2026-07-08,2026-07-11,Catalog Mirror (Superfan)
RUN v5 (1) [ordo duende amoris],open,No,bananasutra,open,Fred Anderson,profile,1,445,1526,1,0,2026-07-08,2026-07-08,2026-07-11,Catalog Mirror (Superfan)
RUN v1 - Muse DUB,open,No,bananasutra,open,Fred Anderson,profile,1,445,1526,1,0,2026-07-08,2026-07-08,2026-07-11,Catalog Mirror (Superfan)
RUN v1 - Muse DUB,open,No,Stars,open,sara.k,profile,19738,8,28,1,0,2025-05-16,2026-03-26,2026-07-11,Priority Curator
RUN v5 - Booya Blowers BANJOsutra,open,No,bananasutra,open,Fred Anderson,profile,1,445,1526,1,0,2026-07-08,2026-07-08,2026-07-11,Catalog Mirror (Superfan)
RUN v4 - WSWHFN DUB,open,Yes,bananasutra,open,Fred Anderson,profile,1,445,1526,1,0,2026-07-08,2026-07-08,2026-07-11,Catalog Mirror (Superfan)
RUN v4 - WSWHFN DUB,open,Yes,Bananasutra!,open,Angus,profile,54,452,1499,1,0,2026-04-08,2026-04-10,2026-07-11,Catalog Mirror (Superfan)
[02] Male Fantasies • Minimal DRUM LOFIsutra,open,No,bananasutra,open,Fred Anderson,profile,1,445,1526,1,0,2026-07-08,2026-07-08,2026-07-11,Catalog Mirror (Superfan)
[01] Male Fantasies • Minimal Vocal JAZZsutra,open,Yes,bananasutra,open,Fred Anderson,profile,1,445,1526,1,0,2026-07-08,2026-07-08,2026-07-11,Catalog Mirror (Superfan)
[01] Male Fantasies • Minimal Vocal JAZZsutra,open,Yes,Poetry Music,open,firelingo,profile,7,54,201,1,0,2025-08-16,2025-09-09,2026-07-11,Mid-size Playlist
[01] Male Fantasies • Minimal Vocal JAZZsutra,open,Yes,Mac'S,open,Kerono,profile,0,26,71,0,0,2025-05-15,2025-05-16,2026-07-11,Niche/Emerging Curator
Kindness (single) VOL. 04,open,Yes,Stars,open,sara.k,profile,19738,8,28,1,0,2025-05-16,2026-03-26,2026-07-11,Priority Curator
[13] Queer Almighty - Born to Waltz - BANJOsutra,open,No,BiG AL🙏,open,Angus,profile,54,121,497,0,0,2025-07-29,2026-05-11,2026-07-11,Mid-size Playlist (Repeat)
[13] Queer Almighty - Born to Waltz - BANJOsutra,open,No,Bananasutra!,open,Angus,profile,54,452,1499,1,0,2026-04-08,2026-04-10,2026-07-11,Catalog Mirror (Superfan)
[15] Queer Almighty - Drum Mantra DUBsutra,open,Yes,&&*,open,9uzzy,profile,28,249,791,1,0,2025-12-06,2025-12-06,2026-07-11,Catalog Mirror (Superfan)
[15] Queer Almighty - Drum Mantra DUBsutra,open,Yes,Poetry Music,open,firelingo,profile,7,54,201,1,0,2025-08-16,2025-09-09,2026-07-11,Mid-size Playlist
[15] Queer Almighty - Drum Mantra DUBsutra,open,Yes,rock jazz,open,Hakob Yeremyan,profile,5,70,527,4,0,2017-05-04,2026-04-16,2026-07-11,Mid-size Playlist
[15] Queer Almighty - Drum Mantra DUBsutra,open,Yes,Playlist de cria,open,Ruan Alexsandro,profile,0,33,123,0,0,2025-05-16,2025-05-21,2026-07-11,Mid-size Playlist
[08] Queer Almighty - Tell me why - FOLK BANJOsutra,open,Yes,Beauteeez II,open,Sam,profile,7,497,2288,0,1,2021-03-28,2025-10-06,2026-07-11,Generic Dump (low signal)
[01] Queer Almighty - Folk BANJOsutra,open,Yes,cafe,open,shantia,profile,3,39,162,1,0,2025-11-01,2026-06-22,2026-07-11,Mid-size Playlist
[05] Queer Almighty - Jazzy Queer Almighty - BLUESy BANJOsutra,open,Yes,guitar,open,tylar,profile,5,31,315,1,0,2019-05-28,2025-12-10,2026-07-11,Mid-size Playlist (Repeat)
[05] Queer Almighty - Jazzy Queer Almighty - BLUESy BANJOsutra,open,Yes,Donn,open,Helio Correa,profile,4,37,133,1,0,2025-11-28,2026-02-03,2026-07-11,Mid-size Playlist
[05] Queer Almighty - Jazzy Queer Almighty - BLUESy BANJOsutra,open,Yes,France melody,open,Trịnh Trinh,profile,7,112,526,1,0,2022-04-08,2026-04-20,2026-07-11,Mid-size Playlist
[05] Queer Almighty - Jazzy Queer Almighty - BLUESy BANJOsutra,open,Yes,2025,open,Mx. Phoebe's Viewpoint,profile,178,74,298,0,0,2025-05-15,2025-05-17,2026-07-11,Mid-size Playlist
[05] Queer Almighty - Jazzy Queer Almighty - BLUESy BANJOsutra,open,Yes,🧘‍♂️🧘‍♂️🧘‍♂️,open,ali roostaei,profile,0,10,39,0,0,2025-05-05,2026-06-11,2026-07-11,Niche/Emerging Curator
[05] Queer Almighty - Jazzy Queer Almighty - BLUESy BANJOsutra,open,Yes,$,open,.,profile,0,9,33,0,0,2025-05-15,2025-05-17,2026-07-11,Niche/Emerging Curator
[04] Reason over Reverence - They said bow down but we rise 2 - DUBsutra,open,Yes,Bananasutra!,open,Angus,profile,54,452,1499,1,0,2026-04-08,2026-04-10,2026-07-11,Catalog Mirror (Superfan)
[04] Reason over Reverence - They said bow down but we rise 2 - DUBsutra,open,Yes,&&*,open,9uzzy,profile,28,249,791,1,0,2025-12-06,2025-12-06,2026-07-11,Catalog Mirror (Superfan)
[04] Reason over Reverence - They said bow down but we rise 2 - DUBsutra,open,Yes,Poetry Music,open,firelingo,profile,7,54,201,1,0,2025-08-16,2025-09-09,2026-07-11,Mid-size Playlist
[04] Reason over Reverence - They said bow down but we rise 2 - DUBsutra,open,Yes,Blues,open,Sofiko,profile,1,92,480,0,0,2024-05-11,2025-06-05,2026-07-11,Mid-size Playlist
[04] Reason over Reverence - They said bow down but we rise 2 - DUBsutra,open,Yes,Relaxing,open,User 173143833,profile,0,14,42,0,0,2025-05-15,2025-10-05,2026-07-11,Niche/Emerging Curator
[01] Question Di Kingdom - Dub's the Path (Truth is the riddim) - Ragga DUBsutra,open,Yes,&&*,open,9uzzy,profile,28,249,791,1,0,2025-12-06,2025-12-06,2026-07-11,Catalog Mirror (Superfan)
[01] Question Di Kingdom - Dub's the Path (Truth is the riddim) - Ragga DUBsutra,open,Yes,Blues,open,Sofiko,profile,1,92,480,0,0,2024-05-11,2025-06-05,2026-07-11,Mid-size Playlist
[02] Question Di Kingdom - Dub's the Path (Truth is the riddim) - DUBsutra,open,Yes,&&*,open,9uzzy,profile,28,249,791,1,0,2025-12-06,2025-12-06,2026-07-11,Catalog Mirror (Superfan)
[03] Reason over Reverence - They said bow down but we rise 1 - DUBsutra,open,No,&&*,open,9uzzy,profile,28,249,791,1,0,2025-12-06,2025-12-06,2026-07-11,Catalog Mirror (Superfan)
"[04] Okey Dokey, No It's Not • Jazzy LOFIsutra",open,Yes,bananasutra,open,Fred Anderson,profile,1,445,1526,1,0,2026-07-08,2026-07-08,2026-07-11,Catalog Mirror (Superfan)
"[03] Okey Dokey, No It's Not • Indie LOFIsutra",open,Yes,bananasutra,open,Fred Anderson,profile,1,445,1526,1,0,2026-07-08,2026-07-08,2026-07-11,Catalog Mirror (Superfan)
"[03] Okey Dokey, No It's Not • Indie LOFIsutra",open,Yes,Bananasutra!,open,Angus,profile,54,452,1499,1,0,2026-04-08,2026-04-10,2026-07-11,Catalog Mirror (Superfan)
"[03] Okey Dokey, No It's Not • Indie LOFIsutra",open,Yes,𝑝𝑙𝑎𝑦𝑙𝑖𝑠𝑡 ¹,open,Elvarette♬♪,profile,31,500,1894,1,0,2023-08-11,2026-06-05,2026-07-11,Generic Dump (low signal)
"[03] Okey Dokey, No It's Not • Indie LOFIsutra",open,Yes,Morelyubovi,open,User 155329573,profile,4,9,28,0,0,2025-09-14,2025-09-16,2026-07-11,Niche/Emerging Curator
"[03] Okey Dokey, No It's Not • Indie LOFIsutra",open,Yes,Плейлист Сане,open,reu,profile,1,384,1412,0,0,2025-09-02,2025-09-02,2026-07-11,Generic Dump (low signal)
"[03] Okey Dokey, No It's Not • Indie LOFIsutra",open,Yes,Poetry Music,open,firelingo,profile,7,54,201,1,0,2025-08-16,2025-09-09,2026-07-11,Mid-size Playlist
"[03] Okey Dokey, No It's Not • Indie LOFIsutra",open,Yes,Relax and Chill,open,Raphael Aquino,profile,0,37,148,0,0,2025-05-26,2025-12-04,2026-07-11,Mid-size Playlist (Repeat)
"[03] Okey Dokey, No It's Not • Indie LOFIsutra",open,Yes,Neue,open,Christina QK,profile,0,117,558,0,0,2025-07-17,2025-07-17,2026-07-11,Mid-size Playlist
"[03] Okey Dokey, No It's Not • Indie LOFIsutra",open,Yes,25 sum,open,ronnieB,profile,105,31,120,0,0,2025-06-03,2026-03-07,2026-07-11,Mid-size Playlist
"[03] Okey Dokey, No It's Not • Indie LOFIsutra",open,Yes,Layla music,open,Layla Lamb,profile,0,298,1288,0,0,2024-11-03,2025-05-22,2026-07-11,Generic Dump (low signal)
"[02] Okey Dokey, No It's Not • Indie LOFIsutra",open,Yes,bananasutra,open,Fred Anderson,profile,1,445,1526,1,0,2026-07-08,2026-07-08,2026-07-11,Catalog Mirror (Superfan)
"[02] Okey Dokey, No It's Not • Indie LOFIsutra",open,Yes,❤️❤️,open,Menna Waleed,profile,0,11,48,0,0,2025-05-15,2025-06-07,2026-07-11,Niche/Emerging Curator
"[01] Okey Dokey, No It's Not • Banger BANJOsutra",open,No,bananasutra,open,Fred Anderson,profile,1,445,1526,1,0,2026-07-08,2026-07-08,2026-07-11,Catalog Mirror (Superfan)
"[05] Okey Dokey, No It's Not • Jazzy LOFIsutra",open,Yes,bananasutra,open,Fred Anderson,profile,1,445,1526,1,0,2026-07-08,2026-07-08,2026-07-11,Catalog Mirror (Superfan)
[01] Because the Light (wontdietonight) ⭐︎ Breathy LOFIsutra,open,Yes,bananasutra,open,Fred Anderson,profile,1,445,1526,1,0,2026-07-08,2026-07-08,2026-07-11,Catalog Mirror (Superfan)
[01] Because the Light (wontdietonight) ⭐︎ Breathy LOFIsutra,open,Yes,BiG AL🙏,open,Angus,profile,54,121,497,0,0,2025-07-29,2026-05-11,2026-07-11,Mid-size Playlist (Repeat)
[01] Because the Light (wontdietonight) ⭐︎ Breathy LOFIsutra,open,Yes,Bananasutra!,open,Angus,profile,54,452,1499,1,0,2026-04-08,2026-04-10,2026-07-11,Catalog Mirror (Superfan)
[01] Because the Light (wontdietonight) ⭐︎ Breathy LOFIsutra,open,Yes,chill,open,Josh,profile,0,43,134,0,0,2025-05-04,2025-12-08,2026-07-11,Mid-size Playlist
[01] Because the Light (wontdietonight) ⭐︎ Breathy LOFIsutra,open,Yes,Gym,open,Sami Uddin,profile,2,48,119,0,0,2025-05-17,2025-05-20,2026-07-11,Mid-size Playlist
[03] Delete your Butt ⭐︎ Cheeky BURLESQUEsutra,open,No,bananasutra,open,Fred Anderson,profile,1,445,1526,1,0,2026-07-08,2026-07-08,2026-07-11,Catalog Mirror (Superfan)
[03] Delete your Butt ⭐︎ Cheeky BURLESQUEsutra,open,No,🫶🏻,open,Анаcтасія Зралко,profile,1,42,130,0,0,2025-01-13,2025-04-25,2026-07-11,Mid-size Playlist
[02] Because the Fight ⭐︎ MellO BANJOsutra,open,Yes,bananasutra,open,Fred Anderson,profile,1,445,1526,1,0,2026-07-08,2026-07-08,2026-07-11,Catalog Mirror (Superfan)
[04] Because the Joke ⭐︎ Dreamy Mantra INDIEsutra,open,No,bananasutra,open,Fred Anderson,profile,1,445,1526,1,0,2026-07-08,2026-07-08,2026-07-11,Catalog Mirror (Superfan)
[01] Stymied Stymied Yuck (what shall we hope for now) - DUBsutra,open,No,bananasutra,open,Fred Anderson,profile,1,445,1526,1,0,2026-07-08,2026-07-08,2026-07-11,Catalog Mirror (Superfan)
[01] Stymied Stymied Yuck (what shall we hope for now) - DUBsutra,open,No,&&*,open,9uzzy,profile,28,249,791,1,0,2025-12-06,2025-12-06,2026-07-11,Catalog Mirror (Superfan)
[02] Stymied Stymied Whack (what shall we hope for now) - DUBsutra,open,No,bananasutra,open,Fred Anderson,profile,1,445,1526,1,0,2026-07-08,2026-07-08,2026-07-11,Catalog Mirror (Superfan)
[02] Stymied Stymied Whack (what shall we hope for now) - DUBsutra,open,No,&&*,open,9uzzy,profile,28,249,791,1,0,2025-12-06,2025-12-06,2026-07-11,Catalog Mirror (Superfan)
Where Hope Expires - dem sed Indie DUB,open,No,bananasutra,open,Fred Anderson,profile,1,445,1526,1,0,2026-07-08,2026-07-08,2026-07-11,Catalog Mirror (Superfan)
Where Hope Expires - dem sed Indie DUB,open,No,&&*,open,9uzzy,profile,28,249,791,1,0,2025-12-06,2025-12-06,2026-07-11,Catalog Mirror (Superfan)
Where Hope Expires - Rebound Dub JAZZ,open,No,bananasutra,open,Fred Anderson,profile,1,445,1526,1,0,2026-07-08,2026-07-08,2026-07-11,Catalog Mirror (Superfan)
Where Hope Expires - Rebound Dub JAZZ,open,No,Bananasutra!,open,Angus,profile,54,452,1499,1,0,2026-04-08,2026-04-10,2026-07-11,Catalog Mirror (Superfan)
Where Hope Expires - Rebound Dub JAZZ,open,No,vibe,open,ㅤ,profile,189,2,63,0,0,2025-05-08,2025-06-07,2026-07-11,Priority Curator
Where Hope Expires - Capela pbgal JAZZ,open,No,bananasutra,open,Fred Anderson,profile,1,445,1526,1,0,2026-07-08,2026-07-08,2026-07-11,Catalog Mirror (Superfan)
Where Hope Expires - Queen of Authentic FOLK,open,Yes,bananasutra,open,Fred Anderson,profile,1,445,1526,1,0,2026-07-08,2026-07-08,2026-07-11,Catalog Mirror (Superfan)
Where Hope Expires - She Wanna Know Capela JAZZ,open,No,bananasutra,open,Fred Anderson,profile,1,445,1526,1,0,2026-07-08,2026-07-08,2026-07-11,Catalog Mirror (Superfan)
Where Hope Expires - dem sed Dub INDIE FOLK,open,Yes,bananasutra,open,Fred Anderson,profile,1,445,1526,1,0,2026-07-08,2026-07-08,2026-07-11,Catalog Mirror (Superfan)
Where Hope Expires - dem sed Dub INDIE FOLK,open,Yes,BiG AL🙏,open,Angus,profile,54,121,497,0,0,2025-07-29,2026-05-11,2026-07-11,Mid-size Playlist (Repeat)
Where Hope Expires - dem sed Dub INDIE FOLK,open,Yes,Bananasutra!,open,Angus,profile,54,452,1499,1,0,2026-04-08,2026-04-10,2026-07-11,Catalog Mirror (Superfan)
Where Hope Expires - String Me Jazzy INDIE,open,No,bananasutra,open,Fred Anderson,profile,1,445,1526,1,0,2026-07-08,2026-07-08,2026-07-11,Catalog Mirror (Superfan)
Where Hope Expires - Piano CAT JAZZ,open,Yes,bananasutra,open,Fred Anderson,profile,1,445,1526,1,0,2026-07-08,2026-07-08,2026-07-11,Catalog Mirror (Superfan)
Where Hope Expires - Piano CAT JAZZ,open,Yes,Underground - 4,open,fig•coffee,profile,3,417,1221,0,0,2025-10-12,2025-10-12,2026-07-11,Generic Dump (low signal)
Where Hope Expires - Piano CAT JAZZ,open,Yes,Daniel Tompkins - Complete,open,MEAS.X.BASS,profile,88,147,697,0,0,2025-08-05,2025-08-05,2026-07-11,Mid-size Playlist
[05] Why Trust an Old Mean Religion - Muse DUB,open,No,&&*,open,9uzzy,profile,28,249,791,1,0,2025-12-06,2025-12-06,2026-07-11,Catalog Mirror (Superfan)
"[06] Why Trust an Old, Mean Religion Bruh DUB",open,No,Bananasutra!,open,Angus,profile,54,452,1499,1,0,2026-04-08,2026-04-10,2026-07-11,Catalog Mirror (Superfan)
"[06] Why Trust an Old, Mean Religion Bruh DUB",open,No,&&*,open,9uzzy,profile,28,249,791,1,0,2025-12-06,2025-12-06,2026-07-11,Catalog Mirror (Superfan)
[07] Why Trust an Old Mean Religion (Bruh) Dub LOFI,open,No,Bananasutra!,open,Angus,profile,54,452,1499,1,0,2026-04-08,2026-04-10,2026-07-11,Catalog Mirror (Superfan)
[07] I Wanted to Be the Poem - Indie Pop LOFI,open,No,BiG AL🙏,open,Angus,profile,54,121,497,0,0,2025-07-29,2026-05-11,2026-07-11,Mid-size Playlist (Repeat)
[07] I Wanted to Be the Poem - Indie Pop LOFI,open,No,Bananasutra!,open,Angus,profile,54,452,1499,1,0,2026-04-08,2026-04-10,2026-07-11,Catalog Mirror (Superfan)
[08] I Wanted to Be the Poem - Psychedelic DRUM DUB LOFI,open,No,Bananasutra!,open,Angus,profile,54,452,1499,1,0,2026-04-08,2026-04-10,2026-07-11,Catalog Mirror (Superfan)
[06] I Wanted to Be the Poem - Bluesy Burlesque JAZZ,open,Yes,Bananasutra,open,Lincoln Scott,profile,0,82,270,2,0,2026-05-21,2026-05-27,2026-07-11,Mid-size Playlist (Repeat)
[05] I Wanted to Be the Poem - Dreamy Piano JAZZ,open,No,favss,open,haha haha,profile,0,49,160,0,0,2025-04-29,2026-05-21,2026-07-11,Mid-size Playlist (Repeat)
[05] I Wanted to Be the Poem - Dreamy Piano JAZZ,open,No,Dreamy,open,haha haha,profile,0,19,62,0,0,2025-10-23,2025-10-23,2026-07-11,Niche/Emerging Curator (Repeat)
[3] Male Fantasies • EPx6 VOL. 02 • BASSsutra,open,No,Bananasutra!,open,Angus,profile,54,452,1499,1,0,2026-04-08,2026-04-10,2026-07-11,Catalog Mirror (Superfan)
[6] Male Fantasies • EPx6 VOL. 02 • BANJOsutra,open,No,Bananasutra!,open,Angus,profile,54,452,1499,1,0,2026-04-08,2026-04-10,2026-07-11,Catalog Mirror (Superfan)
[1] Male Fantasies • EPx6 VOL. 02 • JAZZsutra,open,No,Untitled playlist,open,ashraf681985,profile,4,98,667,0,0,2025-04-27,2025-10-19,2026-07-11,Mid-size Playlist
The Dystopian Quizz Song v1 ★ Blues Circus SOULsutra,open,No,just me and myself (unfortunately),open,sky,profile,1,54,195,1,0,2024-12-23,2025-09-01,2026-07-11,Mid-size Playlist
[05] Ego Ain't Your Amigo - pbgal Bassy Jazz BURLESQUE,open,No,principal,open,Erick Viana da silva,profile,0,79,318,0,0,2025-02-24,2026-06-22,2026-07-11,Mid-size Playlist
[06] Ego Ain't Your Amigo (at Marlago) - Kindness is the depth BLUES,open,No,Cvhk,open,old man,profile,4,1,3,0,0,2026-06-15,2026-06-15,2026-07-11,Niche/Emerging Curator
[01] Ego Ain't Your Amigo (Fasho at Marlago) - oh hi salty honey bluesy JAZZ tempo,open,Yes,Bananasutra,open,Lincoln Scott,profile,0,82,270,2,0,2026-05-21,2026-05-27,2026-07-11,Mid-size Playlist (Repeat)
[01] Ego Ain't Your Amigo (Fasho at Marlago) - oh hi salty honey bluesy JAZZ tempo,open,Yes,principal,open,Erick Viana da silva,profile,0,79,318,0,0,2025-02-24,2026-06-22,2026-07-11,Mid-size Playlist
[01] Ego Ain't Your Amigo (Fasho at Marlago) - oh hi salty honey bluesy JAZZ tempo,open,Yes,lofi,open,Saveli Plotnikov,profile,5,9,31,0,0,2025-04-11,2025-08-04,2026-07-11,Niche/Emerging Curator
[11] Ego Ain't Your Amigo - Fast DUB Muse Flow,open,No,&&*,open,9uzzy,profile,28,249,791,1,0,2025-12-06,2025-12-06,2026-07-11,Catalog Mirror (Superfan)
[05] Mass Media Freakshow - chanson encore oh boy BURLESQUE,open,Yes,Blues,open,Sofiko,profile,1,92,480,0,0,2024-05-11,2025-06-05,2026-07-11,Mid-size Playlist
[11] Mass Media Freakshow • PBgal psyBASS JAZZ,open,Yes,Senkende Herzfrequenz,open,DIE BASS PARASITEN,profile,42,73,412,1,0,2025-12-26,2026-07-10,2026-07-11,Mid-size Playlist
[8] How do kids learn • DRUM FOLKsutra,open,Yes,principal,open,Erick Viana da silva,profile,0,79,318,0,0,2025-02-24,2026-06-22,2026-07-11,Mid-size Playlist
[8] How do kids learn • DRUM FOLKsutra,open,Yes,lofi,open,Saveli Plotnikov,profile,5,9,31,0,0,2025-04-11,2025-08-04,2026-07-11,Niche/Emerging Curator
[0] How do kids learn • Destiny JAZZsutra (high),open,Yes,Bananasutra,open,Lincoln Scott,profile,0,82,270,2,0,2026-05-21,2026-05-27,2026-07-11,Mid-size Playlist (Repeat)
[0] How do kids learn • Destiny JAZZsutra (high),open,Yes,France melody,open,Trịnh Trinh,profile,7,112,526,1,0,2022-04-08,2026-04-20,2026-07-11,Mid-size Playlist
[0] How do kids learn • Destiny JAZZsutra (high),open,Yes,Beauteeeezzzz,open,Sam,profile,7,498,2292,1,1,2018-12-13,2025-08-20,2026-07-11,Generic Dump (low signal)
[0] How do kids learn • Destiny JAZZsutra (high),open,Yes,lofi,open,Saveli Plotnikov,profile,5,9,31,0,0,2025-04-11,2025-08-04,2026-07-11,Niche/Emerging Curator
[0] How do kids learn • Destiny JAZZsutra (high),open,Yes,random,open,Lander Jans,profile,0,6,21,0,0,2025-04-14,2025-04-19,2026-07-11,Niche/Emerging Curator
[5] How do kids learn • Bluesy DUBsutra,open,No,Bananasutra!,open,Angus,profile,54,452,1499,1,0,2026-04-08,2026-04-10,2026-07-11,Catalog Mirror (Superfan)
[2] Muddy Waters (Nietzsche's Gift) VOL. 04 - Accordion BURLESQUE,open,No,bananasutra,open,Fred Anderson,profile,1,445,1526,1,0,2026-07-08,2026-07-08,2026-07-11,Catalog Mirror (Superfan)
[1] Muddy Waters (Nietzsche's Gift) VOL. 04 - Bluesy FOLK BANJO,open,No,bananasutra,open,Fred Anderson,profile,1,445,1526,1,0,2026-07-08,2026-07-08,2026-07-11,Catalog Mirror (Superfan)
[4] Muddy Waters (Nietzsche's Gift) VOL. 04 - Burlesque LOFI,open,No,bananasutra,open,Fred Anderson,profile,1,445,1526,1,0,2026-07-08,2026-07-08,2026-07-11,Catalog Mirror (Superfan)
[4] Muddy Waters (Nietzsche's Gift) VOL. 04 - Burlesque LOFI,open,No,Sutra,open,die Welt ist egal,profile,10,8,31,1,0,2026-04-07,2026-06-22,2026-07-11,Niche/Emerging Curator
[5] Muddy Waters (Nietzsche's Gift) VOL. 04 - Piano Burlesque INDIE,open,No,bananasutra,open,Fred Anderson,profile,1,445,1526,1,0,2026-07-08,2026-07-08,2026-07-11,Catalog Mirror (Superfan)
[3] Muddy Waters (Nietzsche's Gift) VOL. 04 - Dreamy Folk BURLESQUE,open,No,bananasutra,open,Fred Anderson,profile,1,445,1526,1,0,2026-07-08,2026-07-08,2026-07-11,Catalog Mirror (Superfan)
[3] The invisible man in the sky • DUB BLUESsutra,open,No,Bananasutra!,open,Angus,profile,54,452,1499,1,0,2026-04-08,2026-04-10,2026-07-11,Catalog Mirror (Superfan)
[7] The invisible man in the sky • FLOW LOFIsutra,open,No,Bananasutra!,open,Angus,profile,54,452,1499,1,0,2026-04-08,2026-04-10,2026-07-11,Catalog Mirror (Superfan)
[7] Your rules don’t apply to me • Indie MANTRAsutra,open,Yes,Bananasutra!,open,Angus,profile,54,452,1499,1,0,2026-04-08,2026-04-10,2026-07-11,Catalog Mirror (Superfan)
[1] How to Help a Bible Bro Grow Up • BANANAsutra (eat it) Jazzy Dub FOLK,open,No,Funky,open,Rita Om,profile,286,227,1244,0,0,2024-05-10,2026-06-29,2026-07-11,Generic Dump (low signal)
[4] Shush the Bull Bro (Please) • DUBsutra,open,Yes,Bananasutra!,open,Angus,profile,54,452,1499,1,0,2026-04-08,2026-04-10,2026-07-11,Catalog Mirror (Superfan)
[4] Shush the Bull Bro (Please) • DUBsutra,open,Yes,&&*,open,9uzzy,profile,28,249,791,1,0,2025-12-06,2025-12-06,2026-07-11,Catalog Mirror (Superfan)
[5] Shush your Mouth (Please) • DUBsutra,open,No,&&*,open,9uzzy,profile,28,249,791,1,0,2025-12-06,2025-12-06,2026-07-11,Catalog Mirror (Superfan)
[3] Shush it Up Yo (Please) • DUBsutra,open,No,&&*,open,9uzzy,profile,28,249,791,1,0,2025-12-06,2025-12-06,2026-07-11,Catalog Mirror (Superfan)
[4] Stymy Stymy Yuck • Mama F-BOMB DUB,open,No,bananasutra,open,Fred Anderson,profile,1,445,1526,1,0,2026-07-08,2026-07-08,2026-07-11,Catalog Mirror (Superfan)
[4] Stymy Stymy Yuck • Mama F-BOMB DUB,open,No,Bananasutra!,open,Angus,profile,54,452,1499,1,0,2026-04-08,2026-04-10,2026-07-11,Catalog Mirror (Superfan)
[4] Stymy Stymy Yuck • Mama F-BOMB DUB,open,No,&&*,open,9uzzy,profile,28,249,791,1,0,2025-12-06,2025-12-06,2026-07-11,Catalog Mirror (Superfan)
[4] Stymy Stymy Yuck • Mama F-BOMB DUB,open,No,lofi,open,Saveli Plotnikov,profile,5,9,31,0,0,2025-04-11,2025-08-04,2026-07-11,Niche/Emerging Curator
[3] Stymy Stymy Yuck • Hope Fiddle DUBgrass,open,No,bananasutra,open,Fred Anderson,profile,1,445,1526,1,0,2026-07-08,2026-07-08,2026-07-11,Catalog Mirror (Superfan)
[3] Stymy Stymy Yuck • Hope Fiddle DUBgrass,open,No,&&*,open,9uzzy,profile,28,249,791,1,0,2025-12-06,2025-12-06,2026-07-11,Catalog Mirror (Superfan)
[3] Stymy Stymy Yuck • Hope Fiddle DUBgrass,open,No,Diverse,open,Cristina Grecu,profile,2,110,414,0,0,2024-07-23,2026-04-07,2026-07-11,Mid-size Playlist
[3] Stymy Stymy Yuck • Hope Fiddle DUBgrass,open,No,lofi,open,Saveli Plotnikov,profile,5,9,31,0,0,2025-04-11,2025-08-04,2026-07-11,Niche/Emerging Curator
[5] stymy stymy yuck • Arabesk DUB,open,Yes,lofi,open,Saveli Plotnikov,profile,5,9,31,0,0,2025-04-11,2025-08-04,2026-07-11,Niche/Emerging Curator
[1] stymy stymy yuck • LOFI,open,No,bananasutra,open,Fred Anderson,profile,1,445,1526,1,0,2026-07-08,2026-07-08,2026-07-11,Catalog Mirror (Superfan)
[1] stymy stymy yuck • LOFI,open,No,GenteL RaiN,open,Angus,profile,54,97,405,0,0,2025-11-12,2026-05-11,2026-07-11,Mid-size Playlist (Repeat)
[1] stymy stymy yuck • LOFI,open,No,TechNo Lo-Fi,open,Angus,profile,54,61,453,0,0,2025-11-22,2026-05-11,2026-07-11,Mid-size Playlist (Repeat)
[1] stymy stymy yuck • LOFI,open,No,Bananasutra!,open,Angus,profile,54,452,1499,1,0,2026-04-08,2026-04-10,2026-07-11,Catalog Mirror (Superfan)
[1] stymy stymy yuck • LOFI,open,No,lofi,open,Saveli Plotnikov,profile,5,9,31,0,0,2025-04-11,2025-08-04,2026-07-11,Niche/Emerging Curator
[2] stymy stymy yuck • muse DUB,open,Yes,Bananasutra,open,Lincoln Scott,profile,0,82,270,2,0,2026-05-21,2026-05-27,2026-07-11,Mid-size Playlist (Repeat)
[2] stymy stymy yuck • muse DUB,open,Yes,&&*,open,9uzzy,profile,28,249,791,1,0,2025-12-06,2025-12-06,2026-07-11,Catalog Mirror (Superfan)
[2] stymy stymy yuck • muse DUB,open,Yes,lofi,open,Saveli Plotnikov,profile,5,9,31,0,0,2025-04-11,2025-08-04,2026-07-11,Niche/Emerging Curator
[3] Vive la Revolution Artistique (AI Fair Use Manifesto) - banjoBLUES,open,No,English 4,open,Sachin Bhavsar,profile,22,383,1877,0,0,2025-04-02,2026-06-12,2026-07-11,Generic Dump (low signal)
[2] Like a Dog in the Sky • Leonard’s Birdie BLUESsutra,open,No,Copy of BOWsutra : (Thank) Dogs,open,Jean Claude Souza,profile,44,10,35,1,0,2025-12-11,2025-12-11,2026-07-11,Niche/Emerging Curator (Repeat)
[1] Dead Dogs Deets • Emo INDIEsutra,open,No,Copy of BOWsutra : (Thank) Dogs,open,Jean Claude Souza,profile,44,10,35,1,0,2025-12-11,2025-12-11,2026-07-11,Niche/Emerging Curator (Repeat)
[3] Blessed Be the Dogs • Cappella MANTRAsutra,open,No,Copy of BOWsutra : (Thank) Dogs,open,Jean Claude Souza,profile,44,10,35,1,0,2025-12-11,2025-12-11,2026-07-11,Niche/Emerging Curator (Repeat)
[3] Blessed Be the Dogs • Cappella MANTRAsutra,open,No,songs like love potions,open,Karina Svoboda,profile,0,188,532,13,0,2025-05-24,2025-05-24,2026-07-11,Mid-size Playlist
[6] Who Needs a Big D - dubmuse Reggae DUB,open,No,Bananasutra!,open,Angus,profile,54,452,1499,1,0,2026-04-08,2026-04-10,2026-07-11,Catalog Mirror (Superfan)
[6] Who Needs a Big D - dubmuse Reggae DUB,open,No,&&*,open,9uzzy,profile,28,249,791,1,0,2025-12-06,2025-12-06,2026-07-11,Catalog Mirror (Superfan)
[6] Who Needs a Big D - dubmuse Reggae DUB,open,No,lovely,open,Hermanmartialwilliam79,profile,0,2,85,0,0,2025-02-03,2025-04-09,2026-07-11,Niche/Emerging Curator
[8] Who Needs a Big D? - Anonymous DUB,open,No,&&*,open,9uzzy,profile,28,249,791,1,0,2025-12-06,2025-12-06,2026-07-11,Catalog Mirror (Superfan)
[7] Who Needs a Big D - bruh LOFI DUB,open,No,Bananasutra!,open,Angus,profile,54,452,1499,1,0,2026-04-08,2026-04-10,2026-07-11,Catalog Mirror (Superfan)
[7] Who Needs a Big D - bruh LOFI DUB,open,No,&&*,open,9uzzy,profile,28,249,791,1,0,2025-12-06,2025-12-06,2026-07-11,Catalog Mirror (Superfan)
[1] Who Needs a Big D? OG BURLESQUE,open,Yes,Bananasutra,open,Lincoln Scott,profile,0,82,270,2,0,2026-05-21,2026-05-27,2026-07-11,Mid-size Playlist (Repeat)
[08] Dressed in Wonder • Miss Cheeky Jazzy FOLKsutra,open,No,Bananasutra!,open,Angus,profile,54,452,1499,1,0,2026-04-08,2026-04-10,2026-07-11,Catalog Mirror (Superfan)
[15] Oh My Cha Cha Cha • Accordion BURLESQUEsutra,open,Yes,Bananasutra,open,Lincoln Scott,profile,0,82,270,2,0,2026-05-21,2026-05-27,2026-07-11,Mid-size Playlist (Repeat)
[01] Dressed in Wonder • psyBLUES BANJOsutra,open,Yes,Bananasutra,open,Lincoln Scott,profile,0,82,270,2,0,2026-05-21,2026-05-27,2026-07-11,Mid-size Playlist (Repeat)
[06] Dolled Up Hon Ragga Cha Cha • Rebound DUBsutra,open,No,Bananasutra!,open,Angus,profile,54,452,1499,1,0,2026-04-08,2026-04-10,2026-07-11,Catalog Mirror (Superfan)
[4] Make your Own Bible - AnonymousJAZZ LOFI,open,No,love not hate,open,♡◇ALLSO_STARS◇♡,profile,15,10,37,2,1,2025-04-02,2025-04-06,2026-07-11,Niche/Emerging Curator
[1] Make your Own Bible - queenofauth FOLK,open,No,Bananasutra!,open,Angus,profile,54,452,1499,1,0,2026-04-08,2026-04-10,2026-07-11,Catalog Mirror (Superfan)
[3] Make your Own Bible - Burlesque Accordion JAZZ,open,No,french music,open,ichanpomsyda03,profile,1,75,236,0,0,2026-07-01,2026-07-01,2026-07-11,Mid-size Playlist
[2] Trust no one - BLOWsutra Udio ROCK,open,Yes,bananasutra,open,Fred Anderson,profile,1,445,1526,1,0,2026-07-08,2026-07-08,2026-07-11,Catalog Mirror (Superfan)
[2] Trust no one - BLOWsutra Udio ROCK,open,Yes,Junebug 2025,open,Atalya Chana,profile,10,4,12,0,0,2025-06-15,2025-07-02,2026-07-11,Niche/Emerging Curator (Repeat)
[3] Trust no one - BLOWsutra Udio ROCK,open,No,bananasutra,open,Fred Anderson,profile,1,445,1526,1,0,2026-07-08,2026-07-08,2026-07-11,Catalog Mirror (Superfan)
[1] Trust no one - BLOWsutra Suno JAZZ,open,Yes,bananasutra,open,Fred Anderson,profile,1,445,1526,1,0,2026-07-08,2026-07-08,2026-07-11,Catalog Mirror (Superfan)
[1] Trust no one - BLOWsutra Suno JAZZ,open,Yes,.,open,Ульяна Станкевич,profile,0,9,37,0,0,2025-01-29,2025-04-09,2026-07-11,Niche/Emerging Curator
[8] What's F-A-S-C-I-S-T  Welcome to the State of the not so Free (AD) - JAZZ LOFI,open,No,Bananasutra!,open,Angus,profile,54,452,1499,1,0,2026-04-08,2026-04-10,2026-07-11,Catalog Mirror (Superfan)
[7] What's F-A-S-C-I-S-T  Welcome to the State of the not so Free (psyTenor) - BURLESQUE,open,No,Bananasutra!,open,Angus,profile,54,452,1499,1,0,2026-04-08,2026-04-10,2026-07-11,Catalog Mirror (Superfan)
[2] What's Fascist - My song is a little bit Snarky (CATjazz) - BURLESQUE,open,No,bananasutra,open,Fred Anderson,profile,1,445,1526,1,0,2026-07-08,2026-07-08,2026-07-11,Catalog Mirror (Superfan)
[4] MAKA MAKA - Oh Hey Folk BANJOsutra,open,Yes,Bananasutra!,open,Angus,profile,54,452,1499,1,0,2026-04-08,2026-04-10,2026-07-11,Catalog Mirror (Superfan)
[1] MAKA MAKA (mark my words) • Destiny BLUESsutra,open,No,for the road,open,BlueAngel Al-Qahtani,profile,0,35,144,0,0,2025-08-15,2026-03-13,2026-07-11,Mid-size Playlist
[4] MAHA • Make America Humane Again • Accordion CAT BURLESQUEsutra,open,Yes,bananasutra,open,Fred Anderson,profile,1,445,1526,1,0,2026-07-08,2026-07-08,2026-07-11,Catalog Mirror (Superfan)
[4] MAHA • Make America Humane Again • Accordion CAT BURLESQUEsutra,open,Yes,Bananasutra,open,Lincoln Scott,profile,0,82,270,2,0,2026-05-21,2026-05-27,2026-07-11,Mid-size Playlist (Repeat)
[4] MAHA • Make America Humane Again • Accordion CAT BURLESQUEsutra,open,Yes,سیگار,open,rukia,profile,1,9,34,0,0,2025-03-20,2025-03-27,2026-07-11,Niche/Emerging Curator
[4] MAHA • Make America Humane Again • Accordion CAT BURLESQUEsutra,open,Yes,Other,open,coitroos,profile,3,27,122,1,0,2021-03-16,2025-05-30,2026-07-11,Niche/Emerging Curator (Repeat)
[5] MAHA • Make America Humane Again • Authentic Banjo FOLKsutra,open,Yes,Bananasutra!,open,Angus,profile,54,452,1499,1,0,2026-04-08,2026-04-10,2026-07-11,Catalog Mirror (Superfan)
[5] MAHA • Make America Humane Again • Authentic Banjo FOLKsutra,open,Yes,نی نی,open,Nikki.nami,profile,0,43,162,0,0,2023-06-29,2026-06-29,2026-07-11,Mid-size Playlist
[6] MAHA • Make America Humane Again • DUBsutra,open,No,Bananasutra!,open,Angus,profile,54,452,1499,1,0,2026-04-08,2026-04-10,2026-07-11,Catalog Mirror (Superfan)
[8] MAHA • Make America Humane Again • Weary BLUESsutra,open,No,سیگار,open,rukia,profile,1,9,34,0,0,2025-03-20,2025-03-27,2026-07-11,Niche/Emerging Curator
Etymologic Weaponry DUBsutra 4,open,No,Bananasutra!,open,Angus,profile,54,452,1499,1,0,2026-04-08,2026-04-10,2026-07-11,Catalog Mirror (Superfan)
Yeah I'm dropping (F)Bombs - Dub Muse INDIEsutra,open,No,Bananasutra!,open,Angus,profile,54,452,1499,1,0,2026-04-08,2026-04-10,2026-07-11,Catalog Mirror (Superfan)
Yeah I'm dropping (F)Bombs DUBsutra 1,open,No,&&*,open,9uzzy,profile,28,249,791,1,0,2025-12-06,2025-12-06,2026-07-11,Catalog Mirror (Superfan)
F-Bomb  Gipsy BRUHsutra,open,No,&&*,open,9uzzy,profile,28,249,791,1,0,2025-12-06,2025-12-06,2026-07-11,Catalog Mirror (Superfan)
[7] Project 2025 Vol. 2  ☠ Why You Lie (to the People's face) ☠ Drum LOFIsutra,open,No,Bananasutra!,open,Angus,profile,54,452,1499,1,0,2026-04-08,2026-04-10,2026-07-11,Catalog Mirror (Superfan)
[5] Project 2025 Vol. 2  ☠ Why You Lie (to the People's face) ☠ Ragga DUBsutra,open,No,&&*,open,9uzzy,profile,28,249,791,1,0,2025-12-06,2025-12-06,2026-07-11,Catalog Mirror (Superfan)
[2] Project 2025 Vol. 2  ☠ Why You Lie (to the People's face) ☠ Indie BURLESQUEsutra,open,No,2000 wut,open,User 383265021,profile,13,43,494,0,0,2024-12-30,2025-07-20,2026-07-11,Mid-size Playlist (Repeat)
[1] Project 2025 Vol. 2  ☠ Why You Lie (to the People's face) ☠ Accordion BURLESQUE,open,No,lies,open,Kan Oc,profile,0,1,6,0,0,2025-03-02,2025-03-02,2026-07-11,Niche/Emerging Curator
[6] Step into Russel's rhythm (1) • DUBsutra,open,No,&&*,open,9uzzy,profile,28,249,791,1,0,2025-12-06,2025-12-06,2026-07-11,Catalog Mirror (Superfan)
[3] Question Di Kingdom (2) • RAGGAsutra,open,Yes,Bananasutra!,open,Angus,profile,54,452,1499,1,0,2026-04-08,2026-04-10,2026-07-11,Catalog Mirror (Superfan)
[3] Question Di Kingdom (2) • RAGGAsutra,open,Yes,&&*,open,9uzzy,profile,28,249,791,1,0,2025-12-06,2025-12-06,2026-07-11,Catalog Mirror (Superfan)
[3] Question Di Kingdom (2) • RAGGAsutra,open,Yes,Donn,open,Helio Correa,profile,4,37,133,1,0,2025-11-28,2026-02-03,2026-07-11,Mid-size Playlist
[4] Question Di Kingdom (1) • RAGGAsutrawav,open,Yes,Bananasutra!,open,Angus,profile,54,452,1499,1,0,2026-04-08,2026-04-10,2026-07-11,Catalog Mirror (Superfan)
[4] Question Di Kingdom (1) • RAGGAsutrawav,open,Yes,&&*,open,9uzzy,profile,28,249,791,1,0,2025-12-06,2025-12-06,2026-07-11,Catalog Mirror (Superfan)
[4] Question Di Kingdom (1) • RAGGAsutrawav,open,Yes,Reguecito,open,Fabricio Hidalgo,profile,10,8,32,0,0,2025-03-15,2025-04-19,2026-07-11,Niche/Emerging Curator
[4] Question Di Kingdom (1) • RAGGAsutrawav,open,Yes,2025 🕊️,open,Luanke Dorival Corrêa,profile,1,12,116,0,0,2025-01-26,2025-04-03,2026-07-11,Niche/Emerging Curator
"[2]  Chains wide, with Russel • LOFIsutra",open,No,Bananasutra!,open,Angus,profile,54,452,1499,1,0,2026-04-08,2026-04-10,2026-07-11,Catalog Mirror (Superfan)
[8] Reason fi di win • RAGGAsutra,open,Yes,Bananasutra!,open,Angus,profile,54,452,1499,1,0,2026-04-08,2026-04-10,2026-07-11,Catalog Mirror (Superfan)
[8] Reason fi di win • RAGGAsutra,open,Yes,&&*,open,9uzzy,profile,28,249,791,1,0,2025-12-06,2025-12-06,2026-07-11,Catalog Mirror (Superfan)
[7] Step into Russel's rhythm (2) • DUBsutra,open,No,Bananasutra!,open,Angus,profile,54,452,1499,1,0,2026-04-08,2026-04-10,2026-07-11,Catalog Mirror (Superfan)
[7] Step into Russel's rhythm (2) • DUBsutra,open,No,&&*,open,9uzzy,profile,28,249,791,1,0,2025-12-06,2025-12-06,2026-07-11,Catalog Mirror (Superfan)
[5] Dubbin' for Freedom • DUBsutra,open,Yes,Bananasutra!,open,Angus,profile,54,452,1499,1,0,2026-04-08,2026-04-10,2026-07-11,Catalog Mirror (Superfan)
[5] Dubbin' for Freedom • DUBsutra,open,Yes,&&*,open,9uzzy,profile,28,249,791,1,0,2025-12-06,2025-12-06,2026-07-11,Catalog Mirror (Superfan)
[5] Dubbin' for Freedom • DUBsutra,open,Yes,Easy,open,coitroos,profile,3,55,430,1,0,2021-06-09,2026-06-28,2026-07-11,Mid-size Playlist (Repeat)
[9] Reason fi di win • RAGGAsutra,open,No,&&*,open,9uzzy,profile,28,249,791,1,0,2025-12-06,2025-12-06,2026-07-11,Catalog Mirror (Superfan)
GROCK (Bleak Biased Bollocks) Awareness Initiative: Accountable Innovation means Authentic Integrity,open,No,bananasutra,open,Fred Anderson,profile,1,445,1526,1,0,2026-07-08,2026-07-08,2026-07-11,Catalog Mirror (Superfan)
Liars • Piano INDIEsutra,open,No,bananasutra,open,Fred Anderson,profile,1,445,1526,1,0,2026-07-08,2026-07-08,2026-07-11,Catalog Mirror (Superfan)
Shady Fools • FOLKsutra,open,Yes,bananasutra,open,Fred Anderson,profile,1,445,1526,1,0,2026-07-08,2026-07-08,2026-07-11,Catalog Mirror (Superfan)
Shady Fools • FOLKsutra,open,Yes,Bananasutra,open,Lincoln Scott,profile,0,82,270,2,0,2026-05-21,2026-05-27,2026-07-11,Mid-size Playlist (Repeat)
[7] Shades of Fools • All I know is I dunno • Ragga DUBsutra High,open,Yes,Bananasutra!,open,Angus,profile,54,452,1499,1,0,2026-04-08,2026-04-10,2026-07-11,Catalog Mirror (Superfan)
[7] Shades of Fools • All I know is I dunno • Ragga DUBsutra High,open,Yes,Island vibes🍃😮‍💨,open,Ukiah,profile,1,60,234,1,0,2024-07-12,2025-04-09,2026-07-11,Mid-size Playlist
[1] Shades of Fools •  All I know is I dunno • Accordion BURLESQUEsutra (1),open,No,Bananasutra!,open,Angus,profile,54,452,1499,1,0,2026-04-08,2026-04-10,2026-07-11,Catalog Mirror (Superfan)
[6] Shades of Fools • All I know is I dunno • Fastass BANJOsutra,open,Yes,Normal,open,TomNorway🇳🇴,profile,5,97,359,2,0,2026-03-27,2026-05-12,2026-07-11,Mid-size Playlist (Repeat)
Creepy Con Meme • Ducky LOFIsutra,open,No,jazzzz 🎷,open,Natho,profile,4,16,77,0,0,2025-11-01,2026-02-04,2026-07-11,Niche/Emerging Curator (Repeat)
Creepy Con Meme • Dicky DUBsutra,open,Yes,Bananasutra,open,Lincoln Scott,profile,0,82,270,2,0,2026-05-21,2026-05-27,2026-07-11,Mid-size Playlist (Repeat)
Creepy Con Meme • Dicky DUBsutra,open,Yes,Bananasutra!,open,Angus,profile,54,452,1499,1,0,2026-04-08,2026-04-10,2026-07-11,Catalog Mirror (Superfan)
Creepy Con Meme • Dicky DUBsutra,open,Yes,&&*,open,9uzzy,profile,28,249,791,1,0,2025-12-06,2025-12-06,2026-07-11,Catalog Mirror (Superfan)
Creepy Con Meme • Dicky DUBsutra,open,Yes,Donn,open,Helio Correa,profile,4,37,133,1,0,2025-11-28,2026-02-03,2026-07-11,Mid-size Playlist
MASA MASA • Contrabass DUBsutra (2),open,No,Bananasutra!,open,Angus,profile,54,452,1499,1,0,2026-04-08,2026-04-10,2026-07-11,Catalog Mirror (Superfan)
MASA MASA • Contrabass DUBsutra (2),open,No,&&*,open,9uzzy,profile,28,249,791,1,0,2025-12-06,2025-12-06,2026-07-11,Catalog Mirror (Superfan)
MASA MASA • Contrabass DUBsutra (2),open,No,весна★²⁵,open,Миланка,profile,0,36,142,0,0,2025-02-22,2025-06-03,2026-07-11,Mid-size Playlist
MASA MASA • Booya BANJOsutra,open,No,get. piseiro,open,Getulio,profile,0,2,15,0,0,2024-07-14,2025-02-22,2026-07-11,Niche/Emerging Curator
MASA MASA • Contrabass DUBsutra (1),open,No,&&*,open,9uzzy,profile,28,249,791,1,0,2025-12-06,2025-12-06,2026-07-11,Catalog Mirror (Superfan)
Oh the mask they wear • CIRCUSsutra,open,No,bananasutra,open,Fred Anderson,profile,1,445,1526,1,0,2026-07-08,2026-07-08,2026-07-11,Catalog Mirror (Superfan)
Tell the Truth • JAZZsutra,open,No,Bananasutra!,open,Angus,profile,54,452,1499,1,0,2026-04-08,2026-04-10,2026-07-11,Catalog Mirror (Superfan)
"Pro-Life Means What, Honey • Banjo BLUESsutra (3)",open,No,Bananasutra!,open,Angus,profile,54,452,1499,1,0,2026-04-08,2026-04-10,2026-07-11,Catalog Mirror (Superfan)
"Pro-Life Means What, Honey • Reggae DUBsutra (1)",open,No,Bananasutra!,open,Angus,profile,54,452,1499,1,0,2026-04-08,2026-04-10,2026-07-11,Catalog Mirror (Superfan)
"Pro-Life Means What, Honey • Reggae DUBsutra (1)",open,No,&&*,open,9uzzy,profile,28,249,791,1,0,2025-12-06,2025-12-06,2026-07-11,Catalog Mirror (Superfan)
"Pro-Life Means What, Honey • Jazzy Mantra DUBsutra (2)",open,Yes,Bananasutra,open,Lincoln Scott,profile,0,82,270,2,0,2026-05-21,2026-05-27,2026-07-11,Mid-size Playlist (Repeat)
"Pro-Life Means What, Honey • Jazzy Mantra DUBsutra (2)",open,Yes,Bananasutra!,open,Angus,profile,54,452,1499,1,0,2026-04-08,2026-04-10,2026-07-11,Catalog Mirror (Superfan)
"Pro-Life Means What, Honey • Jazzy Mantra DUBsutra (2)",open,Yes,&&*,open,9uzzy,profile,28,249,791,1,0,2025-12-06,2025-12-06,2026-07-11,Catalog Mirror (Superfan)
"Pro-Life Means What, Honey • Jazzy Mantra DUBsutra (2)",open,Yes,Dubatron,open,krwgr.malvado,profile,18,105,594,0,0,2025-01-10,2026-07-09,2026-07-11,Mid-size Playlist (Repeat)
"Pro-Life Means What, Honey • Jazzy Mantra DUBsutra (2)",open,Yes,ChillaxWiddaBittaWax,open,krwgr.malvado,profile,18,211,823,1,0,2025-01-09,2026-02-14,2026-07-11,Generic Dump (low signal)
ABC Of Kindness - A Is For Always Speak From Your Heart - DUBsutra (1),open,Yes,&&*,open,9uzzy,profile,28,249,791,1,0,2025-12-06,2025-12-06,2026-07-11,Catalog Mirror (Superfan)
ABC Of Kindness - A Is For Always Speak From Your Heart - DUBsutra (2),open,No,ABC 260526,open,Drol Ceodir,profile,5,28,128,0,0,2026-05-26,2026-05-29,2026-07-11,Niche/Emerging Curator
ABC Of Kindness - A Is For Always Speak From Your Heart - DUBsutra (2),open,No,Bananasutra!,open,Angus,profile,54,452,1499,1,0,2026-04-08,2026-04-10,2026-07-11,Catalog Mirror (Superfan)
ABC Of Kindness - A Is For Always Speak From Your Heart - DUBsutra (2),open,No,&&*,open,9uzzy,profile,28,249,791,1,0,2025-12-06,2025-12-06,2026-07-11,Catalog Mirror (Superfan)
ABC Of Kindness - A Is For Apologize - DUBsutra (2),open,No,Bananasutra!,open,Angus,profile,54,452,1499,1,0,2026-04-08,2026-04-10,2026-07-11,Catalog Mirror (Superfan)
ABC Of Kindness - A Is For Apologize - DUBsutra (2),open,No,&&*,open,9uzzy,profile,28,249,791,1,0,2025-12-06,2025-12-06,2026-07-11,Catalog Mirror (Superfan)
ABC Of Kindness - A Is Ask - DUBsutra (1),open,No,&&*,open,9uzzy,profile,28,249,791,1,0,2025-12-06,2025-12-06,2026-07-11,Catalog Mirror (Superfan)
ABC Of Kindness - A Is Ask - DUBsutra (2),open,No,&&*,open,9uzzy,profile,28,249,791,1,0,2025-12-06,2025-12-06,2026-07-11,Catalog Mirror (Superfan)
ABC Of Kindness - A Is For Ask - DUBsutra (3),open,No,&&*,open,9uzzy,profile,28,249,791,1,0,2025-12-06,2025-12-06,2026-07-11,Catalog Mirror (Superfan)
ABC Of Kindness - A Is For Ask - DUBsutra (4),open,No,&&*,open,9uzzy,profile,28,249,791,1,0,2025-12-06,2025-12-06,2026-07-11,Catalog Mirror (Superfan)
ABC Of Kindness - A Is For Always Speak From Your Heart - Drum MANTRAsutra,open,No,Bananasutra!,open,Angus,profile,54,452,1499,1,0,2026-04-08,2026-04-10,2026-07-11,Catalog Mirror (Superfan)
Liberty • Tribute to Victor Hugo’s Revolutionary Poetry • DUBsutra,open,Yes,bananasutra,open,Fred Anderson,profile,1,445,1526,1,0,2026-07-08,2026-07-08,2026-07-11,Catalog Mirror (Superfan)
Liberty • Tribute to Victor Hugo’s Revolutionary Poetry • DUBsutra,open,Yes,canciones bonitas,open,Carmen Gutiérrez Luengo (CACTUS),profile,24,102,426,0,0,2025-01-15,2026-07-03,2026-07-11,Mid-size Playlist (Repeat)
Liberty • Tribute to Victor Hugo’s Revolutionary Poetry • DUBsutra,open,Yes,tribal,open,Carmen Gutiérrez Luengo (CACTUS),profile,24,75,322,0,0,2026-02-11,2026-06-11,2026-07-11,Mid-size Playlist (Repeat)
Liberty • Tribute to Victor Hugo’s Revolutionary Poetry • DUBsutra,open,Yes,Bananasutra!,open,Angus,profile,54,452,1499,1,0,2026-04-08,2026-04-10,2026-07-11,Catalog Mirror (Superfan)
Liberty • Tribute to Victor Hugo’s Revolutionary Poetry • DUBsutra,open,Yes,BiG AL🙏,open,Angus,profile,54,121,497,0,0,2025-07-29,2026-05-11,2026-07-11,Mid-size Playlist (Repeat)
Liberty • Tribute to Victor Hugo’s Revolutionary Poetry • DUBsutra,open,Yes,CaSSia,open,Angus,profile,54,98,474,0,0,2026-02-01,2026-05-10,2026-07-11,Mid-size Playlist (Repeat)
Liberty • Tribute to Victor Hugo’s Revolutionary Poetry • DUBsutra,open,Yes,Lounge Inn 🏝️,open,Angus,profile,54,62,266,0,0,2025-11-10,2026-04-08,2026-07-11,Mid-size Playlist (Repeat)
Liberty • Tribute to Victor Hugo’s Revolutionary Poetry • DUBsutra,open,Yes,GenteL RaiN,open,Angus,profile,54,97,405,0,0,2025-11-12,2026-05-11,2026-07-11,Mid-size Playlist (Repeat)
Liberty • Tribute to Victor Hugo’s Revolutionary Poetry • DUBsutra,open,Yes,RaiNy dAyz!,open,Angus,profile,54,62,243,0,0,2025-11-11,2026-04-08,2026-07-11,Mid-size Playlist (Repeat)
Liberty • Tribute to Victor Hugo’s Revolutionary Poetry • DUBsutra,open,Yes,Late Morning Beats,open,Angus,profile,54,123,532,0,0,2026-01-30,2026-05-10,2026-07-11,Mid-size Playlist (Repeat)
Liberty • Tribute to Victor Hugo’s Revolutionary Poetry • DUBsutra,open,Yes,Religión,open,Carmen Gutiérrez Luengo (CACTUS),profile,24,68,536,0,0,2025-11-08,2026-02-23,2026-07-11,Mid-size Playlist (Repeat)
Liberty • Tribute to Victor Hugo’s Revolutionary Poetry • DUBsutra,open,Yes,&&*,open,9uzzy,profile,28,249,791,1,0,2025-12-06,2025-12-06,2026-07-11,Catalog Mirror (Superfan)
Wet Peaches • Blues BANJOsutra,open,Yes,2025,open,Citizen Twain,profile,349,337,1203,0,0,2025-12-24,2025-12-24,2026-07-11,Generic Dump (low signal)
Wet Peaches • Blues BANJOsutra,open,Yes,グッドミュージック軍団,open,Ryuji Saito,profile,19,174,699,1,0,2018-11-21,2025-11-11,2026-07-11,Mid-size Playlist
Wet Peaches • DUBsutra (1),open,No,&&*,open,9uzzy,profile,28,249,791,1,0,2025-12-06,2025-12-06,2026-07-11,Catalog Mirror (Superfan)
Wet Peaches • DUBsutra (2),open,No,Copy of GGG,open,ДашаБукина,profile,0,226,744,0,0,2026-03-31,2026-04-06,2026-07-11,Generic Dump (low signal)
Wet Peaches • DUBsutra (2),open,No,Copy of GGG,open,ДашаБукина,profile,0,223,733,0,0,2026-01-27,2026-04-06,2026-07-11,Generic Dump (low signal)
Wet Peaches • DUBsutra (2),open,No,&&*,open,9uzzy,profile,28,249,791,1,0,2025-12-06,2025-12-06,2026-07-11,Catalog Mirror (Superfan)
Wet Peaches • DUBsutra (2),open,No,на Вайбе,open,itnmilif,profile,1,37,113,0,0,2025-01-30,2026-05-26,2026-07-11,Mid-size Playlist
Wet Peaches • DUBsutra (3),open,No,Bananasutra!,open,Angus,profile,54,452,1499,1,0,2026-04-08,2026-04-10,2026-07-11,Catalog Mirror (Superfan)
Wet Peaches • DUBsutra (3),open,No,&&*,open,9uzzy,profile,28,249,791,1,0,2025-12-06,2025-12-06,2026-07-11,Catalog Mirror (Superfan)
A Man’s A Man For A’ That • Revolution MANTRAsutra (2),open,No,Bananasutra!,open,Angus,profile,54,452,1499,1,0,2026-04-08,2026-04-10,2026-07-11,Catalog Mirror (Superfan)
Kindness - Psychedelic INDIEsutra,open,No,Bananasutra!,open,Angus,profile,54,452,1499,1,0,2026-04-08,2026-04-10,2026-07-11,Catalog Mirror (Superfan)
Kindness - Psychedelic INDIEsutra,open,No,my life,open,Emma Blair,profile,13,13,66,1,0,2024-02-13,2025-04-22,2026-07-11,Niche/Emerging Curator
Kindness Matters • DUBsutra,open,No,Bananasutra!,open,Angus,profile,54,452,1499,1,0,2026-04-08,2026-04-10,2026-07-11,Catalog Mirror (Superfan)
[5] Serial Twatters (what the twat?) • RAGGA DUB,open,No,bananasutra,open,Fred Anderson,profile,1,445,1526,1,0,2026-07-08,2026-07-08,2026-07-11,Catalog Mirror (Superfan)
[5] Serial Twatters (what the twat?) • RAGGA DUB,open,No,&&*,open,9uzzy,profile,28,249,791,1,0,2025-12-06,2025-12-06,2026-07-11,Catalog Mirror (Superfan)
[2] Serial BLOWERS (now twat?) • DUBsutra,open,No,bananasutra,open,Fred Anderson,profile,1,445,1526,1,0,2026-07-08,2026-07-08,2026-07-11,Catalog Mirror (Superfan)
[2] Serial BLOWERS (now twat?) • DUBsutra,open,No,Bananasutra!,open,Angus,profile,54,452,1499,1,0,2026-04-08,2026-04-10,2026-07-11,Catalog Mirror (Superfan)
[2] Serial BLOWERS (now twat?) • DUBsutra,open,No,&&*,open,9uzzy,profile,28,249,791,1,0,2025-12-06,2025-12-06,2026-07-11,Catalog Mirror (Superfan)
[2] Serial BLOWERS (now twat?) • DUBsutra,open,No,Reggae🏝️,open,Zekkends,profile,10,22,88,0,0,2023-11-06,2025-07-18,2026-07-11,Niche/Emerging Curator
[7] Serial Bullies • DUBmuse à la Flamenco Techno (Drums Gone Wild > 120bpm),open,No,bananasutra,open,Fred Anderson,profile,1,445,1526,1,0,2026-07-08,2026-07-08,2026-07-11,Catalog Mirror (Superfan)
[4] Serial BLOWERS (what the twat?) • psyRAGGA DUBsutra,open,No,bananasutra,open,Fred Anderson,profile,1,445,1526,1,0,2026-07-08,2026-07-08,2026-07-11,Catalog Mirror (Superfan)
[4] Serial BLOWERS (what the twat?) • psyRAGGA DUBsutra,open,No,Bananasutra!,open,Angus,profile,54,452,1499,1,0,2026-04-08,2026-04-10,2026-07-11,Catalog Mirror (Superfan)
[4] Serial BLOWERS (what the twat?) • psyRAGGA DUBsutra,open,No,&&*,open,9uzzy,profile,28,249,791,1,0,2025-12-06,2025-12-06,2026-07-11,Catalog Mirror (Superfan)
[3] Serial BLOWerrrs (now Twat?) • psyDUBsutra,open,No,bananasutra,open,Fred Anderson,profile,1,445,1526,1,0,2026-07-08,2026-07-08,2026-07-11,Catalog Mirror (Superfan)
[3] Serial BLOWerrrs (now Twat?) • psyDUBsutra,open,No,&&*,open,9uzzy,profile,28,249,791,1,0,2025-12-06,2025-12-06,2026-07-11,Catalog Mirror (Superfan)
[3] Serial BLOWerrrs (now Twat?) • psyDUBsutra,open,No,RåñÐðm §hï†,open,B00FKILLA,profile,100,421,1197,2,0,2020-09-30,2026-07-09,2026-07-11,Generic Dump (low signal)
[6] Serial TWATors (BLOWerrrs) • RAGGA DUBsutra,open,No,bananasutra,open,Fred Anderson,profile,1,445,1526,1,0,2026-07-08,2026-07-08,2026-07-11,Catalog Mirror (Superfan)
[6] Serial TWATors (BLOWerrrs) • RAGGA DUBsutra,open,No,Bananasutra!,open,Angus,profile,54,452,1499,1,0,2026-04-08,2026-04-10,2026-07-11,Catalog Mirror (Superfan)
[6] Serial TWATors (BLOWerrrs) • RAGGA DUBsutra,open,No,&&*,open,9uzzy,profile,28,249,791,1,0,2025-12-06,2025-12-06,2026-07-11,Catalog Mirror (Superfan)
[1] Serial BLOWERS (now twat?) • DUBsutra,open,Yes,bananasutra,open,Fred Anderson,profile,1,445,1526,1,0,2026-07-08,2026-07-08,2026-07-11,Catalog Mirror (Superfan)
[1] Serial BLOWERS (now twat?) • DUBsutra,open,Yes,Bananasutra,open,Lincoln Scott,profile,0,82,270,2,0,2026-05-21,2026-05-27,2026-07-11,Mid-size Playlist (Repeat)
[1] Serial BLOWERS (now twat?) • DUBsutra,open,Yes,&&*,open,9uzzy,profile,28,249,791,1,0,2025-12-06,2025-12-06,2026-07-11,Catalog Mirror (Superfan)
Project 2-0-2-5 • Ducky BLUESsutra,open,No,bananasutra,open,Fred Anderson,profile,1,445,1526,1,0,2026-07-08,2026-07-08,2026-07-11,Catalog Mirror (Superfan)
Project 2-0-2-5 • Ducky BLUESsutra,open,No,Bananasutra!,open,Angus,profile,54,452,1499,1,0,2026-04-08,2026-04-10,2026-07-11,Catalog Mirror (Superfan)
Project 2-0-2-5 • Wonky BLUESutra,open,No,bananasutra,open,Fred Anderson,profile,1,445,1526,1,0,2026-07-08,2026-07-08,2026-07-11,Catalog Mirror (Superfan)
Project 2-0-2-5 • Wonky BLUESutra,open,No,Bananasutra!,open,Angus,profile,54,452,1499,1,0,2026-04-08,2026-04-10,2026-07-11,Catalog Mirror (Superfan)
Project 2-0-2-5 • Honky INDIEsutra,open,No,bananasutra,open,Fred Anderson,profile,1,445,1526,1,0,2026-07-08,2026-07-08,2026-07-11,Catalog Mirror (Superfan)
Project 2-0-2-5 • Honky INDIEsutra,open,No,Normal,open,TomNorway🇳🇴,profile,5,97,359,2,0,2026-03-27,2026-05-12,2026-07-11,Mid-size Playlist (Repeat)
Project 2-0-2-5 • Honky INDIEsutra,open,No,Bananasutra!,open,Angus,profile,54,452,1499,1,0,2026-04-08,2026-04-10,2026-07-11,Catalog Mirror (Superfan)
Project 2-0-2-5 • Bully FOLKsutra,open,No,bananasutra,open,Fred Anderson,profile,1,445,1526,1,0,2026-07-08,2026-07-08,2026-07-11,Catalog Mirror (Superfan)
Project 2-0-2-5 • Tonky BLUESsutra,open,No,bananasutra,open,Fred Anderson,profile,1,445,1526,1,0,2026-07-08,2026-07-08,2026-07-11,Catalog Mirror (Superfan)
Project 2-0-2-5 • Folksy DUBsutra,open,No,bananasutra,open,Fred Anderson,profile,1,445,1526,1,0,2026-07-08,2026-07-08,2026-07-11,Catalog Mirror (Superfan)
Project 2-0-2-5 • Folksy DUBsutra,open,No,&&*,open,9uzzy,profile,28,249,791,1,0,2025-12-06,2025-12-06,2026-07-11,Catalog Mirror (Superfan)
Project 2-0-2-5 • Dummy FOLKsutra,open,Yes,bananasutra,open,Fred Anderson,profile,1,445,1526,1,0,2026-07-08,2026-07-08,2026-07-11,Catalog Mirror (Superfan)
Project 2-0-2-5 • Dummy FOLKsutra,open,Yes,Banana Sutra,open,3rd Ear,profile,1496,7,22,0,0,2026-01-13,2026-04-19,2026-07-11,Priority Curator
Up a San Francisco Hill • dubby FOLKsutra,open,No,ФОН,open,Олександр Хомут,profile,4,16,67,0,0,2025-05-21,2025-11-03,2026-07-11,Niche/Emerging Curator (Repeat)
Up a San Francisco Hill • dubby FOLKsutra,open,No,Summer evening ✨️ ☀️,open,Олександр Хомут,profile,4,6,16,0,0,2025-04-02,2025-04-07,2026-07-11,Niche/Emerging Curator (Repeat)
Up A San Francisco Hill • DUBsutra • Humble Hippie Dub Dub Dreams,open,No,Bananasutra!,open,Angus,profile,54,452,1499,1,0,2026-04-08,2026-04-10,2026-07-11,Catalog Mirror (Superfan)
Up A San Francisco Hill • DUBsutra • Humble Hippie Dub Dub Dreams,open,No,&&*,open,9uzzy,profile,28,249,791,1,0,2025-12-06,2025-12-06,2026-07-11,Catalog Mirror (Superfan)
Woke-N-Whack-A-Musk ☆ BLUESsutra (1),open,Yes,bananasutra,open,Fred Anderson,profile,1,445,1526,1,0,2026-07-08,2026-07-08,2026-07-11,Catalog Mirror (Superfan)
Woke-N-Whack-A-Musk ☆ BLUESsutra (1),open,Yes,Bananasutra,open,Lincoln Scott,profile,0,82,270,2,0,2026-05-21,2026-05-27,2026-07-11,Mid-size Playlist (Repeat)
Woke-N-Whack-A-Musk ☆ BLUESsutra (1),open,Yes,سیگار,open,rukia,profile,1,9,34,0,0,2025-03-20,2025-03-27,2026-07-11,Niche/Emerging Curator
Woke-N-Whack-A-Musk ☆ BLUESsutra (2),open,Yes,bananasutra,open,Fred Anderson,profile,1,445,1526,1,0,2026-07-08,2026-07-08,2026-07-11,Catalog Mirror (Superfan)
Woke-N-Whack-A-Musk ☆ BLUESsutra (2),open,Yes,Bananasutra,open,Lincoln Scott,profile,0,82,270,2,0,2026-05-21,2026-05-27,2026-07-11,Mid-size Playlist (Repeat)
Woke-N-Whack-A-Musk ☆ DUBsutra (1),open,No,bananasutra,open,Fred Anderson,profile,1,445,1526,1,0,2026-07-08,2026-07-08,2026-07-11,Catalog Mirror (Superfan)
Woke-N-Whack-A-Musk ☆ DUBsutra (1),open,No,Bananasutra!,open,Angus,profile,54,452,1499,1,0,2026-04-08,2026-04-10,2026-07-11,Catalog Mirror (Superfan)
Woke-N-Whack-A-Musk ☆ DUBsutra (2),open,Yes,bananasutra,open,Fred Anderson,profile,1,445,1526,1,0,2026-07-08,2026-07-08,2026-07-11,Catalog Mirror (Superfan)
Woke-N-Whack-A-Musk ☆ DUBsutra (2),open,Yes,Bananasutra!,open,Angus,profile,54,452,1499,1,0,2026-04-08,2026-04-10,2026-07-11,Catalog Mirror (Superfan)
Woke-N-Whack-A-Musk ☆ DUBsutra (2),open,Yes,&&*,open,9uzzy,profile,28,249,791,1,0,2025-12-06,2025-12-06,2026-07-11,Catalog Mirror (Superfan)
Double (decking) Standards VOL. 1 • BURLESQUEsutra,open,No,bananasutra,open,Fred Anderson,profile,1,445,1526,1,0,2026-07-08,2026-07-08,2026-07-11,Catalog Mirror (Superfan)
Double (decking) Standards VOL. 1 • BURLESQUEsutra,open,No,Bananasutra!,open,Angus,profile,54,452,1499,1,0,2026-04-08,2026-04-10,2026-07-11,Catalog Mirror (Superfan)
Double (decking) Standards VOL. 1 • BURLESQUEsutra,open,No,Blue  Rhythm & Blues,open,Ren🫶🏾,profile,7,299,1141,0,0,2023-07-17,2025-04-17,2026-07-11,Generic Dump (low signal)
Double (decking) Standards VOL. 1 • DUBsutra,open,Yes,Bananasutra!,open,Angus,profile,54,452,1499,1,0,2026-04-08,2026-04-10,2026-07-11,Catalog Mirror (Superfan)
Double (decking) Standards VOL. 1 • DUBsutra,open,Yes,&&*,open,9uzzy,profile,28,249,791,1,0,2025-12-06,2025-12-06,2026-07-11,Catalog Mirror (Superfan)
Double (decking) Standards VOL. 1 • DUBsutra,open,Yes,420 yfa,open,Nguyễn Hoàng Nhật,profile,4,10,32,0,0,2025-09-16,2025-09-18,2026-07-11,Niche/Emerging Curator (Repeat)
Double (decking) Standards VOL. 1 • DUBsutra,open,Yes,reggae,open,Pata Hernandez,profile,0,4,13,0,0,2025-01-21,2025-01-30,2026-07-11,Niche/Emerging Curator
Double (decking) Standards VOL. 1 • Piano BURLESQUEsutra,open,No,bananasutra,open,Fred Anderson,profile,1,445,1526,1,0,2026-07-08,2026-07-08,2026-07-11,Catalog Mirror (Superfan)
"Banana Jokes, Making Us Laugh • Psychedelic DUBsutra",open,No,Bananasutra!,open,Angus,profile,54,452,1499,1,0,2026-04-08,2026-04-10,2026-07-11,Catalog Mirror (Superfan)
"Banana Jokes, Making Us Laugh • Psychedelic DUBsutra",open,No,&&*,open,9uzzy,profile,28,249,791,1,0,2025-12-06,2025-12-06,2026-07-11,Catalog Mirror (Superfan)
Let’s Do It • Public Domain Lyrics • JAZZsutra 1,open,Yes,Bananasutra,open,Lincoln Scott,profile,0,82,270,2,0,2026-05-21,2026-05-27,2026-07-11,Mid-size Playlist (Repeat)
Let’s Do It • Public Domain Lyrics • JAZZsutra 3,open,Yes,Bananasutra,open,Lincoln Scott,profile,0,82,270,2,0,2026-05-21,2026-05-27,2026-07-11,Mid-size Playlist (Repeat)
Poetry Matters • Folk DUBsutra,open,No,&&*,open,9uzzy,profile,28,249,791,1,0,2025-12-06,2025-12-06,2026-07-11,Catalog Mirror (Superfan)
Poetry Matters • LOFI DUBsutra,open,Yes,Bananasutra,open,Lincoln Scott,profile,0,82,270,2,0,2026-05-21,2026-05-27,2026-07-11,Mid-size Playlist (Repeat)
Poetry Matters • LOFI DUBsutra,open,Yes,Bananasutra!,open,Angus,profile,54,452,1499,1,0,2026-04-08,2026-04-10,2026-07-11,Catalog Mirror (Superfan)
Poetry Matters • LOFI DUBsutra,open,Yes,&&*,open,9uzzy,profile,28,249,791,1,0,2025-12-06,2025-12-06,2026-07-11,Catalog Mirror (Superfan)
Poetry Matters • LOFI DUBsutra,open,Yes,ROBINEAU ART Space,open,Patrick Robineau,profile,57,56,437,0,0,2024-11-17,2025-11-18,2026-07-11,Mid-size Playlist
i did the math and everything is stupid • INDIEsutra,open,No,Bananasutra!,open,Angus,profile,54,452,1499,1,0,2026-04-08,2026-04-10,2026-07-11,Catalog Mirror (Superfan)
Poetry Matters (I believe) DUBsutra,open,No,Bananasutra!,open,Angus,profile,54,452,1499,1,0,2026-04-08,2026-04-10,2026-07-11,Catalog Mirror (Superfan)
Poetry Matters (I believe) DUBsutra,open,No,&&*,open,9uzzy,profile,28,249,791,1,0,2025-12-06,2025-12-06,2026-07-11,Catalog Mirror (Superfan)
A stroll down history’s lane • Mantra DUBsutra,open,No,Bananasutra!,open,Angus,profile,54,452,1499,1,0,2026-04-08,2026-04-10,2026-07-11,Catalog Mirror (Superfan)
A stroll down history’s lane • DUBsutra,open,No,Bananasutra!,open,Angus,profile,54,452,1499,1,0,2026-04-08,2026-04-10,2026-07-11,Catalog Mirror (Superfan)
A stroll down history’s lane • DUBsutra,open,No,&&*,open,9uzzy,profile,28,249,791,1,0,2025-12-06,2025-12-06,2026-07-11,Catalog Mirror (Superfan)
A stroll down history’s lane • DUBsutra,open,No,ROBINEAU ART Space,open,Patrick Robineau,profile,57,56,437,0,0,2024-11-17,2025-11-18,2026-07-11,Mid-size Playlist
A stroll down history’s lane 1 • FOLKsutra,open,No,bananasutra,open,Fred Anderson,profile,1,445,1526,1,0,2026-07-08,2026-07-08,2026-07-11,Catalog Mirror (Superfan)
A stroll down history’s lane 2 • BANJOsutra,open,No,bananasutra,open,Fred Anderson,profile,1,445,1526,1,0,2026-07-08,2026-07-08,2026-07-11,Catalog Mirror (Superfan)
A stroll down history’s lane 3 • FOLKsutra,open,No,bananasutra,open,Fred Anderson,profile,1,445,1526,1,0,2026-07-08,2026-07-08,2026-07-11,Catalog Mirror (Superfan)
A stroll down history’s lane • PIANOsutra,open,No,bananasutra,open,Fred Anderson,profile,1,445,1526,1,0,2026-07-08,2026-07-08,2026-07-11,Catalog Mirror (Superfan)
Everybody Knows (not) [4],open,No,Bananasutra!,open,Angus,profile,54,452,1499,1,0,2026-04-08,2026-04-10,2026-07-11,Catalog Mirror (Superfan)
Everybody Knows (not) [2],open,No,Bananasutra!,open,Angus,profile,54,452,1499,1,0,2026-04-08,2026-04-10,2026-07-11,Catalog Mirror (Superfan)
oh (oh) freedom • BLUESsutra,open,No,bananasutra,open,Fred Anderson,profile,1,445,1526,1,0,2026-07-08,2026-07-08,2026-07-11,Catalog Mirror (Superfan)
"Oh, Freedom ♛ Dubby BLUESsutra (Public Domain Heavens)",open,No,bananasutra,open,Fred Anderson,profile,1,445,1526,1,0,2026-07-08,2026-07-08,2026-07-11,Catalog Mirror (Superfan)
"Oh, Freedom ♛ Dubby BLUESsutra (Public Domain Heavens)",open,No,&&*,open,9uzzy,profile,28,249,791,1,0,2025-12-06,2025-12-06,2026-07-11,Catalog Mirror (Superfan)
"Oh, Freedom ♛ GOSPELsutra (Public Domain Heavens)",open,No,October,open,noyan,profile,49,5,18,0,0,2024-10-01,2025-07-03,2026-07-11,Niche/Emerging Curator
"Oh, Freedom ♛ Circus BLUESsutra (Public Domain Heavens)",open,No,r.,open,lp33,profile,0,288,1013,0,0,2024-11-27,2026-05-22,2026-07-11,Generic Dump (low signal)
"Oh, Freedom ♛ Circus BLUESsutra (Public Domain Heavens)",open,No,"Солнечный сырок, с днем рождения!!",open,lp33,profile,0,164,551,5,0,2025-01-05,2026-02-05,2026-07-11,Mid-size Playlist (Repeat)
"Ooh, Freedom ♛ BLUESsutra Soul (Public Domain Heavens)",open,Yes,Bananasutra,open,Lincoln Scott,profile,0,82,270,2,0,2026-05-21,2026-05-27,2026-07-11,Mid-size Playlist (Repeat)
"The Weary Blues, a poem by monsieur Hughes",open,No,TRKL,open,Lily 🐰,profile,3,94,403,0,0,2022-06-27,2026-06-19,2026-07-11,Mid-size Playlist
Poetry Matters (1) ☰ BANJOsutra dream,open,Yes,Bananasutra!,open,Angus,profile,54,452,1499,1,0,2026-04-08,2026-04-10,2026-07-11,Catalog Mirror (Superfan)
You Know Why (wars) • CONTRABASS LOFIsutra,open,No,for vocal,open,Pahenty,profile,2,1,6,0,0,2025-01-08,2025-01-08,2026-07-11,Niche/Emerging Curator
Why They Die (predators) 1 • INDIEsutra,open,No,Bananasutra!,open,Angus,profile,54,452,1499,1,0,2026-04-08,2026-04-10,2026-07-11,Catalog Mirror (Superfan)
Who Cares Who Knows • WTFsutra,open,No,Bananasutra!,open,Angus,profile,54,452,1499,1,0,2026-04-08,2026-04-10,2026-07-11,Catalog Mirror (Superfan)
Predators (why Kids Are Allowed To Die) • CELLOsutra,open,Yes,Bananasutra!,open,Angus,profile,54,452,1499,1,0,2026-04-08,2026-04-10,2026-07-11,Catalog Mirror (Superfan)
Predators (why Kids Are Allowed To Die) • CELLOsutra,open,Yes,lighter moods,open,User 383265021,profile,13,40,312,0,0,2025-03-03,2025-05-31,2026-07-11,Mid-size Playlist (Repeat)
Predators (always Inspired) 7,open,No,Bananasutra!,open,Angus,profile,54,452,1499,1,0,2026-04-08,2026-04-10,2026-07-11,Catalog Mirror (Superfan)
Predators (always Inspired) 5,open,Yes,bananasutra,open,Fred Anderson,profile,1,445,1526,1,0,2026-07-08,2026-07-08,2026-07-11,Catalog Mirror (Superfan)
Predators (always Inspired) 5,open,Yes,Bananasutra,open,Lincoln Scott,profile,0,82,270,2,0,2026-05-21,2026-05-27,2026-07-11,Mid-size Playlist (Repeat)
Predators (always Inspired) 5,open,Yes,سیگار,open,rukia,profile,1,9,34,0,0,2025-03-20,2025-03-27,2026-07-11,Niche/Emerging Curator
Predators (always Inspired) 3 - DUBsutra,open,No,&&*,open,9uzzy,profile,28,249,791,1,0,2025-12-06,2025-12-06,2026-07-11,Catalog Mirror (Superfan)
Predators (always Inspired) • BURLESQUEsutra,open,No,bananasutra,open,Fred Anderson,profile,1,445,1526,1,0,2026-07-08,2026-07-08,2026-07-11,Catalog Mirror (Superfan)
Tell the Truth : BANJOsutra,open,Yes,Normal,open,TomNorway🇳🇴,profile,5,97,359,2,0,2026-03-27,2026-05-12,2026-07-11,Mid-size Playlist (Repeat)
Holy All The Same (two) • LOFIsutra,open,No,Bananasutra!,open,Angus,profile,54,452,1499,1,0,2026-04-08,2026-04-10,2026-07-11,Catalog Mirror (Superfan)
Holy All The Same (two) • LOFIsutra,open,No,&&*,open,9uzzy,profile,28,249,791,1,0,2025-12-06,2025-12-06,2026-07-11,Catalog Mirror (Superfan)
Holy All The Same (one) • LOFIsutra,open,No,bananasutra,open,Fred Anderson,profile,1,445,1526,1,0,2026-07-08,2026-07-08,2026-07-11,Catalog Mirror (Superfan)
Holy All The Same (one) • LOFIsutra,open,No,Sutra,open,die Welt ist egal,profile,10,8,31,1,0,2026-04-07,2026-06-22,2026-07-11,Niche/Emerging Curator
Holy All The Same (one) • LOFIsutra,open,No,&&*,open,9uzzy,profile,28,249,791,1,0,2025-12-06,2025-12-06,2026-07-11,Catalog Mirror (Superfan)
Some Songs Are More POOH Than Others : DUBsutra,open,Yes,Bananasutra!,open,Angus,profile,54,452,1499,1,0,2026-04-08,2026-04-10,2026-07-11,Catalog Mirror (Superfan)
Some Songs Are More POOH Than Others : DUBsutra,open,Yes,&&*,open,9uzzy,profile,28,249,791,1,0,2025-12-06,2025-12-06,2026-07-11,Catalog Mirror (Superfan)
Some Songs Are More SEUSS Than Others : DUBsutra,open,No,Bananasutra!,open,Angus,profile,54,452,1499,1,0,2026-04-08,2026-04-10,2026-07-11,Catalog Mirror (Superfan)
Some Songs Are More WOMP Than Others : CIRCUSsutra,open,Yes,Bananasutra,open,Lincoln Scott,profile,0,82,270,2,0,2026-05-21,2026-05-27,2026-07-11,Mid-size Playlist (Repeat)
Some Songs Are More WOMP Than Others : CIRCUSsutra,open,Yes,Untitled Playlist,open,elvano,profile,8,2,5,0,0,2024-12-23,2024-12-25,2026-07-11,Niche/Emerging Curator
Prickly Peaches (one) • DUB Sutra,open,Yes,Bananasutra,open,Lincoln Scott,profile,0,82,270,2,0,2026-05-21,2026-05-27,2026-07-11,Mid-size Playlist (Repeat)
Prickly Peaches (one) • DUB Sutra,open,Yes,Bananasutra!,open,Angus,profile,54,452,1499,1,0,2026-04-08,2026-04-10,2026-07-11,Catalog Mirror (Superfan)
Prickly Peaches (one) • DUB Sutra,open,Yes,&&*,open,9uzzy,profile,28,249,791,1,0,2025-12-06,2025-12-06,2026-07-11,Catalog Mirror (Superfan)
Some Truths Are Harder To Swallow : JAZZsutra 1,open,No,Bananasutra!,open,Angus,profile,54,452,1499,1,0,2026-04-08,2026-04-10,2026-07-11,Catalog Mirror (Superfan)
Some Truths Are Harder To Swallow : JAZZsutra 4,open,No,Bananasutra!,open,Angus,profile,54,452,1499,1,0,2026-04-08,2026-04-10,2026-07-11,Catalog Mirror (Superfan)
Where We Begin (one) : BURLESQUEsutra,open,Yes,Bananasutra,open,Lincoln Scott,profile,0,82,270,2,0,2026-05-21,2026-05-27,2026-07-11,Mid-size Playlist (Repeat)
Where We Begin (two) : INDIEsutra,open,No,Bananasutra!,open,Angus,profile,54,452,1499,1,0,2026-04-08,2026-04-10,2026-07-11,Catalog Mirror (Superfan)
Seminal Bollocks  • DUBsutra,open,Yes,Bananasutra,open,Lincoln Scott,profile,0,82,270,2,0,2026-05-21,2026-05-27,2026-07-11,Mid-size Playlist (Repeat)
Seminal Bollocks  • DUBsutra,open,Yes,Normal,open,TomNorway🇳🇴,profile,5,97,359,2,0,2026-03-27,2026-05-12,2026-07-11,Mid-size Playlist (Repeat)
Seminal Bollocks  • DUBsutra,open,Yes,Bananasutra!,open,Angus,profile,54,452,1499,1,0,2026-04-08,2026-04-10,2026-07-11,Catalog Mirror (Superfan)
Seminal Bollocks  • DUBsutra,open,Yes,&&*,open,9uzzy,profile,28,249,791,1,0,2025-12-06,2025-12-06,2026-07-11,Catalog Mirror (Superfan)
Seminal Bollocks  • DUBsutra,open,Yes,❤️❤️,open,Menna Waleed,profile,0,11,48,0,0,2025-05-15,2025-06-07,2026-07-11,Niche/Emerging Curator
Bee the full (cozitsalie) • BANJOsutra,open,No,Bananasutra!,open,Angus,profile,54,452,1499,1,0,2026-04-08,2026-04-10,2026-07-11,Catalog Mirror (Superfan)
Be the fool (Perfection is a lie) : BANJOsutra,open,No,Sutra,open,die Welt ist egal,profile,10,8,31,1,0,2026-04-07,2026-06-22,2026-07-11,Niche/Emerging Curator
"New Normalcy, Space Oddity ☰ BANJOsutra",open,Yes,Bananasutra!,open,Angus,profile,54,452,1499,1,0,2026-04-08,2026-04-10,2026-07-11,Catalog Mirror (Superfan)
"New Normalcy, Space Oddity ☰ BANJOsutra",open,Yes,Copy of Pop,open,Andre Prahanata Putra,profile,0,37,156,0,0,2024-12-26,2024-12-26,2026-07-11,Mid-size Playlist
"New Normalcy, Space Oddity ☰ BURLESQUEsutra",open,No,Alternative,open,Janeil Nelson,profile,7,5,14,0,0,2025-11-02,2026-06-26,2026-07-11,Niche/Emerging Curator
"New Normalcy, Space Oddity ☰ DUBsutra",open,Yes,Bananasutra!,open,Angus,profile,54,452,1499,1,0,2026-04-08,2026-04-10,2026-07-11,Catalog Mirror (Superfan)
"New Normalcy, Space Oddity ☰ DUBsutra",open,Yes,&&*,open,9uzzy,profile,28,249,791,1,0,2025-12-06,2025-12-06,2026-07-11,Catalog Mirror (Superfan)
"New Normalcy, Space Oddity ☰ DUBsutra",open,Yes,ROBINEAU ART Space,open,Patrick Robineau,profile,57,56,437,0,0,2024-11-17,2025-11-18,2026-07-11,Mid-size Playlist
"New Normalcy, Space Oddity ☰ FOLK JAZZsutra",open,No,Bananasutra!,open,Angus,profile,54,452,1499,1,0,2026-04-08,2026-04-10,2026-07-11,Catalog Mirror (Superfan)
Absinthe Bliss (Kiss Me Slow) • DUBsutra,open,Yes,Normal,open,TomNorway🇳🇴,profile,5,97,359,2,0,2026-03-27,2026-05-12,2026-07-11,Mid-size Playlist (Repeat)
Absinthe Bliss (Kiss Me Slow) • DUBsutra,open,Yes,Bananasutra!,open,Angus,profile,54,452,1499,1,0,2026-04-08,2026-04-10,2026-07-11,Catalog Mirror (Superfan)
Absinthe Bliss (Kiss Me Slow) • DUBsutra,open,Yes,&&*,open,9uzzy,profile,28,249,791,1,0,2025-12-06,2025-12-06,2026-07-11,Catalog Mirror (Superfan)
Absinthe Bliss (Kiss Me Slow) • DUBsutra,open,Yes,ROBINEAU ART Space,open,Patrick Robineau,profile,57,56,437,0,0,2024-11-17,2025-11-18,2026-07-11,Mid-size Playlist
Dark (Lace) Rhythms • TANGOsutra,open,Yes,سیگار,open,rukia,profile,1,9,34,0,0,2025-03-20,2025-03-27,2026-07-11,Niche/Emerging Curator
Just a Heart that Stays the Same,open,No,Bananasutra!,open,Angus,profile,54,452,1499,1,0,2026-04-08,2026-04-10,2026-07-11,Catalog Mirror (Superfan)
making songs like…,open,Yes,Präsentation Intro,open,Josef,profile,173,37,116,0,0,2022-03-12,2026-07-08,2026-07-11,Mid-size Playlist (Repeat)
making songs like…,open,Yes,Nana Su,open,Lincoln Scott,profile,0,5,19,1,0,2026-05-27,2026-06-15,2026-07-11,Niche/Emerging Curator (Repeat)
making songs like…,open,Yes,REGGAE,open,sl dubs,profile,173,142,546,0,0,2025-11-18,2026-06-25,2026-07-11,Mid-size Playlist (Repeat)
making songs like…,open,Yes,Reggae,open,TomNorway🇳🇴,profile,5,19,74,0,0,2026-03-28,2026-05-06,2026-07-11,Niche/Emerging Curator (Repeat)
making songs like…,open,Yes,Normal,open,TomNorway🇳🇴,profile,5,97,359,2,0,2026-03-27,2026-05-12,2026-07-11,Mid-size Playlist (Repeat)
making songs like…,open,Yes,Bananasutra!,open,Angus,profile,54,452,1499,1,0,2026-04-08,2026-04-10,2026-07-11,Catalog Mirror (Superfan)
making songs like…,open,Yes,№2,open,Gato,profile,2,102,379,0,0,2024-12-23,2026-04-01,2026-07-11,Mid-size Playlist
making songs like…,open,Yes,Recovery,open,Amaad DoanKk,profile,0,143,583,0,0,2025-11-17,2026-06-28,2026-07-11,Mid-size Playlist
making songs like…,open,Yes,jazz blues,open,Skcopa,profile,24,16,69,0,0,2025-12-17,2025-12-19,2026-07-11,Niche/Emerging Curator
making songs like…,open,Yes,&&*,open,9uzzy,profile,28,249,791,1,0,2025-12-06,2025-12-06,2026-07-11,Catalog Mirror (Superfan)
making songs like…,open,Yes,ROBINEAU ART Space,open,Patrick Robineau,profile,57,56,437,0,0,2024-11-17,2025-11-18,2026-07-11,Mid-size Playlist
making songs like…,open,Yes,Lounge Inn 🏝️,open,Angus,profile,54,62,266,0,0,2025-11-10,2026-04-08,2026-07-11,Mid-size Playlist (Repeat)
making songs like…,open,Yes,qatar soundcloud,open,Zeck,profile,0,10,37,0,0,2025-09-10,2025-09-10,2026-07-11,Niche/Emerging Curator
Blessed Are the Cracked Jazz,open,No,new chapter.,open,юморист.,profile,6,2,7,0,0,2024-12-13,2024-12-13,2026-07-11,Niche/Emerging Curator
The Tyranny of Ignorance #4,open,No,bananasutra,open,Fred Anderson,profile,1,445,1526,1,0,2026-07-08,2026-07-08,2026-07-11,Catalog Mirror (Superfan)
The Tyranny of Ignorance #4,open,No,𝕯𝖚𝖉𝖊.. 𝕽𝖊𝖑𝖆𝖝 (Relax and chill :] ),open,Heartless!,profile,10,83,256,1,0,2024-03-18,2026-02-03,2026-07-11,Mid-size Playlist
The Tyranny of Ignorance #3,open,No,bananasutra,open,Fred Anderson,profile,1,445,1526,1,0,2026-07-08,2026-07-08,2026-07-11,Catalog Mirror (Superfan)
The Tyranny of Ignorance #2 : FOLK BLUESsutra,open,No,bananasutra,open,Fred Anderson,profile,1,445,1526,1,0,2026-07-08,2026-07-08,2026-07-11,Catalog Mirror (Superfan)
The Tyranny of Ignorance #1,open,No,bananasutra,open,Fred Anderson,profile,1,445,1526,1,0,2026-07-08,2026-07-08,2026-07-11,Catalog Mirror (Superfan)
Comme un canard #9,open,Yes,bananasutra,open,Fred Anderson,profile,1,445,1526,1,0,2026-07-08,2026-07-08,2026-07-11,Catalog Mirror (Superfan)
Comme un canard #8,open,No,bananasutra,open,Fred Anderson,profile,1,445,1526,1,0,2026-07-08,2026-07-08,2026-07-11,Catalog Mirror (Superfan)
Comme un canard #7,open,No,bananasutra,open,Fred Anderson,profile,1,445,1526,1,0,2026-07-08,2026-07-08,2026-07-11,Catalog Mirror (Superfan)
Comme un canard #6,open,No,bananasutra,open,Fred Anderson,profile,1,445,1526,1,0,2026-07-08,2026-07-08,2026-07-11,Catalog Mirror (Superfan)
Comme un canard #5,open,No,bananasutra,open,Fred Anderson,profile,1,445,1526,1,0,2026-07-08,2026-07-08,2026-07-11,Catalog Mirror (Superfan)
Comme un canard #4,open,No,bananasutra,open,Fred Anderson,profile,1,445,1526,1,0,2026-07-08,2026-07-08,2026-07-11,Catalog Mirror (Superfan)
Comme un canard #3,open,No,bananasutra,open,Fred Anderson,profile,1,445,1526,1,0,2026-07-08,2026-07-08,2026-07-11,Catalog Mirror (Superfan)
Comme un canard #2,open,No,bananasutra,open,Fred Anderson,profile,1,445,1526,1,0,2026-07-08,2026-07-08,2026-07-11,Catalog Mirror (Superfan)
Comme un canard #1,open,No,bananasutra,open,Fred Anderson,profile,1,445,1526,1,0,2026-07-08,2026-07-08,2026-07-11,Catalog Mirror (Superfan)
#2 Darling - JAZZsutra,open,Yes,Jazz,open,User 171159400,profile,0,3,11,0,0,2026-04-19,2026-04-19,2026-07-11,Niche/Emerging Curator
#2 Darling - JAZZsutra,open,Yes,Your Mix 1,open,大西浩之,profile,34,28,95,0,0,2025-05-13,2025-05-13,2026-07-11,Niche/Emerging Curator
#2 Darling - JAZZsutra,open,Yes,lighter moods,open,User 383265021,profile,13,40,312,0,0,2025-03-03,2025-05-31,2026-07-11,Mid-size Playlist (Repeat)
#2 Darling - JAZZsutra,open,Yes,Плейлист однієї Тані,open,Tetiana Kokaiko,profile,1,38,144,0,0,2024-04-27,2026-06-23,2026-07-11,Mid-size Playlist
She Wears the Words • JAZZsutra Mighty Poetry Minute,open,Yes,Bananasutra,open,Lincoln Scott,profile,0,82,270,2,0,2026-05-21,2026-05-27,2026-07-11,Mid-size Playlist (Repeat)
#2 Hard Core : Honey JAZZsutra,open,Yes,Bananasutra,open,Lincoln Scott,profile,0,82,270,2,0,2026-05-21,2026-05-27,2026-07-11,Mid-size Playlist (Repeat)
#1 Hard Core : Honey JAZZsutra,open,Yes,Bananasutra!,open,Angus,profile,54,452,1499,1,0,2026-04-08,2026-04-10,2026-07-11,Catalog Mirror (Superfan)
#1 Hard Core : Honey JAZZsutra,open,Yes,uber1,open,soundy,profile,4,481,5271,0,0,2024-10-11,2026-02-26,2026-07-11,Generic Dump (low signal)
#1 Hard Core : Honey JAZZsutra,open,Yes,new1,open,milad,profile,1,126,1261,0,0,2024-01-07,2025-04-24,2026-07-11,Mid-size Playlist
#1 Hard Core : Honey JAZZsutra,open,Yes,another music,open,hesam iranshahi,profile,0,10,26,0,0,2024-11-26,2024-12-10,2026-07-11,Niche/Emerging Curator
#1 Hard Core : Honey JAZZsutra,open,Yes,soul,open,malt and music,profile,0,6,21,0,0,2024-11-25,2024-11-25,2026-07-11,Niche/Emerging Curator
#1 Hard Core : Honey JAZZsutra,open,Yes,💋💋,open,Aylin,profile,5,34,140,0,0,2024-10-21,2025-09-25,2026-07-11,Mid-size Playlist
The Tyranny of Ignorance : BANJOsutra (Single Duck Release),open,Yes,bananasutra,open,Fred Anderson,profile,1,445,1526,1,0,2026-07-08,2026-07-08,2026-07-11,Catalog Mirror (Superfan)
The Tyranny of Ignorance : BANJOsutra (Single Duck Release),open,Yes,Bananasutra!,open,Angus,profile,54,452,1499,1,0,2026-04-08,2026-04-10,2026-07-11,Catalog Mirror (Superfan)
The Tyranny of Ignorance : BANJOsutra (Single Duck Release),open,Yes,Library music,open,Elijah,profile,0,484,1585,0,0,2025-03-07,2025-04-19,2026-07-11,Generic Dump (low signal)
The Tyranny of Ignorance : BANJOsutra (Single Duck Release),open,Yes,Coffee💥,open,Antilokho Hc,profile,6,36,167,0,0,2024-05-30,2025-03-31,2026-07-11,Mid-size Playlist
"#5 Hold the Mic, Babe ☰ DUBsutra Hug for Ya, Babe",open,No,Bananasutra!,open,Angus,profile,54,452,1499,1,0,2026-04-08,2026-04-10,2026-07-11,Catalog Mirror (Superfan)
"#5 Hold the Mic, Babe ☰ DUBsutra Hug for Ya, Babe",open,No,&&*,open,9uzzy,profile,28,249,791,1,0,2025-12-06,2025-12-06,2026-07-11,Catalog Mirror (Superfan)
"#1 Hold the Mic, Babe ☰ BANJOsutra Vocal Hug",open,Yes,UNTITLED,open,vadym jurkovycz,profile,1,115,940,0,0,2024-08-14,2024-11-17,2026-07-11,Mid-size Playlist
"#2 Hold the Mic, Babe ☰ DUBsutra Vocal Hug",open,Yes,Bananasutra!,open,Angus,profile,54,452,1499,1,0,2026-04-08,2026-04-10,2026-07-11,Catalog Mirror (Superfan)
"#2 Hold the Mic, Babe ☰ DUBsutra Vocal Hug",open,Yes,&&*,open,9uzzy,profile,28,249,791,1,0,2025-12-06,2025-12-06,2026-07-11,Catalog Mirror (Superfan)
"#2 Hold the Mic, Babe ☰ DUBsutra Vocal Hug",open,Yes,relaxing maggies songs,open,Saumikmaggie,profile,1,10,37,0,0,2024-10-15,2025-01-19,2026-07-11,Niche/Emerging Curator
Mind the Felon • MANTRAsutra,open,No,bananasutra,open,Fred Anderson,profile,1,445,1526,1,0,2026-07-08,2026-07-08,2026-07-11,Catalog Mirror (Superfan)
Mind the Felon (two) • FOLKsutra,open,Yes,bananasutra,open,Fred Anderson,profile,1,445,1526,1,0,2026-07-08,2026-07-08,2026-07-11,Catalog Mirror (Superfan)
Mind the Felon (two) • FOLKsutra,open,Yes,Bananasutra!,open,Angus,profile,54,452,1499,1,0,2026-04-08,2026-04-10,2026-07-11,Catalog Mirror (Superfan)
Mind the Felon (four) • JAZZsutra,open,No,bananasutra,open,Fred Anderson,profile,1,445,1526,1,0,2026-07-08,2026-07-08,2026-07-11,Catalog Mirror (Superfan)
Mind the Felon (one) • JAZZsutra,open,Yes,bananasutra,open,Fred Anderson,profile,1,445,1526,1,0,2026-07-08,2026-07-08,2026-07-11,Catalog Mirror (Superfan)
Mind the Felon (three) • JAZZsutra,open,Yes,bananasutra,open,Fred Anderson,profile,1,445,1526,1,0,2026-07-08,2026-07-08,2026-07-11,Catalog Mirror (Superfan)
Mind the Felon (three) • JAZZsutra,open,Yes,xaxaxaxaxax,open,ncxnz,profile,4,468,1923,2,1,2021-07-03,2026-04-27,2026-07-11,Generic Dump (low signal)
Mind the Felon (three) • JAZZsutra,open,Yes,Bananasutra!,open,Angus,profile,54,452,1499,1,0,2026-04-08,2026-04-10,2026-07-11,Catalog Mirror (Superfan)
#3 The Quest of an Unyielding Star (v2) • Jacques Brel Remake • Bananasutra Jazz,open,Yes,Bananasutra!,open,Angus,profile,54,452,1499,1,0,2026-04-08,2026-04-10,2026-07-11,Catalog Mirror (Superfan)
#3 The Quest of an Unyielding Star (v2) • Jacques Brel Remake • Bananasutra Jazz,open,Yes,Koffie kerst,open,Thijs Van de Putte,profile,12,8,25,0,0,2024-11-04,2025-10-06,2026-07-11,Niche/Emerging Curator
#3 The Quest of an Unyielding Star (v2) • Jacques Brel Remake • Bananasutra Jazz,open,Yes,winter songs,open,kevin cardoso,profile,1,12,45,1,0,2024-11-08,2024-11-16,2026-07-11,Niche/Emerging Curator
#3 The Quest of an Unyielding Star (v2) • Jacques Brel Remake • Bananasutra Jazz,open,Yes,Lina 2024 Ab August,open,Lina,profile,2,44,156,0,0,2024-08-05,2025-01-13,2026-07-11,Mid-size Playlist (Repeat)
#3 The Quest of an Unyielding Star (v2) • Jacques Brel Remake • Bananasutra Jazz,open,Yes,Lina OCT 24,open,Lina,profile,2,29,106,0,0,2024-10-11,2025-01-13,2026-07-11,Niche/Emerging Curator (Repeat)
#3 The Quest of an Unyielding Star (v2) • Jacques Brel Remake • Bananasutra Jazz,open,Yes,Lina Silent Songs 2024,open,Lina,profile,2,29,123,0,0,2024-02-11,2025-08-28,2026-07-11,Niche/Emerging Curator (Repeat)
#2 The Quest of an Unyielding Star (v3) • Jacques Brel Remake • Bananasutra Jazz,open,Yes,Bananasutra!,open,Angus,profile,54,452,1499,1,0,2026-04-08,2026-04-10,2026-07-11,Catalog Mirror (Superfan)
#1 The Quest • Jacques Brel Remake • Bananasutra French Accordion,open,Yes,french music,open,ichanpomsyda03,profile,1,75,236,0,0,2026-07-01,2026-07-01,2026-07-11,Mid-size Playlist
#1 The Quest • Jacques Brel Remake • Bananasutra French Accordion,open,Yes,Bananasutra!,open,Angus,profile,54,452,1499,1,0,2026-04-08,2026-04-10,2026-07-11,Catalog Mirror (Superfan)
#1 The Quest • Jacques Brel Remake • Bananasutra French Accordion,open,Yes,🦙,open,Mahshin,profile,0,4,14,0,0,2024-04-03,2025-01-16,2026-07-11,Niche/Emerging Curator
#1 The Quest • Jacques Brel Remake • Bananasutra French Accordion,open,Yes,Untitled Playlist,open,Duc Anh Nguyen,profile,0,1,3,0,0,2024-11-14,2024-11-14,2026-07-11,Niche/Emerging Curator
Just Waltz(be) • Jazzy Grinding Waltz • sutraFLOW (v5),open,Yes,winter sunshine,open,MaralFe,profile,5,189,893,0,0,2020-01-16,2026-02-06,2026-07-11,Mid-size Playlist
Just Waltz(be) • Jazzy Grinding Waltz • sutraFLOW (v5),open,Yes,fv,open,Mattia,profile,6,214,1615,0,0,2022-02-02,2026-05-24,2026-07-11,Generic Dump (low signal)
Just Gasp(be) • Jazzy DUB Poetry • sutraFLOW (v1),open,Yes,happy,open,juan sebastian romero,profile,2,18,84,0,0,2025-06-18,2026-07-08,2026-07-11,Niche/Emerging Curator
Just Gasp(be) • Jazzy DUB Poetry • sutraFLOW (v1),open,Yes,Bananasutra!,open,Angus,profile,54,452,1499,1,0,2026-04-08,2026-04-10,2026-07-11,Catalog Mirror (Superfan)
Just Gasp(be) • Jazzy DUB Poetry • sutraFLOW (v1),open,Yes,&&*,open,9uzzy,profile,28,249,791,1,0,2025-12-06,2025-12-06,2026-07-11,Catalog Mirror (Superfan)
Just Gasp(be) • Jazzy DUB Poetry • sutraFLOW (v1),open,Yes,ROBINEAU ART Space,open,Patrick Robineau,profile,57,56,437,0,0,2024-11-17,2025-11-18,2026-07-11,Mid-size Playlist
Just Gasp(be) • Jazzy DUB Poetry • sutraFLOW (v1),open,Yes,man in the mirror,open,Rene Jobaire,profile,5,65,257,1,0,2025-01-23,2025-04-20,2026-07-11,Mid-size Playlist
Just Gasp(be) • Jazzy DUB Poetry • sutraFLOW (v1),open,Yes,👸❤️🔐🔥,open,Yahaira Montes,profile,33,86,314,1,0,2024-11-17,2025-04-07,2026-07-11,Mid-size Playlist
Just Gasp(be) • Jazzy DUB Poetry • sutraFLOW (v1),open,Yes,AFRO R&B,open,Elindio Kabrera,profile,6,6,30,0,0,2024-11-13,2024-11-14,2026-07-11,Niche/Emerging Curator
Just Gasp(be) • Jazzy DUB Poetry • sutraFLOW (v1),open,Yes,Wokin,open,Boom Taitano,profile,6,24,95,0,0,2024-11-04,2025-03-19,2026-07-11,Niche/Emerging Curator
That Grazed Duck’s Luck • Jazzy Bluesy Folk • sutraBLOW,open,No,bananasutra,open,Fred Anderson,profile,1,445,1526,1,0,2026-07-08,2026-07-08,2026-07-11,Catalog Mirror (Superfan)
Male Fantasies • Vocal Honey Jazz • sutraKNOW,open,No,French Connection,open,livan cliyf,profile,9,18,56,0,0,2026-02-03,2026-02-05,2026-07-11,Niche/Emerging Curator
Le Poids de l'Ego v2 • sutraFRENCH • Post-Punk Burlesque Ego Masquerade,open,No,bananasutra,open,Fred Anderson,profile,1,445,1526,1,0,2026-07-08,2026-07-08,2026-07-11,Catalog Mirror (Superfan)
Le Poids de l'Ego v1 • sutraFRENCH • Burlesque Ego Dub Cabaret,open,Yes,bananasutra,open,Fred Anderson,profile,1,445,1526,1,0,2026-07-08,2026-07-08,2026-07-11,Catalog Mirror (Superfan)
Le Poids de l'Ego v1 • sutraFRENCH • Burlesque Ego Dub Cabaret,open,Yes,&&*,open,9uzzy,profile,28,249,791,1,0,2025-12-06,2025-12-06,2026-07-11,Catalog Mirror (Superfan)
Le Poids de l'Ego v1 • sutraFRENCH • Burlesque Ego Dub Cabaret,open,Yes,ROBINEAU ART Space,open,Patrick Robineau,profile,57,56,437,0,0,2024-11-17,2025-11-18,2026-07-11,Mid-size Playlist
"Le système, ça voulait dire… v2 • sutraFRENCH • Burlesque Ego Accordion Cabaret",open,Yes,french music,open,ichanpomsyda03,profile,1,75,236,0,0,2026-07-01,2026-07-01,2026-07-11,Mid-size Playlist
"Le système, ça voulait dire… v2 • sutraFRENCH • Burlesque Ego Accordion Cabaret",open,Yes,French Connection,open,livan cliyf,profile,9,18,56,0,0,2026-02-03,2026-02-05,2026-07-11,Niche/Emerging Curator
"Le système, ça voulait dire… v2 • sutraFRENCH • Burlesque Ego Accordion Cabaret",open,Yes,Traditional French songs,open,Benny the accordionist,profile,47,48,165,9,0,2024-03-28,2025-03-05,2026-07-11,Mid-size Playlist
"Le système, ça voulait dire… v10 • sutraFRENCH • Burlesque Ego Accordion Masquerade",open,No,french music,open,ichanpomsyda03,profile,1,75,236,0,0,2026-07-01,2026-07-01,2026-07-11,Mid-size Playlist
"Le système, ça voulait dire… v10 • sutraFRENCH • Burlesque Ego Accordion Masquerade",open,No,French Connection,open,livan cliyf,profile,9,18,56,0,0,2026-02-03,2026-02-05,2026-07-11,Niche/Emerging Curator
"Le système, ça voulait dire… v10 • sutraFRENCH • Burlesque Ego Accordion Masquerade",open,No,🫀,open,sanaz azimi,profile,9,121,654,0,0,2024-03-02,2024-11-04,2026-07-11,Mid-size Playlist
"Manu, Le P'tit Menteur v2 • sutraFRENCH • Burlesque Ego Accordion Cabaret",open,Yes,French Connection,open,livan cliyf,profile,9,18,56,0,0,2026-02-03,2026-02-05,2026-07-11,Niche/Emerging Curator
"Manu, Le P'tit Menteur v2 • sutraFRENCH • Burlesque Ego Accordion Cabaret",open,Yes,Traditional French songs,open,Benny the accordionist,profile,47,48,165,9,0,2024-03-28,2025-03-05,2026-07-11,Mid-size Playlist
"Le système, ça voulait dire… v9 • sutraFRENCH • Burlesque Ego Cabaret",open,No,bananasutra,open,Fred Anderson,profile,1,445,1526,1,0,2026-07-08,2026-07-08,2026-07-11,Catalog Mirror (Superfan)
"Le système, ça voulait dire… v9 • sutraFRENCH • Burlesque Ego Cabaret",open,No,French Connection,open,livan cliyf,profile,9,18,56,0,0,2026-02-03,2026-02-05,2026-07-11,Niche/Emerging Curator
"Manu, Le P'tit Menteur v2 • sutraFRENCH • Burlesque Ego Accordion Cabaret",open,Yes,bananasutra,open,Fred Anderson,profile,1,445,1526,1,0,2026-07-08,2026-07-08,2026-07-11,Catalog Mirror (Superfan)
"Manu, Le P'tit Menteur v2 • sutraFRENCH • Burlesque Ego Accordion Cabaret",open,Yes,A l'ancienne ✅⚜️,open,PassPass,profile,48,49,2945,0,0,2025-12-19,2026-03-15,2026-07-11,Mid-size Playlist
"Le système, ça voulait dire… v3 • sutraFRENCH • Burlesque Ego JAZZZ Masquerade",open,Yes,French Connection,open,livan cliyf,profile,9,18,56,0,0,2026-02-03,2026-02-05,2026-07-11,Niche/Emerging Curator
"Le système, ça voulait dire… v8 • sutraFRENCH • Burlesque Ego Accordion Masquerade",open,No,French Connection,open,livan cliyf,profile,9,18,56,0,0,2026-02-03,2026-02-05,2026-07-11,Niche/Emerging Curator
"Le système, ça voulait dire… v4 • sutraFRENCH • Burlesque Ego Accordion Cabaret",open,No,french music,open,ichanpomsyda03,profile,1,75,236,0,0,2026-07-01,2026-07-01,2026-07-11,Mid-size Playlist
"Le système, ça voulait dire… v4 • sutraFRENCH • Burlesque Ego Accordion Cabaret",open,No,Traditional French songs,open,Benny the accordionist,profile,47,48,165,9,0,2024-03-28,2025-03-05,2026-07-11,Mid-size Playlist
"Le système, ça voulait dire… v6 • sutraFRENCH • Burlesque Ego Accordion Masquerade",open,No,bananasutra,open,Fred Anderson,profile,1,445,1526,1,0,2026-07-08,2026-07-08,2026-07-11,Catalog Mirror (Superfan)
"Le système, ça voulait dire… v6 • sutraFRENCH • Burlesque Ego Accordion Masquerade",open,No,French Connection,open,livan cliyf,profile,9,18,56,0,0,2026-02-03,2026-02-05,2026-07-11,Niche/Emerging Curator
"Le système, ça voulait dire… v6 • sutraFRENCH • Burlesque Ego Accordion Masquerade",open,No,Traditional French songs,open,Benny the accordionist,profile,47,48,165,9,0,2024-03-28,2025-03-05,2026-07-11,Mid-size Playlist
"Le système, ça voulait dire… v9 • sutraFRENCH • Burlesque Ego Accordion Masquerade",open,No,french music,open,ichanpomsyda03,profile,1,75,236,0,0,2026-07-01,2026-07-01,2026-07-11,Mid-size Playlist
"Le système, ça voulait dire… v9 • sutraFRENCH • Burlesque Ego Accordion Masquerade",open,No,French Connection,open,livan cliyf,profile,9,18,56,0,0,2026-02-03,2026-02-05,2026-07-11,Niche/Emerging Curator
"Le système, ça voulait dire… v9 • sutraFRENCH • Burlesque Ego Accordion Masquerade",open,No,Traditional French songs,open,Benny the accordionist,profile,47,48,165,9,0,2024-03-28,2025-03-05,2026-07-11,Mid-size Playlist
"Le système, ça voulait dire… v1 • sutraFRENCH • Burlesque Ego Accordion Cabaret",open,No,french music,open,ichanpomsyda03,profile,1,75,236,0,0,2026-07-01,2026-07-01,2026-07-11,Mid-size Playlist
"Le système, ça voulait dire… v1 • sutraFRENCH • Burlesque Ego Accordion Cabaret",open,No,French Connection,open,livan cliyf,profile,9,18,56,0,0,2026-02-03,2026-02-05,2026-07-11,Niche/Emerging Curator
"Le système, ça voulait dire… v1 • sutraFRENCH • Burlesque Ego Accordion Cabaret",open,No,Traditional French songs,open,Benny the accordionist,profile,47,48,165,9,0,2024-03-28,2025-03-05,2026-07-11,Mid-size Playlist
"Le système, ça voulait dire… v1 • sutraFRENCH • Burlesque Ego Accordion Cabaret",open,No,Frinsh song,open,Montaser Mahmoud,profile,0,9,35,0,0,2024-11-06,2024-11-06,2026-07-11,Niche/Emerging Curator
Le P'tit Jupiter • sutraFRENCH • indieJAZZZ Piano LOFI Soul :),open,Yes,bananasutra,open,Fred Anderson,profile,1,445,1526,1,0,2026-07-08,2026-07-08,2026-07-11,Catalog Mirror (Superfan)
Le P'tit Jupiter • sutraFRENCH • indieJAZZZ Piano LOFI Soul :),open,Yes,Bananasutra!,open,Angus,profile,54,452,1499,1,0,2026-04-08,2026-04-10,2026-07-11,Catalog Mirror (Superfan)
Le P'tit Jupiter • sutraFRENCH • indieJAZZZ Piano LOFI Soul :),open,Yes,French Connection,open,livan cliyf,profile,9,18,56,0,0,2026-02-03,2026-02-05,2026-07-11,Niche/Emerging Curator
Le P'tit Jupiter • sutraFRENCH • indieJAZZZ Piano LOFI Soul :),open,Yes,chill,open,Tayphun,profile,4,16,47,0,0,2024-02-21,2026-07-07,2026-07-11,Niche/Emerging Curator
Le P'tit Jupiter • sutraFRENCH • indieJAZZZ Piano LOFI Soul :),open,Yes,beutiful music,open,O.G,profile,2,6,22,0,0,2025-01-13,2025-02-08,2026-07-11,Niche/Emerging Curator
Le P'tit Jupiter • sutraFRENCH • indieJAZZZ Piano LOFI Soul :),open,Yes,Nora Notes,open,Yolisa - Mayoli 🌈🌄🌄💖💖💖💖💖💖💖💖💖💖💖💗💗,profile,289,37,141,1,0,2024-11-11,2024-11-11,2026-07-11,Mid-size Playlist
The Ducktator (lament) • That’s All Folks • BananasutraDUCK (yuck),open,No,bananasutra,open,Fred Anderson,profile,1,445,1526,1,0,2026-07-08,2026-07-08,2026-07-11,Catalog Mirror (Superfan)
Hide your pets (DonOld said!) • Blessed be Banjo au Lavabo • bananasutraBLUEGRASS,open,No,bananasutra,open,Fred Anderson,profile,1,445,1526,1,0,2026-07-08,2026-07-08,2026-07-11,Catalog Mirror (Superfan)
Kamala has a dream (and that duck just blows) • bananasutraBLUES,open,Yes,bananasutra,open,Fred Anderson,profile,1,445,1526,1,0,2026-07-08,2026-07-08,2026-07-11,Catalog Mirror (Superfan)
Kamala has a dream (and that duck just blows) • bananasutraBLUES,open,Yes,Nice music,open,Taras Onyshko,profile,2,86,360,2,0,2024-10-10,2026-03-17,2026-07-11,Mid-size Playlist
Kamala has a dream (and that duck just blows) • bananasutraBLUES,open,Yes,Dream,open,Anna Boruk,profile,4,4,16,0,0,2024-10-29,2024-10-30,2026-07-11,Niche/Emerging Curator
Zappa’s World • Burlesque Remix by the Sea • BananasutraSHOW Waltz,open,No,Burlesque Music Mix,open,David Schwitter,profile,1,12,41,0,0,2025-03-29,2025-03-29,2026-07-11,Niche/Emerging Curator
"Genius, You See V.1 • Indie Jazz Folk Lullaby  • sutraKNOW inspired by Albert Einstein",open,Yes,Bananasutra,open,Lincoln Scott,profile,0,82,270,2,0,2026-05-21,2026-05-27,2026-07-11,Mid-size Playlist (Repeat)
"Genius, You See V.1 • Indie Jazz Folk Lullaby  • sutraKNOW inspired by Albert Einstein",open,Yes,Chill Xo,open,Jords,profile,0,10,37,0,0,2025-11-05,2025-11-05,2026-07-11,Niche/Emerging Curator
"Flow like Water, My Friend",open,Yes,&&*,open,9uzzy,profile,28,249,791,1,0,2025-12-06,2025-12-06,2026-07-11,Catalog Mirror (Superfan)
"Flow like Water, My Friend",open,Yes,Chill Xo,open,Jords,profile,0,10,37,0,0,2025-11-05,2025-11-05,2026-07-11,Niche/Emerging Curator
"Flow like Water, My Friend",open,Yes,Kompa ayiii,open,Heatherrrr,profile,3,139,1433,0,0,2023-11-05,2026-06-28,2026-07-11,Mid-size Playlist
Some Truths are Harder to Swallow • LOFI Jazzz • sutraGROW,open,Yes,maximo,open,elvis,profile,1,41,216,0,0,2024-10-15,2024-11-27,2026-07-11,Mid-size Playlist
Criminels • C’est la vie haha • Bananasutra(FRENCH),open,No,bananasutra,open,Fred Anderson,profile,1,445,1526,1,0,2026-07-08,2026-07-08,2026-07-11,Catalog Mirror (Superfan)
Nietzsche’s Gift V.3 • LOFI Jazzz • sutraKNOW,open,Yes,Bananasutra!,open,Angus,profile,54,452,1499,1,0,2026-04-08,2026-04-10,2026-07-11,Catalog Mirror (Superfan)
Nietzsche’s Gift V.3 • LOFI Jazzz • sutraKNOW,open,Yes,nauro,open,Qoalla Diop,profile,4,499,3485,1,0,2024-03-31,2026-07-08,2026-07-11,Generic Dump (low signal)
Nietzsche’s Gift V.3 • LOFI Jazzz • sutraKNOW,open,Yes,UntitleR @ Bd Playlist,open,Jeffery Sam,profile,0,45,132,0,0,2024-11-02,2024-11-02,2026-07-11,Mid-size Playlist
Nietzsche’s Gift V.3 • LOFI Jazzz • sutraKNOW,open,Yes,soul,open,Ironntondini,profile,0,13,41,0,0,2024-10-31,2024-10-31,2026-07-11,Niche/Emerging Curator
Nietzsche’s Gift V.3 • LOFI Jazzz • sutraKNOW,open,Yes,chosen<3,open,sakaamotto,profile,3,78,401,3,0,2023-12-09,2026-01-26,2026-07-11,Mid-size Playlist
Nietzsche’s Gift V.3 • LOFI Jazzz • sutraKNOW,open,Yes,Easy music,open,Deborah Cooley,profile,1,13,52,0,0,2024-10-27,2026-05-04,2026-07-11,Niche/Emerging Curator
Win-Win in Unity (F the Duck) • Banjo Hip Hop • Bananasutra(BLOW),open,No,bananasutra,open,Fred Anderson,profile,1,445,1526,1,0,2026-07-08,2026-07-08,2026-07-11,Catalog Mirror (Superfan)
Rainbows in my Cloud (Merci) • Banjo Folk Gratitude Song • Bananasutra(GLOW),open,Yes,Bananasutra,open,Lincoln Scott,profile,0,82,270,2,0,2026-05-21,2026-05-27,2026-07-11,Mid-size Playlist (Repeat)
Crrriminals (v2) • emoPunkRock Jazz Cabaret Chanson • Bananasutra(BLOW),open,No,bananasutra,open,Fred Anderson,profile,1,445,1526,1,0,2026-07-08,2026-07-08,2026-07-11,Catalog Mirror (Superfan)
Criminals • Gipsy emoPunk Blues Cabaret Chanson • Bananasutra(BLOW),open,No,bananasutra,open,Fred Anderson,profile,1,445,1526,1,0,2026-07-08,2026-07-08,2026-07-11,Catalog Mirror (Superfan)
Kindness • Universal Jazz Cabaret of Blues Chanson • Bananasutra(GROW),open,Yes,Bananasutra!,open,Angus,profile,54,452,1499,1,0,2026-04-08,2026-04-10,2026-07-11,Catalog Mirror (Superfan)