playlist_name,playlist_url,sutra,genres,track_count,total_plays,total_likes,duration_total,artwork_url,EPs,TRACKs
BOWsutra : (Thank) Dogs,https://soundcloud.com/bananasutra/sets/bowsutra-thank-dogs,SHOWsutra,"BLUES,BURLESQUE,DUB,INDIE,JAZZ,ROCK",10,2181,30,34:33,https://i1.sndcdn.com/artworks-safSzuvAHiwvn0LF-0u5a3Q-t500x500.png,Blessed Be the Dogs ☰ SHOWsutra EPx9 ☰ Post-Punk Burlesque ROCK,[05] Blessed Be The Dogs • SHOWsutra Post-Punk Burlesque ROCK
SHOWsutra : B.J. (is for Banana Jesters),https://soundcloud.com/bananasutra/sets/showsutra-b-j-is-for-banana,SHOWsutra,"BANJO,BURLESQUE,DUB,FOLK,INDIE,JAZZ,LOFI",8,2324,27,25:38,https://i1.sndcdn.com/artworks-yoEMRKS82rZVyqki-15yXGg-t500x500.png,"BANANA ALLELUIA ♾ EPx5 ♾ KNOWsutra BURLESQUE,Who Needs a Big D? EP x8 VOL. 1 - JAZZ 'n DUB,SynthemaSutra ♆ SHOWsutra Banana EPx8","[01] BANANA ALLELUIA — KNOWsutra Folk Waltz Ballad BURLESQUE,[03] BANANA ALLELUIA — KNOWsutra Banjo Waltz Bounce BURLESQUE,[1] Who Needs a Big D? OG BURLESQUE,[02] Synthema Sutras - SHOWsutra Banana Tzigane Conscious Soul Fusion Indie LOFI"
WORLDsutra : SPAN(k)ish,https://soundcloud.com/bananasutra/sets/worldsutra-span-k-ish,GLOWsutra,"INDIE,WORLD,DUB,JAZZ,MANTRA",4,3055,35,15:03,https://i1.sndcdn.com/artworks-DQAHMhBcDTcoVFfl-BTKWAA-t500x500.png,"La Poesia Importa ♕ EPx7 VOL.01 ♕ Bananasutra En Español,Creo (La Poesia) ☘ EPx10 VOL.01 ☘ Bananasutra En Español","[06] La Poesia Importa 2 (low) - Psy JAZZsutra,[03] Creo (la poesia) - Contrabass Guitar Classico,[06] Creo - Muse DUBsutra,[02] Creo (la poesia) - Arabesk Fado"
SHOWsutra: (shades of) FOOLS,https://soundcloud.com/bananasutra/sets/showsutra-shades-of-fools,SHOWsutra,"BURLESQUE,DUB,INDIE,JAZZ,LOFI",7,4669,66,22:39,https://i1.sndcdn.com/artworks-oX7ZY3z8JzrLVWyA-Iz5Tsg-t500x500.png,"Shades of Fools EPx9,WIN-WIN DUB EPx3 ⚭ French-English GROWsutra Fusion Soul,This Is What Dissent Looks Like Now - BLOWsutra (Revolution Ring) Jazz Indie LoFi Dream","[01] Win Win Dub ⚭ French GROWsutra Soulful Hip Hop Ragga DUB,[7] Shades of Fools • All I know is I dunno • Ragga DUBsutra High,[6] Shades of Fools • All I know is I dunno • Fastass BANJOsutra,[04] What Dissent Looks Like Now • BLOWsutra Post-Punk Piano Trip Hop Lo-Fi Burlesque JAZZ,Shady Fools • FOLKsutra"
GROWsutra : DARE (to care),https://soundcloud.com/bananasutra/sets/growsutra-dare-to-care,GROWsutra,"BANJO,BLUES,DUB,FOLK,INDIE,LOFI,MANTRA",9,5249,53,28:33,https://i1.sndcdn.com/artworks-qhqHRqMMeCjATzsp-RQ8fQQ-t500x500.png,"Hereby · I Cry ☠ BLOWsutra EPx5,We Remember What (We Remember What) We Feel☉EPx5 INDIE GROWsutra,This Is My Quest • GROWsutra (Dare to Care) Dream EPx19","""[05] Hereby, I Cry • Arabesk Drum MANTRA"",we remember what we remember when we feel 2,[15] This Is My Quest • GROWsutra Psychedelic Poetry Bridges the DUB,Where Hope Expires • Folk BANJOsutra"
FLOWsutra : WET (my friend),https://soundcloud.com/bananasutra/sets/flowsutra-wet-my-friend,FLOWsutra,"BLUES,BURLESQUE,DUB,JAZZ",15,5395,80,50:22,https://i1.sndcdn.com/artworks-lciyCEyApUx6fnqe-mWMztg-t500x500.png,"Prickly Peaches DUBsutra EPx3,Foolish EPx5,Wet (Prickly) Peaches vol.2,When We Duende (All Night) EPx9 ☯ DUB + BURLESQUEsutra,Let’s Do It (Let's Fall in Love) EP • Public Domain Lyrics • JAZZsutra,Peel Me Kindly 🍌 SHOWsutra Gone Banana à la Gipsy JAZZ EPx7","When We Duende 3 - FLOWsutra DUB,When We Duende 4 - SHOWsutra JAZZ DUB,Wet Peaches • Blues BANJOsutra,Absinthe Bliss (Kiss Me Slow) • DUBsutra,Dark (Lace) Rhythms • TANGOsutra,Prickly Peaches (one) • DUB Sutra,[01] Peel Me Kindly • FLOWsutra Gone Banana Joke Gipsy JAZZ,Let’s Do It • Public Domain Lyrics • JAZZsutra 2"
BOWsutra : DEATH (is nothing),https://soundcloud.com/bananasutra/sets/bowsutra-death-is-nothing,BOWsutra,"BLUES,DUB,INDIE,JAZZ",9,5551,62,27:30,https://i1.sndcdn.com/artworks-PhV4HcOuFKRdx4bD-cO41eQ-t500x500.png,"Darling EP,Easy (Death Is Nothing At All) ❣ BOWsutra EPx9,Oh · Martine ❃ French GLOW+BOWsutra ❃ Side A+B EPx28","[07] Easy (Death Is Nothing At All) • BOWsutra La Poesita Peace DUB INDIE,#2 Darling - JAZZsutra,Side A [12] Oh Martine • BOWsutra La Poesita Fado World Duende INDIE,Side A [08] Oh Martine • BOWsutra French Psychedelic Cello Indie JAZZ,Side A [07] Oh Martine • BOWsutra French Psychedelic Cello Indie JAZZ"
WORLDsutra : Russian(ish),https://soundcloud.com/bananasutra/sets/worldsutra-russian-ish,BLOWsutra,"BANJO,BLUES,BURLESQUE,DUB,FOLK,INDIE,LOFI,ROCK",15,5751,66,1:01:23,https://i1.sndcdn.com/artworks-acFrdgqIA6o30Zzp-mlZM9A-t500x500.png,"The Echo Song ☭ Russian EPx3 ☭ Gipsy BLOWsutra LoFi Blues (Vladimir Vysotsky Cover),Who's Your Vladdy? EPx10 ☿ BLOWsutra World Peace Fusion Indie,Who's Your Vladdy? EPx2 VOL.02 ☿ BLOWsutra World Peace LOFI + ROCK","Who's Your Vladdy BLOWsutra Psychedelic Burlesque Punk ROCK,[08] Who's Your Vladdy • BLOWsutra Psychedelic Poetry Folk DUB,[07] Who's Your Vladdy • BLOWsutra Psychedelic Poetry Folk DUB,[04] Who's Your Vladdy • BLOWsutra Psychedelic World Soul FUSION,[03] The Echo Song - Vladimir Vysotsky Cover - Russian BLOWsutra Classic Psychedelic Banjo BLUES,[02] The Echo Song - Vladimir Vysotsky Cover - Russian BLOWsutra Gipsy Arabesk World Peace Indie Trip Pop LOFI"
GLOWsutra : POET(ry),https://soundcloud.com/bananasutra/sets/glowsutra-poet-ry,GLOWsutra,"BANJO,BLUES,BURLESQUE,DUB,INDIE,JAZZ,LOFI,MANTRA",14,6762,85,49:35,https://i1.sndcdn.com/artworks-OV8ZRGizQyraCB7N-C8HWOQ-t500x500.png,"La Poesia Importa ♕ EPx7 VOL.01 ♕ Bananasutra En Español,Poetry Matters EP vol.3,Poetry Matters ☰ BANJOsutra EPx2,Poetry Matters ☲ EPx3 Vol.05 ☲ DUBsutra,Poetry Slow Burns ☲ EPx5 Vol.01 ☲ DUBsutra,Awe Is Mighty (Maybe Even Holy) - GLOWsutra Conscious Indie LoFi Lullaby EPx2","[05] Poetry Slow Burns - Sweet DUBsutra,[01] Poetry Slow Burns  - Gold DUBsutra,[03] Poetry Duende - DUBsutra,[01] Poetry Duende - DUBsutra,[03] La Poesia Importa - Oh Lordy DUBsutra,Poetry Matters • LOFI DUBsutra,Poetry Matters (1) ☰ BANJOsutra dream,[01] Awe Is Mighty (Maybe Even Holy) - GLOWsutra Conscious Indie trip Hop(e) Blues Lullaby LOFI,Poetry (Nah Lie) • GROWsutra Ragga Mantra DUB"
FLOWsutra : FLY (like water),https://soundcloud.com/bananasutra/sets/flowsutra-fly-like-water,FLOWsutra,"BLUES,DUB,LOFI",8,7176,98,24:01,https://i1.sndcdn.com/artworks-NrFEJYn5QiBNXnw5-RFTkHQ-t500x500.png,"Fluye (como el mar) FLOWsutra,Jealousy (not for me) ♡ GROWsutra EPx22,Just Be EP X7 | Vocal Honey Audio Ideals","[15] Jealousy (not for me) - WSWHFN DUB,[07] Fluye • Miss Cheeky DUB (1),[06] Fluye • Queen (of Authentic) DUB (2),Just Grind(ha) • Harmonica Blues Lo-fi • sutraFLOW,Just Gasp(be) • Jazzy DUB Poetry • sutraFLOW (v1),aintdoingbaddoingnothing 💨,making songs like…,""Flow like Water, My Friend"""
QUACKsutra : FOTUS Circus,https://soundcloud.com/bananasutra/sets/quacksutra-fotus-circus,BLOWsutra,"BANJO,BURLESQUE,DUB,FOLK,INDIE,LOFI,ROCK",15,7536,68,45:21,https://i1.sndcdn.com/artworks-PbQdusXHHfL2vzQG-PVycmg-t500x500.png,"It's War · My Friend ☳ QUACKsutra EPx15,FOTUS CIRCUS ★ VOL.2 EPx10 ★ BURLESQUEsutra,FOTUS CIRCUS ★ VOL.3 EPx9 ★ BURLESQUEsutra,FOTUS CIRCUS ★ VOL.4 EPx9 ★ BURLESQUEsutra","""[02] It's War, My Friend • QUACKsutra Tzigane Indie Fusion LOFI"",""[08] FOTUS Circus VOL. 04 • Step Right Up, Murica Freaks (paper staws) • DUB QUACKsutra"",""[09] FOTUS Circus VOL. 04 • Step Right Up, My Dearest Souls • DUB QUACKsutra"",""[06] FOTUS Circus VOL. 04 • Step Right Up, for Plastic Straws • Banjo QUACKsutra"",[01] FOTUS Circus VOL. 04 • Step Right Up my Dearest Souls • Burlesque QUACKsutra,[06] FOTUS Circus VOL. 03 • When will you be angelic (Ginzberg’s Horror Show) • BURLESQUE QUACKsutra,[06] FOTUS Circus VOL. 02 • This ain't no hollow show • QUACKsutra,The Tyranny of Ignorance : BANJOsutra (Single Duck Release)"
QUACKsutra : DUCK (shady),https://soundcloud.com/bananasutra/sets/quacksutra-duck-shady,BLOWsutra,"BANJO,BLUES,BURLESQUE,DUB,FOLK,INDIE,JAZZ,LOFI,MANTRA,ROCK",26,7969,96,1:23:23,https://i1.sndcdn.com/artworks-301rwrEjz0M0tuZV-1dVJMg-t500x500.png,"Creepy Con Meme EPX2 • Dicky Ducky DUBsutra,Ego Ain't Your Amigo ⭐︎ EPx14 VOL. 01 ⭐︎ True Tales of BLUESsutra,It's War · My Friend ☳ QUACKsutra EPx15,Mind the Felon EP X5 | JAZZ LOFI : Psychedelic Paradox Soul Chanson,Pedo Nation ★ Felon Nation Redux ★ BLOWsutra EPx14,Who's Your Vladdy? EPx10 ☿ BLOWsutra World Peace Fusion Indie,Who's Your Vladdy? EPx2 VOL.02 ☿ BLOWsutra World Peace LOFI + ROCK,Woke 'em Whacks EPx4 : BLUES & DUBsutra (Music Therapy),Stymy Stymy Yuck : A Story of Old Bastards - EPx5 VOL.1 - DUBsutra","Who's Your Vladdy BLOWsutra Psychedelic Burlesque Punk ROCK,[07] Who's Your Vladdy • BLOWsutra Psychedelic Poetry Folk DUB,""[15] It's War, My Friend • QUACKsutra Psychedelic Punk ROCK"",[13] PEDO Nation • High Drum Prayer MANTRA,[01] Ego Ain't Your Amigo (Fasho at Marlago) - oh hi salty honey bluesy JAZZ tempo,Creepy Con Meme • Dicky DUBsutra,Woke-N-Whack-A-Musk ☆ BLUESsutra (1),Woke-N-Whack-A-Musk ☆ BLUESsutra (2),Mind the Felon (two) • FOLKsutra,Mind the Felon (one) • JAZZsutra,[5] stymy stymy yuck • Arabesk DUB,[2] stymy stymy yuck • muse DUB"
SHOWsutra : FANANA Club,https://soundcloud.com/bananasutra/sets/showsutra-fanana-club,SHOWsutra,"BANJO,BURLESQUE,FOLK,INDIE,JAZZ,LOFI",20,9061,117,1:07:12,https://i1.sndcdn.com/artworks-09nrbUudNilo3UyQ-Qz1LzA-t500x500.png,"Gladys in Sonderland EPx14 • SHOWsutra Psychedelic Gipsy Dream,Hi · My Name Is (Not Celine Dion) - Vol02 EPx11 - SHOWsutra Dubby Grass Burlesque Edition,Hi · My Name Is (Not Celine Dion) - Vol03 EPx11 - SHOWsutra Gipsy Trip Hop World LoFi Edition,some songs are more fun than others EP x8 ∞,Donkeys Years - SHOWsutra Fanana Club Gratitude EPx20,Dressed in (nothing butt) Wonder ★ Exxxplore and Play (EP) x16 Bananas","[06] Gladys in Sonderland • SHOWsutra Psychedelic Gipsy Cello Waltz Breathing BURLESQUE,[11] Gladys in Sonderland • SHOWsutra Psychedelic Gipsy Accordion Circus Waltz BURLESQUE,""[08] Hi, My Name Is (Not Céline Dion) - SHOWsutra Gipsy Fusion Trip Hop World LOFI"",""[11] Hi, My Name Is (Not Celine Dion) • SHOWsutra Cello Circus Waltz BURLESQUE"",Some Songs Are More POOH Than Others : DUBsutra,Some Songs Are More WOMP Than Others : CIRCUSsutra,Side A [06] Donkeys Years • SHOWsutra Fanana Club Gipsy Cabaret Indie LOFI,[15] Oh My Cha Cha Cha • Accordion BURLESQUEsutra,[01] Dressed in Wonder • psyBLUES BANJOsutra,i did the math and everything is stupid • DRUMsutra.wav,""Hi, my name is (not Celine Dion) • Hip Pop Jazz, Quirky Stuff, a true story • Bananasutra(SHOW)"""
Playlist Sidération Gone Bananas x29,https://soundcloud.com/bananasutra/sets/playlist-sideration-gone-bananas,BLOWsutra,"BLUES,JAZZ,LOFI",29,9866,76,1:28:13,https://i1.sndcdn.com/artworks-58HtMVlI0dnLHSez-V8vJyA-t500x500.png,"Sidération - The Sky Stood Still - EPx6 VOL. 2 of 4,Sidération Blues - A Song of Wrong - EPx7 Vol 3 of 4,Sidération's Calling - White House's Burning - EPx13 Vol 4 of 4","[03] Sidération - The Sky Stood Still 4 - Revolution BLUESsutra,[02] Sidération - The Sky Stood Still 2 - Revolution JAZZ BURLESQUEsutra,[05] Sidération - The Sky Stood Still 5 - Revolution FOLKsutra,[09] Sideration's Calling • White House's Burning • Riddim Sister RAGGA DUBsutra,[01] Sideration's Calling • White House's Burning • Banger BURLESQUEsutra,[02] Sideration's Calling • White House's Burning • Jazzy LOFI DUBsutra,[07] Sideration's Calling • White House's Burning • Oh Lordy 2 DUBsutra,[04] Sidération Blues Revolution - A Song of Wrong - BLUESsutra,[07] Sideration - No Velvet Scream - BLUESsutra,[05] Sidération Blues Revolution - A Song of Wrong - BLUESsutra,[02] Sidération Blues Revolution - A Song of Wrong - BLUESsutra"
BLOWsutra : APES (gone wrong),https://soundcloud.com/bananasutra/sets/blowsutra-apes-gone-wrong,BLOWsutra,"BLUES,BURLESQUE,DUB,FOLK,INDIE,JAZZ,MANTRA,ROCK",25,11995,109,1:24:53,https://i1.sndcdn.com/artworks-tJXDrinLqIXiRhrv-9pyIzQ-t500x500.jpg,"Okey Dokey · No It's Not Ξ EPx5 Ξ LOFIsutra,Serial BLOWerrr ✰ RAGGA DUBsutra,Double Standards EPx3 VOL. 1 • BURLESQUEsutra,Mass Media Freakshow EPx13 VOL.02 ⭐︎ Terrence MCKenna KNOWs ⭐︎ Burlesque or Snooze?,New Normalcy (Planet Earth to Higher Grounds) EP x7,Ordo Amoris in Decay ♡ GROWsutra EPx6,The Dystopian Quiz Song ★ EPx15 ★ Acoustic SOULsutra,If We Had But(t) The Truth ☲ Easterican Profanities EPx5 ☲ QUACKsutra","[01] Ordo Amoris In Decay - Gypsy Fado BURLESQUEsutra,[00] All I Want Is To Believe - CAT JAZZ BURLESQUEsutra,[02] Ordo Amoris In Decay - Oh Boy Accordion Cello BURLESQUEsutra,The Dystopian Quizz Song v3-2 ★ Blues Circus SOULsutra,[05] Mass Media Freakshow - chanson encore oh boy BURLESQUE,[01] Mass Media Freakshow • udio PSYcircus BURLESQUE,Double (decking) Standards VOL. 1 • DUBsutra,""New Normalcy, Space Oddity ☰ DUBsutra"",""[04] Okey Dokey, No It's Not • Jazzy LOFIsutra"",[1] Serial BLOWERS (now twat?) • DUBsutra,Planet Idiocracy (Single) • BLOWsutra Peace Odyssey DUB,[04] If We Had But(t) The Truth (Not The Quack) - Blues FOLKsutra,Kamala has a dream (and that duck just blows) • bananasutraBLUES"
BLOWsutra : MAxA Series,https://soundcloud.com/bananasutra/sets/blowsutra-maxa-series,BLOWsutra,"BANJO,BLUES,BURLESQUE,DUB,FOLK,INDIE",14,12146,114,49:16,https://i1.sndcdn.com/artworks-uDzqzbtn80lOeo3H-hV475g-t500x500.png,"MAMA-B-C (Make America Mine Achtung) • BLOWsutra MAxA Series EPx8,MASA (Make America Safe Again) ✮ EPX12 ✮ QUACKsutra Psychedelic BANJO,Make Amurica Gulag Again ☭ BLOWsutra DUB EPx25,MAKA MAKA EPx7 ⭐︎ MAxA Series · Vol. 4,MAxA Alphabet Series Compilation - Make America Humane · Kind · Safe · Smart · etcetera Alright?!","Side A [01] MAMA-B-C (Make America Mine Achtung) • BLOWsutra Back-to-Basics Folk Indie Cello BLUES,[10] MASA (Make America Safe Again) • QUACKsutra Psychedelic Booya Country BANJO,[01] MASA (Make America Safe Again) • QUACKsutra Psychedelic DUB BANJO,A [15] Make America Gulag Again • Di Riddim Ragga DUB,A [08] Make America Gulag Again • Muse DUB,A [12] Make America Gulag Again • Ragga Lala DUB,MAKA MAKA Murica (Kindness Gone Folk),[4] MAKA MAKA - Oh Hey Folk BANJOsutra,[4] MAHA • Make America Humane Again • Accordion CAT BURLESQUEsutra,[5] MAHA • Make America Humane Again • Authentic Banjo FOLKsutra,[1] MAHA • Make America Humane Again • Psy Waltz BURLESQUEsutra,MAWA MAWA • Make America Woke Again • Banger BANJOsutra"
FOTUS CIRCUS Playlist An American Freaks Show,https://soundcloud.com/bananasutra/sets/fotus-circus-playlist-an-3,BLOWsutra,"BANJO,BLUES,BURLESQUE,DUB,FOLK,JAZZ,LOFI,MANTRA,ROCK",42,12424,91,2:15:29,https://i1.sndcdn.com/artworks-fryyTDM2WyR2DKBA-QI4BwQ-t500x500.png,"Make Amurica Gulag Again ☭ BLOWsutra DUB EPx25,Hereby · I Cry ☠ BLOWsutra EPx5,FOTUS CIRCUS ★ VOL.2 EPx10 ★ BURLESQUEsutra,FOTUS CIRCUS ★ VOL.3 EPx9 ★ BURLESQUEsutra,FOTUS CIRCUS ★ VOL.4 EPx9 ★ BURLESQUEsutra","""[05] Hereby, I Cry • Arabesk Drum MANTRA"",A [12] Make America Gulag Again • Ragga Lala DUB,""[08] FOTUS Circus VOL. 04 • Step Right Up, Murica Freaks (paper staws) • DUB QUACKsutra"",""[09] FOTUS Circus VOL. 04 • Step Right Up, My Dearest Souls • DUB QUACKsutra"",""[06] FOTUS Circus VOL. 04 • Step Right Up, for Plastic Straws • Banjo QUACKsutra"",[01] FOTUS Circus VOL. 04 • Step Right Up my Dearest Souls • Burlesque QUACKsutra,[06] FOTUS Circus VOL. 03 • When will you be angelic (Ginzberg’s Horror Show) • BURLESQUE QUACKsutra,[06] FOTUS Circus VOL. 02 • This ain't no hollow show • QUACKsutra,The Tyranny of Ignorance : BANJOsutra (Single Duck Release)"
GROWsutra : KIND(ness),https://soundcloud.com/bananasutra/sets/growsutra-kind-ness,GROWsutra,"BLUES,BURLESQUE,FOLK,INDIE,JAZZ,LOFI",17,13332,113,55:24,https://i1.sndcdn.com/artworks-FCpNyoKfIRn6bNzD-59cLWg-t500x500.png,"Courage · Care · and Coconuts © GROWsutra EPx4,Genius EP,Hold the Mic · Babe  EP X7 | Soul Prayer Lullabies,La Force Douce EPx7 ✪ French GROWsutra World Peace Duende LoFi Indie Fusion,Time for Rebel Romance ☆ EPx6 ☆ BLOWsutra (Revolt Now) Cabaret,ABCs of Kindness - KNOWsutra,Glitter on a Turd ❯ GROWsutra Banana Cabaret EPx5,Kindness Matters - Human Life Soundtrack EP","[01] Time for Rebel Romance ☆ BLOWsutra (Revolt Now) Oh Boy Psychedelic Accordion Circus BURLESQUE,[02] La Force Douce - French GROWsutra Gipsy Flamenco Duende Chanson INDIE,[03] La Force Douce - French GROWsutra Gipsy Flamenco Duende Chanson INDIE,""[02] Courage, Care, and Coconuts (Kindness is Clear more than Nice) - Dreamy Indie FOLKsutra"",""#1 Hold the Mic, Babe ☰ BANJOsutra Vocal Hug"",""Genius, You See V.1 • Indie Jazz Folk Lullaby  • sutraKNOW inspired by Albert Einstein"",ABC Of Kindness - A Is For Always Speak From Your Heart - DUBsutra (1),[03] Glitter and Guts - Arabesk Indie JAZZsutra,[04] Glitter and Guts - oh lordy DUBsutra,Kindness (single) VOL. 04,MAKA MAKA Murica (Kindness Gone Folk),Kindness - JAZZsutra,Kindness • Universal Jazz Cabaret of Blues Chanson • Bananasutra(GROW)"
GLOWsutra : RAINBOWS (in my clouds),https://soundcloud.com/bananasutra/sets/glowsutra-rainbows-in-my,GLOWsutra,"BANJO,BLUES,DUB,FOLK,INDIE,JAZZ,LOFI",14,13462,167,41:49,https://i1.sndcdn.com/artworks-OuzjTqyXc8wz8Uv9-0cXu0Q-t500x500.png,"Rainbows in the Clouds • GLOWsutra Dub LoFi Blues,Tune in the Tender ☲ #GROWsutra EPx9,To Dream EP X8 | Jacques Brel Chanson Reimagined : Psychedelic French Poetry JAZZsutra X5","[02] Tune in the Tender • LOFI JAZZsutra,[02] Rainbows in the Clouds • GLOWsutra Gipsy Jazz Conscious Fusion LOFI,[01] Rainbows in the Clouds • GLOWsutra Folk Poetry Dubs the DUB,[08] Rainbows in the Clouds • GLOWsutra Queen of Authentic Dubby Folk Classic BLUES,[05] Rainbows in the Clouds • GLOWsutra Gipsy Jazz Conscious Fusion LOFI,(what u) think about? • (introvert) FOLKsutra,#1 The Quest • Jacques Brel Remake • Bananasutra French Accordion,Rainbows in my Cloud (Merci) • Banjo Folk Gratitude Song • Bananasutra(GLOW)"
BLOWsutra : CENSOR(ed),https://soundcloud.com/bananasutra/sets/blowsutra-censor-ed,BLOWsutra,"BURLESQUE,DUB,FOLK,INDIE,JAZZ,LOFI,ROCK",18,16581,178,55:38,https://i1.sndcdn.com/artworks-oX7ZY3z8JzrLVWyA-Iz5Tsg-t500x500.png,"Why We Can't Be Brave? ☷ GROWsutra (Censored) Cello EPx8,If We Had But(t) The Truth • Vol. 2 EPx22 • BLOWsutra (Censored) Epstein Etcetera Soundtrack,SS Means Sacred Sp3rm ☠ BLOWsutra EPx19,Read Me Harder (BB is for Banned Books) ☆ SHOWsutra Side A+B EPx19,Men-Oh-Pause 🩸 KNOWsutra EPx14,This Is What Dissent Looks Like Now - BLOWsutra (Revolution Ring) Jazz Indie LoFi Dream","Side B [15] If We Had But(t) The Truth • BLOWsutra (Censored) Gipsy Psychedelia Accordion Cello Indie FOLK,Side A [08] If We Had But(t) The Truth • BLOWsutra (Censored) Folk Poetry on the Bridge DUB,Side B [16] If We Had But(t) The Truth • BLOWsutra (Censored) PsyPunk Rock Cabaret BURLESQUE,[10] SS Means Sacred Sp3rm • Oh Baby FOLK,[14] SS Means Sacred Sp3rm • Jazz INDIE,[04] SS Means Sacred Sp3rm • Piano Jazz BURLESQUE,Side A [03] BB is for Banned Books - SHOWsutra Gypsy Hip Hop Fusion BURLESQUE,Side A [05] READ ME HARDER (BB is for Banned Books) - SHOWsutra Gypsy Hip Hop Rebellion BURLESQUE,[07] Why We Can't Be Brave - GROWsutra (Censored) Psychedelic Hip Hop Cello Indie Dub Fusion LOFI,[04] What Dissent Looks Like Now • BLOWsutra Post-Punk Piano Trip Hop Lo-Fi Burlesque JAZZ,[14] Men-Oh-Pause • GROWsutra I Burlesque You Not Psychedelic Punk ROCK"
BOWsutra the last of 7 sutras · it's divine <3,https://soundcloud.com/bananasutra/sets/bowsutra,BOWsutra,"BANJO,BLUES,BURLESQUE,DUB,FOLK,INDIE,JAZZ,LOFI,ROCK",56,17655,177,2:33:32,https://i1.sndcdn.com/artworks-PhV4HcOuFKRdx4bD-cO41eQ-t500x500.png,"Darling EP,Easy (Death Is Nothing At All) ❣ BOWsutra EPx9,Oh · Freedom EP x10 ♛ BLUESsutra (Public Domain Lyrics),Poetry Matters EP vol.3,Oh · Martine ❃ French GLOW+BOWsutra ❃ Side A+B EPx28","[01] Easy (Death Is Nothing At All) • BOWsutra Weary Banjo Mama BLUES,[07] Easy (Death Is Nothing At All) • BOWsutra La Poesita Peace DUB INDIE,Poetry Matters • LOFI DUBsutra,""Ooh, Freedom ♛ BLUESsutra Soul (Public Domain Heavens)"",#2 Darling - JAZZsutra,Side B [08] Oh Martine • BOWsutra Gipsy World LoFi Fusion INDIE,Side A [15] Oh Martine • BOWsutra La Poesita Fado World Duende INDIE,Side A [12] Oh Martine • BOWsutra La Poesita Fado World Duende INDIE,Side A [13] Oh Martine • BOWsutra La Poesita Fado World Duende INDIE,Side A [08] Oh Martine • BOWsutra French Psychedelic Cello Indie JAZZ,Side A [03] Oh Martine • BOWsutra Cheeky Piano Bar Kittens BURLESQUE,Side A [04] Oh Martine • BOWsutra Cheeky Piano Bar Kittens BURLESQUE,Side A [07] Oh Martine • BOWsutra French Psychedelic Cello Indie JAZZ"
KNOWsutra : but(t) WHY,https://soundcloud.com/bananasutra/sets/knowsutra-but-t-why,KNOWsutra,"BANJO,BLUES,BURLESQUE,DUB,FOLK,INDIE,JAZZ,LOFI,ROCK",24,18327,200,1:21:20,https://i1.sndcdn.com/artworks-L6uXyHUyGsqH0ZAv-cvmeZg-t500x500.png,"So · What Is Racism? KNOWsutra Gone Banana EPx17,Men-Oh-Pause 🩸 KNOWsutra EPx14","""[17] So, What Is Racism? KNOWsutra Banjo Booya Folk Banjo Harmonica BLUES"",""[14] So, What Is Racism? KNOWsutra Gipsy Dub JAZZ"",""[10] So, What Is Racism? KNOWsutra Gipsy Dub JAZZ"",""[08] So, What Is Racism? KNOWsutra Gipsy Dub JAZZ"",""[01] So, What Is Racism? KNOWsutra She Wanna Know Jazzy LoFi DUB"",""[11] So, What Is Racism? KNOWsutra Gipsy Dub JAZZ"",""[03] So, What Is Racism? KNOWsutra Rebound & Rise Jazzy Ragga DUB"",""[09] So, What Is Racism? KNOWsutra Gipsy Dub JAZZ"",[14] Men-Oh-Pause • GROWsutra I Burlesque You Not Psychedelic Punk ROCK"
KNOWsutra : (naked) TRUTH,https://soundcloud.com/bananasutra/sets/knowsura-naked-truth,KNOWsutra,"BLUES,BURLESQUE,DUB,INDIE,LOFI",20,18491,357,1:10:17,https://i1.sndcdn.com/artworks-aUUxzKo6oEXsOIfq-vtqUJA-t500x500.png,"But(t) How you Kids Learn Now? EPx9 VOL. 01,Joseph Campbell's Truth Metaphors ☷ KNOWsutra EPx12,Tell The Truth (encore) KNOWsutra EPx9 Vol. 04,Everybody Knows ✔ Vol. 03 - EPx7 ✔ KNOWsutra Gipsy Trip Hop Truth Prayer Dream,Tell the Truth EP x4 BLUESsutra,We Live Not By Lies ⚬ EPx12 ⚬ GROWsutra Revolution Ring,Hard Core (Questions that Matter) X5","[04] We Live Not By Lies - GROWsutra Psychedelic Piano Cello INDIE,[02] Everybody Knows • KNOWsutra Burlesque Trip Hop Indie Dub Piano BLUES,Feeel The Rhythm (Tell the Truth),Tell the Truth : BANJOsutra,[08] Tell The Truth • KNOWsutra True BLUES Cover,[02] Joseph Campbell - Hold the Sacred - KNOWsutra Chillhop Piano Psy-LOFI,[8] How do kids learn • DRUM FOLKsutra,[0] How do kids learn • Destiny JAZZsutra (high),Everybody Knows • FLOWsutra Freedom Magic Cello Prayer INDIE.wav,She Wears the Words • JAZZsutra Mighty Poetry Minute,#4 Hard Core : Burlesque Honeysutra,#1 Hard Core : Honey JAZZsutra"
MANTRAsutra,https://soundcloud.com/bananasutra/sets/mantrasutra,BLOWsutra,"BANJO,BLUES,BURLESQUE,DUB,FOLK,INDIE,JAZZ,LOFI,MANTRA",77,19978,191,4:20:23,https://i1.sndcdn.com/artworks-OV8ZRGizQyraCB7N-C8HWOQ-t500x500.png,"Joseph Campbell's Truth Metaphors ☷ KNOWsutra EPx12,Second Hand Smoke (of) Arrogant Hearts - BLOWsutra EGO Therapy EPx6,Cassandra’s Lullaby • KNOWsutra EPx11 World,EGO's Masquerade • EPx4 • BLOWsutra Tzigane Trip Hop Lo-Fi INDIE,Hereby · I Cry ☠ BLOWsutra EPx5,Just Be EP X7 | Vocal Honey Audio Ideals,Pedo Nation ★ Felon Nation Redux ★ BLOWsutra EPx14,Poetry Matters EP vol.3,A Man's a Man and A' That (à la bananasutra) EPx3 - VOL. 02 - Revolution Forever,En Vrai · On Est Tous Frères ䷁ FRENCH BLUESsutra EPx5,Awe Is Mighty (Maybe Even Holy) - GLOWsutra Conscious Indie LoFi Lullaby EPx2,How to Help a Bible Bro Grow Up · In the name of Religious Freedom,Queer Almighty (Holy Questions Matter) - EPx16 VOL. 02","[02] EGO's masquerade • Tzigane Trip Hop Lo-Fi INDIE,[11] Cassandra's Lullaby • Jewish Drum Indie Jazz MANTRA,""[05] Hereby, I Cry • Arabesk Drum MANTRA"",[13] PEDO Nation • High Drum Prayer MANTRA,Poetry Matters • LOFI DUBsutra,Just Grind(ha) • Harmonica Blues Lo-fi • sutraFLOW,[02] A Man's a Man and A' That - VOL. 02 - A Spin on Robert Burns' Revolutionary Song - Capela MANTRA LOFI,""En Vrai, On Est Tous Frères • LOFI BLUES FRENCHsutra"",Side B [03] Arrogant Hearts - BLOWsutra Indie Cello MANTRA,[02] Joseph Campbell - Hold the Sacred - KNOWsutra Chillhop Piano Psy-LOFI,[02] Awe Is Mighty (Maybe Even Holy) - GLOWsutra Psychedelic Folk Circus Dreamy Drum Indie MANTRA,[15] Queer Almighty - Drum Mantra DUBsutra,[7] Your rules don’t apply to me • Indie MANTRAsutra,i did the math and everything is stupid • DRUMsutra.wav,(what u) think about? • (introvert) FOLKsutra"
KNOWsutra : BERTRAND (mon chéri),https://soundcloud.com/bananasutra/sets/knowsutra-bertrand-mon-cheri,KNOWsutra,"BANJO,BLUES,BURLESQUE,DUB,FOLK,INDIE,JAZZ,LOFI",15,20144,268,51:39,https://i1.sndcdn.com/artworks-dpot7zmJbp98Q8za-Swn1Rg-t500x500.png,"Question di Kingdom ✰ Ragga DUBsutra EPx10,Reason over Reverence (No need for God) ☷ KNOWsutra EPx6,It's an Ethical Paradox • Vol. 2 EPx15 • KNOWsutra (Bertrand Knows) Gipsy Burlesque Jazz,Question Di Kingdom EPx4 VOL.02,Two Things · Darling • EPx11 • KNOWsutra (Bertrand) Conscious Gipsy LoFi Blues INDIE,The Conquest of Happiness (according to Bertrand Russel) ☰ 2 Songs EPx10 ☰ KNOWsutra","""[02] It's an Ethical Paradox, an Oxymoron Maze • KNOWsutra (Bertrand Knows) Gipsy Burlesque Upright Bass JAZZ"",""[01] It's an Ethical Paradox, an Oxymoron Maze • KNOWsutra (Bertrand Knows) Gipsy Burlesque Piano Bass JAZZ"",""[06] It's an Ethical Paradox, an Oxymoron Maze • KNOWsutra (Bertrand Knows) Gipsy Burlesque Piano Upright Bass JAZZ"",""[07] Two Things, Darling • KNOWsutra Bertrand (Knows) La Poesita Gipsy Flamenco Dub INDIE"",[04] Reason over Reverence - They said bow down but we rise 2 - DUBsutra,[01] Question Di Kingdom - Dub's the Path (Truth is the riddim) - Ragga DUBsutra,[01] Reason over Reverence (No Need for Gods) • Banjo Blues FOLKsutra,[3] Question Di Kingdom (2) • RAGGAsutra,Side A [03] EP Bertrand - The Unhappiness Dance - GROWsutra Jazzy Indie FOLK,Side B [05] EP Bertrand - The Conquest of Happiness - GROWsutra Sweet Waltz BURLESQUE,Side A [01] EP Bertrand - The Unhappiness Dance - GROWsutra Jazzy BURLESQUE"
SINGLEsutra Exclusive SoundCloud (woo),https://soundcloud.com/bananasutra/sets/singlesutra,BLOWsutra,"BANJO,BLUES,BURLESQUE,DUB,FOLK,INDIE,JAZZ,LOFI,MANTRA,ROCK",45,21644,274,2:17:26,https://i1.sndcdn.com/artworks-if82lONCI5YhLq5y-CMulEA-t500x500.png,Seminal Bollocks EP,"Seminal Bollocks  • DUBsutra,Everybody Knows • FLOWsutra Freedom Magic Cello Prayer INDIE.wav,Planet Idiocracy (Single) • BLOWsutra Peace Odyssey DUB,Poetry (Nah Lie) • GROWsutra Ragga Mantra DUB,Kindness (single) VOL. 04,MAKA MAKA Murica (Kindness Gone Folk),Where Hope Expires • Folk BANJOsutra,aintdoingbaddoingnothing 💨,Shady Fools • FOLKsutra,Liberty • Tribute to Victor Hugo’s Revolutionary Poetry • DUBsutra,making songs like…,She Wears the Words • JAZZsutra Mighty Poetry Minute,The Tyranny of Ignorance : BANJOsutra (Single Duck Release),Kamala has a dream (and that duck just blows) • bananasutraBLUES,""Flow like Water, My Friend"",Some Truths are Harder to Swallow • LOFI Jazzz • sutraGROW,""Hi, my name is (not Celine Dion) • Hip Pop Jazz, Quirky Stuff, a true story • Bananasutra(SHOW)"",""Hey, You (Creepers) • Fake Folk(s) True Tale • Bananasutra(BLOW) Authentic Imagination Music"",Rainbows in my Cloud (Merci) • Banjo Folk Gratitude Song • Bananasutra(GLOW),Kindness • Universal Jazz Cabaret of Blues Chanson • Bananasutra(GROW)"
BLOWsutra : REVOLT (now),https://soundcloud.com/bananasutra/sets/blowsutra-revolt-now,BLOWsutra,"BANJO,BLUES,BURLESQUE,DUB,FOLK,INDIE,JAZZ,LOFI,MANTRA,ROCK",36,22563,255,1:59:19,https://i1.sndcdn.com/artworks-FCpNyoKfIRn6bNzD-59cLWg-t500x500.png,"The Echo Song ☭ Russian EPx3 ☭ Gipsy BLOWsutra LoFi Blues (Vladimir Vysotsky Cover),Because the Light ☉ EPx4 VOL.01,Oh · Freedom EP x10 ♛ BLUESsutra (Public Domain Lyrics),Poem (I wanted to be · basically) ℘ EPx14 VOL.01,RUN (now · if you can),Sidération - The Sky Stood Still - EPx6 VOL. 2 of 4,Time for Rebel Romance ☆ EPx6 ☆ BLOWsutra (Revolt Now) Cabaret,We Live Not By Lies ⚬ EPx12 ⚬ GROWsutra Revolution Ring,A Man's a Man and A' That (à la bananasutra) EPx3 - VOL. 02 - Revolution Forever,They Call It Freedom (Oh Hi · Sweet Honey Bun) ✯ BLOWsutra (Revolt Now) EPx11,Bloom Past Doom (Apes Gone Wrong Series) EPx5 - BLOWsutra (Revolt Now)  Grassroots Hope Song,Do Panic Now ✝ GROWsutra EPx13,No Fear · My Dear ❢ BLOWsutra Revolution Ring Jazz EPx19,Sidération's Calling - White House's Burning - EPx13 Vol 4 of 4,Thank you · Mister Paine - American Accountability Revolution Blues EPx3,The Echo Song Song ☭ Vladimir Vysotsky - EPx6  English Cover ☭ BLOWsutra Gipsy Trip Hop Trip,DEFY ✰ 3 Songs EPx7 ✰ BLOWsutra Jazzy Folk Lo-Fi BLUES","[01] Time for Rebel Romance ☆ BLOWsutra (Revolt Now) Oh Boy Psychedelic Accordion Circus BURLESQUE,[10] We Live Not By Lies - GROWsutra Post-Punk Rock Bar Girl BURLESQUE,[03] We Live Not By Lies - GROWsutra Psychedelic Piano Cello INDIE,[03] Sidération - The Sky Stood Still 4 - Revolution BLUESsutra,RUN v5 (2) [ordo duende amoris],RUN v2 - Duende Amoris FOLK,RUN v2 - Muse DUB,[02] Because the Fight ⭐︎ MellO BANJOsutra,[06] I Wanted to Be the Poem - Bluesy Burlesque JAZZ,""Ooh, Freedom ♛ BLUESsutra Soul (Public Domain Heavens)"",""[02] They Call It Freedom (Oh Hi, Sweet Honey Bun) • BLOWsutra (Revolt Now) Psychedelic Gipsy Dadadam Indie LOFI"",""[07] They Call It Freedom (Oh Hi, Sweet Honey Bun) • BLOWsutra  (Revolt Now) Psychedelic Dubby Americana Indie LoFi FOLK"",[02] A Man's a Man and A' That - VOL. 02 - A Spin on Robert Burns' Revolutionary Song - Capela MANTRA LOFI,[03] The Echo Song - Vladimir Vysotsky Cover - Russian BLOWsutra Classic Psychedelic Banjo BLUES,[02] The Echo Song - Vladimir Vysotsky Cover - Russian BLOWsutra Gipsy Arabesk World Peace Indie Trip Pop LOFI,[03] Bloom Past Doom - BLOWsutra (Revolt Now) Cello Circus Chanson Cabaret BURLESQUE,""Side A [01] No Fear, My Dear • BLOWsutra Revolt Now Bluesy Psychedelic Chanson Piano JAZZ"",[05] The (Bloody Mountain) Echo - Vladimir Vysotsky English Cover - BLOWsutra Gipsy Piano Cello Duende INDIE,[01] DEFY (Song 1) • Shameless • KNOWsutra BLUES,[03] DEFY (Song 2) • Optics of Cruelty • BLOWsutra JAZZ LOFI,[01] DO PANIC NOW - Murica Galaxy Rule Number 1 - Sweet FOLK,""[02] Thank you, Mister Paine - American Accountability Revolution BLUESsutra"",[01] Sideration's Calling • White House's Burning • Banger BURLESQUEsutra,Liberty • Tribute to Victor Hugo’s Revolutionary Poetry • DUBsutra"
GROWsutra : GOD (etc),https://soundcloud.com/bananasutra/sets/growsutra-god-etc,GROWsutra,"BANJO,BLUES,BURLESQUE,DUB,FOLK,JAZZ,LOFI,MANTRA,ROCK",27,23651,278,1:24:51,https://i1.sndcdn.com/artworks-eYKRlb3V6IdPR1u7-GGSyjw-t500x500.png,"Reason over Reverence (No need for God) ☷ KNOWsutra EPx6,Make your Own Bible EP x6 VOL. 1 ℧ A Jazzy Burlesque Folk Trip Hop LOFI Venture (oui oui),Pro-life means what · honey?,Sing Your Own Gospel • Vol. 2 EPx7 • GROWsutra (God · Etc) Revolutionary Gipsy JAZZ,The Atheist Tango • Vol. 2 EPx12  •  GROWsutra (God · Etc) Conscious Gipsy LoFi Burlesque Jazz,El Papito Leo Es No MAGA Show ☰ KNOWsutra EPx6,Seminal Bollocks EP,How to Help a Bible Bro Grow Up · In the name of Religious Freedom,Queer Almighty (Holy Questions Matter) - EPx16 VOL. 02,Seminal Bollocks - Merry Psychedelic GROWsutra (God Etc.) EPx10","""[02] The Atheist Tango • GROWsutra (God, Etc) Conscious Gipsy Burlesque Fusion LOFI"",""[04] Sing Your Own Gospel • GROWsutra (God, Etc.) Gipsy Piano JAZZ"",""[01] Sing Your Own Gospel • GROWsutra (God, Etc.) Gipsy Gospel BLUES"",[2] Make your Own Bible - pbgal Burlesque LOFI,""Pro-Life Means What, Honey • Jazzy Mantra DUBsutra (2)"",[03] El Papito Leo es No MAGA Show - Muse DUB,[01] El Papito no es loco - Latin JAZZ,Seminal Bollocks  • DUBsutra,[01] Reason over Reverence (No Need for Gods) • Banjo Blues FOLKsutra,""[07] Seminal Bollocks - GROWsutra (God, Etc) Gipsy Trip BRUH Hop LOFI"",""[06] Seminal Bollocks - GROWsutra (God, Etc) Psychedelic Tzigane Fusion Folk LOFI"",[15] Queer Almighty - Drum Mantra DUBsutra,[06] Queer Almighty - Queer Enough to Cabaret - BANJOsutra,[08] Queer Almighty - Tell me why - FOLK BANJOsutra,[01] Queer Almighty - Folk BANJOsutra,[4] Shush the Bull Bro (Please) • DUBsutra"
ROCKsutra,https://soundcloud.com/bananasutra/sets/rocksutra,BLOWsutra,"BURLESQUE,FOLK,INDIE,JAZZ,LOFI,MANTRA,ROCK",91,26631,220,4:48:01,https://i1.sndcdn.com/artworks-RvPg90tJzDpSlPKh-ns1cUw-t500x500.png,"Tell The Truth (encore) KNOWsutra EPx9 Vol. 04,Blessed Be the Dogs ☰ SHOWsutra EPx9 ☰ Post-Punk Burlesque ROCK,It's War · My Friend ☳ QUACKsutra EPx15,New Normalcy (Planet Earth to Higher Grounds) EP x7,SS Means Sacred Sp3rm ☠ BLOWsutra EPx19,Trust No One EP x3 VOL.1 ☆ BLOWsutra Alternative Indie ROCK,We Live Not By Lies ⚬ EPx12 ⚬ GROWsutra Revolution Ring,Who's Your Vladdy? EPx2 VOL.02 ☿ BLOWsutra World Peace LOFI + ROCK,Hey · You ✖ EPx8 ✖ BLOWsutra Indie Punk ROCK,I Did the Math · and Everything is Stupid • SHOWsutra Snoopy Fanana Club EPx11,Men-Oh-Pause 🩸 KNOWsutra EPx14,Oy · We Care 🦆 QUACKsutra Psychedelic Punk Rock Mantra EPx4,SynthemaSutra ♆ SHOWsutra Banana EPx8","[11] We Live Not By Lies - GROWsutra IBYN Post-Punk BURLESQUE ROCK,Who's Your Vladdy BLOWsutra Psychedelic Burlesque Punk ROCK,""[15] It's War, My Friend • QUACKsutra Psychedelic Punk ROCK"",[05] Blessed Be The Dogs • SHOWsutra Post-Punk Burlesque ROCK,[14] SS Means Sacred Sp3rm • Jazz INDIE,[2] Trust no one - BLOWsutra Udio ROCK,""New Normalcy, Space Oddity ☰ BANJOsutra"",[02] Tell The Truth • KNOWsutra Bluesy ROCK Cover,""[10] Everything is Stupid, Absurd, and Divine • SHOWsutra Psy Punk Chanson Burlesque ROCK"",[07] I Did the Math (and Everything is Stupid) • SHOWsutra Psychedelic Burlesque Indie ROCK,""[09] Everything is Stupid, Absurd, and Divine • SHOWsutra Psy Punk Chanson Burlesque ROCK"",[08] Synthema Sutras - SHOWsutra Banana Psychedelic Burlesque Indie Punk ROCK,""Oy, We Care! BLOWsutra I Burlesque You Not 1"",[14] Men-Oh-Pause • GROWsutra I Burlesque You Not Psychedelic Punk ROCK,""[03] Hey, You - BLOWsutra psyPunk ROCK"""
FLOWsutra where time is space,https://soundcloud.com/bananasutra/sets/sutraflow,FLOWsutra,"BLUES,BURLESQUE,DUB,FOLK,INDIE,JAZZ,LOFI",55,26754,341,2:54:38,https://i1.sndcdn.com/artworks-zbyI4lbDpbvjrsBi-cszDDA-t500x500.png,"Ain't Doing Bad Doing Nothing ⭐︎ Public Domain Vol. 02 EPx10 ⭐︎ FLOWsutra Wet JAZZ,Prickly Peaches DUBsutra EPx3,Foolish EPx5,Jealousy (not for me) ♡ GROWsutra EPx22,Just Be EP X7 | Vocal Honey Audio Ideals,Where We Begin (Preakly Peaches) EPx4,Curious Like A Kiss • FLOWsutra Cheeky Duende EPx11,Let’s Do It (Let's Fall in Love) EP • Public Domain Lyrics • JAZZsutra","[15] Jealousy (not for me) - WSWHFN DUB,Where We Begin (one) : BURLESQUEsutra,Absinthe Bliss (Kiss Me Slow) • DUBsutra,Dark (Lace) Rhythms • TANGOsutra,Just Waltz(be) • Jazzy Grinding Waltz • sutraFLOW (v5),Just Grind(ha) • Harmonica Blues Lo-fi • sutraFLOW,Just Gasp(be) • Jazzy DUB Poetry • sutraFLOW (v1),[01] Ain't Doing Bad Doing Nothing ⭐︎ Public Domain Lyrics Fun ⭐︎ FLOWsutra Wet JAZZ,[08] Ain't Doing Bad Doing Nothing ⭐︎ Public Domain Lyrics Fun ⭐︎ FLOWsutra Wet BURLESQUE,[07] Ain't Doing Bad Doing Nothing ⭐︎ Public Domain Lyrics Fun ⭐︎ FLOWsutra Wet JAZZ,Prickly Peaches (one) • DUB Sutra,[09] Curious Like A Kiss • FLOWsutra Cheeky Duende Arabesk Dub LOFI,[05] Curious Like A Kiss • FLOWsutra La Poesita Flamenco Duende Dub INDIE,[07] Curious Like A Kiss • FLOWsutra Cheeky Duende Gipsy Fusion LOFI,[10] Curious Like A Kiss • FLOWsutra Cheeky Duende Arabesk Dub LOFI,[02] Curious Like A Kiss • FLOWsutra Oh Boy Piano Waltz BURLESQUE,Everybody Knows • FLOWsutra Freedom Magic Cello Prayer INDIE.wav,MAKA MAKA Murica (Kindness Gone Folk),aintdoingbaddoingnothing 💨,Let’s Do It • Public Domain Lyrics • JAZZsutra 1,Let’s Do It • Public Domain Lyrics • JAZZsutra 2,Let’s Do It • Public Domain Lyrics • JAZZsutra 3,making songs like…,""Flow like Water, My Friend"""
BLOWsutra : EGO (gone loco),https://soundcloud.com/bananasutra/sets/knowsutra-ego-gone-loco,BLOWsutra,"BANJO,BLUES,BURLESQUE,DUB,FOLK,INDIE,JAZZ,LOFI,MANTRA,ROCK",36,30149,335,2:01:22,https://i1.sndcdn.com/artworks-qfOVhmHG1WJJqjc9-k1w2VA-t500x500.png,"Second Hand Smoke (of) Arrogant Hearts - BLOWsutra EGO Therapy EPx6,EGO's Masquerade • EPx4 • BLOWsutra Tzigane Trip Hop Lo-Fi INDIE,Ego Ain't Your Amigo • Vol. 2 · EPx21 • BLOWsutra (Ego Gone Loco)  Dub LoFi Burlesque,Hey · Creeps • EPx20 • BLOWsutra Ego Gone Loco,Jolly Poo - EPx15 VOL. 01 - Banjo Blues BLOWsutra,Male Fantasies - bananasutra EPx2 Vol. 03,Trust No One EP x3 VOL.1 ☆ BLOWsutra Alternative Indie ROCK,Where Hope Expires ℧ EPx8 VOL.02,All the -Isms | BLOWsutra EPx7,Hey · You ✖ EPx8 ✖ BLOWsutra Indie Punk ROCK,Muddy Waters EP","[06] Ego Ain't Your Amigo • BLOWsutra (Ego Gone Loco) Psychedelic Bridge Poetry Folk DUB,[05] Ego Ain't Your Amigo • BLOWsutra (Ego Gone Loco) Psychedelic Bridge Poetry Folk DUB,[02] Ego Ain't Your Amigo • BLOWsutra (Ego Gone Loco) La Poesita Psychedelic Indie Flamenco DUB,""[12] Hey, Creeps • BLOWsutra Ego Gone Loco Tzigane Fusion LOFI"",""[01] Hey, Creeps • BLOWsutra Ego Gone à la Psychedelic Gipsy Bonobo Cosmic Punk LOFI"",""[13] Hey, Creeps • BLOWsutra Ego Gone Psychedelic Hip Hop Storyteller LOFI"",[02] EGO's masquerade • Tzigane Trip Hop Lo-Fi INDIE,[11] Jolly Poo - Coward Dawgs Gossip but(t) only in your back  - DUBsutra,[01] Male Fantasies • Minimal Vocal JAZZsutra,Where Hope Expires - Queen of Authentic FOLK,Where Hope Expires - dem sed Dub INDIE FOLK,[2] Trust no one - BLOWsutra Udio ROCK,[1] Trust no one - BLOWsutra Suno JAZZ,Side A [03] Secondhand Smoke • BLOWsutra Ego Gone Loco Gipsy Indie Trip Hop LOFI,Side A [01] Secondhand Smoke • BLOWsutra Ego Gone Loco Gipsy Indie Trip Hop LOFI,Side B [03] Arrogant Hearts - BLOWsutra Indie Cello MANTRA,[06] All Lame-Isms (Queen of Authentic) - BLOWsutra FOLK,""[03] Hey, You - BLOWsutra psyPunk ROCK"",Nietzsche’s Gift V.3 • LOFI Jazzz • sutraKNOW,""Hey, You (Creepers) • Fake Folk(s) True Tale • Bananasutra(BLOW) Authentic Imagination Music"""
OUI OUI : Pardon (my French),https://soundcloud.com/bananasutra/sets/oui-oui-pardon-my-french,GROWsutra,"BLUES,BURLESQUE,DUB,INDIE,JAZZ,LOFI,MANTRA",29,31488,316,1:40:08,https://i1.sndcdn.com/artworks-e0sOW6yRL70L2ZRD-C8tirQ-t500x500.png,"Secret de Polichinelle 🎪 French EPx10 🎪 KNOWsutra Psychedelic Gipsy Circus,La Force Douce EPx7 ✪ French GROWsutra World Peace Duende LoFi Indie Fusion,Le Système EP MIX X16 | Bluesy French Jazz,WIN-WIN DUB EPx3 ⚭ French-English GROWsutra Fusion Soul,En Vrai · On Est Tous Frères ䷁ FRENCH BLUESsutra EPx5,Freee · La Fille • French SHOWsutra Psychedelic EPx10,L'Embobinage (d'après Carl Sagan) • French GROWsutra EPx17,Le Bal Des Salauds - French BLOWsutra Indie Gipsy Burlesque EPx9,Oh · Martine ❃ French GLOW+BOWsutra ❃ Side A+B EPx28","[02] La Force Douce - French GROWsutra Gipsy Flamenco Duende Chanson INDIE,[03] La Force Douce - French GROWsutra Gipsy Flamenco Duende Chanson INDIE,[06] La Force Douce - French GROWsutra Tzigane Peace Soul Fusion LoFi INDIE,[01] Win Win Dub ⚭ French GROWsutra Soulful Hip Hop Ragga DUB,Le P'tit Jupiter • sutraFRENCH • indieJAZZZ Piano LOFI Soul :),""En Vrai, On Est Tous Frères • LOFI BLUES FRENCHsutra"",[01] Secret de Polichinelle - French KNOWsutra Keep It Real Psychedelic Gipsy Circus Accordion BURLESQUE,[05] Secret de Polichinelle - French KNOWsutra Keep It Real Psychedelic Gipsy Circus Indie Chanson BURLESQUE,[03] Le Bal Des Salauds • French BLOWsutra PBGal Chanson BURLESQUE,[04] Le Bal Des Salauds • French BLOWsutra Oh Boy Accordion Circus BURLESQUE,[01] Le Bal Des Salauds • French BLOWsutra Oh My Oh Why Cello Circus INDIE,Side A [15] Oh Martine • BOWsutra La Poesita Fado World Duende INDIE,Side A [12] Oh Martine • BOWsutra La Poesita Fado World Duende INDIE,""[03] Freee, la fille (remastered) • French SHOWsutra Circus Accordion BURLESQUE"",""[08] Freee, La Fille • French SHOWsutra Psychedelic Ragga DUB"",[14] L'Embobinage (d'après Carl Sagan) • French GROWsutra World Peace PsyAccordion POP BURLESQUE 3 INDIE,[09] L'Embobinage (d'après Carl Sagan) • French GROWsutra World Peace Hypnotic Tango Jazz INDIE,[13] L'Embobinage (d'après Carl Sagan) • French GROWsutra World Peace Miss Cheeky DUB,[02] L'Embobinage (d'après Carl Sagan) • French GROWsutra World Peace CelLOFI,[05] L'Embobinage (d'après Carl Sagan) • French GROWsutra World Peace Tzigane Fusion INDIE,[11] L'Embobinage (d'après Carl Sagan) • French GROWsutra World Peace La Poesita Flamenco INDIE DUB,[15] L'Embobinage (d'après Carl Sagan) • French GROWsutra World Peace PsyAccordion POP BURLESQUE INDIE"
Questions for the (kind) POPE in the Sky,https://soundcloud.com/bananasutra/sets/questions-for-the-pope-in-the-sky,KNOWsutra,"BANJO,BLUES,BURLESQUE,DUB,FOLK,INDIE,JAZZ,LOFI,MANTRA,ROCK",98,34099,302,5:01:39,https://i1.sndcdn.com/artworks-AW1E67BzmypJfRI1-6hZzEg-t500x500.png,"Question di Kingdom ✰ Ragga DUBsutra EPx10,Waldo's Fascist Tango EPx3 VOL. 1 • Burlesque JAZZ,Make your Own Bible EP x6 VOL. 1 ℧ A Jazzy Burlesque Folk Trip Hop LOFI Venture (oui oui),Pro-life means what · honey?,Question Di Kingdom EPx4 VOL.02,Why Trust an Old · Mean Religion? EPx9 VOL. 01,Hard Core (Questions that Matter) X5,How to Help a Bible Bro Grow Up · In the name of Religious Freedom,Queer Almighty (Holy Questions Matter) - EPx16 VOL. 02","[04] Reason over Reverence - They said bow down but we rise 2 - DUBsutra,[01] Question Di Kingdom - Dub's the Path (Truth is the riddim) - Ragga DUBsutra,[02] Question Di Kingdom - Dub's the Path (Truth is the riddim) - DUBsutra,""[08] Why Trust an Old, Mean Religion AD2 Soul INDIE"",[2] Make your Own Bible - pbgal Burlesque LOFI,""Pro-Life Means What, Honey • Jazzy Mantra DUBsutra (2)"",[2] Waldo's Fascist Tango - HATjazz BURLESQUE,[3] Question Di Kingdom (2) • RAGGAsutra,[4] Question Di Kingdom (1) • RAGGAsutrawav,[8] Reason fi di win • RAGGAsutra,[5] Dubbin' for Freedom • DUBsutra,[15] Queer Almighty - Drum Mantra DUBsutra,[06] Queer Almighty - Queer Enough to Cabaret - BANJOsutra,[08] Queer Almighty - Tell me why - FOLK BANJOsutra,[01] Queer Almighty - Folk BANJOsutra,[05] Queer Almighty - Jazzy Queer Almighty - BLUESy BANJOsutra,[7] Your rules don’t apply to me • Indie MANTRAsutra,[4] Shush the Bull Bro (Please) • DUBsutra,#5 Hard Core : Honey BLUESutra,#4 Hard Core : Burlesque Honeysutra,#1 Hard Core : Honey JAZZsutra"
FOLKsutra,https://soundcloud.com/bananasutra/sets/folksutra,BLOWsutra,"BANJO,BLUES,BURLESQUE,DUB,FOLK,INDIE,JAZZ,LOFI",121,38435,401,6:36:53,https://i1.sndcdn.com/artworks-XITSzbW3Jfw7E2Bb-d1yIpQ-t500x500.png,"But(t) How you Kids Learn Now? EPx9 VOL. 01,Reason over Reverence (No need for God) ☷ KNOWsutra EPx6,Rise Up · You Naked Peoples (Freedom Rings) ☆ BLOWsutra Victor Hugo Revolution Song,Bloom Past Doom - Vol. 2 · 2 songs EPx7 - BLOWsutra (Revolution Ring Series) Fusion Jazz,Cassandra’s Lullaby • KNOWsutra EPx11 World,Courage · Care · and Coconuts © GROWsutra EPx4,Genius EP,If We Had But(t) The Truth • Vol. 2 EPx22 • BLOWsutra (Censored) Epstein Etcetera Soundtrack,Just Be EP X7 | Vocal Honey Audio Ideals,Mass Media Freakshow EPx13 VOL.02 ⭐︎ Terrence MCKenna KNOWs ⭐︎ Burlesque or Snooze?,Mind the Felon EP X5 | JAZZ LOFI : Psychedelic Paradox Soul Chanson,RUN (now · if you can),SS Means Sacred Sp3rm ☠ BLOWsutra EPx19,The Dystopian Quiz Song ★ EPx15 ★ Acoustic SOULsutra,Where Hope Expires ℧ EPx8 VOL.02,Who Knows Where How Happiness Truly Grows ☰ GROWsutra EPx29,Woke 'em Whacks EPx4 : BLUES & DUBsutra (Music Therapy),En Vrai · On Est Tous Frères ䷁ FRENCH BLUESsutra EPx5,They Call It Freedom (Oh Hi · Sweet Honey Bun) ✯ BLOWsutra (Revolt Now) EPx11,All the -Isms | BLOWsutra EPx7,Do Panic Now ✝ GROWsutra EPx13,If We Had But(t) The Truth ☲ Easterican Profanities EPx5 ☲ QUACKsutra,No Fear · My Dear ❢ BLOWsutra Revolution Ring Jazz EPx19,Project 2-0-2-5 (Explicit Fascism Advisory) • Pray for Murica SOULsutra EPx7,To Dream EP X8 | Jacques Brel Chanson Reimagined : Psychedelic French Poetry JAZZsutra X5,MAxA Alphabet Series Compilation - Make America Humane · Kind · Safe · Smart · etcetera Alright?!","Side B [15] If We Had But(t) The Truth • BLOWsutra (Censored) Gipsy Psychedelia Accordion Cello Indie FOLK,Side B [07] Revolution's Lit (This Ain't Fiction) - BLOWsutra Revolt Now Bluesy Psychedelic Americana Banjo FOLK,[03] Cassandra's Lullaby • World Reckoning INDIE FOLK,[18] Who Knows Where How Happiness Truly Grows • DUENDE FOLK,[10] SS Means Sacred Sp3rm • Oh Baby FOLK,""[02] Courage, Care, and Coconuts (Kindness is Clear more than Nice) - Dreamy Indie FOLKsutra"",RUN v2 - Duende Amoris FOLK,Where Hope Expires - Queen of Authentic FOLK,Where Hope Expires - dem sed Dub INDIE FOLK,The Dystopian Quizz Song v3-2 ★ Blues Circus SOULsutra,[13] Mass Media Freakshow - McKenna's Folk,Woke-N-Whack-A-Musk ☆ BLUESsutra (2),Mind the Felon (two) • FOLKsutra,Just Gasp(be) • Jazzy DUB Poetry • sutraFLOW (v1),""Genius, You See V.1 • Indie Jazz Folk Lullaby  • sutraKNOW inspired by Albert Einstein"",""[07] They Call It Freedom (Oh Hi, Sweet Honey Bun) • BLOWsutra  (Revolt Now) Psychedelic Dubby Americana Indie LoFi FOLK"",""En Vrai, On Est Tous Frères • LOFI BLUES FRENCHsutra"",""[01] Rise Up, You Naked People (Freedom Rings) - BLOWsutra Victor Hugo Revolution Ring FOLK"",[01] Reason over Reverence (No Need for Gods) • Banjo Blues FOLKsutra,[8] How do kids learn • DRUM FOLKsutra,""Side B [12] No Fear, My Dear • BLOWsutra Revolt Now Dubby Bluesy Jazzy Psychedelic Chanson Piano FOLK"",""Side B [13] No Fear, My Dear • BLOWsutra Revolt Now Dubby Psychedelic FOLK"",[06] All Lame-Isms (Queen of Authentic) - BLOWsutra FOLK,[01] DO PANIC NOW - Murica Galaxy Rule Number 1 - Sweet FOLK,[04] If We Had But(t) The Truth (Not The Quack) - Blues FOLKsutra,Kindness (single) VOL. 04,MAKA MAKA Murica (Kindness Gone Folk),Where Hope Expires • Folk BANJOsutra,[5] MAHA • Make America Humane Again • Authentic Banjo FOLKsutra,Shady Fools • FOLKsutra,Project 2-0-2-5 • Dummy FOLKsutra,(what u) think about? • (introvert) FOLKsutra,#3 The Quest of an Unyielding Star (v2) • Jacques Brel Remake • Bananasutra Jazz,#2 The Quest of an Unyielding Star (v3) • Jacques Brel Remake • Bananasutra Jazz,""Hey, You (Creepers) • Fake Folk(s) True Tale • Bananasutra(BLOW) Authentic Imagination Music"""
KNOWsutra : PEACE (not War),https://soundcloud.com/bananasutra/sets/knowsutra-peace-not-war,GROWsutra,"BANJO,BLUES,BURLESQUE,DUB,FOLK,INDIE,JAZZ,LOFI,MANTRA",36,43828,450,2:08:12,https://i1.sndcdn.com/artworks-0YzGiltzEidfTrxR-osiLXg-t500x500.png,"A Letter to My Friend (Never Again) EPx44 ☮ GROWsutra World Peace Mantra,Cassandra’s Lullaby • KNOWsutra EPx11 World,Foolish Goldfish (Forever) ❃ Vol. 02 EPx15 ❃ KNOWsutra Peace (Not War),Predators (why war) EP x11 vol.2,The Love of a Dove ☩ EPx18 ☩ GROWsutra Peace Fusion Prayer,Peace Matters More (The Only Wish Worth Making) 🪽 GROWsutra Birthday Wish Song,Trauma Begets Trauma - KNOWsutra Peace (not War) Piano Kitten Truth EPx5","[02] Foolish Goldfish (Forever) • KNOWsutra Peace (Not War) La Poesita Psychedelic Cello Dub INDIE,[05] Foolish Goldfish (Forever) • KNOWsutra Peace (Not War) Psychedelic Poetry Dubs The Bridge DUB,[01] Foolish Goldfish (Forever) • KNOWsutra Peace (Not War) Mama-b-c Psychedelic Cello Dream INDIE,[23] Letter to My Friend (Never Again) • Gipsy Peace Duende Soul Fusion INDIE LOFI,[39] Letter to My Friend (Never Again) • GROWsutra PsyDestiny Banjo BLUES,[19] Letter to My Friend (Never Again) • Gipsy Peace Duende Soul Fusion INDIE LOFI,[27] Letter to My Friend (Never Again) • GROWsutra Jazzy Hop Storyteller LOFI 02,[31] Letter to My Friend (Never Again) • GROWsutra She Wanna Know PsyBass Circus JAZZ,[21] Letter to My Friend (Never Again) • Gipsy Peace Duende Soul Fusion INDIE LOFI,[18] Letter to My Friend (Never Again) • Gipsy Peace Duende Soul Fusion INDIE LOFI,[15] Letter to My Friend (Never Again) - GROWsutra Tzigane Arabesk Soul Peace Fusion Gipsy INDIE,[08] Letter to My Friend (Never Again) - GROWsutra Tzigane Arabesk Soul Peace Fusion Gipsy INDIE,[12] Letter to My Friend (Never Again) - GROWsutra Tzigane Arabesk Soul Peace Fusion Gipsy INDIE,[17] Letter to My Friend (Never Again) • Gipsy Peace Duende Soul Fusion INDIE LOFI,[01] Letter to My Friend (Never Again) - GROWsutra Tzigane Arabesk Soul Peace Fusion Gipsy INDIE,[16] The Love Of A Dove - GROWsutra Dem Sed Psychedelic Ragga DUB,[08] The Love Of A Dove - GROWsutra Only The Brave PsyBluegrass Dubby BLUES,[02] The Love Of A Dove - GROWsutra Duende Amoris Fado Fiddle INDIE,[14] The Love Of A Dove - GROWsutra Feel Di Riddim Psychedelic Ragga DUB,[09] The Love Of A Dove - GROWsutra Queen of Authentic Dubby Psychedelic BLUES,[11] The Love Of A Dove - GROWsutra Psychedelic Destiny BLUES,[11] Cassandra's Lullaby • Jewish Drum Indie Jazz MANTRA,[06] Cassandra's Lullaby • Jewish World INDIE FOLK,[03] Cassandra's Lullaby • World Reckoning INDIE FOLK,Predators (why Kids Are Allowed To Die) • CELLOsutra,[01] Trauma Begets Trauma • KNOWsutra Whimsical Gipsy Peace Kitten Dream Piano INDIE,[05] Peace Matters More - GROWsutra Gipsy DUB JAZZ,[02] Peace Matters More - GROWsutra Gipsy Burlesque INDIE,Predators (always Inspired) 5,Predators (always Inspired) 4"
BANJOsutra,https://soundcloud.com/bananasutra/sets/banjosutra,BLOWsutra,"BANJO,BLUES,BURLESQUE,DUB,FOLK,INDIE,JAZZ,LOFI,MANTRA,ROCK",141,47122,389,7:21:36,https://i1.sndcdn.com/artworks-iPtXxjIVQyjzpElZ-rzZZyw-t500x500.png,"MASA (Make America Safe Again) ✮ EPX12 ✮ QUACKsutra Psychedelic BANJO,Reason over Reverence (No need for God) ☷ KNOWsutra EPx6,Shades of Fools EPx9,Because the Light ☉ EPx4 VOL.01,CREEPYPASTA (what the hella) ♅ SHOWsutra ♅ EPx23 Side A+B,Hold the Mic · Babe  EP X7 | Soul Prayer Lullabies,Just Be EP X7 | Vocal Honey Audio Ideals,New Normalcy (Planet Earth to Higher Grounds) EP x7,Oh · Freedom EP x10 ♛ BLUESsutra (Public Domain Lyrics),Poem (I wanted to be · basically) ℘ EPx14 VOL.01,Poetry Matters ☰ BANJOsutra EPx2,Tell the Truth EP x4 BLUESsutra,Wet (Prickly) Peaches vol.2,En Vrai · On Est Tous Frères ䷁ FRENCH BLUESsutra EPx5,Dressed in (nothing butt) Wonder ★ Exxxplore and Play (EP) x16 Bananas,MAKA MAKA EPx7 ⭐︎ MAxA Series · Vol. 4,Queer Almighty (Holy Questions Matter) - EPx16 VOL. 02,FOTUS CIRCUS ★ VOL.4 EPx9 ★ BURLESQUEsutra,MAxA Alphabet Series Compilation - Make America Humane · Kind · Safe · Smart · etcetera Alright?!","Side A [04] CREEPYPASTA • SHOWsutra Hide Yo Pets Bluegrass BANJO,[02] Because the Fight ⭐︎ MellO BANJOsutra,[06] I Wanted to Be the Poem - Bluesy Burlesque JAZZ,Wet Peaches • Blues BANJOsutra,""Ooh, Freedom ♛ BLUESsutra Soul (Public Domain Heavens)"",Poetry Matters (1) ☰ BANJOsutra dream,Tell the Truth : BANJOsutra,""New Normalcy, Space Oddity ☰ BANJOsutra"",""#1 Hold the Mic, Babe ☰ BANJOsutra Vocal Hug"",""#3 Hold the Mic, Babe ☰ BANJOsutra Hug for Ya, Babe"",Just Grind(ha) • Harmonica Blues Lo-fi • sutraFLOW,""En Vrai, On Est Tous Frères • LOFI BLUES FRENCHsutra"",[10] MASA (Make America Safe Again) • QUACKsutra Psychedelic Booya Country BANJO,[06] MASA (Make America Safe Again) • QUACKsutra Psychedelic BANJO BLUES,[07] MASA (Make America Safe Again) • QUACKsutra Psychedelic BANJO BLUES,[01] MASA (Make America Safe Again) • QUACKsutra Psychedelic DUB BANJO,[01] Reason over Reverence (No Need for Gods) • Banjo Blues FOLKsutra,[6] Shades of Fools • All I know is I dunno • Fastass BANJOsutra,""[06] FOTUS Circus VOL. 04 • Step Right Up, for Plastic Straws • Banjo QUACKsutra"",[06] Queer Almighty - Queer Enough to Cabaret - BANJOsutra,[08] Queer Almighty - Tell me why - FOLK BANJOsutra,[01] Queer Almighty - Folk BANJOsutra,[05] Queer Almighty - Jazzy Queer Almighty - BLUESy BANJOsutra,[01] Dressed in Wonder • psyBLUES BANJOsutra,[4] MAKA MAKA - Oh Hey Folk BANJOsutra,Where Hope Expires • Folk BANJOsutra,[7] MAHA • Make America Humane Again • Booya BANJOsutra,MAWA MAWA • Make America Woke Again • Banger BANJOsutra,The Tyranny of Ignorance : BANJOsutra (Single Duck Release),Kamala has a dream (and that duck just blows) • bananasutraBLUES,Rainbows in my Cloud (Merci) • Banjo Folk Gratitude Song • Bananasutra(GLOW)"
FRENCHsutra oui oui · sacrebleu,https://soundcloud.com/bananasutra/sets/sutrafrench,GROWsutra,"BANJO,BLUES,BURLESQUE,DUB,FOLK,INDIE,JAZZ,LOFI,MANTRA",108,52655,515,5:54:58,https://i1.sndcdn.com/artworks-e0sOW6yRL70L2ZRD-C8tirQ-t500x500.png,"Jacques Brel : French EPx9 : GLOWsutra Burlesque Indie Blues Gratitude POET(ry),Secret de Polichinelle 🎪 French EPx10 🎪 KNOWsutra Psychedelic Gipsy Circus,La Force Douce EPx7 ✪ French GROWsutra World Peace Duende LoFi Indie Fusion,Le Système EP MIX X16 | Bluesy French Jazz,Nous Sommes Le Feu EPx4 ☲ GROWsutra French Peace Indie,WIN-WIN DUB EPx3 ⚭ French-English GROWsutra Fusion Soul,En Vrai · On Est Tous Frères ䷁ FRENCH BLUESsutra EPx5,Freee · La Fille • French SHOWsutra Psychedelic EPx10,L'Embobinage (d'après Carl Sagan) • French GROWsutra EPx17,Le Bal Des Salauds - French BLOWsutra Indie Gipsy Burlesque EPx9","[02] La Force Douce - French GROWsutra Gipsy Flamenco Duende Chanson INDIE,[03] La Force Douce - French GROWsutra Gipsy Flamenco Duende Chanson INDIE,[01] La Force Douce ✪ French GROWsutra Gipsy Flamenco Duende Chanson INDIE,[06] La Force Douce - French GROWsutra Tzigane Peace Soul Fusion LoFi INDIE,[01] Win Win Dub ⚭ French GROWsutra Soulful Hip Hop Ragga DUB,[01] Nous Sommes Le Feu - Chanson à la BLUESsutra - INDIE,Le Poids de l'Ego v1 • sutraFRENCH • Burlesque Ego Dub Cabaret,""Le système, ça voulait dire… v2 • sutraFRENCH • Burlesque Ego Accordion Cabaret"",""Manu, Le P'tit Menteur v2 • sutraFRENCH • Burlesque Ego Accordion Cabaret"",""Le système, ça voulait dire… v3 • sutraFRENCH • Burlesque Ego JAZZZ Masquerade"",Le P'tit Jupiter • sutraFRENCH • indieJAZZZ Piano LOFI Soul :),""En Vrai, On Est Tous Frères • LOFI BLUES FRENCHsutra"",[01] Jacques Brel - French GLOWsutra Oh Boy Accordion Circus Waltz Chanson BURLESQUE,[07] Jacques Brel - French GLOWsutra Psychedelic Circus Cello Chanson INDIE,[07] Secret de Polichinelle - French KNOWsutra Keep It Real Psychedelic Gipsy Circus Piano BURLESQUE,[01] Secret de Polichinelle - French KNOWsutra Keep It Real Psychedelic Gipsy Circus Accordion BURLESQUE,[06] Secret de Polichinelle - French KNOWsutra Keep It Real Psychedelic Gipsy Circus Indie Chanson BURLESQUE,[05] Secret de Polichinelle - French KNOWsutra Keep It Real Psychedelic Gipsy Circus Indie Chanson BURLESQUE,[08] Secret de Polichinelle - French KNOWsutra Keep It Real Psychedelic Gipsy Circus Indie Piano BURLESQUE,[07] Le Bal Des Salauds • French BLOWsutra Gipsy Accordion' Indie Folk BURLESQUE,[08] Le Bal Des Salauds • French BLOWsutra Tzigane World Indie LOFI,[03] Le Bal Des Salauds • French BLOWsutra PBGal Chanson BURLESQUE,[04] Le Bal Des Salauds • French BLOWsutra Oh Boy Accordion Circus BURLESQUE,[02] Le Bal Des Salauds • French BLOWsutra Gipsy LoFi Chanson INDIE,[01] Le Bal Des Salauds • French BLOWsutra Oh My Oh Why Cello Circus INDIE,""[09] Freee, La Fille • French SHOWsutra Psychedelic Ragga DUB"",""[03] Freee, la fille (remastered) • French SHOWsutra Circus Accordion BURLESQUE"",""[08] Freee, La Fille • French SHOWsutra Psychedelic Ragga DUB"",[14] L'Embobinage (d'après Carl Sagan) • French GROWsutra World Peace PsyAccordion POP BURLESQUE 3 INDIE,[03] L'Embobinage (d'après Carl Sagan) • French GROWsutra World Peace PsyAccordion CelLOFI INDIE,[09] L'Embobinage (d'après Carl Sagan) • French GROWsutra World Peace Hypnotic Tango Jazz INDIE,[13] L'Embobinage (d'après Carl Sagan) • French GROWsutra World Peace Miss Cheeky DUB,[02] L'Embobinage (d'après Carl Sagan) • French GROWsutra World Peace CelLOFI,[05] L'Embobinage (d'après Carl Sagan) • French GROWsutra World Peace Tzigane Fusion INDIE,[11] L'Embobinage (d'après Carl Sagan) • French GROWsutra World Peace La Poesita Flamenco INDIE DUB,[12] L'Embobinage (d'après Carl Sagan) • French GROWsutra World Peace Miss Cheeky DUB,[01] L'Embobinage (d'après Carl Sagan) • French GROWsutra World Peace CelLOFI,[15] L'Embobinage (d'après Carl Sagan) • French GROWsutra World Peace PsyAccordion POP BURLESQUE INDIE"
GLOWsutra where gratitude feeds,https://soundcloud.com/bananasutra/sets/sutraglow,GLOWsutra,"BANJO,BLUES,BURLESQUE,DUB,FOLK,INDIE,JAZZ,LOFI,MANTRA,ROCK",136,72712,777,7:27:08,https://i1.sndcdn.com/artworks-RvPg90tJzDpSlPKh-ns1cUw-t500x500.png,"Jacques Brel : French EPx9 : GLOWsutra Burlesque Indie Blues Gratitude POET(ry),Rainbows in the Clouds • GLOWsutra Dub LoFi Blues,La Poesia Importa ♕ EPx7 VOL.01 ♕ Bananasutra En Español,Poetry Matters EP vol.3,Poetry Matters ☰ BANJOsutra EPx2,Poetry Matters ☲ EPx3 Vol.05 ☲ DUBsutra,Poetry Nah Lie ☲ EPx6 Vol.01 ☲ DUBsutra,Poetry Slow Burns ☲ EPx5 Vol.01 ☲ DUBsutra,Tune in the Tender ☲ #GROWsutra EPx9,En Vrai · On Est Tous Frères ䷁ FRENCH BLUESsutra EPx5,Awe Is Mighty (Maybe Even Holy) - GLOWsutra Conscious Indie LoFi Lullaby EPx2,Creo (La Poesia) ☘ EPx10 VOL.01 ☘ Bananasutra En Español,Kiss A Pulse • GLOWsutra (Lucille Clifton Poetry) EPx16,My Quest • EPx6 Vol. 2 • GLOWsutra Jacques Brel Dream,To Dream EP X8 | Jacques Brel Chanson Reimagined : Psychedelic French Poetry JAZZsutra X5","[06] Tune in the Tender • Jazzy DUBsutra,[02] Tune in the Tender • LOFI JAZZsutra,[07] Tune in the Tender • Cello INDIEsutra,[01] Tune in the Tender • LOFI BLUESsutra,[03] Poetry Nah Lie - Ragga DUBsutra,[06] Poetry Nah Lie - Ragga DUBsutra,[02] Poetry Nah Lie - Ragga DUBsutra,[01] Poetry Nah Lie - Ragga DUBsutra,[05] Poetry Slow Burns - Sweet DUBsutra,[03] Poetry Slow Burns - DUBsutra,[02] Poetry Slow Burns - DUBsutra,[01] Poetry Slow Burns  - Gold DUBsutra,[03] Poetry Duende - DUBsutra,[01] Poetry Duende - DUBsutra,[06] La Poesia Importa 2 (low) - Psy JAZZsutra,[03] La Poesia Importa - Oh Lordy DUBsutra,Poetry Matters • LOFI DUBsutra,Poetry Matters (1) ☰ BANJOsutra dream,""En Vrai, On Est Tous Frères • LOFI BLUES FRENCHsutra"",[04] Rainbows in the Clouds • GLOWsutra Gipsy Jazz Conscious Fusion LOFI,[09] Rainbows in the Clouds • GLOWsutra Maya Mama Classic BLUES,[12] Rainbows in the Clouds • GLOWsutra Maya Mama Classic BLUES,[02] Rainbows in the Clouds • GLOWsutra Gipsy Jazz Conscious Fusion LOFI,[01] Rainbows in the Clouds • GLOWsutra Folk Poetry Dubs the DUB,[08] Rainbows in the Clouds • GLOWsutra Queen of Authentic Dubby Folk Classic BLUES,[05] Rainbows in the Clouds • GLOWsutra Gipsy Jazz Conscious Fusion LOFI,[01] Jacques Brel - French GLOWsutra Oh Boy Accordion Circus Waltz Chanson BURLESQUE,[07] Jacques Brel - French GLOWsutra Psychedelic Circus Cello Chanson INDIE,[04] My Quest • To dream an impossible dream with Jacques Brel • GLOWsutra Psychedelic Muse DUB,[01] My Quest • To dream an impossible dream • GLOWsutra Psychedelic Cello Lullaby INDIE,[08] Kiss A Pulse • GLOWsutra (Lucille Clifton Poetry) Psychedelic Folk Bridges the DUB,[15] Kiss A Pulse • GLOWsutra (Lucille Clifton Poetry) Psychedelic Destiny Banjo Soul BLUES,[14] Kiss A Pulse • GLOWsutra (Lucille Clifton Poetry) Psychedelic Indie Cello Cabaret BURLESQUE,[04] Kiss A Pulse • GLOWsutra (Lucille Clifton Poetry) Indie Gipsy Fusion LOFI,[16] Kiss A Pulse • GLOWsutra (Lucille Clifton Poetry) Psychedelic Destiny Banjo Soul BLUES,[09] Kiss A Pulse • GLOWsutra (Lucille Clifton Poetry) Psychedelic Folk Bridges the DUB,[06] Kiss A Pulse • GLOWsutra (Lucille Clifton Poetry) Psychedelic Folk Bridges the DUB,[07] Kiss A Pulse • GLOWsutra (Lucille Clifton Poetry) Psychedelic Folk Bridges the DUB,[03] Kiss A Pulse • GLOWsutra (Lucille Clifton Poetry) Indie Gipsy Fusion LOFI,[01] Kiss A Pulse • GLOWsutra (Lucille Clifton Poetry) Ethically Gipsy JAZZ,[01] Awe Is Mighty (Maybe Even Holy) - GLOWsutra Conscious Indie trip Hop(e) Blues Lullaby LOFI,[02] Awe Is Mighty (Maybe Even Holy) - GLOWsutra Psychedelic Folk Circus Dreamy Drum Indie MANTRA,[01] Creo (la poesia) - Arabesk Flamenco,[04] Creo - Cello Accordion Psychedelic Circus 1,[03] Creo (la poesia) - Contrabass Guitar Classico,[06] Creo - Muse DUBsutra,[02] Creo (la poesia) - Arabesk Fado,MAKA MAKA Murica (Kindness Gone Folk),(what u) think about? • (introvert) FOLKsutra,She Wears the Words • JAZZsutra Mighty Poetry Minute,#3 The Quest of an Unyielding Star (v2) • Jacques Brel Remake • Bananasutra Jazz,#2 The Quest of an Unyielding Star (v3) • Jacques Brel Remake • Bananasutra Jazz,#1 The Quest • Jacques Brel Remake • Bananasutra French Accordion,Rainbows in my Cloud (Merci) • Banjo Folk Gratitude Song • Bananasutra(GLOW),Kindness • Universal Jazz Cabaret of Blues Chanson • Bananasutra(GROW)"
SHOWsutra where bananas play,https://soundcloud.com/bananasutra/sets/sutrashow-where-bananas-get,SHOWsutra,"BANJO,BLUES,BURLESQUE,DUB,FOLK,INDIE,JAZZ,LOFI,ROCK",241,86392,835,13:43:02,https://i1.sndcdn.com/artworks-QRaUbtlHanDIuOON-8Hr9pg-t500x500.png,"Blessed Be the Dogs ☰ SHOWsutra EPx9 ☰ Post-Punk Burlesque ROCK,CREEPYPASTA (what the hella) ♅ SHOWsutra ♅ EPx23 Side A+B,Gladys in Sonderland EPx14 • SHOWsutra Psychedelic Gipsy Dream,Hi · My Name Is (Not Celine Dion) - Vol02 EPx11 - SHOWsutra Dubby Grass Burlesque Edition,Hi · My Name Is (Not Celine Dion) - Vol03 EPx11 - SHOWsutra Gipsy Trip Hop World LoFi Edition,Wet (Prickly) Peaches vol.2,Who Needs a Big D? EP x8 VOL. 1 - JAZZ 'n DUB,some songs are more fun than others EP x8 ∞,Read Me Harder (BB is for Banned Books) ☆ SHOWsutra Side A+B EPx19,An American in Paris (Public Domain Lyrics) 🎙️ SHOWsutra Classic Retro Musical REMAKE,Donkeys Years - SHOWsutra Fanana Club Gratitude EPx20,Dressed in (nothing butt) Wonder ★ Exxxplore and Play (EP) x16 Bananas,Freee · La Fille • French SHOWsutra Psychedelic EPx10,Peel Me Kindly 🍌 SHOWsutra Gone Banana à la Gipsy JAZZ EPx7,SynthemaSutra ♆ SHOWsutra Banana EPx8,The Great Naked King • SHOWsutra Psychedelick Fools Cabaret EPx30","[12] Gladys in Sonderland • SHOWsutra Psychedelic Gipsy Cello Waltz BURLESQUE,[10] Gladys in Sonderland • SHOWsutra Psychedelic Gipsy Cello Waltz INDIE BURLESQUE,[06] Gladys in Sonderland • SHOWsutra Psychedelic Gipsy Cello Waltz Breathing BURLESQUE,[11] Gladys in Sonderland • SHOWsutra Psychedelic Gipsy Accordion Circus Waltz BURLESQUE,[04] Gladys in Sonderland • SHOWsutra Psychedelic Gentle Gipsy Piano Cello Accordion Waltz Cameo BURLESQUE,Side B [02] CREEPYPASTA • SHOWsutra Trip Storyteller LOFI,Side B [01] CREEPYPASTA • SHOWsutra Trip Storyteller LOFI,Side A [04] CREEPYPASTA • SHOWsutra Hide Yo Pets Bluegrass BANJO,""[08] Hi, My Name Is (Not Céline Dion) - SHOWsutra Gipsy Fusion Trip Hop World LOFI"",""[02] Hi, My Name Is (Not Céline Dion) - SHOWsutra Gipsy Fusion Trip Hop World LOFI"",""[11] Hi, My Name Is (Not Celine Dion) • SHOWsutra Cello Circus Waltz BURLESQUE"",[05] Blessed Be The Dogs • SHOWsutra Post-Punk Burlesque ROCK,[1] Who Needs a Big D? OG BURLESQUE,Wet Peaches • Blues BANJOsutra,Some Songs Are More JAZZ Than Others : JAZZsutra,Some Songs Are More POOH Than Others : DUBsutra,Side B [10] READ ME HARDER (BB for Banned Books) - SHOWsutra She Wanna Know Jazzy LoFi Indie DUB,Side B [04] READ ME HARDER (BB for Banned Books) - SHOWsutra Psychedelic Destiny Banjo BLUES,Side A [06] READ ME HARDER (BB is for Banned Books) - SHOWsutra Gypsy Hip Hop Rebellion BURLESQUE,Side A [03] BB is for Banned Books - SHOWsutra Gypsy Hip Hop Fusion BURLESQUE,Side A [05] READ ME HARDER (BB is for Banned Books) - SHOWsutra Gypsy Hip Hop Rebellion BURLESQUE,[29] The Great Naked King • SHOWsutra Psychedelick Hillbilly Hop Pop Blues Banjo LOFI,[26] The Great Naked King • SHOWsutra Psychedelick Hillbilly Hop Pop Indie Blues Banjo LOFI,[17] The Great Naked King • SHOWsutra Psychedelick Cabaret Jazz Swing BURLESQUE,[18] The Great Naked King • SHOWsutra Psychedelick Cabaret Gipsy Swing BURLESQUE,[22] The Great Naked King • SHOWsutra Psychedelick Hop Pop Piano Jazz LOFI,[11] The Great Naked King • SHOWsutra Psychedelick Circus Accordion Waltz BURLESQUE,[07] The Great Naked King • SHOWsutra Psychedelick French Accordion Cello Tango JAZZ,""[03] Nice Work If You Can Get It - An American in Paris, Public Domain Lyrics - SHOWsutra Indie JAZZ"",""[04] Embraceable You - An American in Paris, Public Domain Lyrics - SHOWsutra Indie Jazz DUB"",""[05] Tra-La-La - An American in Paris, Public Domain Lyrics - SHOWsutra Indie Jazz DUB"",Side A [02] Donkeys Years • SHOWsutra Fanana Club Gipsy La Poesita Cabaret Dub INDIE,Side B [18] Donkeys Years • SHOWsutra Fanana Club Gipsy Oh Boy Accordion Circus Waltz BURLESQUE,Side A [06] Donkeys Years • SHOWsutra Fanana Club Gipsy Cabaret Indie LOFI,Side A [09] Donkeys Years • SHOWsutra Fanana Club Gipsy Cabaret Indie Cello LOFI,Side B [17] Donkeys Years • SHOWsutra Fanana Club Psychedelic Gipsy IBYN Cabaret Rock BURLESQUE,Side A [01] Donkeys Years • SHOWsutra Fanana Club Gipsy Flamenco Cabaret Dub INDIE,Side B [13] Donkeys Years • SHOWsutra Fanana Club Gipsy Piano Kitten Cabaret Burlesque JAZZ,[04] Peel Me Kindly • FLOWsutra Gone Banana Joke Gipsy JAZZ,[05] Peel Me Kindly • FLOWsutra Gone Banana Joke Gipsy JAZZ,[02] Peel Me Kindly • FLOWsutra Gone Banana Joke Gipsy JAZZ,[01] Peel Me Kindly • FLOWsutra Gone Banana Joke Gipsy JAZZ,[02] Synthema Sutras - SHOWsutra Banana Tzigane Conscious Soul Fusion Indie LOFI,[08] Synthema Sutras - SHOWsutra Banana Psychedelic Burlesque Indie Punk ROCK,[04] Synthema Sutras - SHOWsutra Banana Jazzy Bass Indie Cello Fusion DUB,""[09] Freee, La Fille • French SHOWsutra Psychedelic Ragga DUB"",""[03] Freee, la fille (remastered) • French SHOWsutra Circus Accordion BURLESQUE"",""[08] Freee, La Fille • French SHOWsutra Psychedelic Ragga DUB"",[15] Oh My Cha Cha Cha • Accordion BURLESQUEsutra,[01] Dressed in Wonder • psyBLUES BANJOsutra,i did the math and everything is stupid • DRUMsutra.wav,""Hi, my name is (not Celine Dion) • Hip Pop Jazz, Quirky Stuff, a true story • Bananasutra(SHOW)"""
BLUESsutra,https://soundcloud.com/bananasutra/sets/bluessutra,BLOWsutra,"BANJO,BLUES,BURLESQUE,DUB,FOLK,INDIE,JAZZ,LOFI,MANTRA,ROCK",183,86409,975,10:26:02,https://i1.sndcdn.com/artworks-iPtXxjIVQyjzpElZ-rzZZyw-t500x500.png,"All I Know • Shades of Fools (It's the Why) • KNOWsutra EPx5 Vol. 02,MAMA-B-C (Make America Mine Achtung) • BLOWsutra MAxA Series EPx8,Rainbows in the Clouds • GLOWsutra Dub LoFi Blues,Reason over Reverence (No need for God) ☷ KNOWsutra EPx6,So · What Is Racism? KNOWsutra Gone Banana EPx17,Tell The Truth (encore) KNOWsutra EPx9 Vol. 04,The Echo Song ☭ Russian EPx3 ☭ Gipsy BLOWsutra LoFi Blues (Vladimir Vysotsky Cover),There's No Prayer Like Desire • KNOWsutra But(t) Why EPx4,Easy (Death Is Nothing At All) ❣ BOWsutra EPx9,Ego Ain't Your Amigo • Vol. 2 · EPx21 • BLOWsutra (Ego Gone Loco)  Dub LoFi Burlesque,Everybody Knows ✔ Vol. 03 - EPx7 ✔ KNOWsutra Gipsy Trip Hop Truth Prayer Dream,Foolish Goldfish (Forever) ❃ Vol. 02 EPx15 ❃ KNOWsutra Peace (Not War),It's War · My Friend ☳ QUACKsutra EPx15,Oh · Freedom EP x10 ♛ BLUESsutra (Public Domain Lyrics),RUN (now · if you can),Sidération - The Sky Stood Still - EPx6 VOL. 2 of 4,Sing Your Own Gospel • Vol. 2 EPx7 • GROWsutra (God · Etc) Revolutionary Gipsy JAZZ,Tell the Truth EP x4 BLUESsutra,The Dystopian Quiz Song ★ EPx15 ★ Acoustic SOULsutra,The Love of a Dove ☩ EPx18 ☩ GROWsutra Peace Fusion Prayer,Tune in the Tender ☲ #GROWsutra EPx9,Two Things · Darling • EPx11 • KNOWsutra (Bertrand) Conscious Gipsy LoFi Blues INDIE,Wet (Prickly) Peaches vol.2,Woke 'em Whacks EPx4 : BLUES & DUBsutra (Music Therapy),Read Me Harder (BB is for Banned Books) ☆ SHOWsutra Side A+B EPx19,They Call It Freedom (Oh Hi · Sweet Honey Bun) ✯ BLOWsutra (Revolt Now) EPx11,Hard Core (Questions that Matter) X5,If We Had But(t) The Truth ☲ Easterican Profanities EPx5 ☲ QUACKsutra,Ironic Moronic Eugenics ☤ What Happens When KNOWsutra & BLOWsutra Make a Baby,Kiss A Pulse • GLOWsutra (Lucille Clifton Poetry) EPx16,No Fear · My Dear ❢ BLOWsutra Revolution Ring Jazz EPx19,Queer Almighty (Holy Questions Matter) - EPx16 VOL. 02,Sidération Blues - A Song of Wrong - EPx7 Vol 3 of 4,Spit Back The Lies • BLOWsutra (Revolution Ring) EPx20,Thank you · Mister Paine - American Accountability Revolution Blues EPx3,What It's About - Blues Dub Murica Mantra EPx7","[21] Ego Ain't Your Amigo • BLOWsutra (Ego Gone Loco) Queen of Authentic Dubby Psychedelic Folk BLUES,""[01] Sing Your Own Gospel • GROWsutra (God, Etc.) Gipsy Gospel BLUES"",""[11] Two Things, Darling • KNOWsutra Bertrand (Knows) Psychedelic Destiny Banjo BLUES"",""[09] Two Things, Darling • KNOWsutra Bertrand (Knows) Psychedelic Destiny Banjo BLUES"",[14] Foolish Goldfish (Forever) • KNOWsutra Peace (Not War) Psychedelic Destiny BLUES,[02] Everybody Knows • KNOWsutra Burlesque Trip Hop Indie Dub Piano BLUES,[01] Everybody Knows • KNOWsutra Burlesque Trip Hop Indie Piano BLUES,[08] The Love Of A Dove - GROWsutra Only The Brave PsyBluegrass Dubby BLUES,[09] The Love Of A Dove - GROWsutra Queen of Authentic Dubby Psychedelic BLUES,[11] The Love Of A Dove - GROWsutra Psychedelic Destiny BLUES,[01] Easy (Death Is Nothing At All) • BOWsutra Weary Banjo Mama BLUES,""[10] It's War, My Friend • QUACKsutra Psychedelic BLUES"",""[11] It's War, My Friend • QUACKsutra Psychedelic Folk BLUES"",[01] Tune in the Tender • LOFI BLUESsutra,[03] Sidération - The Sky Stood Still 4 - Revolution BLUESsutra,RUN V3 - Destiny BLUES (high),The Dystopian Quizz Song v3-2 ★ Blues Circus SOULsutra,Wet Peaches • Blues BANJOsutra,Woke-N-Whack-A-Musk ☆ BLUESsutra (1),Woke-N-Whack-A-Musk ☆ BLUESsutra (2),""Ooh, Freedom ♛ BLUESsutra Soul (Public Domain Heavens)"",Tell the Truth : BANJOsutra,""[10] They Call It Freedom (Oh Hi, Sweet Honey Bun) • BLOWsutra (Revolt Now) Classichedelic Americana BLUES"",""[08] They Call It Freedom (Oh Hi, Sweet Honey Bun) • BLOWsutra (Revolt Now) Classichedelic Americana Dubby Folky BLUES"",Side B [04] READ ME HARDER (BB for Banned Books) - SHOWsutra Psychedelic Destiny Banjo BLUES,Side A [01] MAMA-B-C (Make America Mine Achtung) • BLOWsutra Back-to-Basics Folk Indie Cello BLUES,Side A [02] MAMA-B-C (Make America Mine Achtung) • BLOWsutra psychedelic kindness is depth (high) Banjo Folk BLUES,[09] Rainbows in the Clouds • GLOWsutra Maya Mama Classic BLUES,[12] Rainbows in the Clouds • GLOWsutra Maya Mama Classic BLUES,[08] Rainbows in the Clouds • GLOWsutra Queen of Authentic Dubby Folk Classic BLUES,[01] Not Who Powers • There's No Prayer Like Desire • KNOWsutra But(t) Why Banjo Destiny BLUES,[05] All I Know - Shades of Fools • KNOWsutra Destiny BLUES,[08] Tell The Truth • KNOWsutra True BLUES Cover,[06] Tell The Truth • KNOWsutra Cello BLUES Cover,[03] The Echo Song - Vladimir Vysotsky Cover - Russian BLOWsutra Classic Psychedelic Banjo BLUES,""[17] So, What Is Racism? KNOWsutra Banjo Booya Folk Banjo Harmonica BLUES"",[01] Reason over Reverence (No Need for Gods) • Banjo Blues FOLKsutra,[20] Spit Back The Lies • BLOWsutra (Revolution Ring) Psychedelic Destiny Banjo BLUES,[15] Kiss A Pulse • GLOWsutra (Lucille Clifton Poetry) Psychedelic Destiny Banjo Soul BLUES,[16] Kiss A Pulse • GLOWsutra (Lucille Clifton Poetry) Psychedelic Destiny Banjo Soul BLUES,""Side B [11] No Fear, My Dear • BLOWsutra Revolt Now Dubby Psychedelic Folky BLUES"",[04] Ironic Moronic Eugenics • BLOWsutra Psychedelic Banjo Psybass Bluegrass BLUES,""[02] Thank you, Mister Paine - American Accountability Revolution BLUESsutra"",""[03] Thank you, Mister Paine - American Accountability Revolution BLUESsutra"",[02] What It's About - BLUESsutra,[04] If We Had But(t) The Truth (Not The Quack) - Blues FOLKsutra,[04] Sidération Blues Revolution - A Song of Wrong - BLUESsutra,[07] Sideration - No Velvet Scream - BLUESsutra,[05] Sidération Blues Revolution - A Song of Wrong - BLUESsutra,[02] Sidération Blues Revolution - A Song of Wrong - BLUESsutra,[05] Queer Almighty - Jazzy Queer Almighty - BLUESy BANJOsutra,#5 Hard Core : Honey BLUESutra,Kamala has a dream (and that duck just blows) • bananasutraBLUES,Kindness • Universal Jazz Cabaret of Blues Chanson • Bananasutra(GROW)"
QUACKsutra where we sing FU,https://soundcloud.com/bananasutra/sets/ducksutra-where-we-sing-fu,BLOWsutra,"BANJO,BLUES,BURLESQUE,DUB,FOLK,INDIE,JAZZ,LOFI,MANTRA,ROCK",282,95881,881,15:22:45,https://i1.sndcdn.com/artworks-FCpNyoKfIRn6bNzD-59cLWg-t500x500.png,"MASA (Make America Safe Again) ✮ EPX12 ✮ QUACKsutra Psychedelic BANJO,Make Amurica Gulag Again ☭ BLOWsutra DUB EPx25,Serial BLOWerrr ✰ RAGGA DUBsutra,Waldo's Fascist Tango EPx3 VOL. 1 • Burlesque JAZZ,Creepy Con Meme EPX2 • Dicky Ducky DUBsutra,Ego Ain't Your Amigo ⭐︎ EPx14 VOL. 01 ⭐︎ True Tales of BLUESsutra,Hereby · I Cry ☠ BLOWsutra EPx5,If We Had But(t) The Truth • Vol. 2 EPx22 • BLOWsutra (Censored) Epstein Etcetera Soundtrack,It's War · My Friend ☳ QUACKsutra EPx15,Mind the Felon EP X5 | JAZZ LOFI : Psychedelic Paradox Soul Chanson,Pedo Nation ★ Felon Nation Redux ★ BLOWsutra EPx14,Pro-life means what · honey?,Sidération - The Sky Stood Still - EPx6 VOL. 2 of 4,The Dystopian Quiz Song ★ EPx15 ★ Acoustic SOULsutra,Time for Rebel Romance ☆ EPx6 ☆ BLOWsutra (Revolt Now) Cabaret,Who's Your Vladdy? EPx10 ☿ BLOWsutra World Peace Fusion Indie,Who's Your Vladdy? EPx2 VOL.02 ☿ BLOWsutra World Peace LOFI + ROCK,Woke 'em Whacks EPx4 : BLUES & DUBsutra (Music Therapy),Bloom Past Doom (Apes Gone Wrong Series) EPx5 - BLOWsutra (Revolt Now)  Grassroots Hope Song,How to Help a Bible Bro Grow Up · In the name of Religious Freedom,If We Had But(t) The Truth ☲ Easterican Profanities EPx5 ☲ QUACKsutra,MAKA MAKA EPx7 ⭐︎ MAxA Series · Vol. 4,Oy · We Care 🦆 QUACKsutra Psychedelic Punk Rock Mantra EPx4,Project 2-0-2-5 (Explicit Fascism Advisory) • Pray for Murica SOULsutra EPx7,Sidération Blues - A Song of Wrong - EPx7 Vol 3 of 4,Sidération's Calling - White House's Burning - EPx13 Vol 4 of 4,Stymy Stymy Yuck : A Story of Old Bastards - EPx5 VOL.1 - DUBsutra,Thank you · Mister Paine - American Accountability Revolution Blues EPx3,What It's About - Blues Dub Murica Mantra EPx7,MAxA Alphabet Series Compilation - Make America Humane · Kind · Safe · Smart · etcetera Alright?!","[04] Time for Rebel Romance ☆ BLOWsutra (Revolt Now) IBYN Psychedelic Piano Jazz BURLESQUE,[01] Time for Rebel Romance ☆ BLOWsutra (Revolt Now) Oh Boy Psychedelic Accordion Circus BURLESQUE,[05] Time for Rebel Romance ☆ BLOWsutra (Revolt Now) Accordion Ragga Burlesque DUB,[02] Time for Rebel Romance ☆ BLOWsutra (Revolt Now) Oh Boy Psychedelic Accordion Circus BURLESQUE,Side B [15] If We Had But(t) The Truth • BLOWsutra (Censored) Gipsy Psychedelia Accordion Cello Indie FOLK,Side A [08] If We Had But(t) The Truth • BLOWsutra (Censored) Folk Poetry on the Bridge DUB,Side A [01] If We Had But(t) The Truth • BLOWsutra (Censored) Jazzy Psychedelic Hip Trip Hop LOFI,Side A [06] If We Had But(t) The Truth • BLOWsutra (Censored) Folk Poetry on the Bridge DUB,Side A [09] If We Had But(t) The Truth • BLOWsutra (Censored) Feel Di Riddim Ragga Mama DUB,Side B [16] If We Had But(t) The Truth • BLOWsutra (Censored) PsyPunk Rock Cabaret BURLESQUE,Who's Your Vladdy BLOWsutra Psychedelic Burlesque Punk ROCK,[07] Who's Your Vladdy • BLOWsutra Psychedelic Poetry Folk DUB,""[10] It's War, My Friend • QUACKsutra Psychedelic BLUES"",""[11] It's War, My Friend • QUACKsutra Psychedelic Folk BLUES"",""[02] It's War, My Friend • QUACKsutra Tzigane Indie Fusion LOFI"",""[15] It's War, My Friend • QUACKsutra Psychedelic Punk ROCK"",""[04] Hereby, I Cry • We Sing mo' DUB"",""[05] Hereby, I Cry • Arabesk Drum MANTRA"",[13] PEDO Nation • High Drum Prayer MANTRA,[10] PEDO Nation • Cello Trip Hop LOFI,[03] Sidération - The Sky Stood Still 4 - Revolution BLUESsutra,[02] Sidération - The Sky Stood Still 2 - Revolution JAZZ BURLESQUEsutra,[05] Sidération - The Sky Stood Still 5 - Revolution FOLKsutra,The Dystopian Quizz Song v3-2 ★ Blues Circus SOULsutra,[01] Ego Ain't Your Amigo (Fasho at Marlago) - oh hi salty honey bluesy JAZZ tempo,Creepy Con Meme • Dicky DUBsutra,""Pro-Life Means What, Honey • Jazzy Mantra DUBsutra (2)"",Woke-N-Whack-A-Musk ☆ BLUESsutra (1),Woke-N-Whack-A-Musk ☆ BLUESsutra (2),Woke-N-Whack-A-Musk ☆ DUBsutra (2),Mind the Felon (two) • FOLKsutra,Mind the Felon (one) • JAZZsutra,Mind the Felon (three) • JAZZsutra,[10] MASA (Make America Safe Again) • QUACKsutra Psychedelic Booya Country BANJO,[06] MASA (Make America Safe Again) • QUACKsutra Psychedelic BANJO BLUES,[07] MASA (Make America Safe Again) • QUACKsutra Psychedelic BANJO BLUES,[01] MASA (Make America Safe Again) • QUACKsutra Psychedelic DUB BANJO,A [12] Make America Gulag Again • Ragga Lala DUB,[2] Waldo's Fascist Tango - HATjazz BURLESQUE,[1] Serial BLOWERS (now twat?) • DUBsutra,[03] Bloom Past Doom - BLOWsutra (Revolt Now) Cello Circus Chanson Cabaret BURLESQUE,""Oy, We Care! BLOWsutra I Burlesque You Not 1"",""[02] Thank you, Mister Paine - American Accountability Revolution BLUESsutra"",""[03] Thank you, Mister Paine - American Accountability Revolution BLUESsutra"",[02] What It's About - BLUESsutra,[03] If We Had But(t) The Truth (Not The Quack) (low) - Drum INDIEsutra,[04] If We Had But(t) The Truth (Not The Quack) - Blues FOLKsutra,[01] Sideration's Calling • White House's Burning • Banger BURLESQUEsutra,[02] Sideration's Calling • White House's Burning • Jazzy LOFI DUBsutra,[07] Sideration's Calling • White House's Burning • Oh Lordy 2 DUBsutra,[04] Sidération Blues Revolution - A Song of Wrong - BLUESsutra,[07] Sideration - No Velvet Scream - BLUESsutra,[05] Sidération Blues Revolution - A Song of Wrong - BLUESsutra,[02] Sidération Blues Revolution - A Song of Wrong - BLUESsutra,[7] Your rules don’t apply to me • Indie MANTRAsutra,[4] Shush the Bull Bro (Please) • DUBsutra,[5] stymy stymy yuck • Arabesk DUB,[2] stymy stymy yuck • muse DUB,MAKA MAKA Murica (Kindness Gone Folk),[4] MAKA MAKA - Oh Hey Folk BANJOsutra,[4] MAHA • Make America Humane Again • Accordion CAT BURLESQUEsutra,[5] MAHA • Make America Humane Again • Authentic Banjo FOLKsutra,[1] MAHA • Make America Humane Again • Psy Waltz BURLESQUEsutra,[3] MAHA • Make America Humane Again • Bass IBYN BURLESQUE JAZZsutra,[7] MAHA • Make America Humane Again • Booya BANJOsutra,MAWA MAWA • Make America Woke Again • Banger BANJOsutra,Liberty • Tribute to Victor Hugo’s Revolutionary Poetry • DUBsutra,Project 2-0-2-5 • Dummy FOLKsutra,The Tyranny of Ignorance : BANJOsutra (Single Duck Release),Kamala has a dream (and that duck just blows) • bananasutraBLUES"
INDIEsutra,https://soundcloud.com/bananasutra/sets/indiesutra-2,GROWsutra,"BLUES,BURLESQUE,DUB,FOLK,INDIE,JAZZ,LOFI,MANTRA,ROCK",252,114697,1092,14:36:13,https://i1.sndcdn.com/artworks-iPtXxjIVQyjzpElZ-rzZZyw-t500x500.png,"Jacques Brel : French EPx9 : GLOWsutra Burlesque Indie Blues Gratitude POET(ry),MAMA-B-C (Make America Mine Achtung) • BLOWsutra MAxA Series EPx8,Why We Can't Be Brave? ☷ GROWsutra (Censored) Cello EPx8,Zero Sum (Zero Sean) • GROWsutra (Dare to Care) EPx22,A Letter to My Friend (Never Again) EPx44 ☮ GROWsutra World Peace Mantra,Bloom Past Doom - Vol. 2 · 2 songs EPx7 - BLOWsutra (Revolution Ring Series) Fusion Jazz,Cassandra’s Lullaby • KNOWsutra EPx11 World,Easy (Death Is Nothing At All) ❣ BOWsutra EPx9,Everybody Knows ✔ Vol. 03 - EPx7 ✔ KNOWsutra Gipsy Trip Hop Truth Prayer Dream,Fluye (como el mar) FLOWsutra,Foolish EPx5,Foolish Goldfish (Forever) ❃ Vol. 02 EPx15 ❃ KNOWsutra Peace (Not War),Genius EP,Jealousy (not for me) ♡ GROWsutra EPx22,Just Be EP X7 | Vocal Honey Audio Ideals,La Force Douce EPx7 ✪ French GROWsutra World Peace Duende LoFi Indie Fusion,Le Système EP MIX X16 | Bluesy French Jazz,Nous Sommes Le Feu EPx4 ☲ GROWsutra French Peace Indie,Ordo Amoris in Decay ♡ GROWsutra EPx6,Predators (why war) EP x11 vol.2,SS Means Sacred Sp3rm ☠ BLOWsutra EPx19,The Love of a Dove ☩ EPx18 ☩ GROWsutra Peace Fusion Prayer,Trust No One EP x3 VOL.1 ☆ BLOWsutra Alternative Indie ROCK,Tune in the Tender ☲ #GROWsutra EPx9,Two Things · Darling • EPx11 • KNOWsutra (Bertrand) Conscious Gipsy LoFi Blues INDIE,We Live Not By Lies ⚬ EPx12 ⚬ GROWsutra Revolution Ring,Where Hope Expires ℧ EPx8 VOL.02,Why Trust an Old · Mean Religion? EPx9 VOL. 01,Woke 'em Whacks EPx4 : BLUES & DUBsutra (Music Therapy),El Papito Leo Es No MAGA Show ☰ KNOWsutra EPx6,We Remember What (We Remember What) We Feel☉EPx5 INDIE GROWsutra,Curious Like A Kiss • FLOWsutra Cheeky Duende EPx11,Donkeys Years - SHOWsutra Fanana Club Gratitude EPx20,I Did the Math · and Everything is Stupid • SHOWsutra Snoopy Fanana Club EPx11,If We Had But(t) The Truth ☲ Easterican Profanities EPx5 ☲ QUACKsutra,L'Embobinage (d'après Carl Sagan) • French GROWsutra EPx17,Men-Oh-Pause 🩸 KNOWsutra EPx14,My Quest • EPx6 Vol. 2 • GLOWsutra Jacques Brel Dream,Oh · Martine ❃ French GLOW+BOWsutra ❃ Side A+B EPx28,Peace Matters More (The Only Wish Worth Making) 🪽 GROWsutra Birthday Wish Song,Spit Back The Lies • BLOWsutra (Revolution Ring) EPx20,The Echo Song Song ☭ Vladimir Vysotsky - EPx6  English Cover ☭ BLOWsutra Gipsy Trip Hop Trip,This Is My Quest • GROWsutra (Dare to Care) Dream EPx19,This Is What Dissent Looks Like Now - BLOWsutra (Revolution Ring) Jazz Indie LoFi Dream,MAxA Alphabet Series Compilation - Make America Humane · Kind · Safe · Smart · etcetera Alright?!","Side B [05] Revolution's Lit (This Ain't Fiction) - BLOWsutra Revolt Now Jazzy INDIE,""[07] Two Things, Darling • KNOWsutra Bertrand (Knows) La Poesita Gipsy Flamenco Dub INDIE"",""[05] Two Things, Darling • KNOWsutra Bertrand (Knows) La Poesita Gipsy Flamenco Dub INDIE"",[02] Foolish Goldfish (Forever) • KNOWsutra Peace (Not War) La Poesita Psychedelic Cello Dub INDIE,[01] Foolish Goldfish (Forever) • KNOWsutra Peace (Not War) Mama-b-c Psychedelic Cello Dream INDIE,[02] We Live Not By Lies - GROWsutra Pyschedelic Cello Dream Dub INDIE,[03] We Live Not By Lies - GROWsutra Psychedelic Piano Cello INDIE,[04] We Live Not By Lies - GROWsutra Psychedelic Piano Cello INDIE,[05] Everybody Knows • KNOWsutra Psychedelic Trip Hop Cello Waltz INDIE,[04] Everybody Knows • KNOWsutra Burlesque Trip Hop Piano Jazz INDIE,[32] Letter to My Friend (Never Again) • GROWsutra She Wanna Know PsyBass Circus JAZZ,[02] La Force Douce - French GROWsutra Gipsy Flamenco Duende Chanson INDIE,[03] La Force Douce - French GROWsutra Gipsy Flamenco Duende Chanson INDIE,[01] La Force Douce ✪ French GROWsutra Gipsy Flamenco Duende Chanson INDIE,[02] The Love Of A Dove - GROWsutra Duende Amoris Fado Fiddle INDIE,[04] The Love Of A Dove - GROWsutra Mama-b-c Peace Cello INDIE,[07] Easy (Death Is Nothing At All) • BOWsutra La Poesita Peace DUB INDIE,[01] Nous Sommes Le Feu - Chanson à la BLUESsutra - INDIE,[06] Cassandra's Lullaby • Jewish World INDIE FOLK,[14] SS Means Sacred Sp3rm • Jazz INDIE,[11] Jealousy (not for me) - MAMA-B-C INDIE,[07] Tune in the Tender • Cello INDIEsutra,[04] Ordo Amoris In Decay - Indie LOFIsutra,[01] Fluye • Oh My (Socrates) Cello INDIE,Where Hope Expires - Piano CAT JAZZ,""[08] Why Trust an Old, Mean Religion AD2 Soul INDIE"",[1] Trust no one - BLOWsutra Suno JAZZ,Woke-N-Whack-A-Musk ☆ BLUESsutra (2),Predators (why Kids Are Allowed To Die) • CELLOsutra,Dark (Lace) Rhythms • TANGOsutra,Just Grind(ha) • Harmonica Blues Lo-fi • sutraFLOW,""Manu, Le P'tit Menteur v2 • sutraFRENCH • Burlesque Ego Accordion Cabaret"",Le P'tit Jupiter • sutraFRENCH • indieJAZZZ Piano LOFI Soul :),""Genius, You See V.1 • Indie Jazz Folk Lullaby  • sutraKNOW inspired by Albert Einstein"",[06] El Papito Leo es No MAGA Show - Cello INDIE,we remember what we remember when we feel 3,we remember what we remember when we feel 2,we remember what we remember when we feel 4,we remember what we remember when we feel 1,we remember what we remember when we feel 5,[13] Zero Sum • GROWsutra Psychedelick Gipsy Flamenco Techno Fusion INDIE,[14] Zero Sum • GROWsutra Psychedelick Gipsy Flamenco Techno Fusion INDIE,Side A [03] MAMA-B-C (Make America Mine Achtung) • BLOWsutra Cello Melancholia Burlesque INDIE,[04] Why We Can't Be Brave - GROWsutra (Censored) Psychedelic Flamenco Dub Cello Fusion INDIE,[02] Why We Can't Be Brave - GROWsutra (Censored) Psychedelic Cello Drama Duende Dream INDIE,[07] Jacques Brel - French GLOWsutra Psychedelic Circus Cello Chanson INDIE,[06] This Is My Quest • GROWsutra Psychedelic Gipsy Techno Fado Flamenco Duende INDIE,[01] This Is My Quest • GROWsutra Psychedelic Gipsy Techno Fado Flamenco Duende INDIE,[05] This Is My Quest • GROWsutra Psychedelic Gipsy Techno Fado Flamenco Duende INDIE,[09] This Is My Quest • GROWsutra Psychedelic Gipsy Fado Arabesk Lofi Dub INDIE,[01] My Quest • To dream an impossible dream • GLOWsutra Psychedelic Cello Lullaby INDIE,[05] Curious Like A Kiss • FLOWsutra La Poesita Flamenco Duende Dub INDIE,[03] Spit Back The Lies • BLOWsutra (Revolution Ring) Mama-b-c Psychedelic Cello Fusion INDIE,[02] Spit Back The Lies • BLOWsutra (Revolution Ring) Mama-b-c Psychedelic Cello Fusion INDIE,[BONUS] What Dissent Looks Like Now • BLOWsutra Psychedelic Burlesque MamA-B-Cello Dream Cabaret INDIE,[10] What Dissent Looks Like Now • BLOWsutra Post-Punk Gipsy Trip Hop Lo-Fi Burlesque INDIE,[08] What Dissent Looks Like Now • BLOWsutra Post-Punk Gipsy Trip Hop Lo-Fi Burlesque INDIE,""[Bonus] I did the Math, and Everything is Stupid • SHOWsutra Snoopy Poopy INDIE"",Side A [02] Donkeys Years • SHOWsutra Fanana Club Gipsy La Poesita Cabaret Dub INDIE,Side A [01] Donkeys Years • SHOWsutra Fanana Club Gipsy Flamenco Cabaret Dub INDIE,[01] Peace Matters More - GROWsutra Gipsy psyCello INDIE,[02] Peace Matters More - GROWsutra Gipsy Burlesque INDIE,[05] The (Bloody Mountain) Echo - Vladimir Vysotsky English Cover - BLOWsutra Gipsy Piano Cello Duende INDIE,Side B [08] Oh Martine • BOWsutra Gipsy World LoFi Fusion INDIE,Side A [15] Oh Martine • BOWsutra La Poesita Fado World Duende INDIE,Side A [12] Oh Martine • BOWsutra La Poesita Fado World Duende INDIE,Side A [13] Oh Martine • BOWsutra La Poesita Fado World Duende INDIE,Everybody Knows • FLOWsutra Freedom Magic Cello Prayer INDIE.wav,[14] L'Embobinage (d'après Carl Sagan) • French GROWsutra World Peace PsyAccordion POP BURLESQUE 3 INDIE,[03] L'Embobinage (d'après Carl Sagan) • French GROWsutra World Peace PsyAccordion CelLOFI INDIE,[09] L'Embobinage (d'après Carl Sagan) • French GROWsutra World Peace Hypnotic Tango Jazz INDIE,[15] L'Embobinage (d'après Carl Sagan) • French GROWsutra World Peace PsyAccordion POP BURLESQUE INDIE,[05] Men-Oh-Pause • GROWsutra She Wanna Know Fusion Jazz CelLOFI INDIE,[04] Men-Oh-Pause • GROWsutra She Wanna Know Fusion Jazz CelLOFI INDIE,[03] If We Had But(t) The Truth (Not The Quack) (low) - Drum INDIEsutra,MAKA MAKA Murica (Kindness Gone Folk),[1] MAHA • Make America Humane Again • Psy Waltz BURLESQUEsutra,Predators (always Inspired) 5,Predators (always Inspired) 4,Some Truths are Harder to Swallow • LOFI Jazzz • sutraGROW"
BURLESQUEsutra,https://soundcloud.com/bananasutra/sets/burlesquesutra,SHOWsutra,"BANJO,BLUES,BURLESQUE,DUB,FOLK,INDIE,JAZZ,LOFI,MANTRA,ROCK",295,114794,1044,16:10:25,https://i1.sndcdn.com/artworks-iPtXxjIVQyjzpElZ-rzZZyw-t500x500.png,"Ain't Doing Bad Doing Nothing ⭐︎ Public Domain Vol. 02 EPx10 ⭐︎ FLOWsutra Wet JAZZ,Jacques Brel : French EPx9 : GLOWsutra Burlesque Indie Blues Gratitude POET(ry),Secret de Polichinelle 🎪 French EPx10 🎪 KNOWsutra Psychedelic Gipsy Circus,There's No Prayer Like Desire • KNOWsutra But(t) Why EPx4,Waldo's Fascist Tango EPx3 VOL. 1 • Burlesque JAZZ,Zero Sum (Zero Sean) • GROWsutra (Dare to Care) EPx22,BANANA ALLELUIA ♾ EPx5 ♾ KNOWsutra BURLESQUE,Ego Ain't Your Amigo • Vol. 2 · EPx21 • BLOWsutra (Ego Gone Loco)  Dub LoFi Burlesque,Foolish EPx5,Gladys in Sonderland EPx14 • SHOWsutra Psychedelic Gipsy Dream,Hi · My Name Is (Not Celine Dion) - Vol02 EPx11 - SHOWsutra Dubby Grass Burlesque Edition,If We Had But(t) The Truth • Vol. 2 EPx22 • BLOWsutra (Censored) Epstein Etcetera Soundtrack,Just Be EP X7 | Vocal Honey Audio Ideals,Le Système EP MIX X16 | Bluesy French Jazz,Mass Media Freakshow EPx13 VOL.02 ⭐︎ Terrence MCKenna KNOWs ⭐︎ Burlesque or Snooze?,Ordo Amoris in Decay ♡ GROWsutra EPx6,SS Means Sacred Sp3rm ☠ BLOWsutra EPx19,Sidération - The Sky Stood Still - EPx6 VOL. 2 of 4,The Atheist Tango • Vol. 2 EPx12  •  GROWsutra (God · Etc) Conscious Gipsy LoFi Burlesque Jazz,Time for Rebel Romance ☆ EPx6 ☆ BLOWsutra (Revolt Now) Cabaret,We Live Not By Lies ⚬ EPx12 ⚬ GROWsutra Revolution Ring,Where We Begin (Preakly Peaches) EPx4,Who Needs a Big D? EP x8 VOL. 1 - JAZZ 'n DUB,some songs are more fun than others EP x8 ∞,Read Me Harder (BB is for Banned Books) ☆ SHOWsutra Side A+B EPx19,All the -Isms | BLOWsutra EPx7,Bloom Past Doom (Apes Gone Wrong Series) EPx5 - BLOWsutra (Revolt Now)  Grassroots Hope Song,Curious Like A Kiss • FLOWsutra Cheeky Duende EPx11,Donkeys Years - SHOWsutra Fanana Club Gratitude EPx20,Freee · La Fille • French SHOWsutra Psychedelic EPx10,Glitter on a Turd ❯ GROWsutra Banana Cabaret EPx5,Hard Core (Questions that Matter) X5,I Did the Math · and Everything is Stupid • SHOWsutra Snoopy Fanana Club EPx11,Kiss A Pulse • GLOWsutra (Lucille Clifton Poetry) EPx16,L'Embobinage (d'après Carl Sagan) • French GROWsutra EPx17,Le Bal Des Salauds - French BLOWsutra Indie Gipsy Burlesque EPx9,MAWA MAWA EPx2 (if Soundcloud allows) ⭐︎ MAxA Series · Vol. 2,Men-Oh-Pause 🩸 KNOWsutra EPx14,Oh · Martine ❃ French GLOW+BOWsutra ❃ Side A+B EPx28,Peace Matters More (The Only Wish Worth Making) 🪽 GROWsutra Birthday Wish Song,Seminal Bollocks - Merry Psychedelic GROWsutra (God Etc.) EPx10,Sidération's Calling - White House's Burning - EPx13 Vol 4 of 4,The Conquest of Happiness (according to Bertrand Russel) ☰ 2 Songs EPx10 ☰ KNOWsutra,The Great Naked King • SHOWsutra Psychedelick Fools Cabaret EPx30,To Dream EP X8 | Jacques Brel Chanson Reimagined : Psychedelic French Poetry JAZZsutra X5,DEFY (Vol 2) - 3 Songs EPx6 - BLOWsutra Revolution Ring LoFi Jazz Fusion,MAxA Alphabet Series Compilation - Make America Humane · Kind · Safe · Smart · etcetera Alright?!","[18] Ego Ain't Your Amigo • BLOWsutra (Ego Gone Loco) Post-Punk Psychedelic IBYN Rock BURLESQUE,[04] Time for Rebel Romance ☆ BLOWsutra (Revolt Now) IBYN Psychedelic Piano Jazz BURLESQUE,[01] Time for Rebel Romance ☆ BLOWsutra (Revolt Now) Oh Boy Psychedelic Accordion Circus BURLESQUE,[02] Time for Rebel Romance ☆ BLOWsutra (Revolt Now) Oh Boy Psychedelic Accordion Circus BURLESQUE,Side B [16] If We Had But(t) The Truth • BLOWsutra (Censored) PsyPunk Rock Cabaret BURLESQUE,""[08] The Atheist Tango • GROWsutra (God, Etc) Gipsy Cello Bass Chanson Jazz BURLESQUE"",[10] We Live Not By Lies - GROWsutra Post-Punk Rock Bar Girl BURLESQUE,[12] Gladys in Sonderland • SHOWsutra Psychedelic Gipsy Cello Waltz BURLESQUE,[10] Gladys in Sonderland • SHOWsutra Psychedelic Gipsy Cello Waltz INDIE BURLESQUE,[06] Gladys in Sonderland • SHOWsutra Psychedelic Gipsy Cello Waltz Breathing BURLESQUE,[11] Gladys in Sonderland • SHOWsutra Psychedelic Gipsy Accordion Circus Waltz BURLESQUE,[04] Gladys in Sonderland • SHOWsutra Psychedelic Gentle Gipsy Piano Cello Accordion Waltz Cameo BURLESQUE,""[11] Hi, My Name Is (Not Celine Dion) • SHOWsutra Cello Circus Waltz BURLESQUE"",[03] BANANA ALLELUIA — KNOWsutra Banjo Waltz Bounce BURLESQUE,[04] SS Means Sacred Sp3rm • Piano Jazz BURLESQUE,[01] Ordo Amoris In Decay - Gypsy Fado BURLESQUEsutra,[00] All I Want Is To Believe - CAT JAZZ BURLESQUEsutra,[02] Ordo Amoris In Decay - Oh Boy Accordion Cello BURLESQUEsutra,[02] Sidération - The Sky Stood Still 2 - Revolution JAZZ BURLESQUEsutra,[05] Mass Media Freakshow - chanson encore oh boy BURLESQUE,[01] Mass Media Freakshow • udio PSYcircus BURLESQUE,[1] Who Needs a Big D? OG BURLESQUE,Some Songs Are More WOMP Than Others : CIRCUSsutra,Where We Begin (one) : BURLESQUEsutra,Dark (Lace) Rhythms • TANGOsutra,Just Waltz(be) • Jazzy Grinding Waltz • sutraFLOW (v5),""Le système, ça voulait dire… v2 • sutraFRENCH • Burlesque Ego Accordion Cabaret"",""Manu, Le P'tit Menteur v2 • sutraFRENCH • Burlesque Ego Accordion Cabaret"",Side A [06] READ ME HARDER (BB is for Banned Books) - SHOWsutra Gypsy Hip Hop Rebellion BURLESQUE,Side A [03] BB is for Banned Books - SHOWsutra Gypsy Hip Hop Fusion BURLESQUE,Side A [05] READ ME HARDER (BB is for Banned Books) - SHOWsutra Gypsy Hip Hop Rebellion BURLESQUE,[20] Zero Sum • GROWsutra Psychedelick Post-Punk Cello Dub Cabaret BURLESQUE,[04] The Fire We Share • There's No Prayer Like Desire • KNOWsutra But(t) Why Accordion Chanson BURLESQUE,[01] Jacques Brel - French GLOWsutra Oh Boy Accordion Circus Waltz Chanson BURLESQUE,[07] Secret de Polichinelle - French KNOWsutra Keep It Real Psychedelic Gipsy Circus Piano BURLESQUE,[01] Secret de Polichinelle - French KNOWsutra Keep It Real Psychedelic Gipsy Circus Accordion BURLESQUE,[06] Secret de Polichinelle - French KNOWsutra Keep It Real Psychedelic Gipsy Circus Indie Chanson BURLESQUE,[05] Secret de Polichinelle - French KNOWsutra Keep It Real Psychedelic Gipsy Circus Indie Chanson BURLESQUE,[08] Secret de Polichinelle - French KNOWsutra Keep It Real Psychedelic Gipsy Circus Indie Piano BURLESQUE,[08] Ain't Doing Bad Doing Nothing ⭐︎ Public Domain Lyrics Fun ⭐︎ FLOWsutra Wet BURLESQUE,[2] Waldo's Fascist Tango - HATjazz BURLESQUE,[17] The Great Naked King • SHOWsutra Psychedelick Cabaret Jazz Swing BURLESQUE,[18] The Great Naked King • SHOWsutra Psychedelick Cabaret Gipsy Swing BURLESQUE,[11] The Great Naked King • SHOWsutra Psychedelick Circus Accordion Waltz BURLESQUE,[02] Curious Like A Kiss • FLOWsutra Oh Boy Piano Waltz BURLESQUE,[14] Kiss A Pulse • GLOWsutra (Lucille Clifton Poetry) Psychedelic Indie Cello Cabaret BURLESQUE,[03] Bloom Past Doom - BLOWsutra (Revolt Now) Cello Circus Chanson Cabaret BURLESQUE,[BONUS] Shameless - DEFY EP Vol 2 - BLOWsutra Revolution Ring Psychedelic Piano Jazz BURLESQUE,""[04] Seminal Bollocks - GROWsutra (God, Etc) French Accordion Psychedelia BURLESQUE"",[04] I Did the Math (and Everything is Stupid) • SHOWsutra Indie Chanson Gipsy BURLESQUE,Side B [18] Donkeys Years • SHOWsutra Fanana Club Gipsy Oh Boy Accordion Circus Waltz BURLESQUE,Side B [17] Donkeys Years • SHOWsutra Fanana Club Psychedelic Gipsy IBYN Cabaret Rock BURLESQUE,Side B [05] EP Bertrand - The Conquest of Happiness - GROWsutra Sweet Waltz BURLESQUE,Side A [01] EP Bertrand - The Unhappiness Dance - GROWsutra Jazzy BURLESQUE,[04] Peace Matters More - GROWsutra Gipsy Circus BURLESQUE,[07] Le Bal Des Salauds • French BLOWsutra Gipsy Accordion' Indie Folk BURLESQUE,[03] Le Bal Des Salauds • French BLOWsutra PBGal Chanson BURLESQUE,[04] Le Bal Des Salauds • French BLOWsutra Oh Boy Accordion Circus BURLESQUE,Side A [03] Oh Martine • BOWsutra Cheeky Piano Bar Kittens BURLESQUE,Side A [04] Oh Martine • BOWsutra Cheeky Piano Bar Kittens BURLESQUE,""[03] Freee, la fille (remastered) • French SHOWsutra Circus Accordion BURLESQUE"",[14] L'Embobinage (d'après Carl Sagan) • French GROWsutra World Peace PsyAccordion POP BURLESQUE 3 INDIE,[09] L'Embobinage (d'après Carl Sagan) • French GROWsutra World Peace Hypnotic Tango Jazz INDIE,[13] Men-Oh-Pause • GROWsutra Accordion Circus BURLESQUE,[12] Men-Oh-Pause • GROWsutra Accordion Circus BURLESQUE,[04] All Lame-Isms (oh boy) 1 - BLOWsutra BURLESQUE,[01] Sideration's Calling • White House's Burning • Banger BURLESQUEsutra,[01] Glitter and Guts - Circus BURLESQUEsutra,MAWA MAWA • Make America Woke Again • Accordion Cello Lament BURLESQUEsutra,[4] MAHA • Make America Humane Again • Accordion CAT BURLESQUEsutra,aintdoingbaddoingnothing 💨,She Wears the Words • JAZZsutra Mighty Poetry Minute,#4 Hard Core : Burlesque Honeysutra,#1 The Quest • Jacques Brel Remake • Bananasutra French Accordion,""Hi, my name is (not Celine Dion) • Hip Pop Jazz, Quirky Stuff, a true story • Bananasutra(SHOW)"""
KNOWsutra where questions matter,https://soundcloud.com/bananasutra/sets/sutraknow,KNOWsutra,"BANJO,BLUES,BURLESQUE,DUB,FOLK,INDIE,JAZZ,LOFI,MANTRA,ROCK",246,118874,1360,13:42:31,https://i1.sndcdn.com/artworks-NK0wy8xSKMBP4LSI-DlE3WA-t500x500.png,"All I Know • Shades of Fools (It's the Why) • KNOWsutra EPx5 Vol. 02,Kids Are Asking ✪ KNOWsutra But(t) Why EPx3,Question di Kingdom ✰ Ragga DUBsutra EPx10,So · What Is Racism? KNOWsutra Gone Banana EPx17,Tell The Truth (encore) KNOWsutra EPx9 Vol. 04,There's No Prayer Like Desire • KNOWsutra But(t) Why EPx4,Cassandra’s Lullaby • KNOWsutra EPx11 World,Double Standards EPx3 VOL. 1 • BURLESQUEsutra,Everybody Knows ✔ Vol. 03 - EPx7 ✔ KNOWsutra Gipsy Trip Hop Truth Prayer Dream,Genius EP,It's an Ethical Paradox • Vol. 2 EPx15 • KNOWsutra (Bertrand Knows) Gipsy Burlesque Jazz,Le Système EP MIX X16 | Bluesy French Jazz,New Normalcy (Planet Earth to Higher Grounds) EP x7,Poetry Matters EP vol.3,Pro-life means what · honey?,Question Di Kingdom EPx4 VOL.02,So · What Is Racism • EPx9 Vol. 2 • KNOWsutra Gipsy Jazz + LoFi,Tell the Truth EP x4 BLUESsutra,Two Things · Darling • EPx11 • KNOWsutra (Bertrand) Conscious Gipsy LoFi Blues INDIE,A Man's a Man and A' That (à la bananasutra) EPx3 - VOL. 02 - Revolution Forever,ABCs of Kindness - KNOWsutra,En Vrai · On Est Tous Frères ䷁ FRENCH BLUESsutra EPx5,Seminal Bollocks EP,All the -Isms | BLOWsutra EPx7,Hard Core (Questions that Matter) X5,Kindness Matters - Human Life Soundtrack EP,Men-Oh-Pause 🩸 KNOWsutra EPx14,Muddy Waters EP,Nietzsche's Gift (They Muddy the Water to Make it Look Deep) - KNOWsutra EPx13 Vol. 5,Queer Almighty (Holy Questions Matter) - EPx16 VOL. 02,Stymy Stymy Yuck : A Story of Old Bastards - EPx5 VOL.1 - DUBsutra","""[02] So, What Is Racism • KNOWsutra Ethically Gipsy Fusion JAZZ"",""[03] So, What Is Racism • KNOWsutra Ethically Gipsy Fusion JAZZ"",""[07] So, What Is Racism • KNOWsutra Ethically Gipsy Fusion LOFI"",""[05] It's an Ethical Paradox, an Oxymoron Maze • KNOWsutra (Bertrand Knows) Gipsy Burlesque Upright Bass Piano JAZZ"",""[14] It's an Ethical Paradox, an Oxymoron Maze • KNOWsutra (Bertrand Knows) Gipsy Burlesque Jazz Cello LOFI"",""[13] It's an Ethical Paradox, an Oxymoron Maze • KNOWsutra (Bertrand Knows) Gipsy Burlesque Jazz Cello Trip Hop LOFI"",""[07] It's an Ethical Paradox, an Oxymoron Maze • KNOWsutra (Bertrand Knows) Gipsy Burlesque Upright Bass JAZZ"",""[02] It's an Ethical Paradox, an Oxymoron Maze • KNOWsutra (Bertrand Knows) Gipsy Burlesque Upright Bass JAZZ"",""[01] It's an Ethical Paradox, an Oxymoron Maze • KNOWsutra (Bertrand Knows) Gipsy Burlesque Piano Bass JAZZ"",""[15] It's an Ethical Paradox, an Oxymoron Maze • KNOWsutra (Bertrand Knows) Gipsy Burlesque Jazz Cello DUB"",""[06] It's an Ethical Paradox, an Oxymoron Maze • KNOWsutra (Bertrand Knows) Gipsy Burlesque Piano Upright Bass JAZZ"",""[03] It's an Ethical Paradox, an Oxymoron Maze • KNOWsutra (Bertrand Knows) Gipsy Burlesque Upright Bass JAZZ"",""[11] Two Things, Darling • KNOWsutra Bertrand (Knows) Psychedelic Destiny Banjo BLUES"",""[08] Two Things, Darling • KNOWsutra Bertrand (Knows) Existential Poetry Mama DUB"",""[07] Two Things, Darling • KNOWsutra Bertrand (Knows) La Poesita Gipsy Flamenco Dub INDIE"",""[05] Two Things, Darling • KNOWsutra Bertrand (Knows) La Poesita Gipsy Flamenco Dub INDIE"",""[09] Two Things, Darling • KNOWsutra Bertrand (Knows) Psychedelic Destiny Banjo BLUES"",[02] Everybody Knows • KNOWsutra Burlesque Trip Hop Indie Dub Piano BLUES,[05] Everybody Knows • KNOWsutra Psychedelic Trip Hop Cello Waltz INDIE,[04] Everybody Knows • KNOWsutra Burlesque Trip Hop Piano Jazz INDIE,[01] Everybody Knows • KNOWsutra Burlesque Trip Hop Indie Piano BLUES,[11] Cassandra's Lullaby • Jewish Drum Indie Jazz MANTRA,[06] Cassandra's Lullaby • Jewish World INDIE FOLK,[03] Cassandra's Lullaby • World Reckoning INDIE FOLK,[04] Reason over Reverence - They said bow down but we rise 2 - DUBsutra,[01] Question Di Kingdom - Dub's the Path (Truth is the riddim) - Ragga DUBsutra,[02] Question Di Kingdom - Dub's the Path (Truth is the riddim) - DUBsutra,""Pro-Life Means What, Honey • Jazzy Mantra DUBsutra (2)"",Feeel The Rhythm (Tell the Truth),Double (decking) Standards VOL. 1 • DUBsutra,Poetry Matters • LOFI DUBsutra,Tell the Truth : BANJOsutra,""New Normalcy, Space Oddity ☰ BANJOsutra"",""New Normalcy, Space Oddity ☰ DUBsutra"",""Le système, ça voulait dire… v2 • sutraFRENCH • Burlesque Ego Accordion Cabaret"",""Le système, ça voulait dire… v3 • sutraFRENCH • Burlesque Ego JAZZZ Masquerade"",""Genius, You See V.1 • Indie Jazz Folk Lullaby  • sutraKNOW inspired by Albert Einstein"",[02] A Man's a Man and A' That - VOL. 02 - A Spin on Robert Burns' Revolutionary Song - Capela MANTRA LOFI,ABC Of Kindness - A Is For Always Speak From Your Heart - DUBsutra (1),""En Vrai, On Est Tous Frères • LOFI BLUES FRENCHsutra"",Seminal Bollocks  • DUBsutra,[04] The Fire We Share • There's No Prayer Like Desire • KNOWsutra But(t) Why Accordion Chanson BURLESQUE,[01] Not Who Powers • There's No Prayer Like Desire • KNOWsutra But(t) Why Banjo Destiny BLUES,[02] Kids Are Asking - KNOWsutra But(t) Why Acoustic Trip Hop LoFi JAZZ,[05] All I Know - Shades of Fools • KNOWsutra Destiny BLUES,[08] Tell The Truth • KNOWsutra True BLUES Cover,[02] Tell The Truth • KNOWsutra Bluesy ROCK Cover,[06] Tell The Truth • KNOWsutra Cello BLUES Cover,""[17] So, What Is Racism? KNOWsutra Banjo Booya Folk Banjo Harmonica BLUES"",""[14] So, What Is Racism? KNOWsutra Gipsy Dub JAZZ"",""[10] So, What Is Racism? KNOWsutra Gipsy Dub JAZZ"",""[08] So, What Is Racism? KNOWsutra Gipsy Dub JAZZ"",""[01] So, What Is Racism? KNOWsutra She Wanna Know Jazzy LoFi DUB"",""[11] So, What Is Racism? KNOWsutra Gipsy Dub JAZZ"",""[03] So, What Is Racism? KNOWsutra Rebound & Rise Jazzy Ragga DUB"",""[09] So, What Is Racism? KNOWsutra Gipsy Dub JAZZ"",[3] Question Di Kingdom (2) • RAGGAsutra,[4] Question Di Kingdom (1) • RAGGAsutrawav,[8] Reason fi di win • RAGGAsutra,[5] Dubbin' for Freedom • DUBsutra,[13] Men-Oh-Pause • GROWsutra Accordion Circus BURLESQUE,[14] Men-Oh-Pause • GROWsutra I Burlesque You Not Psychedelic Punk ROCK,[05] Men-Oh-Pause • GROWsutra She Wanna Know Fusion Jazz CelLOFI INDIE,[08] Men-Oh-Pause • GROWsutra Dem Sed Ragga DUB,[04] Men-Oh-Pause • GROWsutra She Wanna Know Fusion Jazz CelLOFI INDIE,[12] Men-Oh-Pause • GROWsutra Accordion Circus BURLESQUE,[13] They Muddy the Water • Nietzsche's Gift • KNOWsutra Drum LOFI,[04] All Lame-Isms (oh boy) 1 - BLOWsutra BURLESQUE,[15] Queer Almighty - Drum Mantra DUBsutra,[2] stymy stymy yuck • muse DUB,Kindness - JAZZsutra,i did the math and everything is stupid • DRUMsutra.wav,#5 Hard Core : Honey BLUESutra,#4 Hard Core : Burlesque Honeysutra,#1 Hard Core : Honey JAZZsutra,Nietzsche’s Gift V.3 • LOFI Jazzz • sutraKNOW"
JAZZsutra,https://soundcloud.com/bananasutra/sets/jazzsutra,BLOWsutra,"BLUES,BURLESQUE,DUB,FOLK,INDIE,JAZZ,LOFI",218,123421,1370,12:25:16,https://i1.sndcdn.com/artworks-QRaUbtlHanDIuOON-8Hr9pg-t500x500.png,"Ain't Doing Bad Doing Nothing ⭐︎ Public Domain Vol. 02 EPx10 ⭐︎ FLOWsutra Wet JAZZ,But(t) How you Kids Learn Now? EPx9 VOL. 01,Darling EP,Reason over Reverence (No need for God) ☷ KNOWsutra EPx6,So · What Is Racism? KNOWsutra Gone Banana EPx17,Bloom Past Doom - Vol. 2 · 2 songs EPx7 - BLOWsutra (Revolution Ring Series) Fusion Jazz,Ego Ain't Your Amigo ⭐︎ EPx14 VOL. 01 ⭐︎ True Tales of BLUESsutra,It's an Ethical Paradox • Vol. 2 EPx15 • KNOWsutra (Bertrand Knows) Gipsy Burlesque Jazz,La Poesia Importa ♕ EPx7 VOL.01 ♕ Bananasutra En Español,Le Système EP MIX X16 | Bluesy French Jazz,Mind the Felon EP X5 | JAZZ LOFI : Psychedelic Paradox Soul Chanson,Sing Your Own Gospel • Vol. 2 EPx7 • GROWsutra (God · Etc) Revolutionary Gipsy JAZZ,So · What Is Racism • EPx9 Vol. 2 • KNOWsutra Gipsy Jazz + LoFi,Tell the Truth EP x4 BLUESsutra,The Atheist Tango • Vol. 2 EPx12  •  GROWsutra (God · Etc) Conscious Gipsy LoFi Burlesque Jazz,Tune in the Tender ☲ #GROWsutra EPx9,When We Duende (All Night) EPx9 ☯ DUB + BURLESQUEsutra,Woke 'em Whacks EPx4 : BLUES & DUBsutra (Music Therapy),some songs are more fun than others EP x8 ∞,El Papito Leo Es No MAGA Show ☰ KNOWsutra EPx6,An American in Paris (Public Domain Lyrics) 🎙️ SHOWsutra Classic Retro Musical REMAKE,Bo Burnham Gone Bananas 🍌 COVERsutra Vaudeville Indie JAZZ EPx11,Donkeys Years - SHOWsutra Fanana Club Gratitude EPx20,Glitter on a Turd ❯ GROWsutra Banana Cabaret EPx5,Hard Core (Questions that Matter) X5,Kiss A Pulse • GLOWsutra (Lucille Clifton Poetry) EPx16,Let’s Do It (Let's Fall in Love) EP • Public Domain Lyrics • JAZZsutra,No Fear · My Dear ❢ BLOWsutra Revolution Ring Jazz EPx19,Oh · Martine ❃ French GLOW+BOWsutra ❃ Side A+B EPx28,Peace Matters More (The Only Wish Worth Making) 🪽 GROWsutra Birthday Wish Song,Peel Me Kindly 🍌 SHOWsutra Gone Banana à la Gipsy JAZZ EPx7,The Conquest of Happiness (according to Bertrand Russel) ☰ 2 Songs EPx10 ☰ KNOWsutra,The Great Naked King • SHOWsutra Psychedelick Fools Cabaret EPx30,This Is My Quest • GROWsutra (Dare to Care) Dream EPx19,This Is What Dissent Looks Like Now - BLOWsutra (Revolution Ring) Jazz Indie LoFi Dream,DEFY (Vol 2) - 3 Songs EPx6 - BLOWsutra Revolution Ring LoFi Jazz Fusion,MAxA Alphabet Series Compilation - Make America Humane · Kind · Safe · Smart · etcetera Alright?!","""[02] So, What Is Racism • KNOWsutra Ethically Gipsy Fusion JAZZ"",""[03] So, What Is Racism • KNOWsutra Ethically Gipsy Fusion JAZZ"",Side A [02] Dare to Care (This Issue is Real) - BLOWsutra Revolt Now Dubby Bluesy Burlesque JAZZ,""[10] The Atheist Tango • GROWsutra (God, Etc) Gipsy Bass Piano Twirl Burlesque JAZZ"",""[09] The Atheist Tango • GROWsutra (God, Etc) Gipsy Cello Burlesque Tango JAZZ"",""[05] It's an Ethical Paradox, an Oxymoron Maze • KNOWsutra (Bertrand Knows) Gipsy Burlesque Upright Bass Piano JAZZ"",""[07] It's an Ethical Paradox, an Oxymoron Maze • KNOWsutra (Bertrand Knows) Gipsy Burlesque Upright Bass JAZZ"",""[02] It's an Ethical Paradox, an Oxymoron Maze • KNOWsutra (Bertrand Knows) Gipsy Burlesque Upright Bass JAZZ"",""[01] It's an Ethical Paradox, an Oxymoron Maze • KNOWsutra (Bertrand Knows) Gipsy Burlesque Piano Bass JAZZ"",""[06] It's an Ethical Paradox, an Oxymoron Maze • KNOWsutra (Bertrand Knows) Gipsy Burlesque Piano Upright Bass JAZZ"",""[03] It's an Ethical Paradox, an Oxymoron Maze • KNOWsutra (Bertrand Knows) Gipsy Burlesque Upright Bass JAZZ"",""[06] Sing Your Own Gospel • GROWsutra (God, Etc.) Gipsy Bass JAZZ"",""[07] Sing Your Own Gospel • GROWsutra (God, Etc.) Gipsy Bass JAZZ"",""[04] Sing Your Own Gospel • GROWsutra (God, Etc.) Gipsy Piano JAZZ"",[02] Tune in the Tender • LOFI JAZZsutra,When We Duende 4 - SHOWsutra JAZZ DUB,[06] La Poesia Importa 2 (low) - Psy JAZZsutra,[01] Ego Ain't Your Amigo (Fasho at Marlago) - oh hi salty honey bluesy JAZZ tempo,Woke-N-Whack-A-Musk ☆ BLUESsutra (1),Feeel The Rhythm (Tell the Truth),Some Songs Are More JAZZ Than Others : JAZZsutra,Mind the Felon (one) • JAZZsutra,Mind the Felon (three) • JAZZsutra,""Le système, ça voulait dire… v3 • sutraFRENCH • Burlesque Ego JAZZZ Masquerade"",[01] El Papito no es loco - Latin JAZZ,[01] Ain't Doing Bad Doing Nothing ⭐︎ Public Domain Lyrics Fun ⭐︎ FLOWsutra Wet JAZZ,[07] Ain't Doing Bad Doing Nothing ⭐︎ Public Domain Lyrics Fun ⭐︎ FLOWsutra Wet JAZZ,""[14] So, What Is Racism? KNOWsutra Gipsy Dub JAZZ"",""[10] So, What Is Racism? KNOWsutra Gipsy Dub JAZZ"",""[08] So, What Is Racism? KNOWsutra Gipsy Dub JAZZ"",""[11] So, What Is Racism? KNOWsutra Gipsy Dub JAZZ"",""[09] So, What Is Racism? KNOWsutra Gipsy Dub JAZZ"",[04] Reason over Reverence (No Need for Gods) • Cello Bass JAZZsutra,[0] How do kids learn • Destiny JAZZsutra (high),#2 Darling - JAZZsutra,[07] The Great Naked King • SHOWsutra Psychedelick French Accordion Cello Tango JAZZ,[19] This Is My Quest • GROWsutra Ethically Psychedelic Gipsy JAZZ,[05] F*CK (Bo Burnham Gone Bananas) - COVERsutra Candid Piano JAZZ,[01] Kiss A Pulse • GLOWsutra (Lucille Clifton Poetry) Ethically Gipsy JAZZ,[02] What Dissent Looks Like Now • BLOWsutra Post-Punk Trip Hop Lo-Fi Burlesque Piano JAZZ,[04] What Dissent Looks Like Now • BLOWsutra Post-Punk Piano Trip Hop Lo-Fi Burlesque JAZZ,[01] What Dissent Looks Like Now • BLOWsutra Post-Punk Piano Trip Hop Lo-Fi Burlesque JAZZ,""[03] Nice Work If You Can Get It - An American in Paris, Public Domain Lyrics - SHOWsutra Indie JAZZ"",Side A [03] Universal Currency - DEFY EP Vol 2 - BLOWsutra Revolution Ring Psychedelic Piano Burlesque JAZZ,Side A [02] Optics of Cruelty - DEFY EP Vol 2 - BLOWsutra Revolution Ring Psychedelic Piano Burlesque JAZZ,Side B [13] Donkeys Years • SHOWsutra Fanana Club Gipsy Piano Kitten Cabaret Burlesque JAZZ,[04] Peel Me Kindly • FLOWsutra Gone Banana Joke Gipsy JAZZ,[05] Peel Me Kindly • FLOWsutra Gone Banana Joke Gipsy JAZZ,[02] Peel Me Kindly • FLOWsutra Gone Banana Joke Gipsy JAZZ,[01] Peel Me Kindly • FLOWsutra Gone Banana Joke Gipsy JAZZ,""Side B [11] No Fear, My Dear • BLOWsutra Revolt Now Dubby Psychedelic Folky BLUES"",""Side A [07] No Fear, My Dear • BLOWsutra Revolt Now Dubby Bluesy Psychedelic Chanson Piano JAZZ"",""Side B [18] No Fear, My Dear • BLOWsutra Revolt Now Psychedelic Gipsy World Fusion Indie LOFI"",""Side B [15] No Fear, My Dear • BLOWsutra Revolt Now Psychedelic Gipsy World LoFi Folk Fusion INDIE"",""Side B [12] No Fear, My Dear • BLOWsutra Revolt Now Dubby Bluesy Jazzy Psychedelic Chanson Piano FOLK"",""Side A [10] No Fear, My Dear • BLOWsutra Revolt Now Dubby Psychedelic Chanson Bluesy JAZZ"",""Side A [05] No Fear, My Dear • BLOWsutra Revolt Now Bluesy Psychedelic Chanson Piano JAZZ"",""Side A [09] No Fear, My Dear • BLOWsutra Revolt Now Bluesy Psychedelic Chanson Piano JAZZ"",""Side A [02] No Fear, My Dear • BLOWsutra Revolt Now Bluesy Psychedelic Chanson Piano Bass JAZZ"",""Side A [01] No Fear, My Dear • BLOWsutra Revolt Now Bluesy Psychedelic Chanson Piano JAZZ"",""Side A [08] No Fear, My Dear • BLOWsutra Revolt Now Psychedelic Gipsy World LoFi Fusion Piano Indie JAZZ"",""Side A [03] No Fear, My Dear • BLOWsutra Revolt Now Bluesy Psychedelic Chanson Piano JAZZ"",Side B [04] EP Bertrand - The Conquest of Happiness - GROWsutra Indie Folk JAZZ,Side A [05] EP Bertrand - The Unhappiness Dance - GROWsutra Indie JAZZ,[05] Peace Matters More - GROWsutra Gipsy DUB JAZZ,Side A [08] Oh Martine • BOWsutra French Psychedelic Cello Indie JAZZ,Side A [07] Oh Martine • BOWsutra French Psychedelic Cello Indie JAZZ,[03] Glitter and Guts - Arabesk Indie JAZZsutra,[3] MAHA • Make America Humane Again • Bass IBYN BURLESQUE JAZZsutra,aintdoingbaddoingnothing 💨,Let’s Do It • Public Domain Lyrics • JAZZsutra 1,Let’s Do It • Public Domain Lyrics • JAZZsutra 2,Let’s Do It • Public Domain Lyrics • JAZZsutra 3,She Wears the Words • JAZZsutra Mighty Poetry Minute,#1 Hard Core : Honey JAZZsutra,The Tyranny of Ignorance : BANJOsutra (Single Duck Release),Some Truths are Harder to Swallow • LOFI Jazzz • sutraGROW,Kindness • Universal Jazz Cabaret of Blues Chanson • Bananasutra(GROW)"
LOFIsutra,https://soundcloud.com/bananasutra/sets/lofisutra,BLOWsutra,"BANJO,BLUES,BURLESQUE,DUB,FOLK,INDIE,JAZZ,LOFI,MANTRA,ROCK",277,154347,1439,14:20:50,https://i1.sndcdn.com/artworks-iPtXxjIVQyjzpElZ-rzZZyw-t500x500.png,"But(t) How Can You? GROWsutra (Dare to Care) EPx10,Joseph Campbell's Truth Metaphors ☷ KNOWsutra EPx12,Kids Are Asking ✪ KNOWsutra But(t) Why EPx3,MAMA-B-C (Make America Mine Achtung) • BLOWsutra MAxA Series EPx8,Okey Dokey · No It's Not Ξ EPx5 Ξ LOFIsutra,Rainbows in the Clouds • GLOWsutra Dub LoFi Blues,Second Hand Smoke (of) Arrogant Hearts - BLOWsutra EGO Therapy EPx6,Why We Can't Be Brave? ☷ GROWsutra (Censored) Cello EPx8,Zero Sum (Zero Sean) • GROWsutra (Dare to Care) EPx22,A Letter to My Friend (Never Again) EPx44 ☮ GROWsutra World Peace Mantra,Because the Light ☉ EPx4 VOL.01,CREEPYPASTA (what the hella) ♅ SHOWsutra ♅ EPx23 Side A+B,Ego Ain't Your Amigo • Vol. 2 · EPx21 • BLOWsutra (Ego Gone Loco)  Dub LoFi Burlesque,Foolish Goldfish (Forever) ❃ Vol. 02 EPx15 ❃ KNOWsutra Peace (Not War),Hey · Creeps • EPx20 • BLOWsutra Ego Gone Loco,Hi · My Name Is (Not Celine Dion) - Vol03 EPx11 - SHOWsutra Gipsy Trip Hop World LoFi Edition,If We Had But(t) The Truth • Vol. 2 EPx22 • BLOWsutra (Censored) Epstein Etcetera Soundtrack,It's an Ethical Paradox • Vol. 2 EPx15 • KNOWsutra (Bertrand Knows) Gipsy Burlesque Jazz,La Force Douce EPx7 ✪ French GROWsutra World Peace Duende LoFi Indie Fusion,Le Système EP MIX X16 | Bluesy French Jazz,MAHA (Make America Humane Again) ☆ VOL.2 EPx6 ☆ BLOWsutra (MAxA Series) Psychedelic Trip Hop,Make your Own Bible EP x6 VOL. 1 ℧ A Jazzy Burlesque Folk Trip Hop LOFI Venture (oui oui),Ordo Amoris in Decay ♡ GROWsutra EPx6,Pedo Nation ★ Felon Nation Redux ★ BLOWsutra EPx14,Poetry Matters EP vol.3,Predators (why war) EP x11 vol.2,Question the Nation • EPx10 • BLOWsutra Psychedelic Dub Revolution,RHINOCEROSS ♦ EPx7 ♦ BLOWsutra Surreal Real Poetry,So · What Is Racism • EPx9 Vol. 2 • KNOWsutra Gipsy Jazz + LoFi,The Atheist Tango • Vol. 2 EPx12  •  GROWsutra (God · Etc) Conscious Gipsy LoFi Burlesque Jazz,We Live Not By Lies ⚬ EPx12 ⚬ GROWsutra Revolution Ring,Who's Your Vladdy? EPx10 ☿ BLOWsutra World Peace Fusion Indie,A Man's a Man and A' That (à la bananasutra) EPx3 - VOL. 02 - Revolution Forever,En Vrai · On Est Tous Frères ䷁ FRENCH BLUESsutra EPx5,They Call It Freedom (Oh Hi · Sweet Honey Bun) ✯ BLOWsutra (Revolt Now) EPx11,All the -Isms | BLOWsutra EPx7,Awe Is Mighty (Maybe Even Holy) - GLOWsutra Conscious Indie LoFi Lullaby EPx2,Curious Like A Kiss • FLOWsutra Cheeky Duende EPx11,Donkeys Years - SHOWsutra Fanana Club Gratitude EPx20,Glitter on a Turd ❯ GROWsutra Banana Cabaret EPx5,How to Help a Bible Bro Grow Up · In the name of Religious Freedom,Kiss A Pulse • GLOWsutra (Lucille Clifton Poetry) EPx16,L'Embobinage (d'après Carl Sagan) • French GROWsutra EPx17,Muddy Waters EP,Nietzsche's Gift (They Muddy the Water to Make it Look Deep) - KNOWsutra EPx13 Vol. 5,No Fear · My Dear ❢ BLOWsutra Revolution Ring Jazz EPx19,One Percent Rising • GROWsutra (Dare to Care) Psychedelic Indie EPx6,Seminal Bollocks - Merry Psychedelic GROWsutra (God Etc.) EPx10,Shady Fools (Oh Can’t You See?) • Vol. 2 EPx9 • BLOWsutra Ego Gone Loco LoFi Burlesque,Sidération's Calling - White House's Burning - EPx13 Vol 4 of 4,Spit Back The Lies • BLOWsutra (Revolution Ring) EPx20,Stymy Stymy Yuck : A Story of Old Bastards - EPx5 VOL.1 - DUBsutra,SynthemaSutra ♆ SHOWsutra Banana EPx8,The Great Naked King • SHOWsutra Psychedelick Fools Cabaret EPx30,This Is What Dissent Looks Like Now - BLOWsutra (Revolution Ring) Jazz Indie LoFi Dream,DEFY (Vol 2) - 3 Songs EPx6 - BLOWsutra Revolution Ring LoFi Jazz Fusion","""[07] So, What Is Racism • KNOWsutra Ethically Gipsy Fusion LOFI"",[13] Ego Ain't Your Amigo • BLOWsutra (Ego Gone Loco) Psychedelic Cello Burlesque Jazz LOFI,[15] Ego Ain't Your Amigo • BLOWsutra (Ego Gone Loco) Psychedelic Gipsy Indie Jazz Fusion LOFI,[06] Question The Nation • BLOWsutra (Revolt Now) Gipsy Indie Trip Hop(e) Dub LOFI,[09] Question The Nation • BLOWsutra (Revolt Now) SWK Dubby Raw Acoustic Bass Jazz LOFI,[01] MAHA (Make America Humane Again) • Vol. 2 • BLOWsutra Gipsy Trip Hop Blues LOFI,[06] MAHA (Make America Humane Again) • Vol. 2 • BLOWsutra Gipsy Bass Trip Drum Hop Blues LOFI,[04] MAHA (Make America Humane Again) • Vol. 2 • BLOWsutra Gipsy LoFi Trip Hip Blop LOFI,Side A [01] If We Had But(t) The Truth • BLOWsutra (Censored) Jazzy Psychedelic Hip Trip Hop LOFI,""[01] The Atheist Tango • GROWsutra (God, Etc) Conscious Gipsy Burlesque Fusion LOFI"",""[02] The Atheist Tango • GROWsutra (God, Etc) Conscious Gipsy Burlesque Fusion LOFI"",""[03] The Atheist Tango • GROWsutra (God, Etc) Conscious Gipsy Burlesque Fusion LOFI"",""[04] The Atheist Tango • GROWsutra (God, Etc) Conscious Gipsy Burlesque Fusion LOFI"",""[05] The Atheist Tango • GROWsutra (God, Etc) Conscious Gipsy Burlesque Fusion LOFI"",""[14] It's an Ethical Paradox, an Oxymoron Maze • KNOWsutra (Bertrand Knows) Gipsy Burlesque Jazz Cello LOFI"",""[13] It's an Ethical Paradox, an Oxymoron Maze • KNOWsutra (Bertrand Knows) Gipsy Burlesque Jazz Cello Trip Hop LOFI"",[08] Foolish Goldfish (Forever) • KNOWsutra Peace (Not War) Psychedelic Tzigane Soul Fusion LOFI,[07] Foolish Goldfish (Forever) • KNOWsutra Peace (Not War) Psychedelic Tzigane Soul Fusion LOFI,""[12] Hey, Creeps • BLOWsutra Ego Gone Loco Tzigane Fusion LOFI"",""[02] Hey, Creeps • BLOWsutra Ego Gone à la Psychedelic Gipsy Grouchy Cosmic Punk LOFI"",""[01] Hey, Creeps • BLOWsutra Ego Gone à la Psychedelic Gipsy Bonobo Cosmic Punk LOFI"",""[05] Hey, Creeps • BLOWsutra Ego Gone Bamboozlers Indie CelLOFI"",""[13] Hey, Creeps • BLOWsutra Ego Gone Psychedelic Hip Hop Storyteller LOFI"",[07] We Live Not By Lies - GROWsutra Tzigane Arabesk Fusion Indie LOFI,Side B [02] CREEPYPASTA • SHOWsutra Trip Storyteller LOFI,Side B [01] CREEPYPASTA • SHOWsutra Trip Storyteller LOFI,""[08] Hi, My Name Is (Not Céline Dion) - SHOWsutra Gipsy Fusion Trip Hop World LOFI"",""[02] Hi, My Name Is (Not Céline Dion) - SHOWsutra Gipsy Fusion Trip Hop World LOFI"",[32] Letter to My Friend (Never Again) • GROWsutra She Wanna Know PsyBass Circus JAZZ,[06] La Force Douce - French GROWsutra Tzigane Peace Soul Fusion LoFi INDIE,[01] RhinoceroSS - BLOWsutra She Wanna Know Indie LOFI,[04] Who's Your Vladdy • BLOWsutra Psychedelic World Soul FUSION,[10] PEDO Nation • Cello Trip Hop LOFI,[04] Ordo Amoris In Decay - Indie LOFIsutra,[01] Because the Light (wontdietonight) ⭐︎ Breathy LOFIsutra,[2] Make your Own Bible - pbgal Burlesque LOFI,Poetry Matters • LOFI DUBsutra,Predators (why Kids Are Allowed To Die) • CELLOsutra,Le Poids de l'Ego v1 • sutraFRENCH • Burlesque Ego Dub Cabaret,""[02] They Call It Freedom (Oh Hi, Sweet Honey Bun) • BLOWsutra (Revolt Now) Psychedelic Gipsy Dadadam Indie LOFI"",""[06] They Call It Freedom (Oh Hi, Sweet Honey Bun) • BLOWsutra (Revolt Now) Psychedelic Gipsy Cello Trip Hip Hop Indie LOFI"",[02] A Man's a Man and A' That - VOL. 02 - A Spin on Robert Burns' Revolutionary Song - Capela MANTRA LOFI,""En Vrai, On Est Tous Frères • LOFI BLUES FRENCHsutra"",[03] Zero Sum • GROWsutra Hypnotic Post-Punk Motorik Fusion LOFI,[06] Zero Sum • GROWsutra Psychedelick Gipsy Hop Fusion LOFI,[01] Zero Sum • GROWsutra Hypnotic Post-Punk Motorik Fusion LOFI,[05] But(t) How Can You GROWsutra F-Bomb Psychedelic Hip Hop LOFI,""[07] Hello, Oh No • GROWsutra Psychedelic Gipsy Fusion LOFI"",Side B [03] MAMA-B-C (Make America Mine Achtung) • BLOWsutra Trip Hop Smooth LOFI,[04] Rainbows in the Clouds • GLOWsutra Gipsy Jazz Conscious Fusion LOFI,[02] Rainbows in the Clouds • GLOWsutra Gipsy Jazz Conscious Fusion LOFI,[05] Rainbows in the Clouds • GLOWsutra Gipsy Jazz Conscious Fusion LOFI,[02] Kids Are Asking - KNOWsutra But(t) Why Acoustic Trip Hop LoFi JAZZ,[07] Why We Can't Be Brave - GROWsutra (Censored) Psychedelic Hip Hop Cello Indie Dub Fusion LOFI,[08] Why We Can't Be Brave - GROWsutra (Censored) Psychedelic Hip Hop Cello Indie Dub Fusion LOFI,Side A [03] Secondhand Smoke • BLOWsutra Ego Gone Loco Gipsy Indie Trip Hop LOFI,Side A [01] Secondhand Smoke • BLOWsutra Ego Gone Loco Gipsy Indie Trip Hop LOFI,[02] Joseph Campbell - Hold the Sacred - KNOWsutra Chillhop Piano Psy-LOFI,""[04] Okey Dokey, No It's Not • Jazzy LOFIsutra"",""[03] Okey Dokey, No It's Not • Indie LOFIsutra"",""[02] Okey Dokey, No It's Not • Indie LOFIsutra"",""[05] Okey Dokey, No It's Not • Jazzy LOFIsutra"",[29] The Great Naked King • SHOWsutra Psychedelick Hillbilly Hop Pop Blues Banjo LOFI,[26] The Great Naked King • SHOWsutra Psychedelick Hillbilly Hop Pop Indie Blues Banjo LOFI,[22] The Great Naked King • SHOWsutra Psychedelick Hop Pop Piano Jazz LOFI,[09] Curious Like A Kiss • FLOWsutra Cheeky Duende Arabesk Dub LOFI,[07] Curious Like A Kiss • FLOWsutra Cheeky Duende Gipsy Fusion LOFI,[10] Curious Like A Kiss • FLOWsutra Cheeky Duende Arabesk Dub LOFI,[11] Spit Back The Lies • BLOWsutra (Revolution Ring) Indie Gipsy Hip Hop Fusion LOFI,[13] Spit Back The Lies • BLOWsutra (Revolution Ring) Psychedelic Bruh Hip Hop Dub LOFI,[04] Kiss A Pulse • GLOWsutra (Lucille Clifton Poetry) Indie Gipsy Fusion LOFI,[03] Kiss A Pulse • GLOWsutra (Lucille Clifton Poetry) Indie Gipsy Fusion LOFI,[04] One Percent Rising • GROWsutra (Dare to Care) Psychedelic Indie Gipsy Hip Hop Fusion LOFI,[11] What Dissent Looks Like Now • BLOWsutra Psychedelic Hip Hop BRUH Cabaret Rap LOFI,Side B [01] Shameless - DEFY EP Vol 2 - BLOWsutra Revolution Ring Psychedelic Trip Hop(e) LOFI,[01] Awe Is Mighty (Maybe Even Holy) - GLOWsutra Conscious Indie trip Hop(e) Blues Lullaby LOFI,""[07] Seminal Bollocks - GROWsutra (God, Etc) Gipsy Trip BRUH Hop LOFI"",""[06] Seminal Bollocks - GROWsutra (God, Etc) Psychedelic Tzigane Fusion Folk LOFI"",Side A [06] Donkeys Years • SHOWsutra Fanana Club Gipsy Cabaret Indie LOFI,Side A [09] Donkeys Years • SHOWsutra Fanana Club Gipsy Cabaret Indie Cello LOFI,""Side B [18] No Fear, My Dear • BLOWsutra Revolt Now Psychedelic Gipsy World Fusion Indie LOFI"",[02] Synthema Sutras - SHOWsutra Banana Tzigane Conscious Soul Fusion Indie LOFI,[06] Shady Fools (Oh Can’t You See?) • BLOWsutra Arabesk Fado Hip Hop LOFI,[02] L'Embobinage (d'après Carl Sagan) • French GROWsutra World Peace CelLOFI,[05] L'Embobinage (d'après Carl Sagan) • French GROWsutra World Peace Tzigane Fusion INDIE,[01] L'Embobinage (d'après Carl Sagan) • French GROWsutra World Peace CelLOFI,[13] They Muddy the Water • Nietzsche's Gift • KNOWsutra Drum LOFI,[06] All Lame-Isms (Queen of Authentic) - BLOWsutra FOLK,[02] Sideration's Calling • White House's Burning • Jazzy LOFI DUBsutra,[05] Glitter and Guts - Bass Revolution LOFIsutra,[4] Shush the Bull Bro (Please) • DUBsutra,[5] stymy stymy yuck • Arabesk DUB,Predators (always Inspired) 5,Nietzsche’s Gift V.3 • LOFI Jazzz • sutraKNOW"
GROWsutra where we be brave,https://soundcloud.com/bananasutra/sets/sutragrow,GROWsutra,"BANJO,BLUES,BURLESQUE,DUB,FOLK,INDIE,JAZZ,LOFI,MANTRA,ROCK",282,167574,1624,15:24:50,https://i1.sndcdn.com/artworks-EIMomqQ3VHc9dl93-DvcAsA-t500x500.png,"But(t) How Can You? GROWsutra (Dare to Care) EPx10,But(t) How you Kids Learn Now? EPx9 VOL. 01,Shades of Fools EPx9,Why We Can't Be Brave? ☷ GROWsutra (Censored) Cello EPx8,Zero Sum (Zero Sean) • GROWsutra (Dare to Care) EPx22,A Letter to My Friend (Never Again) EPx44 ☮ GROWsutra World Peace Mantra,Courage · Care · and Coconuts © GROWsutra EPx4,Ego Ain't Your Amigo ⭐︎ EPx14 VOL. 01 ⭐︎ True Tales of BLUESsutra,Hello · Oh No • EPx16 • GROWsutra Psychedelic Logic Harmonics,Hold the Mic · Babe  EP X7 | Soul Prayer Lullabies,La Force Douce EPx7 ✪ French GROWsutra World Peace Duende LoFi Indie Fusion,Nous Sommes Le Feu EPx4 ☲ GROWsutra French Peace Indie,Sing Your Own Gospel • Vol. 2 EPx7 • GROWsutra (God · Etc) Revolutionary Gipsy JAZZ,Tell the Truth EP x4 BLUESsutra,The Atheist Tango • Vol. 2 EPx12  •  GROWsutra (God · Etc) Conscious Gipsy LoFi Burlesque Jazz,The Love of a Dove ☩ EPx18 ☩ GROWsutra Peace Fusion Prayer,WIN-WIN DUB EPx3 ⚭ French-English GROWsutra Fusion Soul,We Live Not By Lies ⚬ EPx12 ⚬ GROWsutra Revolution Ring,Why Trust an Old · Mean Religion? EPx9 VOL. 01,We Remember What (We Remember What) We Feel☉EPx5 INDIE GROWsutra,Glitter on a Turd ❯ GROWsutra Banana Cabaret EPx5,How to Help a Bible Bro Grow Up · In the name of Religious Freedom,L'Embobinage (d'après Carl Sagan) • French GROWsutra EPx17,Men-Oh-Pause 🩸 KNOWsutra EPx14,One Percent Rising • GROWsutra (Dare to Care) Psychedelic Indie EPx6,Peace Matters More (The Only Wish Worth Making) 🪽 GROWsutra Birthday Wish Song,Seminal Bollocks - Merry Psychedelic GROWsutra (God Etc.) EPx10,The Conquest of Happiness (according to Bertrand Russel) ☰ 2 Songs EPx10 ☰ KNOWsutra,This Is My Quest • GROWsutra (Dare to Care) Dream EPx19","""[11] Hello, Oh No • GROWsutra Psychedelic Queen of Authentic Dubby Folk Banjo BLUES"",""[01] The Atheist Tango • GROWsutra (God, Etc) Conscious Gipsy Burlesque Fusion LOFI"",""[02] The Atheist Tango • GROWsutra (God, Etc) Conscious Gipsy Burlesque Fusion LOFI"",""[08] The Atheist Tango • GROWsutra (God, Etc) Gipsy Cello Bass Chanson Jazz BURLESQUE"",""[05] The Atheist Tango • GROWsutra (God, Etc) Conscious Gipsy Burlesque Fusion LOFI"",""[10] The Atheist Tango • GROWsutra (God, Etc) Gipsy Bass Piano Twirl Burlesque JAZZ"",""[06] Sing Your Own Gospel • GROWsutra (God, Etc.) Gipsy Bass JAZZ"",""[07] Sing Your Own Gospel • GROWsutra (God, Etc.) Gipsy Bass JAZZ"",""[04] Sing Your Own Gospel • GROWsutra (God, Etc.) Gipsy Piano JAZZ"",""[01] Sing Your Own Gospel • GROWsutra (God, Etc.) Gipsy Gospel BLUES"",[10] We Live Not By Lies - GROWsutra Post-Punk Rock Bar Girl BURLESQUE,[02] We Live Not By Lies - GROWsutra Pyschedelic Cello Dream Dub INDIE,[03] We Live Not By Lies - GROWsutra Psychedelic Piano Cello INDIE,[07] We Live Not By Lies - GROWsutra Tzigane Arabesk Fusion Indie LOFI,[01] We Live Not By Lies - GROWsutra Gipsy Poetry DUB,[04] We Live Not By Lies - GROWsutra Psychedelic Piano Cello INDIE,[11] We Live Not By Lies - GROWsutra IBYN Post-Punk BURLESQUE ROCK,[32] Letter to My Friend (Never Again) • GROWsutra She Wanna Know PsyBass Circus JAZZ,[02] La Force Douce - French GROWsutra Gipsy Flamenco Duende Chanson INDIE,[03] La Force Douce - French GROWsutra Gipsy Flamenco Duende Chanson INDIE,[01] La Force Douce ✪ French GROWsutra Gipsy Flamenco Duende Chanson INDIE,[06] La Force Douce - French GROWsutra Tzigane Peace Soul Fusion LoFi INDIE,[01] Win Win Dub ⚭ French GROWsutra Soulful Hip Hop Ragga DUB,[16] The Love Of A Dove - GROWsutra Dem Sed Psychedelic Ragga DUB,[08] The Love Of A Dove - GROWsutra Only The Brave PsyBluegrass Dubby BLUES,[02] The Love Of A Dove - GROWsutra Duende Amoris Fado Fiddle INDIE,[14] The Love Of A Dove - GROWsutra Feel Di Riddim Psychedelic Ragga DUB,[04] The Love Of A Dove - GROWsutra Mama-b-c Peace Cello INDIE,[09] The Love Of A Dove - GROWsutra Queen of Authentic Dubby Psychedelic BLUES,[11] The Love Of A Dove - GROWsutra Psychedelic Destiny BLUES,[01] Nous Sommes Le Feu - Chanson à la BLUESsutra - INDIE,""[02] Courage, Care, and Coconuts (Kindness is Clear more than Nice) - Dreamy Indie FOLKsutra"",""[08] Why Trust an Old, Mean Religion AD2 Soul INDIE"",[01] Ego Ain't Your Amigo (Fasho at Marlago) - oh hi salty honey bluesy JAZZ tempo,Feeel The Rhythm (Tell the Truth),""#1 Hold the Mic, Babe ☰ BANJOsutra Vocal Hug"",""#3 Hold the Mic, Babe ☰ BANJOsutra Hug for Ya, Babe"",""#2 Hold the Mic, Babe ☰ DUBsutra Vocal Hug"",we remember what we remember when we feel 3,we remember what we remember when we feel 2,we remember what we remember when we feel 4,we remember what we remember when we feel 1,we remember what we remember when we feel 5,[08] Zero Sum • GROWsutra Psychedelick Folk Poetry Bridges The DUB,[13] Zero Sum • GROWsutra Psychedelick Gipsy Flamenco Techno Fusion INDIE,[10] Zero Sum • GROWsutra Psychedelick Gipsy Flamenco  Ragga Circus DUB,[14] Zero Sum • GROWsutra Psychedelick Gipsy Flamenco Techno Fusion INDIE,[12] Zero Sum • GROWsutra Psychedelick Gipsy Indie Ragga Flamenco DUB,[07] Zero Sum • GROWsutra Psychedelick Folk Poetry Bridges The DUB,[03] Zero Sum • GROWsutra Hypnotic Post-Punk Motorik Fusion LOFI,[06] Zero Sum • GROWsutra Psychedelick Gipsy Hop Fusion LOFI,[01] Zero Sum • GROWsutra Hypnotic Post-Punk Motorik Fusion LOFI,[20] Zero Sum • GROWsutra Psychedelick Post-Punk Cello Dub Cabaret BURLESQUE,[02] But(t) How Can You GROWsutra Dem Sed Psychedelic Ragga DUB,[05] But(t) How Can You GROWsutra F-Bomb Psychedelic Hip Hop LOFI,""[07] Hello, Oh No • GROWsutra Psychedelic Gipsy Fusion LOFI"",[04] Why We Can't Be Brave - GROWsutra (Censored) Psychedelic Flamenco Dub Cello Fusion INDIE,[07] Why We Can't Be Brave - GROWsutra (Censored) Psychedelic Hip Hop Cello Indie Dub Fusion LOFI,[08] Why We Can't Be Brave - GROWsutra (Censored) Psychedelic Hip Hop Cello Indie Dub Fusion LOFI,[02] Why We Can't Be Brave - GROWsutra (Censored) Psychedelic Cello Drama Duende Dream INDIE,[0] How do kids learn • Destiny JAZZsutra (high),[7] Shades of Fools • All I know is I dunno • Ragga DUBsutra High,[6] Shades of Fools • All I know is I dunno • Fastass BANJOsutra,[07] This Is My Quest • GROWsutra La Poesita Gipsy Fado Flamenco Duende DUB,[15] This Is My Quest • GROWsutra Psychedelic Poetry Bridges the DUB,[19] This Is My Quest • GROWsutra Ethically Psychedelic Gipsy JAZZ,[06] This Is My Quest • GROWsutra Psychedelic Gipsy Techno Fado Flamenco Duende INDIE,[01] This Is My Quest • GROWsutra Psychedelic Gipsy Techno Fado Flamenco Duende INDIE,[12] This Is My Quest • GROWsutra Psychedelic Poetry Bridges the DUB,[05] This Is My Quest • GROWsutra Psychedelic Gipsy Techno Fado Flamenco Duende INDIE,[09] This Is My Quest • GROWsutra Psychedelic Gipsy Fado Arabesk Lofi Dub INDIE,[04] One Percent Rising • GROWsutra (Dare to Care) Psychedelic Indie Gipsy Hip Hop Fusion LOFI,""[07] Seminal Bollocks - GROWsutra (God, Etc) Gipsy Trip BRUH Hop LOFI"",""[04] Seminal Bollocks - GROWsutra (God, Etc) French Accordion Psychedelia BURLESQUE"",""[06] Seminal Bollocks - GROWsutra (God, Etc) Psychedelic Tzigane Fusion Folk LOFI"",Side A [03] EP Bertrand - The Unhappiness Dance - GROWsutra Jazzy Indie FOLK,Side B [04] EP Bertrand - The Conquest of Happiness - GROWsutra Indie Folk JAZZ,Side B [05] EP Bertrand - The Conquest of Happiness - GROWsutra Sweet Waltz BURLESQUE,Side A [01] EP Bertrand - The Unhappiness Dance - GROWsutra Jazzy BURLESQUE,Side A [05] EP Bertrand - The Unhappiness Dance - GROWsutra Indie JAZZ,[05] Peace Matters More - GROWsutra Gipsy DUB JAZZ,[04] Peace Matters More - GROWsutra Gipsy Circus BURLESQUE,[07] Peace Matters More - GROWsutra Gipsy Hop DUB,[01] Peace Matters More - GROWsutra Gipsy psyCello INDIE,[02] Peace Matters More - GROWsutra Gipsy Burlesque INDIE,[14] L'Embobinage (d'après Carl Sagan) • French GROWsutra World Peace PsyAccordion POP BURLESQUE 3 INDIE,[03] L'Embobinage (d'après Carl Sagan) • French GROWsutra World Peace PsyAccordion CelLOFI INDIE,[09] L'Embobinage (d'après Carl Sagan) • French GROWsutra World Peace Hypnotic Tango Jazz INDIE,[13] L'Embobinage (d'après Carl Sagan) • French GROWsutra World Peace Miss Cheeky DUB,[02] L'Embobinage (d'après Carl Sagan) • French GROWsutra World Peace CelLOFI,[05] L'Embobinage (d'après Carl Sagan) • French GROWsutra World Peace Tzigane Fusion INDIE,[11] L'Embobinage (d'après Carl Sagan) • French GROWsutra World Peace La Poesita Flamenco INDIE DUB,[12] L'Embobinage (d'après Carl Sagan) • French GROWsutra World Peace Miss Cheeky DUB,[01] L'Embobinage (d'après Carl Sagan) • French GROWsutra World Peace CelLOFI,[15] L'Embobinage (d'après Carl Sagan) • French GROWsutra World Peace PsyAccordion POP BURLESQUE INDIE,[13] Men-Oh-Pause • GROWsutra Accordion Circus BURLESQUE,[14] Men-Oh-Pause • GROWsutra I Burlesque You Not Psychedelic Punk ROCK,[05] Men-Oh-Pause • GROWsutra She Wanna Know Fusion Jazz CelLOFI INDIE,[08] Men-Oh-Pause • GROWsutra Dem Sed Ragga DUB,[04] Men-Oh-Pause • GROWsutra She Wanna Know Fusion Jazz CelLOFI INDIE,[12] Men-Oh-Pause • GROWsutra Accordion Circus BURLESQUE,Poetry (Nah Lie) • GROWsutra Ragga Mantra DUB,[03] Glitter and Guts - Arabesk Indie JAZZsutra,[01] Glitter and Guts - Circus BURLESQUEsutra,[05] Glitter and Guts - Bass Revolution LOFIsutra,[04] Glitter and Guts - oh lordy DUBsutra,Kindness (single) VOL. 04,[7] Your rules don’t apply to me • Indie MANTRAsutra,[4] Shush the Bull Bro (Please) • DUBsutra,MAKA MAKA Murica (Kindness Gone Folk),Where Hope Expires • Folk BANJOsutra,MAWA MAWA • Make America Woke Again • Banger BANJOsutra,Shady Fools • FOLKsutra,Some Truths are Harder to Swallow • LOFI Jazzz • sutraGROW"
DUBsutra,https://soundcloud.com/bananasutra/sets/dubsutra,BLOWsutra,"BANJO,BLUES,BURLESQUE,DUB,FOLK,INDIE,JAZZ,LOFI,MANTRA,ROCK",313,173013,1739,16:52:29,https://i1.sndcdn.com/artworks-iPtXxjIVQyjzpElZ-rzZZyw-t500x500.png,"But(t) How Can You? GROWsutra (Dare to Care) EPx10,Make Amurica Gulag Again ☭ BLOWsutra DUB EPx25,Prickly Peaches DUBsutra EPx3,Question di Kingdom ✰ Ragga DUBsutra EPx10,Rainbows in the Clouds • GLOWsutra Dub LoFi Blues,Serial BLOWerrr ✰ RAGGA DUBsutra,So · What Is Racism? KNOWsutra Gone Banana EPx17,Zero Sum (Zero Sean) • GROWsutra (Dare to Care) EPx22,Bloom Past Doom - Vol. 2 · 2 songs EPx7 - BLOWsutra (Revolution Ring Series) Fusion Jazz,Creepy Con Meme EPX2 • Dicky Ducky DUBsutra,Double Standards EPx3 VOL. 1 • BURLESQUEsutra,Easy (Death Is Nothing At All) ❣ BOWsutra EPx9,Ego Ain't Your Amigo • Vol. 2 · EPx21 • BLOWsutra (Ego Gone Loco)  Dub LoFi Burlesque,Fluye (como el mar) FLOWsutra,Foolish EPx5,Foolish Goldfish (Forever) ❃ Vol. 02 EPx15 ❃ KNOWsutra Peace (Not War),Hello · Oh No • EPx16 • GROWsutra Psychedelic Logic Harmonics,Hereby · I Cry ☠ BLOWsutra EPx5,Hey · Creeps • EPx20 • BLOWsutra Ego Gone Loco,Hold the Mic · Babe  EP X7 | Soul Prayer Lullabies,If We Had But(t) The Truth • Vol. 2 EPx22 • BLOWsutra (Censored) Epstein Etcetera Soundtrack,Jealousy (not for me) ♡ GROWsutra EPx22,Jolly Poo - EPx15 VOL. 01 - Banjo Blues BLOWsutra,Just Be EP X7 | Vocal Honey Audio Ideals,La Poesia Importa ♕ EPx7 VOL.01 ♕ Bananasutra En Español,Le Système EP MIX X16 | Bluesy French Jazz,MAHA (Make America Humane Again) ☆ VOL.2 EPx6 ☆ BLOWsutra (MAxA Series) Psychedelic Trip Hop,New Normalcy (Planet Earth to Higher Grounds) EP x7,Ordo Amoris in Decay ♡ GROWsutra EPx6,Poetry Matters EP vol.3,Poetry Matters ☲ EPx3 Vol.05 ☲ DUBsutra,Poetry Nah Lie ☲ EPx6 Vol.01 ☲ DUBsutra,Poetry Slow Burns ☲ EPx5 Vol.01 ☲ DUBsutra,Pro-life means what · honey?,Question Di Kingdom EPx4 VOL.02,The Love of a Dove ☩ EPx18 ☩ GROWsutra Peace Fusion Prayer,Time for Rebel Romance ☆ EPx6 ☆ BLOWsutra (Revolt Now) Cabaret,Tune in the Tender ☲ #GROWsutra EPx9,Two Things · Darling • EPx11 • KNOWsutra (Bertrand) Conscious Gipsy LoFi Blues INDIE,WIN-WIN DUB EPx3 ⚭ French-English GROWsutra Fusion Soul,We Live Not By Lies ⚬ EPx12 ⚬ GROWsutra Revolution Ring,When We Duende (All Night) EPx9 ☯ DUB + BURLESQUEsutra,Who's Your Vladdy? EPx10 ☿ BLOWsutra World Peace Fusion Indie,Woke 'em Whacks EPx4 : BLUES & DUBsutra (Music Therapy),some songs are more fun than others EP x8 ∞,ABCs of Kindness - KNOWsutra,El Papito Leo Es No MAGA Show ☰ KNOWsutra EPx6,Read Me Harder (BB is for Banned Books) ☆ SHOWsutra Side A+B EPx19,Seminal Bollocks EP,An American in Paris (Public Domain Lyrics) 🎙️ SHOWsutra Classic Retro Musical REMAKE,Bo Burnham Gone Bananas 🍌 COVERsutra Vaudeville Indie JAZZ EPx11,Creo (La Poesia) ☘ EPx10 VOL.01 ☘ Bananasutra En Español,Freee · La Fille • French SHOWsutra Psychedelic EPx10,Grifters • BLOWsutra (Apes Gone Wrong) EPx14,How to Help a Bible Bro Grow Up · In the name of Religious Freedom,Kiss A Pulse • GLOWsutra (Lucille Clifton Poetry) EPx16,L'Embobinage (d'après Carl Sagan) • French GROWsutra EPx17,Men-Oh-Pause 🩸 KNOWsutra EPx14,My Quest • EPx6 Vol. 2 • GLOWsutra Jacques Brel Dream,Peace Matters More (The Only Wish Worth Making) 🪽 GROWsutra Birthday Wish Song,Queer Almighty (Holy Questions Matter) - EPx16 VOL. 02,Sidération's Calling - White House's Burning - EPx13 Vol 4 of 4,Spit Back The Lies • BLOWsutra (Revolution Ring) EPx20,Stymy Stymy Yuck : A Story of Old Bastards - EPx5 VOL.1 - DUBsutra,SynthemaSutra ♆ SHOWsutra Banana EPx8,The Echo Song Song ☭ Vladimir Vysotsky - EPx6  English Cover ☭ BLOWsutra Gipsy Trip Hop Trip,This Is My Quest • GROWsutra (Dare to Care) Dream EPx19,FOTUS CIRCUS ★ VOL.4 EPx9 ★ BURLESQUEsutra","""[11] Hello, Oh No • GROWsutra Psychedelic Queen of Authentic Dubby Folk Banjo BLUES"",[06] Ego Ain't Your Amigo • BLOWsutra (Ego Gone Loco) Psychedelic Bridge Poetry Folk DUB,[08] Ego Ain't Your Amigo • BLOWsutra (Ego Gone Loco) She Wanna Know Psychedelic Jazz Fusion DUB,[05] Ego Ain't Your Amigo • BLOWsutra (Ego Gone Loco) Psychedelic Bridge Poetry Folk DUB,[09] Ego Ain't Your Amigo • BLOWsutra (Ego Gone Loco) She Wanna Know Psychedelic Jazz Fusion DUB,[07] Ego Ain't Your Amigo • BLOWsutra (Ego Gone Loco) Psychedelic Bridge Poetry Folk DUB,[02] Ego Ain't Your Amigo • BLOWsutra (Ego Gone Loco) La Poesita Psychedelic Indie Flamenco DUB,[01] Ego Ain't Your Amigo • BLOWsutra (Ego Gone Loco) La Poesita Psychedelic Indie Flamenco DUB,[03] Ego Ain't Your Amigo • BLOWsutra (Ego Gone Loco) La Poesita Psychedelic Indie Flamenco DUB,[04] Ego Ain't Your Amigo • BLOWsutra (Ego Gone Loco) Psychedelic Bridge Poetry Folk DUB,[05] Time for Rebel Romance ☆ BLOWsutra (Revolt Now) Accordion Ragga Burlesque DUB,[02] MAHA (Make America Humane Again) • Vol. 2 • BLOWsutra Gipsy Trip Hop Lofi DUB,Side A [08] If We Had But(t) The Truth • BLOWsutra (Censored) Folk Poetry on the Bridge DUB,Side A [06] If We Had But(t) The Truth • BLOWsutra (Censored) Folk Poetry on the Bridge DUB,Side A [09] If We Had But(t) The Truth • BLOWsutra (Censored) Feel Di Riddim Ragga Mama DUB,Side A [01] Dare to Care (This Issue is Real) - BLOWsutra Revolt Now Jazzy Gipsy Blues DUB,""[08] Two Things, Darling • KNOWsutra Bertrand (Knows) Existential Poetry Mama DUB"",[05] Foolish Goldfish (Forever) • KNOWsutra Peace (Not War) Psychedelic Poetry Dubs The Bridge DUB,""[16] Hey, Creeps • BLOWsutra Ego Gone She Wanna Know Psychedelic LoFi Jazz DUB"",[01] We Live Not By Lies - GROWsutra Gipsy Poetry DUB,[01] Win Win Dub ⚭ French GROWsutra Soulful Hip Hop Ragga DUB,[16] The Love Of A Dove - GROWsutra Dem Sed Psychedelic Ragga DUB,[14] The Love Of A Dove - GROWsutra Feel Di Riddim Psychedelic Ragga DUB,[07] Easy (Death Is Nothing At All) • BOWsutra La Poesita Peace DUB INDIE,[08] Who's Your Vladdy • BLOWsutra Psychedelic Poetry Folk DUB,[07] Who's Your Vladdy • BLOWsutra Psychedelic Poetry Folk DUB,""[04] Hereby, I Cry • We Sing mo' DUB"",[18] Jealousy (not for me) - Muse 1 DUB,[15] Jealousy (not for me) - WSWHFN DUB,[06] Tune in the Tender • Jazzy DUBsutra,[05] Ordo Amoris In Decay - muse DUBsutra,When We Duende 3 - FLOWsutra DUB,[03] Poetry Nah Lie - Ragga DUBsutra,[06] Poetry Nah Lie - Ragga DUBsutra,[02] Poetry Nah Lie - Ragga DUBsutra,[01] Poetry Nah Lie - Ragga DUBsutra,[05] Poetry Slow Burns - Sweet DUBsutra,[03] Poetry Slow Burns - DUBsutra,[02] Poetry Slow Burns - DUBsutra,[01] Poetry Slow Burns  - Gold DUBsutra,[03] Poetry Duende - DUBsutra,[01] Poetry Duende - DUBsutra,[03] La Poesia Importa - Oh Lordy DUBsutra,[12] Jolly Poo - Beware of Dog who won’t Bark - DUBsutra,[11] Jolly Poo - Coward Dawgs Gossip but(t) only in your back  - DUBsutra,[07] Fluye • Miss Cheeky DUB (1),[05] Fluye • Queen (of Authentic) DUB (1),[09] Fluye • Muse Prima DUB (1),[06] Fluye • Queen (of Authentic) DUB (2),[11] Fluye • Feel Di (Ragga) Riddim DUB,[08] Fluye • Miss Cheeky DUB (2),[04] Reason over Reverence - They said bow down but we rise 2 - DUBsutra,[01] Question Di Kingdom - Dub's the Path (Truth is the riddim) - Ragga DUBsutra,[02] Question Di Kingdom - Dub's the Path (Truth is the riddim) - DUBsutra,Creepy Con Meme • Dicky DUBsutra,""Pro-Life Means What, Honey • Jazzy Mantra DUBsutra (2)"",Woke-N-Whack-A-Musk ☆ DUBsutra (2),Double (decking) Standards VOL. 1 • DUBsutra,Poetry Matters • LOFI DUBsutra,Some Songs Are More POOH Than Others : DUBsutra,""New Normalcy, Space Oddity ☰ DUBsutra"",Absinthe Bliss (Kiss Me Slow) • DUBsutra,""#2 Hold the Mic, Babe ☰ DUBsutra Vocal Hug"",Just Gasp(be) • Jazzy DUB Poetry • sutraFLOW (v1),Le Poids de l'Ego v1 • sutraFRENCH • Burlesque Ego Dub Cabaret,Side B [10] READ ME HARDER (BB for Banned Books) - SHOWsutra She Wanna Know Jazzy LoFi Indie DUB,[03] El Papito Leo es No MAGA Show - Muse DUB,[02] El Papito Leo es No MAGA Show - Muse DUB,ABC Of Kindness - A Is For Always Speak From Your Heart - DUBsutra (1),Seminal Bollocks  • DUBsutra,[08] Zero Sum • GROWsutra Psychedelick Folk Poetry Bridges The DUB,[10] Zero Sum • GROWsutra Psychedelick Gipsy Flamenco  Ragga Circus DUB,[12] Zero Sum • GROWsutra Psychedelick Gipsy Indie Ragga Flamenco DUB,[07] Zero Sum • GROWsutra Psychedelick Folk Poetry Bridges The DUB,[02] But(t) How Can You GROWsutra Dem Sed Psychedelic Ragga DUB,[01] Rainbows in the Clouds • GLOWsutra Folk Poetry Dubs the DUB,""[01] So, What Is Racism? KNOWsutra She Wanna Know Jazzy LoFi DUB"",""[03] So, What Is Racism? KNOWsutra Rebound & Rise Jazzy Ragga DUB"",B [07] Make America Gulag Again • Tzigane Fusion DUB,B [09] Make America Gulag Again • Tzigane Fusion DUB,A [15] Make America Gulag Again • Di Riddim Ragga DUB,A [14] Make America Gulag Again • Di Riddim Ragga DUB,A [08] Make America Gulag Again • Muse DUB,A [06] Make America Gulag Again • Bruh Ragga DUB,A [12] Make America Gulag Again • Ragga Lala DUB,[3] Question Di Kingdom (2) • RAGGAsutra,[4] Question Di Kingdom (1) • RAGGAsutrawav,[8] Reason fi di win • RAGGAsutra,[5] Dubbin' for Freedom • DUBsutra,[1] Serial BLOWERS (now twat?) • DUBsutra,Prickly Peaches (one) • DUB Sutra,[08] Grifters • BLOWsutra Psychedelic Poetry Folk the Bridge DUB,[07] This Is My Quest • GROWsutra La Poesita Gipsy Fado Flamenco Duende DUB,[15] This Is My Quest • GROWsutra Psychedelic Poetry Bridges the DUB,[12] This Is My Quest • GROWsutra Psychedelic Poetry Bridges the DUB,[04] My Quest • To dream an impossible dream with Jacques Brel • GLOWsutra Psychedelic Muse DUB,[10] What's Funny (Bo Burnham Gone Bananas) - COVERsutra Indie Reggae DUB,[05] Spit Back The Lies • BLOWsutra (Revolution Ring) La Poesita Indie Flamenco Fusion DUB,[10] Spit Back The Lies • BLOWsutra (Revolution Ring) Psychedelick Folk Poetry Bridges the DUB,[08] Spit Back The Lies • BLOWsutra (Revolution Ring) Psychedelick Folk Poetry Bridges the DUB,[08] Kiss A Pulse • GLOWsutra (Lucille Clifton Poetry) Psychedelic Folk Bridges the DUB,[09] Kiss A Pulse • GLOWsutra (Lucille Clifton Poetry) Psychedelic Folk Bridges the DUB,[06] Kiss A Pulse • GLOWsutra (Lucille Clifton Poetry) Psychedelic Folk Bridges the DUB,[07] Kiss A Pulse • GLOWsutra (Lucille Clifton Poetry) Psychedelic Folk Bridges the DUB,""[04] Embraceable You - An American in Paris, Public Domain Lyrics - SHOWsutra Indie Jazz DUB"",""[05] Tra-La-La - An American in Paris, Public Domain Lyrics - SHOWsutra Indie Jazz DUB"",[04] Synthema Sutras - SHOWsutra Banana Jazzy Bass Indie Cello Fusion DUB,[07] Peace Matters More - GROWsutra Gipsy Hop DUB,[02] The (Bloody Mountain) Echo - Vladimir Vysotsky English Cover - BLOWsutra Gipsy La Poesita Cello Indie Folk DUB,""[09] Freee, La Fille • French SHOWsutra Psychedelic Ragga DUB"",""[08] Freee, La Fille • French SHOWsutra Psychedelic Ragga DUB"",Planet Idiocracy (Single) • BLOWsutra Peace Odyssey DUB,[13] L'Embobinage (d'après Carl Sagan) • French GROWsutra World Peace Miss Cheeky DUB,[11] L'Embobinage (d'après Carl Sagan) • French GROWsutra World Peace La Poesita Flamenco INDIE DUB,[12] L'Embobinage (d'après Carl Sagan) • French GROWsutra World Peace Miss Cheeky DUB,[08] Men-Oh-Pause • GROWsutra Dem Sed Ragga DUB,[06] Creo - Muse DUBsutra,[09] Sideration's Calling • White House's Burning • Riddim Sister RAGGA DUBsutra,[02] Sideration's Calling • White House's Burning • Jazzy LOFI DUBsutra,[07] Sideration's Calling • White House's Burning • Oh Lordy 2 DUBsutra,""[08] FOTUS Circus VOL. 04 • Step Right Up, Murica Freaks (paper staws) • DUB QUACKsutra"",""[09] FOTUS Circus VOL. 04 • Step Right Up, My Dearest Souls • DUB QUACKsutra"",[15] Queer Almighty - Drum Mantra DUBsutra,[4] Shush the Bull Bro (Please) • DUBsutra,[2] stymy stymy yuck • muse DUB,Liberty • Tribute to Victor Hugo’s Revolutionary Poetry • DUBsutra,making songs like…,""Flow like Water, My Friend"""
BLOWsutra,https://soundcloud.com/bananasutra/sets/sutrablow,BLOWsutra,"BANJO,BLUES,BURLESQUE,DUB,FOLK,INDIE,JAZZ,LOFI,MANTRA,ROCK",380,217160,2019,21:19:30,https://i1.sndcdn.com/artworks-iPtXxjIVQyjzpElZ-rzZZyw-t500x500.png,"MAMA-B-C (Make America Mine Achtung) • BLOWsutra MAxA Series EPx8,Make Amurica Gulag Again ☭ BLOWsutra DUB EPx25,Okey Dokey · No It's Not Ξ EPx5 Ξ LOFIsutra,Rise Up · You Naked Peoples (Freedom Rings) ☆ BLOWsutra Victor Hugo Revolution Song,Second Hand Smoke (of) Arrogant Hearts - BLOWsutra EGO Therapy EPx6,Serial BLOWerrr ✰ RAGGA DUBsutra,Because the Light ☉ EPx4 VOL.01,Bloom Past Doom - Vol. 2 · 2 songs EPx7 - BLOWsutra (Revolution Ring Series) Fusion Jazz,EGO's Masquerade • EPx4 • BLOWsutra Tzigane Trip Hop Lo-Fi INDIE,Ego Ain't Your Amigo • Vol. 2 · EPx21 • BLOWsutra (Ego Gone Loco)  Dub LoFi Burlesque,Hereby · I Cry ☠ BLOWsutra EPx5,Hey · Creeps • EPx20 • BLOWsutra Ego Gone Loco,If We Had But(t) The Truth • Vol. 2 EPx22 • BLOWsutra (Censored) Epstein Etcetera Soundtrack,Jolly Poo - EPx15 VOL. 01 - Banjo Blues BLOWsutra,Le Système EP MIX X16 | Bluesy French Jazz,MAHA (Make America Humane Again) ☆ VOL.2 EPx6 ☆ BLOWsutra (MAxA Series) Psychedelic Trip Hop,Male Fantasies - bananasutra EPx2 Vol. 03,Mind the Felon EP X5 | JAZZ LOFI : Psychedelic Paradox Soul Chanson,Poem (I wanted to be · basically) ℘ EPx14 VOL.01,Question the Nation • EPx10 • BLOWsutra Psychedelic Dub Revolution,RHINOCEROSS ♦ EPx7 ♦ BLOWsutra Surreal Real Poetry,SS Means Sacred Sp3rm ☠ BLOWsutra EPx19,Sidération - The Sky Stood Still - EPx6 VOL. 2 of 4,Time for Rebel Romance ☆ EPx6 ☆ BLOWsutra (Revolt Now) Cabaret,Trust No One EP x3 VOL.1 ☆ BLOWsutra Alternative Indie ROCK,Where Hope Expires ℧ EPx8 VOL.02,Who's Your Vladdy? EPx10 ☿ BLOWsutra World Peace Fusion Indie,Who's Your Vladdy? EPx2 VOL.02 ☿ BLOWsutra World Peace LOFI + ROCK,Woke 'em Whacks EPx4 : BLUES & DUBsutra (Music Therapy),They Call It Freedom (Oh Hi · Sweet Honey Bun) ✯ BLOWsutra (Revolt Now) EPx11,All the -Isms | BLOWsutra EPx7,Bloom Past Doom (Apes Gone Wrong Series) EPx5 - BLOWsutra (Revolt Now)  Grassroots Hope Song,Grifters • BLOWsutra (Apes Gone Wrong) EPx14,Hey · You ✖ EPx8 ✖ BLOWsutra Indie Punk ROCK,Ironic Moronic Eugenics ☤ What Happens When KNOWsutra & BLOWsutra Make a Baby,No Fear · My Dear ❢ BLOWsutra Revolution Ring Jazz EPx19,Project 2-0-2-5 (Explicit Fascism Advisory) • Pray for Murica SOULsutra EPx7,Spit Back The Lies • BLOWsutra (Revolution Ring) EPx20,The Echo Song Song ☭ Vladimir Vysotsky - EPx6  English Cover ☭ BLOWsutra Gipsy Trip Hop Trip,This Is What Dissent Looks Like Now - BLOWsutra (Revolution Ring) Jazz Indie LoFi Dream,DEFY (Vol 2) - 3 Songs EPx6 - BLOWsutra Revolution Ring LoFi Jazz Fusion,MAxA Alphabet Series Compilation - Make America Humane · Kind · Safe · Smart · etcetera Alright?!","[06] Ego Ain't Your Amigo • BLOWsutra (Ego Gone Loco) Psychedelic Bridge Poetry Folk DUB,[08] Ego Ain't Your Amigo • BLOWsutra (Ego Gone Loco) She Wanna Know Psychedelic Jazz Fusion DUB,[05] Ego Ain't Your Amigo • BLOWsutra (Ego Gone Loco) Psychedelic Bridge Poetry Folk DUB,[18] Ego Ain't Your Amigo • BLOWsutra (Ego Gone Loco) Post-Punk Psychedelic IBYN Rock BURLESQUE,[09] Ego Ain't Your Amigo • BLOWsutra (Ego Gone Loco) She Wanna Know Psychedelic Jazz Fusion DUB,[21] Ego Ain't Your Amigo • BLOWsutra (Ego Gone Loco) Queen of Authentic Dubby Psychedelic Folk BLUES,[07] Ego Ain't Your Amigo • BLOWsutra (Ego Gone Loco) Psychedelic Bridge Poetry Folk DUB,[02] Ego Ain't Your Amigo • BLOWsutra (Ego Gone Loco) La Poesita Psychedelic Indie Flamenco DUB,[01] Ego Ain't Your Amigo • BLOWsutra (Ego Gone Loco) La Poesita Psychedelic Indie Flamenco DUB,[03] Ego Ain't Your Amigo • BLOWsutra (Ego Gone Loco) La Poesita Psychedelic Indie Flamenco DUB,[13] Ego Ain't Your Amigo • BLOWsutra (Ego Gone Loco) Psychedelic Cello Burlesque Jazz LOFI,[04] Ego Ain't Your Amigo • BLOWsutra (Ego Gone Loco) Psychedelic Bridge Poetry Folk DUB,[15] Ego Ain't Your Amigo • BLOWsutra (Ego Gone Loco) Psychedelic Gipsy Indie Jazz Fusion LOFI,[04] Time for Rebel Romance ☆ BLOWsutra (Revolt Now) IBYN Psychedelic Piano Jazz BURLESQUE,[01] Time for Rebel Romance ☆ BLOWsutra (Revolt Now) Oh Boy Psychedelic Accordion Circus BURLESQUE,[05] Time for Rebel Romance ☆ BLOWsutra (Revolt Now) Accordion Ragga Burlesque DUB,[02] Time for Rebel Romance ☆ BLOWsutra (Revolt Now) Oh Boy Psychedelic Accordion Circus BURLESQUE,[06] Question The Nation • BLOWsutra (Revolt Now) Gipsy Indie Trip Hop(e) Dub LOFI,[09] Question The Nation • BLOWsutra (Revolt Now) SWK Dubby Raw Acoustic Bass Jazz LOFI,[01] MAHA (Make America Humane Again) • Vol. 2 • BLOWsutra Gipsy Trip Hop Blues LOFI,[02] MAHA (Make America Humane Again) • Vol. 2 • BLOWsutra Gipsy Trip Hop Lofi DUB,[06] MAHA (Make America Humane Again) • Vol. 2 • BLOWsutra Gipsy Bass Trip Drum Hop Blues LOFI,[04] MAHA (Make America Humane Again) • Vol. 2 • BLOWsutra Gipsy LoFi Trip Hip Blop LOFI,Side B [15] If We Had But(t) The Truth • BLOWsutra (Censored) Gipsy Psychedelia Accordion Cello Indie FOLK,Side A [08] If We Had But(t) The Truth • BLOWsutra (Censored) Folk Poetry on the Bridge DUB,Side A [01] If We Had But(t) The Truth • BLOWsutra (Censored) Jazzy Psychedelic Hip Trip Hop LOFI,Side A [06] If We Had But(t) The Truth • BLOWsutra (Censored) Folk Poetry on the Bridge DUB,Side A [09] If We Had But(t) The Truth • BLOWsutra (Censored) Feel Di Riddim Ragga Mama DUB,Side B [16] If We Had But(t) The Truth • BLOWsutra (Censored) PsyPunk Rock Cabaret BURLESQUE,Side B [05] Revolution's Lit (This Ain't Fiction) - BLOWsutra Revolt Now Jazzy INDIE,Side A [01] Dare to Care (This Issue is Real) - BLOWsutra Revolt Now Jazzy Gipsy Blues DUB,Side B [07] Revolution's Lit (This Ain't Fiction) - BLOWsutra Revolt Now Bluesy Psychedelic Americana Banjo FOLK,Side A [02] Dare to Care (This Issue is Real) - BLOWsutra Revolt Now Dubby Bluesy Burlesque JAZZ,""[16] Hey, Creeps • BLOWsutra Ego Gone She Wanna Know Psychedelic LoFi Jazz DUB"",""[12] Hey, Creeps • BLOWsutra Ego Gone Loco Tzigane Fusion LOFI"",""[02] Hey, Creeps • BLOWsutra Ego Gone à la Psychedelic Gipsy Grouchy Cosmic Punk LOFI"",""[01] Hey, Creeps • BLOWsutra Ego Gone à la Psychedelic Gipsy Bonobo Cosmic Punk LOFI"",""[05] Hey, Creeps • BLOWsutra Ego Gone Bamboozlers Indie CelLOFI"",""[13] Hey, Creeps • BLOWsutra Ego Gone Psychedelic Hip Hop Storyteller LOFI"",[01] RhinoceroSS - BLOWsutra She Wanna Know Indie LOFI,Who's Your Vladdy BLOWsutra Psychedelic Burlesque Punk ROCK,[07] Who's Your Vladdy • BLOWsutra Psychedelic Poetry Folk DUB,[02] EGO's masquerade • Tzigane Trip Hop Lo-Fi INDIE,""[05] Hereby, I Cry • Arabesk Drum MANTRA"",[14] SS Means Sacred Sp3rm • Jazz INDIE,[04] SS Means Sacred Sp3rm • Piano Jazz BURLESQUE,[05] Jolly Poo - No one knows how dark you are - FOLKsutra,[12] Jolly Poo - Beware of Dog who won’t Bark - DUBsutra,[11] Jolly Poo - Coward Dawgs Gossip but(t) only in your back  - DUBsutra,[03] Sidération - The Sky Stood Still 4 - Revolution BLUESsutra,[01] Male Fantasies • Minimal Vocal JAZZsutra,[01] Because the Light (wontdietonight) ⭐︎ Breathy LOFIsutra,[02] Because the Fight ⭐︎ MellO BANJOsutra,Where Hope Expires - Queen of Authentic FOLK,Where Hope Expires - dem sed Dub INDIE FOLK,Where Hope Expires - Piano CAT JAZZ,[06] I Wanted to Be the Poem - Bluesy Burlesque JAZZ,[2] Trust no one - BLOWsutra Udio ROCK,[1] Trust no one - BLOWsutra Suno JAZZ,Woke-N-Whack-A-Musk ☆ BLUESsutra (1),Woke-N-Whack-A-Musk ☆ BLUESsutra (2),Woke-N-Whack-A-Musk ☆ DUBsutra (2),Mind the Felon (two) • FOLKsutra,Mind the Felon (one) • JAZZsutra,Mind the Felon (three) • JAZZsutra,Le Poids de l'Ego v1 • sutraFRENCH • Burlesque Ego Dub Cabaret,""Manu, Le P'tit Menteur v2 • sutraFRENCH • Burlesque Ego Accordion Cabaret"",Le P'tit Jupiter • sutraFRENCH • indieJAZZZ Piano LOFI Soul :),""[02] They Call It Freedom (Oh Hi, Sweet Honey Bun) • BLOWsutra (Revolt Now) Psychedelic Gipsy Dadadam Indie LOFI"",""[10] They Call It Freedom (Oh Hi, Sweet Honey Bun) • BLOWsutra (Revolt Now) Classichedelic Americana BLUES"",""[06] They Call It Freedom (Oh Hi, Sweet Honey Bun) • BLOWsutra (Revolt Now) Psychedelic Gipsy Cello Trip Hip Hop Indie LOFI"",""[07] They Call It Freedom (Oh Hi, Sweet Honey Bun) • BLOWsutra  (Revolt Now) Psychedelic Dubby Americana Indie LoFi FOLK"",""[08] They Call It Freedom (Oh Hi, Sweet Honey Bun) • BLOWsutra (Revolt Now) Classichedelic Americana Dubby Folky BLUES"",""[01] Rise Up, You Naked People (Freedom Rings) - BLOWsutra Victor Hugo Revolution Ring FOLK"",Side A [03] MAMA-B-C (Make America Mine Achtung) • BLOWsutra Cello Melancholia Burlesque INDIE,Side B [03] MAMA-B-C (Make America Mine Achtung) • BLOWsutra Trip Hop Smooth LOFI,Side A [01] MAMA-B-C (Make America Mine Achtung) • BLOWsutra Back-to-Basics Folk Indie Cello BLUES,Side A [02] MAMA-B-C (Make America Mine Achtung) • BLOWsutra psychedelic kindness is depth (high) Banjo Folk BLUES,Side A [03] Secondhand Smoke • BLOWsutra Ego Gone Loco Gipsy Indie Trip Hop LOFI,Side A [01] Secondhand Smoke • BLOWsutra Ego Gone Loco Gipsy Indie Trip Hop LOFI,Side B [03] Arrogant Hearts - BLOWsutra Indie Cello MANTRA,A [12] Make America Gulag Again • Ragga Lala DUB,""[04] Okey Dokey, No It's Not • Jazzy LOFIsutra"",""[03] Okey Dokey, No It's Not • Indie LOFIsutra"",""[02] Okey Dokey, No It's Not • Indie LOFIsutra"",""[05] Okey Dokey, No It's Not • Jazzy LOFIsutra"",[1] Serial BLOWERS (now twat?) • DUBsutra,[08] Grifters • BLOWsutra Psychedelic Poetry Folk the Bridge DUB,[05] Spit Back The Lies • BLOWsutra (Revolution Ring) La Poesita Indie Flamenco Fusion DUB,[10] Spit Back The Lies • BLOWsutra (Revolution Ring) Psychedelick Folk Poetry Bridges the DUB,[20] Spit Back The Lies • BLOWsutra (Revolution Ring) Psychedelic Destiny Banjo BLUES,[03] Spit Back The Lies • BLOWsutra (Revolution Ring) Mama-b-c Psychedelic Cello Fusion INDIE,[11] Spit Back The Lies • BLOWsutra (Revolution Ring) Indie Gipsy Hip Hop Fusion LOFI,[02] Spit Back The Lies • BLOWsutra (Revolution Ring) Mama-b-c Psychedelic Cello Fusion INDIE,[08] Spit Back The Lies • BLOWsutra (Revolution Ring) Psychedelick Folk Poetry Bridges the DUB,[13] Spit Back The Lies • BLOWsutra (Revolution Ring) Psychedelic Bruh Hip Hop Dub LOFI,[BONUS] What Dissent Looks Like Now • BLOWsutra Psychedelic Burlesque MamA-B-Cello Dream Cabaret INDIE,[10] What Dissent Looks Like Now • BLOWsutra Post-Punk Gipsy Trip Hop Lo-Fi Burlesque INDIE,[02] What Dissent Looks Like Now • BLOWsutra Post-Punk Trip Hop Lo-Fi Burlesque Piano JAZZ,[04] What Dissent Looks Like Now • BLOWsutra Post-Punk Piano Trip Hop Lo-Fi Burlesque JAZZ,[01] What Dissent Looks Like Now • BLOWsutra Post-Punk Piano Trip Hop Lo-Fi Burlesque JAZZ,[11] What Dissent Looks Like Now • BLOWsutra Psychedelic Hip Hop BRUH Cabaret Rap LOFI,[08] What Dissent Looks Like Now • BLOWsutra Post-Punk Gipsy Trip Hop Lo-Fi Burlesque INDIE,[03] Bloom Past Doom - BLOWsutra (Revolt Now) Cello Circus Chanson Cabaret BURLESQUE,[BONUS] Shameless - DEFY EP Vol 2 - BLOWsutra Revolution Ring Psychedelic Piano Jazz BURLESQUE,Side B [01] Shameless - DEFY EP Vol 2 - BLOWsutra Revolution Ring Psychedelic Trip Hop(e) LOFI,Side A [03] Universal Currency - DEFY EP Vol 2 - BLOWsutra Revolution Ring Psychedelic Piano Burlesque JAZZ,Side A [02] Optics of Cruelty - DEFY EP Vol 2 - BLOWsutra Revolution Ring Psychedelic Piano Burlesque JAZZ,""Side B [11] No Fear, My Dear • BLOWsutra Revolt Now Dubby Psychedelic Folky BLUES"",""Side A [07] No Fear, My Dear • BLOWsutra Revolt Now Dubby Bluesy Psychedelic Chanson Piano JAZZ"",""Side B [18] No Fear, My Dear • BLOWsutra Revolt Now Psychedelic Gipsy World Fusion Indie LOFI"",""Side B [15] No Fear, My Dear • BLOWsutra Revolt Now Psychedelic Gipsy World LoFi Folk Fusion INDIE"",""Side B [12] No Fear, My Dear • BLOWsutra Revolt Now Dubby Bluesy Jazzy Psychedelic Chanson Piano FOLK"",""Side A [10] No Fear, My Dear • BLOWsutra Revolt Now Dubby Psychedelic Chanson Bluesy JAZZ"",""Side A [05] No Fear, My Dear • BLOWsutra Revolt Now Bluesy Psychedelic Chanson Piano JAZZ"",""Side B [13] No Fear, My Dear • BLOWsutra Revolt Now Dubby Psychedelic FOLK"",""Side A [09] No Fear, My Dear • BLOWsutra Revolt Now Bluesy Psychedelic Chanson Piano JAZZ"",""Side A [02] No Fear, My Dear • BLOWsutra Revolt Now Bluesy Psychedelic Chanson Piano Bass JAZZ"",""Side A [01] No Fear, My Dear • BLOWsutra Revolt Now Bluesy Psychedelic Chanson Piano JAZZ"",""Side A [08] No Fear, My Dear • BLOWsutra Revolt Now Psychedelic Gipsy World LoFi Fusion Piano Indie JAZZ"",""Side A [03] No Fear, My Dear • BLOWsutra Revolt Now Bluesy Psychedelic Chanson Piano JAZZ"",[05] The (Bloody Mountain) Echo - Vladimir Vysotsky English Cover - BLOWsutra Gipsy Piano Cello Duende INDIE,[02] The (Bloody Mountain) Echo - Vladimir Vysotsky English Cover - BLOWsutra Gipsy La Poesita Cello Indie Folk DUB,Planet Idiocracy (Single) • BLOWsutra Peace Odyssey DUB,[04] Ironic Moronic Eugenics • BLOWsutra Psychedelic Banjo Psybass Bluegrass BLUES,[06] All Lame-Isms (Queen of Authentic) - BLOWsutra FOLK,[04] All Lame-Isms (oh boy) 1 - BLOWsutra BURLESQUE,""[03] Hey, You - BLOWsutra psyPunk ROCK"",[4] MAHA • Make America Humane Again • Accordion CAT BURLESQUEsutra,Shady Fools • FOLKsutra,Liberty • Tribute to Victor Hugo’s Revolutionary Poetry • DUBsutra,Project 2-0-2-5 • Dummy FOLKsutra,Predators (always Inspired) 5,The Tyranny of Ignorance : BANJOsutra (Single Duck Release),Kamala has a dream (and that duck just blows) • bananasutraBLUES"