playlist_name,playlist_url,sutra,genres,track_count,total_plays,total_likes,duration_total,artwork_url,artwork_lg_url,sc_playlist_type,scplaylist_in_app,songbook_id,sc_tracks_link
BANJOsutra,https://soundcloud.com/bananasutra/sets/banjosutra,,"BANJO,BLUES,BURLESQUE,DUB,FOLK,INDIE,JAZZ,LOFI,MANTRA,ROCK",146,50873,426,7:38:00,https://i1.sndcdn.com/artworks-ROFUH45CVmzoeu8W-wCnnMA-t500x500.jpg,https://i1.sndcdn.com/artworks-ROFUH45CVmzoeu8W-wCnnMA-t1080x1080.jpg,genre (all),,,"""[03] Lightly, My Darling • FLOWsutra Psychedelick Bluesy Banjo FOLK"",""[05] Lightly, My Darling • FLOWsutra Psychedelick Bluesy Banjo FOLK"",[10] MASA (Make America Safe Again) • QUACKsutra Psychedelic Booya Country BANJO,[06] MASA (Make America Safe Again) • QUACKsutra Psychedelic BANJO BLUES,[07] MASA (Make America Safe Again) • QUACKsutra Psychedelic BANJO BLUES,[01] MASA (Make America Safe Again) • QUACKsutra Psychedelic DUB BANJO,Side A [04] CREEPYPASTA • SHOWsutra Hide Yo Pets Bluegrass BANJO,[01] Reason over Reverence (No Need for Gods) • Banjo Blues FOLKsutra,""[06] FOTUS Circus VOL. 04 • Step Right Up, for Plastic Straws • Banjo QUACKsutra"",[06] Queer Almighty - Queer Enough to Cabaret - BANJOsutra,[08] Queer Almighty - Tell me why - FOLK BANJOsutra,[01] Queer Almighty - Folk BANJOsutra,[05] Queer Almighty - Jazzy Queer Almighty - BLUESy BANJOsutra,[02] Because the Fight ⭐︎ MellO BANJOsutra,[01] Dressed in Wonder • psyBLUES BANJOsutra,[4] MAKA MAKA - Oh Hey Folk BANJOsutra,Where Hope Expires • Folk BANJOsutra,[7] MAHA • Make America Humane Again • Booya BANJOsutra,MAWA MAWA • Make America Woke Again • Banger BANJOsutra,[6] Shades of Fools • All I know is I dunno • Fastass BANJOsutra,Wet Peaches • Blues BANJOsutra,""En Vrai, On Est Tous Frères • LOFI BLUES FRENCHsutra"",""Ooh, Freedom ♛ BLUESsutra Soul (Public Domain Heavens)"",Poetry Matters (1) ☰ BANJOsutra dream,Tell the Truth : BANJOsutra,""New Normalcy, Space Oddity ☰ BANJOsutra"",The Tyranny of Ignorance : BANJOsutra (Single Duck Release),""#1 Hold the Mic, Babe ☰ BANJOsutra Vocal Hug"",""#3 Hold the Mic, Babe ☰ BANJOsutra Hug for Ya, Babe"",Just Grind(ha) • Harmonica Blues Lo-fi • sutraFLOW,Kamala has a dream (and that duck just blows) • bananasutraBLUES,Rainbows in my Cloud (Merci) • Banjo Folk Gratitude Song • Bananasutra(GLOW)"
BLOWsutra,https://soundcloud.com/bananasutra/sets/sutrablow,BLOWsutra,"BANJO,BLUES,BURLESQUE,DUB,FOLK,INDIE,JAZZ,LOFI,MANTRA,ROCK",426,240318,2254,24:11:38,https://i1.sndcdn.com/artworks-8VrcsratgHRdvlWi-DctPQQ-t500x500.jpg,https://i1.sndcdn.com/artworks-8VrcsratgHRdvlWi-DctPQQ-t1080x1080.jpg,sutra (all),,,"[08] Grifters • BLOWsutra Psychedelic Poetry Folk the Bridge DUB,[04] Grifters • BLOWsutra Psychedelic Post-Punk Country Burlesque Banjo BLUES,[09] Grifters • BLOWsutra Psychedelic Poetry Folk the Bridge DUB,[07] Grifters • BLOWsutra Queen of Authentic Country Banjo Folk Dub BLUES,[05] Spit Back The Lies • BLOWsutra (Revolution Ring) La Poesita Indie Flamenco Fusion DUB,[10] Spit Back The Lies • BLOWsutra (Revolution Ring) Psychedelick Folk Poetry Bridges the DUB,[20] Spit Back The Lies • BLOWsutra (Revolution Ring) Psychedelic Destiny Banjo BLUES,[03] Spit Back The Lies • BLOWsutra (Revolution Ring) Mama-b-c Psychedelic Cello Fusion INDIE,[11] Spit Back The Lies • BLOWsutra (Revolution Ring) Indie Gipsy Hip Hop Fusion LOFI,[02] Spit Back The Lies • BLOWsutra (Revolution Ring) Mama-b-c Psychedelic Cello Fusion INDIE,[08] Spit Back The Lies • BLOWsutra (Revolution Ring) Psychedelick Folk Poetry Bridges the DUB,[13] Spit Back The Lies • BLOWsutra (Revolution Ring) Psychedelic Bruh Hip Hop Dub LOFI,[06] Ego Ain't Your Amigo • BLOWsutra (Ego Gone Loco) Psychedelic Bridge Poetry Folk DUB,[08] Ego Ain't Your Amigo • BLOWsutra (Ego Gone Loco) She Wanna Know Psychedelic Jazz Fusion DUB,[05] Ego Ain't Your Amigo • BLOWsutra (Ego Gone Loco) Psychedelic Bridge Poetry Folk DUB,[18] Ego Ain't Your Amigo • BLOWsutra (Ego Gone Loco) Post-Punk Psychedelic IBYN Rock BURLESQUE,[09] Ego Ain't Your Amigo • BLOWsutra (Ego Gone Loco) She Wanna Know Psychedelic Jazz Fusion DUB,[21] Ego Ain't Your Amigo • BLOWsutra (Ego Gone Loco) Queen of Authentic Dubby Psychedelic Folk BLUES,[07] Ego Ain't Your Amigo • BLOWsutra (Ego Gone Loco) Psychedelic Bridge Poetry Folk DUB,[02] Ego Ain't Your Amigo • BLOWsutra (Ego Gone Loco) La Poesita Psychedelic Indie Flamenco DUB,[01] Ego Ain't Your Amigo • BLOWsutra (Ego Gone Loco) La Poesita Psychedelic Indie Flamenco DUB,[03] Ego Ain't Your Amigo • BLOWsutra (Ego Gone Loco) La Poesita Psychedelic Indie Flamenco DUB,[13] Ego Ain't Your Amigo • BLOWsutra (Ego Gone Loco) Psychedelic Cello Burlesque Jazz LOFI,[04] Ego Ain't Your Amigo • BLOWsutra (Ego Gone Loco) Psychedelic Bridge Poetry Folk DUB,[15] Ego Ain't Your Amigo • BLOWsutra (Ego Gone Loco) Psychedelic Gipsy Indie Jazz Fusion LOFI,[04] Time for Rebel Romance ☆ BLOWsutra (Revolt Now) IBYN Psychedelic Piano Jazz BURLESQUE,[01] Time for Rebel Romance ☆ BLOWsutra (Revolt Now) Oh Boy Psychedelic Accordion Circus BURLESQUE,[05] Time for Rebel Romance ☆ BLOWsutra (Revolt Now) Accordion Ragga Burlesque DUB,[02] Time for Rebel Romance ☆ BLOWsutra (Revolt Now) Oh Boy Psychedelic Accordion Circus BURLESQUE,""[01] Rise Up, You Naked People (Freedom Rings) - BLOWsutra Victor Hugo Revolution Ring FOLK"",[06] Question The Nation • BLOWsutra (Revolt Now) Gipsy Indie Trip Hop(e) Dub LOFI,[09] Question The Nation • BLOWsutra (Revolt Now) SWK Dubby Raw Acoustic Bass Jazz LOFI,Side A [03] MAMA-B-C (Make America Mine Achtung) • BLOWsutra Cello Melancholia Burlesque INDIE,Side B [03] MAMA-B-C (Make America Mine Achtung) • BLOWsutra Trip Hop Smooth LOFI,Side A [01] MAMA-B-C (Make America Mine Achtung) • BLOWsutra Back-to-Basics Folk Indie Cello BLUES,Side A [02] MAMA-B-C (Make America Mine Achtung) • BLOWsutra psychedelic kindness is depth (high) Banjo Folk BLUES,[01] MAHA (Make America Humane Again) • Vol. 2 • BLOWsutra Gipsy Trip Hop Blues LOFI,[02] MAHA (Make America Humane Again) • Vol. 2 • BLOWsutra Gipsy Trip Hop Lofi DUB,[06] MAHA (Make America Humane Again) • Vol. 2 • BLOWsutra Gipsy Bass Trip Drum Hop Blues LOFI,[04] MAHA (Make America Humane Again) • Vol. 2 • BLOWsutra Gipsy LoFi Trip Hip Blop LOFI,[BONUS] What Dissent Looks Like Now • BLOWsutra Psychedelic Burlesque MamA-B-Cello Dream Cabaret INDIE,[10] What Dissent Looks Like Now • BLOWsutra Post-Punk Gipsy Trip Hop Lo-Fi Burlesque INDIE,[02] What Dissent Looks Like Now • BLOWsutra Post-Punk Trip Hop Lo-Fi Burlesque Piano JAZZ,[04] What Dissent Looks Like Now • BLOWsutra Post-Punk Piano Trip Hop Lo-Fi Burlesque JAZZ,[01] What Dissent Looks Like Now • BLOWsutra Post-Punk Piano Trip Hop Lo-Fi Burlesque JAZZ,[11] What Dissent Looks Like Now • BLOWsutra Psychedelic Hip Hop BRUH Cabaret Rap LOFI,[08] What Dissent Looks Like Now • BLOWsutra Post-Punk Gipsy Trip Hop Lo-Fi Burlesque INDIE,Side B [15] If We Had But(t) The Truth • BLOWsutra (Censored) Gipsy Psychedelia Accordion Cello Indie FOLK,Side A [08] If We Had But(t) The Truth • BLOWsutra (Censored) Folk Poetry on the Bridge DUB,Side A [01] If We Had But(t) The Truth • BLOWsutra (Censored) Jazzy Psychedelic Hip Trip Hop LOFI,Side A [06] If We Had But(t) The Truth • BLOWsutra (Censored) Folk Poetry on the Bridge DUB,Side A [03] If We Had But(t) The Truth • BLOWsutra (Censored) Jazzy Psychedelic Hip Trip Scratch Hop LOFI,Side A [09] If We Had But(t) The Truth • BLOWsutra (Censored) Feel Di Riddim Ragga Mama DUB,Side B [16] If We Had But(t) The Truth • BLOWsutra (Censored) PsyPunk Rock Cabaret BURLESQUE,Side B [05] Revolution's Lit (This Ain't Fiction) - BLOWsutra Revolt Now Jazzy INDIE,Side A [01] Dare to Care (This Issue is Real) - BLOWsutra Revolt Now Jazzy Gipsy Blues DUB,Side B [07] Revolution's Lit (This Ain't Fiction) - BLOWsutra Revolt Now Bluesy Psychedelic Americana Banjo FOLK,Side A [02] Dare to Care (This Issue is Real) - BLOWsutra Revolt Now Dubby Bluesy Burlesque JAZZ,[03] Bloom Past Doom - BLOWsutra (Revolt Now) Cello Circus Chanson Cabaret BURLESQUE,[BONUS] Shameless - DEFY EP Vol 2 - BLOWsutra Revolution Ring Psychedelic Piano Jazz BURLESQUE,Side B [01] Shameless - DEFY EP Vol 2 - BLOWsutra Revolution Ring Psychedelic Trip Hop(e) LOFI,Side A [03] Universal Currency - DEFY EP Vol 2 - BLOWsutra Revolution Ring Psychedelic Piano Burlesque JAZZ,Side A [02] Optics of Cruelty - DEFY EP Vol 2 - BLOWsutra Revolution Ring Psychedelic Piano Burlesque JAZZ,""[02] They Call It Freedom (Oh Hi, Sweet Honey Bun) • BLOWsutra (Revolt Now) Psychedelic Gipsy Dadadam Indie LOFI"",""[10] They Call It Freedom (Oh Hi, Sweet Honey Bun) • BLOWsutra (Revolt Now) Classichedelic Americana BLUES"",""[06] They Call It Freedom (Oh Hi, Sweet Honey Bun) • BLOWsutra (Revolt Now) Psychedelic Gipsy Cello Trip Hip Hop Indie LOFI"",""[07] They Call It Freedom (Oh Hi, Sweet Honey Bun) • BLOWsutra  (Revolt Now) Psychedelic Dubby Americana Indie LoFi FOLK"",""[08] They Call It Freedom (Oh Hi, Sweet Honey Bun) • BLOWsutra (Revolt Now) Classichedelic Americana Dubby Folky BLUES"",""Side B [11] No Fear, My Dear • BLOWsutra Revolt Now Dubby Psychedelic Folky BLUES"",""Side A [07] No Fear, My Dear • BLOWsutra Revolt Now Dubby Bluesy Psychedelic Chanson Piano JAZZ"",""Side B [18] No Fear, My Dear • BLOWsutra Revolt Now Psychedelic Gipsy World Fusion Indie LOFI"",""Side B [15] No Fear, My Dear • BLOWsutra Revolt Now Psychedelic Gipsy World LoFi Folk Fusion INDIE"",""Side B [12] No Fear, My Dear • BLOWsutra Revolt Now Dubby Bluesy Jazzy Psychedelic Chanson Piano FOLK"",""Side A [10] No Fear, My Dear • BLOWsutra Revolt Now Dubby Psychedelic Chanson Bluesy JAZZ"",""Side A [05] No Fear, My Dear • BLOWsutra Revolt Now Bluesy Psychedelic Chanson Piano JAZZ"",""Side B [13] No Fear, My Dear • BLOWsutra Revolt Now Dubby Psychedelic FOLK"",""Side A [09] No Fear, My Dear • BLOWsutra Revolt Now Bluesy Psychedelic Chanson Piano JAZZ"",""Side A [02] No Fear, My Dear • BLOWsutra Revolt Now Bluesy Psychedelic Chanson Piano Bass JAZZ"",""Side A [01] No Fear, My Dear • BLOWsutra Revolt Now Bluesy Psychedelic Chanson Piano JAZZ"",""Side A [08] No Fear, My Dear • BLOWsutra Revolt Now Psychedelic Gipsy World LoFi Fusion Piano Indie JAZZ"",""Side A [03] No Fear, My Dear • BLOWsutra Revolt Now Bluesy Psychedelic Chanson Piano JAZZ"",""[16] Hey, Creeps • BLOWsutra Ego Gone She Wanna Know Psychedelic LoFi Jazz DUB"",""[12] Hey, Creeps • BLOWsutra Ego Gone Loco Tzigane Fusion LOFI"",""[02] Hey, Creeps • BLOWsutra Ego Gone à la Psychedelic Gipsy Grouchy Cosmic Punk LOFI"",""[01] Hey, Creeps • BLOWsutra Ego Gone à la Psychedelic Gipsy Bonobo Cosmic Punk LOFI"",""[05] Hey, Creeps • BLOWsutra Ego Gone Bamboozlers Indie CelLOFI"",""[13] Hey, Creeps • BLOWsutra Ego Gone Psychedelic Hip Hop Storyteller LOFI"",[03] What It's About • Vol. 02 • BLOWsutra Revolution Ring Piano Jazz BURLESQUE,[04] What It's About • Vol. 02 • BLOWsutra Revolution Ring Psychedelic Piano Trip Hop Blues JAZZ,[01] What It's About • Vol. 02 • BLOWsutra Revolution Ring Piano Jazz BURLESQUE,[05] What It's About • Vol. 02 • BLOWsutra Revolution Ring Psychedelic BANJO Trip Hop Blues JAZZ,Side A [03] Secondhand Smoke • BLOWsutra Ego Gone Loco Gipsy Indie Trip Hop LOFI,Side A [01] Secondhand Smoke • BLOWsutra Ego Gone Loco Gipsy Indie Trip Hop LOFI,Side B [03] Arrogant Hearts - BLOWsutra Indie Cello MANTRA,[05] The (Bloody Mountain) Echo - Vladimir Vysotsky English Cover - BLOWsutra Gipsy Piano Cello Duende INDIE,[02] The (Bloody Mountain) Echo - Vladimir Vysotsky English Cover - BLOWsutra Gipsy La Poesita Cello Indie Folk DUB,Planet Idiocracy (Single) • BLOWsutra Peace Odyssey DUB,[01] RhinoceroSS - BLOWsutra She Wanna Know Indie LOFI,[04] Ironic Moronic Eugenics • BLOWsutra Psychedelic Banjo Psybass Bluegrass BLUES,Who's Your Vladdy BLOWsutra Psychedelic Burlesque Punk ROCK,[07] Who's Your Vladdy • BLOWsutra Psychedelic Poetry Folk DUB,[02] EGO's masquerade • Tzigane Trip Hop Lo-Fi INDIE,[06] All Lame-Isms (Queen of Authentic) - BLOWsutra FOLK,[04] All Lame-Isms (oh boy) 1 - BLOWsutra BURLESQUE,""[03] Hey, You - BLOWsutra psyPunk ROCK"",""[05] Hereby, I Cry • Arabesk Drum MANTRA"",[14] SS Means Sacred Sp3rm • Jazz INDIE,[04] SS Means Sacred Sp3rm • Piano Jazz BURLESQUE,A [12] Make America Gulag Again • Ragga Lala DUB,[02] What It's About - BLUESsutra,[05] Jolly Poo - No one knows how dark you are - FOLKsutra,[12] Jolly Poo - Beware of Dog who won’t Bark - DUBsutra,[11] Jolly Poo - Coward Dawgs Gossip but(t) only in your back  - DUBsutra,[03] Sidération - The Sky Stood Still 4 - Revolution BLUESsutra,RUN v5 (2) [ordo duende amoris],RUN v2 - Duende Amoris FOLK,RUN V3 - Destiny BLUES (high),RUN v4 (2) [ordo Duende amoris],RUN v1 - cello mama,RUN v2 - Muse DUB,RUN v3  - Muse DUB (low),RUN v4 - WSWHFN DUB,[01] Male Fantasies • Minimal Vocal JAZZsutra,""[04] Okey Dokey, No It's Not • Jazzy LOFIsutra"",""[03] Okey Dokey, No It's Not • Indie LOFIsutra"",""[02] Okey Dokey, No It's Not • Indie LOFIsutra"",""[05] Okey Dokey, No It's Not • Jazzy LOFIsutra"",[01] Because the Light (wontdietonight) ⭐︎ Breathy LOFIsutra,[02] Because the Fight ⭐︎ MellO BANJOsutra,Where Hope Expires - Queen of Authentic FOLK,Where Hope Expires - dem sed Dub INDIE FOLK,Where Hope Expires - Piano CAT JAZZ,[2] Trust no one - BLOWsutra Udio ROCK,[1] Trust no one - BLOWsutra Suno JAZZ,[4] MAHA • Make America Humane Again • Accordion CAT BURLESQUEsutra,Shady Fools • FOLKsutra,Liberty • Tribute to Victor Hugo’s Revolutionary Poetry • DUBsutra,[1] Serial BLOWERS (now twat?) • DUBsutra,Project 2-0-2-5 • Dummy FOLKsutra,Woke-N-Whack-A-Musk ☆ BLUESsutra (1),Woke-N-Whack-A-Musk ☆ BLUESsutra (2),Woke-N-Whack-A-Musk ☆ DUBsutra (2),Predators (always Inspired) 5,Comme un canard #9,The Tyranny of Ignorance : BANJOsutra (Single Duck Release),Mind the Felon (two) • FOLKsutra,Mind the Felon (one) • JAZZsutra,Mind the Felon (three) • JAZZsutra,Le Poids de l'Ego v1 • sutraFRENCH • Burlesque Ego Dub Cabaret,""Manu, Le P'tit Menteur v2 • sutraFRENCH • Burlesque Ego Accordion Cabaret"",Le P'tit Jupiter • sutraFRENCH • indieJAZZZ Piano LOFI Soul :),Kamala has a dream (and that duck just blows) • bananasutraBLUES"
BLOWsutra : APES (gone wrong),https://soundcloud.com/bananasutra/sets/blowsutra-apes-gone-wrong,BLOWsutra,"BLUES,BURLESQUE,DUB,FOLK,INDIE,JAZZ,MANTRA,ROCK",25,12064,109,1:24:53,https://i1.sndcdn.com/artworks-5bVU3160At7As99u-kxcaPw-t500x500.jpg,https://i1.sndcdn.com/artworks-5bVU3160At7As99u-kxcaPw-t1080x1080.jpg,sutra,checked,G-02-APES,"Planet Idiocracy (Single) • BLOWsutra Peace Odyssey DUB,[01] Ordo Amoris In Decay - Gypsy Fado BURLESQUEsutra,[00] All I Want Is To Believe - CAT JAZZ BURLESQUEsutra,[02] Ordo Amoris In Decay - Oh Boy Accordion Cello BURLESQUEsutra,[04] If We Had But(t) The Truth (Not The Quack) - Blues FOLKsutra,""[04] Okey Dokey, No It's Not • Jazzy LOFIsutra"",The Dystopian Quizz Song v3-2 ★ Blues Circus SOULsutra,[05] Mass Media Freakshow - chanson encore oh boy BURLESQUE,[01] Mass Media Freakshow • udio PSYcircus BURLESQUE,[1] Serial BLOWERS (now twat?) • DUBsutra,Double (decking) Standards VOL. 1 • DUBsutra,""New Normalcy, Space Oddity ☰ DUBsutra"",Kamala has a dream (and that duck just blows) • bananasutraBLUES"
BLOWsutra : CENSOR(ed),https://soundcloud.com/bananasutra/sets/blowsutra-censor-ed,BLOWsutra,"BURLESQUE,DUB,FOLK,INDIE,JAZZ,LOFI,ROCK",18,16890,184,55:38,https://i1.sndcdn.com/artworks-dthPPqfZhiyUkEwu-xSQQFA-t500x500.jpg,https://i1.sndcdn.com/artworks-dthPPqfZhiyUkEwu-xSQQFA-t1080x1080.jpg,sutra,checked,G-02-CENS,"[04] What Dissent Looks Like Now • BLOWsutra Post-Punk Piano Trip Hop Lo-Fi Burlesque JAZZ,Side B [15] If We Had But(t) The Truth • BLOWsutra (Censored) Gipsy Psychedelia Accordion Cello Indie FOLK,Side A [08] If We Had But(t) The Truth • BLOWsutra (Censored) Folk Poetry on the Bridge DUB,Side B [16] If We Had But(t) The Truth • BLOWsutra (Censored) PsyPunk Rock Cabaret BURLESQUE,[07] Why We Can't Be Brave - GROWsutra (Censored) Psychedelic Hip Hop Cello Indie Dub Fusion LOFI,Side A [03] BB is for Banned Books - SHOWsutra Gypsy Hip Hop Fusion BURLESQUE,Side A [05] READ ME HARDER (BB is for Banned Books) - SHOWsutra Gypsy Hip Hop Rebellion BURLESQUE,[14] Men-Oh-Pause • GROWsutra I Burlesque You Not Psychedelic Punk ROCK,[10] SS Means Sacred Sp3rm • Oh Baby FOLK,[14] SS Means Sacred Sp3rm • Jazz INDIE,[04] SS Means Sacred Sp3rm • Piano Jazz BURLESQUE"
BLOWsutra : EGO (gone loco),https://soundcloud.com/bananasutra/sets/knowsutra-ego-gone-loco,BLOWsutra,"BANJO,BLUES,BURLESQUE,DUB,FOLK,INDIE,JAZZ,LOFI,MANTRA,ROCK",36,31304,348,2:01:22,https://i1.sndcdn.com/artworks-2fgVK1GEubaAV6QP-rbKhfg-t500x500.jpg,https://i1.sndcdn.com/artworks-2fgVK1GEubaAV6QP-rbKhfg-t1080x1080.jpg,sutra,checked,G-02-EGO,"[06] Ego Ain't Your Amigo • BLOWsutra (Ego Gone Loco) Psychedelic Bridge Poetry Folk DUB,[05] Ego Ain't Your Amigo • BLOWsutra (Ego Gone Loco) Psychedelic Bridge Poetry Folk DUB,[02] Ego Ain't Your Amigo • BLOWsutra (Ego Gone Loco) La Poesita Psychedelic Indie Flamenco DUB,""[12] Hey, Creeps • BLOWsutra Ego Gone Loco Tzigane Fusion LOFI"",""[01] Hey, Creeps • BLOWsutra Ego Gone à la Psychedelic Gipsy Bonobo Cosmic Punk LOFI"",""[13] Hey, Creeps • BLOWsutra Ego Gone Psychedelic Hip Hop Storyteller LOFI"",Side A [03] Secondhand Smoke • BLOWsutra Ego Gone Loco Gipsy Indie Trip Hop LOFI,Side A [01] Secondhand Smoke • BLOWsutra Ego Gone Loco Gipsy Indie Trip Hop LOFI,Side B [03] Arrogant Hearts - BLOWsutra Indie Cello MANTRA,[02] EGO's masquerade • Tzigane Trip Hop Lo-Fi INDIE,[06] All Lame-Isms (Queen of Authentic) - BLOWsutra FOLK,""[03] Hey, You - BLOWsutra psyPunk ROCK"",[11] Jolly Poo - Coward Dawgs Gossip but(t) only in your back  - DUBsutra,[01] Male Fantasies • Minimal Vocal JAZZsutra,Where Hope Expires - Queen of Authentic FOLK,Where Hope Expires - dem sed Dub INDIE FOLK,[2] Trust no one - BLOWsutra Udio ROCK,[1] Trust no one - BLOWsutra Suno JAZZ,Nietzsche’s Gift V.3 • LOFI Jazzz • sutraKNOW,""Hey, You (Creepers) • Fake Folk(s) True Tale • Bananasutra(BLOW) Authentic Imagination Music"""
BLOWsutra : MAxA Series,https://soundcloud.com/bananasutra/sets/blowsutra-maxa-series,BLOWsutra,"BANJO,BLUES,BURLESQUE,DUB,FOLK,INDIE",14,12238,114,49:16,https://i1.sndcdn.com/artworks-gyBohcCG6YVAXsCO-qAFi8g-t500x500.jpg,https://i1.sndcdn.com/artworks-gyBohcCG6YVAXsCO-qAFi8g-t1080x1080.jpg,sutra,checked,G-02-MAXA,"Side A [01] MAMA-B-C (Make America Mine Achtung) • BLOWsutra Back-to-Basics Folk Indie Cello BLUES,[10] MASA (Make America Safe Again) • QUACKsutra Psychedelic Booya Country BANJO,[01] MASA (Make America Safe Again) • QUACKsutra Psychedelic DUB BANJO,A [15] Make America Gulag Again • Di Riddim Ragga DUB,A [08] Make America Gulag Again • Muse DUB,A [12] Make America Gulag Again • Ragga Lala DUB,MAKA MAKA Murica (Kindness Gone Folk),[4] MAKA MAKA - Oh Hey Folk BANJOsutra,[4] MAHA • Make America Humane Again • Accordion CAT BURLESQUEsutra,[5] MAHA • Make America Humane Again • Authentic Banjo FOLKsutra,[1] MAHA • Make America Humane Again • Psy Waltz BURLESQUEsutra,MAWA MAWA • Make America Woke Again • Banger BANJOsutra"
BLOWsutra : REVOLT (now),https://soundcloud.com/bananasutra/sets/blowsutra-revolt-now,BLOWsutra,"BANJO,BLUES,BURLESQUE,DUB,FOLK,INDIE,JAZZ,LOFI,MANTRA,ROCK",36,22832,256,1:59:19,https://i1.sndcdn.com/artworks-DQz78hEwZB0tJMxO-l4I40Q-t500x500.jpg,https://i1.sndcdn.com/artworks-DQz78hEwZB0tJMxO-l4I40Q-t1080x1080.jpg,sutra,checked,G-02-REVO,"[01] Time for Rebel Romance ☆ BLOWsutra (Revolt Now) Oh Boy Psychedelic Accordion Circus BURLESQUE,[03] Bloom Past Doom - BLOWsutra (Revolt Now) Cello Circus Chanson Cabaret BURLESQUE,""[02] They Call It Freedom (Oh Hi, Sweet Honey Bun) • BLOWsutra (Revolt Now) Psychedelic Gipsy Dadadam Indie LOFI"",""[07] They Call It Freedom (Oh Hi, Sweet Honey Bun) • BLOWsutra  (Revolt Now) Psychedelic Dubby Americana Indie LoFi FOLK"",""Side A [01] No Fear, My Dear • BLOWsutra Revolt Now Bluesy Psychedelic Chanson Piano JAZZ"",[10] We Live Not By Lies - GROWsutra Post-Punk Rock Bar Girl BURLESQUE,[03] We Live Not By Lies - GROWsutra Psychedelic Piano Cello INDIE,[05] The (Bloody Mountain) Echo - Vladimir Vysotsky English Cover - BLOWsutra Gipsy Piano Cello Duende INDIE,[03] The Echo Song - Vladimir Vysotsky Cover - Russian BLOWsutra Classic Psychedelic Banjo BLUES,[02] The Echo Song - Vladimir Vysotsky Cover - Russian BLOWsutra Gipsy Arabesk World Peace Indie Trip Pop LOFI,[01] DEFY (Song 1) • Shameless • KNOWsutra BLUES,[03] DEFY (Song 2) • Optics of Cruelty • BLOWsutra JAZZ LOFI,[01] DO PANIC NOW - Murica Galaxy Rule Number 1 - Sweet FOLK,""[02] Thank you, Mister Paine - American Accountability Revolution BLUESsutra"",[01] Sideration's Calling • White House's Burning • Banger BURLESQUEsutra,[03] Sidération - The Sky Stood Still 4 - Revolution BLUESsutra,RUN v5 (2) [ordo duende amoris],RUN v2 - Duende Amoris FOLK,RUN v2 - Muse DUB,[02] Because the Fight ⭐︎ MellO BANJOsutra,[02] A Man's a Man and A' That - VOL. 02 - A Spin on Robert Burns' Revolutionary Song - Capela MANTRA LOFI,Liberty • Tribute to Victor Hugo’s Revolutionary Poetry • DUBsutra,""Ooh, Freedom ♛ BLUESsutra Soul (Public Domain Heavens)"""
BLUESsutra,https://soundcloud.com/bananasutra/sets/bluessutra,,"BANJO,BLUES,BURLESQUE,DUB,FOLK,INDIE,JAZZ,LOFI,MANTRA,ROCK",187,91756,1024,10:39:02,https://i1.sndcdn.com/artworks-YONCbgZm1q7Yv278-GdFhyQ-t500x500.jpg,https://i1.sndcdn.com/artworks-YONCbgZm1q7Yv278-GdFhyQ-t1080x1080.jpg,genre (all),,,"[04] Grifters • BLOWsutra Psychedelic Post-Punk Country Burlesque Banjo BLUES,[07] Grifters • BLOWsutra Queen of Authentic Country Banjo Folk Dub BLUES,[20] Spit Back The Lies • BLOWsutra (Revolution Ring) Psychedelic Destiny Banjo BLUES,[15] Kiss A Pulse • GLOWsutra (Lucille Clifton Poetry) Psychedelic Destiny Banjo Soul BLUES,[16] Kiss A Pulse • GLOWsutra (Lucille Clifton Poetry) Psychedelic Destiny Banjo Soul BLUES,""[11] Hello, Oh No • GROWsutra Psychedelic Queen of Authentic Dubby Folk Banjo BLUES"",[21] Ego Ain't Your Amigo • BLOWsutra (Ego Gone Loco) Queen of Authentic Dubby Psychedelic Folk BLUES,Side A [01] MAMA-B-C (Make America Mine Achtung) • BLOWsutra Back-to-Basics Folk Indie Cello BLUES,Side A [02] MAMA-B-C (Make America Mine Achtung) • BLOWsutra psychedelic kindness is depth (high) Banjo Folk BLUES,[09] Rainbows in the Clouds • GLOWsutra Maya Mama Classic BLUES,[12] Rainbows in the Clouds • GLOWsutra Maya Mama Classic BLUES,[08] Rainbows in the Clouds • GLOWsutra Queen of Authentic Dubby Folk Classic BLUES,""[01] Sing Your Own Gospel • GROWsutra (God, Etc.) Gipsy Gospel BLUES"",""[11] Two Things, Darling • KNOWsutra Bertrand (Knows) Psychedelic Destiny Banjo BLUES"",""[09] Two Things, Darling • KNOWsutra Bertrand (Knows) Psychedelic Destiny Banjo BLUES"",[01] Not Who Powers • There's No Prayer Like Desire • KNOWsutra But(t) Why Banjo Destiny BLUES,""[10] They Call It Freedom (Oh Hi, Sweet Honey Bun) • BLOWsutra (Revolt Now) Classichedelic Americana BLUES"",""[08] They Call It Freedom (Oh Hi, Sweet Honey Bun) • BLOWsutra (Revolt Now) Classichedelic Americana Dubby Folky BLUES"",""Side B [11] No Fear, My Dear • BLOWsutra Revolt Now Dubby Psychedelic Folky BLUES"",[14] Foolish Goldfish (Forever) • KNOWsutra Peace (Not War) Psychedelic Destiny BLUES,[05] All I Know - Shades of Fools • KNOWsutra Destiny BLUES,[02] Everybody Knows • KNOWsutra Burlesque Trip Hop Indie Dub Piano BLUES,[01] Everybody Knows • KNOWsutra Burlesque Trip Hop Indie Piano BLUES,[08] Tell The Truth • KNOWsutra True BLUES Cover,[06] Tell The Truth • KNOWsutra Cello BLUES Cover,[03] The Echo Song - Vladimir Vysotsky Cover - Russian BLOWsutra Classic Psychedelic Banjo BLUES,Side B [04] READ ME HARDER (BB for Banned Books) - SHOWsutra Psychedelic Destiny Banjo BLUES,[08] The Love Of A Dove - GROWsutra Only The Brave PsyBluegrass Dubby BLUES,[09] The Love Of A Dove - GROWsutra Queen of Authentic Dubby Psychedelic BLUES,[11] The Love Of A Dove - GROWsutra Psychedelic Destiny BLUES,""[17] So, What Is Racism? KNOWsutra Banjo Booya Folk Banjo Harmonica BLUES"",[01] Easy (Death Is Nothing At All) • BOWsutra Weary Banjo Mama BLUES,[04] Ironic Moronic Eugenics • BLOWsutra Psychedelic Banjo Psybass Bluegrass BLUES,""[10] It's War, My Friend • QUACKsutra Psychedelic BLUES"",""[11] It's War, My Friend • QUACKsutra Psychedelic Folk BLUES"",[01] Reason over Reverence (No Need for Gods) • Banjo Blues FOLKsutra,[01] Tune in the Tender • LOFI BLUESsutra,""[02] Thank you, Mister Paine - American Accountability Revolution BLUESsutra"",""[03] Thank you, Mister Paine - American Accountability Revolution BLUESsutra"",[02] What It's About - BLUESsutra,[04] If We Had But(t) The Truth (Not The Quack) - Blues FOLKsutra,[04] Sidération Blues Revolution - A Song of Wrong - BLUESsutra,[07] Sideration - No Velvet Scream - BLUESsutra,[05] Sidération Blues Revolution - A Song of Wrong - BLUESsutra,[02] Sidération Blues Revolution - A Song of Wrong - BLUESsutra,[03] Sidération - The Sky Stood Still 4 - Revolution BLUESsutra,RUN V3 - Destiny BLUES (high),[05] Queer Almighty - Jazzy Queer Almighty - BLUESy BANJOsutra,The Dystopian Quizz Song v3-2 ★ Blues Circus SOULsutra,Wet Peaches • Blues BANJOsutra,Woke-N-Whack-A-Musk ☆ BLUESsutra (1),Woke-N-Whack-A-Musk ☆ BLUESsutra (2),""Ooh, Freedom ♛ BLUESsutra Soul (Public Domain Heavens)"",Tell the Truth : BANJOsutra,#5 Hard Core : Honey BLUESutra,Kamala has a dream (and that duck just blows) • bananasutraBLUES,Kindness • Universal Jazz Cabaret of Blues Chanson • Bananasutra(GROW)"
BLUESsutra (Best Of),https://soundcloud.com/bananasutra/sets/bluessutra-best-of,,,18,40238,504,1:06:24,https://i1.sndcdn.com/artworks-cIB0NEtml8oty1Vy-wRu1Gw-t500x500.jpg,https://i1.sndcdn.com/artworks-cIB0NEtml8oty1Vy-wRu1Gw-t1080x1080.jpg,genre (best of),checked,G-00-BLUES,"[20] Spit Back The Lies • BLOWsutra (Revolution Ring) Psychedelic Destiny Banjo BLUES,[15] Kiss A Pulse • GLOWsutra (Lucille Clifton Poetry) Psychedelic Destiny Banjo Soul BLUES,""[11] Hello, Oh No • GROWsutra Psychedelic Queen of Authentic Dubby Folk Banjo BLUES"",[21] Ego Ain't Your Amigo • BLOWsutra (Ego Gone Loco) Queen of Authentic Dubby Psychedelic Folk BLUES,Side A [01] MAMA-B-C (Make America Mine Achtung) • BLOWsutra Back-to-Basics Folk Indie Cello BLUES,[12] Rainbows in the Clouds • GLOWsutra Maya Mama Classic BLUES,[08] Rainbows in the Clouds • GLOWsutra Queen of Authentic Dubby Folk Classic BLUES,""[10] They Call It Freedom (Oh Hi, Sweet Honey Bun) • BLOWsutra (Revolt Now) Classichedelic Americana BLUES"",[10] MASA (Make America Safe Again) • QUACKsutra Psychedelic Booya Country BANJO,[08] Tell The Truth • KNOWsutra True BLUES Cover,[03] The Echo Song - Vladimir Vysotsky Cover - Russian BLOWsutra Classic Psychedelic Banjo BLUES,Side B [04] READ ME HARDER (BB for Banned Books) - SHOWsutra Psychedelic Destiny Banjo BLUES,[39] Letter to My Friend (Never Again) • GROWsutra PsyDestiny Banjo BLUES,[08] The Love Of A Dove - GROWsutra Only The Brave PsyBluegrass Dubby BLUES,[09] The Love Of A Dove - GROWsutra Queen of Authentic Dubby Psychedelic BLUES,[11] The Love Of A Dove - GROWsutra Psychedelic Destiny BLUES,""[17] So, What Is Racism? KNOWsutra Banjo Booya Folk Banjo Harmonica BLUES"",Kamala has a dream (and that duck just blows) • bananasutraBLUES"
BOWsutra : (Thank) Dogs,https://soundcloud.com/bananasutra/sets/bowsutra-thank-dogs,SHOWsutra,"BLUES,BURLESQUE,DUB,INDIE,JAZZ,ROCK",10,2195,30,34:33,https://i1.sndcdn.com/artworks-Y8QjM6vfVoY5XyEi-axwodQ-t500x500.jpg,https://i1.sndcdn.com/artworks-Y8QjM6vfVoY5XyEi-axwodQ-t1080x1080.jpg,sutra,checked,G-07-DOGS,[05] Blessed Be The Dogs • SHOWsutra Post-Punk Burlesque ROCK
BOWsutra : DEATH (is nothing),https://soundcloud.com/bananasutra/sets/bowsutra-death-is-nothing,BOWsutra,"BLUES,DUB,INDIE,JAZZ",9,5593,63,27:30,https://i1.sndcdn.com/artworks-pJs7anXy4aAFCFrv-isxj5A-t500x500.jpg,https://i1.sndcdn.com/artworks-pJs7anXy4aAFCFrv-isxj5A-t1080x1080.jpg,sutra,checked,G-07-DEAT,"Side A [12] Oh Martine • BOWsutra La Poesita Fado World Duende INDIE,Side A [08] Oh Martine • BOWsutra French Psychedelic Cello Indie JAZZ,Side A [07] Oh Martine • BOWsutra French Psychedelic Cello Indie JAZZ,[07] Easy (Death Is Nothing At All) • BOWsutra La Poesita Peace DUB INDIE,#2 Darling - JAZZsutra"
BOWsutra the last of 7 sutras · it's divine <3,https://soundcloud.com/bananasutra/sets/bowsutra,BOWsutra,"BANJO,BLUES,BURLESQUE,DUB,FOLK,INDIE,JAZZ,LOFI,ROCK",67,25360,280,2:59:08,https://i1.sndcdn.com/artworks-PhV4HcOuFKRdx4bD-cO41eQ-t500x500.png,https://i1.sndcdn.com/artworks-PhV4HcOuFKRdx4bD-cO41eQ-t1080x1080.png,sutra (all),,,"""[07] We're Tiny Specks, Right • BOWsutra (Cosmic Banana) Psychedelick Acoustic DUB"",""[08] We're Tiny Specks, Right • BOWsutra (Cosmic Banana) Psychedelick Acoustic DUB"",""[11] We're Tiny Specks, Right • BOWsutra (Cosmic Banana) Psychedelick Motorik INDIE"",""[06] We're Tiny Specks, Right • BOWsutra (Cosmic Banana) Psychedelick Indie Cello LOFI"",""[03] We're Tiny Specks, Right • BOWsutra (Cosmic Banana) Psychedelick Indie Hop Hop LOFI"",Side B [08] Oh Martine • BOWsutra Gipsy World LoFi Fusion INDIE,Side A [15] Oh Martine • BOWsutra La Poesita Fado World Duende INDIE,Side A [12] Oh Martine • BOWsutra La Poesita Fado World Duende INDIE,Side A [13] Oh Martine • BOWsutra La Poesita Fado World Duende INDIE,Side A [08] Oh Martine • BOWsutra French Psychedelic Cello Indie JAZZ,Side A [03] Oh Martine • BOWsutra Cheeky Piano Bar Kittens BURLESQUE,Side A [04] Oh Martine • BOWsutra Cheeky Piano Bar Kittens BURLESQUE,Side A [07] Oh Martine • BOWsutra French Psychedelic Cello Indie JAZZ,[01] Easy (Death Is Nothing At All) • BOWsutra Weary Banjo Mama BLUES,[07] Easy (Death Is Nothing At All) • BOWsutra La Poesita Peace DUB INDIE,Poetry Matters • LOFI DUBsutra,""Ooh, Freedom ♛ BLUESsutra Soul (Public Domain Heavens)"",#2 Darling - JAZZsutra"
BURLESQUEsutra,https://soundcloud.com/bananasutra/sets/burlesquesutra,,"BANJO,BLUES,BURLESQUE,DUB,FOLK,INDIE,JAZZ,LOFI,MANTRA,ROCK",297,121496,1106,16:16:59,https://i1.sndcdn.com/artworks-qf8LWHFrU1aA0x9C-4Ziiag-t500x500.jpg,https://i1.sndcdn.com/artworks-qf8LWHFrU1aA0x9C-4Ziiag-t1080x1080.jpg,genre (all),,,"[17] The Great Naked King • SHOWsutra Psychedelick Cabaret Jazz Swing BURLESQUE,[18] The Great Naked King • SHOWsutra Psychedelick Cabaret Gipsy Swing BURLESQUE,[11] The Great Naked King • SHOWsutra Psychedelick Circus Accordion Waltz BURLESQUE,[14] The Great Naked King • SHOWsutra Psychedelick Circus Accordion Waltz BURLESQUE,[20] Zero Sum • GROWsutra Psychedelick Post-Punk Cello Dub Cabaret BURLESQUE,[02] Curious Like A Kiss • FLOWsutra Oh Boy Piano Waltz BURLESQUE,[14] Kiss A Pulse • GLOWsutra (Lucille Clifton Poetry) Psychedelic Indie Cello Cabaret BURLESQUE,[18] Ego Ain't Your Amigo • BLOWsutra (Ego Gone Loco) Post-Punk Psychedelic IBYN Rock BURLESQUE,[04] Time for Rebel Romance ☆ BLOWsutra (Revolt Now) IBYN Psychedelic Piano Jazz BURLESQUE,[01] Time for Rebel Romance ☆ BLOWsutra (Revolt Now) Oh Boy Psychedelic Accordion Circus BURLESQUE,[02] Time for Rebel Romance ☆ BLOWsutra (Revolt Now) Oh Boy Psychedelic Accordion Circus BURLESQUE,Side B [16] If We Had But(t) The Truth • BLOWsutra (Censored) PsyPunk Rock Cabaret BURLESQUE,[03] Bloom Past Doom - BLOWsutra (Revolt Now) Cello Circus Chanson Cabaret BURLESQUE,""[08] The Atheist Tango • GROWsutra (God, Etc) Gipsy Cello Bass Chanson Jazz BURLESQUE"",[BONUS] Shameless - DEFY EP Vol 2 - BLOWsutra Revolution Ring Psychedelic Piano Jazz BURLESQUE,""[04] Seminal Bollocks - GROWsutra (God, Etc) French Accordion Psychedelia BURLESQUE"",[04] I Did the Math (and Everything is Stupid) • SHOWsutra Indie Chanson Gipsy BURLESQUE,[04] The Fire We Share • There's No Prayer Like Desire • KNOWsutra But(t) Why Accordion Chanson BURLESQUE,Side B [18] Donkeys Years • SHOWsutra Fanana Club Gipsy Oh Boy Accordion Circus Waltz BURLESQUE,Side B [17] Donkeys Years • SHOWsutra Fanana Club Psychedelic Gipsy IBYN Cabaret Rock BURLESQUE,[01] Jacques Brel - French GLOWsutra Oh Boy Accordion Circus Waltz Chanson BURLESQUE,Side B [05] EP Bertrand - The Conquest of Happiness - GROWsutra Sweet Waltz BURLESQUE,Side A [01] EP Bertrand - The Unhappiness Dance - GROWsutra Jazzy BURLESQUE,[10] We Live Not By Lies - GROWsutra Post-Punk Rock Bar Girl BURLESQUE,[07] Secret de Polichinelle - French KNOWsutra Keep It Real Psychedelic Gipsy Circus Piano BURLESQUE,[01] Secret de Polichinelle - French KNOWsutra Keep It Real Psychedelic Gipsy Circus Accordion BURLESQUE,[06] Secret de Polichinelle - French KNOWsutra Keep It Real Psychedelic Gipsy Circus Indie Chanson BURLESQUE,[05] Secret de Polichinelle - French KNOWsutra Keep It Real Psychedelic Gipsy Circus Indie Chanson BURLESQUE,[08] Secret de Polichinelle - French KNOWsutra Keep It Real Psychedelic Gipsy Circus Indie Piano BURLESQUE,[04] Peace Matters More - GROWsutra Gipsy Circus BURLESQUE,[08] Ain't Doing Bad Doing Nothing ⭐︎ Public Domain Lyrics Fun ⭐︎ FLOWsutra Wet BURLESQUE,[07] Le Bal Des Salauds • French BLOWsutra Gipsy Accordion' Indie Folk BURLESQUE,[03] Le Bal Des Salauds • French BLOWsutra PBGal Chanson BURLESQUE,[04] Le Bal Des Salauds • French BLOWsutra Oh Boy Accordion Circus BURLESQUE,[12] Gladys in Sonderland • SHOWsutra Psychedelic Gipsy Cello Waltz BURLESQUE,[10] Gladys in Sonderland • SHOWsutra Psychedelic Gipsy Cello Waltz INDIE BURLESQUE,[06] Gladys in Sonderland • SHOWsutra Psychedelic Gipsy Cello Waltz Breathing BURLESQUE,[11] Gladys in Sonderland • SHOWsutra Psychedelic Gipsy Accordion Circus Waltz BURLESQUE,[04] Gladys in Sonderland • SHOWsutra Psychedelic Gentle Gipsy Piano Cello Accordion Waltz Cameo BURLESQUE,Side A [03] Oh Martine • BOWsutra Cheeky Piano Bar Kittens BURLESQUE,Side A [04] Oh Martine • BOWsutra Cheeky Piano Bar Kittens BURLESQUE,Side A [06] READ ME HARDER (BB is for Banned Books) - SHOWsutra Gypsy Hip Hop Rebellion BURLESQUE,Side A [03] BB is for Banned Books - SHOWsutra Gypsy Hip Hop Fusion BURLESQUE,Side A [05] READ ME HARDER (BB is for Banned Books) - SHOWsutra Gypsy Hip Hop Rebellion BURLESQUE,""[11] Hi, My Name Is (Not Celine Dion) • SHOWsutra Cello Circus Waltz BURLESQUE"",""[03] Freee, la fille (remastered) • French SHOWsutra Circus Accordion BURLESQUE"",[14] L'Embobinage (d'après Carl Sagan) • French GROWsutra World Peace PsyAccordion POP BURLESQUE 3 INDIE,[09] L'Embobinage (d'après Carl Sagan) • French GROWsutra World Peace Hypnotic Tango Jazz INDIE,[13] Men-Oh-Pause • GROWsutra Accordion Circus BURLESQUE,[12] Men-Oh-Pause • GROWsutra Accordion Circus BURLESQUE,[04] All Lame-Isms (oh boy) 1 - BLOWsutra BURLESQUE,[03] BANANA ALLELUIA — KNOWsutra Banjo Waltz Bounce BURLESQUE,[04] SS Means Sacred Sp3rm • Piano Jazz BURLESQUE,[01] Ordo Amoris In Decay - Gypsy Fado BURLESQUEsutra,[00] All I Want Is To Believe - CAT JAZZ BURLESQUEsutra,[02] Ordo Amoris In Decay - Oh Boy Accordion Cello BURLESQUEsutra,[01] Sideration's Calling • White House's Burning • Banger BURLESQUEsutra,[02] Sidération - The Sky Stood Still 2 - Revolution JAZZ BURLESQUEsutra,[01] Glitter and Guts - Circus BURLESQUEsutra,[05] Mass Media Freakshow - chanson encore oh boy BURLESQUE,[01] Mass Media Freakshow • udio PSYcircus BURLESQUE,[1] Who Needs a Big D? OG BURLESQUE,[2] Waldo's Fascist Tango - HATjazz BURLESQUE,MAWA MAWA • Make America Woke Again • Accordion Cello Lament BURLESQUEsutra,[4] MAHA • Make America Humane Again • Accordion CAT BURLESQUEsutra,aintdoingbaddoingnothing 💨,Some Songs Are More WOMP Than Others : CIRCUSsutra,Where We Begin (one) : BURLESQUEsutra,Dark (Lace) Rhythms • TANGOsutra,She Wears the Words • JAZZsutra Mighty Poetry Minute,#4 Hard Core : Burlesque Honeysutra,#1 The Quest • Jacques Brel Remake • Bananasutra French Accordion,Just Waltz(be) • Jazzy Grinding Waltz • sutraFLOW (v5),""Le système, ça voulait dire… v2 • sutraFRENCH • Burlesque Ego Accordion Cabaret"",""Manu, Le P'tit Menteur v2 • sutraFRENCH • Burlesque Ego Accordion Cabaret"",""Hi, my name is (not Celine Dion) • Hip Pop Jazz, Quirky Stuff, a true story • Bananasutra(SHOW)"""
BURLESQUEsutra (Best Of),https://soundcloud.com/bananasutra/sets/burlesquesutra-best-of,,,22,46428,449,1:18:48,https://i1.sndcdn.com/artworks-n4WmFJexVLsKUShK-WpEC4A-t500x500.jpg,https://i1.sndcdn.com/artworks-n4WmFJexVLsKUShK-WpEC4A-t1080x1080.jpg,genre (best of),checked,G-00-BURL,"[17] The Great Naked King • SHOWsutra Psychedelick Cabaret Jazz Swing BURLESQUE,[18] The Great Naked King • SHOWsutra Psychedelick Cabaret Gipsy Swing BURLESQUE,[11] The Great Naked King • SHOWsutra Psychedelick Circus Accordion Waltz BURLESQUE,[18] Ego Ain't Your Amigo • BLOWsutra (Ego Gone Loco) Post-Punk Psychedelic IBYN Rock BURLESQUE,[04] Time for Rebel Romance ☆ BLOWsutra (Revolt Now) IBYN Psychedelic Piano Jazz BURLESQUE,[01] Time for Rebel Romance ☆ BLOWsutra (Revolt Now) Oh Boy Psychedelic Accordion Circus BURLESQUE,[02] Time for Rebel Romance ☆ BLOWsutra (Revolt Now) Oh Boy Psychedelic Accordion Circus BURLESQUE,Side B [16] If We Had But(t) The Truth • BLOWsutra (Censored) PsyPunk Rock Cabaret BURLESQUE,[03] Bloom Past Doom - BLOWsutra (Revolt Now) Cello Circus Chanson Cabaret BURLESQUE,""[04] Seminal Bollocks - GROWsutra (God, Etc) French Accordion Psychedelia BURLESQUE"",[04] I Did the Math (and Everything is Stupid) • SHOWsutra Indie Chanson Gipsy BURLESQUE,Side B [18] Donkeys Years • SHOWsutra Fanana Club Gipsy Oh Boy Accordion Circus Waltz BURLESQUE,Side B [17] Donkeys Years • SHOWsutra Fanana Club Psychedelic Gipsy IBYN Cabaret Rock BURLESQUE,[06] Secret de Polichinelle - French KNOWsutra Keep It Real Psychedelic Gipsy Circus Indie Chanson BURLESQUE,[05] Secret de Polichinelle - French KNOWsutra Keep It Real Psychedelic Gipsy Circus Indie Chanson BURLESQUE,[04] Peace Matters More - GROWsutra Gipsy Circus BURLESQUE,[03] Le Bal Des Salauds • French BLOWsutra PBGal Chanson BURLESQUE,[04] Le Bal Des Salauds • French BLOWsutra Oh Boy Accordion Circus BURLESQUE,[06] Gladys in Sonderland • SHOWsutra Psychedelic Gipsy Cello Waltz Breathing BURLESQUE,Side A [03] BB is for Banned Books - SHOWsutra Gypsy Hip Hop Fusion BURLESQUE,""[03] Freee, la fille (remastered) • French SHOWsutra Circus Accordion BURLESQUE"",#1 The Quest • Jacques Brel Remake • Bananasutra French Accordion"
DUBsutra,https://soundcloud.com/bananasutra/sets/dubsutra,,"BANJO,BLUES,BURLESQUE,DUB,FOLK,INDIE,JAZZ,LOFI,MANTRA,ROCK",328,187459,1854,17:45:46,https://i1.sndcdn.com/artworks-zyFVoQN33jQifswF-LXTdCw-t500x500.jpg,https://i1.sndcdn.com/artworks-zyFVoQN33jQifswF-LXTdCw-t1080x1080.jpg,genre (all),,,"""[07] We're Tiny Specks, Right • BOWsutra (Cosmic Banana) Psychedelick Acoustic DUB"",""[08] We're Tiny Specks, Right • BOWsutra (Cosmic Banana) Psychedelick Acoustic DUB"",[08] Grifters • BLOWsutra Psychedelic Poetry Folk the Bridge DUB,[09] Grifters • BLOWsutra Psychedelic Poetry Folk the Bridge DUB,[08] Zero Sum • GROWsutra Psychedelick Folk Poetry Bridges The DUB,[10] Zero Sum • GROWsutra Psychedelick Gipsy Flamenco  Ragga Circus DUB,[12] Zero Sum • GROWsutra Psychedelick Gipsy Indie Ragga Flamenco DUB,[09] Zero Sum • GROWsutra She Wanna Know Psychedelick Jazz Fusion LoFi DUB,[07] Zero Sum • GROWsutra Psychedelick Folk Poetry Bridges The DUB,[07] This Is My Quest • GROWsutra La Poesita Gipsy Fado Flamenco Duende DUB,[15] This Is My Quest • GROWsutra Psychedelic Poetry Bridges the DUB,[12] This Is My Quest • GROWsutra Psychedelic Poetry Bridges the DUB,[04] My Quest • To dream an impossible dream with Jacques Brel • GLOWsutra Psychedelic Muse DUB,[10] What's Funny (Bo Burnham Gone Bananas) - COVERsutra Indie Reggae DUB,[02] But(t) How Can You GROWsutra Dem Sed Psychedelic Ragga DUB,[05] Spit Back The Lies • BLOWsutra (Revolution Ring) La Poesita Indie Flamenco Fusion DUB,[10] Spit Back The Lies • BLOWsutra (Revolution Ring) Psychedelick Folk Poetry Bridges the DUB,[08] Spit Back The Lies • BLOWsutra (Revolution Ring) Psychedelick Folk Poetry Bridges the DUB,[08] Kiss A Pulse • GLOWsutra (Lucille Clifton Poetry) Psychedelic Folk Bridges the DUB,[09] Kiss A Pulse • GLOWsutra (Lucille Clifton Poetry) Psychedelic Folk Bridges the DUB,[06] Kiss A Pulse • GLOWsutra (Lucille Clifton Poetry) Psychedelic Folk Bridges the DUB,[07] Kiss A Pulse • GLOWsutra (Lucille Clifton Poetry) Psychedelic Folk Bridges the DUB,""[01] Hello, Oh No • GROWsutra Psychedelic Folk Poetry Bridges the DUB"",""[06] Hello, Oh No • GROWsutra La Poesita Gipsy Flamenco DUB"",""[03] Hello, Oh No • GROWsutra Psychedelic Folk Poetry Bridges the DUB"",""[11] Hello, Oh No • GROWsutra Psychedelic Queen of Authentic Dubby Folk Banjo BLUES"",[06] Ego Ain't Your Amigo • BLOWsutra (Ego Gone Loco) Psychedelic Bridge Poetry Folk DUB,[08] Ego Ain't Your Amigo • BLOWsutra (Ego Gone Loco) She Wanna Know Psychedelic Jazz Fusion DUB,[05] Ego Ain't Your Amigo • BLOWsutra (Ego Gone Loco) Psychedelic Bridge Poetry Folk DUB,[09] Ego Ain't Your Amigo • BLOWsutra (Ego Gone Loco) She Wanna Know Psychedelic Jazz Fusion DUB,[07] Ego Ain't Your Amigo • BLOWsutra (Ego Gone Loco) Psychedelic Bridge Poetry Folk DUB,[02] Ego Ain't Your Amigo • BLOWsutra (Ego Gone Loco) La Poesita Psychedelic Indie Flamenco DUB,[01] Ego Ain't Your Amigo • BLOWsutra (Ego Gone Loco) La Poesita Psychedelic Indie Flamenco DUB,[03] Ego Ain't Your Amigo • BLOWsutra (Ego Gone Loco) La Poesita Psychedelic Indie Flamenco DUB,[04] Ego Ain't Your Amigo • BLOWsutra (Ego Gone Loco) Psychedelic Bridge Poetry Folk DUB,[05] Time for Rebel Romance ☆ BLOWsutra (Revolt Now) Accordion Ragga Burlesque DUB,[02] MAHA (Make America Humane Again) • Vol. 2 • BLOWsutra Gipsy Trip Hop Lofi DUB,Side A [08] If We Had But(t) The Truth • BLOWsutra (Censored) Folk Poetry on the Bridge DUB,Side A [06] If We Had But(t) The Truth • BLOWsutra (Censored) Folk Poetry on the Bridge DUB,Side A [09] If We Had But(t) The Truth • BLOWsutra (Censored) Feel Di Riddim Ragga Mama DUB,[01] Rainbows in the Clouds • GLOWsutra Folk Poetry Dubs the DUB,""[04] Embraceable You - An American in Paris, Public Domain Lyrics - SHOWsutra Indie Jazz DUB"",""[05] Tra-La-La - An American in Paris, Public Domain Lyrics - SHOWsutra Indie Jazz DUB"",Side A [01] Dare to Care (This Issue is Real) - BLOWsutra Revolt Now Jazzy Gipsy Blues DUB,""[08] Two Things, Darling • KNOWsutra Bertrand (Knows) Existential Poetry Mama DUB"",[05] Foolish Goldfish (Forever) • KNOWsutra Peace (Not War) Psychedelic Poetry Dubs The Bridge DUB,[04] Synthema Sutras - SHOWsutra Banana Jazzy Bass Indie Cello Fusion DUB,""[16] Hey, Creeps • BLOWsutra Ego Gone She Wanna Know Psychedelic LoFi Jazz DUB"",[01] We Live Not By Lies - GROWsutra Gipsy Poetry DUB,[07] Peace Matters More - GROWsutra Gipsy Hop DUB,[02] The (Bloody Mountain) Echo - Vladimir Vysotsky English Cover - BLOWsutra Gipsy La Poesita Cello Indie Folk DUB,Side B [10] READ ME HARDER (BB for Banned Books) - SHOWsutra She Wanna Know Jazzy LoFi Indie DUB,[01] Win Win Dub ⚭ French GROWsutra Soulful Hip Hop Ragga DUB,[16] The Love Of A Dove - GROWsutra Dem Sed Psychedelic Ragga DUB,[14] The Love Of A Dove - GROWsutra Feel Di Riddim Psychedelic Ragga DUB,""[01] So, What Is Racism? KNOWsutra She Wanna Know Jazzy LoFi DUB"",""[03] So, What Is Racism? KNOWsutra Rebound & Rise Jazzy Ragga DUB"",""[09] Freee, La Fille • French SHOWsutra Psychedelic Ragga DUB"",""[08] Freee, La Fille • French SHOWsutra Psychedelic Ragga DUB"",Planet Idiocracy (Single) • BLOWsutra Peace Odyssey DUB,[13] L'Embobinage (d'après Carl Sagan) • French GROWsutra World Peace Miss Cheeky DUB,[11] L'Embobinage (d'après Carl Sagan) • French GROWsutra World Peace La Poesita Flamenco INDIE DUB,[12] L'Embobinage (d'après Carl Sagan) • French GROWsutra World Peace Miss Cheeky DUB,[07] Easy (Death Is Nothing At All) • BOWsutra La Poesita Peace DUB INDIE,[08] Who's Your Vladdy • BLOWsutra Psychedelic Poetry Folk DUB,[07] Who's Your Vladdy • BLOWsutra Psychedelic Poetry Folk DUB,[08] Men-Oh-Pause • GROWsutra Dem Sed Ragga DUB,""[04] Hereby, I Cry • We Sing mo' DUB"",B [07] Make America Gulag Again • Tzigane Fusion DUB,B [09] Make America Gulag Again • Tzigane Fusion DUB,A [15] Make America Gulag Again • Di Riddim Ragga DUB,A [14] Make America Gulag Again • Di Riddim Ragga DUB,A [08] Make America Gulag Again • Muse DUB,A [06] Make America Gulag Again • Bruh Ragga DUB,A [12] Make America Gulag Again • Ragga Lala DUB,[18] Jealousy (not for me) - Muse 1 DUB,[15] Jealousy (not for me) - WSWHFN DUB,[03] El Papito Leo es No MAGA Show - Muse DUB,[02] El Papito Leo es No MAGA Show - Muse DUB,[06] Tune in the Tender • Jazzy DUBsutra,[05] Ordo Amoris In Decay - muse DUBsutra,When We Duende 3 - FLOWsutra DUB,[03] Poetry Nah Lie - Ragga DUBsutra,[06] Poetry Nah Lie - Ragga DUBsutra,[02] Poetry Nah Lie - Ragga DUBsutra,[01] Poetry Nah Lie - Ragga DUBsutra,[05] Poetry Slow Burns - Sweet DUBsutra,[03] Poetry Slow Burns - DUBsutra,[02] Poetry Slow Burns - DUBsutra,[01] Poetry Slow Burns  - Gold DUBsutra,[03] Poetry Duende - DUBsutra,[01] Poetry Duende - DUBsutra,[03] La Poesia Importa - Oh Lordy DUBsutra,[06] Creo - Muse DUBsutra,[12] Jolly Poo - Beware of Dog who won’t Bark - DUBsutra,[11] Jolly Poo - Coward Dawgs Gossip but(t) only in your back  - DUBsutra,[09] Sideration's Calling • White House's Burning • Riddim Sister RAGGA DUBsutra,[02] Sideration's Calling • White House's Burning • Jazzy LOFI DUBsutra,[07] Sideration's Calling • White House's Burning • Oh Lordy 2 DUBsutra,""[08] FOTUS Circus VOL. 04 • Step Right Up, Murica Freaks (paper straws) • DUB QUACKsutra"",""[09] FOTUS Circus VOL. 04 • Step Right Up, My Dearest Souls • DUB QUACKsutra"",[07] Fluye • Miss Cheeky DUB (1),[05] Fluye • Queen (of Authentic) DUB (1),[09] Fluye • Muse Prima DUB (1),[06] Fluye • Queen (of Authentic) DUB (2),[11] Fluye • Feel Di (Ragga) Riddim DUB,[08] Fluye • Miss Cheeky DUB (2),[15] Queer Almighty - Drum Mantra DUBsutra,[04] Reason over Reverence - They said bow down but we rise 2 - DUBsutra,[01] Question Di Kingdom - Dub's the Path (Truth is the riddim) - Ragga DUBsutra,[02] Question Di Kingdom - Dub's the Path (Truth is the riddim) - DUBsutra,[4] Shush the Bull Bro (Please) • DUBsutra,[2] stymy stymy yuck • muse DUB,[3] Question Di Kingdom (2) • RAGGAsutra,[4] Question Di Kingdom (1) • RAGGAsutrawav,[8] Reason fi di win • RAGGAsutra,[5] Dubbin' for Freedom • DUBsutra,Creepy Con Meme • Dicky DUBsutra,""Pro-Life Means What, Honey • Jazzy Mantra DUBsutra (2)"",ABC Of Kindness - A Is For Always Speak From Your Heart - DUBsutra (1),Liberty • Tribute to Victor Hugo’s Revolutionary Poetry • DUBsutra,[1] Serial BLOWERS (now twat?) • DUBsutra,Woke-N-Whack-A-Musk ☆ DUBsutra (2),Double (decking) Standards VOL. 1 • DUBsutra,Poetry Matters • LOFI DUBsutra,Some Songs Are More POOH Than Others : DUBsutra,Prickly Peaches (one) • DUB Sutra,Seminal Bollocks  • DUBsutra,""New Normalcy, Space Oddity ☰ DUBsutra"",Absinthe Bliss (Kiss Me Slow) • DUBsutra,making songs like…,""#2 Hold the Mic, Babe ☰ DUBsutra Vocal Hug"",Just Gasp(be) • Jazzy DUB Poetry • sutraFLOW (v1),Le Poids de l'Ego v1 • sutraFRENCH • Burlesque Ego Dub Cabaret,""Flow like Water, My Friend"""
DUBsutra (Best Of),https://soundcloud.com/bananasutra/sets/dubsutra-best-of,,,42,91882,883,2:23:17,https://i1.sndcdn.com/artworks-0sxByuCQtf1zSYMt-w8bhvA-t500x500.jpg,https://i1.sndcdn.com/artworks-0sxByuCQtf1zSYMt-w8bhvA-t1080x1080.jpg,genre (best of),checked,G-00-DUB,"[14] The Sound Of Logic • KNOWsutra Psychedelick Storyteller LoFi DUB,[06] The Sound Of Logic • KNOWsutra Psychedelick Flamenco Ragga DUB,[04] The Sound Of Logic • KNOWsutra Psychedelick Hop Bruh LoFi DUB,""[07] We're Tiny Specks, Right • BOWsutra (Cosmic Banana) Psychedelick Acoustic DUB"",[09] Grifters • BLOWsutra Psychedelic Poetry Folk the Bridge DUB,[08] Zero Sum • GROWsutra Psychedelick Folk Poetry Bridges The DUB,[10] Zero Sum • GROWsutra Psychedelick Gipsy Flamenco  Ragga Circus DUB,[12] Zero Sum • GROWsutra Psychedelick Gipsy Indie Ragga Flamenco DUB,[07] Zero Sum • GROWsutra Psychedelick Folk Poetry Bridges The DUB,[15] This Is My Quest • GROWsutra Psychedelic Poetry Bridges the DUB,[12] This Is My Quest • GROWsutra Psychedelic Poetry Bridges the DUB,[08] Kiss A Pulse • GLOWsutra (Lucille Clifton Poetry) Psychedelic Folk Bridges the DUB,[09] Kiss A Pulse • GLOWsutra (Lucille Clifton Poetry) Psychedelic Folk Bridges the DUB,[06] Kiss A Pulse • GLOWsutra (Lucille Clifton Poetry) Psychedelic Folk Bridges the DUB,[07] Kiss A Pulse • GLOWsutra (Lucille Clifton Poetry) Psychedelic Folk Bridges the DUB,""[01] Hello, Oh No • GROWsutra Psychedelic Folk Poetry Bridges the DUB"",[06] Ego Ain't Your Amigo • BLOWsutra (Ego Gone Loco) Psychedelic Bridge Poetry Folk DUB,[08] Ego Ain't Your Amigo • BLOWsutra (Ego Gone Loco) She Wanna Know Psychedelic Jazz Fusion DUB,[05] Ego Ain't Your Amigo • BLOWsutra (Ego Gone Loco) Psychedelic Bridge Poetry Folk DUB,[09] Ego Ain't Your Amigo • BLOWsutra (Ego Gone Loco) She Wanna Know Psychedelic Jazz Fusion DUB,[07] Ego Ain't Your Amigo • BLOWsutra (Ego Gone Loco) Psychedelic Bridge Poetry Folk DUB,[02] Ego Ain't Your Amigo • BLOWsutra (Ego Gone Loco) La Poesita Psychedelic Indie Flamenco DUB,[05] Time for Rebel Romance ☆ BLOWsutra (Revolt Now) Accordion Ragga Burlesque DUB,[02] MAHA (Make America Humane Again) • Vol. 2 • BLOWsutra Gipsy Trip Hop Lofi DUB,Side A [08] If We Had But(t) The Truth • BLOWsutra (Censored) Folk Poetry on the Bridge DUB,Side A [09] If We Had But(t) The Truth • BLOWsutra (Censored) Feel Di Riddim Ragga Mama DUB,[01] Rainbows in the Clouds • GLOWsutra Folk Poetry Dubs the DUB,[05] Foolish Goldfish (Forever) • KNOWsutra Peace (Not War) Psychedelic Poetry Dubs The Bridge DUB,[01] We Live Not By Lies - GROWsutra Gipsy Poetry DUB,[02] The (Bloody Mountain) Echo - Vladimir Vysotsky English Cover - BLOWsutra Gipsy La Poesita Cello Indie Folk DUB,[14] The Love Of A Dove - GROWsutra Feel Di Riddim Psychedelic Ragga DUB,""[01] So, What Is Racism? KNOWsutra She Wanna Know Jazzy LoFi DUB"",""[03] So, What Is Racism? KNOWsutra Rebound & Rise Jazzy Ragga DUB"",""[09] Freee, La Fille • French SHOWsutra Psychedelic Ragga DUB"",""[08] Freee, La Fille • French SHOWsutra Psychedelic Ragga DUB"",[13] L'Embobinage (d'après Carl Sagan) • French GROWsutra World Peace Miss Cheeky DUB,A [08] Make America Gulag Again • Muse DUB,[15] Queer Almighty - Drum Mantra DUBsutra,[04] Reason over Reverence - They said bow down but we rise 2 - DUBsutra,[02] Question Di Kingdom - Dub's the Path (Truth is the riddim) - DUBsutra,""#2 Hold the Mic, Babe ☰ DUBsutra Vocal Hug"",Just Gasp(be) • Jazzy DUB Poetry • sutraFLOW (v1)"
FLOWsutra : FLY (like water),https://soundcloud.com/bananasutra/sets/flowsutra-fly-like-water,FLOWsutra,"BLUES,DUB,LOFI",8,7327,101,24:01,https://i1.sndcdn.com/artworks-2pHqakX9GOVp97hp-EU7MrQ-t500x500.jpg,https://i1.sndcdn.com/artworks-2pHqakX9GOVp97hp-EU7MrQ-t1080x1080.jpg,sutra,checked,G-05-FLY,"[15] Jealousy (not for me) - WSWHFN DUB,[07] Fluye • Miss Cheeky DUB (1),[06] Fluye • Queen (of Authentic) DUB (2),aintdoingbaddoingnothing 💨,making songs like…,Just Grind(ha) • Harmonica Blues Lo-fi • sutraFLOW,Just Gasp(be) • Jazzy DUB Poetry • sutraFLOW (v1),""Flow like Water, My Friend"""
FLOWsutra : WET (my friend),https://soundcloud.com/bananasutra/sets/flowsutra-wet-my-friend,FLOWsutra,"BLUES,BURLESQUE,DUB,JAZZ",15,5441,80,50:22,https://i1.sndcdn.com/artworks-lcLXcYSTLwU1vVWx-8umDBA-t500x500.jpg,https://i1.sndcdn.com/artworks-lcLXcYSTLwU1vVWx-8umDBA-t1080x1080.jpg,sutra,checked,G-05-WET,"[01] Peel Me Kindly • FLOWsutra Gone Banana Joke Gipsy JAZZ,When We Duende 3 - FLOWsutra DUB,When We Duende 4 - SHOWsutra JAZZ DUB,Wet Peaches • Blues BANJOsutra,Let’s Do It • Public Domain Lyrics • JAZZsutra 2,Prickly Peaches (one) • DUB Sutra,Absinthe Bliss (Kiss Me Slow) • DUBsutra,Dark (Lace) Rhythms • TANGOsutra"
FLOWsutra where time is space,https://soundcloud.com/bananasutra/sets/sutraflow,FLOWsutra,"BLUES,BURLESQUE,DUB,FOLK,INDIE,JAZZ,LOFI",66,34668,428,3:28:41,https://i1.sndcdn.com/artworks-PorYyvyZr3pl4ezD-Qz561g-t500x500.jpg,https://i1.sndcdn.com/artworks-PorYyvyZr3pl4ezD-Qz561g-t1080x1080.jpg,sutra (all),,,"""[02] Win-Win After Midnight • FLOWsutra (Wet, My Friend) Southern Blues Banjo FOLK"",""[04] Win-Win After Midnight • FLOWsutra (Wet, My Friend) Southern Jazz Banjo FOLK"",""[03] Win-Win After Midnight • FLOWsutra (Wet, My Friend) Southern Blues Banjo FOLK"",""[01] Win-Win After Midnight • FLOWsutra (Wet, My Friend) Tzigane LoFi Fusion JAZZ"",""[03] Lightly, My Darling • FLOWsutra Psychedelick Bluesy Banjo FOLK"",""[05] Lightly, My Darling • FLOWsutra Psychedelick Bluesy Banjo FOLK"",[09] Curious Like A Kiss • FLOWsutra Cheeky Duende Arabesk Dub LOFI,[05] Curious Like A Kiss • FLOWsutra La Poesita Flamenco Duende Dub INDIE,[07] Curious Like A Kiss • FLOWsutra Cheeky Duende Gipsy Fusion LOFI,[10] Curious Like A Kiss • FLOWsutra Cheeky Duende Arabesk Dub LOFI,[02] Curious Like A Kiss • FLOWsutra Oh Boy Piano Waltz BURLESQUE,[01] Ain't Doing Bad Doing Nothing ⭐︎ Public Domain Lyrics Fun ⭐︎ FLOWsutra Wet JAZZ,[08] Ain't Doing Bad Doing Nothing ⭐︎ Public Domain Lyrics Fun ⭐︎ FLOWsutra Wet BURLESQUE,[07] Ain't Doing Bad Doing Nothing ⭐︎ Public Domain Lyrics Fun ⭐︎ FLOWsutra Wet JAZZ,Everybody Knows • FLOWsutra Freedom Magic Cello Prayer INDIE.wav,[15] Jealousy (not for me) - WSWHFN DUB,MAKA MAKA Murica (Kindness Gone Folk),aintdoingbaddoingnothing 💨,Let’s Do It • Public Domain Lyrics • JAZZsutra 1,Let’s Do It • Public Domain Lyrics • JAZZsutra 2,Let’s Do It • Public Domain Lyrics • JAZZsutra 3,Prickly Peaches (one) • DUB Sutra,Where We Begin (one) : BURLESQUEsutra,Absinthe Bliss (Kiss Me Slow) • DUBsutra,Dark (Lace) Rhythms • TANGOsutra,making songs like…,Just Waltz(be) • Jazzy Grinding Waltz • sutraFLOW (v5),Just Grind(ha) • Harmonica Blues Lo-fi • sutraFLOW,Just Gasp(be) • Jazzy DUB Poetry • sutraFLOW (v1),""Flow like Water, My Friend"""
FOLKsutra,https://soundcloud.com/bananasutra/sets/folksutra,,"BANJO,BLUES,BURLESQUE,DUB,FOLK,INDIE,JAZZ,LOFI",129,43796,469,7:02:55,https://i1.sndcdn.com/artworks-6tM0cjHYVyEyl5Gu-Bhop9A-t500x500.jpg,https://i1.sndcdn.com/artworks-6tM0cjHYVyEyl5Gu-Bhop9A-t1080x1080.jpg,genre (all),,,"""[02] Win-Win After Midnight • FLOWsutra (Wet, My Friend) Southern Blues Banjo FOLK"",""[04] Win-Win After Midnight • FLOWsutra (Wet, My Friend) Southern Jazz Banjo FOLK"",""[03] Win-Win After Midnight • FLOWsutra (Wet, My Friend) Southern Blues Banjo FOLK"",""[03] Lightly, My Darling • FLOWsutra Psychedelick Bluesy Banjo FOLK"",""[05] Lightly, My Darling • FLOWsutra Psychedelick Bluesy Banjo FOLK"",""[01] Rise Up, You Naked People (Freedom Rings) - BLOWsutra Victor Hugo Revolution Ring FOLK"",Side B [15] If We Had But(t) The Truth • BLOWsutra (Censored) Gipsy Psychedelia Accordion Cello Indie FOLK,Side B [07] Revolution's Lit (This Ain't Fiction) - BLOWsutra Revolt Now Bluesy Psychedelic Americana Banjo FOLK,""[07] They Call It Freedom (Oh Hi, Sweet Honey Bun) • BLOWsutra  (Revolt Now) Psychedelic Dubby Americana Indie LoFi FOLK"",""Side B [12] No Fear, My Dear • BLOWsutra Revolt Now Dubby Bluesy Jazzy Psychedelic Chanson Piano FOLK"",""Side B [13] No Fear, My Dear • BLOWsutra Revolt Now Dubby Psychedelic FOLK"",[06] All Lame-Isms (Queen of Authentic) - BLOWsutra FOLK,[03] Cassandra's Lullaby • World Reckoning INDIE FOLK,[18] Who Knows Where How Happiness Truly Grows • DUENDE FOLK,[01] DO PANIC NOW - Murica Galaxy Rule Number 1 - Sweet FOLK,[10] SS Means Sacred Sp3rm • Oh Baby FOLK,[01] Reason over Reverence (No Need for Gods) • Banjo Blues FOLKsutra,[04] If We Had But(t) The Truth (Not The Quack) - Blues FOLKsutra,""[02] Courage, Care, and Coconuts (Kindness is Clear more than Nice) - Dreamy Indie FOLKsutra"",RUN v2 - Duende Amoris FOLK,Kindness (single) VOL. 04,Where Hope Expires - Queen of Authentic FOLK,Where Hope Expires - dem sed Dub INDIE FOLK,The Dystopian Quizz Song v3-2 ★ Blues Circus SOULsutra,[13] Mass Media Freakshow - McKenna's Folk,[8] How do kids learn • DRUM FOLKsutra,MAKA MAKA Murica (Kindness Gone Folk),Where Hope Expires • Folk BANJOsutra,[5] MAHA • Make America Humane Again • Authentic Banjo FOLKsutra,Shady Fools • FOLKsutra,Project 2-0-2-5 • Dummy FOLKsutra,""En Vrai, On Est Tous Frères • LOFI BLUES FRENCHsutra"",Woke-N-Whack-A-Musk ☆ BLUESsutra (2),(what u) think about? • (introvert) FOLKsutra,Mind the Felon (two) • FOLKsutra,#3 The Quest of an Unyielding Star (v2) • Jacques Brel Remake • Bananasutra Jazz,#2 The Quest of an Unyielding Star (v3) • Jacques Brel Remake • Bananasutra Jazz,Just Gasp(be) • Jazzy DUB Poetry • sutraFLOW (v1),""Genius, You See V.1 • Indie Jazz Folk Lullaby  • sutraKNOW inspired by Albert Einstein"",""Hey, You (Creepers) • Fake Folk(s) True Tale • Bananasutra(BLOW) Authentic Imagination Music"""
FOLKsutra (Best Of),https://soundcloud.com/bananasutra/sets/folksutra-best-of,,,7,11996,87,21:08,https://i1.sndcdn.com/artworks-CV0ODQOztCTXkFAF-1T2ODw-t500x500.jpg,https://i1.sndcdn.com/artworks-CV0ODQOztCTXkFAF-1T2ODw-t1080x1080.jpg,genre (best of),,G-00-FOLK,"""[04] Win-Win After Midnight • FLOWsutra (Wet, My Friend) Southern Jazz Banjo FOLK"",""[01] Win-Win After Midnight • FLOWsutra (Wet, My Friend) Tzigane LoFi Fusion JAZZ"",""[05] Lightly, My Darling • FLOWsutra Psychedelick Bluesy Banjo FOLK"",[01] Not Who Powers • There's No Prayer Like Desire • KNOWsutra But(t) Why Banjo Destiny BLUES,[08] Queer Almighty - Tell me why - FOLK BANJOsutra,[01] Queer Almighty - Folk BANJOsutra,[05] Queer Almighty - Jazzy Queer Almighty - BLUESy BANJOsutra"
FOTUS CIRCUS Playlist An American Freaks Show,https://soundcloud.com/bananasutra/sets/fotus-circus-playlist-an-3,BLOWsutra,"BANJO,BLUES,BURLESQUE,DUB,FOLK,JAZZ,LOFI,MANTRA,ROCK",42,12536,92,2:15:29,https://i1.sndcdn.com/artworks-e9LS1yE2xOsiJ46m-ydWbdw-t500x500.jpg,https://i1.sndcdn.com/artworks-e9LS1yE2xOsiJ46m-ydWbdw-t1080x1080.jpg,collection,,,"""[05] Hereby, I Cry • Arabesk Drum MANTRA"",A [12] Make America Gulag Again • Ragga Lala DUB,""[08] FOTUS Circus VOL. 04 • Step Right Up, Murica Freaks (paper straws) • DUB QUACKsutra"",""[09] FOTUS Circus VOL. 04 • Step Right Up, My Dearest Souls • DUB QUACKsutra"",""[06] FOTUS Circus VOL. 04 • Step Right Up, for Plastic Straws • Banjo QUACKsutra"",[01] FOTUS Circus VOL. 04 • Step Right Up my Dearest Souls • Burlesque QUACKsutra,[06] FOTUS Circus VOL. 03 • When will you be angelic (Ginzberg’s Horror Show) • BURLESQUE QUACKsutra,[06] FOTUS Circus VOL. 02 • This ain't no hollow show • QUACKsutra,#2 Hard Core : Honey JAZZsutra,The Tyranny of Ignorance : BANJOsutra (Single Duck Release)"
FRENCHsutra oui oui · sacrebleu,https://soundcloud.com/bananasutra/sets/sutrafrench,,"BANJO,BLUES,BURLESQUE,DUB,FOLK,INDIE,JAZZ,LOFI,MANTRA",108,53335,522,5:54:58,https://i1.sndcdn.com/artworks-Ni4BbsKypzQtXkzs-AElX6Q-t500x500.jpg,https://i1.sndcdn.com/artworks-Ni4BbsKypzQtXkzs-AElX6Q-t1080x1080.jpg,collection,,,"[01] Jacques Brel - French GLOWsutra Oh Boy Accordion Circus Waltz Chanson BURLESQUE,[07] Jacques Brel - French GLOWsutra Psychedelic Circus Cello Chanson INDIE,[07] Secret de Polichinelle - French KNOWsutra Keep It Real Psychedelic Gipsy Circus Piano BURLESQUE,[01] Secret de Polichinelle - French KNOWsutra Keep It Real Psychedelic Gipsy Circus Accordion BURLESQUE,[06] Secret de Polichinelle - French KNOWsutra Keep It Real Psychedelic Gipsy Circus Indie Chanson BURLESQUE,[05] Secret de Polichinelle - French KNOWsutra Keep It Real Psychedelic Gipsy Circus Indie Chanson BURLESQUE,[08] Secret de Polichinelle - French KNOWsutra Keep It Real Psychedelic Gipsy Circus Indie Piano BURLESQUE,[07] Le Bal Des Salauds • French BLOWsutra Gipsy Accordion' Indie Folk BURLESQUE,[08] Le Bal Des Salauds • French BLOWsutra Tzigane World Indie LOFI,[03] Le Bal Des Salauds • French BLOWsutra PBGal Chanson BURLESQUE,[04] Le Bal Des Salauds • French BLOWsutra Oh Boy Accordion Circus BURLESQUE,[02] Le Bal Des Salauds • French BLOWsutra Gipsy LoFi Chanson INDIE,[01] Le Bal Des Salauds • French BLOWsutra Oh My Oh Why Cello Circus INDIE,[02] La Force Douce - French GROWsutra Gipsy Flamenco Duende Chanson INDIE,[03] La Force Douce - French GROWsutra Gipsy Flamenco Duende Chanson INDIE,[01] La Force Douce ✪ French GROWsutra Gipsy Flamenco Duende Chanson INDIE,[06] La Force Douce - French GROWsutra Tzigane Peace Soul Fusion LoFi INDIE,[01] Win Win Dub ⚭ French GROWsutra Soulful Hip Hop Ragga DUB,""[09] Freee, La Fille • French SHOWsutra Psychedelic Ragga DUB"",""[03] Freee, la fille (remastered) • French SHOWsutra Circus Accordion BURLESQUE"",""[08] Freee, La Fille • French SHOWsutra Psychedelic Ragga DUB"",[14] L'Embobinage (d'après Carl Sagan) • French GROWsutra World Peace PsyAccordion POP BURLESQUE 3 INDIE,[03] L'Embobinage (d'après Carl Sagan) • French GROWsutra World Peace PsyAccordion CelLOFI INDIE,[09] L'Embobinage (d'après Carl Sagan) • French GROWsutra World Peace Hypnotic Tango Jazz INDIE,[13] L'Embobinage (d'après Carl Sagan) • French GROWsutra World Peace Miss Cheeky DUB,[02] L'Embobinage (d'après Carl Sagan) • French GROWsutra World Peace CelLOFI,[05] L'Embobinage (d'après Carl Sagan) • French GROWsutra World Peace Tzigane Fusion INDIE,[11] L'Embobinage (d'après Carl Sagan) • French GROWsutra World Peace La Poesita Flamenco INDIE DUB,[12] L'Embobinage (d'après Carl Sagan) • French GROWsutra World Peace Miss Cheeky DUB,[01] L'Embobinage (d'après Carl Sagan) • French GROWsutra World Peace CelLOFI,[15] L'Embobinage (d'après Carl Sagan) • French GROWsutra World Peace PsyAccordion POP BURLESQUE INDIE,[01] Nous Sommes Le Feu - Chanson à la BLUESsutra - INDIE,""En Vrai, On Est Tous Frères • LOFI BLUES FRENCHsutra"",Comme un canard #9,Le Poids de l'Ego v1 • sutraFRENCH • Burlesque Ego Dub Cabaret,""Le système, ça voulait dire… v2 • sutraFRENCH • Burlesque Ego Accordion Cabaret"",""Manu, Le P'tit Menteur v2 • sutraFRENCH • Burlesque Ego Accordion Cabaret"",""Le système, ça voulait dire… v3 • sutraFRENCH • Burlesque Ego JAZZZ Masquerade"",Le P'tit Jupiter • sutraFRENCH • indieJAZZZ Piano LOFI Soul :)"
GLOWsutra : POET(ry),https://soundcloud.com/bananasutra/sets/glowsutra-poet-ry,GLOWsutra,"BANJO,BLUES,BURLESQUE,DUB,INDIE,JAZZ,LOFI,MANTRA",14,6814,85,49:35,https://i1.sndcdn.com/artworks-UVBWmXWPLc9H0Ov3-HwlYIg-t500x500.jpg,https://i1.sndcdn.com/artworks-UVBWmXWPLc9H0Ov3-HwlYIg-t1080x1080.jpg,sutra,checked,G-06-POET,"[01] Awe Is Mighty (Maybe Even Holy) - GLOWsutra Conscious Indie trip Hop(e) Blues Lullaby LOFI,Poetry (Nah Lie) • GROWsutra Ragga Mantra DUB,[05] Poetry Slow Burns - Sweet DUBsutra,[01] Poetry Slow Burns  - Gold DUBsutra,[03] Poetry Duende - DUBsutra,[01] Poetry Duende - DUBsutra,[03] La Poesia Importa - Oh Lordy DUBsutra,[06] I Wanted to Be the Poem - Bluesy Burlesque JAZZ,Poetry Matters • LOFI DUBsutra,Poetry Matters (1) ☰ BANJOsutra dream"
GLOWsutra : RAINBOWS (in my clouds),https://soundcloud.com/bananasutra/sets/glowsutra-rainbows-in-my,GLOWsutra,"BANJO,BLUES,DUB,FOLK,INDIE,JAZZ,LOFI",14,13906,177,41:49,https://i1.sndcdn.com/artworks-57vIPCGJ4OIaDUaa-UFslNg-t500x500.jpg,https://i1.sndcdn.com/artworks-57vIPCGJ4OIaDUaa-UFslNg-t1080x1080.jpg,sutra,checked,G-06-CLOU,"[02] Rainbows in the Clouds • GLOWsutra Gipsy Jazz Conscious Fusion LOFI,[01] Rainbows in the Clouds • GLOWsutra Folk Poetry Dubs the DUB,[08] Rainbows in the Clouds • GLOWsutra Queen of Authentic Dubby Folk Classic BLUES,[05] Rainbows in the Clouds • GLOWsutra Gipsy Jazz Conscious Fusion LOFI,[02] Tune in the Tender • LOFI JAZZsutra,(what u) think about? • (introvert) FOLKsutra,#1 The Quest • Jacques Brel Remake • Bananasutra French Accordion,Rainbows in my Cloud (Merci) • Banjo Folk Gratitude Song • Bananasutra(GLOW)"
GLOWsutra where gratitude feeds,https://soundcloud.com/bananasutra/sets/sutraglow,GLOWsutra,"BANJO,BLUES,BURLESQUE,DUB,FOLK,INDIE,JAZZ,LOFI,MANTRA,ROCK",136,74636,790,7:27:08,https://i1.sndcdn.com/artworks-uL7ay8dUUSSVPybn-wwfjyg-t500x500.jpg,https://i1.sndcdn.com/artworks-uL7ay8dUUSSVPybn-wwfjyg-t1080x1080.jpg,sutra (all),,,"[04] My Quest • To dream an impossible dream with Jacques Brel • GLOWsutra Psychedelic Muse DUB,[01] My Quest • To dream an impossible dream • GLOWsutra Psychedelic Cello Lullaby INDIE,[08] Kiss A Pulse • GLOWsutra (Lucille Clifton Poetry) Psychedelic Folk Bridges the DUB,[15] Kiss A Pulse • GLOWsutra (Lucille Clifton Poetry) Psychedelic Destiny Banjo Soul BLUES,[14] Kiss A Pulse • GLOWsutra (Lucille Clifton Poetry) Psychedelic Indie Cello Cabaret BURLESQUE,[16] Kiss A Pulse • GLOWsutra (Lucille Clifton Poetry) Psychedelic Destiny Banjo Soul BLUES,[09] Kiss A Pulse • GLOWsutra (Lucille Clifton Poetry) Psychedelic Folk Bridges the DUB,[06] Kiss A Pulse • GLOWsutra (Lucille Clifton Poetry) Psychedelic Folk Bridges the DUB,[07] Kiss A Pulse • GLOWsutra (Lucille Clifton Poetry) Psychedelic Folk Bridges the DUB,[03] Kiss A Pulse • GLOWsutra (Lucille Clifton Poetry) Indie Gipsy Fusion LOFI,[01] Kiss A Pulse • GLOWsutra (Lucille Clifton Poetry) Ethically Gipsy JAZZ,[04] Rainbows in the Clouds • GLOWsutra Gipsy Jazz Conscious Fusion LOFI,[09] Rainbows in the Clouds • GLOWsutra Maya Mama Classic BLUES,[12] Rainbows in the Clouds • GLOWsutra Maya Mama Classic BLUES,[02] Rainbows in the Clouds • GLOWsutra Gipsy Jazz Conscious Fusion LOFI,[01] Rainbows in the Clouds • GLOWsutra Folk Poetry Dubs the DUB,[08] Rainbows in the Clouds • GLOWsutra Queen of Authentic Dubby Folk Classic BLUES,[05] Rainbows in the Clouds • GLOWsutra Gipsy Jazz Conscious Fusion LOFI,[01] Awe Is Mighty (Maybe Even Holy) - GLOWsutra Conscious Indie trip Hop(e) Blues Lullaby LOFI,[02] Awe Is Mighty (Maybe Even Holy) - GLOWsutra Psychedelic Folk Circus Dreamy Drum Indie MANTRA,[01] Jacques Brel - French GLOWsutra Oh Boy Accordion Circus Waltz Chanson BURLESQUE,[07] Jacques Brel - French GLOWsutra Psychedelic Circus Cello Chanson INDIE,[06] Tune in the Tender • Jazzy DUBsutra,[02] Tune in the Tender • LOFI JAZZsutra,[07] Tune in the Tender • Cello INDIEsutra,[01] Tune in the Tender • LOFI BLUESsutra,[03] Poetry Nah Lie - Ragga DUBsutra,[06] Poetry Nah Lie - Ragga DUBsutra,[02] Poetry Nah Lie - Ragga DUBsutra,[01] Poetry Nah Lie - Ragga DUBsutra,[05] Poetry Slow Burns - Sweet DUBsutra,[03] Poetry Slow Burns - DUBsutra,[02] Poetry Slow Burns - DUBsutra,[01] Poetry Slow Burns  - Gold DUBsutra,[03] Poetry Duende - DUBsutra,[01] Poetry Duende - DUBsutra,[06] La Poesia Importa 2 (low) - Psy JAZZsutra,[03] La Poesia Importa - Oh Lordy DUBsutra,[01] Creo (la poesia) - Arabesk Flamenco,[04] Creo - Cello Accordion Psychedelic Circus 1,[03] Creo (la poesia) - Contrabass Guitar Classico,[06] Creo - Muse DUBsutra,[02] Creo (la poesia) - Arabesk Fado,[06] I Wanted to Be the Poem - Bluesy Burlesque JAZZ,MAKA MAKA Murica (Kindness Gone Folk),""En Vrai, On Est Tous Frères • LOFI BLUES FRENCHsutra"",Poetry Matters • LOFI DUBsutra,Poetry Matters (1) ☰ BANJOsutra dream,(what u) think about? • (introvert) FOLKsutra,She Wears the Words • JAZZsutra Mighty Poetry Minute,#3 The Quest of an Unyielding Star (v2) • Jacques Brel Remake • Bananasutra Jazz,#2 The Quest of an Unyielding Star (v3) • Jacques Brel Remake • Bananasutra Jazz,#1 The Quest • Jacques Brel Remake • Bananasutra French Accordion,Rainbows in my Cloud (Merci) • Banjo Folk Gratitude Song • Bananasutra(GLOW),Kindness • Universal Jazz Cabaret of Blues Chanson • Bananasutra(GROW)"
GROWsutra : DARE (to care),https://soundcloud.com/bananasutra/sets/growsutra-dare-to-care,GROWsutra,"BANJO,BLUES,DUB,FOLK,INDIE,LOFI,MANTRA",9,5558,56,28:33,https://i1.sndcdn.com/artworks-pWOrhsGFerHV4tjv-qenNsg-t500x500.jpg,https://i1.sndcdn.com/artworks-pWOrhsGFerHV4tjv-qenNsg-t1080x1080.jpg,sutra,checked,G-04-DARE,"[15] This Is My Quest • GROWsutra Psychedelic Poetry Bridges the DUB,""[05] Hereby, I Cry • Arabesk Drum MANTRA"",we remember what we remember when we feel 2,Where Hope Expires • Folk BANJOsutra"
GROWsutra : GOD (etc),https://soundcloud.com/bananasutra/sets/growsutra-god-etc,GROWsutra,"BANJO,BLUES,BURLESQUE,DUB,FOLK,JAZZ,LOFI,MANTRA,ROCK",27,24037,281,1:24:51,https://i1.sndcdn.com/artworks-GR9JyL5n8yqk0dDg-rUqw1g-t500x500.jpg,https://i1.sndcdn.com/artworks-GR9JyL5n8yqk0dDg-rUqw1g-t1080x1080.jpg,sutra,checked,G-04-GOD,"""[02] The Atheist Tango • GROWsutra (God, Etc) Conscious Gipsy Burlesque Fusion LOFI"",""[04] Sing Your Own Gospel • GROWsutra (God, Etc.) Gipsy Piano JAZZ"",""[01] Sing Your Own Gospel • GROWsutra (God, Etc.) Gipsy Gospel BLUES"",""[07] Seminal Bollocks - GROWsutra (God, Etc) Gipsy Trip BRUH Hop LOFI"",""[06] Seminal Bollocks - GROWsutra (God, Etc) Psychedelic Tzigane Fusion Folk LOFI"",[01] Reason over Reverence (No Need for Gods) • Banjo Blues FOLKsutra,[03] El Papito Leo es No MAGA Show - Muse DUB,[01] El Papito no es loco - Latin JAZZ,[15] Queer Almighty - Drum Mantra DUBsutra,[06] Queer Almighty - Queer Enough to Cabaret - BANJOsutra,[08] Queer Almighty - Tell me why - FOLK BANJOsutra,[01] Queer Almighty - Folk BANJOsutra,[4] Shush the Bull Bro (Please) • DUBsutra,[2] Make your Own Bible - pbgal Burlesque LOFI,""Pro-Life Means What, Honey • Jazzy Mantra DUBsutra (2)"",Seminal Bollocks  • DUBsutra"
GROWsutra : KIND(ness),https://soundcloud.com/bananasutra/sets/growsutra-kind-ness,GROWsutra,"BLUES,BURLESQUE,FOLK,INDIE,JAZZ,LOFI",17,13451,114,55:24,https://i1.sndcdn.com/artworks-b1Fx0OuFqdHgE7WF-fVAj1Q-t500x500.jpg,https://i1.sndcdn.com/artworks-b1Fx0OuFqdHgE7WF-fVAj1Q-t1080x1080.jpg,sutra,checked,G-04-KIND,"[01] Time for Rebel Romance ☆ BLOWsutra (Revolt Now) Oh Boy Psychedelic Accordion Circus BURLESQUE,[02] La Force Douce - French GROWsutra Gipsy Flamenco Duende Chanson INDIE,[03] La Force Douce - French GROWsutra Gipsy Flamenco Duende Chanson INDIE,""[02] Courage, Care, and Coconuts (Kindness is Clear more than Nice) - Dreamy Indie FOLKsutra"",[03] Glitter and Guts - Arabesk Indie JAZZsutra,[04] Glitter and Guts - oh lordy DUBsutra,Kindness (single) VOL. 04,MAKA MAKA Murica (Kindness Gone Folk),ABC Of Kindness - A Is For Always Speak From Your Heart - DUBsutra (1),Kindness - JAZZsutra,""#1 Hold the Mic, Babe ☰ BANJOsutra Vocal Hug"",""Genius, You See V.1 • Indie Jazz Folk Lullaby  • sutraKNOW inspired by Albert Einstein"",Kindness • Universal Jazz Cabaret of Blues Chanson • Bananasutra(GROW)"
GROWsutra where we be brave,https://soundcloud.com/bananasutra/sets/sutragrow,GROWsutra,"BANJO,BLUES,BURLESQUE,DUB,FOLK,INDIE,JAZZ,LOFI,MANTRA,ROCK",296,181280,1738,16:09:25,https://i1.sndcdn.com/artworks-mzuSCb7CNKrMH5sq-5CuPrQ-t500x500.jpg,https://i1.sndcdn.com/artworks-mzuSCb7CNKrMH5sq-5CuPrQ-t1080x1080.jpg,sutra (all),,,"[08] Zero Sum • GROWsutra Psychedelick Folk Poetry Bridges The DUB,[13] Zero Sum • GROWsutra Psychedelick Gipsy Flamenco Techno Fusion INDIE,[10] Zero Sum • GROWsutra Psychedelick Gipsy Flamenco  Ragga Circus DUB,[14] Zero Sum • GROWsutra Psychedelick Gipsy Flamenco Techno Fusion INDIE,[12] Zero Sum • GROWsutra Psychedelick Gipsy Indie Ragga Flamenco DUB,[09] Zero Sum • GROWsutra She Wanna Know Psychedelick Jazz Fusion LoFi DUB,[07] Zero Sum • GROWsutra Psychedelick Folk Poetry Bridges The DUB,[03] Zero Sum • GROWsutra Hypnotic Post-Punk Motorik Fusion LOFI,[06] Zero Sum • GROWsutra Psychedelick Gipsy Hop Fusion LOFI,[01] Zero Sum • GROWsutra Hypnotic Post-Punk Motorik Fusion LOFI,[20] Zero Sum • GROWsutra Psychedelick Post-Punk Cello Dub Cabaret BURLESQUE,[07] This Is My Quest • GROWsutra La Poesita Gipsy Fado Flamenco Duende DUB,[15] This Is My Quest • GROWsutra Psychedelic Poetry Bridges the DUB,[19] This Is My Quest • GROWsutra Ethically Psychedelic Gipsy JAZZ,[06] This Is My Quest • GROWsutra Psychedelic Gipsy Techno Fado Flamenco Duende INDIE,[01] This Is My Quest • GROWsutra Psychedelic Gipsy Techno Fado Flamenco Duende INDIE,[12] This Is My Quest • GROWsutra Psychedelic Poetry Bridges the DUB,[05] This Is My Quest • GROWsutra Psychedelic Gipsy Techno Fado Flamenco Duende INDIE,[09] This Is My Quest • GROWsutra Psychedelic Gipsy Fado Arabesk Lofi Dub INDIE,[02] But(t) How Can You GROWsutra Dem Sed Psychedelic Ragga DUB,[05] But(t) How Can You GROWsutra F-Bomb Psychedelic Hip Hop LOFI,""[01] Hello, Oh No • GROWsutra Psychedelic Folk Poetry Bridges the DUB"",""[06] Hello, Oh No • GROWsutra La Poesita Gipsy Flamenco DUB"",""[07] Hello, Oh No • GROWsutra Psychedelic Gipsy Fusion LOFI"",""[03] Hello, Oh No • GROWsutra Psychedelic Folk Poetry Bridges the DUB"",""[09] Hello, Oh No • GROWsutra Psychedelic Circus Indie Tango JAZZ"",""[11] Hello, Oh No • GROWsutra Psychedelic Queen of Authentic Dubby Folk Banjo BLUES"",[04] One Percent Rising • GROWsutra (Dare to Care) Psychedelic Indie Gipsy Hip Hop Fusion LOFI,""[01] The Atheist Tango • GROWsutra (God, Etc) Conscious Gipsy Burlesque Fusion LOFI"",""[02] The Atheist Tango • GROWsutra (God, Etc) Conscious Gipsy Burlesque Fusion LOFI"",""[08] The Atheist Tango • GROWsutra (God, Etc) Gipsy Cello Bass Chanson Jazz BURLESQUE"",""[05] The Atheist Tango • GROWsutra (God, Etc) Conscious Gipsy Burlesque Fusion LOFI"",""[10] The Atheist Tango • GROWsutra (God, Etc) Gipsy Bass Piano Twirl Burlesque JAZZ"",""[06] Sing Your Own Gospel • GROWsutra (God, Etc.) Gipsy Bass JAZZ"",""[07] Sing Your Own Gospel • GROWsutra (God, Etc.) Gipsy Bass JAZZ"",""[04] Sing Your Own Gospel • GROWsutra (God, Etc.) Gipsy Piano JAZZ"",""[01] Sing Your Own Gospel • GROWsutra (God, Etc.) Gipsy Gospel BLUES"",""[07] Seminal Bollocks - GROWsutra (God, Etc) Gipsy Trip BRUH Hop LOFI"",""[04] Seminal Bollocks - GROWsutra (God, Etc) French Accordion Psychedelia BURLESQUE"",""[06] Seminal Bollocks - GROWsutra (God, Etc) Psychedelic Tzigane Fusion Folk LOFI"",[04] Why We Can't Be Brave - GROWsutra (Censored) Psychedelic Flamenco Dub Cello Fusion INDIE,[07] Why We Can't Be Brave - GROWsutra (Censored) Psychedelic Hip Hop Cello Indie Dub Fusion LOFI,[08] Why We Can't Be Brave - GROWsutra (Censored) Psychedelic Hip Hop Cello Indie Dub Fusion LOFI,[02] Why We Can't Be Brave - GROWsutra (Censored) Psychedelic Cello Drama Duende Dream INDIE,Side A [03] EP Bertrand - The Unhappiness Dance - GROWsutra Jazzy Indie FOLK,Side B [04] EP Bertrand - The Conquest of Happiness - GROWsutra Indie Folk JAZZ,Side B [05] EP Bertrand - The Conquest of Happiness - GROWsutra Sweet Waltz BURLESQUE,Side A [01] EP Bertrand - The Unhappiness Dance - GROWsutra Jazzy BURLESQUE,Side A [05] EP Bertrand - The Unhappiness Dance - GROWsutra Indie JAZZ,[10] We Live Not By Lies - GROWsutra Post-Punk Rock Bar Girl BURLESQUE,[02] We Live Not By Lies - GROWsutra Pyschedelic Cello Dream Dub INDIE,[03] We Live Not By Lies - GROWsutra Psychedelic Piano Cello INDIE,[07] We Live Not By Lies - GROWsutra Tzigane Arabesk Fusion Indie LOFI,[01] We Live Not By Lies - GROWsutra Gipsy Poetry DUB,[04] We Live Not By Lies - GROWsutra Psychedelic Piano Cello INDIE,[11] We Live Not By Lies - GROWsutra IBYN Post-Punk BURLESQUE ROCK,[05] Peace Matters More - GROWsutra Gipsy DUB JAZZ,[04] Peace Matters More - GROWsutra Gipsy Circus BURLESQUE,[07] Peace Matters More - GROWsutra Gipsy Hop DUB,[01] Peace Matters More - GROWsutra Gipsy psyCello INDIE,[02] Peace Matters More - GROWsutra Gipsy Burlesque INDIE,[32] Letter to My Friend (Never Again) • GROWsutra She Wanna Know PsyBass Circus JAZZ,[02] La Force Douce - French GROWsutra Gipsy Flamenco Duende Chanson INDIE,[03] La Force Douce - French GROWsutra Gipsy Flamenco Duende Chanson INDIE,[01] La Force Douce ✪ French GROWsutra Gipsy Flamenco Duende Chanson INDIE,[06] La Force Douce - French GROWsutra Tzigane Peace Soul Fusion LoFi INDIE,[01] Win Win Dub ⚭ French GROWsutra Soulful Hip Hop Ragga DUB,[16] The Love Of A Dove - GROWsutra Dem Sed Psychedelic Ragga DUB,[08] The Love Of A Dove - GROWsutra Only The Brave PsyBluegrass Dubby BLUES,[02] The Love Of A Dove - GROWsutra Duende Amoris Fado Fiddle INDIE,[14] The Love Of A Dove - GROWsutra Feel Di Riddim Psychedelic Ragga DUB,[04] The Love Of A Dove - GROWsutra Mama-b-c Peace Cello INDIE,[09] The Love Of A Dove - GROWsutra Queen of Authentic Dubby Psychedelic BLUES,[11] The Love Of A Dove - GROWsutra Psychedelic Destiny BLUES,[14] L'Embobinage (d'après Carl Sagan) • French GROWsutra World Peace PsyAccordion POP BURLESQUE 3 INDIE,[03] L'Embobinage (d'après Carl Sagan) • French GROWsutra World Peace PsyAccordion CelLOFI INDIE,[09] L'Embobinage (d'après Carl Sagan) • French GROWsutra World Peace Hypnotic Tango Jazz INDIE,[13] L'Embobinage (d'après Carl Sagan) • French GROWsutra World Peace Miss Cheeky DUB,[02] L'Embobinage (d'après Carl Sagan) • French GROWsutra World Peace CelLOFI,[05] L'Embobinage (d'après Carl Sagan) • French GROWsutra World Peace Tzigane Fusion INDIE,[11] L'Embobinage (d'après Carl Sagan) • French GROWsutra World Peace La Poesita Flamenco INDIE DUB,[12] L'Embobinage (d'après Carl Sagan) • French GROWsutra World Peace Miss Cheeky DUB,[01] L'Embobinage (d'après Carl Sagan) • French GROWsutra World Peace CelLOFI,[15] L'Embobinage (d'après Carl Sagan) • French GROWsutra World Peace PsyAccordion POP BURLESQUE INDIE,[13] Men-Oh-Pause • GROWsutra Accordion Circus BURLESQUE,[14] Men-Oh-Pause • GROWsutra I Burlesque You Not Psychedelic Punk ROCK,[05] Men-Oh-Pause • GROWsutra She Wanna Know Fusion Jazz CelLOFI INDIE,[08] Men-Oh-Pause • GROWsutra Dem Sed Ragga DUB,[04] Men-Oh-Pause • GROWsutra She Wanna Know Fusion Jazz CelLOFI INDIE,[12] Men-Oh-Pause • GROWsutra Accordion Circus BURLESQUE,[01] Nous Sommes Le Feu - Chanson à la BLUESsutra - INDIE,Poetry (Nah Lie) • GROWsutra Ragga Mantra DUB,we remember what we remember when we feel 3,we remember what we remember when we feel 2,we remember what we remember when we feel 4,we remember what we remember when we feel 1,we remember what we remember when we feel 5,""[02] Courage, Care, and Coconuts (Kindness is Clear more than Nice) - Dreamy Indie FOLKsutra"",[03] Glitter and Guts - Arabesk Indie JAZZsutra,[01] Glitter and Guts - Circus BURLESQUEsutra,[05] Glitter and Guts - Bass Revolution LOFIsutra,[04] Glitter and Guts - oh lordy DUBsutra,Kindness (single) VOL. 04,""[08] Why Trust an Old, Mean Religion AD2 Soul INDIE"",[01] Ego Ain't Your Amigo (Fasho at Marlago) - oh hi salty honey bluesy JAZZ tempo,[0] How do kids learn • Destiny JAZZsutra (high),[7] Your rules don’t apply to me • Indie MANTRAsutra,[4] Shush the Bull Bro (Please) • DUBsutra,MAKA MAKA Murica (Kindness Gone Folk),Where Hope Expires • Folk BANJOsutra,MAWA MAWA • Make America Woke Again • Banger BANJOsutra,Shady Fools • FOLKsutra,[7] Shades of Fools • All I know is I dunno • Ragga DUBsutra High,[6] Shades of Fools • All I know is I dunno • Fastass BANJOsutra,Feeel The Rhythm (Tell the Truth),""#1 Hold the Mic, Babe ☰ BANJOsutra Vocal Hug"",""#3 Hold the Mic, Babe ☰ BANJOsutra Hug for Ya, Babe"",""#2 Hold the Mic, Babe ☰ DUBsutra Vocal Hug"",Some Truths are Harder to Swallow • LOFI Jazzz • sutraGROW"
INDIEsutra,https://soundcloud.com/bananasutra/sets/indiesutra-2,,"BLUES,BURLESQUE,DUB,FOLK,INDIE,JAZZ,LOFI,MANTRA,ROCK",254,117123,1116,14:41:32,https://i1.sndcdn.com/artworks-C7s0a12XcankxZ5m-N8ITrg-t500x500.jpg,https://i1.sndcdn.com/artworks-C7s0a12XcankxZ5m-N8ITrg-t1080x1080.jpg,genre (all),,,"[13] Zero Sum • GROWsutra Psychedelick Gipsy Flamenco Techno Fusion INDIE,[14] Zero Sum • GROWsutra Psychedelick Gipsy Flamenco Techno Fusion INDIE,[06] This Is My Quest • GROWsutra Psychedelic Gipsy Techno Fado Flamenco Duende INDIE,[01] This Is My Quest • GROWsutra Psychedelic Gipsy Techno Fado Flamenco Duende INDIE,[05] This Is My Quest • GROWsutra Psychedelic Gipsy Techno Fado Flamenco Duende INDIE,[09] This Is My Quest • GROWsutra Psychedelic Gipsy Fado Arabesk Lofi Dub INDIE,[01] My Quest • To dream an impossible dream • GLOWsutra Psychedelic Cello Lullaby INDIE,[05] Curious Like A Kiss • FLOWsutra La Poesita Flamenco Duende Dub INDIE,[03] Spit Back The Lies • BLOWsutra (Revolution Ring) Mama-b-c Psychedelic Cello Fusion INDIE,[02] Spit Back The Lies • BLOWsutra (Revolution Ring) Mama-b-c Psychedelic Cello Fusion INDIE,Side A [03] MAMA-B-C (Make America Mine Achtung) • BLOWsutra Cello Melancholia Burlesque INDIE,[BONUS] What Dissent Looks Like Now • BLOWsutra Psychedelic Burlesque MamA-B-Cello Dream Cabaret INDIE,[10] What Dissent Looks Like Now • BLOWsutra Post-Punk Gipsy Trip Hop Lo-Fi Burlesque INDIE,[08] What Dissent Looks Like Now • BLOWsutra Post-Punk Gipsy Trip Hop Lo-Fi Burlesque INDIE,Side B [05] Revolution's Lit (This Ain't Fiction) - BLOWsutra Revolt Now Jazzy INDIE,""[07] Two Things, Darling • KNOWsutra Bertrand (Knows) La Poesita Gipsy Flamenco Dub INDIE"",""[05] Two Things, Darling • KNOWsutra Bertrand (Knows) La Poesita Gipsy Flamenco Dub INDIE"",""[Bonus] I did the Math, and Everything is Stupid • SHOWsutra Snoopy Poopy INDIE"",Side A [02] Donkeys Years • SHOWsutra Fanana Club Gipsy La Poesita Cabaret Dub INDIE,Side A [01] Donkeys Years • SHOWsutra Fanana Club Gipsy Flamenco Cabaret Dub INDIE,[04] Why We Can't Be Brave - GROWsutra (Censored) Psychedelic Flamenco Dub Cello Fusion INDIE,[02] Why We Can't Be Brave - GROWsutra (Censored) Psychedelic Cello Drama Duende Dream INDIE,[07] Jacques Brel - French GLOWsutra Psychedelic Circus Cello Chanson INDIE,[02] Foolish Goldfish (Forever) • KNOWsutra Peace (Not War) La Poesita Psychedelic Cello Dub INDIE,[01] Foolish Goldfish (Forever) • KNOWsutra Peace (Not War) Mama-b-c Psychedelic Cello Dream INDIE,[02] We Live Not By Lies - GROWsutra Pyschedelic Cello Dream Dub INDIE,[03] We Live Not By Lies - GROWsutra Psychedelic Piano Cello INDIE,[04] We Live Not By Lies - GROWsutra Psychedelic Piano Cello INDIE,[01] Peace Matters More - GROWsutra Gipsy psyCello INDIE,[02] Peace Matters More - GROWsutra Gipsy Burlesque INDIE,[05] Everybody Knows • KNOWsutra Psychedelic Trip Hop Cello Waltz INDIE,[04] Everybody Knows • KNOWsutra Burlesque Trip Hop Piano Jazz INDIE,[05] The (Bloody Mountain) Echo - Vladimir Vysotsky English Cover - BLOWsutra Gipsy Piano Cello Duende INDIE,Side B [08] Oh Martine • BOWsutra Gipsy World LoFi Fusion INDIE,Side A [15] Oh Martine • BOWsutra La Poesita Fado World Duende INDIE,Side A [12] Oh Martine • BOWsutra La Poesita Fado World Duende INDIE,Side A [13] Oh Martine • BOWsutra La Poesita Fado World Duende INDIE,[32] Letter to My Friend (Never Again) • GROWsutra She Wanna Know PsyBass Circus JAZZ,[02] La Force Douce - French GROWsutra Gipsy Flamenco Duende Chanson INDIE,[03] La Force Douce - French GROWsutra Gipsy Flamenco Duende Chanson INDIE,[01] La Force Douce ✪ French GROWsutra Gipsy Flamenco Duende Chanson INDIE,[02] The Love Of A Dove - GROWsutra Duende Amoris Fado Fiddle INDIE,[04] The Love Of A Dove - GROWsutra Mama-b-c Peace Cello INDIE,Everybody Knows • FLOWsutra Freedom Magic Cello Prayer INDIE.wav,[14] L'Embobinage (d'après Carl Sagan) • French GROWsutra World Peace PsyAccordion POP BURLESQUE 3 INDIE,[03] L'Embobinage (d'après Carl Sagan) • French GROWsutra World Peace PsyAccordion CelLOFI INDIE,[09] L'Embobinage (d'après Carl Sagan) • French GROWsutra World Peace Hypnotic Tango Jazz INDIE,[15] L'Embobinage (d'après Carl Sagan) • French GROWsutra World Peace PsyAccordion POP BURLESQUE INDIE,[07] Easy (Death Is Nothing At All) • BOWsutra La Poesita Peace DUB INDIE,[05] Men-Oh-Pause • GROWsutra She Wanna Know Fusion Jazz CelLOFI INDIE,[04] Men-Oh-Pause • GROWsutra She Wanna Know Fusion Jazz CelLOFI INDIE,[01] Nous Sommes Le Feu - Chanson à la BLUESsutra - INDIE,[06] Cassandra's Lullaby • Jewish World INDIE FOLK,[14] SS Means Sacred Sp3rm • Jazz INDIE,[11] Jealousy (not for me) - MAMA-B-C INDIE,[06] El Papito Leo es No MAGA Show - Cello INDIE,[07] Tune in the Tender • Cello INDIEsutra,[04] Ordo Amoris In Decay - Indie LOFIsutra,we remember what we remember when we feel 3,we remember what we remember when we feel 2,we remember what we remember when we feel 4,we remember what we remember when we feel 1,we remember what we remember when we feel 5,[03] If We Had But(t) The Truth (Not The Quack) (low) - Drum INDIEsutra,[01] Fluye • Oh My (Socrates) Cello INDIE,Where Hope Expires - Piano CAT JAZZ,""[08] Why Trust an Old, Mean Religion AD2 Soul INDIE"",[1] Trust no one - BLOWsutra Suno JAZZ,MAKA MAKA Murica (Kindness Gone Folk),[1] MAHA • Make America Humane Again • Psy Waltz BURLESQUEsutra,Woke-N-Whack-A-Musk ☆ BLUESsutra (2),Predators (why Kids Are Allowed To Die) • CELLOsutra,Predators (always Inspired) 5,Predators (always Inspired) 4,Dark (Lace) Rhythms • TANGOsutra,Just Grind(ha) • Harmonica Blues Lo-fi • sutraFLOW,""Manu, Le P'tit Menteur v2 • sutraFRENCH • Burlesque Ego Accordion Cabaret"",Le P'tit Jupiter • sutraFRENCH • indieJAZZZ Piano LOFI Soul :),""Genius, You See V.1 • Indie Jazz Folk Lullaby  • sutraKNOW inspired by Albert Einstein"",Some Truths are Harder to Swallow • LOFI Jazzz • sutraGROW"
INDIEsutra (Best Of),https://soundcloud.com/bananasutra/sets/indiesutra-best-of,,,41,76646,684,2:30:36,https://i1.sndcdn.com/artworks-o2drYEuUiIonduAx-8tLPrg-t500x500.jpg,https://i1.sndcdn.com/artworks-o2drYEuUiIonduAx-8tLPrg-t1080x1080.jpg,genre (best of),checked,G-00-INDI,"[24] The Sound Of Logic • KNOWsutra Psychedelick Bass Motorik INDIE,[21] The Sound Of Logic • KNOWsutra Psychedelick Da-Da-Dee Motorik INDIE,[06] This Is My Quest • GROWsutra Psychedelic Gipsy Techno Fado Flamenco Duende INDIE,[05] This Is My Quest • GROWsutra Psychedelic Gipsy Techno Fado Flamenco Duende INDIE,[09] This Is My Quest • GROWsutra Psychedelic Gipsy Fado Arabesk Lofi Dub INDIE,[01] My Quest • To dream an impossible dream • GLOWsutra Psychedelic Cello Lullaby INDIE,[05] Curious Like A Kiss • FLOWsutra La Poesita Flamenco Duende Dub INDIE,[03] Spit Back The Lies • BLOWsutra (Revolution Ring) Mama-b-c Psychedelic Cello Fusion INDIE,[02] Spit Back The Lies • BLOWsutra (Revolution Ring) Mama-b-c Psychedelic Cello Fusion INDIE,[BONUS] What Dissent Looks Like Now • BLOWsutra Psychedelic Burlesque MamA-B-Cello Dream Cabaret INDIE,[10] What Dissent Looks Like Now • BLOWsutra Post-Punk Gipsy Trip Hop Lo-Fi Burlesque INDIE,[08] What Dissent Looks Like Now • BLOWsutra Post-Punk Gipsy Trip Hop Lo-Fi Burlesque INDIE,Side B [05] Revolution's Lit (This Ain't Fiction) - BLOWsutra Revolt Now Jazzy INDIE,""[07] Two Things, Darling • KNOWsutra Bertrand (Knows) La Poesita Gipsy Flamenco Dub INDIE"",""[Bonus] I did the Math, and Everything is Stupid • SHOWsutra Snoopy Poopy INDIE"",""[06] They Call It Freedom (Oh Hi, Sweet Honey Bun) • BLOWsutra (Revolt Now) Psychedelic Gipsy Cello Trip Hip Hop Indie LOFI"",[02] Why We Can't Be Brave - GROWsutra (Censored) Psychedelic Cello Drama Duende Dream INDIE,[02] Foolish Goldfish (Forever) • KNOWsutra Peace (Not War) La Poesita Psychedelic Cello Dub INDIE,[03] We Live Not By Lies - GROWsutra Psychedelic Piano Cello INDIE,[04] We Live Not By Lies - GROWsutra Psychedelic Piano Cello INDIE,[03] Trauma Begets Trauma • KNOWsutra Whimsical Gipsy Peace Kitten Dream Piano INDIE,[01] Trauma Begets Trauma • KNOWsutra Whimsical Gipsy Peace Kitten Dream Piano INDIE,[02] Peace Matters More - GROWsutra Gipsy Burlesque INDIE,[04] Everybody Knows • KNOWsutra Burlesque Trip Hop Piano Jazz INDIE,[01] Le Bal Des Salauds • French BLOWsutra Oh My Oh Why Cello Circus INDIE,[10] Gladys in Sonderland • SHOWsutra Psychedelic Gipsy Cello Waltz INDIE BURLESQUE,Side A [15] Oh Martine • BOWsutra La Poesita Fado World Duende INDIE,Side A [12] Oh Martine • BOWsutra La Poesita Fado World Duende INDIE,Side A [13] Oh Martine • BOWsutra La Poesita Fado World Duende INDIE,[18] Letter to My Friend (Never Again) • Gipsy Peace Duende Soul Fusion INDIE LOFI,[15] Letter to My Friend (Never Again) - GROWsutra Tzigane Arabesk Soul Peace Fusion Gipsy INDIE,[08] Letter to My Friend (Never Again) - GROWsutra Tzigane Arabesk Soul Peace Fusion Gipsy INDIE,[12] Letter to My Friend (Never Again) - GROWsutra Tzigane Arabesk Soul Peace Fusion Gipsy INDIE,[01] Letter to My Friend (Never Again) - GROWsutra Tzigane Arabesk Soul Peace Fusion Gipsy INDIE,[02] La Force Douce - French GROWsutra Gipsy Flamenco Duende Chanson INDIE,[03] La Force Douce - French GROWsutra Gipsy Flamenco Duende Chanson INDIE,[04] The Love Of A Dove - GROWsutra Mama-b-c Peace Cello INDIE,Everybody Knows • FLOWsutra Freedom Magic Cello Prayer INDIE.wav,[14] L'Embobinage (d'après Carl Sagan) • French GROWsutra World Peace PsyAccordion POP BURLESQUE 3 INDIE,Just Waltz(be) • Jazzy Grinding Waltz • sutraFLOW (v5),Le P'tit Jupiter • sutraFRENCH • indieJAZZZ Piano LOFI Soul :)"
JAZZsutra,https://soundcloud.com/bananasutra/sets/jazzsutra,,"BLUES,BURLESQUE,DUB,FOLK,INDIE,JAZZ,LOFI",222,134600,1463,12:37:02,https://i1.sndcdn.com/artworks-DEjozORVmF41Cqui-3hQl1g-t500x500.jpg,https://i1.sndcdn.com/artworks-DEjozORVmF41Cqui-3hQl1g-t1080x1080.jpg,genre (all),,,"""[01] Win-Win After Midnight • FLOWsutra (Wet, My Friend) Tzigane LoFi Fusion JAZZ"",[06] The Great Naked King • SHOWsutra Psychedelick French Accordion Cello Tango JAZZ,[07] The Great Naked King • SHOWsutra Psychedelick French Accordion Cello Tango JAZZ,[04] The Great Naked King • SHOWsutra Psychedelick French Accordion Cello Tango JAZZ,""[02] So, What Is Racism • KNOWsutra Ethically Gipsy Fusion JAZZ"",""[03] So, What Is Racism • KNOWsutra Ethically Gipsy Fusion JAZZ"",[19] This Is My Quest • GROWsutra Ethically Psychedelic Gipsy JAZZ,[05] F*CK (Bo Burnham Gone Bananas) - COVERsutra Candid Piano JAZZ,[01] Kiss A Pulse • GLOWsutra (Lucille Clifton Poetry) Ethically Gipsy JAZZ,""[09] Hello, Oh No • GROWsutra Psychedelic Circus Indie Tango JAZZ"",[02] What Dissent Looks Like Now • BLOWsutra Post-Punk Trip Hop Lo-Fi Burlesque Piano JAZZ,[04] What Dissent Looks Like Now • BLOWsutra Post-Punk Piano Trip Hop Lo-Fi Burlesque JAZZ,[01] What Dissent Looks Like Now • BLOWsutra Post-Punk Piano Trip Hop Lo-Fi Burlesque JAZZ,""[03] Nice Work If You Can Get It - An American in Paris, Public Domain Lyrics - SHOWsutra Indie JAZZ"",Side A [02] Dare to Care (This Issue is Real) - BLOWsutra Revolt Now Dubby Bluesy Burlesque JAZZ,""[10] The Atheist Tango • GROWsutra (God, Etc) Gipsy Bass Piano Twirl Burlesque JAZZ"",""[09] The Atheist Tango • GROWsutra (God, Etc) Gipsy Cello Burlesque Tango JAZZ"",Side A [03] Universal Currency - DEFY EP Vol 2 - BLOWsutra Revolution Ring Psychedelic Piano Burlesque JAZZ,Side A [02] Optics of Cruelty - DEFY EP Vol 2 - BLOWsutra Revolution Ring Psychedelic Piano Burlesque JAZZ,""[05] It's an Ethical Paradox, an Oxymoron Maze • KNOWsutra (Bertrand Knows) Gipsy Burlesque Upright Bass Piano JAZZ"",""[07] It's an Ethical Paradox, an Oxymoron Maze • KNOWsutra (Bertrand Knows) Gipsy Burlesque Upright Bass JAZZ"",""[02] It's an Ethical Paradox, an Oxymoron Maze • KNOWsutra (Bertrand Knows) Gipsy Burlesque Upright Bass JAZZ"",""[01] It's an Ethical Paradox, an Oxymoron Maze • KNOWsutra (Bertrand Knows) Gipsy Burlesque Piano Bass JAZZ"",""[06] It's an Ethical Paradox, an Oxymoron Maze • KNOWsutra (Bertrand Knows) Gipsy Burlesque Piano Upright Bass JAZZ"",""[03] It's an Ethical Paradox, an Oxymoron Maze • KNOWsutra (Bertrand Knows) Gipsy Burlesque Upright Bass JAZZ"",""[06] Sing Your Own Gospel • GROWsutra (God, Etc.) Gipsy Bass JAZZ"",""[07] Sing Your Own Gospel • GROWsutra (God, Etc.) Gipsy Bass JAZZ"",""[04] Sing Your Own Gospel • GROWsutra (God, Etc.) Gipsy Piano JAZZ"",Side B [13] Donkeys Years • SHOWsutra Fanana Club Gipsy Piano Kitten Cabaret Burlesque JAZZ,[04] Peel Me Kindly • FLOWsutra Gone Banana Joke Gipsy JAZZ,[05] Peel Me Kindly • FLOWsutra Gone Banana Joke Gipsy JAZZ,[02] Peel Me Kindly • FLOWsutra Gone Banana Joke Gipsy JAZZ,[01] Peel Me Kindly • FLOWsutra Gone Banana Joke Gipsy JAZZ,""Side B [11] No Fear, My Dear • BLOWsutra Revolt Now Dubby Psychedelic Folky BLUES"",""Side A [07] No Fear, My Dear • BLOWsutra Revolt Now Dubby Bluesy Psychedelic Chanson Piano JAZZ"",""Side B [18] No Fear, My Dear • BLOWsutra Revolt Now Psychedelic Gipsy World Fusion Indie LOFI"",""Side B [15] No Fear, My Dear • BLOWsutra Revolt Now Psychedelic Gipsy World LoFi Folk Fusion INDIE"",""Side B [12] No Fear, My Dear • BLOWsutra Revolt Now Dubby Bluesy Jazzy Psychedelic Chanson Piano FOLK"",""Side A [10] No Fear, My Dear • BLOWsutra Revolt Now Dubby Psychedelic Chanson Bluesy JAZZ"",""Side A [05] No Fear, My Dear • BLOWsutra Revolt Now Bluesy Psychedelic Chanson Piano JAZZ"",""Side A [09] No Fear, My Dear • BLOWsutra Revolt Now Bluesy Psychedelic Chanson Piano JAZZ"",""Side A [02] No Fear, My Dear • BLOWsutra Revolt Now Bluesy Psychedelic Chanson Piano Bass JAZZ"",""Side A [01] No Fear, My Dear • BLOWsutra Revolt Now Bluesy Psychedelic Chanson Piano JAZZ"",""Side A [08] No Fear, My Dear • BLOWsutra Revolt Now Psychedelic Gipsy World LoFi Fusion Piano Indie JAZZ"",""Side A [03] No Fear, My Dear • BLOWsutra Revolt Now Bluesy Psychedelic Chanson Piano JAZZ"",Side B [04] EP Bertrand - The Conquest of Happiness - GROWsutra Indie Folk JAZZ,Side A [05] EP Bertrand - The Unhappiness Dance - GROWsutra Indie JAZZ,[05] Peace Matters More - GROWsutra Gipsy DUB JAZZ,[01] Ain't Doing Bad Doing Nothing ⭐︎ Public Domain Lyrics Fun ⭐︎ FLOWsutra Wet JAZZ,[07] Ain't Doing Bad Doing Nothing ⭐︎ Public Domain Lyrics Fun ⭐︎ FLOWsutra Wet JAZZ,Side A [08] Oh Martine • BOWsutra French Psychedelic Cello Indie JAZZ,Side A [07] Oh Martine • BOWsutra French Psychedelic Cello Indie JAZZ,""[14] So, What Is Racism? KNOWsutra Gipsy Dub JAZZ"",""[10] So, What Is Racism? KNOWsutra Gipsy Dub JAZZ"",""[08] So, What Is Racism? KNOWsutra Gipsy Dub JAZZ"",""[11] So, What Is Racism? KNOWsutra Gipsy Dub JAZZ"",""[09] So, What Is Racism? KNOWsutra Gipsy Dub JAZZ"",[04] Reason over Reverence (No Need for Gods) • Cello Bass JAZZsutra,[01] El Papito no es loco - Latin JAZZ,[02] Tune in the Tender • LOFI JAZZsutra,When We Duende 4 - SHOWsutra JAZZ DUB,[06] La Poesia Importa 2 (low) - Psy JAZZsutra,[03] Glitter and Guts - Arabesk Indie JAZZsutra,[06] I Wanted to Be the Poem - Bluesy Burlesque JAZZ,[01] Ego Ain't Your Amigo (Fasho at Marlago) - oh hi salty honey bluesy JAZZ tempo,[11] Mass Media Freakshow • PBgal psyBASS JAZZ,[0] How do kids learn • Destiny JAZZsutra (high),[3] MAHA • Make America Humane Again • Bass IBYN BURLESQUE JAZZsutra,aintdoingbaddoingnothing 💨,Woke-N-Whack-A-Musk ☆ BLUESsutra (1),Feeel The Rhythm (Tell the Truth),Let’s Do It • Public Domain Lyrics • JAZZsutra 1,Let’s Do It • Public Domain Lyrics • JAZZsutra 2,Let’s Do It • Public Domain Lyrics • JAZZsutra 3,Some Songs Are More JAZZ Than Others : JAZZsutra,Comme un canard #9,#2 Darling - JAZZsutra,She Wears the Words • JAZZsutra Mighty Poetry Minute,#2 Hard Core : Honey JAZZsutra,#1 Hard Core : Honey JAZZsutra,The Tyranny of Ignorance : BANJOsutra (Single Duck Release),Mind the Felon (one) • JAZZsutra,Mind the Felon (three) • JAZZsutra,""Le système, ça voulait dire… v3 • sutraFRENCH • Burlesque Ego JAZZZ Masquerade"",Some Truths are Harder to Swallow • LOFI Jazzz • sutraGROW,Kindness • Universal Jazz Cabaret of Blues Chanson • Bananasutra(GROW)"
JAZZsutra (Best Of),https://soundcloud.com/bananasutra/sets/jazzsutra-best-of,,,35,77269,869,2:03:43,https://i1.sndcdn.com/artworks-cAdyXVEMk1Mz51KL-IBblxw-t500x500.jpg,https://i1.sndcdn.com/artworks-cAdyXVEMk1Mz51KL-IBblxw-t1080x1080.jpg,genre (best of),checked,G-00-JAZZ,"[07] The Great Naked King • SHOWsutra Psychedelick French Accordion Cello Tango JAZZ,[04] The Great Naked King • SHOWsutra Psychedelick French Accordion Cello Tango JAZZ,""[02] So, What Is Racism • KNOWsutra Ethically Gipsy Fusion JAZZ"",[19] This Is My Quest • GROWsutra Ethically Psychedelic Gipsy JAZZ,[05] F*CK (Bo Burnham Gone Bananas) - COVERsutra Candid Piano JAZZ,""[09] Hello, Oh No • GROWsutra Psychedelic Circus Indie Tango JAZZ"",[02] What Dissent Looks Like Now • BLOWsutra Post-Punk Trip Hop Lo-Fi Burlesque Piano JAZZ,[04] What Dissent Looks Like Now • BLOWsutra Post-Punk Piano Trip Hop Lo-Fi Burlesque JAZZ,[01] What Dissent Looks Like Now • BLOWsutra Post-Punk Piano Trip Hop Lo-Fi Burlesque JAZZ,""[03] Nice Work If You Can Get It - An American in Paris, Public Domain Lyrics - SHOWsutra Indie JAZZ"",Side A [02] Dare to Care (This Issue is Real) - BLOWsutra Revolt Now Dubby Bluesy Burlesque JAZZ,""[09] The Atheist Tango • GROWsutra (God, Etc) Gipsy Cello Burlesque Tango JAZZ"",Side A [03] Universal Currency - DEFY EP Vol 2 - BLOWsutra Revolution Ring Psychedelic Piano Burlesque JAZZ,Side A [02] Optics of Cruelty - DEFY EP Vol 2 - BLOWsutra Revolution Ring Psychedelic Piano Burlesque JAZZ,""[05] It's an Ethical Paradox, an Oxymoron Maze • KNOWsutra (Bertrand Knows) Gipsy Burlesque Upright Bass Piano JAZZ"",""[07] It's an Ethical Paradox, an Oxymoron Maze • KNOWsutra (Bertrand Knows) Gipsy Burlesque Upright Bass JAZZ"",""[02] It's an Ethical Paradox, an Oxymoron Maze • KNOWsutra (Bertrand Knows) Gipsy Burlesque Upright Bass JAZZ"",""[01] It's an Ethical Paradox, an Oxymoron Maze • KNOWsutra (Bertrand Knows) Gipsy Burlesque Piano Bass JAZZ"",""[06] It's an Ethical Paradox, an Oxymoron Maze • KNOWsutra (Bertrand Knows) Gipsy Burlesque Piano Upright Bass JAZZ"",""[06] Sing Your Own Gospel • GROWsutra (God, Etc.) Gipsy Bass JAZZ"",""[04] Sing Your Own Gospel • GROWsutra (God, Etc.) Gipsy Piano JAZZ"",[02] Peel Me Kindly • FLOWsutra Gone Banana Joke Gipsy JAZZ,""Side A [05] No Fear, My Dear • BLOWsutra Revolt Now Bluesy Psychedelic Chanson Piano JAZZ"",[05] Peace Matters More - GROWsutra Gipsy DUB JAZZ,[02] Everybody Knows • KNOWsutra Burlesque Trip Hop Indie Dub Piano BLUES,[31] Letter to My Friend (Never Again) • GROWsutra She Wanna Know PsyBass Circus JAZZ,""[14] So, What Is Racism? KNOWsutra Gipsy Dub JAZZ"",""[10] So, What Is Racism? KNOWsutra Gipsy Dub JAZZ"",""[08] So, What Is Racism? KNOWsutra Gipsy Dub JAZZ"",""[11] So, What Is Racism? KNOWsutra Gipsy Dub JAZZ"",""[09] So, What Is Racism? KNOWsutra Gipsy Dub JAZZ"",[01] Male Fantasies • Minimal Vocal JAZZsutra,#1 Hard Core : Honey JAZZsutra,#3 The Quest of an Unyielding Star (v2) • Jacques Brel Remake • Bananasutra Jazz,Kindness • Universal Jazz Cabaret of Blues Chanson • Bananasutra(GROW)"
KNOWsutra : (naked) TRUTH,https://soundcloud.com/bananasutra/sets/knowsura-naked-truth,KNOWsutra,"BLUES,BURLESQUE,DUB,INDIE,LOFI",20,19154,367,1:10:17,https://i1.sndcdn.com/artworks-f66ByNzPT9uoPEaI-NO5RcQ-t500x500.jpg,https://i1.sndcdn.com/artworks-f66ByNzPT9uoPEaI-NO5RcQ-t1080x1080.jpg,sutra,checked,G-01-TRUT,"[04] We Live Not By Lies - GROWsutra Psychedelic Piano Cello INDIE,[02] Everybody Knows • KNOWsutra Burlesque Trip Hop Indie Dub Piano BLUES,[08] Tell The Truth • KNOWsutra True BLUES Cover,Everybody Knows • FLOWsutra Freedom Magic Cello Prayer INDIE.wav,[02] Joseph Campbell - Hold the Sacred - KNOWsutra Chillhop Piano Psy-LOFI,[8] How do kids learn • DRUM FOLKsutra,[0] How do kids learn • Destiny JAZZsutra (high),Feeel The Rhythm (Tell the Truth),Tell the Truth : BANJOsutra,She Wears the Words • JAZZsutra Mighty Poetry Minute,#4 Hard Core : Burlesque Honeysutra,#2 Hard Core : Honey JAZZsutra,#1 Hard Core : Honey JAZZsutra"
KNOWsutra : BERTRAND (mon chéri),https://soundcloud.com/bananasutra/sets/knowsutra-bertrand-mon-cheri,KNOWsutra,"BANJO,BLUES,BURLESQUE,DUB,FOLK,INDIE,JAZZ,LOFI",15,20718,269,51:39,https://i1.sndcdn.com/artworks-oJ9Fh72QQzfgiRgF-mSFydg-t500x500.jpg,https://i1.sndcdn.com/artworks-oJ9Fh72QQzfgiRgF-mSFydg-t1080x1080.jpg,sutra,checked,G-01-BERT,"""[02] It's an Ethical Paradox, an Oxymoron Maze • KNOWsutra (Bertrand Knows) Gipsy Burlesque Upright Bass JAZZ"",""[01] It's an Ethical Paradox, an Oxymoron Maze • KNOWsutra (Bertrand Knows) Gipsy Burlesque Piano Bass JAZZ"",""[06] It's an Ethical Paradox, an Oxymoron Maze • KNOWsutra (Bertrand Knows) Gipsy Burlesque Piano Upright Bass JAZZ"",""[07] Two Things, Darling • KNOWsutra Bertrand (Knows) La Poesita Gipsy Flamenco Dub INDIE"",Side A [03] EP Bertrand - The Unhappiness Dance - GROWsutra Jazzy Indie FOLK,Side B [05] EP Bertrand - The Conquest of Happiness - GROWsutra Sweet Waltz BURLESQUE,Side A [01] EP Bertrand - The Unhappiness Dance - GROWsutra Jazzy BURLESQUE,[01] Reason over Reverence (No Need for Gods) • Banjo Blues FOLKsutra,[04] Reason over Reverence - They said bow down but we rise 2 - DUBsutra,[01] Question Di Kingdom - Dub's the Path (Truth is the riddim) - Ragga DUBsutra,[3] Question Di Kingdom (2) • RAGGAsutra"
KNOWsutra : PEACE (not War),https://soundcloud.com/bananasutra/sets/knowsutra-peace-not-war,KNOWsutra,"BANJO,BLUES,BURLESQUE,DUB,FOLK,INDIE,JAZZ,LOFI,MANTRA",36,44195,448,2:08:12,https://i1.sndcdn.com/artworks-4w582El0x5oIrs8P-HzEPOQ-t500x500.jpg,https://i1.sndcdn.com/artworks-4w582El0x5oIrs8P-HzEPOQ-t1080x1080.jpg,sutra,checked,G-01-PEAC,"[02] Foolish Goldfish (Forever) • KNOWsutra Peace (Not War) La Poesita Psychedelic Cello Dub INDIE,[05] Foolish Goldfish (Forever) • KNOWsutra Peace (Not War) Psychedelic Poetry Dubs The Bridge DUB,[01] Foolish Goldfish (Forever) • KNOWsutra Peace (Not War) Mama-b-c Psychedelic Cello Dream INDIE,[01] Trauma Begets Trauma • KNOWsutra Whimsical Gipsy Peace Kitten Dream Piano INDIE,[05] Peace Matters More - GROWsutra Gipsy DUB JAZZ,[02] Peace Matters More - GROWsutra Gipsy Burlesque INDIE,[23] Letter to My Friend (Never Again) • Gipsy Peace Duende Soul Fusion INDIE LOFI,[39] Letter to My Friend (Never Again) • GROWsutra PsyDestiny Banjo BLUES,[19] Letter to My Friend (Never Again) • Gipsy Peace Duende Soul Fusion INDIE LOFI,[27] Letter to My Friend (Never Again) • GROWsutra Jazzy Hop Storyteller LOFI 02,[31] Letter to My Friend (Never Again) • GROWsutra She Wanna Know PsyBass Circus JAZZ,[21] Letter to My Friend (Never Again) • Gipsy Peace Duende Soul Fusion INDIE LOFI,[18] Letter to My Friend (Never Again) • Gipsy Peace Duende Soul Fusion INDIE LOFI,[15] Letter to My Friend (Never Again) - GROWsutra Tzigane Arabesk Soul Peace Fusion Gipsy INDIE,[08] Letter to My Friend (Never Again) - GROWsutra Tzigane Arabesk Soul Peace Fusion Gipsy INDIE,[12] Letter to My Friend (Never Again) - GROWsutra Tzigane Arabesk Soul Peace Fusion Gipsy INDIE,[17] Letter to My Friend (Never Again) • Gipsy Peace Duende Soul Fusion INDIE LOFI,[01] Letter to My Friend (Never Again) - GROWsutra Tzigane Arabesk Soul Peace Fusion Gipsy INDIE,[16] The Love Of A Dove - GROWsutra Dem Sed Psychedelic Ragga DUB,[08] The Love Of A Dove - GROWsutra Only The Brave PsyBluegrass Dubby BLUES,[02] The Love Of A Dove - GROWsutra Duende Amoris Fado Fiddle INDIE,[14] The Love Of A Dove - GROWsutra Feel Di Riddim Psychedelic Ragga DUB,[09] The Love Of A Dove - GROWsutra Queen of Authentic Dubby Psychedelic BLUES,[11] The Love Of A Dove - GROWsutra Psychedelic Destiny BLUES,[11] Cassandra's Lullaby • Jewish Drum Indie Jazz MANTRA,[06] Cassandra's Lullaby • Jewish World INDIE FOLK,[03] Cassandra's Lullaby • World Reckoning INDIE FOLK,Predators (why Kids Are Allowed To Die) • CELLOsutra,Predators (always Inspired) 5,Predators (always Inspired) 4"
KNOWsutra : but(t) WHY,https://soundcloud.com/bananasutra/sets/knowsutra-but-t-why,KNOWsutra,"BANJO,BLUES,BURLESQUE,DUB,FOLK,INDIE,JAZZ,LOFI,ROCK",24,18400,199,1:21:20,https://i1.sndcdn.com/artworks-ZPm3MIrvf9zymSnp-CfTzsw-t500x500.jpg,https://i1.sndcdn.com/artworks-ZPm3MIrvf9zymSnp-CfTzsw-t1080x1080.jpg,sutra,checked,G-01-WHY,"""[17] So, What Is Racism? KNOWsutra Banjo Booya Folk Banjo Harmonica BLUES"",""[14] So, What Is Racism? KNOWsutra Gipsy Dub JAZZ"",""[10] So, What Is Racism? KNOWsutra Gipsy Dub JAZZ"",""[08] So, What Is Racism? KNOWsutra Gipsy Dub JAZZ"",""[01] So, What Is Racism? KNOWsutra She Wanna Know Jazzy LoFi DUB"",""[11] So, What Is Racism? KNOWsutra Gipsy Dub JAZZ"",""[03] So, What Is Racism? KNOWsutra Rebound & Rise Jazzy Ragga DUB"",""[09] So, What Is Racism? KNOWsutra Gipsy Dub JAZZ"",[14] Men-Oh-Pause • GROWsutra I Burlesque You Not Psychedelic Punk ROCK"
KNOWsutra where questions matter,https://soundcloud.com/bananasutra/sets/sutraknow,KNOWsutra,"BANJO,BLUES,BURLESQUE,DUB,FOLK,INDIE,JAZZ,LOFI,MANTRA,ROCK",363,177693,1842,20:50:17,https://i1.sndcdn.com/artworks-anGiB4MZUOqXnHRN-rokGAw-t500x500.jpg,https://i1.sndcdn.com/artworks-anGiB4MZUOqXnHRN-rokGAw-t1080x1080.jpg,sutra (all),,,"[24] The Sound Of Logic • KNOWsutra Psychedelick Bass Motorik INDIE,[19] The Sound Of Logic • KNOWsutra Psychedelick Storyteller Dub LOFI,[21] The Sound Of Logic • KNOWsutra Psychedelick Da-Da-Dee Motorik INDIE,[14] The Sound Of Logic • KNOWsutra Psychedelick Storyteller LoFi DUB,[16] The Sound Of Logic • KNOWsutra Psychedelick Storyteller Dub LOFI,[02] The Sound Of Logic • KNOWsutra Psychedelick Hop Bruh LoFi DUB,[06] The Sound Of Logic • KNOWsutra Psychedelick Flamenco Ragga DUB,[04] The Sound Of Logic • KNOWsutra Psychedelick Hop Bruh LoFi DUB,""[04] So, What Is Racism • KNOWsutra Ethically Gipsy Fusion LOFI"",""[02] So, What Is Racism • KNOWsutra Ethically Gipsy Fusion JAZZ"",""[03] So, What Is Racism • KNOWsutra Ethically Gipsy Fusion JAZZ"",""[07] So, What Is Racism • KNOWsutra Ethically Gipsy Fusion LOFI"",""[05] It's an Ethical Paradox, an Oxymoron Maze • KNOWsutra (Bertrand Knows) Gipsy Burlesque Upright Bass Piano JAZZ"",""[14] It's an Ethical Paradox, an Oxymoron Maze • KNOWsutra (Bertrand Knows) Gipsy Burlesque Jazz Cello LOFI"",""[13] It's an Ethical Paradox, an Oxymoron Maze • KNOWsutra (Bertrand Knows) Gipsy Burlesque Jazz Cello Trip Hop LOFI"",""[07] It's an Ethical Paradox, an Oxymoron Maze • KNOWsutra (Bertrand Knows) Gipsy Burlesque Upright Bass JAZZ"",""[02] It's an Ethical Paradox, an Oxymoron Maze • KNOWsutra (Bertrand Knows) Gipsy Burlesque Upright Bass JAZZ"",""[01] It's an Ethical Paradox, an Oxymoron Maze • KNOWsutra (Bertrand Knows) Gipsy Burlesque Piano Bass JAZZ"",""[15] It's an Ethical Paradox, an Oxymoron Maze • KNOWsutra (Bertrand Knows) Gipsy Burlesque Jazz Cello DUB"",""[06] It's an Ethical Paradox, an Oxymoron Maze • KNOWsutra (Bertrand Knows) Gipsy Burlesque Piano Upright Bass JAZZ"",""[03] It's an Ethical Paradox, an Oxymoron Maze • KNOWsutra (Bertrand Knows) Gipsy Burlesque Upright Bass JAZZ"",""[11] Two Things, Darling • KNOWsutra Bertrand (Knows) Psychedelic Destiny Banjo BLUES"",""[08] Two Things, Darling • KNOWsutra Bertrand (Knows) Existential Poetry Mama DUB"",""[07] Two Things, Darling • KNOWsutra Bertrand (Knows) La Poesita Gipsy Flamenco Dub INDIE"",""[05] Two Things, Darling • KNOWsutra Bertrand (Knows) La Poesita Gipsy Flamenco Dub INDIE"",""[09] Two Things, Darling • KNOWsutra Bertrand (Knows) Psychedelic Destiny Banjo BLUES"",[04] The Fire We Share • There's No Prayer Like Desire • KNOWsutra But(t) Why Accordion Chanson BURLESQUE,[01] Not Who Powers • There's No Prayer Like Desire • KNOWsutra But(t) Why Banjo Destiny BLUES,[02] Kids Are Asking - KNOWsutra But(t) Why Acoustic Trip Hop LoFi JAZZ,[05] All I Know - Shades of Fools • KNOWsutra Destiny BLUES,[03] Trauma Begets Trauma • KNOWsutra Whimsical Gipsy Peace Kitten Dream Piano INDIE,[04] Trauma Begets Trauma • KNOWsutra Whimsical Gipsy Peace Kitten Dream Piano INDIE,[01] Trauma Begets Trauma • KNOWsutra Whimsical Gipsy Peace Kitten Dream Piano INDIE,[02] Everybody Knows • KNOWsutra Burlesque Trip Hop Indie Dub Piano BLUES,[05] Everybody Knows • KNOWsutra Psychedelic Trip Hop Cello Waltz INDIE,[04] Everybody Knows • KNOWsutra Burlesque Trip Hop Piano Jazz INDIE,[01] Everybody Knows • KNOWsutra Burlesque Trip Hop Indie Piano BLUES,[08] Tell The Truth • KNOWsutra True BLUES Cover,[02] Tell The Truth • KNOWsutra Bluesy ROCK Cover,[06] Tell The Truth • KNOWsutra Cello BLUES Cover,[32] Letter to My Friend (Never Again) • GROWsutra She Wanna Know PsyBass Circus JAZZ,[23] Letter to My Friend (Never Again) • Gipsy Peace Duende Soul Fusion INDIE LOFI,[39] Letter to My Friend (Never Again) • GROWsutra PsyDestiny Banjo BLUES,[19] Letter to My Friend (Never Again) • Gipsy Peace Duende Soul Fusion INDIE LOFI,[27] Letter to My Friend (Never Again) • GROWsutra Jazzy Hop Storyteller LOFI 02,[31] Letter to My Friend (Never Again) • GROWsutra She Wanna Know PsyBass Circus JAZZ,[21] Letter to My Friend (Never Again) • Gipsy Peace Duende Soul Fusion INDIE LOFI,[18] Letter to My Friend (Never Again) • Gipsy Peace Duende Soul Fusion INDIE LOFI,[15] Letter to My Friend (Never Again) - GROWsutra Tzigane Arabesk Soul Peace Fusion Gipsy INDIE,[28] Letter to My Friend (Never Again) • GROWsutra Jazzy Hop Storyteller LOFI 03,[08] Letter to My Friend (Never Again) - GROWsutra Tzigane Arabesk Soul Peace Fusion Gipsy INDIE,[26] Letter to My Friend (Never Again) • Gipsy Peace Duende Soul Fusion INDIE LOFI,[12] Letter to My Friend (Never Again) - GROWsutra Tzigane Arabesk Soul Peace Fusion Gipsy INDIE,[17] Letter to My Friend (Never Again) • Gipsy Peace Duende Soul Fusion INDIE LOFI,[01] Letter to My Friend (Never Again) - GROWsutra Tzigane Arabesk Soul Peace Fusion Gipsy INDIE,""[17] So, What Is Racism? KNOWsutra Banjo Booya Folk Banjo Harmonica BLUES"",""[14] So, What Is Racism? KNOWsutra Gipsy Dub JAZZ"",""[10] So, What Is Racism? KNOWsutra Gipsy Dub JAZZ"",""[08] So, What Is Racism? KNOWsutra Gipsy Dub JAZZ"",""[01] So, What Is Racism? KNOWsutra She Wanna Know Jazzy LoFi DUB"",""[11] So, What Is Racism? KNOWsutra Gipsy Dub JAZZ"",""[03] So, What Is Racism? KNOWsutra Rebound & Rise Jazzy Ragga DUB"",""[09] So, What Is Racism? KNOWsutra Gipsy Dub JAZZ"",[13] Men-Oh-Pause • GROWsutra Accordion Circus BURLESQUE,[14] Men-Oh-Pause • GROWsutra I Burlesque You Not Psychedelic Punk ROCK,[05] Men-Oh-Pause • GROWsutra She Wanna Know Fusion Jazz CelLOFI INDIE,[08] Men-Oh-Pause • GROWsutra Dem Sed Ragga DUB,[04] Men-Oh-Pause • GROWsutra She Wanna Know Fusion Jazz CelLOFI INDIE,[12] Men-Oh-Pause • GROWsutra Accordion Circus BURLESQUE,[13] They Muddy the Water • Nietzsche's Gift • KNOWsutra Drum LOFI,[04] All Lame-Isms (oh boy) 1 - BLOWsutra BURLESQUE,[11] How Do Kids Learn KNOWsutra Gipsy Fado Flamenco Techno Arabesk WORLD 11,""[12] No, I'm Not Being Political • KNOWsutra DUB"",""[04] No, I'm Not Being Political • KNOWsutra Dubby Tzigane FOLK"",[01] BANANA ALLELUIA — KNOWsutra Folk Waltz Ballad BURLESQUE,[11] Cassandra's Lullaby • Jewish Drum Indie Jazz MANTRA,[06] Cassandra's Lullaby • Jewish World INDIE FOLK,[03] Cassandra's Lullaby • World Reckoning INDIE FOLK,[15] Queer Almighty - Drum Mantra DUBsutra,[04] Reason over Reverence - They said bow down but we rise 2 - DUBsutra,[01] Question Di Kingdom - Dub's the Path (Truth is the riddim) - Ragga DUBsutra,[02] Question Di Kingdom - Dub's the Path (Truth is the riddim) - DUBsutra,[02] A Man's a Man and A' That - VOL. 02 - A Spin on Robert Burns' Revolutionary Song - Capela MANTRA LOFI,[8] How do kids learn • DRUM FOLKsutra,[0] How do kids learn • Destiny JAZZsutra (high),[2] stymy stymy yuck • muse DUB,[3] Question Di Kingdom (2) • RAGGAsutra,[4] Question Di Kingdom (1) • RAGGAsutrawav,[8] Reason fi di win • RAGGAsutra,[5] Dubbin' for Freedom • DUBsutra,""Pro-Life Means What, Honey • Jazzy Mantra DUBsutra (2)"",ABC Of Kindness - A Is For Always Speak From Your Heart - DUBsutra (1),Kindness - JAZZsutra,""En Vrai, On Est Tous Frères • LOFI BLUES FRENCHsutra"",Feeel The Rhythm (Tell the Truth),Double (decking) Standards VOL. 1 • DUBsutra,Poetry Matters • LOFI DUBsutra,i did the math and everything is stupid • DRUMsutra.wav,Tell the Truth : BANJOsutra,Seminal Bollocks  • DUBsutra,""New Normalcy, Space Oddity ☰ BANJOsutra"",""New Normalcy, Space Oddity ☰ DUBsutra"",#5 Hard Core : Honey BLUESutra,#4 Hard Core : Burlesque Honeysutra,#2 Hard Core : Honey JAZZsutra,#1 Hard Core : Honey JAZZsutra,""Le système, ça voulait dire… v2 • sutraFRENCH • Burlesque Ego Accordion Cabaret"",""Le système, ça voulait dire… v3 • sutraFRENCH • Burlesque Ego JAZZZ Masquerade"",""Genius, You See V.1 • Indie Jazz Folk Lullaby  • sutraKNOW inspired by Albert Einstein"",Nietzsche’s Gift V.3 • LOFI Jazzz • sutraKNOW"
LOFIsutra,https://soundcloud.com/bananasutra/sets/lofisutra,,"BANJO,BLUES,BURLESQUE,DUB,FOLK,INDIE,JAZZ,LOFI,MANTRA,ROCK",287,168219,1573,14:47:29,https://i1.sndcdn.com/artworks-03WTBGq1a0FSjyzn-WEwcRg-t500x500.jpg,https://i1.sndcdn.com/artworks-03WTBGq1a0FSjyzn-WEwcRg-t1080x1080.jpg,genre (all),,,"""[06] We're Tiny Specks, Right • BOWsutra (Cosmic Banana) Psychedelick Indie Cello LOFI"",""[03] We're Tiny Specks, Right • BOWsutra (Cosmic Banana) Psychedelick Indie Hop Hop LOFI"",[29] The Great Naked King • SHOWsutra Psychedelick Hillbilly Hop Pop Blues Banjo LOFI,[19] The Great Naked King • SHOWsutra Psychedelick Gipsy Hip Hop Jazz LOFI,[26] The Great Naked King • SHOWsutra Psychedelick Hillbilly Hop Pop Indie Blues Banjo LOFI,[22] The Great Naked King • SHOWsutra Psychedelick Hop Pop Piano Jazz LOFI,""[04] So, What Is Racism • KNOWsutra Ethically Gipsy Fusion LOFI"",""[07] So, What Is Racism • KNOWsutra Ethically Gipsy Fusion LOFI"",[03] Zero Sum • GROWsutra Hypnotic Post-Punk Motorik Fusion LOFI,[06] Zero Sum • GROWsutra Psychedelick Gipsy Hop Fusion LOFI,[01] Zero Sum • GROWsutra Hypnotic Post-Punk Motorik Fusion LOFI,[09] Curious Like A Kiss • FLOWsutra Cheeky Duende Arabesk Dub LOFI,[07] Curious Like A Kiss • FLOWsutra Cheeky Duende Gipsy Fusion LOFI,[10] Curious Like A Kiss • FLOWsutra Cheeky Duende Arabesk Dub LOFI,[05] But(t) How Can You GROWsutra F-Bomb Psychedelic Hip Hop LOFI,[11] Spit Back The Lies • BLOWsutra (Revolution Ring) Indie Gipsy Hip Hop Fusion LOFI,[13] Spit Back The Lies • BLOWsutra (Revolution Ring) Psychedelic Bruh Hip Hop Dub LOFI,[03] Kiss A Pulse • GLOWsutra (Lucille Clifton Poetry) Indie Gipsy Fusion LOFI,""[07] Hello, Oh No • GROWsutra Psychedelic Gipsy Fusion LOFI"",[04] One Percent Rising • GROWsutra (Dare to Care) Psychedelic Indie Gipsy Hip Hop Fusion LOFI,[13] Ego Ain't Your Amigo • BLOWsutra (Ego Gone Loco) Psychedelic Cello Burlesque Jazz LOFI,[15] Ego Ain't Your Amigo • BLOWsutra (Ego Gone Loco) Psychedelic Gipsy Indie Jazz Fusion LOFI,[06] Question The Nation • BLOWsutra (Revolt Now) Gipsy Indie Trip Hop(e) Dub LOFI,[09] Question The Nation • BLOWsutra (Revolt Now) SWK Dubby Raw Acoustic Bass Jazz LOFI,Side B [03] MAMA-B-C (Make America Mine Achtung) • BLOWsutra Trip Hop Smooth LOFI,[01] MAHA (Make America Humane Again) • Vol. 2 • BLOWsutra Gipsy Trip Hop Blues LOFI,[06] MAHA (Make America Humane Again) • Vol. 2 • BLOWsutra Gipsy Bass Trip Drum Hop Blues LOFI,[04] MAHA (Make America Humane Again) • Vol. 2 • BLOWsutra Gipsy LoFi Trip Hip Blop LOFI,[11] What Dissent Looks Like Now • BLOWsutra Psychedelic Hip Hop BRUH Cabaret Rap LOFI,Side A [01] If We Had But(t) The Truth • BLOWsutra (Censored) Jazzy Psychedelic Hip Trip Hop LOFI,Side A [03] If We Had But(t) The Truth • BLOWsutra (Censored) Jazzy Psychedelic Hip Trip Scratch Hop LOFI,[04] Rainbows in the Clouds • GLOWsutra Gipsy Jazz Conscious Fusion LOFI,[02] Rainbows in the Clouds • GLOWsutra Gipsy Jazz Conscious Fusion LOFI,[05] Rainbows in the Clouds • GLOWsutra Gipsy Jazz Conscious Fusion LOFI,""[01] The Atheist Tango • GROWsutra (God, Etc) Conscious Gipsy Burlesque Fusion LOFI"",""[02] The Atheist Tango • GROWsutra (God, Etc) Conscious Gipsy Burlesque Fusion LOFI"",""[03] The Atheist Tango • GROWsutra (God, Etc) Conscious Gipsy Burlesque Fusion LOFI"",""[04] The Atheist Tango • GROWsutra (God, Etc) Conscious Gipsy Burlesque Fusion LOFI"",""[05] The Atheist Tango • GROWsutra (God, Etc) Conscious Gipsy Burlesque Fusion LOFI"",Side B [01] Shameless - DEFY EP Vol 2 - BLOWsutra Revolution Ring Psychedelic Trip Hop(e) LOFI,""[14] It's an Ethical Paradox, an Oxymoron Maze • KNOWsutra (Bertrand Knows) Gipsy Burlesque Jazz Cello LOFI"",""[13] It's an Ethical Paradox, an Oxymoron Maze • KNOWsutra (Bertrand Knows) Gipsy Burlesque Jazz Cello Trip Hop LOFI"",[01] Awe Is Mighty (Maybe Even Holy) - GLOWsutra Conscious Indie trip Hop(e) Blues Lullaby LOFI,""[07] Seminal Bollocks - GROWsutra (God, Etc) Gipsy Trip BRUH Hop LOFI"",""[06] Seminal Bollocks - GROWsutra (God, Etc) Psychedelic Tzigane Fusion Folk LOFI"",Side A [06] Donkeys Years • SHOWsutra Fanana Club Gipsy Cabaret Indie LOFI,Side A [09] Donkeys Years • SHOWsutra Fanana Club Gipsy Cabaret Indie Cello LOFI,""[02] They Call It Freedom (Oh Hi, Sweet Honey Bun) • BLOWsutra (Revolt Now) Psychedelic Gipsy Dadadam Indie LOFI"",""[06] They Call It Freedom (Oh Hi, Sweet Honey Bun) • BLOWsutra (Revolt Now) Psychedelic Gipsy Cello Trip Hip Hop Indie LOFI"",[02] Kids Are Asking - KNOWsutra But(t) Why Acoustic Trip Hop LoFi JAZZ,[07] Why We Can't Be Brave - GROWsutra (Censored) Psychedelic Hip Hop Cello Indie Dub Fusion LOFI,[08] Why We Can't Be Brave - GROWsutra (Censored) Psychedelic Hip Hop Cello Indie Dub Fusion LOFI,""Side B [18] No Fear, My Dear • BLOWsutra Revolt Now Psychedelic Gipsy World Fusion Indie LOFI"",[08] Foolish Goldfish (Forever) • KNOWsutra Peace (Not War) Psychedelic Tzigane Soul Fusion LOFI,[07] Foolish Goldfish (Forever) • KNOWsutra Peace (Not War) Psychedelic Tzigane Soul Fusion LOFI,[02] Synthema Sutras - SHOWsutra Banana Tzigane Conscious Soul Fusion Indie LOFI,""[12] Hey, Creeps • BLOWsutra Ego Gone Loco Tzigane Fusion LOFI"",""[02] Hey, Creeps • BLOWsutra Ego Gone à la Psychedelic Gipsy Grouchy Cosmic Punk LOFI"",""[01] Hey, Creeps • BLOWsutra Ego Gone à la Psychedelic Gipsy Bonobo Cosmic Punk LOFI"",""[05] Hey, Creeps • BLOWsutra Ego Gone Bamboozlers Indie CelLOFI"",""[13] Hey, Creeps • BLOWsutra Ego Gone Psychedelic Hip Hop Storyteller LOFI"",[06] Shady Fools (Oh Can’t You See?) • BLOWsutra Arabesk Fado Hip Hop LOFI,[07] We Live Not By Lies - GROWsutra Tzigane Arabesk Fusion Indie LOFI,Side A [03] Secondhand Smoke • BLOWsutra Ego Gone Loco Gipsy Indie Trip Hop LOFI,Side A [01] Secondhand Smoke • BLOWsutra Ego Gone Loco Gipsy Indie Trip Hop LOFI,[01] The Echo Song - Vladimir Vysotsky Cover - Russian BLOWsutra Gipsy Arabesk World Peace Indie Trip Pop LOFI,Side B [02] CREEPYPASTA • SHOWsutra Trip Storyteller LOFI,Side B [01] CREEPYPASTA • SHOWsutra Trip Storyteller LOFI,""[08] Hi, My Name Is (Not Céline Dion) - SHOWsutra Gipsy Fusion Trip Hop World LOFI"",""[02] Hi, My Name Is (Not Céline Dion) - SHOWsutra Gipsy Fusion Trip Hop World LOFI"",[32] Letter to My Friend (Never Again) • GROWsutra She Wanna Know PsyBass Circus JAZZ,[06] La Force Douce - French GROWsutra Tzigane Peace Soul Fusion LoFi INDIE,[02] L'Embobinage (d'après Carl Sagan) • French GROWsutra World Peace CelLOFI,[05] L'Embobinage (d'après Carl Sagan) • French GROWsutra World Peace Tzigane Fusion INDIE,[01] L'Embobinage (d'après Carl Sagan) • French GROWsutra World Peace CelLOFI,[01] RhinoceroSS - BLOWsutra She Wanna Know Indie LOFI,[04] Who's Your Vladdy • BLOWsutra Psychedelic World Soul FUSION,[13] They Muddy the Water • Nietzsche's Gift • KNOWsutra Drum LOFI,[06] All Lame-Isms (Queen of Authentic) - BLOWsutra FOLK,[02] Joseph Campbell - Hold the Sacred - KNOWsutra Chillhop Piano Psy-LOFI,[10] PEDO Nation • Cello Trip Hop LOFI,[04] Ordo Amoris In Decay - Indie LOFIsutra,[02] Sideration's Calling • White House's Burning • Jazzy LOFI DUBsutra,[05] Glitter and Guts - Bass Revolution LOFIsutra,""[04] Okey Dokey, No It's Not • Jazzy LOFIsutra"",""[03] Okey Dokey, No It's Not • Indie LOFIsutra"",""[02] Okey Dokey, No It's Not • Indie LOFIsutra"",""[05] Okey Dokey, No It's Not • Jazzy LOFIsutra"",[01] Because the Light (wontdietonight) ⭐︎ Breathy LOFIsutra,[02] A Man's a Man and A' That - VOL. 02 - A Spin on Robert Burns' Revolutionary Song - Capela MANTRA LOFI,[4] Shush the Bull Bro (Please) • DUBsutra,[5] stymy stymy yuck • Arabesk DUB,[2] Make your Own Bible - pbgal Burlesque LOFI,""En Vrai, On Est Tous Frères • LOFI BLUES FRENCHsutra"",Poetry Matters • LOFI DUBsutra,Predators (why Kids Are Allowed To Die) • CELLOsutra,Predators (always Inspired) 5,Le Poids de l'Ego v1 • sutraFRENCH • Burlesque Ego Dub Cabaret,Nietzsche’s Gift V.3 • LOFI Jazzz • sutraKNOW"
LOFIsutra (Best Of),https://soundcloud.com/bananasutra/sets/lofisutra-best-of,,,47,99977,907,2:24:07,https://i1.sndcdn.com/artworks-XV1yrYzFlhLY4GGz-vazYKA-t500x500.jpg,https://i1.sndcdn.com/artworks-XV1yrYzFlhLY4GGz-vazYKA-t1080x1080.jpg,genre (best of),checked,G-00-LOFI,"[19] The Sound Of Logic • KNOWsutra Psychedelick Storyteller Dub LOFI,[16] The Sound Of Logic • KNOWsutra Psychedelick Storyteller Dub LOFI,[29] The Great Naked King • SHOWsutra Psychedelick Hillbilly Hop Pop Blues Banjo LOFI,[22] The Great Naked King • SHOWsutra Psychedelick Hop Pop Piano Jazz LOFI,""[07] So, What Is Racism • KNOWsutra Ethically Gipsy Fusion LOFI"",[06] Zero Sum • GROWsutra Psychedelick Gipsy Hop Fusion LOFI,[09] Curious Like A Kiss • FLOWsutra Cheeky Duende Arabesk Dub LOFI,[10] Curious Like A Kiss • FLOWsutra Cheeky Duende Arabesk Dub LOFI,[05] But(t) How Can You GROWsutra F-Bomb Psychedelic Hip Hop LOFI,[11] Spit Back The Lies • BLOWsutra (Revolution Ring) Indie Gipsy Hip Hop Fusion LOFI,[13] Spit Back The Lies • BLOWsutra (Revolution Ring) Psychedelic Bruh Hip Hop Dub LOFI,""[07] Hello, Oh No • GROWsutra Psychedelic Gipsy Fusion LOFI"",[13] Ego Ain't Your Amigo • BLOWsutra (Ego Gone Loco) Psychedelic Cello Burlesque Jazz LOFI,[06] Question The Nation • BLOWsutra (Revolt Now) Gipsy Indie Trip Hop(e) Dub LOFI,Side B [03] MAMA-B-C (Make America Mine Achtung) • BLOWsutra Trip Hop Smooth LOFI,[01] MAHA (Make America Humane Again) • Vol. 2 • BLOWsutra Gipsy Trip Hop Blues LOFI,[04] MAHA (Make America Humane Again) • Vol. 2 • BLOWsutra Gipsy LoFi Trip Hip Blop LOFI,[11] What Dissent Looks Like Now • BLOWsutra Psychedelic Hip Hop BRUH Cabaret Rap LOFI,[04] Rainbows in the Clouds • GLOWsutra Gipsy Jazz Conscious Fusion LOFI,[02] Rainbows in the Clouds • GLOWsutra Gipsy Jazz Conscious Fusion LOFI,[05] Rainbows in the Clouds • GLOWsutra Gipsy Jazz Conscious Fusion LOFI,""[01] The Atheist Tango • GROWsutra (God, Etc) Conscious Gipsy Burlesque Fusion LOFI"",""[02] The Atheist Tango • GROWsutra (God, Etc) Conscious Gipsy Burlesque Fusion LOFI"",""[05] The Atheist Tango • GROWsutra (God, Etc) Conscious Gipsy Burlesque Fusion LOFI"",Side B [01] Shameless - DEFY EP Vol 2 - BLOWsutra Revolution Ring Psychedelic Trip Hop(e) LOFI,""[13] It's an Ethical Paradox, an Oxymoron Maze • KNOWsutra (Bertrand Knows) Gipsy Burlesque Jazz Cello Trip Hop LOFI"",""[07] Seminal Bollocks - GROWsutra (God, Etc) Gipsy Trip BRUH Hop LOFI"",""[06] Seminal Bollocks - GROWsutra (God, Etc) Psychedelic Tzigane Fusion Folk LOFI"",Side A [06] Donkeys Years • SHOWsutra Fanana Club Gipsy Cabaret Indie LOFI,Side A [09] Donkeys Years • SHOWsutra Fanana Club Gipsy Cabaret Indie Cello LOFI,[07] Why We Can't Be Brave - GROWsutra (Censored) Psychedelic Hip Hop Cello Indie Dub Fusion LOFI,[08] Why We Can't Be Brave - GROWsutra (Censored) Psychedelic Hip Hop Cello Indie Dub Fusion LOFI,""Side B [18] No Fear, My Dear • BLOWsutra Revolt Now Psychedelic Gipsy World Fusion Indie LOFI"",""[02] Hey, Creeps • BLOWsutra Ego Gone à la Psychedelic Gipsy Grouchy Cosmic Punk LOFI"",""[01] Hey, Creeps • BLOWsutra Ego Gone à la Psychedelic Gipsy Bonobo Cosmic Punk LOFI"",Side A [01] Secondhand Smoke • BLOWsutra Ego Gone Loco Gipsy Indie Trip Hop LOFI,[08] Le Bal Des Salauds • French BLOWsutra Tzigane World Indie LOFI,Side B [01] CREEPYPASTA • SHOWsutra Trip Storyteller LOFI,[23] Letter to My Friend (Never Again) • Gipsy Peace Duende Soul Fusion INDIE LOFI,[27] Letter to My Friend (Never Again) • GROWsutra Jazzy Hop Storyteller LOFI 02,[28] Letter to My Friend (Never Again) • GROWsutra Jazzy Hop Storyteller LOFI 03,[02] L'Embobinage (d'après Carl Sagan) • French GROWsutra World Peace CelLOFI,""[04] Okey Dokey, No It's Not • Jazzy LOFIsutra"",""[03] Okey Dokey, No It's Not • Indie LOFIsutra"",""[05] Okey Dokey, No It's Not • Jazzy LOFIsutra"",[01] Because the Light (wontdietonight) ⭐︎ Breathy LOFIsutra,Nietzsche’s Gift V.3 • LOFI Jazzz • sutraKNOW"
MANTRAsutra,https://soundcloud.com/bananasutra/sets/mantrasutra,,"BANJO,BLUES,BURLESQUE,DUB,FOLK,INDIE,JAZZ,LOFI,MANTRA",77,20050,191,4:20:23,https://i1.sndcdn.com/artworks-YcyNpeBLycX9QvZI-cSnvcg-t500x500.jpg,https://i1.sndcdn.com/artworks-YcyNpeBLycX9QvZI-cSnvcg-t1080x1080.jpg,genre (all),,,"[02] Awe Is Mighty (Maybe Even Holy) - GLOWsutra Psychedelic Folk Circus Dreamy Drum Indie MANTRA,Side B [03] Arrogant Hearts - BLOWsutra Indie Cello MANTRA,[02] EGO's masquerade • Tzigane Trip Hop Lo-Fi INDIE,[02] Joseph Campbell - Hold the Sacred - KNOWsutra Chillhop Piano Psy-LOFI,[11] Cassandra's Lullaby • Jewish Drum Indie Jazz MANTRA,""[05] Hereby, I Cry • Arabesk Drum MANTRA"",[13] PEDO Nation • High Drum Prayer MANTRA,[15] Queer Almighty - Drum Mantra DUBsutra,[02] A Man's a Man and A' That - VOL. 02 - A Spin on Robert Burns' Revolutionary Song - Capela MANTRA LOFI,[7] Your rules don’t apply to me • Indie MANTRAsutra,""En Vrai, On Est Tous Frères • LOFI BLUES FRENCHsutra"",Poetry Matters • LOFI DUBsutra,i did the math and everything is stupid • DRUMsutra.wav,(what u) think about? • (introvert) FOLKsutra,Just Grind(ha) • Harmonica Blues Lo-fi • sutraFLOW"
MANTRAsutra (Best Of),https://soundcloud.com/bananasutra/sets/mantrasutra-best-of,,,1,2157,22,4:03,https://i1.sndcdn.com/artworks-HoSD40eIsX92F6ug-iEu1fg-t500x500.jpg,https://i1.sndcdn.com/artworks-HoSD40eIsX92F6ug-iEu1fg-t1080x1080.jpg,genre (best of),checked,G-00-MANT,Side B [03] Arrogant Hearts - BLOWsutra Indie Cello MANTRA
OUI OUI : Pardon (my French),https://soundcloud.com/bananasutra/sets/oui-oui-pardon-my-french,,"BLUES,BURLESQUE,DUB,INDIE,JAZZ,LOFI,MANTRA",30,32237,323,1:43:30,https://i1.sndcdn.com/artworks-GLa538X1fUoCj8Yg-p3dNGg-t500x500.jpg,https://i1.sndcdn.com/artworks-GLa538X1fUoCj8Yg-p3dNGg-t1080x1080.jpg,sutra,checked,G-lang-FR,"[01] Secret de Polichinelle - French KNOWsutra Keep It Real Psychedelic Gipsy Circus Accordion BURLESQUE,[05] Secret de Polichinelle - French KNOWsutra Keep It Real Psychedelic Gipsy Circus Indie Chanson BURLESQUE,[03] Le Bal Des Salauds • French BLOWsutra PBGal Chanson BURLESQUE,[04] Le Bal Des Salauds • French BLOWsutra Oh Boy Accordion Circus BURLESQUE,[01] Le Bal Des Salauds • French BLOWsutra Oh My Oh Why Cello Circus INDIE,Side A [15] Oh Martine • BOWsutra La Poesita Fado World Duende INDIE,Side A [12] Oh Martine • BOWsutra La Poesita Fado World Duende INDIE,[02] La Force Douce - French GROWsutra Gipsy Flamenco Duende Chanson INDIE,[03] La Force Douce - French GROWsutra Gipsy Flamenco Duende Chanson INDIE,[06] La Force Douce - French GROWsutra Tzigane Peace Soul Fusion LoFi INDIE,[01] Win Win Dub ⚭ French GROWsutra Soulful Hip Hop Ragga DUB,""[03] Freee, la fille (remastered) • French SHOWsutra Circus Accordion BURLESQUE"",""[08] Freee, La Fille • French SHOWsutra Psychedelic Ragga DUB"",[14] L'Embobinage (d'après Carl Sagan) • French GROWsutra World Peace PsyAccordion POP BURLESQUE 3 INDIE,[09] L'Embobinage (d'après Carl Sagan) • French GROWsutra World Peace Hypnotic Tango Jazz INDIE,[13] L'Embobinage (d'après Carl Sagan) • French GROWsutra World Peace Miss Cheeky DUB,[02] L'Embobinage (d'après Carl Sagan) • French GROWsutra World Peace CelLOFI,[05] L'Embobinage (d'après Carl Sagan) • French GROWsutra World Peace Tzigane Fusion INDIE,[11] L'Embobinage (d'après Carl Sagan) • French GROWsutra World Peace La Poesita Flamenco INDIE DUB,[15] L'Embobinage (d'après Carl Sagan) • French GROWsutra World Peace PsyAccordion POP BURLESQUE INDIE,""En Vrai, On Est Tous Frères • LOFI BLUES FRENCHsutra"",Comme un canard #9,Le P'tit Jupiter • sutraFRENCH • indieJAZZZ Piano LOFI Soul :)"
Playlist Sidération Gone Bananas x29,https://soundcloud.com/bananasutra/sets/playlist-sideration-gone-bananas,BLOWsutra,"BLUES,JAZZ,LOFI",29,9882,76,1:28:13,https://i1.sndcdn.com/artworks-5zDi1XtdvEsTf986-eFnsyw-t500x500.jpg,https://i1.sndcdn.com/artworks-5zDi1XtdvEsTf986-eFnsyw-t1080x1080.jpg,collection,,G-02-SIDE,"[09] Sideration's Calling • White House's Burning • Riddim Sister RAGGA DUBsutra,[01] Sideration's Calling • White House's Burning • Banger BURLESQUEsutra,[02] Sideration's Calling • White House's Burning • Jazzy LOFI DUBsutra,[07] Sideration's Calling • White House's Burning • Oh Lordy 2 DUBsutra,[04] Sidération Blues Revolution - A Song of Wrong - BLUESsutra,[07] Sideration - No Velvet Scream - BLUESsutra,[05] Sidération Blues Revolution - A Song of Wrong - BLUESsutra,[02] Sidération Blues Revolution - A Song of Wrong - BLUESsutra,[03] Sidération - The Sky Stood Still 4 - Revolution BLUESsutra,[02] Sidération - The Sky Stood Still 2 - Revolution JAZZ BURLESQUEsutra,[05] Sidération - The Sky Stood Still 5 - Revolution FOLKsutra"
QUACKsutra : DUCK (shady),https://soundcloud.com/bananasutra/sets/quacksutra-duck-shady,QUACKsutra,"BANJO,BLUES,BURLESQUE,DUB,FOLK,INDIE,JAZZ,LOFI,MANTRA,ROCK",26,8006,96,1:23:23,https://i1.sndcdn.com/artworks-o0qz0ucmBMzsR5UL-eS6HrA-t500x500.jpg,https://i1.sndcdn.com/artworks-o0qz0ucmBMzsR5UL-eS6HrA-t1080x1080.jpg,sutra,checked,G-02-DUC,"Who's Your Vladdy BLOWsutra Psychedelic Burlesque Punk ROCK,[07] Who's Your Vladdy • BLOWsutra Psychedelic Poetry Folk DUB,""[15] It's War, My Friend • QUACKsutra Psychedelic Punk ROCK"",[13] PEDO Nation • High Drum Prayer MANTRA,[01] Ego Ain't Your Amigo (Fasho at Marlago) - oh hi salty honey bluesy JAZZ tempo,[5] stymy stymy yuck • Arabesk DUB,[2] stymy stymy yuck • muse DUB,Creepy Con Meme • Dicky DUBsutra,Woke-N-Whack-A-Musk ☆ BLUESsutra (1),Woke-N-Whack-A-Musk ☆ BLUESsutra (2),Mind the Felon (two) • FOLKsutra,Mind the Felon (one) • JAZZsutra"
QUACKsutra : FOTUS Circus,https://soundcloud.com/bananasutra/sets/quacksutra-fotus-circus,QUACKsutra,"BANJO,BURLESQUE,DUB,FOLK,INDIE,LOFI,ROCK",15,7638,68,45:21,https://i1.sndcdn.com/artworks-JWP4i7BJc28GfvPW-mmFU9Q-t500x500.jpg,https://i1.sndcdn.com/artworks-JWP4i7BJc28GfvPW-mmFU9Q-t1080x1080.jpg,sutra,checked,G-02-CIRC,"""[02] It's War, My Friend • QUACKsutra Tzigane Indie Fusion LOFI"",""[08] FOTUS Circus VOL. 04 • Step Right Up, Murica Freaks (paper straws) • DUB QUACKsutra"",""[09] FOTUS Circus VOL. 04 • Step Right Up, My Dearest Souls • DUB QUACKsutra"",""[06] FOTUS Circus VOL. 04 • Step Right Up, for Plastic Straws • Banjo QUACKsutra"",[01] FOTUS Circus VOL. 04 • Step Right Up my Dearest Souls • Burlesque QUACKsutra,[06] FOTUS Circus VOL. 03 • When will you be angelic (Ginzberg’s Horror Show) • BURLESQUE QUACKsutra,[06] FOTUS Circus VOL. 02 • This ain't no hollow show • QUACKsutra,The Tyranny of Ignorance : BANJOsutra (Single Duck Release)"
QUACKsutra where we sing FU,https://soundcloud.com/bananasutra/sets/ducksutra-where-we-sing-fu,QUACKsutra,"BANJO,BLUES,BURLESQUE,DUB,FOLK,INDIE,JAZZ,LOFI,MANTRA,ROCK",282,96847,888,15:22:45,https://i1.sndcdn.com/artworks-DV4siAryy3RG3KTY-t5ZhRQ-t500x500.jpg,https://i1.sndcdn.com/artworks-DV4siAryy3RG3KTY-t5ZhRQ-t1080x1080.jpg,sutra (all),,,"[04] Time for Rebel Romance ☆ BLOWsutra (Revolt Now) IBYN Psychedelic Piano Jazz BURLESQUE,[01] Time for Rebel Romance ☆ BLOWsutra (Revolt Now) Oh Boy Psychedelic Accordion Circus BURLESQUE,[05] Time for Rebel Romance ☆ BLOWsutra (Revolt Now) Accordion Ragga Burlesque DUB,[02] Time for Rebel Romance ☆ BLOWsutra (Revolt Now) Oh Boy Psychedelic Accordion Circus BURLESQUE,Side B [15] If We Had But(t) The Truth • BLOWsutra (Censored) Gipsy Psychedelia Accordion Cello Indie FOLK,Side A [08] If We Had But(t) The Truth • BLOWsutra (Censored) Folk Poetry on the Bridge DUB,Side A [01] If We Had But(t) The Truth • BLOWsutra (Censored) Jazzy Psychedelic Hip Trip Hop LOFI,Side A [06] If We Had But(t) The Truth • BLOWsutra (Censored) Folk Poetry on the Bridge DUB,Side A [03] If We Had But(t) The Truth • BLOWsutra (Censored) Jazzy Psychedelic Hip Trip Scratch Hop LOFI,Side A [09] If We Had But(t) The Truth • BLOWsutra (Censored) Feel Di Riddim Ragga Mama DUB,Side B [16] If We Had But(t) The Truth • BLOWsutra (Censored) PsyPunk Rock Cabaret BURLESQUE,[03] Bloom Past Doom - BLOWsutra (Revolt Now) Cello Circus Chanson Cabaret BURLESQUE,[10] MASA (Make America Safe Again) • QUACKsutra Psychedelic Booya Country BANJO,[06] MASA (Make America Safe Again) • QUACKsutra Psychedelic BANJO BLUES,[07] MASA (Make America Safe Again) • QUACKsutra Psychedelic BANJO BLUES,[01] MASA (Make America Safe Again) • QUACKsutra Psychedelic DUB BANJO,""Oy, We Care! BLOWsutra I Burlesque You Not 1"",Who's Your Vladdy BLOWsutra Psychedelic Burlesque Punk ROCK,[07] Who's Your Vladdy • BLOWsutra Psychedelic Poetry Folk DUB,""[10] It's War, My Friend • QUACKsutra Psychedelic BLUES"",""[11] It's War, My Friend • QUACKsutra Psychedelic Folk BLUES"",""[13] It's War, My Friend • QUACKsutra Psychedelic ROCK"",""[02] It's War, My Friend • QUACKsutra Tzigane Indie Fusion LOFI"",""[15] It's War, My Friend • QUACKsutra Psychedelic Punk ROCK"",""[04] Hereby, I Cry • We Sing mo' DUB"",""[05] Hereby, I Cry • Arabesk Drum MANTRA"",A [12] Make America Gulag Again • Ragga Lala DUB,[13] PEDO Nation • High Drum Prayer MANTRA,[10] PEDO Nation • Cello Trip Hop LOFI,""[02] Thank you, Mister Paine - American Accountability Revolution BLUESsutra"",""[03] Thank you, Mister Paine - American Accountability Revolution BLUESsutra"",[02] What It's About - BLUESsutra,[03] If We Had But(t) The Truth (Not The Quack) (low) - Drum INDIEsutra,[04] If We Had But(t) The Truth (Not The Quack) - Blues FOLKsutra,[01] Sideration's Calling • White House's Burning • Banger BURLESQUEsutra,[02] Sideration's Calling • White House's Burning • Jazzy LOFI DUBsutra,[07] Sideration's Calling • White House's Burning • Oh Lordy 2 DUBsutra,[04] Sidération Blues Revolution - A Song of Wrong - BLUESsutra,[07] Sideration - No Velvet Scream - BLUESsutra,[05] Sidération Blues Revolution - A Song of Wrong - BLUESsutra,[02] Sidération Blues Revolution - A Song of Wrong - BLUESsutra,[03] Sidération - The Sky Stood Still 4 - Revolution BLUESsutra,[02] Sidération - The Sky Stood Still 2 - Revolution JAZZ BURLESQUEsutra,[05] Sidération - The Sky Stood Still 5 - Revolution FOLKsutra,The Dystopian Quizz Song v3-2 ★ Blues Circus SOULsutra,[01] Ego Ain't Your Amigo (Fasho at Marlago) - oh hi salty honey bluesy JAZZ tempo,[7] Your rules don’t apply to me • Indie MANTRAsutra,[4] Shush the Bull Bro (Please) • DUBsutra,[5] stymy stymy yuck • Arabesk DUB,[2] stymy stymy yuck • muse DUB,[2] Waldo's Fascist Tango - HATjazz BURLESQUE,MAKA MAKA Murica (Kindness Gone Folk),[4] MAKA MAKA - Oh Hey Folk BANJOsutra,[4] MAHA • Make America Humane Again • Accordion CAT BURLESQUEsutra,[5] MAHA • Make America Humane Again • Authentic Banjo FOLKsutra,[1] MAHA • Make America Humane Again • Psy Waltz BURLESQUEsutra,[3] MAHA • Make America Humane Again • Bass IBYN BURLESQUE JAZZsutra,[7] MAHA • Make America Humane Again • Booya BANJOsutra,MAWA MAWA • Make America Woke Again • Banger BANJOsutra,Creepy Con Meme • Dicky DUBsutra,""Pro-Life Means What, Honey • Jazzy Mantra DUBsutra (2)"",Liberty • Tribute to Victor Hugo’s Revolutionary Poetry • DUBsutra,[1] Serial BLOWERS (now twat?) • DUBsutra,Project 2-0-2-5 • Dummy FOLKsutra,Woke-N-Whack-A-Musk ☆ BLUESsutra (1),Woke-N-Whack-A-Musk ☆ BLUESsutra (2),Woke-N-Whack-A-Musk ☆ DUBsutra (2),#2 Hard Core : Honey JAZZsutra,The Tyranny of Ignorance : BANJOsutra (Single Duck Release),Mind the Felon (two) • FOLKsutra,Mind the Felon (one) • JAZZsutra,Mind the Felon (three) • JAZZsutra,Kamala has a dream (and that duck just blows) • bananasutraBLUES"
Questions for the (kind) POPE in the Sky,https://soundcloud.com/bananasutra/sets/questions-for-the-pope-in-the-sky,GROWsutra,"BANJO,BLUES,BURLESQUE,DUB,FOLK,INDIE,JAZZ,LOFI,MANTRA,ROCK",98,34226,302,5:01:39,https://i1.sndcdn.com/artworks-yCOtsWMP0bmkMYwo-dCBksA-t500x500.jpg,https://i1.sndcdn.com/artworks-yCOtsWMP0bmkMYwo-dCBksA-t1080x1080.jpg,collection,,,"[15] Queer Almighty - Drum Mantra DUBsutra,[06] Queer Almighty - Queer Enough to Cabaret - BANJOsutra,[08] Queer Almighty - Tell me why - FOLK BANJOsutra,[01] Queer Almighty - Folk BANJOsutra,[05] Queer Almighty - Jazzy Queer Almighty - BLUESy BANJOsutra,[04] Reason over Reverence - They said bow down but we rise 2 - DUBsutra,[01] Question Di Kingdom - Dub's the Path (Truth is the riddim) - Ragga DUBsutra,[02] Question Di Kingdom - Dub's the Path (Truth is the riddim) - DUBsutra,""[08] Why Trust an Old, Mean Religion AD2 Soul INDIE"",[7] Your rules don’t apply to me • Indie MANTRAsutra,[4] Shush the Bull Bro (Please) • DUBsutra,[2] Make your Own Bible - pbgal Burlesque LOFI,[2] Waldo's Fascist Tango - HATjazz BURLESQUE,[3] Question Di Kingdom (2) • RAGGAsutra,[4] Question Di Kingdom (1) • RAGGAsutrawav,[8] Reason fi di win • RAGGAsutra,[5] Dubbin' for Freedom • DUBsutra,""Pro-Life Means What, Honey • Jazzy Mantra DUBsutra (2)"",#5 Hard Core : Honey BLUESutra,#4 Hard Core : Burlesque Honeysutra,#2 Hard Core : Honey JAZZsutra,#1 Hard Core : Honey JAZZsutra"
ROCKsutra,https://soundcloud.com/bananasutra/sets/rocksutra,,"BURLESQUE,FOLK,INDIE,JAZZ,LOFI,MANTRA,ROCK",91,27188,231,4:48:01,https://i1.sndcdn.com/artworks-RM7WHhN8qFyZxreU-hhcF1Q-t500x500.jpg,https://i1.sndcdn.com/artworks-RM7WHhN8qFyZxreU-hhcF1Q-t1080x1080.jpg,genre (all),,,"""[10] Everything is Stupid, Absurd, and Divine • SHOWsutra Psy Punk Chanson Burlesque ROCK"",[07] I Did the Math (and Everything is Stupid) • SHOWsutra Psychedelic Burlesque Indie ROCK,""[09] Everything is Stupid, Absurd, and Divine • SHOWsutra Psy Punk Chanson Burlesque ROCK"",[08] Synthema Sutras - SHOWsutra Banana Psychedelic Burlesque Indie Punk ROCK,[11] We Live Not By Lies - GROWsutra IBYN Post-Punk BURLESQUE ROCK,[02] Tell The Truth • KNOWsutra Bluesy ROCK Cover,""Oy, We Care! BLOWsutra I Burlesque You Not 1"",Who's Your Vladdy BLOWsutra Psychedelic Burlesque Punk ROCK,[14] Men-Oh-Pause • GROWsutra I Burlesque You Not Psychedelic Punk ROCK,""[13] It's War, My Friend • QUACKsutra Psychedelic ROCK"",""[15] It's War, My Friend • QUACKsutra Psychedelic Punk ROCK"",[01] Blessed Be The Dogs • SHOWsutra Post-Punk Burlesque ROCK,[05] Blessed Be The Dogs • SHOWsutra Post-Punk Burlesque ROCK,""[03] Hey, You - BLOWsutra psyPunk ROCK"",[14] SS Means Sacred Sp3rm • Jazz INDIE,[2] Trust no one - BLOWsutra Udio ROCK,""New Normalcy, Space Oddity ☰ BANJOsutra"""
ROCKsutra (Best Of),https://soundcloud.com/bananasutra/sets/rocksutra-best-of,,,3,7259,71,10:59,https://i1.sndcdn.com/artworks-cm4hZJP45iEWi61f-OzQ7hA-t500x500.jpg,https://i1.sndcdn.com/artworks-cm4hZJP45iEWi61f-OzQ7hA-t1080x1080.jpg,genre (best of),checked,G-00-ROCK,"[03] Zero Sum • GROWsutra Hypnotic Post-Punk Motorik Fusion LOFI,[07] I Did the Math (and Everything is Stupid) • SHOWsutra Psychedelic Burlesque Indie ROCK,""[09] Everything is Stupid, Absurd, and Divine • SHOWsutra Psy Punk Chanson Burlesque ROCK"""
SHOWsutra : B.J. (is for Banana Jesters),https://soundcloud.com/bananasutra/sets/showsutra-b-j-is-for-banana,SHOWsutra,"BANJO,BURLESQUE,DUB,FOLK,INDIE,JAZZ,LOFI",9,3331,37,30:16,https://i1.sndcdn.com/artworks-zvxXEnN1nhEehvpK-ABzMFA-t500x500.jpg,https://i1.sndcdn.com/artworks-zvxXEnN1nhEehvpK-ABzMFA-t1080x1080.jpg,sutra,checked,G-03-BJ,"[02] Synthema Sutras - SHOWsutra Banana Tzigane Conscious Soul Fusion Indie LOFI,[08] Synthema Sutras - SHOWsutra Banana Psychedelic Burlesque Indie Punk ROCK,[01] BANANA ALLELUIA — KNOWsutra Folk Waltz Ballad BURLESQUE,[03] BANANA ALLELUIA — KNOWsutra Banjo Waltz Bounce BURLESQUE,[1] Who Needs a Big D? OG BURLESQUE"
SHOWsutra : FANANA Club,https://soundcloud.com/bananasutra/sets/showsutra-fanana-club,SHOWsutra,"BANJO,BURLESQUE,FOLK,INDIE,JAZZ,LOFI",20,9126,115,1:07:12,https://i1.sndcdn.com/artworks-SjuzUkSUCZpiPoz4-LnprBQ-t500x500.jpg,https://i1.sndcdn.com/artworks-SjuzUkSUCZpiPoz4-LnprBQ-t1080x1080.jpg,sutra,checked,G-03-FANA,"Side A [06] Donkeys Years • SHOWsutra Fanana Club Gipsy Cabaret Indie LOFI,[06] Gladys in Sonderland • SHOWsutra Psychedelic Gipsy Cello Waltz Breathing BURLESQUE,[11] Gladys in Sonderland • SHOWsutra Psychedelic Gipsy Accordion Circus Waltz BURLESQUE,""[08] Hi, My Name Is (Not Céline Dion) - SHOWsutra Gipsy Fusion Trip Hop World LOFI"",""[11] Hi, My Name Is (Not Celine Dion) • SHOWsutra Cello Circus Waltz BURLESQUE"",[15] Oh My Cha Cha Cha • Accordion BURLESQUEsutra,[01] Dressed in Wonder • psyBLUES BANJOsutra,i did the math and everything is stupid • DRUMsutra.wav,Some Songs Are More POOH Than Others : DUBsutra,Some Songs Are More WOMP Than Others : CIRCUSsutra,""Hi, my name is (not Celine Dion) • Hip Pop Jazz, Quirky Stuff, a true story • Bananasutra(SHOW)"""
SHOWsutra where bananas play,https://soundcloud.com/bananasutra/sets/sutrashow-where-bananas-get,SHOWsutra,"BANJO,BLUES,BURLESQUE,DUB,FOLK,INDIE,JAZZ,LOFI,ROCK",241,100548,968,13:43:02,https://i1.sndcdn.com/artworks-psPWeBgWhqP3BR76-8rTihA-t500x500.jpg,https://i1.sndcdn.com/artworks-psPWeBgWhqP3BR76-8rTihA-t1080x1080.jpg,sutra (all),,,"[29] The Great Naked King • SHOWsutra Psychedelick Hillbilly Hop Pop Blues Banjo LOFI,[19] The Great Naked King • SHOWsutra Psychedelick Gipsy Hip Hop Jazz LOFI,[26] The Great Naked King • SHOWsutra Psychedelick Hillbilly Hop Pop Indie Blues Banjo LOFI,[17] The Great Naked King • SHOWsutra Psychedelick Cabaret Jazz Swing BURLESQUE,[21] The Great Naked King • SHOWsutra Psychedelick Gipsy Hip Hop Jazz LOFI,[18] The Great Naked King • SHOWsutra Psychedelick Cabaret Gipsy Swing BURLESQUE,[22] The Great Naked King • SHOWsutra Psychedelick Hop Pop Piano Jazz LOFI,[11] The Great Naked King • SHOWsutra Psychedelick Circus Accordion Waltz BURLESQUE,[06] The Great Naked King • SHOWsutra Psychedelick French Accordion Cello Tango JAZZ,[07] The Great Naked King • SHOWsutra Psychedelick French Accordion Cello Tango JAZZ,[14] The Great Naked King • SHOWsutra Psychedelick Circus Accordion Waltz BURLESQUE,[04] The Great Naked King • SHOWsutra Psychedelick French Accordion Cello Tango JAZZ,""[03] Nice Work If You Can Get It - An American in Paris, Public Domain Lyrics - SHOWsutra Indie JAZZ"",""[04] Embraceable You - An American in Paris, Public Domain Lyrics - SHOWsutra Indie Jazz DUB"",""[05] Tra-La-La - An American in Paris, Public Domain Lyrics - SHOWsutra Indie Jazz DUB"",Side A [02] Donkeys Years • SHOWsutra Fanana Club Gipsy La Poesita Cabaret Dub INDIE,Side B [18] Donkeys Years • SHOWsutra Fanana Club Gipsy Oh Boy Accordion Circus Waltz BURLESQUE,Side A [06] Donkeys Years • SHOWsutra Fanana Club Gipsy Cabaret Indie LOFI,Side A [09] Donkeys Years • SHOWsutra Fanana Club Gipsy Cabaret Indie Cello LOFI,Side B [17] Donkeys Years • SHOWsutra Fanana Club Psychedelic Gipsy IBYN Cabaret Rock BURLESQUE,Side A [01] Donkeys Years • SHOWsutra Fanana Club Gipsy Flamenco Cabaret Dub INDIE,Side B [13] Donkeys Years • SHOWsutra Fanana Club Gipsy Piano Kitten Cabaret Burlesque JAZZ,[04] Peel Me Kindly • FLOWsutra Gone Banana Joke Gipsy JAZZ,[05] Peel Me Kindly • FLOWsutra Gone Banana Joke Gipsy JAZZ,[02] Peel Me Kindly • FLOWsutra Gone Banana Joke Gipsy JAZZ,[01] Peel Me Kindly • FLOWsutra Gone Banana Joke Gipsy JAZZ,[02] Synthema Sutras - SHOWsutra Banana Tzigane Conscious Soul Fusion Indie LOFI,[08] Synthema Sutras - SHOWsutra Banana Psychedelic Burlesque Indie Punk ROCK,[04] Synthema Sutras - SHOWsutra Banana Jazzy Bass Indie Cello Fusion DUB,[12] Gladys in Sonderland • SHOWsutra Psychedelic Gipsy Cello Waltz BURLESQUE,[10] Gladys in Sonderland • SHOWsutra Psychedelic Gipsy Cello Waltz INDIE BURLESQUE,[06] Gladys in Sonderland • SHOWsutra Psychedelic Gipsy Cello Waltz Breathing BURLESQUE,[11] Gladys in Sonderland • SHOWsutra Psychedelic Gipsy Accordion Circus Waltz BURLESQUE,[04] Gladys in Sonderland • SHOWsutra Psychedelic Gentle Gipsy Piano Cello Accordion Waltz Cameo BURLESQUE,Side B [02] CREEPYPASTA • SHOWsutra Trip Storyteller LOFI,Side B [01] CREEPYPASTA • SHOWsutra Trip Storyteller LOFI,Side A [04] CREEPYPASTA • SHOWsutra Hide Yo Pets Bluegrass BANJO,Side B [10] READ ME HARDER (BB for Banned Books) - SHOWsutra She Wanna Know Jazzy LoFi Indie DUB,Side B [04] READ ME HARDER (BB for Banned Books) - SHOWsutra Psychedelic Destiny Banjo BLUES,Side A [06] READ ME HARDER (BB is for Banned Books) - SHOWsutra Gypsy Hip Hop Rebellion BURLESQUE,Side A [03] BB is for Banned Books - SHOWsutra Gypsy Hip Hop Fusion BURLESQUE,Side A [05] READ ME HARDER (BB is for Banned Books) - SHOWsutra Gypsy Hip Hop Rebellion BURLESQUE,""[08] Hi, My Name Is (Not Céline Dion) - SHOWsutra Gipsy Fusion Trip Hop World LOFI"",""[02] Hi, My Name Is (Not Céline Dion) - SHOWsutra Gipsy Fusion Trip Hop World LOFI"",""[11] Hi, My Name Is (Not Celine Dion) • SHOWsutra Cello Circus Waltz BURLESQUE"",""[09] Freee, La Fille • French SHOWsutra Psychedelic Ragga DUB"",""[03] Freee, la fille (remastered) • French SHOWsutra Circus Accordion BURLESQUE"",""[08] Freee, La Fille • French SHOWsutra Psychedelic Ragga DUB"",[01] Blessed Be The Dogs • SHOWsutra Post-Punk Burlesque ROCK,[05] Blessed Be The Dogs • SHOWsutra Post-Punk Burlesque ROCK,[1] Who Needs a Big D? OG BURLESQUE,[15] Oh My Cha Cha Cha • Accordion BURLESQUEsutra,[01] Dressed in Wonder • psyBLUES BANJOsutra,Wet Peaches • Blues BANJOsutra,i did the math and everything is stupid • DRUMsutra.wav,Some Songs Are More JAZZ Than Others : JAZZsutra,Some Songs Are More POOH Than Others : DUBsutra,""Hi, my name is (not Celine Dion) • Hip Pop Jazz, Quirky Stuff, a true story • Bananasutra(SHOW)"""
SHOWsutra: (shades of) FOOLS,https://soundcloud.com/bananasutra/sets/showsutra-shades-of-fools,SHOWsutra,"BURLESQUE,DUB,INDIE,JAZZ,LOFI",6,1702,23,18:45,https://i1.sndcdn.com/artworks-GXTKcXAuyMmSbOsd-dz5iYQ-t500x500.jpg,https://i1.sndcdn.com/artworks-GXTKcXAuyMmSbOsd-dz5iYQ-t1080x1080.jpg,sutra,checked,G-03-FOOL,"[01] Win Win Dub ⚭ French GROWsutra Soulful Hip Hop Ragga DUB,Shady Fools • FOLKsutra,[7] Shades of Fools • All I know is I dunno • Ragga DUBsutra High,[6] Shades of Fools • All I know is I dunno • Fastass BANJOsutra"
SINGLEsutra Exclusive SoundCloud (woo),https://soundcloud.com/bananasutra/sets/singlesutra,,"BANJO,BLUES,BURLESQUE,DUB,FOLK,INDIE,JAZZ,LOFI,MANTRA,ROCK",45,22005,284,2:17:26,https://i1.sndcdn.com/artworks-nKFxkPd7COBnHZAF-fy7sYw-t500x500.jpg,https://i1.sndcdn.com/artworks-nKFxkPd7COBnHZAF-fy7sYw-t1080x1080.jpg,collection,checked,G-SINGLES,"Everybody Knows • FLOWsutra Freedom Magic Cello Prayer INDIE.wav,Planet Idiocracy (Single) • BLOWsutra Peace Odyssey DUB,Poetry (Nah Lie) • GROWsutra Ragga Mantra DUB,Kindness (single) VOL. 04,MAKA MAKA Murica (Kindness Gone Folk),Where Hope Expires • Folk BANJOsutra,aintdoingbaddoingnothing 💨,Shady Fools • FOLKsutra,Liberty • Tribute to Victor Hugo’s Revolutionary Poetry • DUBsutra,Seminal Bollocks  • DUBsutra,making songs like…,She Wears the Words • JAZZsutra Mighty Poetry Minute,The Tyranny of Ignorance : BANJOsutra (Single Duck Release),Kamala has a dream (and that duck just blows) • bananasutraBLUES,""Flow like Water, My Friend"",Some Truths are Harder to Swallow • LOFI Jazzz • sutraGROW,""Hi, my name is (not Celine Dion) • Hip Pop Jazz, Quirky Stuff, a true story • Bananasutra(SHOW)"",""Hey, You (Creepers) • Fake Folk(s) True Tale • Bananasutra(BLOW) Authentic Imagination Music"",Rainbows in my Cloud (Merci) • Banjo Folk Gratitude Song • Bananasutra(GLOW),Kindness • Universal Jazz Cabaret of Blues Chanson • Bananasutra(GROW)"
WORLDsutra (Best Of),https://soundcloud.com/bananasutra/sets/worldsutra-best-of,,,2,3157,38,6:54,https://i1.sndcdn.com/artworks-fhn07viDnVztye2w-Meeehg-t500x500.jpg,https://i1.sndcdn.com/artworks-fhn07viDnVztye2w-Meeehg-t1080x1080.jpg,genre (best of),,,"[13] Zero Sum • GROWsutra Psychedelick Gipsy Flamenco Techno Fusion INDIE,[17] Letter to My Friend (Never Again) • Gipsy Peace Duende Soul Fusion INDIE LOFI"
WORLDsutra : Russian(ish),https://soundcloud.com/bananasutra/sets/worldsutra-russian-ish,,"BANJO,BLUES,BURLESQUE,DUB,FOLK,INDIE,LOFI,ROCK",15,5801,67,1:01:23,https://i1.sndcdn.com/artworks-TUnq5K6T9gz6Lzs5-hw6yjw-t500x500.jpg,https://i1.sndcdn.com/artworks-TUnq5K6T9gz6Lzs5-hw6yjw-t1080x1080.jpg,collection,checked,G-lang-RU,"[01] The Echo Song - Vladimir Vysotsky Cover - Russian BLOWsutra Gipsy Arabesk World Peace Indie Trip Pop LOFI,[03] The Echo Song - Vladimir Vysotsky Cover - Russian BLOWsutra Classic Psychedelic Banjo BLUES,[02] The Echo Song - Vladimir Vysotsky Cover - Russian BLOWsutra Gipsy Arabesk World Peace Indie Trip Pop LOFI,Who's Your Vladdy BLOWsutra Psychedelic Burlesque Punk ROCK,[08] Who's Your Vladdy • BLOWsutra Psychedelic Poetry Folk DUB,[07] Who's Your Vladdy • BLOWsutra Psychedelic Poetry Folk DUB,[04] Who's Your Vladdy • BLOWsutra Psychedelic World Soul FUSION"
WORLDsutra : SPAN(k)ish,https://soundcloud.com/bananasutra/sets/worldsutra-span-k-ish,,"INDIE,WORLD,DUB,JAZZ,MANTRA",4,3251,37,15:03,https://i1.sndcdn.com/artworks-V4ORYqjXscpH76UU-11PylA-t500x500.jpg,https://i1.sndcdn.com/artworks-V4ORYqjXscpH76UU-11PylA-t1080x1080.jpg,collection,checked,G-lang-ES,"[06] La Poesia Importa 2 (low) - Psy JAZZsutra,[03] Creo (la poesia) - Contrabass Guitar Classico,[06] Creo - Muse DUBsutra,[02] Creo (la poesia) - Arabesk Fado"
