ep_title,ep_url,ep_rating,ep_volume,sutra,genres,genres_full,ep_total_tracks,total_plays,total_likes,duration_total,artwork_url,lyrics_title,lyrics_id,created_at,playlist_names_clean,ep_in_app
A Letter to My Friend (Never Again) EPx44 ☮ GROWsutra World Peace Mantra,https://soundcloud.com/bananasutra/sets/a-letter-to-my-friend-never-again-epx44-growsutra-world-peace-mantra,,1,KNOWsutra,"BANJO,BLUES,DUB,FOLK,INDIE,JAZZ,LOFI,MANTRA","BANJO,BLUES,DUB,FOLK,GIPSY,INDIE,JAZZ,LOFI,MANTRA,RAGGA,SOUL",44,28161,224,2:26:10,https://i1.sndcdn.com/artworks-wWQhnGqz9vHL3gbU-Sx2Pvw-t500x500.png,A Letter To My Friend (Never Again),L-3,2025-10-10 03:58,"BANJOsutra,GROWsutra where we be brave,INDIEsutra,KNOWsutra : PEACE (not War),KNOWsutra where questions matter,LOFIsutra",checked
A Man's a Man and A' That (à la bananasutra) EPx3 - VOL. 02 - Revolution Forever,https://soundcloud.com/bananasutra/sets/a-mans-a-man-and-a-that-a-la-bananasutra-epx3-vol-02-revolution-forever,,2,BLOWsutra,"LOFI,MANTRA","LOFI,MANTRA,TRIP HOP",3,931,9,9:42,https://i1.sndcdn.com/artworks-1bqixGWYedpZR647-tZkbFA-t500x500.png,A Man's a Man and A' That,L-5,2025-04-25 03:30,"BLOWsutra : REVOLT (now),INDIEsutra,KNOWsutra where questions matter,LOFIsutra,MANTRAsutra",checked
A Man's A Man for A' That - VOL. 01 - Revolution Forever,https://soundcloud.com/bananasutra/sets/a-mans-a-man-for-a-that-vol-01,,1,KNOWsutra,"FOLK,INDIE","FOLK,INDIE",3,575,6,10:33,https://i1.sndcdn.com/artworks-YUOwZVtRKHQ7qgnV-7WlPYA-t500x500.jpg,A Man's a Man and A' That,L-5,2025-04-25 01:57,"BANJOsutra,BLOWsutra : REVOLT (now),KNOWsutra where questions matter,MANTRAsutra",checked
A stroll down history’s lane ☆ KNOWsutra ☆ EPx6 Vol. 1,https://soundcloud.com/bananasutra/sets/a-stroll-down-historys-lane,,1,KNOWsutra,MANTRA,MANTRA,6,1123,10,20:21,https://i1.sndcdn.com/artworks-9uz2GCIarSzz3CK9-yLGoGg-t500x500.jpg,A Stroll Down History’s Lane,L-7,2025-03-31 10:45,"BANJOsutra,BLOWsutra,DUBsutra,FOLKsutra,INDIEsutra,KNOWsutra : PEACE (not War),KNOWsutra where questions matter,MANTRAsutra",checked
ABCs of Kindness - KNOWsutra,https://soundcloud.com/bananasutra/sets/abcs-of-kindness-knowsutra,,1,GROWsutra,"INDIE,BURLESQUE","INDIE,BURLESQUE",10,1957,13,30:28,https://i1.sndcdn.com/artworks-OJbXzv5DEM6ihALr-CtrAEg-t500x500.jpg,ABC Of Kindness,L-9,2025-02-09 02:36,"DUBsutra,GROWsutra : KIND(ness),INDIEsutra,KNOWsutra where questions matter,MANTRAsutra",checked
AI Fair Use Manifesto EPx3 VOL.1 : LOFI BURLESQUE BLUES,https://soundcloud.com/bananasutra/sets/ai-fair-use-manifesto-epx3-vol1-lofi-burlesque-blues,,1,KNOWsutra,"BLUES,BURLESQUE,LOFI","BLUES,BURLESQUE,LOFI",3,577,5,9:42,https://i1.sndcdn.com/artworks-8MpTLEJF8IA3pZOl-q8KlmA-t500x500.png,AI Fair Use Manifesto,L-12,2025-04-10 20:36,"BANJOsutra,BLUESsutra,BURLESQUEsutra,KNOWsutra : but(t) WHY,LOFIsutra",checked
Ain't Doing Bad Doing Nothing ⭐︎ Public Domain Vol. 02 EPx10 ⭐︎ FLOWsutra Wet JAZZ,https://soundcloud.com/bananasutra/sets/aint-doing-bad-doing-nothing-public-domain-vol-02-epx10-flowsutra-wet-jazz,,1,FLOWsutra,"BLUES,BURLESQUE,JAZZ","BLUES,BURLESQUE,JAZZ",10,3877,38,29:52,https://i1.sndcdn.com/artworks-ywHf0D0qFVueq62i-1G6SmQ-t500x500.png,Ain't Doing Bad Doing Nothing,L-14,2025-11-04 05:33,"BLUESsutra,BURLESQUEsutra,FLOWsutra where time is space,JAZZsutra",checked
All I Know • Shades of Fools (It's the Why) • KNOWsutra EPx5 Vol. 02,https://soundcloud.com/bananasutra/sets/all-i-know-shades-of-fools-its-the-why-knowsutra-epx5-vol-02,,1,KNOWsutra,"BLUES,BURLESQUE,FOLK,INDIE,JAZZ","BLUES,BURLESQUE,FOLK,INDIE,JAZZ",5,2024,15,16:03,https://i1.sndcdn.com/artworks-jqVeUE2kfD4URweU-kKwl8A-t500x500.png,Shades of Fools (All I Know),L-217,2025-11-19 19:59,"BLUESsutra,BURLESQUEsutra,INDIEsutra,JAZZsutra,KNOWsutra where questions matter",checked
All the -Isms | BLOWsutra EPx7,https://soundcloud.com/bananasutra/sets/all-the-isms-blowsutra-epx7,,1,BLOWsutra,"BANJO,BURLESQUE,FOLK,JAZZ","BANJO,BURLESQUE,FOLK,JAZZ",7,1614,14,22:51,https://i1.sndcdn.com/artworks-qrxklwZQpzKpzPUh-kUGDvA-t500x500.png,All the -Isms,L-16,2025-08-26 02:05,"BANJOsutra,BLOWsutra,BLOWsutra : EGO (gone loco),BURLESQUEsutra,DUBsutra,FOLKsutra,JAZZsutra,KNOWsutra where questions matter,LOFIsutra",checked
An American in Paris (Public Domain Lyrics) 🎙️ SHOWsutra Classic Retro Musical REMAKE,https://soundcloud.com/bananasutra/sets/an-american-in-paris-public-domain-lyrics-showsutra-classic-retro-musical-remake,,1,SHOWsutra,"DUB,INDIE,JAZZ","DUB,INDIE,JAZZ",6,3583,35,20:07,https://i1.sndcdn.com/artworks-dOp2MsRUp5Ta2lVZ-MjIpgA-t500x500.png,An American in Paris (Public Domain),L-17,2026-01-16 09:39,"DUBsutra,INDIEsutra,JAZZsutra,SHOWsutra where bananas play",checked
Atheist Tango EP x9 VOL. 1 ☰ Waldo's Burlesque Tales of Truth,https://soundcloud.com/bananasutra/sets/atheist-tango-ep-x9-vol-1-waldos-burlesque-tales-of-truth,,1,KNOWsutra,"BURLESQUE,FOLK,JAZZ","BURLESQUE,FOLK,JAZZ",9,1659,23,29:14,https://i1.sndcdn.com/artworks-zGmZBF6E6J0dpCF7-7ObUQQ-t500x500.png,The Atheist Tango,L-243,2025-04-06 05:22,"BURLESQUEsutra,FOLKsutra,GROWsutra : GOD (etc),JAZZsutra,Questions for the (kind) POPE in the Sky,SHOWsutra where bananas play",checked
Awe Is Mighty (Maybe Even Holy) - GLOWsutra Conscious Indie LoFi Lullaby EPx2,https://soundcloud.com/bananasutra/sets/awe-is-mighty-maybe-even-holy-glowsutra-conscious-indie-lofi-epx2,,1,GLOWsutra,"BLUES,FOLK,INDIE,LOFI,MANTRA","BLUES,FOLK,INDIE,LOFI,MANTRA,PSYCHEDELIC,TRIP HOP",2,675,12,6:41,https://i1.sndcdn.com/artworks-OV8ZRGizQyraCB7N-C8HWOQ-t500x500.png,Awe Is Mighty,L-21,2025-12-30 00:34,"GLOWsutra : POET(ry),GLOWsutra where gratitude feeds,LOFIsutra,MANTRAsutra",checked
BANANA ALLELUIA ♾ EPx5 ♾ KNOWsutra BURLESQUE,https://soundcloud.com/bananasutra/sets/banana-alleluia-epx5-knowsutra-burlesque,,1,KNOWsutra,"BANJO,BURLESQUE,FOLK","BANJO,BURLESQUE,CABARET,FOLK",6,1307,24,20:03,https://i1.sndcdn.com/artworks-ygtp0Bp5Ccu1zSfd-ysCUOA-t500x500.png,Banana Alleluia,L-22,2025-08-01 09:27,"BURLESQUEsutra,KNOWsutra where questions matter,SHOWsutra : B.J. (is for Banana Jesters)",checked
Because the Light ☉ EPx4 VOL.01,https://soundcloud.com/bananasutra/sets/because-the-light-epx4-vol01,,1,GROWsutra,MANTRA,MANTRA,4,2191,20,13:30,https://i1.sndcdn.com/artworks-ZPfcJ5Xdh8yItO33-t97RIA-t500x500.png,Because the Light,L-28,2025-04-25 04:46,"BANJOsutra,BLOWsutra,BLOWsutra : REVOLT (now),INDIEsutra,LOFIsutra,MANTRAsutra",checked
Bee the Fool EP x2 : BANJOsutra,https://soundcloud.com/bananasutra/sets/bee-the-fool-ep-x2-honeysutra,,1,SHOWsutra,"BANJO,BLUES,FOLK","BANJO,BLUES,FOLK",2,401,5,7:16,https://i1.sndcdn.com/artworks-1QKzz4xNQaa8y2oX-Ru7mWg-t500x500.jpg,Be The Fool (Perfection Is A Lie),L-26,2024-12-21 03:33,"BANJOsutra,FLOWsutra where time is space,SHOWsutra: (shades of) FOOLS",checked
Best Teacher Award · in Love & Death : Indie Bliss EPx3 VOL. 1 : BOWsutra,https://soundcloud.com/bananasutra/sets/best-teacher-award-in-love-death-indie-lofi-epx3-vol-1-bowsutra,,1,BOWsutra,INDIE,INDIE,3,670,3,8:22,https://i1.sndcdn.com/artworks-naxN1Ew2hxBmEiva-OlsMuQ-t500x500.png,"Dead Dogs Deets,Like A Dog In The Sky,Blessed Be The Dogs","L-58,L-145,L-33",2025-04-09 11:15,"BLUESsutra,BOWsutra : (Thank) Dogs,BOWsutra : DEATH (is nothing),BOWsutra the last of 7 sutras · it's divine <3,INDIEsutra,MANTRAsutra",checked
Blaise's Tale ⭐︎ EPx3 ⭐︎ KNOWsutra Folk Cabaret,https://soundcloud.com/bananasutra/sets/blaises-tale-epx3-knowsutra-folk-cabaret,,1,KNOWsutra,"BANJO,BURLESQUE,FOLK","BANJO,BURLESQUE,CABARET,FOLK",3,587,5,8:41,https://i1.sndcdn.com/artworks-nZjm9BvXode0nW5K-5dXY2A-t500x500.png,Blaise's Tale,L-31,2025-08-24 01:01,"BANJOsutra,BURLESQUEsutra,FOLKsutra,KNOWsutra : but(t) WHY,KNOWsutra where questions matter",checked
Blessed Are the Cracked EP X3,https://soundcloud.com/bananasutra/sets/blessed-are-the-cracked-ep-x3,,1,GLOWsutra,JAZZ,JAZZ,3,600,4,9:45,https://i1.sndcdn.com/artworks-d9e5zeXofS20S4AQ-Lb1s5g-t500x500.png,Berries & Beaches,L-30,2024-12-11 23:08,"BURLESQUEsutra,GLOWsutra : RAINBOWS (in my clouds),GLOWsutra where gratitude feeds,JAZZsutra",checked
Blessed Be the Dogs ☰ SHOWsutra EPx9 ☰ Post-Punk Burlesque ROCK,https://soundcloud.com/bananasutra/sets/blessed-be-the-dogs-showsutra-epx9-post-punk-burlesque-rock,,1,BOWsutra,"BURLESQUE,ROCK","BURLESQUE,PUNK,ROCK",9,1915,31,35:13,https://i1.sndcdn.com/artworks-kAEVcohylwIZch0q-ThHu4Q-t500x500.png,Blessed Be The Dogs,L-33,2025-08-15 01:39,"BOWsutra : (Thank) Dogs,ROCKsutra,SHOWsutra where bananas play",checked
Bloom Past Doom (Apes Gone Wrong Series) EPx5 - BLOWsutra (Revolt Now)  Grassroots Hope Song,https://soundcloud.com/bananasutra/sets/bloom-past-doom-apes-gone-wrong-series-epx5-blowsutra-revolt-now-grassroots-hope-song,,1,BLOWsutra,"BURLESQUE,FOLK,INDIE,JAZZ","BURLESQUE,CABARET,COUNTRY,FOLK,INDIE,JAZZ,PSYCHEDELIC,SOUL",5,3455,37,15:41,https://i1.sndcdn.com/artworks-NfNdCTLZ9C9HupPU-ETvEcw-t500x500.png,Bloom Past Doom,L-36,2026-01-15 07:26,"BLOWsutra,BLOWsutra : REVOLT (now),BURLESQUEsutra,FOLKsutra,INDIEsutra,QUACKsutra where we sing FU",checked
Bloom Past Doom - Vol. 2 · 2 songs EPx7 - BLOWsutra (Revolution Ring Series) Fusion Jazz,https://soundcloud.com/bananasutra/sets/bloom-past-doom-vol-2-2-songs-epx7-blowsutra-revolution-ring-series-fusion-jazz,,2,BLOWsutra,"BANJO,BLUES,BURLESQUE,DUB,FOLK,INDIE,JAZZ","BANJO,BLUES,BURLESQUE,DUB,FOLK,GIPSY,INDIE,JAZZ,PSYCHEDELIC",7,5529,68,22:38,https://i1.sndcdn.com/artworks-UsXPQkqEgN2gCzJ6-0lSKCQ-t500x500.png,Bloom Past Doom,L-36,2026-01-16 04:36,"BLOWsutra,BLUESsutra,DUBsutra,FOLKsutra,INDIEsutra,JAZZsutra",checked
Bo Burnham Gone Bananas 🍌 COVERsutra Vaudeville Indie JAZZ EPx11,https://soundcloud.com/bananasutra/sets/bo-burnham-gone-bananas-coversutra-epx11,,1,SHOWsutra,"BLUES,BURLESQUE,DUB,INDIE,JAZZ,LOFI","BLUES,BURLESQUE,DUB,INDIE,JAZZ,LOFI",11,4336,47,43:15,https://i1.sndcdn.com/artworks-0cRNu3FFXne8uJuk-QwQNJA-t500x500.png,Bo Burnham Covers,L-37,2026-03-07 23:40,"BURLESQUEsutra,DUBsutra,INDIEsutra,JAZZsutra,LOFIsutra",checked
But(t) How Can You? GROWsutra (Dare to Care) EPx10,https://soundcloud.com/bananasutra/sets/butt-how-can-you-growsutra-epx10,,1,KNOWsutra,"DUB,INDIE,LOFI","DUB,GIPSY,HIP HOP,INDIE,LOFI,PSYCHEDELIC,RAGGA",10,4322,16,19:15,https://i1.sndcdn.com/artworks-wzNXJ0kKC1UWtYRu-qF7vrw-t500x500.png,But(t) How Can You?,L-40,2026-03-06 21:23,"DUBsutra,GROWsutra where we be brave,INDIEsutra,LOFIsutra",checked
But(t) How you Kids Learn Now? EPx9 VOL. 01,https://soundcloud.com/bananasutra/sets/butt-how-you-kids-learn-now-epx9-vol-01,,1,KNOWsutra,"FOLK,INDIE,JAZZ","FOLK,INDIE,JAZZ",9,1951,29,30:18,https://i1.sndcdn.com/artworks-s7JwXEm6wQmnuT1J-ySHR0g-t500x500.png,How Do Kids Learn Now?,L-106,2025-04-14 18:55,"BANJOsutra,BURLESQUEsutra,FOLKsutra,GROWsutra where we be brave,JAZZsutra,KNOWsutra : (naked) TRUTH,KNOWsutra where questions matter",checked
Carnival FOTUS (ctd) EP X3,https://soundcloud.com/bananasutra/sets/carnival-fotus-ctd-ep-x3,,1,SHOWsutra,BURLESQUE,BURLESQUE,3,552,6,9:27,https://i1.sndcdn.com/artworks-MzAkEow42yD4mCMA-FITGfQ-t500x500.png,Carnival FOTUS (ctd),L-41,2024-12-19 03:54,"BURLESQUEsutra,QUACKsutra : FOTUS Circus,QUACKsutra where we sing FU,SHOWsutra where bananas play",checked
Cassandra’s Lullaby • KNOWsutra EPx11 World,https://soundcloud.com/bananasutra/sets/cassandras-lullaby,,1,KNOWsutra,"BLUES,BURLESQUE,FOLK,INDIE,JAZZ,MANTRA","BLUES,BURLESQUE,FOLK,INDIE,JAZZ,MANTRA",11,2597,35,44:36,https://i1.sndcdn.com/artworks-8MtzAVxPSN3vdqbc-b7c54g-t500x500.png,Cassandra's Lullaby,L-42,2025-07-14 07:39,"BLUESsutra,BURLESQUEsutra,FOLKsutra,INDIEsutra,KNOWsutra : PEACE (not War),KNOWsutra where questions matter,MANTRAsutra",checked
Courage · Care · and Coconuts © GROWsutra EPx4,https://soundcloud.com/bananasutra/sets/courage-care-and-coconuts-growsutra-epx4,,1,GROWsutra,"FOLK,INDIE","FOLK,INDIE",4,1014,6,9:22,https://i1.sndcdn.com/artworks-QE4Tkx0EyHytvlYD-6WhWtA-t500x500.png,"""Courage, care, and coconuts""",L-46,2025-05-23 12:12,"BANJOsutra,FOLKsutra,GROWsutra : KIND(ness),GROWsutra where we be brave,LOFIsutra",checked
Creepy Con Meme EPX2 • Dicky Ducky DUBsutra,https://soundcloud.com/bananasutra/sets/creepy-con-meme-epx2-dicky-ducky-dubsutra,,1,QUACKsutra,DUB,DUB,2,550,4,6:26,https://i1.sndcdn.com/artworks-DywO4KaBtyF8CyML-ToVQ2g-t500x500.png,Creepy Con Meme,L-48,2025-02-22 21:09,"DUBsutra,LOFIsutra,QUACKsutra : DUCK (shady),QUACKsutra where we sing FU",checked
CREEPYPASTA (what the hella) ♅ SHOWsutra ♅ EPx23 Side A+B,https://soundcloud.com/bananasutra/sets/creepypasta-what-the-hella-showsutra-epx23-side-ab,,1,SHOWsutra,"BANJO,BURLESQUE,DUB,INDIE,LOFI","BANJO,BURLESQUE,DUB,GIPSY,INDIE,LOFI,PSYCHEDELIC,PUNK,RAGGA",27,7023,45,58:50,https://i1.sndcdn.com/artworks-fcCvHghEuNgLNX4y-dpY9Mg-t500x500.png,Creepy Pasta (What The Hella),L-49,2025-10-21 08:20,"BANJOsutra,BURLESQUEsutra,DUBsutra,INDIEsutra,LOFIsutra,SHOWsutra : B.J. (is for Banana Jesters),SHOWsutra where bananas play",checked
Creo (La Poesia) ☘ EPx10 VOL.01 ☘ Bananasutra En Español,https://soundcloud.com/bananasutra/sets/creo-la-poesia-epx10-vol01-bananasutra-en-espanol,,1,GLOWsutra,DUB,"DUB,FADO,FLAMENCO,PSYCHEDELIC,RAGGA",10,4786,48,36:34,https://i1.sndcdn.com/artworks-HYGREko4IUXdrDm0-LliGgA-t500x500.png,Creo (La Poesia),L-51,2025-05-27 13:06,"DUBsutra,GLOWsutra : POET(ry),GLOWsutra where gratitude feeds,MANTRAsutra,WORLDsutra : SPAN(k)ish",checked
Crimina/els EP,https://soundcloud.com/bananasutra/sets/crimina-els-ep,,,BLOWsutra,"BLUES,JAZZ","BLUES,CABARET,GIPSY,JAZZ",3,553,6,6:59,https://i1.sndcdn.com/artworks-N2bJW7Tqp3S7Ldn6-PMk8kA-t500x500.jpg,"Criminals,Criminals (Bertrand Edition),Criminels","L-52,L-394,L-53",2024-11-19 17:54,"BLOWsutra,BLOWsutra : APES (gone wrong),BURLESQUEsutra,FOLKsutra,FRENCHsutra oui oui · sacrebleu,OUI OUI : Pardon (my French),SINGLEsutra Exclusive SoundCloud (woo)",checked
Curious Like A Kiss • FLOWsutra Cheeky Duende EPx11,https://soundcloud.com/bananasutra/sets/curious-like-a-kiss-flowsutra-epx11,,1,FLOWsutra,"BURLESQUE,DUB,INDIE,LOFI","BURLESQUE,DUB,FLAMENCO,GIPSY,INDIE,LOFI",11,8133,62,34:05,https://i1.sndcdn.com/artworks-zbyI4lbDpbvjrsBi-cszDDA-t500x500.png,Curious Like A Kiss,L-54,2026-03-11 18:25,"BURLESQUEsutra,FLOWsutra where time is space,INDIEsutra,LOFIsutra",checked
Daddy's a Creep ⚞  P3d0 T-Shirts ON SALE ⚟ BLOWsutra EPx4,https://soundcloud.com/bananasutra/sets/daddys-a-creep-p3d0-t-shirts-on-sale-blowsutra-epx4,,1,BLOWsutra,"BLUES,BURLESQUE,JAZZ,LOFI","BLUES,BURLESQUE,JAZZ,LOFI",4,782,5,10:36,https://i1.sndcdn.com/artworks-fryyTDM2WyR2DKBA-QI4BwQ-t500x500.png,Daddy's a Creep,L-56,2025-07-06 22:28,"BLUESsutra,BURLESQUEsutra,FOTUS CIRCUS Playlist An American Freaks Show,MANTRAsutra,QUACKsutra : FOTUS Circus,QUACKsutra where we sing FU",checked
Darling EP,https://soundcloud.com/bananasutra/sets/arthur-darling,,1,BOWsutra,INDIE,INDIE,4,1555,22,13:47,https://i1.sndcdn.com/artworks-sm0RyWK8U9ogWbAR-vvmBLg-t500x500.png,Darling,L-57,2024-11-20 21:30,"BOWsutra : DEATH (is nothing),BOWsutra the last of 7 sutras · it's divine <3,INDIEsutra,JAZZsutra,MANTRAsutra",checked
DEFY (Vol 2) - 3 Songs EPx6 - BLOWsutra Revolution Ring LoFi Jazz Fusion,https://soundcloud.com/bananasutra/sets/defy-vol-2-3-songs-epx6-blowsutra-revolution-ring-lofi-jazz-fusion,,2,BLOWsutra,"BURLESQUE,JAZZ,LOFI","BURLESQUE,JAZZ,LOFI,PSYCHEDELIC,TRIP HOP",7,7668,50,19:37,https://i1.sndcdn.com/artworks-ZOzjbG3qBNgMzOWS-9LnxjQ-t500x500.png,"Shameless (DEFY),Optics Of Cruelty (DEFY),Universal Currency","L-219,L-275,L-177",2026-01-08 07:26,"BLOWsutra,BURLESQUEsutra,JAZZsutra,LOFIsutra",checked
DEFY ✰ 3 Songs EPx7 ✰ BLOWsutra Jazzy Folk Lo-Fi BLUES,https://soundcloud.com/bananasutra/sets/defy-3-songs-epx7-blowsutra-jazzy-folk-lo-fi-blues,,1,BLOWsutra,"BLUES,FOLK,JAZZ,LOFI","BLUES,FOLK,JAZZ,LOFI,TRIP HOP",7,1529,11,21:43,https://i1.sndcdn.com/artworks-YZdPzrWX9SlHjJ6q-GKzInQ-t500x500.png,"Shameless (DEFY),Optics Of Cruelty (DEFY),Universal Currency","L-219,L-275,L-177",2025-07-25 09:45,"BLOWsutra,BLOWsutra : REVOLT (now),BLUESsutra,LOFIsutra",checked
Do Panic Now ✝ GROWsutra EPx13,https://soundcloud.com/bananasutra/sets/do-panic-now-growsutra-epx13,,1,BLOWsutra,"DUB,FOLK,INDIE,JAZZ,LOFI,MANTRA","DUB,FOLK,GIPSY,INDIE,JAZZ,LOFI,MANTRA,RAGGA",13,2551,18,35:43,https://i1.sndcdn.com/artworks-BsO5CMcHbZ0M93kT-isQTpA-t500x500.png,Do Panic Now,L-61,2025-06-29 05:49,"BLOWsutra : REVOLT (now),DUBsutra,FOLKsutra,INDIEsutra,JAZZsutra,LOFIsutra,MANTRAsutra",checked
Donkeys Years - SHOWsutra Fanana Club Gratitude EPx20,https://soundcloud.com/bananasutra/sets/donkeys-years-showsutra-fanana-club-gratitude-epx20,,1,GLOWsutra,"BURLESQUE,DUB,INDIE,JAZZ,LOFI,ROCK","BURLESQUE,CABARET,DUB,FLAMENCO,GIPSY,INDIE,JAZZ,LOFI,PSYCHEDELIC,RAGGA,ROCK",20,10851,103,59:12,https://i1.sndcdn.com/artworks-09nrbUudNilo3UyQ-Qz1LzA-t500x500.png,Donkeys Years,L-63,2025-12-09 00:16,"BURLESQUEsutra,INDIEsutra,JAZZsutra,LOFIsutra,SHOWsutra : FANANA Club,SHOWsutra where bananas play",checked
Double Standards EPx3 VOL. 1 • BURLESQUEsutra,https://soundcloud.com/bananasutra/sets/double-standards-epx3-burlesquesutra,,1,GROWsutra,BURLESQUE,BURLESQUE,3,610,10,9:59,https://i1.sndcdn.com/artworks-EbCkPt5OXsQDVEWJ-qwqVYw-t500x500.jpg,Double Standards,L-64,2025-01-22 09:24,"BLOWsutra,BLOWsutra : APES (gone wrong),BURLESQUEsutra,DUBsutra,JAZZsutra,KNOWsutra where questions matter",checked
Double Standards EPx4 VOL. 2 ★ BLOWsutra LOFI,https://soundcloud.com/bananasutra/sets/double-standards-ep-4-vol-2,,2,BLOWsutra,"FOLK,LOFI","FOLK,LOFI",4,755,4,12:16,https://i1.sndcdn.com/artworks-CzCzt9mTlZWzjTqp-8FLR4g-t500x500.png,Double Standards,L-64,2025-04-02 05:42,"FOLKsutra,GROWsutra : DARE (to care),GROWsutra where we be brave,JAZZsutra,MANTRAsutra",checked
Dressed in (nothing butt) Wonder ★ Exxxplore and Play (EP) x16 Bananas,https://soundcloud.com/bananasutra/sets/dressed-in-nothing-butt-wonder-exxxplore-and-play-ep-x16-bananas,,1,SHOWsutra,"BURLESQUE,DUB,FOLK","BURLESQUE,DUB,FOLK,RAGGA",16,3236,35,48:15,https://i1.sndcdn.com/artworks-1DyhYd51j78cqPch-AJYylQ-t500x500.png,Dressed In (Nothing Butt) Wonder,L-65,2025-04-06 22:50,"BANJOsutra,BLUESsutra,SHOWsutra : FANANA Club,SHOWsutra where bananas play",checked
Dump Trump EPx4 🪦 BLOWsutra Burlesque ROCK,https://soundcloud.com/bananasutra/sets/dump-trump-epx4-blowsutra-burlesque-rock,,1,BLOWsutra,"BURLESQUE,LOFI,MANTRA,ROCK","BURLESQUE,LOFI,MANTRA,PUNK,ROCK",4,719,5,12:41,https://i1.sndcdn.com/artworks-j9D9XVaWNRVgQ3WS-Ns1zng-t500x500.png,Dump Trump,L-66,2025-09-04 20:33,"LOFIsutra,QUACKsutra : DUCK (shady),QUACKsutra where we sing FU,ROCKsutra",checked
Easy (Death Is Nothing At All) ❣ BOWsutra EPx9,https://soundcloud.com/bananasutra/sets/easy-death-is-nothing-at-all-bowsutra-epx9,,1,BOWsutra,"BANJO,BLUES,DUB,INDIE","BANJO,BLUES,DUB,INDIE",9,2017,25,32:39,https://i1.sndcdn.com/artworks-bzZBqdfk2aR7Mc8I-ba7MdA-t500x500.png,Easy (Death Is Nothing At All),L-67,2025-09-26 19:38,"BLUESsutra,BOWsutra : DEATH (is nothing),BOWsutra the last of 7 sutras · it's divine <3,DUBsutra,INDIEsutra",checked
Ego Ain't Your Amigo • Vol. 2 · EPx21 • BLOWsutra (Ego Gone Loco)  Dub LoFi Burlesque,https://soundcloud.com/bananasutra/sets/ego-aint-your-amigo-vol2-epx21-blowsutra-dub-lofi,,2,BLOWsutra,"BLUES,BURLESQUE,DUB,FOLK,INDIE,JAZZ,LOFI,ROCK","BLUES,BURLESQUE,DUB,FLAMENCO,FOLK,GIPSY,HIP HOP,INDIE,JAZZ,LOFI,PSYCHEDELIC,PUNK,ROCK",21,27570,286,1:24:25,https://i1.sndcdn.com/artworks-qfOVhmHG1WJJqjc9-k1w2VA-t500x500.png,Ego Ain't Your Amigo,L-68,2026-02-23 04:45,"BLOWsutra,BLOWsutra : EGO (gone loco),BLUESsutra,BURLESQUEsutra,DUBsutra,LOFIsutra",checked
Ego Ain't Your Amigo ⭐︎ EPx14 VOL. 01 ⭐︎ True Tales of BLUESsutra,https://soundcloud.com/bananasutra/sets/ego-aint-your-amigo-epx14-vol-01-true-tales-of-bluessutra,,1,BLOWsutra,"BANJO,BLUES,BURLESQUE,DUB,FOLK,JAZZ","BANJO,BLUES,BURLESQUE,DUB,FOLK,JAZZ",14,2694,22,44:22,https://i1.sndcdn.com/artworks-6Al7JWcSGShXvOzO-NMakyQ-t500x500.jpg,Ego Ain't Your Amigo,L-68,2025-04-16 03:50,"BANJOsutra,BLUESsutra,BURLESQUEsutra,DUBsutra,FOLKsutra,FOTUS CIRCUS Playlist An American Freaks Show,GROWsutra where we be brave,JAZZsutra,KNOWsutra where questions matter,QUACKsutra : DUCK (shady),QUACKsutra where we sing FU",checked
EGO's Masquerade • EPx4 • BLOWsutra Tzigane Trip Hop Lo-Fi INDIE,https://soundcloud.com/bananasutra/sets/egos-masquerade-epx4-tzigane-trip-hop-lo-fi-indie,,1,BLOWsutra,"INDIE,LOFI","INDIE,LOFI,TRIP HOP",4,839,14,19:03,https://i1.sndcdn.com/artworks-JnuEvmR6UOwtbaIM-AYNThw-t500x500.png,EGO's Masquerade,L-69,2025-08-26 03:00,"BLOWsutra,BLOWsutra : EGO (gone loco),MANTRAsutra",checked
El Papito Leo Es No MAGA Show ☰ KNOWsutra EPx6,https://soundcloud.com/bananasutra/sets/el-papito-leo-es-no-maga-show-knowsutra-epx6,,1,GROWsutra,"DUB,INDIE,JAZZ","DUB,INDIE,JAZZ",6,3633,24,15:38,https://i1.sndcdn.com/artworks-pO4mbYYB5FWshxlE-Emrw6Q-t500x500.png,El Papito (Es No MAGA Show),L-70,2025-06-23 22:28,"DUBsutra,GROWsutra : GOD (etc),INDIEsutra,JAZZsutra",checked
En Vrai · On Est Tous Frères ䷁ FRENCH BLUESsutra EPx5,https://soundcloud.com/bananasutra/sets/en-vrai-on-est-tous-freres-banjo-frenchsutra-epx5,,1,KNOWsutra,"BANJO,BLUES,FOLK,LOFI,MANTRA","BANJO,BLUES,FOLK,LOFI,MANTRA",5,1334,24,16:26,https://i1.sndcdn.com/artworks-LV5LoqM7mHhduC2y-UvDK3w-t500x500.jpg,"""En Vrai, On Est Tous Frères""",L-71,2025-01-28 03:36,"BANJOsutra,BLUESsutra,FOLKsutra,FRENCHsutra oui oui · sacrebleu,GLOWsutra where gratitude feeds,KNOWsutra where questions matter,LOFIsutra,MANTRAsutra,OUI OUI : Pardon (my French)",checked
Ethical Paradox (Bertrand Undone),https://soundcloud.com/bananasutra/sets/ethical-paradox-bertrand-undone,,1,KNOWsutra,INDIE,INDIE,4,776,8,13:54,https://i1.sndcdn.com/artworks-e6OYFWuOzXif0Mz7-XAx0EQ-t500x500.jpg,It's An Ethical Paradox,L-116,2024-12-26 10:06,"BLOWsutra,DUBsutra,FOLKsutra,JAZZsutra,KNOWsutra : BERTRAND (mon chéri),KNOWsutra where questions matter,LOFIsutra,Questions for the (kind) POPE in the Sky",checked
Everybody Knows EP x6 : INDIEsutra,https://soundcloud.com/bananasutra/sets/everybody-knows-epx6-indie-rocksutra,,2,KNOWsutra,INDIE,INDIE,6,806,3,14:37,https://i1.sndcdn.com/artworks-idU4oy8bvs1SNH2k-5V1pjg-t500x500.png,Everybody Knows,L-72,2025-01-15 00:59,"BURLESQUEsutra,INDIEsutra,KNOWsutra where questions matter,LOFIsutra,MANTRAsutra,ROCKsutra",checked
Everybody Knows ✔ Vol. 03 - EPx7 ✔ KNOWsutra Gipsy Trip Hop Truth Prayer Dream,https://soundcloud.com/bananasutra/sets/everybody-knows-vol-03-epx7-knowsutra-gipsy-trip-hop-truth-prayer-dream,,3,KNOWsutra,"BLUES,BURLESQUE,DUB,INDIE,JAZZ,LOFI","BLUES,BURLESQUE,DUB,GIPSY,INDIE,JAZZ,LOFI,PSYCHEDELIC,TRIP HOP",7,4473,56,28:35,https://i1.sndcdn.com/artworks-WS97VCa9dwPRoGyv-ajY3dQ-t500x500.png,Everybody Knows,L-72,2025-11-03 04:34,"BLUESsutra,INDIEsutra,KNOWsutra : (naked) TRUTH,KNOWsutra where questions matter",checked
F-BOMB ⚝ SHOWsutra DUB EPx7,https://soundcloud.com/bananasutra/sets/f-bomb-showsutra-dub-epx7,,1,SHOWsutra,"BURLESQUE,DUB,INDIE","BURLESQUE,DUB,GIPSY,INDIE",7,1185,5,21:56,https://i1.sndcdn.com/artworks-MaDI6oRlKnS475ml-wUwvOA-t500x500.png,F-BOMB DUB,L-75,2025-07-02 21:47,DUBsutra,checked
Fluye (como el mar) FLOWsutra,https://soundcloud.com/bananasutra/sets/fluye-como-el-mar-flowsutra,,1,FLOWsutra,"DUB,INDIE","DUB,FADO,INDIE,RAGGA",11,4216,41,30:53,https://i1.sndcdn.com/artworks-JJ4nzGR7Kbx7XkxH-xkazNQ-t500x500.png,Fluye (como el mar),L-77,2025-05-19 11:17,"DUBsutra,FLOWsutra : FLY (like water),INDIEsutra",checked
Foolish EPx5,https://soundcloud.com/bananasutra/sets/foolish-epx5,,1,KNOWsutra,"INDIE,FOLK","INDIE,FOLK",5,1319,26,17:26,https://i1.sndcdn.com/artworks-ce9hM1VBBXA95Gge-sqzp2g-t500x500.png,Foolish,L-79,2024-12-18 04:19,"BURLESQUEsutra,DUBsutra,FLOWsutra : WET (my friend),FLOWsutra where time is space,FOLKsutra,INDIEsutra,JAZZsutra",checked
Foolish Goldfish (Forever) ❃ Vol. 02 EPx15 ❃ KNOWsutra Peace (Not War),https://soundcloud.com/bananasutra/sets/foolish-goldfish-forever-vol-02-epx15-knowsutra-peace-not-war,,1,KNOWsutra,"BLUES,DUB,FOLK,INDIE,LOFI","BLUES,DUB,FOLK,INDIE,LOFI,PSYCHEDELIC,SOUL",15,8873,64,1:03:59,https://i1.sndcdn.com/artworks-0YzGiltzEidfTrxR-osiLXg-t500x500.png,Foolish Goldfish (Forever),L-80,2025-11-26 04:04,"BLUESsutra,DUBsutra,FOLKsutra,INDIEsutra,KNOWsutra : PEACE (not War),LOFIsutra",checked
FOTUS CIRCUS ★ VOL.2 EPx10 ★ BURLESQUEsutra,https://soundcloud.com/bananasutra/sets/fotus-circus-vol2-epx10-burlesquesutra,,2,QUACKsutra,"BANJO,BURLESQUE,FOLK,JAZZ,LOFI,ROCK","BANJO,BURLESQUE,FOLK,JAZZ,LOFI,ROCK",10,1698,11,32:55,https://i1.sndcdn.com/artworks-44IaWyIDQ4KPbMKz-LMbmBg-t500x500.png,FOTUS Circus: Ginsberg Hollow (Horror) Show,L-82,2025-05-21 02:01,"BANJOsutra,FOTUS CIRCUS Playlist An American Freaks Show,LOFIsutra,QUACKsutra : FOTUS Circus",checked
FOTUS CIRCUS ★ VOL.3 EPx9 ★ BURLESQUEsutra,https://soundcloud.com/bananasutra/sets/fotus-circus-vol3-epx9-burlesquesutra,,3,QUACKsutra,"BANJO,BURLESQUE,DUB,FOLK,MANTRA","BANJO,BURLESQUE,DUB,FOLK,MANTRA,RAGGA",9,2415,16,28:23,https://i1.sndcdn.com/artworks-TISJ7mgoFUnIyF3o-Nc2YDg-t500x500.png,FOTUS Circus: Ginsberg Hollow (Horror) Show,L-82,2025-05-21 02:07,"BANJOsutra,FOTUS CIRCUS Playlist An American Freaks Show,MANTRAsutra,QUACKsutra : FOTUS Circus",checked
FOTUS CIRCUS ★ VOL.4 EPx9 ★ BURLESQUEsutra,https://soundcloud.com/bananasutra/sets/fotus-circus-vol4-epx9-burlesquesutra,,4,QUACKsutra,"BANJO,BURLESQUE,DUB,JAZZ","BANJO,BURLESQUE,DUB,JAZZ",9,3996,22,28:50,https://i1.sndcdn.com/artworks-hEoexhjMEJaTLs2Y-y53BjQ-t500x500.png,FOTUS Circus: Angels Eyes,L-81,2025-05-21 02:12,"BANJOsutra,DUBsutra,FOTUS CIRCUS Playlist An American Freaks Show,JAZZsutra,QUACKsutra : FOTUS Circus",checked
Freee · La Fille • French SHOWsutra Psychedelic EPx10,https://soundcloud.com/bananasutra/sets/freee-la-fille-french-showsutra-psychedelic-epx10,,1,FLOWsutra,"BURLESQUE,DUB,LOFI","BURLESQUE,DUB,HIP HOP,LOFI,PSYCHEDELIC,RAGGA",10,6709,53,30:12,https://i1.sndcdn.com/artworks-RJT0le0yFOpGmfuI-gfY2hw-t500x500.png,"""Freee, La Fille""",L-84,2025-10-02 03:17,"BLUESsutra,BURLESQUEsutra,DUBsutra,FRENCHsutra oui oui · sacrebleu,LOFIsutra,OUI OUI : Pardon (my French),SHOWsutra where bananas play",checked
Genius EP,https://soundcloud.com/bananasutra/sets/genius,,1,KNOWsutra,"FOLK,INDIE,JAZZ","FOLK,INDIE,JAZZ",3,676,9,7:35,https://i1.sndcdn.com/artworks-VkDI20lCoNvB6yuu-kEiBRg-t500x500.jpg,Genius EP,L-86,2024-11-19 17:52,"FOLKsutra,GROWsutra : KIND(ness),INDIEsutra,KNOWsutra where questions matter",checked
Gladys in Sonderland EPx14 • SHOWsutra Psychedelic Gipsy Dream,https://soundcloud.com/bananasutra/sets/gladys-in-sonderland-epx14-showsutra-psychedelic-gipsy-dream,,1,SHOWsutra,"BANJO,BLUES,BURLESQUE,INDIE,LOFI","BANJO,BLUES,BURLESQUE,GIPSY,INDIE,LOFI,PSYCHEDELIC",14,7692,68,1:06:19,https://i1.sndcdn.com/artworks-6hfJ7MQsBYyjyhKs-VO8orw-t500x500.png,Gladys in Sonderland,L-88,2025-10-30 08:21,"BANJOsutra,BLUESsutra,BURLESQUEsutra,INDIEsutra,SHOWsutra : FANANA Club,SHOWsutra where bananas play",checked
Glitter on a Turd ❯ GROWsutra Banana Cabaret EPx5,https://soundcloud.com/bananasutra/sets/glitter-on-a-turd-epx5,,1,GROWsutra,"BURLESQUE,INDIE","BURLESQUE,CABARET,INDIE",5,2501,26,14:49,https://i1.sndcdn.com/artworks-XYwpBnKZkAc8nA2R-sfypIw-t500x500.png,Glitter On A Turd,L-89,2025-05-23 11:53,"BURLESQUEsutra,GROWsutra : KIND(ness),GROWsutra where we be brave,JAZZsutra,LOFIsutra",checked
Grifters • BLOWsutra (Apes Gone Wrong) EPx14,https://soundcloud.com/bananasutra/sets/grifters-blowsutra-epx14,,1,BLOWsutra,"BANJO,BLUES,BURLESQUE,DUB,FOLK,INDIE,LOFI,ROCK","BANJO,BLUES,BURLESQUE,COUNTRY,DUB,FADO,FLAMENCO,FOLK,GIPSY,HIP HOP,INDIE,LOFI,PSYCHEDELIC,PUNK,ROCK",14,4443,49,43:26,https://i1.sndcdn.com/artworks-iPtXxjIVQyjzpElZ-rzZZyw-t500x500.png,Grifters,L-90,2026-04-08 08:58,"BANJOsutra,BLOWsutra,BLUESsutra,BURLESQUEsutra,DUBsutra,INDIEsutra,LOFIsutra",checked
Hammy On Clyde ✪ SHOWsutra EPx8,https://soundcloud.com/bananasutra/sets/hammy-on-clyde-showsutra-epx8,,1,SHOWsutra,"BLUES,DUB,FOLK,JAZZ,LOFI","BLUES,DUB,FOLK,GIPSY,JAZZ,LOFI",8,1571,11,35:38,https://i1.sndcdn.com/artworks-safSzuvAHiwvn0LF-0u5a3Q-t500x500.png,Hammy On Clyde,L-92,2025-10-17 06:26,"BANJOsutra,BLUESsutra,BOWsutra : (Thank) Dogs,DUBsutra,JAZZsutra,LOFIsutra,SHOWsutra where bananas play",checked
Hard Core (Questions that Matter) X5,https://soundcloud.com/bananasutra/sets/hard-core-x5,,1,KNOWsutra,BURLESQUE,BURLESQUE,5,4661,44,15:20,https://i1.sndcdn.com/artworks-TawBy2TG82lsrzx3-SEV7yw-t500x500.png,Hard Core,L-93,2024-11-15 04:12,"BANJOsutra,BLUESsutra,BURLESQUEsutra,FOTUS CIRCUS Playlist An American Freaks Show,JAZZsutra,KNOWsutra : (naked) TRUTH,KNOWsutra where questions matter,QUACKsutra where we sing FU,Questions for the (kind) POPE in the Sky",checked
HashtagWHY (to be ctd...),https://soundcloud.com/bananasutra/sets/hashtagwhy-to-be-ctd,,1,KNOWsutra,ROCK,PUNK ROCK,2,529,5,6:23,https://i1.sndcdn.com/artworks-0LTSLaDkEUo21nzx-OHpjRw-t500x500.jpg,HashtagWHY (Sorry Not Sorry),L-94,2024-12-23 02:47,"BANJOsutra,KNOWsutra : but(t) WHY,KNOWsutra where questions matter,MANTRAsutra",checked
Hello · Oh No • EPx16 • GROWsutra Psychedelic Logic Harmonics,https://soundcloud.com/bananasutra/sets/hello-oh-no-growsutra-psychedelic-epx16,,1,GROWsutra,"BANJO,BLUES,BURLESQUE,DUB,FOLK,INDIE,JAZZ,LOFI","BANJO,BLUES,BURLESQUE,CABARET,DUB,FLAMENCO,FOLK,GIPSY,INDIE,JAZZ,LOFI,PSYCHEDELIC,PUNK",16,11228,121,48:03,https://i1.sndcdn.com/artworks-X8yzz8V1uH0GpZZw-fED3yQ-t500x500.png,"""Hello, Oh No""",L-95,2026-02-26 22:16,"BLUESsutra,BURLESQUEsutra,DUBsutra,GROWsutra where we be brave,JAZZsutra,LOFIsutra",checked
Hereby · I Cry ☠ BLOWsutra EPx5,https://soundcloud.com/bananasutra/sets/hereby-i-cry-blowsutra-epx5,,1,GROWsutra,"DUB,FOLK,JAZZ,MANTRA","DUB,FOLK,GIPSY,JAZZ,MANTRA",5,1534,22,18:15,https://i1.sndcdn.com/artworks-AJnyssyEpQIFaGYl-f1dxCg-t500x500.png,"""Hereby, I Cry""",L-96,2025-07-03 08:16,"BLOWsutra,DUBsutra,FOLKsutra,FOTUS CIRCUS Playlist An American Freaks Show,GROWsutra : DARE (to care),JAZZsutra,MANTRAsutra,QUACKsutra where we sing FU",checked
Hey · Creeps • EPx20 • BLOWsutra Ego Gone Loco,https://soundcloud.com/bananasutra/sets/hey-creeps-epx20-blowsutra-ego-gone-loco,,1,BLOWsutra,"BURLESQUE,DUB,INDIE,JAZZ,LOFI,ROCK","BURLESQUE,DUB,GIPSY,HIP HOP,INDIE,JAZZ,LOFI,PSYCHEDELIC,PUNK,ROCK",20,10991,85,1:08:23,https://i1.sndcdn.com/artworks-D95jhvq945VUHBlk-M2mkVQ-t500x500.png,"""Hey, Creeps""",L-97,2025-11-23 19:48,"BLOWsutra,BLOWsutra : EGO (gone loco),DUBsutra,LOFIsutra,ROCKsutra",checked
Hey · You ✖ EPx8 ✖ BLOWsutra Indie Punk ROCK,https://soundcloud.com/bananasutra/sets/hey-you-blowsutra-jazz-punk-rock,,1,BLOWsutra,"BURLESQUE,INDIE,ROCK","BURLESQUE,INDIE,PUNK,ROCK",7,1468,8,13:47,https://i1.sndcdn.com/artworks-8zXPkONAqcbxOwwP-p3Wifg-t500x500.png,"""Hey, You (Creepers)""",L-98,2025-08-01 08:24,"BLOWsutra,BLOWsutra : EGO (gone loco),BURLESQUEsutra,INDIEsutra,ROCKsutra",checked
Hi · My Name Is (Not Celine Dion) - Vol02 EPx11 - SHOWsutra Dubby Grass Burlesque Edition,https://soundcloud.com/bananasutra/sets/hi-my-name-is-not-celine-dion-vol02-epx11-showsutra-dubby-grass-burlesque-edition,,2,SHOWsutra,"BANJO,BURLESQUE,DUB,FOLK,JAZZ","BANJO,BURLESQUE,COUNTRY,DUB,FOLK,JAZZ,PSYCHEDELIC",11,2073,13,38:21,https://i1.sndcdn.com/artworks-8AeGeNBuRUKrnybC-5NKduw-t500x500.png,"""Hi, My Name Is (Not Celine Dion)""",L-99,2025-10-17 10:17,"BANJOsutra,BURLESQUEsutra,DUBsutra,FOLKsutra,JAZZsutra,SHOWsutra : FANANA Club,SHOWsutra where bananas play",checked
Hi · My Name Is (Not Celine Dion) - Vol03 EPx11 - SHOWsutra Gipsy Trip Hop World LoFi Edition,https://soundcloud.com/bananasutra/sets/hi-my-name-is-not-celine-dion-vol03-epx11-showsutra-gipsy-trip-hop-world-lofi-edition,,3,SHOWsutra,LOFI,"GIPSY,LOFI,TRIP HOP",11,2368,30,40:18,https://i1.sndcdn.com/artworks-F6v264OYqZyCDfpy-bKUKiA-t500x500.png,"""Hi, My Name Is (Not Celine Dion)""",L-99,2025-10-17 10:24,"LOFIsutra,SHOWsutra : FANANA Club,SHOWsutra where bananas play",checked
Hold the Mic · Babe  EP X7 | Soul Prayer Lullabies,https://soundcloud.com/bananasutra/sets/hold-the-mic-babe-soul,,1,GROWsutra,"BLUES,FOLK,MANTRA",SOUL,7,5086,23,19:47,https://i1.sndcdn.com/artworks-ZzVNwSHzbhNq9mzn-vHyL4w-t500x500.png,"""Hold The Mic, Babe""",L-102,2024-11-12 08:39,"BANJOsutra,BOWsutra the last of 7 sutras · it's divine <3,DUBsutra,GROWsutra : KIND(ness),GROWsutra where we be brave,JAZZsutra,MANTRAsutra",checked
Hope is So Do-Do-Dope 🎪🦤 SHOWsutra Surreal Soul Circus EPx9,https://soundcloud.com/bananasutra/sets/hope-is-so-do-do-dope-showsutra-surreal-soul-circus-epx9,,1,SHOWsutra,"BURLESQUE,INDIE,ROCK","BURLESQUE,GIPSY,INDIE,PSYCHEDELIC,ROCK,SOUL",9,1365,9,32:05,https://i1.sndcdn.com/artworks-6nsPwxZLywLDp58z-pvh8Pw-t500x500.png,Hope is Do-Do-Dope,L-104,2025-09-24 18:31,"BURLESQUEsutra,INDIEsutra,ROCKsutra,SHOWsutra where bananas play",checked
How to Help a Bible Bro Grow Up · In the name of Religious Freedom,https://soundcloud.com/bananasutra/sets/how-to-help-a-bible-bro-grow-up-in-the-name-of-religious-freedom,,1,GROWsutra,"DUB,FOLK,INDIE","DUB,FOLK,INDIE",7,1744,16,20:34,https://i1.sndcdn.com/artworks-iut6y3WtyieWGgpN-uNGjiA-t500x500.png,Shush (How To Help A Bible Bro Grow Up),L-222,2025-04-13 18:49,"BANJOsutra,BURLESQUEsutra,DUBsutra,FOLKsutra,GROWsutra : GOD (etc),GROWsutra where we be brave,JAZZsutra,LOFIsutra,MANTRAsutra,QUACKsutra where we sing FU,Questions for the (kind) POPE in the Sky",checked
I Ain't No Christian (No Holy Fool) ♥ EPx4 VOL.02,https://soundcloud.com/bananasutra/sets/i-aint-no-christian-no-holy-fool-epx4-vol02,,1,SHOWsutra,"BLUES,BURLESQUE,FOLK,INDIE,ROCK","BLUES,BURLESQUE,FOLK,INDIE,ROCK,SOUL",4,733,8,11:49,https://i1.sndcdn.com/artworks-FXu0T1aNuzRuPyMB-olhCZA-t500x500.png,I Ain't No Christian (Like Bertrand),L-109,2025-04-19 02:10,"BLUESsutra,BURLESQUEsutra,FOLKsutra,INDIEsutra,KNOWsutra where questions matter,QUACKsutra where we sing FU,Questions for the (kind) POPE in the Sky,ROCKsutra",checked
I Did the Math · and Everything is Stupid • SHOWsutra Snoopy Fanana Club EPx11,https://soundcloud.com/bananasutra/sets/i-did-the-math-and-everything-is-stupid-showsutra-snoopy-fanana-club-epx11,,1,SHOWsutra,"BURLESQUE,DUB,INDIE,JAZZ,ROCK","BURLESQUE,DUB,GIPSY,INDIE,JAZZ,PSYCHEDELIC,PUNK,ROCK",11,10246,104,40:34,https://i1.sndcdn.com/artworks-MzZS6UnLWFjCH0yw-Ud0ziA-t500x500.png,"""I Did The Math (Everything is Stupid, Absurd, and Divine""",L-110,2025-12-24 09:11,"BURLESQUEsutra,DUBsutra,INDIEsutra,ROCKsutra",checked
I Think I Need a Good Spank!ng (in Madrid) ⚯ SHOWsutra EPx9,https://soundcloud.com/bananasutra/sets/i-think-i-need-a-good-spankng-in-madrid-showsutra-epx9,,1,SHOWsutra,"BURLESQUE,DUB,INDIE,JAZZ","BURLESQUE,DUB,FADO,HIP HOP,INDIE,JAZZ",9,1594,13,26:59,https://i1.sndcdn.com/artworks-PfxPRXz3WMhUPWjS-5CSzRQ-t500x500.png,I Think I Need a Good Spank!ng (in Madrid),L-112,2025-07-02 23:26,"BURLESQUEsutra,DUBsutra,FLOWsutra : WET (my friend),INDIEsutra,JAZZsutra,LOFIsutra",checked
Idiocracy Now ✪ QUACKsutra EPx10,https://soundcloud.com/bananasutra/sets/idiocracy-now-quacksutra-epx10,,1,QUACKsutra,"BANJO,BURLESQUE,FOLK,INDIE,LOFI,ROCK","BANJO,BURLESQUE,COUNTRY,FOLK,INDIE,LOFI,PUNK,ROCK",10,1778,16,36:19,https://i1.sndcdn.com/artworks-PbQdusXHHfL2vzQG-PVycmg-t500x500.png,How Do We Find Meaning?,L-107,2025-09-10 02:31,"BANJOsutra,FOLKsutra,INDIEsutra,QUACKsutra : FOTUS Circus,QUACKsutra where we sing FU,ROCKsutra",checked
If We Had But(t) The Truth • Vol. 2 EPx22 • BLOWsutra (Censored) Epstein Etcetera Soundtrack,https://soundcloud.com/bananasutra/sets/if-we-had-butt-the-truth-vol-2-epx22-blowsutra-censored-epstein-etcetera-soundtrack,,2,BLOWsutra,"BLUES,BURLESQUE,DUB,FOLK,INDIE,JAZZ,LOFI,ROCK","BLUES,BURLESQUE,CABARET,DUB,FOLK,GIPSY,INDIE,JAZZ,LOFI,PSYCHEDELIC,RAGGA,ROCK,TRIP HOP",22,13620,100,1:18:17,https://i1.sndcdn.com/artworks-1InxeLQ1c3LnQwmz-u75GhQ-t500x500.png,If We Had But(t) The Truth,L-114,2026-01-25 23:52,"BLOWsutra,BLOWsutra : CENSOR(ed),BLUESsutra,BURLESQUEsutra,DUBsutra,FOLKsutra,INDIEsutra,LOFIsutra,QUACKsutra where we sing FU",checked
If We Had But(t) The Truth ☲ Easterican Profanities EPx5 ☲ QUACKsutra,https://soundcloud.com/bananasutra/sets/if-we-had-butt-the-truth-easterican-profanities-epx5-quacksutra,,1,BLOWsutra,BLUES,BLUES,5,1606,18,16:02,https://i1.sndcdn.com/artworks-YXoYMbXvm3ILHBz6-ixlblg-t500x500.png,If We Had But(t) The Truth,L-114,2025-05-27 15:41,"BLOWsutra : APES (gone wrong),BLUESsutra,FOLKsutra,INDIEsutra,MANTRAsutra,QUACKsutra where we sing FU",checked
Ironic Moronic Eugenics ☤ What Happens When KNOWsutra & BLOWsutra Make a Baby,https://soundcloud.com/bananasutra/sets/ironic-moronic-eugenics-what-happens-when-knowsutra-blowsutra-make-a-baby,,1,BLOWsutra,"BANJO,BLUES,DUB,FOLK,ROCK","BANJO,BLUES,DUB,FOLK,PSYCHEDELIC,PUNK,ROCK",8,1664,15,27:43,https://i1.sndcdn.com/artworks-N9z3Fy63NDAYopf0-Ffs1iA-t500x500.png,Ironic Moronic Eugenics,L-115,2025-09-23 01:12,"BANJOsutra,BLOWsutra,BLOWsutra : EGO (gone loco),BLUESsutra,BURLESQUEsutra,DUBsutra,FOLKsutra,JAZZsutra,ROCKsutra",checked
It's an Ethical Paradox • Vol. 2 EPx15 • KNOWsutra (Bertrand Knows) Gipsy Burlesque Jazz,https://soundcloud.com/bananasutra/sets/its-an-ethical-paradox-an-oxymoron-maze-vol-2-epx15-knowsutra-bertrand-knows-gipsy-burlesque-jazz,,2,KNOWsutra,"BURLESQUE,DUB,JAZZ,LOFI","BURLESQUE,DUB,GIPSY,JAZZ,LOFI,TRIP HOP",15,21491,271,54:51,https://i1.sndcdn.com/artworks-dpot7zmJbp98Q8za-Swn1Rg-t500x500.png,It's An Ethical Paradox,L-116,2026-01-04 05:49,"JAZZsutra,KNOWsutra : BERTRAND (mon chéri),KNOWsutra where questions matter,LOFIsutra",checked
It's War · My Friend ☳ QUACKsutra EPx15,https://soundcloud.com/bananasutra/sets/its-war-my-friend-quacksutra-epx15,,1,QUACKsutra,"BLUES,DUB,FOLK,INDIE,LOFI,ROCK","BLUES,DUB,FOLK,INDIE,LOFI,PSYCHEDELIC,PUNK,ROCK",15,3146,41,50:17,https://i1.sndcdn.com/artworks-yjDwmBzrh9rcYKwR-u7wlPw-t500x500.png,"""It's War, My Friend""",L-117,2025-09-10 02:01,"BLUESsutra,DUBsutra,INDIEsutra,QUACKsutra : DUCK (shady),QUACKsutra : FOTUS Circus,QUACKsutra where we sing FU,ROCKsutra",checked
Jacques Brel : French EPx9 : GLOWsutra Burlesque Indie Blues Gratitude POET(ry),https://soundcloud.com/bananasutra/sets/jacques-brel-french-epx9-glowsutra-burlesque-indie-blues-gratitude-poetry,,1,GLOWsutra,"BANJO,BLUES,BURLESQUE,INDIE","BANJO,BLUES,BURLESQUE,INDIE,PSYCHEDELIC",9,3210,28,38:47,https://i1.sndcdn.com/artworks-e0sOW6yRL70L2ZRD-C8tirQ-t500x500.png,Jacques Brel,L-118,2025-11-29 22:24,"BLUESsutra,BURLESQUEsutra,FRENCHsutra oui oui · sacrebleu,GLOWsutra where gratitude feeds,INDIEsutra,OUI OUI : Pardon (my French)",checked
Jealousy (not for me) ♡ GROWsutra EPx22,https://soundcloud.com/bananasutra/sets/jealousy-not-for-me-growsutra-epx22,,1,GROWsutra,"BLUES,BURLESQUE,DUB,INDIE,JAZZ,LOFI","BLUES,BURLESQUE,DUB,HIP HOP,INDIE,JAZZ,LOFI,RAGGA",22,5323,43,1:02:36,https://i1.sndcdn.com/artworks-NrFEJYn5QiBNXnw5-RFTkHQ-t500x500.png,Jealousy (Not For Me),L-119,2025-06-26 10:26,"BLUESsutra,BURLESQUEsutra,DUBsutra,FLOWsutra : FLY (like water),FLOWsutra where time is space,INDIEsutra,JAZZsutra,LOFIsutra",checked
Jolly Poo - EPx15 VOL. 01 - Banjo Blues BLOWsutra,https://soundcloud.com/bananasutra/sets/jolly-poo-epx15-vol-01-banjo-blues-blowsutra,,1,BLOWsutra,"BANJO,BLUES","BANJO,BLUES,RAGGA",15,4255,24,49:08,https://i1.sndcdn.com/artworks-KLgAMRClt5uPFoax-dDF6zQ-t500x500.png,Jolly Poo,L-120,2025-05-26 09:49,"BANJOsutra,BLOWsutra,BLOWsutra : EGO (gone loco),BLUESsutra,DUBsutra,MANTRAsutra",checked
Joseph Campbell's Truth Metaphors ☷ KNOWsutra EPx12,https://soundcloud.com/bananasutra/sets/joseph-campbells-truth-metaphors-knowsutra-epx12,,1,KNOWsutra,"BLUES,BURLESQUE,DUB,INDIE,LOFI,MANTRA","BLUES,BURLESQUE,DUB,INDIE,LOFI,MANTRA",12,2254,22,41:38,https://i1.sndcdn.com/artworks-jy4Ny3sg2PSbdteq-7zc7yg-t500x500.jpg,Metaphors' Edge (Joseph Campbell's song),L-160,2025-08-24 06:22,"BLUESsutra,BURLESQUEsutra,DUBsutra,INDIEsutra,KNOWsutra : (naked) TRUTH,KNOWsutra where questions matter,LOFIsutra,MANTRAsutra",checked
Just Be EP X7 | Vocal Honey Audio Ideals,https://soundcloud.com/bananasutra/sets/just-be-vocal-jazz-honey-x7,,1,FLOWsutra,"BLUES,DUB,JAZZ,LOFI","BLUES,DUB,JAZZ,LOFI",7,5678,46,23:21,https://i1.sndcdn.com/artworks-IDfjsYaZOumrtQ1L-jseSkw-t500x500.png,Just Be,L-121,2024-11-05 03:05,"BANJOsutra,BURLESQUEsutra,DUBsutra,FLOWsutra : FLY (like water),FLOWsutra where time is space,FOLKsutra,INDIEsutra,JAZZsutra,MANTRAsutra,ROCKsutra",checked
Kids Are Asking ✪ KNOWsutra But(t) Why EPx3,https://soundcloud.com/bananasutra/sets/kids-are-asking-knowsutra-butt-why-epx3,,1,KNOWsutra,"DUB,FOLK,INDIE,JAZZ,LOFI,MANTRA","ACOUSTIC,DUB,FOLK,INDIE,JAZZ,LOFI,MANTRA,TRIP HOP",3,1078,2,9:14,https://i1.sndcdn.com/artworks-L6uXyHUyGsqH0ZAv-cvmeZg-t500x500.png,Kids Are Asking,L-124,2025-12-04 06:56,"FOLKsutra,KNOWsutra : but(t) WHY,KNOWsutra where questions matter,LOFIsutra,MANTRAsutra",checked
Kindness - Psychedelic INDIEsutra,https://soundcloud.com/bananasutra/sets/kindness-psychedelic-indiesutra,,2,KNOWsutra,INDIE,PSYCHEDELIC,2,306,3,4:22,https://i1.sndcdn.com/artworks-60rWtzt0Ur5yDsl8-lcLgjQ-t500x500.jpg,Kindness,L-126,2025-02-06 09:39,"INDIEsutra,KNOWsutra where questions matter",checked
Kindness Matters - Human Life Soundtrack EP,https://soundcloud.com/bananasutra/sets/kindness-matters-human-life-soundtrackl,,1,GROWsutra,INDIE,INDIE,5,1455,10,18:08,https://i1.sndcdn.com/artworks-qsLSixra831RrldW-lEhsdw-t500x500.jpg,Kindness,L-126,2025-02-06 07:58,"BANJOsutra,BLUESsutra,FOLKsutra,GROWsutra : KIND(ness),KNOWsutra where questions matter,LOFIsutra",checked
Kiss A Pulse • GLOWsutra (Lucille Clifton Poetry) EPx16,https://soundcloud.com/bananasutra/sets/kiss-a-pulse-glowsutra-epx16,,1,FLOWsutra,"BANJO,BLUES,BURLESQUE,DUB,FOLK,INDIE,JAZZ,LOFI","BANJO,BLUES,BURLESQUE,CABARET,DUB,FOLK,GIPSY,INDIE,JAZZ,LOFI,PSYCHEDELIC,SOUL",16,15337,167,45:33,https://i1.sndcdn.com/artworks-FsS9zAJyonxRU7Rm-RHZvfQ-t500x500.png,Kiss A Pulse,L-129,2026-03-02 02:26,"BLUESsutra,BURLESQUEsutra,DUBsutra,GLOWsutra where gratitude feeds,JAZZsutra,LOFIsutra",checked
L'Accordéon de l'Ignorance EP X9,https://soundcloud.com/bananasutra/sets/laccordeon-de-lignorance-ep-x9,,1,QUACKsutra,BURLESQUE,BURLESQUE,9,1765,14,26:40,https://i1.sndcdn.com/artworks-otyCSuVjsJ2YL8G1-qQb1mw-t500x500.png,L'Accordéon de l'Ignorance,L-130,2024-12-11 21:31,"BLOWsutra,BURLESQUEsutra,FOLKsutra,FRENCHsutra oui oui · sacrebleu,INDIEsutra,JAZZsutra,MANTRAsutra,OUI OUI : Pardon (my French)",checked
L'Embobinage (d'après Carl Sagan) • French GROWsutra EPx17,https://soundcloud.com/bananasutra/sets/lembobinage-dapres-carl-sagan-french-growsutra-epx17,,1,BLOWsutra,"BURLESQUE,DUB,INDIE,JAZZ","BURLESQUE,DUB,FLAMENCO,INDIE,JAZZ",17,11631,114,50:14,https://i1.sndcdn.com/artworks-CtDeRlGcQzG1ofC3-5Y1m0w-t500x500.png,L’Embobinage,L-131,2025-09-29 21:24,"BURLESQUEsutra,DUBsutra,FRENCHsutra oui oui · sacrebleu,GROWsutra where we be brave,INDIEsutra,LOFIsutra,OUI OUI : Pardon (my French)",checked
La Force Douce EPx7 ✪ French GROWsutra World Peace Duende LoFi Indie Fusion,https://soundcloud.com/bananasutra/sets/la-force-douce-epx7-french-growsutra-world-peace-duende-lofi-indie-fusion,,1,GROWsutra,"INDIE,LOFI","FLAMENCO,GIPSY,INDIE,LOFI,SOUL",7,5299,38,23:54,https://i1.sndcdn.com/artworks-oqgzYZ3lzrGih5hj-WJ2hFQ-t500x500.png,La Force Douce,L-132,2025-10-08 00:29,"FRENCHsutra oui oui · sacrebleu,GROWsutra : KIND(ness),GROWsutra where we be brave,INDIEsutra,LOFIsutra,OUI OUI : Pardon (my French)",checked
La Poesia Importa ♕ EPx7 VOL.01 ♕ Bananasutra En Español,https://soundcloud.com/bananasutra/sets/la-poesia-importa-epx7-vol01-bananasutra-en-espanol,,1,GLOWsutra,LOFI,"FADO,LOFI",7,2510,26,22:29,https://i1.sndcdn.com/artworks-DQAHMhBcDTcoVFfl-BTKWAA-t500x500.png,La Poesia Importa,L-133,2025-05-27 13:16,"BURLESQUEsutra,DUBsutra,GLOWsutra : POET(ry),GLOWsutra where gratitude feeds,JAZZsutra,LOFIsutra,WORLDsutra : SPAN(k)ish",checked
Le Bal Des Salauds - French BLOWsutra Indie Gipsy Burlesque EPx9,https://soundcloud.com/bananasutra/sets/le-bal-des-salauds-french-blowsutra-indie-gipsy-burlesque-epx9,,1,BLOWsutra,"BURLESQUE,FOLK,INDIE,LOFI,MANTRA","BURLESQUE,FOLK,GIPSY,INDIE,LOFI,MANTRA",9,8515,88,35:32,https://i1.sndcdn.com/artworks-y8HtxewGKAQtoPJZ-3ZbprQ-t500x500.png,Le Bal Des Salauds,L-134,2025-11-01 08:25,"BURLESQUEsutra,FRENCHsutra oui oui · sacrebleu,OUI OUI : Pardon (my French)",checked
Le Système EP MIX X16 | Bluesy French Jazz,https://soundcloud.com/bananasutra/sets/le-systeme-de-macron-le-ptit-con,,1,BLOWsutra,"BURLESQUE,DUB,JAZZ,LOFI","BURLESQUE,CABARET,DUB,JAZZ,LOFI,PUNK,SOUL",17,5894,80,46:58,https://i1.sndcdn.com/artworks-Jz9sGDEqD1gTTB5H-sILJIA-t500x500.jpg,Le Système,L-137,2024-11-03 01:33,"BLOWsutra,BLOWsutra : CENSOR(ed),BURLESQUEsutra,DUBsutra,FOLKsutra,FRENCHsutra oui oui · sacrebleu,INDIEsutra,JAZZsutra,KNOWsutra where questions matter,LOFIsutra,OUI OUI : Pardon (my French),ROCKsutra,SINGLEsutra Exclusive SoundCloud (woo)",checked
Let’s Do It (Let's Fall in Love) EP • Public Domain Lyrics • JAZZsutra,https://soundcloud.com/bananasutra/sets/lets-do-it-lets-fall-in-love-ep-public-domain-lyrics-jazzsutra,,1,FLOWsutra,JAZZ,"JAZZ,PSYCHEDELIC",4,1030,15,13:04,https://i1.sndcdn.com/artworks-eBfjOLCOGCrYzDzL-qn290w-t500x500.jpg,Let's Do It,L-140,2025-01-19 23:44,"FLOWsutra : WET (my friend),FLOWsutra where time is space,JAZZsutra",checked
Lightly · My Darling ✦ FLOWsutra (Fly Like Water) BANJO EPx5,https://soundcloud.com/bananasutra/sets/lightly-my-darling-banjo-flowsutra-epx5,,1,FLOWsutra,,,5,986,16,16:24,https://i1.sndcdn.com/artworks-6MpLlzyctLk0ODIC-7RamRA-t500x500.png,"""Lightly, My Darling""",L-390,2026-04-18 03:41,"BANJOsutra,FLOWsutra where time is space,FOLKsutra",checked
Linguistic Weaponry EPx4 (Vol 2) DUBsutra,https://soundcloud.com/bananasutra/sets/linguistic-weaponry-epx4-vol-2-dubsutra,,2,KNOWsutra,DUB,"DUB,HIP HOP",1,163,1,3:19,https://i1.sndcdn.com/artworks-gk645DrsmcEOxAyn-PRMvkA-t500x500.png,Linguistic Weaponry,L-147,2025-03-06 00:24,"KNOWsutra where questions matter,MANTRAsutra",checked
Linguistic Weaponry EPx7 Burlesque DUBsutra,https://soundcloud.com/bananasutra/sets/linguistic-weaponry-epx7-burlesque-dubsutra,,1,SHOWsutra,"BURLESQUE,DUB","BURLESQUE,DUB,GIPSY",3,612,5,8:25,https://i1.sndcdn.com/artworks-gk645DrsmcEOxAyn-PRMvkA-t500x500.png,Linguistic Weaponry,L-147,2025-03-06 00:05,"DUBsutra,INDIEsutra,KNOWsutra where questions matter,LOFIsutra,SHOWsutra : FANANA Club",checked
MAHA (Make America Humane Again) ☆ VOL.2 EPx6 ☆ BLOWsutra (MAxA Series) Psychedelic Trip Hop,https://soundcloud.com/bananasutra/sets/maha-make-america-humane-again-vol2-epx6-blowsutra-psy-trip-hop,,1,QUACKsutra,"BLUES,DUB,LOFI","BLUES,DUB,GIPSY,LOFI,PSYCHEDELIC,TRIP HOP",6,8649,56,16:57,https://i1.sndcdn.com/artworks-JGT1OnfOXKJX40oI-WLwAYA-t500x500.png,MAHA (Make America Humane Again),L-149,2026-02-11 23:37,"BLOWsutra,BLUESsutra,DUBsutra,LOFIsutra",checked
MAKA MAKA EPx7 ⭐︎ MAxA Series · Vol. 4,https://soundcloud.com/bananasutra/sets/maka-maka-epx7-maxa-series-vol-4,,1,QUACKsutra,FOLK,"COUNTRY,FOLK",7,2099,14,18:59,https://i1.sndcdn.com/artworks-9mKo23b9tXJzWs5t-yMjheA-t500x500.png,MAKA (Make America Kind Again),L-150,2025-03-28 02:27,"BANJOsutra,BLOWsutra : MAxA Series,BLUESsutra,BURLESQUEsutra,JAZZsutra,QUACKsutra where we sing FU",checked
Make Amurica Gulag Again ☭ BLOWsutra DUB EPx25,https://soundcloud.com/bananasutra/sets/make-amurica-gulag-again-blowsutra-dub-epx25,,1,QUACKsutra,"DUB,FOLK,INDIE,LOFI","DUB,FOLK,GIPSY,INDIE,LOFI,RAGGA",25,8367,87,1:19:51,https://i1.sndcdn.com/artworks-EtyWMtEaw4pyLtcc-MBCl2Q-t500x500.png,Make Amurica Gulag Again (MAGA),L-151,2025-06-27 04:05,"BLOWsutra,BLOWsutra : MAxA Series,DUBsutra,FOTUS CIRCUS Playlist An American Freaks Show,LOFIsutra,QUACKsutra where we sing FU",checked
Make your Own Bible EP x6 VOL. 1 ℧ A Jazzy Burlesque Folk Trip Hop LOFI Venture (oui oui),https://soundcloud.com/bananasutra/sets/make-your-own-bible-ep-x6-vol-1-a-jazzy-burlesque-folk-trip-hop-lofi-venture-oui-oui,,1,GROWsutra,"BURLESQUE,FOLK,JAZZ,LOFI","BURLESQUE,FOLK,JAZZ,LOFI,TRIP HOP",6,1214,4,18:34,https://i1.sndcdn.com/artworks-7xjmVBpcmAIlWBfO-5Ebr4Q-t500x500.png,Make your Own Bible,L-152,2025-04-06 04:23,"GROWsutra : GOD (etc),LOFIsutra,Questions for the (kind) POPE in the Sky",checked
Male Fantasies - bananasutra EPx2 Vol. 03,https://soundcloud.com/bananasutra/sets/male-fantasies-bananasutra-epx2-vol-03,,3,BLOWsutra,INDIE,INDIE,2,1650,12,7:19,https://i1.sndcdn.com/artworks-xSBf70BkIjbkDGPA-9368AQ-t500x500.png,Male Fantasies,L-154,2025-05-02 03:14,"BLOWsutra,BLOWsutra : EGO (gone loco),LOFIsutra",checked
Male Fantasies • CheekySUTRA EPx6 VOL. 02,https://soundcloud.com/bananasutra/sets/male-fantasies-cheekysutra-epx6-vol-02,,2,SHOWsutra,INDIE,INDIE,6,999,6,20:32,https://i1.sndcdn.com/artworks-VQwphayyp6Az5g1b-6E63wg-t500x500.png,Males Fantasies (vol2),L-155,2025-04-20 01:19,"BANJOsutra,BURLESQUEsutra,INDIEsutra,JAZZsutra,LOFIsutra",checked
MAMA-B-C (Make America Mine Achtung Encore) • BLOWsutra MAxA Series EPx3,https://soundcloud.com/bananasutra/sets/mama-b-c-blowsutra-maxa-series-epx3,,2,QUACKsutra,"BANJO,DUB,INDIE,MANTRA","ACOUSTIC,BANJO,COUNTRY,DUB,INDIE,MANTRA,TRIP HOP",3,618,7,11:37,https://i1.sndcdn.com/artworks-uDzqzbtn80lOeo3H-hV475g-t500x500.png,MAMA (Make America Mine Achtung),L-156,2026-02-13 06:21,"BLOWsutra,BLUESsutra,DUBsutra,INDIEsutra",checked
MAMA-B-C (Make America Mine Achtung) • BLOWsutra MAxA Series EPx8,https://soundcloud.com/bananasutra/sets/mama-b-c-blowsutra-maxa-series-epx8,,1,QUACKsutra,"BANJO,BLUES,BURLESQUE,FOLK,INDIE,LOFI","BANJO,BLUES,BURLESQUE,FOLK,INDIE,LOFI,PSYCHEDELIC,TRIP HOP",8,7034,43,20:16,https://i1.sndcdn.com/artworks-uDzqzbtn80lOeo3H-hV475g-t500x500.png,MAMA (Make America Mine Achtung),L-156,2026-02-13 05:48,"BLOWsutra,BLOWsutra : MAxA Series,BLUESsutra,INDIEsutra,LOFIsutra",checked
MASA (Make America Safe Again) ✮ EPX12 ✮ QUACKsutra Psychedelic BANJO,https://soundcloud.com/bananasutra/sets/masa-make-america-safe-again-epx12-quacksutra-psychedelic-banjo,,1,QUACKsutra,"BANJO,BLUES,BURLESQUE,DUB,ROCK","BANJO,BLUES,BURLESQUE,COUNTRY,DUB,PSYCHEDELIC,ROCK",12,5428,37,38:28,https://i1.sndcdn.com/artworks-zGBEcizIyyXPbSgu-fuTgSg-t500x500.png,MASA (Make America Safe Again),L-326,2025-11-12 10:23,"BANJOsutra,BLOWsutra,BLOWsutra : MAxA Series,BURLESQUEsutra,QUACKsutra where we sing FU",checked
Mass Media Freakshow EPx13 VOL.02 ⭐︎ Terrence MCKenna KNOWs ⭐︎ Burlesque or Snooze?,https://soundcloud.com/bananasutra/sets/mass-media-freakshow-epx13-vol02-terrence-mckenna-knows-burlesque-or-snooze,,1,BLOWsutra,"BURLESQUE,FOLK,JAZZ","BURLESQUE,FOLK,JAZZ",13,3272,19,44:35,https://i1.sndcdn.com/artworks-Xranl6ikDYKoluYT-FdIOxQ-t500x500.png,Mass Media Freakshow,L-157,2025-04-15 20:39,"BLOWsutra : APES (gone wrong),BURLESQUEsutra,FOLKsutra,JAZZsutra",checked
MAWA MAWA EPx2 (if Soundcloud allows) ⭐︎ MAxA Series · Vol. 2,https://soundcloud.com/bananasutra/sets/mawa-mawa-epx2-maxa-series-vol-2,,1,QUACKsutra,LOFI,LOFI,2,455,3,7:03,https://i1.sndcdn.com/artworks-ohldLp0ezWMHuexZ-Z1TUbg-t500x500.png,MAWA (Make America Woke Again),L-158,2025-03-28 03:19,"BURLESQUEsutra,GROWsutra where we be brave,JAZZsutra,QUACKsutra where we sing FU",checked
MAxA Alphabet Series Compilation - Make America Humane · Kind · Safe · Smart · etcetera Alright?!,https://soundcloud.com/bananasutra/sets/maxa-series,,,QUACKsutra,"BANJO,BURLESQUE","BANJO,BURLESQUE",20,4831,49,39:53,https://i1.sndcdn.com/artworks-1kvONAzRbkd2SdIu-RVmpoA-t500x500.png,"MAHA (Make America Humane Again),MASA (Make America Safe Again),MAWA (Make America Woke Again),MAKA (Make America Kind Again)","L-149,L-150,L-326,L-158",2025-03-23 16:19,"BANJOsutra,BLOWsutra,BLOWsutra : MAxA Series,BLUESsutra,BURLESQUEsutra,DUBsutra,FOLKsutra,FOTUS CIRCUS Playlist An American Freaks Show,GROWsutra where we be brave,INDIEsutra,JAZZsutra,LOFIsutra,QUACKsutra where we sing FU",checked
Men-Oh-Pause 🩸 KNOWsutra EPx14,https://soundcloud.com/bananasutra/sets/men-oh-pause-knowsutra-epx14,,1,BLOWsutra,"BLUES,BURLESQUE,DUB,FOLK,INDIE,JAZZ,LOFI,ROCK","BLUES,BURLESQUE,DUB,FADO,FOLK,HIP HOP,INDIE,JAZZ,LOFI,PSYCHEDELIC,PUNK,RAGGA,ROCK",14,4295,47,52:56,https://i1.sndcdn.com/artworks-CwrH2fJ04mrnXKyD-lpasyg-t500x500.png,Men-Oh-Pause,L-159,2025-09-16 11:10,"BLOWsutra : CENSOR(ed),BLUESsutra,BURLESQUEsutra,DUBsutra,FOLKsutra,GROWsutra where we be brave,INDIEsutra,KNOWsutra : but(t) WHY,KNOWsutra where questions matter,LOFIsutra,ROCKsutra",checked
Mind the Felon EP X5 | JAZZ LOFI : Psychedelic Paradox Soul Chanson,https://soundcloud.com/bananasutra/sets/mind-the-felon-bananasutra-jazz-lofi,,1,QUACKsutra,"JAZZ,LOFI","JAZZ,LOFI,PSYCHEDELIC,SOUL",5,3183,28,15:38,https://i1.sndcdn.com/artworks-JhmQUJamnQmJaWeu-4kvdTA-t500x500.png,Mind the Felon,L-161,2024-11-12 02:31,"BLOWsutra,BURLESQUEsutra,FOLKsutra,JAZZsutra,MANTRAsutra,QUACKsutra : DUCK (shady),QUACKsutra where we sing FU",checked
Muddy Waters EP,https://soundcloud.com/bananasutra/sets/muddy-waters-ep,,2,BLOWsutra,LOFI,LOFI,3,2439,35,10:06,https://i1.sndcdn.com/artworks-nMqZKsyaPrkeqrcw-6Z1nNw-t500x500.jpg,Nietzsche's Gift (Muddy Waters),L-165,2024-11-19 17:53,"BLOWsutra : EGO (gone loco),KNOWsutra where questions matter,LOFIsutra",checked
My Quest • EPx6 Vol. 2 • GLOWsutra Jacques Brel Dream,https://soundcloud.com/bananasutra/sets/my-quest-glowsutra-jacques-brel-epx7,,2,GLOWsutra,"BANJO,BLUES,BURLESQUE,DUB,INDIE,JAZZ,ROCK","BANJO,BLUES,BURLESQUE,DUB,INDIE,JAZZ,PSYCHEDELIC,ROCK,TRIP HOP",6,2854,18,16:43,https://i1.sndcdn.com/artworks-RvPg90tJzDpSlPKh-ns1cUw-t500x500.png,My Quest,L-263,2026-03-15 16:44,"BLUESsutra,DUBsutra,GLOWsutra where gratitude feeds,INDIEsutra,JAZZsutra,ROCKsutra",checked
New Normalcy (Planet Earth to Higher Grounds) EP x7,https://soundcloud.com/bananasutra/sets/new-normalcy-planet-earth-to-higher-grounds-ep-x7,,1,KNOWsutra,FOLK,FOLK,7,1855,19,25:21,https://i1.sndcdn.com/artworks-ud5KKsf2ftHwkxwZ-emOxEw-t500x500.jpg,New Normalcy (Planet Earth to Higher Grounds),L-164,2024-12-20 02:30,"BANJOsutra,BLOWsutra : APES (gone wrong),BURLESQUEsutra,DUBsutra,FOLKsutra,JAZZsutra,KNOWsutra where questions matter,ROCKsutra",checked
Nietzsche's Gift (They Muddy the Water to Make it Look Deep) - KNOWsutra EPx13 Vol. 5,https://soundcloud.com/bananasutra/sets/nietzsches-gift-they-muddy-the-water-to-make-it-look-deep-knowsutra-epx13-vol-5,,4,BLOWsutra,"BANJO,BLUES,BURLESQUE,DUB,FOLK,INDIE,JAZZ,LOFI","BANJO,BLUES,BURLESQUE,DUB,FOLK,INDIE,JAZZ,LOFI",13,2623,26,42:09,https://i1.sndcdn.com/artworks-LHMRQArJDO3UAyuX-tkyzjg-t500x500.png,Nietzsche's Gift (Muddy Waters),L-165,2025-09-04 19:56,"BANJOsutra,BLOWsutra : EGO (gone loco),BURLESQUEsutra,DUBsutra,INDIEsutra,JAZZsutra,KNOWsutra where questions matter,LOFIsutra",checked
No Fear · My Dear ❢ BLOWsutra Revolution Ring Jazz EPx19,https://soundcloud.com/bananasutra/sets/no-fear-my-dear-blowsutra-revolution-ring-jazz-epx19,,1,BLOWsutra,"BLUES,FOLK,INDIE,JAZZ,LOFI","BLUES,FOLK,GIPSY,INDIE,JAZZ,LOFI,PSYCHEDELIC",19,14446,144,1:15:40,https://i1.sndcdn.com/artworks-ecBWNrgF4umdHgXR-yDUv4A-t500x500.png,"""No Fear, My Dear""",L-166,2025-11-29 07:48,"BLOWsutra,BLOWsutra : REVOLT (now),BLUESsutra,FOLKsutra,INDIEsutra,JAZZsutra,LOFIsutra",checked
No · I'm Not Being Political 🇺🇸 KNOWsutra Indie Dub EPx15,https://soundcloud.com/bananasutra/sets/no-im-not-being-political-knowsutra-indie-dub-epx15,,1,GROWsutra,"DUB,FOLK,INDIE,LOFI,MANTRA","DUB,FOLK,INDIE,LOFI,MANTRA",15,2949,25,48:40,https://i1.sndcdn.com/artworks-zz7WsK7tAEH4cMHT-fSdPcQ-t500x500.png,"""No, I'm Not Being Political (CIRCA 2025)""",L-168,2025-08-07 22:37,"BLOWsutra : APES (gone wrong),KNOWsutra where questions matter",checked
Nous Sommes Le Feu EPx4 ☲ GROWsutra French Peace Indie,https://soundcloud.com/bananasutra/sets/nous-sommes-le-feu-epx4-growsutra-french-peace-indie,,1,GROWsutra,"DUB,INDIE,MANTRA","DUB,INDIE,MANTRA",4,863,10,12:40,https://i1.sndcdn.com/artworks-LI16piMdqgOBh7oK-so3Vwg-t500x500.png,Nous Sommes Le Feu,L-170,2025-09-15 08:03,"DUBsutra,FRENCHsutra oui oui · sacrebleu,GROWsutra where we be brave,INDIEsutra,MANTRAsutra,OUI OUI : Pardon (my French)",checked
Oh My · Oh Why (Socrates Song) - GROWsutra EPx7,https://soundcloud.com/bananasutra/sets/oh-my-oh-why-socrates-song-growsutra-epx7,,1,GROWsutra,"DUB,FOLK,INDIE","DUB,FOLK,INDIE",7,1245,12,26:35,https://i1.sndcdn.com/artworks-u4xWThnzlboyzPPM-yy5lxA-t500x500.png,"""Oh My, Oh Why (Socrates Song)""",L-171,2025-08-08 01:24,"BURLESQUEsutra,DUBsutra,FOLKsutra,GROWsutra where we be brave,INDIEsutra,KNOWsutra : but(t) WHY,MANTRAsutra",checked
Oh · Freedom EP x10 ♛ BLUESsutra (Public Domain Lyrics),https://soundcloud.com/bananasutra/sets/oh-freedom-bluessutra-public-domain-lyrics,,1,BLOWsutra,BLUES,SOUL,10,1854,24,28:24,https://i1.sndcdn.com/artworks-P78u62myC8kQzJcZ-qk1VzQ-t500x500.png,"""Oh, Freedom""",L-172,2025-01-14 09:27,"BANJOsutra,BLOWsutra,BLOWsutra : REVOLT (now),BLUESsutra,BOWsutra the last of 7 sutras · it's divine <3,BURLESQUEsutra,DUBsutra,FOLKsutra,GROWsutra where we be brave,JAZZsutra,ROCKsutra",checked
Oh · Martine ❃ French GLOW+BOWsutra ❃ Side A+B EPx28,https://soundcloud.com/bananasutra/sets/oh-martine-french-glowbowsutra-side-ab-epx28,,1,BOWsutra,"BLUES,BURLESQUE,DUB,FOLK,INDIE,JAZZ,LOFI,ROCK","BLUES,BURLESQUE,DUB,FADO,FOLK,GIPSY,INDIE,JAZZ,LOFI,PSYCHEDELIC,PUNK,ROCK",28,11238,101,1:03:00,https://i1.sndcdn.com/artworks-PhV4HcOuFKRdx4bD-cO41eQ-t500x500.png,"""Oh, Martine""",L-173,2025-10-22 06:19,"BLUESsutra,BOWsutra : DEATH (is nothing),BOWsutra the last of 7 sutras · it's divine <3,BURLESQUEsutra,DUBsutra,INDIEsutra,JAZZsutra,LOFIsutra,OUI OUI : Pardon (my French),ROCKsutra",checked
Okey Dokey · No It's Not Ξ EPx5 Ξ LOFIsutra,https://soundcloud.com/bananasutra/sets/okey-dokey-no-its-not-epx5-lofisutra,,1,BLOWsutra,INDIE,INDIE,5,6754,49,15:26,https://i1.sndcdn.com/artworks-lY0oFqEouYMs8MxL-RFc5iA-t500x500.png,Okie Dokie (No It's Not),L-174,2025-04-25 06:33,"BANJOsutra,BLOWsutra,BLOWsutra : APES (gone wrong),LOFIsutra",checked
One Percent Rising • GROWsutra (Dare to Care) Psychedelic Indie EPx6,https://soundcloud.com/bananasutra/sets/one-percent-rising-growsutra-dare-to-care-epx6,,1,GROWsutra,"INDIE,LOFI,ROCK","GIPSY,HIP HOP,INDIE,LOFI,PSYCHEDELIC,PUNK,ROCK",6,1324,15,17:03,https://i1.sndcdn.com/artworks-kgjEyPp1tNR5wzhb-SWAbWQ-t500x500.png,One Percent Rising,L-175,2026-02-24 20:27,"GROWsutra where we be brave,LOFIsutra,ROCKsutra",checked
Ordo Amoris in Decay ♡ GROWsutra EPx6,https://soundcloud.com/bananasutra/sets/ordo-amoris-in-decay-growsutra-epx6,,1,GROWsutra,"INDIE,JAZZ","FADO,INDIE,JAZZ",6,4837,42,19:10,https://i1.sndcdn.com/artworks-opR2DJpgXbteguGo-J7W1sA-t500x500.png,Ordo Amoris in Decay (All I Want Is To Believe),L-178,2025-06-19 10:35,"BLOWsutra : APES (gone wrong),BURLESQUEsutra,DUBsutra,INDIEsutra,LOFIsutra",checked
Oy · We Care 🦆 QUACKsutra Psychedelic Punk Rock Mantra EPx4,https://soundcloud.com/bananasutra/sets/oy-we-care-quacksutra-psychedelic-punk-rock-mantra-epx4,,1,BLOWsutra,"BURLESQUE,FOLK,MANTRA,ROCK","BURLESQUE,FOLK,MANTRA,PSYCHEDELIC,PUNK,ROCK",4,1600,9,8:44,https://i1.sndcdn.com/artworks-Jej1tzscsQG6oWg9-XF2L3Q-t500x500.png,"""Oy, We Care""",L-180,2025-10-05 06:46,"BLOWsutra : REVOLT (now),BURLESQUEsutra,QUACKsutra where we sing FU,ROCKsutra",checked
Peace Matters More (The Only Wish Worth Making) 🪽 GROWsutra Birthday Wish Song,https://soundcloud.com/bananasutra/sets/peace-matters-more-the-only-wish-worth-making-growsutra-birthday-wish-song,,1,KNOWsutra,"BURLESQUE,DUB,INDIE,JAZZ","BURLESQUE,DUB,GIPSY,INDIE,JAZZ",7,8489,78,31:58,https://i1.sndcdn.com/artworks-E8wykXuhdIZsTYC5-7gZGHQ-t500x500.png,Peace Matters More,L-182,2025-11-08 04:29,"BURLESQUEsutra,DUBsutra,GROWsutra where we be brave,INDIEsutra,JAZZsutra,KNOWsutra : PEACE (not War)",checked
Pedo Nation ★ Felon Nation Redux ★ BLOWsutra EPx14,https://soundcloud.com/bananasutra/sets/pedo-nation-felon-nation-redux-blowsutra-epx14,,1,QUACKsutra,"BANJO,BLUES,DUB,LOFI,MANTRA","BANJO,BLUES,COUNTRY,DUB,LOFI,MANTRA,TRIP HOP",14,3225,24,50:51,https://i1.sndcdn.com/artworks-LhTksDdMzsR3b0mE-zpGPhA-t500x500.png,Pedo Nation (Felon Nation Redux),L-184,2025-06-23 03:11,"BANJOsutra,BLUESsutra,DUBsutra,LOFIsutra,MANTRAsutra,QUACKsutra : DUCK (shady),QUACKsutra where we sing FU",checked
Peel Me Kindly 🍌 SHOWsutra Gone Banana à la Gipsy JAZZ EPx7,https://soundcloud.com/bananasutra/sets/peel-me-kindly-showsutra-gone-banana-a-la-gipsy-jazz,,1,GROWsutra,JAZZ,"GIPSY,JAZZ",7,5127,60,30:57,https://i1.sndcdn.com/artworks-lciyCEyApUx6fnqe-mWMztg-t500x500.png,Peel Me Kindly,L-185,2025-12-06 09:47,"FLOWsutra : WET (my friend),JAZZsutra,SHOWsutra where bananas play",checked
Poem (I wanted to be · basically) ℘ EPx14 VOL.01,https://soundcloud.com/bananasutra/sets/poem-i-wanted-to-be-basically-epx14-vol01,,1,GLOWsutra,"BANJO,BLUES,BURLESQUE,DUB,FOLK,INDIE,JAZZ,LOFI","BANJO,BLUES,BURLESQUE,DUB,FOLK,INDIE,JAZZ,LOFI,PSYCHEDELIC",14,2388,20,46:15,https://i1.sndcdn.com/artworks-z3oqCWriMGQ0OJPD-bZzyHg-t500x500.png,"""Poem (I wanted to be, basically)""",L-188,2025-04-21 18:32,"BANJOsutra,BLUESsutra,FOLKsutra,GLOWsutra : POET(ry),GLOWsutra where gratitude feeds,INDIEsutra,JAZZsutra,LOFIsutra",checked
Poetry Matters EP vol.3,https://soundcloud.com/bananasutra/sets/poetry-matters-ep-vol3,,3,GLOWsutra,"FOLK,LOFI,MANTRA","FOLK,LOFI,MANTRA",3,541,8,10:10,https://i1.sndcdn.com/artworks-2YAEhVqYbh7DwilS-Nd8dqg-t500x500.jpg,Poetry Matters,L-189,2025-01-19 05:28,"BOWsutra the last of 7 sutras · it's divine <3,DUBsutra,GLOWsutra : POET(ry),GLOWsutra where gratitude feeds,KNOWsutra where questions matter,LOFIsutra,MANTRAsutra",checked
Poetry Matters ☰ BANJOsutra EPx2,https://soundcloud.com/bananasutra/sets/poetry-matters-banjosutra-ep,,2,GLOWsutra,"BANJO,BLUES","BANJO,BLUES",5,767,9,11:40,https://i1.sndcdn.com/artworks-2YAEhVqYbh7DwilS-Nd8dqg-t500x500.jpg,Poetry Matters,L-189,2025-01-10 09:33,"BANJOsutra,DUBsutra,GLOWsutra : POET(ry),GLOWsutra where gratitude feeds,GROWsutra where we be brave,JAZZsutra,SINGLEsutra Exclusive SoundCloud (woo)",checked
Poetry Matters ☲ EPx3 Vol.05 ☲ DUBsutra,https://soundcloud.com/bananasutra/sets/poetry-matters-epx3-vol05-dubsutra,,1,GLOWsutra,DUB,DUB,3,2254,22,12:21,https://i1.sndcdn.com/artworks-abyBryFxsG9vVsON-VYqfCQ-t500x500.png,Poetry Matters,L-189,2025-05-29 03:53,"DUBsutra,GLOWsutra : POET(ry),GLOWsutra where gratitude feeds",checked
Poetry Nah Lie ☲ EPx6 Vol.01 ☲ DUBsutra,https://soundcloud.com/bananasutra/sets/poetry-nah-lie-epx6-vol01-dubsutra,,1,GLOWsutra,DUB,RAGGA,6,3407,39,21:43,https://i1.sndcdn.com/artworks-XirUpSPl2GiR23bD-IUcZyA-t500x500.png,Poetry Nah Lie,L-190,2025-05-29 04:13,"DUBsutra,GLOWsutra where gratitude feeds",checked
Poetry Slow Burns ☲ EPx5 Vol.01 ☲ DUBsutra,https://soundcloud.com/bananasutra/sets/poetry-slow-burns-epx5-vol01-dubsutra,,1,GLOWsutra,DUB,DUB,5,4050,37,19:17,https://i1.sndcdn.com/artworks-kFKsDMSXWH3Vpk1z-DJlmNw-t500x500.png,Poetry Slow Burns,L-191,2025-05-29 03:59,"DUBsutra,GLOWsutra : POET(ry),GLOWsutra where gratitude feeds",checked
Predators (why war) EP x11 vol.2,https://soundcloud.com/bananasutra/sets/predators-why-war-ep-vol2,,2,KNOWsutra,MANTRA,MANTRA,11,2152,23,38:38,https://i1.sndcdn.com/artworks-OWRInG4UzoJJhhFd-ho8qyg-t500x500.jpg,Predators (Why War),L-194,2025-01-08 00:47,"BURLESQUEsutra,FOLKsutra,INDIEsutra,JAZZsutra,KNOWsutra : PEACE (not War),LOFIsutra,MANTRAsutra",checked
Prickly Peaches DUBsutra EPx3,https://soundcloud.com/bananasutra/sets/prickly-peaches-dubsutra-epx3,,1,FLOWsutra,DUB,DUB,3,641,8,10:53,https://i1.sndcdn.com/artworks-RAzwB4AnKcyRKbyO-wrGX6g-t500x500.jpg,Wet (Prickly) Peaches vol.2,L-285,2024-12-24 21:59,"DUBsutra,FLOWsutra : WET (my friend),FLOWsutra where time is space",checked
Pro-life means what · honey?,https://soundcloud.com/bananasutra/sets/pro-life-means-what-honey,,1,GROWsutra,"BANJO,MANTRA","BANJO,MANTRA",6,1210,18,20:15,https://i1.sndcdn.com/artworks-6n9qPQKkYrr2fiIl-Ru83aw-t500x500.jpg,"""Pro-life Means What, Honey?""",L-196,2025-02-11 03:29,"BANJOsutra,BLUESsutra,DUBsutra,GROWsutra : GOD (etc),KNOWsutra where questions matter,QUACKsutra where we sing FU,Questions for the (kind) POPE in the Sky",checked
Project 2-0-2-5 (Explicit Fascism Advisory) • Pray for Murica SOULsutra EPx7,https://soundcloud.com/bananasutra/sets/project-2-0-2-5-explicit-fascism-advisory-pray-for-murica-soulsutra-epx7,,1,QUACKsutra,FOLK,"FOLK,SOUL",7,1382,16,24:25,https://i1.sndcdn.com/artworks-Gpeeqzc8b4frhVCd-pyGbug-t500x500.png,Project 2025 (Honky tonk dreams in the land of the free),L-197,2025-01-30 00:32,"BLOWsutra,BLUESsutra,DUBsutra,FOLKsutra,INDIEsutra,QUACKsutra : DUCK (shady),QUACKsutra where we sing FU",checked
Queer Almighty (Holy Questions Matter) - EPx16 VOL. 02,https://soundcloud.com/bananasutra/sets/queer-almighty-holy-questions-matter-epx16-vol-02,,2,GROWsutra,"BANJO,BLUES,FOLK,MANTRA","BANJO,BLUES,CABARET,COUNTRY,FOLK,MANTRA",16,9321,66,51:38,https://i1.sndcdn.com/artworks-AW1E67BzmypJfRI1-6hZzEg-t500x500.png,Queer Almighty,L-198,2025-04-27 06:04,"BANJOsutra,BLUESsutra,BURLESQUEsutra,DUBsutra,GROWsutra : GOD (etc),KNOWsutra where questions matter,MANTRAsutra,Questions for the (kind) POPE in the Sky",checked
Question Di Kingdom EPx4 VOL.02,https://soundcloud.com/bananasutra/sets/question-di-kingdom-epx4-vol02,,2,KNOWsutra,DUB,"DUB,RAGGA",4,4776,47,11:40,https://i1.sndcdn.com/artworks-di7zASJGwZPfXRsD-DluSHw-t500x500.png,Question Di Kingdom,L-199,2025-04-27 02:47,"DUBsutra,KNOWsutra : BERTRAND (mon chéri),KNOWsutra where questions matter,Questions for the (kind) POPE in the Sky",checked
Question di Kingdom ✰ Ragga DUBsutra EPx10,https://soundcloud.com/bananasutra/sets/question-di-kingdom-ragga-dubsutra-epx10,,1,KNOWsutra,DUB,RAGGA,10,2864,24,27:13,https://i1.sndcdn.com/artworks-mKTmWGkHkyRy4ocv-MREqIQ-t500x500.png,Question Di Kingdom,L-199,2025-03-01 11:04,"BANJOsutra,DUBsutra,KNOWsutra : BERTRAND (mon chéri),KNOWsutra where questions matter,LOFIsutra,Questions for the (kind) POPE in the Sky",checked
Question the Nation • EPx10 • BLOWsutra Psychedelic Dub Revolution,https://soundcloud.com/bananasutra/sets/question-the-nation-blowsutra-psychedelic-revolution-epx10,,1,KNOWsutra,"BLUES,DUB,INDIE,JAZZ,LOFI","ACOUSTIC,BLUES,DUB,GIPSY,INDIE,JAZZ,LOFI,PSYCHEDELIC,RAGGA,TRIP HOP",10,3992,44,35:59,https://i1.sndcdn.com/artworks-kMicgGnKLarUxkiZ-jURgUg-t500x500.png,Question The Nation,L-200,2026-02-15 04:08,"BLOWsutra,BLUESsutra,DUBsutra,LOFIsutra",checked
Rainbows in the Clouds • GLOWsutra Dub LoFi Blues,https://soundcloud.com/bananasutra/sets/rainbows-in-the-clouds-glowsutra-dub-lofi-blues,,1,GLOWsutra,"BANJO,BLUES,DUB,FOLK,INDIE,JAZZ,LOFI","BANJO,BLUES,COUNTRY,DUB,FOLK,GIPSY,INDIE,JAZZ,LOFI",14,15794,177,33:40,https://i1.sndcdn.com/artworks-OuzjTqyXc8wz8Uv9-0cXu0Q-t500x500.png,Rainbows in the Clouds,L-202,2026-01-24 05:17,"BLUESsutra,DUBsutra,FOLKsutra,GLOWsutra : RAINBOWS (in my clouds),GLOWsutra where gratitude feeds,INDIEsutra,LOFIsutra",checked
Read Me Harder (BB is for Banned Books) ☆ SHOWsutra Side A+B EPx19,https://soundcloud.com/bananasutra/sets/read-me-harder-bb-is-for-banned-books-showsutra-side-ab-epx19,,1,BLOWsutra,"BANJO,BLUES,BURLESQUE,DUB,FOLK,INDIE,JAZZ,LOFI,ROCK","BANJO,BLUES,BURLESQUE,COUNTRY,DUB,FOLK,HIP HOP,INDIE,JAZZ,LOFI,PSYCHEDELIC,ROCK",19,9655,67,1:02:22,https://i1.sndcdn.com/artworks-AsBdOuYSmx4CVzKs-Y8zKhQ-t500x500.png,Read Me Harder (BB is for Banned Books),L-203,2025-10-21 03:56,"BLOWsutra : CENSOR(ed),BLUESsutra,BURLESQUEsutra,DUBsutra,ROCKsutra,SHOWsutra where bananas play",checked
Reason over Reverence (No need for God) ☷ KNOWsutra EPx6,https://soundcloud.com/bananasutra/sets/reason-over-reverence-no-need-for-god-knowsutra-epx6,,1,GROWsutra,"BANJO,BLUES","BANJO,BLUES",6,1748,16,19:56,https://i1.sndcdn.com/artworks-52aEtWxS2ijbwMuq-syAe6A-t500x500.png,Reason Over Reverence,L-205,2025-06-24 01:57,"BANJOsutra,BLUESsutra,BURLESQUEsutra,DUBsutra,FOLKsutra,GROWsutra : GOD (etc),INDIEsutra,JAZZsutra,KNOWsutra : BERTRAND (mon chéri)",checked
Relative Steve - KNOWsutra Hip de la HoP EPx2 Bass Interlude,https://soundcloud.com/bananasutra/sets/relative-steve-knowsutra-hip-de-la-hop-epx2-bass-interlude,,1,KNOWsutra,LOFI,"LOFI,HIP HOP",2,362,7,3:54,https://i1.sndcdn.com/artworks-lhsvkiQu3Jgy5T0S-iRyHyQ-t500x500.png,Relative Steve,L-206,2025-08-08 01:02,"KNOWsutra : (naked) TRUTH,KNOWsutra where questions matter,LOFIsutra",checked
RHINOCEROSS ♦ EPx7 ♦ BLOWsutra Surreal Real Poetry,https://soundcloud.com/bananasutra/sets/rhinoceross-epx7-blowsutra-surreal-real-poetry,,1,BLOWsutra,"BLUES,BURLESQUE,DUB,FOLK,INDIE,LOFI,ROCK","BLUES,BURLESQUE,DUB,FOLK,INDIE,LOFI,PSYCHEDELIC,ROCK",7,1760,22,33:21,https://i1.sndcdn.com/artworks-WaElY6xZh0PPyRbQ-4p9Ziw-t500x500.png,Rhinoceross,L-208,2025-09-24 17:55,"BLOWsutra,BLOWsutra : APES (gone wrong),BLUESsutra,DUBsutra,INDIEsutra,LOFIsutra,ROCKsutra",checked
Rise Up · You Naked Peoples (Freedom Rings) ☆ BLOWsutra Victor Hugo Revolution Song,https://soundcloud.com/bananasutra/sets/rise-up-you-naked-peoples-blowsutra-victor-hugo-revolution,,1,BLOWsutra,FOLK,FOLK,2,562,5,6:41,https://i1.sndcdn.com/artworks-XITSzbW3Jfw7E2Bb-d1yIpQ-t500x500.png,"""Rise Up, You Naked Peoples (Freedom Rings)""",L-209,2026-02-16 00:22,"BLOWsutra,FOLKsutra",checked
RUN (now · if you can),https://soundcloud.com/bananasutra/sets/run-now-if-you-can,,1,QUACKsutra,"BLUES,DUB,FOLK","BLUES,DUB,FOLK",22,9605,84,1:17:34,https://i1.sndcdn.com/artworks-5ysLQg1Z7QHERkaa-XU5K0Q-t500x500.jpg,RUN (Now If You Can),L-210,2025-05-19 05:33,"BANJOsutra,BLOWsutra,BLOWsutra : REVOLT (now),BLUESsutra,FOLKsutra",checked
Second Hand Smoke (of) Arrogant Hearts - BLOWsutra EGO Therapy EPx6,https://soundcloud.com/bananasutra/sets/second-hand-smoke-of-arrogant-hearts-blowsutra-ego-therapy-epx6,,1,BLOWsutra,"BANJO,BURLESQUE,DUB,INDIE,LOFI,MANTRA","BANJO,BURLESQUE,DUB,GIPSY,INDIE,LOFI,MANTRA,SOUL,TRIP HOP",6,4677,50,17:53,https://i1.sndcdn.com/artworks-Tee0LuKXPZj5MLJY-pyJfiA-t500x500.png,Arrogant Hearts (Second hand Smoke),L-18,2025-11-06 23:12,"BANJOsutra,BLOWsutra,BLOWsutra : EGO (gone loco),BLUESsutra,LOFIsutra,MANTRAsutra",checked
Secret de Polichinelle 🎪 French EPx10 🎪 KNOWsutra Psychedelic Gipsy Circus,https://soundcloud.com/bananasutra/sets/secret-de-polichinelle-french-epx10-knowsutra-psychedelic-gipsy-circus,,1,BLOWsutra,"BURLESQUE,INDIE,JAZZ","BURLESQUE,GIPSY,INDIE,JAZZ,PSYCHEDELIC",10,5381,53,35:11,https://i1.sndcdn.com/artworks-xr4XjkoXh1PH9F6I-IQ3wCQ-t500x500.png,Secret De Polichinelle,L-212,2025-11-11 23:41,"BURLESQUEsutra,FRENCHsutra oui oui · sacrebleu,OUI OUI : Pardon (my French)",checked
Segggsting • SHOWsutra EPx6 • French Burlesque Jazz Cabaret,https://soundcloud.com/bananasutra/sets/segggsting-showsutra-epx6-burlesque-jazz-cabaret,,1,SHOWsutra,"BANJO,BURLESQUE,JAZZ","BANJO,BURLESQUE,CABARET,JAZZ",6,1240,6,21:22,https://i1.sndcdn.com/artworks-ysjQ1M8gFBitUZAA-QR72zg-t500x500.png,Segggsting,L-213,2025-07-22 05:12,"BANJOsutra,BURLESQUEsutra,FRENCHsutra oui oui · sacrebleu,INDIEsutra,JAZZsutra,LOFIsutra,SHOWsutra where bananas play",checked
Seminal Bollocks - Merry Psychedelic GROWsutra (God Etc.) EPx10,https://soundcloud.com/bananasutra/sets/seminal-bollocks-merry-psychedelic-growsutra-god-etc-epx10,,2,GROWsutra,"BURLESQUE,FOLK,INDIE,LOFI,ROCK","BURLESQUE,COUNTRY,FADO,FOLK,GIPSY,INDIE,LOFI,PSYCHEDELIC,PUNK,ROCK",10,9083,76,36:45,https://i1.sndcdn.com/artworks-WZTqldC4Qw8BIhVK-eZYyAA-t500x500.png,Seminal Bollocks,L-214,2025-12-26 06:19,"BURLESQUEsutra,FOLKsutra,GROWsutra : GOD (etc),GROWsutra where we be brave,INDIEsutra,LOFIsutra,ROCKsutra",checked
Seminal Bollocks EP,https://soundcloud.com/bananasutra/sets/seminal-bollocks-ep,,1,GROWsutra,ROCK,ROCK,2,575,10,5:05,https://i1.sndcdn.com/artworks-Ik066z1d2sgR1wBb-CC1jVQ-t500x500.jpg,Seminal Bollocks,L-214,2024-12-21 05:40,"DUBsutra,GROWsutra : GOD (etc),INDIEsutra,KNOWsutra where questions matter,Questions for the (kind) POPE in the Sky,ROCKsutra,SINGLEsutra Exclusive SoundCloud (woo)",checked
Serial BLOWerrr ✰ RAGGA DUBsutra,https://soundcloud.com/bananasutra/sets/serial-blowerrr,,1,BLOWsutra,DUB,"DUB,FLAMENCO,RAGGA",7,1513,15,23:25,https://i1.sndcdn.com/artworks-L6YErpavAldzq4cD-HRzVlg-t500x500.png,Serial Blowers,L-216,2025-01-31 13:03,"BLOWsutra,BLOWsutra : APES (gone wrong),DUBsutra,QUACKsutra where we sing FU",checked
Shades of Fools EPx9,https://soundcloud.com/bananasutra/sets/shades-of-fools-epx9,,1,KNOWsutra,BANJO,"BANJO,RAGGA",9,1741,16,26:00,https://i1.sndcdn.com/artworks-vmrDjbUos6J6FBAc-PCByYA-t500x500.png,Shady Fools,L-218,2025-02-25 03:59,"BANJOsutra,BLUESsutra,BURLESQUEsutra,GROWsutra where we be brave,INDIEsutra,KNOWsutra where questions matter,ROCKsutra,SHOWsutra: (shades of) FOOLS",checked
Shady Fools (Oh Can’t You See?) • Vol. 2 EPx9 • BLOWsutra Ego Gone Loco LoFi Burlesque,https://soundcloud.com/bananasutra/sets/shady-fools-oh-cant-you-see-vol-2-epx9-blowsutra-ego-gone-loco-lofi-burlesque,,2,KNOWsutra,"BURLESQUE,DUB,FOLK,INDIE,LOFI,ROCK","BURLESQUE,DUB,FADO,FOLK,HIP HOP,INDIE,LOFI,PSYCHEDELIC,ROCK",9,1806,21,29:15,https://i1.sndcdn.com/artworks-3Pm91yJCMrEECvrj-EP3ozg-t500x500.png,Shady Fools,L-218,2025-11-22 01:27,"BLOWsutra,BURLESQUEsutra,INDIEsutra,LOFIsutra,ROCKsutra",checked
Sidération - Spoken Words Intro - EPx3 VOL. 1 of 4,https://soundcloud.com/bananasutra/sets/sideration-spoken-words-intro-epx3-vol-1-of-4,,1,BLOWsutra,LOFI,LOFI,3,515,2,9:55,https://i1.sndcdn.com/artworks-lf1lRd9pToH4z1il-dFOkVA-t500x500.png,Sidération,L-223,2025-05-26 00:35,"BLOWsutra : REVOLT (now),LOFIsutra,MANTRAsutra,Playlist Sidération Gone Bananas x29,QUACKsutra where we sing FU",checked
Sidération - The Sky Stood Still - EPx6 VOL. 2 of 4,https://soundcloud.com/bananasutra/sets/sideration-the-sky-stood-still-epx6-vol-2-of-4,,2,BLOWsutra,JAZZ,JAZZ,6,2023,21,18:19,https://i1.sndcdn.com/artworks-gwDy1gyG7fsttlqv-odJ2KA-t500x500.png,Sidération (The Sky Stood Still),L-224,2025-05-26 00:39,"BLOWsutra,BLOWsutra : REVOLT (now),BLUESsutra,BURLESQUEsutra,JAZZsutra,MANTRAsutra,Playlist Sidération Gone Bananas x29,QUACKsutra where we sing FU",checked
Sidération Blues - A Song of Wrong - EPx7 Vol 3 of 4,https://soundcloud.com/bananasutra/sets/sideration-blues-a-song-of-wrong-epx7-vol-3-of-4,,3,BLOWsutra,BLUES,BLUES,7,3347,30,23:24,https://i1.sndcdn.com/artworks-m0yZE3BD5czpTSpy-yzAs5A-t500x500.png,Sidération Blues,L-225,2025-05-26 00:46,"BLUESsutra,Playlist Sidération Gone Bananas x29,QUACKsutra where we sing FU",checked
Sidération's Calling - White House's Burning - EPx13 Vol 4 of 4,https://soundcloud.com/bananasutra/sets/siderations-calling-white-houses-burning-epx13-vol-4-of-4,,4,BLOWsutra,LOFI,"LOFI,RAGGA",13,3984,23,36:35,https://i1.sndcdn.com/artworks-58HtMVlI0dnLHSez-V8vJyA-t500x500.png,Sidération's Calling,L-226,2025-05-26 01:01,"BLOWsutra : REVOLT (now),BURLESQUEsutra,DUBsutra,LOFIsutra,Playlist Sidération Gone Bananas x29,QUACKsutra where we sing FU",checked
Sing Your Own Gospel • Vol. 2 EPx7 • GROWsutra (God · Etc) Revolutionary Gipsy JAZZ,https://soundcloud.com/bananasutra/sets/sing-your-own-gospel-vol-2-epx7-growsutra-god-etc-revolutionary-gipsy-jazz,,1,GROWsutra,"BLUES,FOLK,INDIE,JAZZ","BLUES,FOLK,GIPSY,INDIE,JAZZ",7,6310,94,21:46,https://i1.sndcdn.com/artworks-kWzeemU5Sy6IEyqW-Ipy4sA-t500x500.png,Sing Your Own Gospel,L-227,2026-01-04 05:10,"BLUESsutra,FOLKsutra,GROWsutra : GOD (etc),GROWsutra where we be brave,JAZZsutra",checked
So · What Is Racism • EPx9 Vol. 2 • KNOWsutra Gipsy Jazz + LoFi,https://soundcloud.com/bananasutra/sets/so-what-is-racism-knowsutra-jazz-lofi-epx9-vol2,,2,KNOWsutra,"JAZZ,LOFI","GIPSY,JAZZ,LOFI",9,7360,66,29:01,https://i1.sndcdn.com/artworks-NK0wy8xSKMBP4LSI-DlE3WA-t500x500.png,"""So, What Is Racism?""",L-228,2026-03-27 04:14,"JAZZsutra,KNOWsutra where questions matter,LOFIsutra",checked
So · What Is Racism? KNOWsutra Gone Banana EPx17,https://soundcloud.com/bananasutra/sets/so-what-is-racism-knowsutra-gone-banana-epx17,,1,KNOWsutra,"BANJO,BLUES,DUB,FOLK,JAZZ,LOFI","BANJO,BLUES,DUB,FOLK,GIPSY,JAZZ,LOFI,RAGGA",17,16635,174,52:18,https://i1.sndcdn.com/artworks-2Y1pH6yfxZuC4LKe-PWzeJA-t500x500.png,"""So, What Is Racism?""",L-228,2025-10-05 01:34,"BLUESsutra,DUBsutra,JAZZsutra,KNOWsutra : but(t) WHY,KNOWsutra where questions matter",checked
some songs are more fun than others EP x8 ∞,https://soundcloud.com/bananasutra/sets/some-songs-are-more-fun-than-others-ep,,1,SHOWsutra,JAZZ,JAZZ,8,1836,30,23:33,https://i1.sndcdn.com/artworks-nykdkPQFrFTjZX28-gv5jEA-t500x500.jpg,Some Songs Are More Fun Than Others,L-229,2024-12-25 05:23,"BURLESQUEsutra,DUBsutra,JAZZsutra,SHOWsutra : FANANA Club,SHOWsutra where bananas play",checked
Some Truths (Are Harder to Swallow) EPx7,https://soundcloud.com/bananasutra/sets/some-truths-are-harder-to-swallow-epx7,,1,GROWsutra,"BLUES,INDIE,LOFI","BLUES,INDIE,LOFI",7,1192,7,21:48,https://i1.sndcdn.com/artworks-SUUIsI7woB0IboJy-gnp3pA-t500x500.jpg,Some Truths Are Harder to Swallow,L-230,2024-12-24 20:25,"BLOWsutra : CENSOR(ed),BURLESQUEsutra,GROWsutra where we be brave,JAZZsutra,ROCKsutra,SHOWsutra where bananas play",checked
Spit Back The Lies • BLOWsutra (Revolution Ring) EPx20,https://soundcloud.com/bananasutra/sets/spit-back-the-lies-blowsutra-epx20,,1,BLOWsutra,"BANJO,BLUES,BURLESQUE,DUB,FOLK,INDIE,LOFI,ROCK","BANJO,BLUES,BURLESQUE,DUB,FLAMENCO,FOLK,GIPSY,HIP HOP,INDIE,LOFI,PSYCHEDELIC,PUNK,ROCK",20,14396,142,57:42,https://i1.sndcdn.com/artworks-qXPEntVNqNX60KsD-pPXHNg-t500x500.png,Spit Back the Lies,L-232,2026-03-06 00:52,"BLOWsutra,BLUESsutra,DUBsutra,INDIEsutra,LOFIsutra,ROCKsutra",checked
SS Means Sacred Sp3rm ☠ BLOWsutra EPx19,https://soundcloud.com/bananasutra/sets/ss-means-sacred-sp3rm-blowsutra-epx19,,1,QUACKsutra,"BURLESQUE,FOLK,INDIE,JAZZ,ROCK","BURLESQUE,FOLK,INDIE,JAZZ,ROCK",19,4001,38,1:02:31,https://i1.sndcdn.com/artworks-Ewv6TYyznUIgQm3O-4hTy5Q-t500x500.png,SS Means Sacred Sp3rm,L-233,2025-06-28 21:33,"BLOWsutra,BLOWsutra : CENSOR(ed),BLUESsutra,BURLESQUEsutra,FOLKsutra,INDIEsutra,JAZZsutra,LOFIsutra,MANTRAsutra,ROCKsutra",checked
Stymied Felon goes Stymy Stymy Yuck Encore - Freee Bonus EPx2 VOL.02,https://soundcloud.com/bananasutra/sets/stymied-felon-goes-stymy-stymy-yuck-encore-freee-bonus-epx2-vol02,,2,BLOWsutra,LOFI,"LOFI,HIP HOP",2,426,4,5:48,https://i1.sndcdn.com/artworks-MnjuWCHszuAJt8sg-DJvk4g-t500x500.png,Stymy Stymy Yuck,L-234,2025-04-22 19:11,"BLOWsutra,DUBsutra,QUACKsutra : DUCK (shady),QUACKsutra where we sing FU",checked
Stymy Stymy Yuck : A Story of Old Bastards - EPx5 VOL.1 - DUBsutra,https://soundcloud.com/bananasutra/sets/stymy-stymy-yuck-a-story-of-old-bastards-epx5-vol1-dubsutra,,1,QUACKsutra,"DUB,LOFI","DUB,LOFI",5,1280,17,15:19,https://i1.sndcdn.com/artworks-Mec8nBlPvyM8XXLn-dyCagw-t500x500.jpg,Stymy Stymy Yuck,L-234,2025-04-11 01:30,"BLOWsutra,DUBsutra,KNOWsutra where questions matter,LOFIsutra,QUACKsutra : DUCK (shady),QUACKsutra where we sing FU",checked
Sutra of Immanence - FLOWsutra Dog Poetry - Jazz & Dub EPx3,https://soundcloud.com/bananasutra/sets/sutra-of-immanence-flowsutra-dog-poetry-jazz-dub-epx3,,1,FLOWsutra,"DUB,JAZZ","DUB,JAZZ",3,571,10,8:18,https://i1.sndcdn.com/artworks-NVoSzyd2p5Cnj9Qz-g4JRiQ-t500x500.png,Sutra of Immanence,L-236,2025-06-06 12:12,"BOWsutra : (Thank) Dogs,DUBsutra,FLOWsutra where time is space,JAZZsutra",checked
SynthemaSutra ♆ SHOWsutra Banana EPx8,https://soundcloud.com/bananasutra/sets/synthemasutra-showsutra-banana-epx8,,1,SHOWsutra,"BURLESQUE,DUB,INDIE,LOFI,ROCK","BURLESQUE,DUB,FLAMENCO,INDIE,LOFI,PSYCHEDELIC,PUNK,ROCK,SOUL",8,2601,27,34:03,https://i1.sndcdn.com/artworks-yoEMRKS82rZVyqki-15yXGg-t500x500.png,SynthemaSutra,L-237,2025-11-25 08:59,"BURLESQUEsutra,DUBsutra,INDIEsutra,LOFIsutra,ROCKsutra,SHOWsutra : B.J. (is for Banana Jesters),SHOWsutra where bananas play",checked
Tell The Truth (encore) KNOWsutra EPx9 Vol. 04,https://soundcloud.com/bananasutra/sets/tell-the-truth-encore-knowsutra-epx9-vol-04,,3,KNOWsutra,"BANJO,BLUES,ROCK","BANJO,BLUES,PSYCHEDELIC,ROCK",9,10318,185,37:21,https://i1.sndcdn.com/artworks-64Uv99JMUudNjTVz-iC67zQ-t500x500.png,Tell The Truth,L-239,2025-11-02 04:28,"BLUESsutra,BURLESQUEsutra,KNOWsutra : (naked) TRUTH,KNOWsutra where questions matter,ROCKsutra",checked
Tell the Truth EP x4 BLUESsutra,https://soundcloud.com/bananasutra/sets/tell-the-truth-ep-x4-bluessutra,,2,KNOWsutra,"BANJO,BLUES,JAZZ","BANJO,BLUES,JAZZ",5,1291,21,18:54,https://i1.sndcdn.com/artworks-1orEckq5nx9HrqGz-OMASFw-t500x500.jpg,Tell The Truth,L-239,2025-01-22 11:10,"BANJOsutra,BLUESsutra,GROWsutra where we be brave,INDIEsutra,JAZZsutra,KNOWsutra : (naked) TRUTH,KNOWsutra where questions matter",checked
Thank you · Mister Paine - American Accountability Revolution Blues EPx3,https://soundcloud.com/bananasutra/sets/thank-you-mister-paine-american-accountability-revolution-blues-epx3,,1,BLOWsutra,BLUES,BLUES,3,853,14,11:47,https://i1.sndcdn.com/artworks-u5pewrASgTDY7LtN-z0b1TA-t500x500.png,"""Thank you, Mister Paine""",L-240,2025-06-06 11:12,"BLOWsutra : REVOLT (now),BLUESsutra,QUACKsutra where we sing FU",checked
The Accordion of Ignorance EP X4,https://soundcloud.com/bananasutra/sets/the-accordion-of-ignorance-ep-x4,,1,BLOWsutra,FOLK,FOLK,4,700,7,15:49,https://i1.sndcdn.com/artworks-ppd320RXiIyfcazy-2Vw1DA-t500x500.png,The Accordion of Ignorance,L-242,2024-12-11 21:36,"BLOWsutra,BLOWsutra : APES (gone wrong),BLUESsutra,BURLESQUEsutra,FOLKsutra",checked
The Atheist Tango • Vol. 2 EPx12  •  GROWsutra (God · Etc) Conscious Gipsy LoFi Burlesque Jazz,https://soundcloud.com/bananasutra/sets/the-atheist-tango-vol-2-epx12-growsutra-god-etc-conscious-gipsy-lofi-burlesque-jazz,,2,GROWsutra,"BURLESQUE,JAZZ,LOFI","BURLESQUE,GIPSY,JAZZ,LOFI",12,13928,155,39:26,https://i1.sndcdn.com/artworks-eYKRlb3V6IdPR1u7-GGSyjw-t500x500.png,The Atheist Tango,L-243,2026-01-09 06:56,"BURLESQUEsutra,GROWsutra : GOD (etc),GROWsutra where we be brave,JAZZsutra,LOFIsutra",checked
The Conquest of Happiness (according to Bertrand Russel) ☰ 2 Songs EPx10 ☰ KNOWsutra,https://soundcloud.com/bananasutra/sets/the-conquest-of-happiness-according-to-bertrand-russel-2-songs-epx10-knowsutra,,1,KNOWsutra,"BURLESQUE,FOLK,INDIE,JAZZ,MANTRA","BURLESQUE,FOLK,INDIE,JAZZ,MANTRA",10,4657,49,44:45,https://i1.sndcdn.com/artworks-mzPTVVzYjzKf5bIY-HeAycA-t500x500.png,"The Conquest of Happiness,The Unhappiness Tango",,2025-11-16 04:20,"BURLESQUEsutra,FOLKsutra,GROWsutra where we be brave,INDIEsutra,JAZZsutra,KNOWsutra : BERTRAND (mon chéri),MANTRAsutra",checked
The Dystopian Quiz Song ★ EPx15 ★ Acoustic SOULsutra,https://soundcloud.com/bananasutra/sets/the-dystopian-quiz-song-epx15-acoustic-soulsutra,,1,BLOWsutra,"BLUES,BURLESQUE,JAZZ,MANTRA","ACOUSTIC,BLUES,BURLESQUE,JAZZ,MANTRA",15,2969,14,46:20,https://i1.sndcdn.com/artworks-jQRym0eZpol8JOvs-sUKVsw-t500x500.png,The Dystopian Quiz Song,L-246,2025-04-18 20:27,"BANJOsutra,BLOWsutra : APES (gone wrong),BLUESsutra,BURLESQUEsutra,FOLKsutra,FOTUS CIRCUS Playlist An American Freaks Show,GROWsutra where we be brave,INDIEsutra,JAZZsutra,MANTRAsutra,QUACKsutra where we sing FU",checked
The Echo Song Song ☭ Vladimir Vysotsky - EPx6  English Cover ☭ BLOWsutra Gipsy Trip Hop Trip,https://soundcloud.com/bananasutra/sets/the-echo-song-song-vladimir-vysotsky-epx6-english-cover-blowsutra-gipsy-trip-hop-trip,,2,BLOWsutra,"BURLESQUE,DUB,FOLK,INDIE,LOFI","BURLESQUE,DUB,FOLK,GIPSY,INDIE,LOFI,PSYCHEDELIC,TRIP HOP",6,3519,29,18:46,https://i1.sndcdn.com/artworks-csa1LSOJaNbx8eWJ-OVqzHA-t500x500.png,The Echo Song,L-247,2025-10-27 04:02,"BLOWsutra,BLOWsutra : REVOLT (now),BURLESQUEsutra,DUBsutra,INDIEsutra,LOFIsutra",checked
The Echo Song ☭ Russian EPx3 ☭ Gipsy BLOWsutra LoFi Blues (Vladimir Vysotsky Cover),https://soundcloud.com/bananasutra/sets/the-echo-song-russian-epx3-gipsy-blowsutra-lofi-blues-vladimir-vysotsky-cover,,1,BLOWsutra,"BANJO,BLUES,INDIE,LOFI","BANJO,BLUES,GIPSY,INDIE,LOFI,PSYCHEDELIC",3,2688,32,9:40,https://i1.sndcdn.com/artworks-acFrdgqIA6o30Zzp-mlZM9A-t500x500.png,The Echo Song,L-392,2025-10-25 08:16,"BLOWsutra : REVOLT (now),BLUESsutra,LOFIsutra,WORLDsutra : Russian(ish)",checked
The Great Naked King • SHOWsutra Psychedelick Fools Cabaret EPx30,https://soundcloud.com/bananasutra/sets/the-great-naked-king-showsutra-epx30,,1,SHOWsutra,"BANJO,BLUES,BURLESQUE,INDIE,JAZZ,LOFI","BANJO,BLUES,BURLESQUE,CABARET,FADO,FLAMENCO,GIPSY,HIP HOP,INDIE,JAZZ,LOFI",30,18070,220,1:46:12,https://i1.sndcdn.com/artworks-QRaUbtlHanDIuOON-8Hr9pg-t500x500.png,The Great Naked King,L-250,2026-04-01 23:37,"BLUESsutra,BURLESQUEsutra,INDIEsutra,JAZZsutra,LOFIsutra,SHOWsutra where bananas play",checked
The Invisible Man in the Sky (a song inspired by George Carlin) EPx8 VOL.01,https://soundcloud.com/bananasutra/sets/the-invisible-man-in-the-sky-a-song-inspired-by-george-carlin-epx8-vol01,,1,GROWsutra,"BURLESQUE,DUB,LOFI","BURLESQUE,DUB,LOFI",8,1427,13,20:53,https://i1.sndcdn.com/artworks-X3sSPUgbNbib2XW8-7bIcSQ-t500x500.png,The Invisible Man In The Sky,L-251,2025-04-13 23:17,"BLUESsutra,BURLESQUEsutra,FOLKsutra,GROWsutra : GOD (etc),GROWsutra where we be brave,LOFIsutra,Questions for the (kind) POPE in the Sky,ROCKsutra",checked
The Love of a Dove ☩ EPx18 ☩ GROWsutra Peace Fusion Prayer,https://soundcloud.com/bananasutra/sets/the-love-of-a-dove-epx18-growsutra-peace-fusion-prayer,,1,KNOWsutra,"BLUES,DUB,FOLK,INDIE","BLUES,DUB,FADO,FOLK,INDIE,PSYCHEDELIC,RAGGA,SOUL",18,13436,162,55:13,https://i1.sndcdn.com/artworks-JAgkPz4F7h0eq74Z-njbS5Q-t500x500.png,The Love of A Dove,L-252,2025-10-06 08:08,"BLUESsutra,DUBsutra,FOLKsutra,GROWsutra where we be brave,INDIEsutra,KNOWsutra : PEACE (not War)",checked
There's No Prayer Like Desire • KNOWsutra But(t) Why EPx4,https://soundcloud.com/bananasutra/sets/theres-no-prayer-like-desire-knowsutra-butt-why-epx4,,1,KNOWsutra,"BANJO,BLUES,BURLESQUE","BANJO,BLUES,BURLESQUE",3,1999,20,8:29,https://i1.sndcdn.com/artworks-BZeLqNQ4AlXL9NGG-8Sntuw-t500x500.png,There's No Prayer Like Desire,L-259,2025-12-14 04:18,"BLUESsutra,BURLESQUEsutra,KNOWsutra where questions matter",checked
They Call It Freedom (Oh Hi · Sweet Honey Bun) ✯ BLOWsutra (Revolt Now) EPx11,https://soundcloud.com/bananasutra/sets/they-call-it-freedom-oh-hi-sweet-honey-bun-blowsutra-revolt-now-epx11,,1,BLOWsutra,"BLUES,BURLESQUE,FOLK,INDIE,LOFI","BLUES,BURLESQUE,FOLK,GIPSY,HIP HOP,INDIE,LOFI,PSYCHEDELIC,TRIP HOP",11,6602,79,36:40,https://i1.sndcdn.com/artworks-kwu5kFHr0XzItgSe-7wgK2Q-t500x500.png,"""They Call It Freedom (Oh Hi, Sweet Honey Bun)""",L-262,2025-12-05 05:48,"BLOWsutra,BLOWsutra : REVOLT (now),BLUESsutra,BURLESQUEsutra,FOLKsutra,LOFIsutra",checked
They Muddy the Waters (aka Nietzsche's Gift) EPx5 VOL. 04,https://soundcloud.com/bananasutra/sets/they-muddy-the-waters-aka-nietzsches-gift-epx5-vol-04,,3,KNOWsutra,"BANJO,BURLESQUE,FOLK,INDIE,LOFI","BANJO,BURLESQUE,FOLK,INDIE,LOFI",5,1079,6,16:27,https://i1.sndcdn.com/artworks-8WQovcQ1YWF6xgZ0-sPC0bQ-t500x500.png,Nietzsche's Gift (Muddy Waters),L-165,2025-04-14 06:55,"BANJOsutra,BLOWsutra,BLOWsutra : EGO (gone loco),BURLESQUEsutra,INDIEsutra,LOFIsutra,MANTRAsutra",checked
This Is My Quest • GROWsutra (Dare to Care) Dream EPx19,https://soundcloud.com/bananasutra/sets/this-is-my-quest-growsutra-epx19,,1,GLOWsutra,"DUB,INDIE,JAZZ,LOFI","DUB,FADO,FLAMENCO,GIPSY,INDIE,JAZZ,LOFI,PSYCHEDELIC",19,17821,127,1:13:50,https://i1.sndcdn.com/artworks-qhqHRqMMeCjATzsp-RQ8fQQ-t500x500.png,This Is My Quest,L-263,2026-03-16 18:54,"DUBsutra,GROWsutra : DARE (to care),GROWsutra where we be brave,INDIEsutra,JAZZsutra",checked
This Is What Dissent Looks Like Now - BLOWsutra (Revolution Ring) Jazz Indie LoFi Dream,https://soundcloud.com/bananasutra/sets/this-is-what-dissent-looks-like-now-blowsutra-revolution-ring-jazz-indie-lofi-dream,,1,BLOWsutra,"BURLESQUE,INDIE,JAZZ,LOFI","BURLESQUE,CABARET,GIPSY,HIP HOP,INDIE,JAZZ,LOFI,PSYCHEDELIC,PUNK,TRIP HOP",14,17467,149,55:10,https://i1.sndcdn.com/artworks-oX7ZY3z8JzrLVWyA-Iz5Tsg-t500x500.png,What Dissent Looks Like Now,L-286,2026-01-27 21:09,"BLOWsutra,BLOWsutra : CENSOR(ed),INDIEsutra,JAZZsutra,LOFIsutra,SHOWsutra: (shades of) FOOLS",checked
Time for Rebel Romance ☆ EPx6 ☆ BLOWsutra (Revolt Now) Cabaret,https://soundcloud.com/bananasutra/sets/time-for-rebel-romance-epx6-blowsutra-revolt-now-cabaret,,1,BLOWsutra,"BURLESQUE,DUB,INDIE,JAZZ,MANTRA,ROCK","BURLESQUE,CABARET,DUB,INDIE,JAZZ,MANTRA,PSYCHEDELIC,RAGGA,ROCK,TRIP HOP",6,10281,88,18:05,https://i1.sndcdn.com/artworks-FCpNyoKfIRn6bNzD-59cLWg-t500x500.png,Time For Rebel Romance,L-265,2026-02-19 08:00,"BLOWsutra,BLOWsutra : REVOLT (now),BURLESQUEsutra,DUBsutra,GROWsutra : KIND(ness),QUACKsutra where we sing FU,ROCKsutra",checked
To Dream EP X8 | Jacques Brel Chanson Reimagined : Psychedelic French Poetry JAZZsutra X5,https://soundcloud.com/bananasutra/sets/the-quest-brel-poetry-jazz-remakes-x8,,1,GLOWsutra,JAZZ,"JAZZ,PSYCHEDELIC",8,5663,61,21:21,https://i1.sndcdn.com/artworks-QUpuRg3OOi3Qb9MF-h5LTAw-t500x500.png,To Dream,L-266,2024-11-09 00:48,"BURLESQUEsutra,FOLKsutra,GLOWsutra : RAINBOWS (in my clouds),GLOWsutra where gratitude feeds,JAZZsutra,MANTRAsutra,ROCKsutra",checked
Too Hard · My Friend • FLOWsutra (Fly Like Water) Lullabies EPx2,https://soundcloud.com/bananasutra/sets/too-hard-flowsutra-epx2,,1,FLOWsutra,,,2,403,0,6:05,https://i1.sndcdn.com/artworks-Ky48s5ZarF8xscUO-tegDyw-t500x500.png,"""Too Hard, My Friend""",L-267,2026-04-17 23:32,"FLOWsutra where time is space,JAZZsutra,LOFIsutra",checked
Trauma Begets Trauma - KNOWsutra Peace (not War) Piano Kitten Truth EPx5,https://soundcloud.com/bananasutra/sets/trauma-begets-trauma-knowsutra-peace-not-war-piano-kitten-truth-epx5,,1,KNOWsutra,INDIE,"GIPSY,INDIE",5,4283,35,15:46,https://i1.sndcdn.com/artworks-O1DJ2yudziIuoAWo-vRdodg-t500x500.png,Trauma Begets Trauma,L-268,2025-11-09 01:54,"KNOWsutra : PEACE (not War),KNOWsutra where questions matter",checked
Trump Derangement Syndrome ™ EPx7,https://soundcloud.com/bananasutra/sets/trump-derangement-syndrome-epx7,,1,BLOWsutra,"BANJO,BURLESQUE,DUB,JAZZ,MANTRA","BANJO,BURLESQUE,DUB,JAZZ,MANTRA",7,1394,16,22:00,https://i1.sndcdn.com/artworks-Ys4zGlSmXhrD1HsT-Kvzuxg-t500x500.png,Trump Derangement Syndrome ™,L-269,2025-06-18 17:12,"BANJOsutra,BLUESsutra,INDIEsutra,MANTRAsutra,QUACKsutra : DUCK (shady),QUACKsutra where we sing FU",checked
Trust No One EP x3 VOL.1 ☆ BLOWsutra Alternative Indie ROCK,https://soundcloud.com/bananasutra/sets/trust-no-one-ep-x3-vol1-blowsutra-alternative-indie-rock,,1,BLOWsutra,"INDIE,JAZZ,ROCK","INDIE,JAZZ,ROCK",3,939,12,6:33,https://i1.sndcdn.com/artworks-zo2LcEgQQvZyFMXS-Hip2cg-t500x500.png,Trust No One,L-270,2025-04-04 03:18,"BLOWsutra,BLOWsutra : EGO (gone loco),INDIEsutra,ROCKsutra",checked
Truth Don't Care ✗ EPx2 ✗ KNOWsutra Psychedelic Muse Cabaret,https://soundcloud.com/bananasutra/sets/truth-dont-care-epx2-knowsutra-psychedelic-muse-cabaret,,1,KNOWsutra,"BURLESQUE,JAZZ","BURLESQUE,CABARET,JAZZ,PSYCHEDELIC",2,375,3,6:52,https://i1.sndcdn.com/artworks-2pO2JGvoTeCfSURr-2A3VeA-t500x500.png,Truth Don't Care,L-271,2025-08-24 02:48,"BURLESQUEsutra,JAZZsutra,KNOWsutra : (naked) TRUTH,KNOWsutra where questions matter",checked
Tune in the Tender ☲ #GROWsutra EPx9,https://soundcloud.com/bananasutra/sets/tune-in-the-tender-growsutra-epx9,,1,GROWsutra,"DUB,INDIE,LOFI","DUB,INDIE,LOFI",9,2843,31,36:05,https://i1.sndcdn.com/artworks-ayo6PDrn2o8EClWe-wyHddg-t500x500.png,Tune In The Tender,L-273,2025-06-21 09:02,"BLUESsutra,DUBsutra,GLOWsutra : RAINBOWS (in my clouds),GLOWsutra where gratitude feeds,INDIEsutra,JAZZsutra,MANTRAsutra",checked
Two Things · Darling • EPx11 • KNOWsutra (Bertrand) Conscious Gipsy LoFi Blues INDIE,https://soundcloud.com/bananasutra/sets/two-things-darling-epx11-knowsutra-bertrand-conscious-gipsy-lofi-blues-indie,,1,KNOWsutra,"BANJO,BLUES,DUB,INDIE,LOFI","BANJO,BLUES,DUB,FLAMENCO,GIPSY,INDIE,LOFI,PSYCHEDELIC,TRIP HOP",11,8004,72,43:01,https://i1.sndcdn.com/artworks-arUtRqgFTtrbCyLv-f6mbwA-t500x500.png,"""Two Things, Darling""",L-274,2026-01-01 22:37,"BLUESsutra,DUBsutra,INDIEsutra,KNOWsutra : BERTRAND (mon chéri),KNOWsutra where questions matter,LOFIsutra",checked
Untamed EP X3,https://soundcloud.com/bananasutra/sets/untamed-ep-x3,,1,GROWsutra,INDIE,INDIE,3,522,2,7:37,https://i1.sndcdn.com/artworks-h4WvLIv6GtEpPvLT-kyZycQ-t500x500.png,Untamed,L-276,2024-12-14 20:25,"BANJOsutra,BLUESsutra,BOWsutra the last of 7 sutras · it's divine <3,FOLKsutra,GROWsutra : GOD (etc),Questions for the (kind) POPE in the Sky",checked
Up a San Francisco Hill EP(x4) VOL.2,https://soundcloud.com/bananasutra/sets/up-a-san-francisco-hill-epx4-vol2,,2,GLOWsutra,DUB,DUB,4,752,9,13:31,https://i1.sndcdn.com/artworks-pNf3bEZAmay75ojX-AjKkkg-t500x500.png,Up a San Francisco Hill,L-277,2025-01-29 19:15,"GLOWsutra : RAINBOWS (in my clouds),GLOWsutra where gratitude feeds,INDIEsutra",checked
Up a San Francisco Hill • Bananasutra Heart Beats,https://soundcloud.com/bananasutra/sets/up-a-san-francisco-hill-bananasutra-heart-beats,,1,GLOWsutra,DUB,DUB,8,784,3,12:52,https://i1.sndcdn.com/artworks-GDiJpggFg27JRXo9-ZnhHqQ-t500x500.jpg,Up a San Francisco Hill,L-277,2025-01-26 23:36,"BURLESQUEsutra,DUBsutra,GLOWsutra where gratitude feeds,INDIEsutra,MANTRAsutra",checked
Waldo's Fascist Tango EPx3 VOL. 1 • Burlesque JAZZ,https://soundcloud.com/bananasutra/sets/waldos-fascist-tango-epx3-vol-1-blowsutra-burlesque,,1,GROWsutra,"BURLESQUE,JAZZ","BURLESQUE,JAZZ",3,682,7,10:30,https://i1.sndcdn.com/artworks-c3L1ZrA7GdTEUNpD-srMlmg-t500x500.png,Waldo's Fascist Tango (Down We Go),L-281,2025-04-06 01:10,"BLOWsutra : APES (gone wrong),BURLESQUEsutra,QUACKsutra where we sing FU,Questions for the (kind) POPE in the Sky",checked
We Live Not By Lies ⚬ EPx12 ⚬ GROWsutra Revolution Ring,https://soundcloud.com/bananasutra/sets/we-live-not-by-lies-epx12-growsutra-revolution-ring,,1,GROWsutra,"BURLESQUE,DUB,INDIE,LOFI,ROCK","BURLESQUE,DUB,GIPSY,INDIE,LOFI,PSYCHEDELIC,PUNK,ROCK",12,11014,107,34:57,https://i1.sndcdn.com/artworks-aUUxzKo6oEXsOIfq-vtqUJA-t500x500.png,We Live Not By Lies,L-282,2025-11-13 07:30,"BLOWsutra : REVOLT (now),BURLESQUEsutra,DUBsutra,GROWsutra where we be brave,INDIEsutra,KNOWsutra : (naked) TRUTH,LOFIsutra,ROCKsutra",checked
We Remember What (We Remember What) We Feel☉EPx5 INDIE GROWsutra,https://soundcloud.com/bananasutra/sets/we-remember-what-we-remember-what-we-feelepx5-indie-growsutra,,1,GROWsutra,INDIE,INDIE,5,1200,34,15:54,https://i1.sndcdn.com/artworks-InO7MMy9vHYpBdDo-YcZoDQ-t500x500.png,We Remember What (We Remember What) We Feel☉,L-283,2025-06-02 23:28,"GROWsutra : DARE (to care),GROWsutra where we be brave,INDIEsutra",checked
We're Tiny Specks · Right • BOWsutra,https://soundcloud.com/bananasutra/sets/were-tiny-specks-right-bowsutra-epx11,,1,BOWsutra,"LOFI,DUB,INDIE","LOFI,DUB,INDIE,PSYCHEDELIC,GIPSY",11,3610,55,25:36,https://i1.sndcdn.com/artworks-iSBnDzZ6pNZ2thIT-zteX6Q-t500x500.png,"""We’re Tiny Specks, Right?""",L-359,2026-04-13 02:45,"BOWsutra the last of 7 sutras · it's divine <3,DUBsutra,INDIEsutra,LOFIsutra",checked
Wet (Prickly) Peaches vol.2,https://soundcloud.com/bananasutra/sets/wet-prickly-peaches-vol2,,2,FLOWsutra,BLUES,BLUES,9,2072,33,27:28,https://i1.sndcdn.com/artworks-y6GNuYSUFwSvEtI4-VH6lnQ-t500x500.jpg,Wet (Prickly) Peaches vol.2,L-285,2025-02-08 23:13,"BANJOsutra,BLUESsutra,DUBsutra,FLOWsutra : WET (my friend),INDIEsutra,JAZZsutra,SHOWsutra where bananas play",checked
What It's About - Blues Dub Murica Mantra EPx7,https://soundcloud.com/bananasutra/sets/what-its-about-blues-dub-murica-mantra-epx7,,1,BLOWsutra,"BLUES,DUB,MANTRA","BLUES,DUB,MANTRA",7,1497,21,24:28,https://i1.sndcdn.com/artworks-GLU0pK07IFyP9sOF-R4l6cg-t500x500.jpg,What It's About,L-288,2025-06-04 01:10,"BLOWsutra,BLUESsutra,GROWsutra : DARE (to care),INDIEsutra,MANTRAsutra,QUACKsutra where we sing FU",checked
What It's About • Vol. 02 EPx6 • BLOWsutra Revolution Ring,https://soundcloud.com/bananasutra/sets/what-its-about-vol-02-epx6-blowsutra-revolution-ring,,2,KNOWsutra,"BANJO,BLUES,BURLESQUE,JAZZ","BANJO,BLUES,BURLESQUE,JAZZ,PSYCHEDELIC,TRIP HOP",6,4879,73,25:11,https://i1.sndcdn.com/artworks-f5X1h7BNCNHQw6au-Qj1DyQ-t500x500.png,What It's About,L-288,2025-11-20 22:24,BLOWsutra,checked
What the Mirror Said (Reste Lucide) - GLOWsutra JAZZ,https://soundcloud.com/bananasutra/sets/what-the-mirror-said-reste-lucide-glowsutra-jazz,,1,GLOWsutra,"BURLESQUE,INDIE,JAZZ","BURLESQUE,INDIE,JAZZ",5,759,7,18:38,https://i1.sndcdn.com/artworks-VQkWPBpI3EhvPQjd-JaXiYg-t500x500.png,What the Mirror Said (Reste Lucide),L-290,2025-07-25 08:08,"BURLESQUEsutra,FRENCHsutra oui oui · sacrebleu,GLOWsutra : RAINBOWS (in my clouds),GLOWsutra where gratitude feeds,JAZZsutra,OUI OUI : Pardon (my French)",checked
What's F-A-S-C-I-S-T? EPx8 VOL. 1 ☆ BLOWsutra JAZZ FOLK Fusion,https://soundcloud.com/bananasutra/sets/whats-f-a-s-c-i-s-t-epx9-vol-1-blowsutra-jazz-folk-fusion,,1,BLOWsutra,"BURLESQUE,FOLK,JAZZ,LOFI","BURLESQUE,COUNTRY,FOLK,JAZZ,LOFI",8,1549,11,25:17,https://i1.sndcdn.com/artworks-ovG5pHzgSSHWXS4C-9duL4w-t500x500.png,What's F-A-S-C-I-S-T?,L-292,2025-04-04 00:41,"BLOWsutra,BLOWsutra : CENSOR(ed),BURLESQUEsutra,FOLKsutra,FOTUS CIRCUS Playlist An American Freaks Show,GROWsutra where we be brave,JAZZsutra,LOFIsutra,QUACKsutra where we sing FU",checked
When Did Seduction Become so Untrue? EPx16 Vol. 02 ䷶ KNOWsutra Flamenco Techno,https://soundcloud.com/bananasutra/sets/when-did-seduction-become-so-untrue-how-do-kids-learn-now-epx16-vol-02-knowsutra-flamenco-techno,,1,KNOWsutra,"INDIE,WORLD","FADO,FLAMENCO,GIPSY",16,3357,21,1:12:03,https://i1.sndcdn.com/artworks-vJJyHyvScNYFs8IL-ASDhig-t500x500.png,When Did Seduction Become so Untrue?,L-293,2025-08-12 02:17,"KNOWsutra : (naked) TRUTH,KNOWsutra where questions matter",checked
When We Duende (All Night) EPx9 ☯ DUB + BURLESQUEsutra,https://soundcloud.com/bananasutra/sets/when-we-duende-all-night-epx9-dub-burlesquesutra,,1,FLOWsutra,"BURLESQUE,DUB,JAZZ","BURLESQUE,DUB,JAZZ",9,2360,20,29:29,https://i1.sndcdn.com/artworks-9BOw1039glUsyHSi-RcOVWw-t500x500.png,When We Duende (All Night),L-294,2025-06-14 09:24,"BURLESQUEsutra,DUBsutra,FLOWsutra : WET (my friend),JAZZsutra",checked
When We Duende · Encore ★ Arabesk Fado Soul EPx2 VOL.2,https://soundcloud.com/bananasutra/sets/when-we-duende-encore-arabesk-fado-soul-epx2-vol2,,1,FLOWsutra,INDIE,"FADO,SOUL",2,447,4,7:52,https://i1.sndcdn.com/artworks-2HTk9xJWFp1O434r-CXIyuA-t500x500.png,When We Duende (Encore),L-295,2025-06-16 11:25,"FLOWsutra : WET (my friend),LOFIsutra",checked
Where Hope Expires ℧ EPx8 VOL.02,https://soundcloud.com/bananasutra/sets/where-hope-expires-epx8-vol02,,1,GROWsutra,"DUB,FOLK,INDIE,JAZZ","DUB,FOLK,INDIE,JAZZ",8,1763,21,26:33,https://i1.sndcdn.com/artworks-RDHQvbzOVwhs5g5O-y1W0yw-t500x500.png,Where Hope Expires,L-296,2025-04-22 03:58,"BLOWsutra,BLOWsutra : EGO (gone loco),DUBsutra,FOLKsutra,INDIEsutra,JAZZsutra,MANTRAsutra",checked
Where We Begin (Preakly Peaches) EPx4,https://soundcloud.com/bananasutra/sets/where-we-begin-preakly-peaches-epx4,,1,FLOWsutra,"BURLESQUE,DUB","BURLESQUE,DUB",4,775,9,10:39,https://i1.sndcdn.com/artworks-jm4lztgC6B1n1CHp-ql6gNg-t500x500.jpg,Where We Begin (Preakly Peaches),L-297,2024-12-23 12:00,"BURLESQUEsutra,FLOWsutra : WET (my friend),FLOWsutra where time is space,INDIEsutra,ROCKsutra",checked
Who Knows Where How Happiness Truly Grows ☰ GROWsutra EPx29,https://soundcloud.com/bananasutra/sets/who-knows-where-how-happiness-truly-grows-growsutra-epx29,,1,GROWsutra,"BURLESQUE,DUB,FOLK,INDIE,JAZZ,LOFI,MANTRA","BURLESQUE,DUB,FOLK,INDIE,JAZZ,LOFI,MANTRA",29,5460,45,1:48:44,https://i1.sndcdn.com/artworks-Ooj55UF0JzVS0KFh-9aN0SA-t500x500.png,Who Knows Where How Happiness Truly Grows,L-300,2025-07-06 04:05,"BURLESQUEsutra,DUBsutra,FOLKsutra,INDIEsutra,JAZZsutra,KNOWsutra : but(t) WHY,LOFIsutra,MANTRAsutra",checked
Who Needs a Big D? EP x8 VOL. 1 - JAZZ 'n DUB,https://soundcloud.com/bananasutra/sets/who-needs-a-big-d-ep-x8-vol-1-jazz-n-dub,,1,SHOWsutra,"BURLESQUE,DUB,FOLK,JAZZ,LOFI","BURLESQUE,DUB,FOLK,JAZZ,LOFI",8,1864,16,25:49,https://i1.sndcdn.com/artworks-jhyk7fARubhfUtQC-VqNUCQ-t500x500.png,Who Needs A Big D?,L-301,2025-04-09 03:13,"BURLESQUEsutra,DUBsutra,JAZZsutra,SHOWsutra : B.J. (is for Banana Jesters),SHOWsutra where bananas play",checked
Who's Your Vladdy? EPx10 ☿ BLOWsutra World Peace Fusion Indie,https://soundcloud.com/bananasutra/sets/whos-your-vladdy-epx10-blowsutra-world-peace-fusion-indie,,1,QUACKsutra,"BANJO,BLUES,BURLESQUE,DUB,FOLK,INDIE,LOFI,ROCK","BANJO,BLUES,BURLESQUE,DUB,FOLK,GIPSY,HIP HOP,INDIE,LOFI,PSYCHEDELIC,PUNK,ROCK,SOUL",10,2407,25,43:06,https://i1.sndcdn.com/artworks-HdcKeFj5zjo8xoo9-37TalQ-t500x500.png,Who's Your Vladdy?,L-302,2025-09-18 05:53,"BANJOsutra,BLOWsutra,DUBsutra,INDIEsutra,LOFIsutra,QUACKsutra : DUCK (shady),QUACKsutra where we sing FU,ROCKsutra,WORLDsutra : Russian(ish)",checked
Who's Your Vladdy? EPx2 VOL.02 ☿ BLOWsutra World Peace LOFI + ROCK,https://soundcloud.com/bananasutra/sets/whos-your-vladdy-epx2-vol02-blowsutra-world-peace-lofi-rock,,2,QUACKsutra,"BURLESQUE,LOFI,ROCK","BURLESQUE,GIPSY,LOFI,PSYCHEDELIC,PUNK,ROCK",2,672,9,8:37,https://i1.sndcdn.com/artworks-301rwrEjz0M0tuZV-1dVJMg-t500x500.png,Who's Your Vladdy?,L-302,2025-09-20 18:14,"BLOWsutra,KNOWsutra where questions matter,LOFIsutra,QUACKsutra : DUCK (shady),QUACKsutra where we sing FU,ROCKsutra,WORLDsutra : Russian(ish)",checked
Why Trust an Old · Mean Religion? EPx9 VOL. 01,https://soundcloud.com/bananasutra/sets/why-trust-an-old-mean-religion-epx9-vol-01,,1,GROWsutra,"BANJO,BLUES,DUB,FOLK,INDIE,LOFI","BANJO,BLUES,DUB,FOLK,INDIE,LOFI,SOUL",9,1764,13,29:51,https://i1.sndcdn.com/artworks-Z6c6IDbs2ejUVhp8-iueiCg-t500x500.png,"""Why trust an old, mean religion?""",L-303,2025-04-22 03:01,"BANJOsutra,BLUESsutra,DUBsutra,FOLKsutra,GROWsutra : GOD (etc),GROWsutra where we be brave,INDIEsutra,KNOWsutra : but(t) WHY,LOFIsutra,MANTRAsutra,Questions for the (kind) POPE in the Sky",checked
Why We Can't Be Brave? ☷ GROWsutra (Censored) Cello EPx8,https://soundcloud.com/bananasutra/sets/why-we-cant-be-brave-growsutra-censored-cello-epx8,,1,GROWsutra,"BURLESQUE,DUB,INDIE,LOFI","BURLESQUE,DUB,FLAMENCO,HIP HOP,INDIE,LOFI,PSYCHEDELIC",8,6050,58,28:47,https://i1.sndcdn.com/artworks-rB89JSlaccuJ12aJ-01Yopg-t500x500.png,Why We Can't Be Brave?,L-304,2025-12-02 22:33,"BLOWsutra : CENSOR(ed),BURLESQUEsutra,GROWsutra where we be brave,INDIEsutra,LOFIsutra",checked
Why You Lie (to the People's Face) EP x7 ☠ QUACKsutra,https://soundcloud.com/bananasutra/sets/why-you-lie-to-the-peoples-face-quacksutra,,1,QUACKsutra,"BURLESQUE,FOLK,INDIE","BURLESQUE,FOLK,HIP HOP,INDIE,RAGGA",7,1472,15,21:42,https://i1.sndcdn.com/artworks-OY8Egh3zRPXQxH74-PbCZmw-t500x500.png,Why You Lie (To The People's Face)?,L-305,2025-03-02 06:57,"BLUESsutra,BURLESQUEsutra,DUBsutra,FOTUS CIRCUS Playlist An American Freaks Show,LOFIsutra,QUACKsutra : DUCK (shady),QUACKsutra where we sing FU",checked
WIN-WIN DUB EPx3 ⚭ French-English GROWsutra Fusion Soul,https://soundcloud.com/bananasutra/sets/win-win-dub-epx3-french-english-growsutra-fusion-soul,,1,GROWsutra,DUB,"DUB,HIP HOP,RAGGA,SOUL",3,771,9,8:12,https://i1.sndcdn.com/artworks-oBETDaFyMMJRa4Qg-sDo0ng-t500x500.png,WIN-WIN (dub),L-307,2025-10-07 09:27,"DUBsutra,FRENCHsutra oui oui · sacrebleu,GROWsutra where we be brave,OUI OUI : Pardon (my French),SHOWsutra: (shades of) FOOLS",checked
Woke 'em Whacks EPx4 : BLUES & DUBsutra (Music Therapy),https://soundcloud.com/bananasutra/sets/woke-em-whacks-epx4-blues-dubsutra-music-therapy,,1,QUACKsutra,BLUES,BLUES,4,1102,19,12:56,https://i1.sndcdn.com/artworks-w61imgKjvg3ASHMz-HXgbbA-t500x500.jpg,Woke 'em Whacks,L-309,2025-01-23 05:57,"BLOWsutra,BLUESsutra,DUBsutra,FOLKsutra,INDIEsutra,JAZZsutra,LOFIsutra,QUACKsutra : DUCK (shady),QUACKsutra where we sing FU",checked
Zero Sum (Zero Sean) • GROWsutra (Dare to Care) EPx22,https://soundcloud.com/bananasutra/sets/zero-sum-growsutra-epx22,,1,GROWsutra,"BURLESQUE,DUB,FOLK,INDIE,JAZZ,LOFI","BURLESQUE,CABARET,DUB,FADO,FLAMENCO,FOLK,GIPSY,INDIE,JAZZ,LOFI,PSYCHEDELIC,PUNK,RAGGA",23,22986,242,1:17:31,https://i1.sndcdn.com/artworks-EIMomqQ3VHc9dl93-DvcAsA-t500x500.png,Zero Sum (Zero Sean),L-312,2026-03-19 06:42,"BURLESQUEsutra,DUBsutra,GROWsutra where we be brave,INDIEsutra,LOFIsutra",checked
