ep_title,ep_url,ep_in_app,ep_featured,ep_description,duration_total,sutra,ep_volume,ep_total_tracks,total_plays,total_likes,genres,genres_full,ep_rating,artwork_url,artwork_lg_url,lyrics_title,lyrics_id,ep_songbook_title,created_at,playlist_names_clean
A Letter to My Friend (Never Again) EPx44 ☮ GROWsutra World Peace Mantra,https://soundcloud.com/bananasutra/sets/a-letter-to-my-friend-never-again-epx44-growsutra-world-peace-mantra,checked,,"44 tracks of unapologetic peace. When did caring for one person mean betraying another? Served in banjo, blues, and dub. The numbers speak: 28k plays, 224 hearts. The peace prayer that won't shut up.",2:26:10,KNOWsutra,1,44,28225,224,"BANJO,BLUES,DUB,FOLK,INDIE,JAZZ,LOFI,MANTRA","BANJO,BLUES,DUB,FOLK,GIPSY,INDIE,JAZZ,LOFI,MANTRA,RAGGA,SOUL",,https://i1.sndcdn.com/artworks-wWQhnGqz9vHL3gbU-Sx2Pvw-t500x500.png,https://i1.sndcdn.com/artworks-wWQhnGqz9vHL3gbU-Sx2Pvw-t1080x1080.png,A Letter To My Friend (Never Again),L-3,Ask: PEACE (not war),2025-10-10 03:58,"BANJOsutra, BLUESsutra (Best Of), GROWsutra where we be brave, INDIEsutra, INDIEsutra (Best Of), JAZZsutra (Best Of), KNOWsutra : PEACE (not War), KNOWsutra where questions matter, LOFIsutra, LOFIsutra (Best Of), WORLDsutra (Best Of)"
A Man's a Man and A' That (à la bananasutra) EPx3 - VOL. 02 - Revolution Forever,https://soundcloud.com/bananasutra/sets/a-mans-a-man-and-a-that-a-la-bananasutra-epx3-vol-02-revolution-forever,checked,,"3 tracks of truth with teeth. Robert Burns wrote it over 200 years ago. The crown is still a stamped disguise. Channeling Robert Burns, obviously. Vol. 2, because one wasn't enough. A cover, reborn.",0:09:42,BLOWsutra,2,3,931,9,"LOFI,MANTRA","LOFI,MANTRA,TRIP HOP",,https://i1.sndcdn.com/artworks-1bqixGWYedpZR647-tZkbFA-t500x500.png,https://i1.sndcdn.com/artworks-1bqixGWYedpZR647-tZkbFA-t1080x1080.png,A Man's a Man and A' That,L-5,Speak: REVOLT (now),2025-04-25 03:30,"BLOWsutra : REVOLT (now), INDIEsutra, KNOWsutra where questions matter, LOFIsutra, MANTRAsutra"
A Man's A Man for A' That - VOL. 01 - Revolution Forever,https://soundcloud.com/bananasutra/sets/a-mans-a-man-for-a-that-vol-01,checked,,"3 tracks of truth with teeth. Robert Burns wrote it over 200 years ago. The crown is still a stamped disguise. A nod to Robert Burns. Borrowed lyrics, original soul. Revolution as a daily practice.",0:10:33,BLOWsutra,1,3,575,6,"FOLK,INDIE","FOLK,INDIE",,https://i1.sndcdn.com/artworks-YUOwZVtRKHQ7qgnV-7WlPYA-t500x500.jpg,https://i1.sndcdn.com/artworks-YUOwZVtRKHQ7qgnV-7WlPYA-t1080x1080.jpg,A Man's a Man and A' That,L-5,Speak: REVOLT (now),2025-04-25 01:57,"BANJOsutra, BLOWsutra : REVOLT (now), KNOWsutra where questions matter, MANTRAsutra"
A stroll down history’s lane ☆ KNOWsutra ☆ EPx6 Vol. 1,https://soundcloud.com/bananasutra/sets/a-stroll-down-historys-lane,checked,,"6 mantra tracks built on nerve and a prayer. History's timeless trick: it rhymes, but(t) nobody listens. The peace prayer that won't shut up.",0:20:21,KNOWsutra,1,6,1124,10,MANTRA,MANTRA,,https://i1.sndcdn.com/artworks-9uz2GCIarSzz3CK9-yLGoGg-t500x500.jpg,https://i1.sndcdn.com/artworks-9uz2GCIarSzz3CK9-yLGoGg-t1080x1080.jpg,A Stroll Down History’s Lane,L-7,Ask: PEACE (not war),2025-03-31 10:45,"BANJOsutra, BLOWsutra, DUBsutra, FOLKsutra, INDIEsutra, KNOWsutra : PEACE (not War), KNOWsutra where questions matter, MANTRAsutra"
ABCs of Kindness - KNOWsutra,https://soundcloud.com/bananasutra/sets/abcs-of-kindness-knowsutra,checked,,"A 10-track luminous ride that practices kindness like a contact sport. Kindness, alphabetized. Because some things deserve to be practiced A to Z. The sound: indie and burlesque. Kindness as rebellion.",0:30:28,KNOWsutra,1,10,1977,13,"INDIE,BURLESQUE","INDIE,BURLESQUE",,https://i1.sndcdn.com/artworks-OJbXzv5DEM6ihALr-CtrAEg-t500x500.jpg,https://i1.sndcdn.com/artworks-OJbXzv5DEM6ihALr-CtrAEg-t1080x1080.jpg,ABC Of Kindness,L-9,Dare: KIND(ness),2025-02-09 02:36,"DUBsutra, GROWsutra : KIND(ness), INDIEsutra, KNOWsutra where questions matter, MANTRAsutra"
AI Fair Use Manifesto EPx3 VOL.1 : LOFI BURLESQUE BLUES,https://soundcloud.com/bananasutra/sets/ai-fair-use-manifesto-epx3-vol1-lofi-burlesque-blues,checked,,"3 tracks of truth with teeth. New tech, same question: what is creativity, really? Served in blues, burlesque, and lo-fi. The naked truth, served warm.",0:09:42,KNOWsutra,1,3,577,5,"BLUES,BURLESQUE,LOFI","BLUES,BURLESQUE,LOFI",,https://i1.sndcdn.com/artworks-8MpTLEJF8IA3pZOl-q8KlmA-t500x500.png,https://i1.sndcdn.com/artworks-8MpTLEJF8IA3pZOl-q8KlmA-t1080x1080.png,AI Fair Use Manifesto,L-12,Ask: (Naked) TRUTH,2025-04-10 20:36,"BANJOsutra, BLUESsutra, BURLESQUEsutra, KNOWsutra : but(t) WHY, LOFIsutra"
Ain't Doing Bad Doing Nothing ⭐︎ Public Domain Vol. 02 EPx10 ⭐︎ FLOWsutra Wet JAZZ,https://soundcloud.com/bananasutra/sets/aint-doing-bad-doing-nothing-public-domain-vol-02-epx10-flowsutra-wet-jazz,checked,,"10 blues, burlesque, and jazz tracks disguised as music. The radical art of not hustling, for once. A nod to Peggy Lee. A cover, reborn. Fly like water, land like truth.",0:29:52,FLOWsutra,1,10,3911,38,"BLUES,BURLESQUE,JAZZ","BLUES,BURLESQUE,JAZZ",,https://i1.sndcdn.com/artworks-ywHf0D0qFVueq62i-1G6SmQ-t500x500.png,https://i1.sndcdn.com/artworks-ywHf0D0qFVueq62i-1G6SmQ-t1080x1080.png,Ain't Doing Bad Doing Nothing,L-14,Trust: FLY (like water),2025-11-04 05:33,"BLUESsutra, BURLESQUEsutra, FLOWsutra where time is space, JAZZsutra"
All I Know • Shades of Fools (It's the Why) • KNOWsutra EPx5 Vol. 02,https://soundcloud.com/bananasutra/sets/all-i-know-shades-of-fools-its-the-why-knowsutra-epx5-vol-02,checked,,"5 tracks of questions that won't quit. All I know is I dunno. But it's the why that tells you which shade of fool you're dealing with. Blues, burlesque, and folk grooves from end to end. The naked truth, served warm.",0:16:03,KNOWsutra,1,5,2034,15,"BLUES,BURLESQUE,FOLK,INDIE,JAZZ","BLUES,BURLESQUE,FOLK,INDIE,JAZZ",,https://i1.sndcdn.com/artworks-jqVeUE2kfD4URweU-kKwl8A-t500x500.png,https://i1.sndcdn.com/artworks-jqVeUE2kfD4URweU-kKwl8A-t1080x1080.png,Shades of Fools (All I Know),L-217,Ask: (Naked) TRUTH,2025-11-19 19:59,"BLUESsutra, BURLESQUEsutra, INDIEsutra, JAZZsutra, KNOWsutra where questions matter"
All the -Isms | BLOWsutra EPx7,https://soundcloud.com/bananasutra/sets/all-the-isms-blowsutra-epx7,checked,,"7 tracks of fair-play defiance. What if every -ism was just one -ism wearing different hats? (Spoiler: it's narcissism, all the way down.) Served in banjo, burlesque, and folk. Ego, meet your reflection.",0:22:51,BLOWsutra,1,7,1630,14,"BANJO,BURLESQUE,FOLK,JAZZ","BANJO,BURLESQUE,FOLK,JAZZ",,https://i1.sndcdn.com/artworks-qrxklwZQpzKpzPUh-kUGDvA-t500x500.png,https://i1.sndcdn.com/artworks-qrxklwZQpzKpzPUh-kUGDvA-t1080x1080.png,All the -Isms,L-16,Speak: EGO (gone loco),2025-08-26 02:05,"BANJOsutra, BLOWsutra, BLOWsutra : EGO (gone loco), BURLESQUEsutra, DUBsutra, FOLKsutra, JAZZsutra, KNOWsutra where questions matter, LOFIsutra"
An American in Paris (Public Domain Lyrics) 🎙️ SHOWsutra Classic Retro Musical REMAKE,https://soundcloud.com/bananasutra/sets/an-american-in-paris-public-domain-lyrics-showsutra-classic-retro-musical-remake,checked,,"6 dub, indie, and jazz tracks served with no apologies. Gershwin walked into a SHOWsutra set. Five Gershwin classics, zero originals, zero apologies. Inspired by Cole Porter. Borrowed lyrics, original soul. Welcome to the Fanana club.",0:20:07,SHOWsutra,1,6,3597,35,"DUB,INDIE,JAZZ","DUB,INDIE,JAZZ",,https://i1.sndcdn.com/artworks-dOp2MsRUp5Ta2lVZ-MjIpgA-t500x500.png,https://i1.sndcdn.com/artworks-dOp2MsRUp5Ta2lVZ-MjIpgA-t1080x1080.png,An American in Paris (Public Domain),L-17,Play: FANANA (party),2026-01-16 09:39,"DUBsutra, INDIEsutra, JAZZsutra, JAZZsutra (Best Of), SHOWsutra where bananas play"
Atheist Tango EP x9 VOL. 1 ☰ Waldo's Burlesque Tales of Truth,https://soundcloud.com/bananasutra/sets/atheist-tango-ep-x9-vol-1-waldos-burlesque-tales-of-truth,checked,,"9 tracks of holy doubt. Who needs a sky full of gods when you've got a tango? Inspired by Ralph Waldo Emerson. Holy questions, no holy answers.",0:29:14,GROWsutra,1,9,1667,23,"BURLESQUE,FOLK,JAZZ","BURLESQUE,FOLK,JAZZ",,https://i1.sndcdn.com/artworks-zGmZBF6E6J0dpCF7-7ObUQQ-t500x500.png,https://i1.sndcdn.com/artworks-zGmZBF6E6J0dpCF7-7ObUQQ-t1080x1080.png,The Atheist Tango,L-243,Dare: GOD (etc.),2025-04-06 05:22,"BURLESQUEsutra, FOLKsutra, GROWsutra : GOD (etc), JAZZsutra, Questions for the (kind) POPE in the Sky, SHOWsutra where bananas play"
Awe Is Mighty (Maybe Even Holy) - GLOWsutra Conscious Indie LoFi Lullaby EPx2,https://soundcloud.com/bananasutra/sets/awe-is-mighty-maybe-even-holy-glowsutra-conscious-indie-lofi-epx2,checked,,"A 2-track glow-up that chases wonder like rent depends on it. Awe is not a luxury, not a miracle. It's the whole point, everywhere. Mary Oliver walked in and stayed. Poetry as essential infrastructure.",0:06:41,GLOWsutra,1,2,681,12,"BLUES,FOLK,INDIE,LOFI,MANTRA","BLUES,FOLK,INDIE,LOFI,MANTRA,PSYCHEDELIC,TRIP HOP",,https://i1.sndcdn.com/artworks-OV8ZRGizQyraCB7N-C8HWOQ-t500x500.png,https://i1.sndcdn.com/artworks-OV8ZRGizQyraCB7N-C8HWOQ-t1080x1080.png,Awe Is Mighty,L-21,Bless: POET(ry),2025-12-30 00:34,"GLOWsutra : POET(ry), GLOWsutra where gratitude feeds, LOFIsutra, MANTRAsutra"
BANANA ALLELUIA ♾ EPx5 ♾ KNOWsutra BURLESQUE,https://soundcloud.com/bananasutra/sets/banana-alleluia-epx5-knowsutra-burlesque,checked,,"A 20-minute ride of raw sense-making, across 6 tracks. In a world gone bananas, wondering might be the most revolutionary thing you do. The sound: banjo, burlesque, and folk. The naked truth, served warm.",0:20:03,KNOWsutra,1,6,1320,24,"BANJO,BURLESQUE,FOLK","BANJO,BURLESQUE,CABARET,FOLK",,https://i1.sndcdn.com/artworks-ygtp0Bp5Ccu1zSfd-ysCUOA-t500x500.png,https://i1.sndcdn.com/artworks-ygtp0Bp5Ccu1zSfd-ysCUOA-t1080x1080.png,Banana Alleluia,L-22,Ask: (Naked) TRUTH,2025-08-01 09:27,"BURLESQUEsutra, KNOWsutra where questions matter, SHOWsutra : B.J. (is for Banana Jesters)"
Because the Light ☉ EPx4 VOL.01,https://soundcloud.com/bananasutra/sets/because-the-light-epx4-vol01,checked,,"4 mantra tracks for the ones who still give a damn. Multiple versions. One thesis: because the light pretends it's painless, we delete ourselves. Fight back. Channeling Patti Smith, obviously. Dare to care. That's the whole thing.",0:13:30,GROWsutra,1,4,2193,20,MANTRA,MANTRA,,https://i1.sndcdn.com/artworks-ZPfcJ5Xdh8yItO33-t97RIA-t500x500.png,https://i1.sndcdn.com/artworks-ZPfcJ5Xdh8yItO33-t97RIA-t1080x1080.png,Because the Light,L-28,Dare: DARE (to care),2025-04-25 04:46,"BANJOsutra, BLOWsutra, BLOWsutra : REVOLT (now), INDIEsutra, LOFIsutra, LOFIsutra (Best Of), MANTRAsutra"
Bee the Fool EP x2 : BANJOsutra,https://soundcloud.com/bananasutra/sets/bee-the-fool-ep-x2-honeysutra,checked,,"A quick 7-minute burst of gleeful absurdity, across 2 tracks. Perfection is a lie. Possessions bind. Only the fool dances where others sink. Bee the fool. Channeling Jim Morrison, obviously. Be the fool worth being.",0:07:16,SHOWsutra,1,2,409,5,"BANJO,BLUES,FOLK","BANJO,BLUES,FOLK",,https://i1.sndcdn.com/artworks-1QKzz4xNQaa8y2oX-Ru7mWg-t500x500.jpg,https://i1.sndcdn.com/artworks-1QKzz4xNQaa8y2oX-Ru7mWg-t1080x1080.jpg,Bee the Fool (Not A Lie),L-29,Play: (Be) The Fool,2024-12-21 03:33,"BANJOsutra, FLOWsutra where time is space, SHOWsutra: (shades of) FOOLS"
Best Teacher Award · in Love & Death : Indie Bliss EPx3 VOL. 1 : BOWsutra,https://soundcloud.com/bananasutra/sets/best-teacher-award-in-love-death-indie-lofi-epx3-vol-1-bowsutra,checked,,3 indie tracks disguised as music. Your dog left. But not really #forever Good dogs. Best teachers.,0:08:22,BOWsutra,1,3,670,3,INDIE,INDIE,,https://i1.sndcdn.com/artworks-naxN1Ew2hxBmEiva-OlsMuQ-t500x500.png,https://i1.sndcdn.com/artworks-naxN1Ew2hxBmEiva-OlsMuQ-t1080x1080.png,,"L-58,L-145,L-33","Bow: (Thank) Dogs,EP: Best Teacher Award",2025-04-09 11:15,"BLUESsutra, BOWsutra : (Thank) Dogs, BOWsutra : DEATH (is nothing), BOWsutra the last of 7 sutras · it's divine <3, INDIEsutra, MANTRAsutra"
Blaise's Tale ⭐︎ EPx3 ⭐︎ KNOWsutra Folk Cabaret,https://soundcloud.com/bananasutra/sets/blaises-tale-epx3-knowsutra-folk-cabaret,checked,,"A quick 8-minute burst of uncut honesty, across 3 tracks. A wise 17th century warning that's been on repeat ever since #duh Channeling Blaise Pascal, obviously. The peace prayer that won't shut up.",0:08:41,KNOWsutra,1,3,587,5,"BANJO,BURLESQUE,FOLK","BANJO,BURLESQUE,CABARET,FOLK",,https://i1.sndcdn.com/artworks-nZjm9BvXode0nW5K-5dXY2A-t500x500.png,https://i1.sndcdn.com/artworks-nZjm9BvXode0nW5K-5dXY2A-t1080x1080.png,Blaise's Tale,L-31,Ask: PEACE (not war),2025-08-24 01:01,"BANJOsutra, BURLESQUEsutra, FOLKsutra, KNOWsutra : but(t) WHY, KNOWsutra where questions matter"
Blessed Are the Cracked EP X3,https://soundcloud.com/bananasutra/sets/blessed-are-the-cracked-ep-x3,checked,,"A quick 9-minute burst of beauty that bleeds, across 3 tracks. Gratitude, kindness, and the occasional beach. (Dating profile for the soul.) The sound: jazz. A rainbow in someone's cloud.",0:09:45,SHOWsutra,1,3,601,4,JAZZ,JAZZ,,https://i1.sndcdn.com/artworks-d9e5zeXofS20S4AQ-Lb1s5g-t500x500.png,https://i1.sndcdn.com/artworks-d9e5zeXofS20S4AQ-Lb1s5g-t1080x1080.png,Berries & Beaches,L-30,Bless: RAINBOWS (in my clouds),2024-12-11 23:08,"BURLESQUEsutra, GLOWsutra : RAINBOWS (in my clouds), GLOWsutra where gratitude feeds, JAZZsutra"
Blessed Be the Dogs ☰ SHOWsutra EPx9 ☰ Post-Punk Burlesque ROCK,https://soundcloud.com/bananasutra/sets/blessed-be-the-dogs-showsutra-epx9-post-punk-burlesque-rock,checked,,A 9-track glow-up that says thank you with its whole chest. With all due respects to cringy parrots... there's nothing like a puppy belly rub in the warm morning light. A nod to Morissey. Good dogs. Best teachers.,0:35:13,BOWsutra,1,9,1991,32,"BURLESQUE,ROCK","BURLESQUE,PUNK,ROCK",,https://i1.sndcdn.com/artworks-kAEVcohylwIZch0q-ThHu4Q-t500x500.png,https://i1.sndcdn.com/artworks-kAEVcohylwIZch0q-ThHu4Q-t1080x1080.png,Blessed Be The Dogs,L-33,"Bow: (Thank) Dogs,EP: Best Teacher Award",2025-08-15 01:39,"BOWsutra : (Thank) Dogs, ROCKsutra, SHOWsutra where bananas play"
Bloom Past Doom - Vol. 2 · 2 songs EPx7 - BLOWsutra (Revolution Ring Series) Fusion Jazz,https://soundcloud.com/bananasutra/sets/bloom-past-doom-vol-2-2-songs-epx7-blowsutra-revolution-ring-series-fusion-jazz,checked,,"7 banjo, blues, and burlesque tracks asking questions that sting. Why not think of marriage as a relationship based on equality, respect, and personal freedom, i. Volume 2 hits different. Revolution as a daily practice.",0:22:38,BLOWsutra,2,7,5583,68,"BANJO,BLUES,BURLESQUE,DUB,FOLK,INDIE,JAZZ","BANJO,BLUES,BURLESQUE,DUB,FOLK,GIPSY,INDIE,JAZZ,PSYCHEDELIC",,https://i1.sndcdn.com/artworks-UsXPQkqEgN2gCzJ6-0lSKCQ-t500x500.png,https://i1.sndcdn.com/artworks-UsXPQkqEgN2gCzJ6-0lSKCQ-t1080x1080.png,Bloom Past Doom,L-36,Speak: REVOLT (now),2026-01-16 04:36,"BLOWsutra, BLUESsutra, DUBsutra, FOLKsutra, INDIEsutra, INDIEsutra (Best Of), JAZZsutra, JAZZsutra (Best Of)"
Bloom Past Doom (Apes Gone Wrong Series) EPx5 - BLOWsutra (Revolt Now)  Grassroots Hope Song,https://soundcloud.com/bananasutra/sets/bloom-past-doom-apes-gone-wrong-series-epx5-blowsutra-revolt-now-grassroots-hope-song,checked,,"5 tracks of raw sense-making. Why not think of marriage as a relationship based on equality, respect, and personal freedom, i. Served in burlesque, folk, and indie. Revolution as a daily practice.",0:15:41,BLOWsutra,1,5,3485,37,"BURLESQUE,FOLK,INDIE,JAZZ","BURLESQUE,CABARET,COUNTRY,FOLK,INDIE,JAZZ,PSYCHEDELIC,SOUL",,https://i1.sndcdn.com/artworks-NfNdCTLZ9C9HupPU-ETvEcw-t500x500.png,https://i1.sndcdn.com/artworks-NfNdCTLZ9C9HupPU-ETvEcw-t1080x1080.png,Bloom Past Doom,L-36,Speak: REVOLT (now),2026-01-15 07:26,"BLOWsutra, BLOWsutra : REVOLT (now), BURLESQUEsutra, BURLESQUEsutra (Best Of), FOLKsutra, INDIEsutra, QUACKsutra where we sing FU"
Bo Burnham Gone Bananas 🍌 COVERsutra Vaudeville Indie JAZZ EPx11,https://soundcloud.com/bananasutra/sets/bo-burnham-gone-bananas-coversutra-epx11,checked,,"11 blues, burlesque, and dub tracks steeped in equal parts fury and love. What's funny? Everything. Also nothing. Bo Burnham said so. Channeling Bo Burnham, obviously. A cover, reborn. Welcome to the Fanana club.",0:43:15,SHOWsutra,1,11,4469,48,"BLUES,BURLESQUE,DUB,INDIE,JAZZ,LOFI","BLUES,BURLESQUE,DUB,INDIE,JAZZ,LOFI",,https://i1.sndcdn.com/artworks-0cRNu3FFXne8uJuk-QwQNJA-t500x500.png,https://i1.sndcdn.com/artworks-0cRNu3FFXne8uJuk-QwQNJA-t1080x1080.png,Bo Burnham Covers,L-37,Play: FANANA (party),2026-03-07 23:40,"BURLESQUEsutra, DUBsutra, INDIEsutra, JAZZsutra, JAZZsutra (Best Of), LOFIsutra"
But(t) How Can You? GROWsutra (Dare to Care) EPx10,https://soundcloud.com/bananasutra/sets/butt-how-can-you-growsutra-epx10,checked,,"10 dub, indie, and lo-fi tracks dripping with uncomfortable truths. Have you met your conscience lately? (Asking for a friend.) A nod to ScoobyDoo. Because why not ask why.",0:19:15,GROWsutra,1,10,4406,16,"DUB,INDIE,LOFI","DUB,GIPSY,HIP HOP,INDIE,LOFI,PSYCHEDELIC,RAGGA",,https://i1.sndcdn.com/artworks-wzNXJ0kKC1UWtYRu-qF7vrw-t500x500.png,https://i1.sndcdn.com/artworks-wzNXJ0kKC1UWtYRu-qF7vrw-t1080x1080.png,But(t) How Can You?,L-40,Ask: But(t) WHY,2026-03-06 21:23,"DUBsutra, GROWsutra where we be brave, INDIEsutra, LOFIsutra, LOFIsutra (Best Of)"
But(t) How you Kids Learn Now? EPx9 VOL. 01,https://soundcloud.com/bananasutra/sets/butt-how-you-kids-learn-now-epx9-vol-01,checked,,"9 folk, indie, and jazz tracks disguised as music. How do kids learn what's right when the adults are still figuring it out? The naked truth, served warm.",0:30:18,KNOWsutra,1,9,1951,29,"FOLK,INDIE,JAZZ","FOLK,INDIE,JAZZ",,https://i1.sndcdn.com/artworks-s7JwXEm6wQmnuT1J-ySHR0g-t500x500.png,https://i1.sndcdn.com/artworks-s7JwXEm6wQmnuT1J-ySHR0g-t1080x1080.png,How Do Kids Learn Now?,L-106,Ask: (Naked) TRUTH,2025-04-14 18:55,"BANJOsutra, BURLESQUEsutra, FOLKsutra, GROWsutra where we be brave, JAZZsutra, KNOWsutra : (naked) TRUTH, KNOWsutra where questions matter"
Carnival FOTUS (ctd) EP X3,https://soundcloud.com/bananasutra/sets/carnival-fotus-ctd-ep-x3,checked,,"3 burlesque tracks for the ones who still give a damn. Step right up. The pigs are in suits, the clowns are in congress, Ginsberg and Orwell are in the cheap seats, and the carousel never stops. With a wink to Allen Ginsberg. FOTUS rhymes with anus. Coincidence?",0:09:27,QUACKsutra,1,3,553,6,BURLESQUE,BURLESQUE,,https://i1.sndcdn.com/artworks-MzAkEow42yD4mCMA-FITGfQ-t500x500.png,https://i1.sndcdn.com/artworks-MzAkEow42yD4mCMA-FITGfQ-t1080x1080.png,Carnival FOTUS (ctd),L-41,Quack: FOTUS Circus,2024-12-19 03:54,"BURLESQUEsutra, QUACKsutra : FOTUS Circus, QUACKsutra where we sing FU, SHOWsutra where bananas play"
Cassandra’s Lullaby • KNOWsutra EPx11 World,https://soundcloud.com/bananasutra/sets/cassandras-lullaby,checked,,"11 blues, burlesque, and folk tracks that won't let you look away. She saw it coming (godamnit). Nobody listened. Again (god forbid). Channeling Cassandra, obviously. The peace prayer that won't shut up.",0:44:36,KNOWsutra,1,11,2600,35,"BLUES,BURLESQUE,FOLK,INDIE,JAZZ,MANTRA","BLUES,BURLESQUE,FOLK,INDIE,JAZZ,MANTRA",,https://i1.sndcdn.com/artworks-8MtzAVxPSN3vdqbc-b7c54g-t500x500.png,https://i1.sndcdn.com/artworks-8MtzAVxPSN3vdqbc-b7c54g-t1080x1080.png,Cassandra's Lullaby,L-42,Ask: PEACE (not war),2025-07-14 07:39,"BLUESsutra, BURLESQUEsutra, FOLKsutra, INDIEsutra, KNOWsutra : PEACE (not War), KNOWsutra where questions matter, MANTRAsutra"
Courage · Care · and Coconuts © GROWsutra EPx4,https://soundcloud.com/bananasutra/sets/courage-care-and-coconuts-growsutra-epx4,checked,,"4 folk and indie tracks asking questions that sting. Kindness ain't just sweet, it's coconuts. Dare to care. That's the whole thing.",0:09:22,GROWsutra,1,4,1015,6,"FOLK,INDIE","FOLK,INDIE",,https://i1.sndcdn.com/artworks-QE4Tkx0EyHytvlYD-6WhWtA-t500x500.png,https://i1.sndcdn.com/artworks-QE4Tkx0EyHytvlYD-6WhWtA-t1080x1080.png,"Courage, care, and coconuts",L-46,Dare: DARE (to care),2025-05-23 12:12,"BANJOsutra, FOLKsutra, GROWsutra : KIND(ness), GROWsutra where we be brave, LOFIsutra"
Creepy Con Meme EPX2 • Dicky Ducky DUBsutra,https://soundcloud.com/bananasutra/sets/creepy-con-meme-epx2-dicky-ducky-dubsutra,checked,,2 tracks of circus critique. When the con becomes the meme becomes the president. Dub grooves from end to end. Quack quack. You know who you are.,0:06:26,QUACKsutra,1,2,554,4,DUB,DUB,,https://i1.sndcdn.com/artworks-DywO4KaBtyF8CyML-ToVQ2g-t500x500.png,https://i1.sndcdn.com/artworks-DywO4KaBtyF8CyML-ToVQ2g-t1080x1080.png,Creepy Con Meme,L-48,Quack: DUCK (shady),2025-02-22 21:09,"DUBsutra, LOFIsutra, QUACKsutra : DUCK (shady), QUACKsutra where we sing FU"
CREEPYPASTA (what the hella) ♅ SHOWsutra ♅ EPx23 Side A+B,https://soundcloud.com/bananasutra/sets/creepypasta-what-the-hella-showsutra-epx23-side-ab,checked,,"27 banjo, burlesque, and dub tracks steeped in equal parts fury and love. (Creepy) Byte by (creepy) byte, the internet raised us. What the hella. Pass the pasta. Welcome to the Fanana club.",0:58:50,SHOWsutra,1,27,7034,45,"BANJO,BURLESQUE,DUB,INDIE,LOFI","BANJO,BURLESQUE,DUB,GIPSY,INDIE,LOFI,PSYCHEDELIC,PUNK,RAGGA",,https://i1.sndcdn.com/artworks-fcCvHghEuNgLNX4y-dpY9Mg-t500x500.png,https://i1.sndcdn.com/artworks-fcCvHghEuNgLNX4y-dpY9Mg-t1080x1080.png,Creepy Pasta (What The Hella),L-49,Play: FANANA (party),2025-10-21 08:20,"BANJOsutra, BURLESQUEsutra, DUBsutra, INDIEsutra, LOFIsutra, LOFIsutra (Best Of), SHOWsutra : B.J. (is for Banana Jesters), SHOWsutra where bananas play"
CREEPYPASTA (what the hella) ♲ LoFi DUB Edition ♲ SoundCloud is broken REDUX,https://soundcloud.com/bananasutra/sets/creepypasta-what-the-hella-lofi-dub-edition-soundcloud-is-broken-redux,,,"4 tracks of sacred fooling. (Creepy) Byte by (creepy) byte, the internet raised us. What the hella. Pass the pasta. Served in lo-fi and dub. Welcome to the Fanana club.",0:11:03,SHOWsutra,1,4,773,5,"LOFI,DUB","LOFI,DUB",,https://i1.sndcdn.com/artworks-fcCvHghEuNgLNX4y-dpY9Mg-t500x500.png,https://i1.sndcdn.com/artworks-fcCvHghEuNgLNX4y-dpY9Mg-t1080x1080.png,Creepy Pasta (What The Hella),L-49,Play: FANANA (party),2025-10-21 23:25,"DUBsutra, SHOWsutra where bananas play"
Creo (La Poesia) ☘ EPx10 VOL.01 ☘ Bananasutra En Español,https://soundcloud.com/bananasutra/sets/creo-la-poesia-epx10-vol01-bananasutra-en-espanol,checked,,"10 dub tracks disguised as music. In Spanish, for someone who deserved it. Creo en la poesía: the one language that needs no translation. En español, con alma. Poetry as essential infrastructure.",0:36:34,GLOWsutra,1,10,4819,49,DUB,"DUB,FADO,FLAMENCO,PSYCHEDELIC,RAGGA",,https://i1.sndcdn.com/artworks-HYGREko4IUXdrDm0-LliGgA-t500x500.png,https://i1.sndcdn.com/artworks-HYGREko4IUXdrDm0-LliGgA-t1080x1080.png,Creo (La Poesia),L-51,Bless: POET(ry),2025-05-27 13:06,"DUBsutra, GLOWsutra : POET(ry), GLOWsutra where gratitude feeds, MANTRAsutra, WORLDsutra : SPAN(k)ish"
Crimina/els EP,https://soundcloud.com/bananasutra/sets/crimina-els-ep,checked,,"3 tracks of truth with teeth. When the rules shift, who decides who the criminal is? Inspired by John Lennon. Bertrand would approve. Probably.",0:06:59,BLOWsutra,1,3,554,6,"BLUES,JAZZ","BLUES,CABARET,GIPSY,JAZZ",,https://i1.sndcdn.com/artworks-N2bJW7Tqp3S7Ldn6-PMk8kA-t500x500.jpg,https://i1.sndcdn.com/artworks-N2bJW7Tqp3S7Ldn6-PMk8kA-t1080x1080.jpg,,"L-52,L-394,L-53","Speak: APES (gone wrong),EP: Criminals · EP: Criminals,Ask: BERTRAND (knows) · Speak: APES (gone wrong),EP: Criminals,World: FRENCHsutra",2024-11-19 17:54,"BLOWsutra, BLOWsutra : APES (gone wrong), BURLESQUEsutra, FOLKsutra, FRENCHsutra oui oui · sacrebleu, OUI OUI : Pardon (my French), SINGLEsutra Exclusive SoundCloud (woo)"
Curious Like A Kiss • FLOWsutra Cheeky Duende EPx11,https://soundcloud.com/bananasutra/sets/curious-like-a-kiss-flowsutra-epx11,checked,,"11 tracks of tender awe. Consensual curiosity as connection. Sensual wit as rhythm. Radical honesty as the ultimate kink. The sound: burlesque, dub, and indie. Resonated: 8k plays and 63 likes so far. Where trust gets tender.",0:34:05,FLOWsutra,1,11,8326,63,"BURLESQUE,DUB,INDIE,LOFI","BURLESQUE,DUB,FLAMENCO,GIPSY,INDIE,LOFI",,https://i1.sndcdn.com/artworks-zbyI4lbDpbvjrsBi-cszDDA-t500x500.png,https://i1.sndcdn.com/artworks-zbyI4lbDpbvjrsBi-cszDDA-t1080x1080.png,Curious Like A Kiss,L-54,Trust: WET (my friend),2026-03-11 18:25,"BURLESQUEsutra, FLOWsutra where time is space, INDIEsutra, INDIEsutra (Best Of), LOFIsutra, LOFIsutra (Best Of)"
Daddy's a Creep ⚞  P3d0 T-Shirts ON SALE ⚟ BLOWsutra EPx4,https://soundcloud.com/bananasutra/sets/daddys-a-creep-p3d0-t-shirts-on-sale-blowsutra-epx4,checked,,"4 blues, burlesque, and jazz tracks built on nerve and a prayer. Not from the heart. More like a please-pardon-my-puke, for the historical record. Quack quack. You know who you are.",0:10:36,BLOWsutra,1,4,783,5,"BLUES,BURLESQUE,JAZZ,LOFI","BLUES,BURLESQUE,JAZZ,LOFI",,https://i1.sndcdn.com/artworks-fryyTDM2WyR2DKBA-QI4BwQ-t500x500.png,https://i1.sndcdn.com/artworks-fryyTDM2WyR2DKBA-QI4BwQ-t1080x1080.png,Daddy's a Creep,L-56,Quack: DUCK (shady),2025-07-06 22:28,"BLUESsutra, BURLESQUEsutra, FOTUS CIRCUS Playlist An American Freaks Show, MANTRAsutra, QUACKsutra : FOTUS Circus, QUACKsutra where we sing FU"
Darling EP,https://soundcloud.com/bananasutra/sets/arthur-darling,checked,,"A quick 13-minute burst of beauty that bleeds, across 4 tracks. For the ones we loved (and probably didn't love enough) while we had them. The sound: indie. Death is nothing at all. Love is everything.",0:13:47,BOWsutra,1,4,1556,22,INDIE,INDIE,,https://i1.sndcdn.com/artworks-sm0RyWK8U9ogWbAR-vvmBLg-t500x500.png,https://i1.sndcdn.com/artworks-sm0RyWK8U9ogWbAR-vvmBLg-t1080x1080.png,Darling,L-57,Bow: Death (is nothing),2024-11-20 21:30,"BOWsutra : DEATH (is nothing), BOWsutra the last of 7 sutras · it's divine <3, INDIEsutra, JAZZsutra, MANTRAsutra"
DEFY (Vol 2) - 3 Songs EPx6 - BLOWsutra Revolution Ring LoFi Jazz Fusion,https://soundcloud.com/bananasutra/sets/defy-vol-2-3-songs-epx6-blowsutra-revolution-ring-lofi-jazz-fusion,checked,,"7 tracks of righteous fury. They used to hide the cruelty. Now it's front row seats. Served in burlesque, jazz, and lo-fi. This is Vol. 2—the saga deepens. Revolution as a daily practice.",0:19:37,BLOWsutra,2,7,7696,50,"BURLESQUE,JAZZ,LOFI","BURLESQUE,JAZZ,LOFI,PSYCHEDELIC,TRIP HOP",,https://i1.sndcdn.com/artworks-ZOzjbG3qBNgMzOWS-9LnxjQ-t500x500.png,https://i1.sndcdn.com/artworks-ZOzjbG3qBNgMzOWS-9LnxjQ-t1080x1080.png,,"L-219,L-275,L-177","Speak: REVOLT (now),EP: DEFY",2026-01-08 07:26,"BLOWsutra, BURLESQUEsutra, JAZZsutra, JAZZsutra (Best Of), LOFIsutra, LOFIsutra (Best Of)"
DEFY ✰ 3 Songs EPx7 ✰ BLOWsutra Jazzy Folk Lo-Fi BLUES,https://soundcloud.com/bananasutra/sets/defy-3-songs-epx7-blowsutra-jazzy-folk-lo-fi-blues,checked,,"A 7-track dark bloom that names the war nobody wants to name. They used to hide the cruelty. Now it's front row seats. Served in blues, folk, and jazz. Revolution as a daily practice.",0:21:43,BLOWsutra,1,7,1531,11,"BLUES,FOLK,JAZZ,LOFI","BLUES,FOLK,JAZZ,LOFI,TRIP HOP",,https://i1.sndcdn.com/artworks-YZdPzrWX9SlHjJ6q-GKzInQ-t500x500.png,https://i1.sndcdn.com/artworks-YZdPzrWX9SlHjJ6q-GKzInQ-t1080x1080.png,,"L-219,L-275,L-177","Speak: REVOLT (now),EP: DEFY",2025-07-25 09:45,"BLOWsutra, BLOWsutra : REVOLT (now), BLUESsutra, LOFIsutra"
Do Panic Now ✝ GROWsutra EPx13,https://soundcloud.com/bananasutra/sets/do-panic-now-growsutra-epx13,checked,,"A 13-track shadow-walk that wears the fool's crown with pride. ""Don't Panic"" is no longer adequate advice. Space satire gospel for the glitter-turd king era, filtered through Hitchhiker's Guide and a towel that won't save you. Served in dub, folk, and indie. Revolution as a daily practice.",0:35:43,GROWsutra,1,13,2552,18,"DUB,FOLK,INDIE,JAZZ,LOFI,MANTRA","DUB,FOLK,GIPSY,INDIE,JAZZ,LOFI,MANTRA,RAGGA",,https://i1.sndcdn.com/artworks-BsO5CMcHbZ0M93kT-isQTpA-t500x500.png,https://i1.sndcdn.com/artworks-BsO5CMcHbZ0M93kT-isQTpA-t1080x1080.png,Do Panic Now,L-61,Speak: REVOLT (now),2025-06-29 05:49,"BLOWsutra : REVOLT (now), DUBsutra, FOLKsutra, INDIEsutra, JAZZsutra, LOFIsutra, MANTRAsutra"
Donkeys Years - SHOWsutra Fanana Club Gratitude EPx20,https://soundcloud.com/bananasutra/sets/donkeys-years-showsutra-fanana-club-gratitude-epx20,checked,,"A 20-track glow-up that takes nothing seriously except joy. Donkeys' years of dancing. Sure worth celebrating. Burlesque, dub, and indie grooves from end to end. One of the heavier hitters: 10k+ plays. A rainbow in someone's cloud.",0:59:12,GLOWsutra,1,20,10911,103,"BURLESQUE,DUB,INDIE,JAZZ,LOFI,ROCK","BURLESQUE,CABARET,DUB,FLAMENCO,GIPSY,INDIE,JAZZ,LOFI,PSYCHEDELIC,RAGGA,ROCK",,https://i1.sndcdn.com/artworks-09nrbUudNilo3UyQ-Qz1LzA-t500x500.png,https://i1.sndcdn.com/artworks-09nrbUudNilo3UyQ-Qz1LzA-t1080x1080.png,Donkeys Years,L-63,Bless: RAINBOWS (in my clouds),2025-12-09 00:16,"BURLESQUEsutra, BURLESQUEsutra (Best Of), INDIEsutra, JAZZsutra, LOFIsutra, LOFIsutra (Best Of), SHOWsutra : FANANA Club, SHOWsutra where bananas play"
Double Standards EPx3 VOL. 1 • BURLESQUEsutra,https://soundcloud.com/bananasutra/sets/double-standards-epx3-burlesquesutra,checked,,"A quick 9-minute burst of narcissism on parade, across 3 tracks. They censor skin but cradle sin. Guns in, truth locked out. Why can't we be brave? A waltz-question that won't age. Jacques Brel walked in and stayed. Dare to care. That's the whole thing.",0:09:59,GROWsutra,1,3,614,10,BURLESQUE,BURLESQUE,,https://i1.sndcdn.com/artworks-EbCkPt5OXsQDVEWJ-qwqVYw-t500x500.jpg,https://i1.sndcdn.com/artworks-EbCkPt5OXsQDVEWJ-qwqVYw-t1080x1080.jpg,Double Standards,L-64,Dare: DARE (to care),2025-01-22 09:24,"BLOWsutra, BLOWsutra : APES (gone wrong), BURLESQUEsutra, DUBsutra, JAZZsutra, KNOWsutra where questions matter"
Double Standards EPx4 VOL. 2 ★ BLOWsutra LOFI,https://soundcloud.com/bananasutra/sets/double-standards-ep-4-vol-2,checked,,"A 4-track shadow-walk that dares you to show up. They censor skin but cradle sin. Guns in, truth locked out. Why can't we be brave? A waltz-question that won't age. Channeling Jacques Brel, obviously. This is Vol. 2—the saga deepens. Dare to care. That's the whole thing.",0:12:16,BLOWsutra,2,4,757,4,"FOLK,LOFI","FOLK,LOFI",,https://i1.sndcdn.com/artworks-CzCzt9mTlZWzjTqp-8FLR4g-t500x500.png,https://i1.sndcdn.com/artworks-CzCzt9mTlZWzjTqp-8FLR4g-t1080x1080.png,Double Standards,L-64,Dare: DARE (to care),2025-04-02 05:42,"FOLKsutra, GROWsutra : DARE (to care), GROWsutra where we be brave, JAZZsutra, MANTRAsutra"
Dressed in (nothing butt) Wonder ★ Exxxplore and Play (EP) x16 Bananas,https://soundcloud.com/bananasutra/sets/dressed-in-nothing-butt-wonder-exxxplore-and-play-ep-x16-bananas,checked,,"16 tracks of gleeful absurdity. Tutus, feathers, velvet, ribbons. Dressed for nobody but(t) the awe & wonder of it. Carroll Lewis walked in and stayed. Welcome to the Fanana club.",0:48:15,SHOWsutra,1,16,3241,35,"BURLESQUE,DUB,FOLK","BURLESQUE,DUB,FOLK,RAGGA",,https://i1.sndcdn.com/artworks-1DyhYd51j78cqPch-AJYylQ-t500x500.png,https://i1.sndcdn.com/artworks-1DyhYd51j78cqPch-AJYylQ-t1080x1080.png,Dressed In (Nothing Butt) Wonder,L-65,Play: FANANA (party),2025-04-06 22:50,"BANJOsutra, BLUESsutra, SHOWsutra : FANANA Club, SHOWsutra where bananas play"
Dump Trump EPx4 🪦 BLOWsutra Burlesque ROCK,https://soundcloud.com/bananasutra/sets/dump-trump-epx4-blowsutra-burlesque-rock,checked,,"4 burlesque, lo-fi, and mantra tracks for the ones who still give a damn. No metaphors were harmed in the making of this song (an adaptation of Smack Jack, by Nina Hagen) Nina Hagen walked in and stayed. Quack quack. You know who you are.",0:12:41,BLOWsutra,1,4,719,5,"BURLESQUE,LOFI,MANTRA,ROCK","BURLESQUE,LOFI,MANTRA,PUNK,ROCK",,https://i1.sndcdn.com/artworks-j9D9XVaWNRVgQ3WS-Ns1zng-t500x500.png,https://i1.sndcdn.com/artworks-j9D9XVaWNRVgQ3WS-Ns1zng-t1080x1080.png,Dump Trump,L-66,Quack: DUCK (shady),2025-09-04 20:33,"LOFIsutra, QUACKsutra : DUCK (shady), QUACKsutra where we sing FU, ROCKsutra"
Easy (Death Is Nothing At All) ❣ BOWsutra EPx9,https://soundcloud.com/bananasutra/sets/easy-death-is-nothing-at-all-bowsutra-epx9,checked,,"A solid half-hour of beauty that bleeds, across 9 tracks. Death is nothing at all. Henry Scott Holland said so. Breathe easy, mon chéri. With a wink to Henry Scott Holland.",0:32:39,BOWsutra,1,9,2021,25,"BANJO,BLUES,DUB,INDIE","BANJO,BLUES,DUB,INDIE",,https://i1.sndcdn.com/artworks-bzZBqdfk2aR7Mc8I-ba7MdA-t500x500.png,https://i1.sndcdn.com/artworks-bzZBqdfk2aR7Mc8I-ba7MdA-t1080x1080.png,Easy (Death Is Nothing At All),L-67,Bow: Death (is nothing),2025-09-26 19:38,"BLUESsutra, BOWsutra : DEATH (is nothing), BOWsutra the last of 7 sutras · it's divine <3, DUBsutra, INDIEsutra"
Ego Ain't Your Amigo • Vol. 2 · EPx21 • BLOWsutra (Ego Gone Loco)  Dub LoFi Burlesque,https://soundcloud.com/bananasutra/sets/ego-aint-your-amigo-vol2-epx21-blowsutra-dub-lofi,checked,checked,"Twenty-one tracks of ego on parade, built around the line ""ego ain't your amigo."" Midway through, the song asks the sutra questions back at us: ""Is it true? Is it fair? Is it fun? Are we free, or just numb, marchin' to a drum?"" Gipsy dub gives way to psychedelic lo-fi, burlesque punk, and Americana blues. The gateway in.",1:24:25,BLOWsutra,2,21,28293,293,"BLUES,BURLESQUE,DUB,FOLK,INDIE,JAZZ,LOFI,ROCK","BLUES,BURLESQUE,DUB,FLAMENCO,FOLK,GIPSY,HIP HOP,INDIE,JAZZ,LOFI,PSYCHEDELIC,PUNK,ROCK",,https://i1.sndcdn.com/artworks-qfOVhmHG1WJJqjc9-k1w2VA-t500x500.png,https://i1.sndcdn.com/artworks-qfOVhmHG1WJJqjc9-k1w2VA-t1080x1080.png,Ego Ain't Your Amigo,L-68,Speak: EGO (gone loco),2026-02-23 04:45,"BLOWsutra, BLOWsutra : EGO (gone loco), BLUESsutra, BLUESsutra (Best Of), BURLESQUEsutra, BURLESQUEsutra (Best Of), DUBsutra, DUBsutra (Best Of), LOFIsutra, LOFIsutra (Best Of)"
Ego Ain't Your Amigo ⭐︎ EPx14 VOL. 01 ⭐︎ True Tales of BLUESsutra,https://soundcloud.com/bananasutra/sets/ego-aint-your-amigo-epx14-vol-01-true-tales-of-bluessutra,checked,,"Nearly an hour of ego in the mirror, across 14 tracks. Because ego just can't get over himself. So. Just quit it already. The sound: banjo, blues, and burlesque. Ego, meet your reflection.",0:44:22,BLOWsutra,1,14,2698,22,"BANJO,BLUES,BURLESQUE,DUB,FOLK,JAZZ","BANJO,BLUES,BURLESQUE,DUB,FOLK,JAZZ",,https://i1.sndcdn.com/artworks-6Al7JWcSGShXvOzO-NMakyQ-t500x500.jpg,https://i1.sndcdn.com/artworks-6Al7JWcSGShXvOzO-NMakyQ-t1080x1080.jpg,Ego Ain't Your Amigo,L-68,Speak: EGO (gone loco),2025-04-16 03:50,"BANJOsutra, BLUESsutra, BURLESQUEsutra, DUBsutra, FOLKsutra, FOTUS CIRCUS Playlist An American Freaks Show, GROWsutra where we be brave, JAZZsutra, KNOWsutra where questions matter, QUACKsutra : DUCK (shady), QUACKsutra where we sing FU"
EGO's Masquerade • EPx4 • BLOWsutra Tzigane Trip Hop Lo-Fi INDIE,https://soundcloud.com/bananasutra/sets/egos-masquerade-epx4-tzigane-trip-hop-lo-fi-indie,checked,,"A 19-minute ride of clarity with claws, across 4 tracks. Welcome to Ego's Masquerade. Charming smiles, deceit in the eyes. Pull up a chair. Watch the show. Learn the signs. Indie and lo-fi grooves from end to end. Ego, meet your reflection.",0:19:03,BLOWsutra,1,4,855,14,"INDIE,LOFI","INDIE,LOFI,TRIP HOP",,https://i1.sndcdn.com/artworks-JnuEvmR6UOwtbaIM-AYNThw-t500x500.png,https://i1.sndcdn.com/artworks-JnuEvmR6UOwtbaIM-AYNThw-t1080x1080.png,EGO's Masquerade,L-69,Speak: EGO (gone loco),2025-08-26 03:00,"BLOWsutra, BLOWsutra : EGO (gone loco), MANTRAsutra"
El Papito Leo Es No MAGA Show ☰ KNOWsutra EPx6,https://soundcloud.com/bananasutra/sets/el-papito-leo-es-no-maga-show-knowsutra-epx6,checked,,"6 dub, indie, and jazz tracks for the ones who still give a damn. An American Pope walks in. MAGA walks out. Holy plot twist #bewoke Holy questions, no holy answers.",0:15:38,GROWsutra,1,6,3644,24,"DUB,INDIE,JAZZ","DUB,INDIE,JAZZ",,https://i1.sndcdn.com/artworks-pO4mbYYB5FWshxlE-Emrw6Q-t500x500.png,https://i1.sndcdn.com/artworks-pO4mbYYB5FWshxlE-Emrw6Q-t1080x1080.png,El Papito (Es No MAGA Show),L-70,Dare: GOD (etc.),2025-06-23 22:28,"DUBsutra, GROWsutra : GOD (etc), INDIEsutra, JAZZsutra"
En Vrai · On Est Tous Frères ䷁ FRENCH BLUESsutra EPx5,https://soundcloud.com/bananasutra/sets/en-vrai-on-est-tous-freres-banjo-frenchsutra-epx5,checked,,"A 5-track bright spell that practices kindness like a contact sport. En vrai, on est tous seuls. En vrai, on est tous frères. Blessed be #fraternity Served in banjo, blues, and folk. En français, évidemment. The peace prayer that won't shut up.",0:16:26,KNOWsutra,1,5,1336,24,"BANJO,BLUES,FOLK,LOFI,MANTRA","BANJO,BLUES,FOLK,LOFI,MANTRA",,https://i1.sndcdn.com/artworks-LV5LoqM7mHhduC2y-UvDK3w-t500x500.jpg,https://i1.sndcdn.com/artworks-LV5LoqM7mHhduC2y-UvDK3w-t1080x1080.jpg,"En Vrai, On Est Tous Frères",L-71,"Ask: PEACE (not war),World: FRENCHsutra",2025-01-28 03:36,"BANJOsutra, BLUESsutra, FOLKsutra, FRENCHsutra oui oui · sacrebleu, GLOWsutra where gratitude feeds, KNOWsutra where questions matter, LOFIsutra, MANTRAsutra, OUI OUI : Pardon (my French)"
Ethical Paradox (Bertrand Undone),https://soundcloud.com/bananasutra/sets/ethical-paradox-bertrand-undone,checked,,"A quick 13-minute burst of curious reckoning, across 4 tracks. Step right up to the paradox parade. Morals, double-edged, coming on up. Inspired by Bertrand Russell. Bertrand would approve. Probably.",0:13:54,KNOWsutra,1,4,791,8,INDIE,INDIE,,https://i1.sndcdn.com/artworks-e6OYFWuOzXif0Mz7-XAx0EQ-t500x500.jpg,https://i1.sndcdn.com/artworks-e6OYFWuOzXif0Mz7-XAx0EQ-t1080x1080.jpg,It's An Ethical Paradox,L-116,Ask: BERTRAND (knows),2024-12-26 10:06,"BLOWsutra, DUBsutra, FOLKsutra, JAZZsutra, KNOWsutra : BERTRAND (mon chéri), KNOWsutra where questions matter, LOFIsutra, Questions for the (kind) POPE in the Sky"
Everybody Knows ✔ Vol. 03 - EPx7 ✔ KNOWsutra Gipsy Trip Hop Truth Prayer Dream,https://soundcloud.com/bananasutra/sets/everybody-knows-vol-03-epx7-knowsutra-gipsy-trip-hop-truth-prayer-dream,checked,checked,"Seven tracks of humble pep talk and agnostic prayer. The KNOWsutra spine in one EP: the things we already know but pretend not to, named out loud so we can stop pretending. Leonard Cohen wrote the original ""Everybody Knows"" in 1988 and it hasn't aged a day; this is the conversation with him. Read his poem alongside this EP, as Banana puts it, and we win twice.",0:28:35,KNOWsutra,3,7,4497,57,"BLUES,BURLESQUE,DUB,INDIE,JAZZ,LOFI","BLUES,BURLESQUE,DUB,GIPSY,INDIE,JAZZ,LOFI,PSYCHEDELIC,TRIP HOP",,https://i1.sndcdn.com/artworks-WS97VCa9dwPRoGyv-ajY3dQ-t500x500.png,https://i1.sndcdn.com/artworks-WS97VCa9dwPRoGyv-ajY3dQ-t1080x1080.png,Everybody Knows,L-72,Ask: PEACE (not war),2025-11-03 04:34,"BLUESsutra, INDIEsutra, INDIEsutra (Best Of), JAZZsutra (Best Of), KNOWsutra : (naked) TRUTH, KNOWsutra where questions matter"
Everybody Knows EP x6 : INDIEsutra,https://soundcloud.com/bananasutra/sets/everybody-knows-epx6-indie-rocksutra,checked,,"A 6-track sun-drunk hymn that stares history in the face. Everybody knows the truth. Now what? Channeling Leonard Cohen, obviously. Vol. 2, because one wasn't enough. The peace prayer that won't shut up.",0:14:37,KNOWsutra,2,6,806,3,INDIE,INDIE,,https://i1.sndcdn.com/artworks-idU4oy8bvs1SNH2k-5V1pjg-t500x500.png,https://i1.sndcdn.com/artworks-idU4oy8bvs1SNH2k-5V1pjg-t1080x1080.png,Everybody Knows,L-72,Ask: PEACE (not war),2025-01-15 00:59,"BURLESQUEsutra, INDIEsutra, KNOWsutra where questions matter, LOFIsutra, MANTRAsutra, ROCKsutra"
F-BOMB ⚝ SHOWsutra DUB EPx7,https://soundcloud.com/bananasutra/sets/f-bomb-showsutra-dub-epx7,checked,,"A 21-minute ride of naked truth, across 7 tracks. Etymological deep dive into the most flexible word in the English language, delivered in dub. George Carlin's ghost nods approvingly. With a wink to George Carlin. Be the fool worth being.",0:21:56,SHOWsutra,1,7,1185,5,"BURLESQUE,DUB,INDIE","BURLESQUE,DUB,GIPSY,INDIE",,https://i1.sndcdn.com/artworks-MaDI6oRlKnS475ml-wUwvOA-t500x500.png,https://i1.sndcdn.com/artworks-MaDI6oRlKnS475ml-wUwvOA-t1080x1080.png,F-BOMB,L-75,Play: (Be) The Fool,2025-07-02 21:47,DUBsutra
Fluye (como el mar) FLOWsutra,https://soundcloud.com/bananasutra/sets/fluye-como-el-mar-flowsutra,checked,,"11 tracks of peace that bites back. En español, el mensaje sigue siendo Bruce Lee: fluye como el mar. Sin resistencia. A nod to Bruce Lee. En español, con alma. Fly like water, land like truth.",0:30:53,FLOWsutra,1,11,4227,40,"DUB,INDIE","DUB,FADO,INDIE,RAGGA",,https://i1.sndcdn.com/artworks-JJ4nzGR7Kbx7XkxH-xkazNQ-t500x500.png,https://i1.sndcdn.com/artworks-JJ4nzGR7Kbx7XkxH-xkazNQ-t1080x1080.png,Fluye (como el mar),L-77,"Trust: FLY (like water),World: SPANISHsutra",2025-05-19 11:17,"DUBsutra, FLOWsutra : FLY (like water), INDIEsutra"
Foolish EPx5,https://soundcloud.com/bananasutra/sets/foolish-epx5,checked,,"A 17-minute ride of gleeful absurdity, across 5 tracks. Five foolish songs. One letter. A circus tango dub folky drip of dark bliss. There is a fool that never loves you. He'll linger anyway. The sound: indie and folk. The peace prayer that won't shut up.",0:17:26,KNOWsutra,1,5,1326,26,"INDIE,FOLK","INDIE,FOLK",,https://i1.sndcdn.com/artworks-ce9hM1VBBXA95Gge-sqzp2g-t500x500.png,https://i1.sndcdn.com/artworks-ce9hM1VBBXA95Gge-sqzp2g-t1080x1080.png,Foolish,L-79,Ask: PEACE (not war),2024-12-18 04:19,"BURLESQUEsutra, DUBsutra, FLOWsutra : WET (my friend), FLOWsutra where time is space, FOLKsutra, INDIEsutra, JAZZsutra"
Foolish Goldfish (Forever) ❃ Vol. 02 EPx15 ❃ KNOWsutra Peace (Not War),https://soundcloud.com/bananasutra/sets/foolish-goldfish-forever-vol-02-epx15-knowsutra-peace-not-war,checked,,"15 tracks of democracy in distress. Stalin, Putin, same eyes, different era. Round and round we go, foolish goldfish, forever chasing gold-painted turds. Served in blues, dub, and folk. Resonated: 8k plays and 64 likes so far. The peace prayer that won't shut up.",1:03:59,KNOWsutra,1,15,8894,64,"BLUES,DUB,FOLK,INDIE,LOFI","BLUES,DUB,FOLK,INDIE,LOFI,PSYCHEDELIC,SOUL",,https://i1.sndcdn.com/artworks-0YzGiltzEidfTrxR-osiLXg-t500x500.png,https://i1.sndcdn.com/artworks-0YzGiltzEidfTrxR-osiLXg-t1080x1080.png,Foolish Goldfish (Forever),L-80,Ask: PEACE (not war),2025-11-26 04:04,"BLUESsutra, DUBsutra, DUBsutra (Best Of), FOLKsutra, INDIEsutra, INDIEsutra (Best Of), KNOWsutra : PEACE (not War), LOFIsutra"
FOTUS CIRCUS ★ VOL.2 EPx10 ★ BURLESQUEsutra,https://soundcloud.com/bananasutra/sets/fotus-circus-vol2-epx10-burlesquesutra,checked,,"10 banjo, burlesque, and folk tracks for the ones who still give a damn. It's the Allen Ginsberg Show (in ducklandia). Good joke. And FOTUS rhymes with anus. Channeling Allen Ginsberg, obviously. Vol. 2, because one wasn't enough.",0:32:55,QUACKsutra,2,10,1699,11,"BANJO,BURLESQUE,FOLK,JAZZ,LOFI,ROCK","BANJO,BURLESQUE,FOLK,JAZZ,LOFI,ROCK",,https://i1.sndcdn.com/artworks-44IaWyIDQ4KPbMKz-LMbmBg-t500x500.png,https://i1.sndcdn.com/artworks-44IaWyIDQ4KPbMKz-LMbmBg-t1080x1080.png,FOTUS Circus: Ginsberg Hollow (Horror) Show,L-82,Quack: FOTUS Circus,2025-05-21 02:01,"BANJOsutra, FOTUS CIRCUS Playlist An American Freaks Show, LOFIsutra, QUACKsutra : FOTUS Circus"
FOTUS CIRCUS ★ VOL.3 EPx9 ★ BURLESQUEsutra,https://soundcloud.com/bananasutra/sets/fotus-circus-vol3-epx9-burlesquesutra,checked,,"A 9-track shadow-walk that stays wide awake through the circus. It's the Allen Ginsberg Show (in ducklandia). Good joke. And FOTUS rhymes with anus. Inspired by Allen Ginsberg. Vol. 3, because one wasn't enough.",0:28:23,QUACKsutra,3,9,2417,16,"BANJO,BURLESQUE,DUB,FOLK,MANTRA","BANJO,BURLESQUE,DUB,FOLK,MANTRA,RAGGA",,https://i1.sndcdn.com/artworks-TISJ7mgoFUnIyF3o-Nc2YDg-t500x500.png,https://i1.sndcdn.com/artworks-TISJ7mgoFUnIyF3o-Nc2YDg-t1080x1080.png,FOTUS Circus: Ginsberg Hollow (Horror) Show,L-82,Quack: FOTUS Circus,2025-05-21 02:07,"BANJOsutra, FOTUS CIRCUS Playlist An American Freaks Show, MANTRAsutra, QUACKsutra : FOTUS Circus"
FOTUS CIRCUS ★ VOL.4 EPx9 ★ BURLESQUEsutra,https://soundcloud.com/bananasutra/sets/fotus-circus-vol4-epx9-burlesquesutra,checked,,"A solid half-hour of circus critique, across 9 tracks. America. It's high time you start being a little more angelic. With a wink to Allen Ginsberg. This is Vol. 4—the saga deepens. FOTUS rhymes with anus. Coincidence?",0:28:50,QUACKsutra,4,9,4018,22,"BANJO,BURLESQUE,DUB,JAZZ","BANJO,BURLESQUE,DUB,JAZZ",,https://i1.sndcdn.com/artworks-hEoexhjMEJaTLs2Y-y53BjQ-t500x500.png,https://i1.sndcdn.com/artworks-hEoexhjMEJaTLs2Y-y53BjQ-t1080x1080.png,FOTUS Circus: Angels Eyes,L-81,Quack: FOTUS Circus,2025-05-21 02:12,"BANJOsutra, DUBsutra, FOTUS CIRCUS Playlist An American Freaks Show, JAZZsutra, QUACKsutra : FOTUS Circus"
Freee · La Fille • French SHOWsutra Psychedelic EPx10,https://soundcloud.com/bananasutra/sets/freee-la-fille-french-showsutra-psychedelic-epx10,checked,,"A 10-track dark bloom that holds ego up to a funhouse mirror. En français, pour les filles qui en ont marre. Made in merde, c'est fini. Pour freeee. Served in burlesque, dub, and lo-fi. En français, évidemment. Fly like water, land like truth.",0:30:12,FLOWsutra,1,10,6723,54,"BURLESQUE,DUB,LOFI","BURLESQUE,DUB,HIP HOP,LOFI,PSYCHEDELIC,RAGGA",,https://i1.sndcdn.com/artworks-RJT0le0yFOpGmfuI-gfY2hw-t500x500.png,https://i1.sndcdn.com/artworks-RJT0le0yFOpGmfuI-gfY2hw-t1080x1080.png,"Freee, La Fille",L-84,"Trust: FLY (like water),World: FRENCHsutra",2025-10-02 03:17,"BLUESsutra, BURLESQUEsutra, BURLESQUEsutra (Best Of), DUBsutra, DUBsutra (Best Of), FRENCHsutra oui oui · sacrebleu, LOFIsutra, OUI OUI : Pardon (my French), SHOWsutra where bananas play"
Genius EP,https://soundcloud.com/bananasutra/sets/genius,checked,,"A 3-track luminous ride that insists you be exactly yourself. Judge a fish by its ability to climb a tree and it'll believe it's stupid forever. This one's for the kids. You're a genius. For real. A nod to Albert Einstein. The naked truth, served warm.",0:07:35,KNOWsutra,1,3,677,9,"FOLK,INDIE,JAZZ","FOLK,INDIE,JAZZ",,https://i1.sndcdn.com/artworks-VkDI20lCoNvB6yuu-kEiBRg-t500x500.jpg,https://i1.sndcdn.com/artworks-VkDI20lCoNvB6yuu-kEiBRg-t1080x1080.jpg,Genius EP,L-86,Ask: (Naked) TRUTH,2024-11-19 17:52,"FOLKsutra, GROWsutra : KIND(ness), INDIEsutra, KNOWsutra where questions matter"
Gladys in Sonderland EPx14 • SHOWsutra Psychedelic Gipsy Dream,https://soundcloud.com/bananasutra/sets/gladys-in-sonderland-epx14-showsutra-psychedelic-gipsy-dream,checked,,"14 tracks of questions that won't quit. Alice went through the looking glass. Gladys tumbled through Sonderland. The Cheshire Cat now strips in a glitch-and-bitch show. No checkmates. Channeling Carroll Lewis, obviously. Welcome to the Fanana club.",1:06:19,SHOWsutra,1,14,7705,68,"BANJO,BLUES,BURLESQUE,INDIE,LOFI","BANJO,BLUES,BURLESQUE,GIPSY,INDIE,LOFI,PSYCHEDELIC",,https://i1.sndcdn.com/artworks-6hfJ7MQsBYyjyhKs-VO8orw-t500x500.png,https://i1.sndcdn.com/artworks-6hfJ7MQsBYyjyhKs-VO8orw-t1080x1080.png,Gladys in Sonderland,L-88,Play: FANANA (party),2025-10-30 08:21,"BANJOsutra, BLUESsutra, BURLESQUEsutra, BURLESQUEsutra (Best Of), INDIEsutra, INDIEsutra (Best Of), SHOWsutra : FANANA Club, SHOWsutra where bananas play"
Glitter on a Turd ❯ GROWsutra Banana Cabaret EPx5,https://soundcloud.com/bananasutra/sets/glitter-on-a-turd-epx5,checked,,5 tracks of quacking fury. Kindness without truth is just glitter on a turd. K thanks bye. Burlesque and indie grooves from end to end. Kindness as rebellion.,0:14:49,GROWsutra,1,5,2503,26,"BURLESQUE,INDIE","BURLESQUE,CABARET,INDIE",,https://i1.sndcdn.com/artworks-XYwpBnKZkAc8nA2R-sfypIw-t500x500.png,https://i1.sndcdn.com/artworks-XYwpBnKZkAc8nA2R-sfypIw-t1080x1080.png,Glitter On A Turd,L-89,Dare: KIND(ness),2025-05-23 11:53,"BURLESQUEsutra, GROWsutra : KIND(ness), GROWsutra where we be brave, JAZZsutra, LOFIsutra"
Grifters • BLOWsutra (Apes Gone Wrong) EPx14,https://soundcloud.com/bananasutra/sets/grifters-blowsutra-epx14,checked,,"14 tracks of circus critique. One question that won’t let go: are you a grifter or a gifter? Banjo, blues, and burlesque grooves from end to end. The apes are at it again.",0:43:26,BLOWsutra,1,14,5340,54,"BANJO,BLUES,BURLESQUE,DUB,FOLK,INDIE,LOFI,ROCK","BANJO,BLUES,BURLESQUE,COUNTRY,DUB,FADO,FLAMENCO,FOLK,GIPSY,HIP HOP,INDIE,LOFI,PSYCHEDELIC,PUNK,ROCK",,https://i1.sndcdn.com/artworks-iPtXxjIVQyjzpElZ-rzZZyw-t500x500.png,https://i1.sndcdn.com/artworks-iPtXxjIVQyjzpElZ-rzZZyw-t1080x1080.png,Grifters,L-90,Speak: APES (gone wrong),2026-04-08 08:58,"BANJOsutra, BLOWsutra, BLUESsutra, BURLESQUEsutra, DUBsutra, DUBsutra (Best Of), INDIEsutra, LOFIsutra"
Hammy On Clyde ✪ SHOWsutra EPx8,https://soundcloud.com/bananasutra/sets/hammy-on-clyde-showsutra-epx8,checked,,"A 8-track glow-up that takes nothing seriously except joy. His name's Hammy. He lives on Clyde Avenue. He has no agenda. Goals. The sound: blues, dub, and folk. Be the fool worth being.",0:35:38,SHOWsutra,1,8,1578,11,"BLUES,DUB,FOLK,JAZZ,LOFI","BLUES,DUB,FOLK,GIPSY,JAZZ,LOFI",,https://i1.sndcdn.com/artworks-safSzuvAHiwvn0LF-0u5a3Q-t500x500.png,https://i1.sndcdn.com/artworks-safSzuvAHiwvn0LF-0u5a3Q-t1080x1080.png,Hammy On Clyde,L-92,Play: (Be) The Fool,2025-10-17 06:26,"BANJOsutra, BLUESsutra, BOWsutra : (Thank) Dogs, DUBsutra, JAZZsutra, LOFIsutra, SHOWsutra where bananas play"
Hard Core (Questions that Matter) X5,https://soundcloud.com/bananasutra/sets/hard-core-x5,checked,,"5 tracks of raw sense-making. Who decides which lives are sacred? (That's the whole song.) Served in burlesque. The naked truth, served warm.",0:15:20,KNOWsutra,1,5,4666,44,BURLESQUE,BURLESQUE,,https://i1.sndcdn.com/artworks-TawBy2TG82lsrzx3-SEV7yw-t500x500.png,https://i1.sndcdn.com/artworks-TawBy2TG82lsrzx3-SEV7yw-t1080x1080.png,Hard Core,L-93,Ask: (Naked) TRUTH,2024-11-15 04:12,"BANJOsutra, BLUESsutra, BURLESQUEsutra, FOTUS CIRCUS Playlist An American Freaks Show, JAZZsutra, JAZZsutra (Best Of), KNOWsutra : (naked) TRUTH, KNOWsutra where questions matter, QUACKsutra where we sing FU, Questions for the (kind) POPE in the Sky"
HashtagWHY (to be ctd...),https://soundcloud.com/bananasutra/sets/hashtagwhy-to-be-ctd,checked,,"A quick 6-minute burst of stubborn hope, across 2 tracks. #why. Not the who. Not the what. The why is the only question worth asking. Sorry not sorry. The sound: rock. Because why not ask why.",0:06:23,KNOWsutra,1,2,531,5,ROCK,PUNK ROCK,,https://i1.sndcdn.com/artworks-0LTSLaDkEUo21nzx-OHpjRw-t500x500.jpg,https://i1.sndcdn.com/artworks-0LTSLaDkEUo21nzx-OHpjRw-t1080x1080.jpg,HashtagWHY (Sorry Not Sorry),L-94,Ask: But(t) WHY,2024-12-23 02:47,"BANJOsutra, KNOWsutra : but(t) WHY, KNOWsutra where questions matter, MANTRAsutra"
Hello · Oh No • EPx16 • GROWsutra Psychedelic Logic Harmonics,https://soundcloud.com/bananasutra/sets/hello-oh-no-growsutra-psychedelic-epx16,checked,,"A 16-track shadow-walk that dares you to show up. Oh hello, ego. You're here again. No no no. The sound: banjo, blues, and burlesque. One of the heavier hitters: 11k+ plays. Dare to care. That's the whole thing.",0:48:03,GROWsutra,1,16,11422,120,"BANJO,BLUES,BURLESQUE,DUB,FOLK,INDIE,JAZZ,LOFI","BANJO,BLUES,BURLESQUE,CABARET,DUB,FLAMENCO,FOLK,GIPSY,INDIE,JAZZ,LOFI,PSYCHEDELIC,PUNK",,https://i1.sndcdn.com/artworks-X8yzz8V1uH0GpZZw-fED3yQ-t500x500.png,https://i1.sndcdn.com/artworks-X8yzz8V1uH0GpZZw-fED3yQ-t1080x1080.png,"Hello, Oh No",L-95,Dare: DARE (to care),2026-02-26 22:16,"BLUESsutra, BLUESsutra (Best Of), BURLESQUEsutra, DUBsutra, DUBsutra (Best Of), GROWsutra where we be brave, JAZZsutra, JAZZsutra (Best Of), LOFIsutra"
Hereby · I Cry ☠ BLOWsutra EPx5,https://soundcloud.com/bananasutra/sets/hereby-i-cry-blowsutra-epx5,checked,,"5 dub, folk, and jazz tracks asking questions that sting. Not fury — memory's flame. This is the cry in the name of the sacred, the silenced, the still. Dare to care. That's the whole thing.",0:18:15,GROWsutra,1,5,1534,22,"DUB,FOLK,JAZZ,MANTRA","DUB,FOLK,GIPSY,JAZZ,MANTRA",,https://i1.sndcdn.com/artworks-AJnyssyEpQIFaGYl-f1dxCg-t500x500.png,https://i1.sndcdn.com/artworks-AJnyssyEpQIFaGYl-f1dxCg-t1080x1080.png,"Hereby, I Cry",L-96,Dare: DARE (to care),2025-07-03 08:16,"BLOWsutra, DUBsutra, FOLKsutra, FOTUS CIRCUS Playlist An American Freaks Show, GROWsutra : DARE (to care), JAZZsutra, MANTRAsutra, QUACKsutra where we sing FU"
Hey · Creeps • EPx20 • BLOWsutra Ego Gone Loco,https://soundcloud.com/bananasutra/sets/hey-creeps-epx20-blowsutra-ego-gone-loco,checked,,"20 tracks of pride's reckoning. Hey, creeps. Yes, you. No, not you. You know who you are. With a wink to John Lennon. Resonated: 11k plays and 85 likes so far. The apes are at it again.",1:08:23,BLOWsutra,1,20,11035,85,"BURLESQUE,DUB,INDIE,JAZZ,LOFI,ROCK","BURLESQUE,DUB,GIPSY,HIP HOP,INDIE,JAZZ,LOFI,PSYCHEDELIC,PUNK,ROCK",,https://i1.sndcdn.com/artworks-D95jhvq945VUHBlk-M2mkVQ-t500x500.png,https://i1.sndcdn.com/artworks-D95jhvq945VUHBlk-M2mkVQ-t1080x1080.png,"Hey, Creeps",L-97,Speak: APES (gone wrong),2025-11-23 19:48,"BLOWsutra, BLOWsutra : EGO (gone loco), DUBsutra, LOFIsutra, LOFIsutra (Best Of), ROCKsutra"
Hey · You ✖ EPx8 ✖ BLOWsutra Indie Punk ROCK,https://soundcloud.com/bananasutra/sets/hey-you-blowsutra-jazz-punk-rock,checked,,"7 burlesque, indie, and rock tracks asking questions that sting. The creeper who thinks they're invisible. They're not. Channeling John Lennon, obviously. Ego, meet your reflection.",0:13:47,BLOWsutra,1,7,1469,8,"BURLESQUE,INDIE,ROCK","BURLESQUE,INDIE,PUNK,ROCK",,https://i1.sndcdn.com/artworks-8zXPkONAqcbxOwwP-p3Wifg-t500x500.png,https://i1.sndcdn.com/artworks-8zXPkONAqcbxOwwP-p3Wifg-t1080x1080.png,"Hey, You (Creepers)",L-98,Speak: EGO (gone loco),2025-08-01 08:24,"BLOWsutra, BLOWsutra : EGO (gone loco), BURLESQUEsutra, INDIEsutra, ROCKsutra"
Hi · My Name Is (Not Celine Dion) - Vol02 EPx11 - SHOWsutra Dubby Grass Burlesque Edition,https://soundcloud.com/bananasutra/sets/hi-my-name-is-not-celine-dion-vol02-epx11-showsutra-dubby-grass-burlesque-edition,checked,,"A 11-track luminous ride that takes nothing seriously except joy. Hi, my name is... not Celine Dion. (But she inspired me.) Served in banjo, burlesque, and dub. Vol. 2, because one wasn't enough. Welcome to the Fanana club.",0:38:21,SHOWsutra,2,11,2078,13,"BANJO,BURLESQUE,DUB,FOLK,JAZZ","BANJO,BURLESQUE,COUNTRY,DUB,FOLK,JAZZ,PSYCHEDELIC",,https://i1.sndcdn.com/artworks-8AeGeNBuRUKrnybC-5NKduw-t500x500.png,https://i1.sndcdn.com/artworks-8AeGeNBuRUKrnybC-5NKduw-t1080x1080.png,"Hi, My Name Is (Not Celine Dion)",L-99,Play: FANANA (party),2025-10-17 10:17,"BANJOsutra, BURLESQUEsutra, DUBsutra, FOLKsutra, JAZZsutra, SHOWsutra : FANANA Club, SHOWsutra where bananas play"
Hi · My Name Is (Not Celine Dion) - Vol03 EPx11 - SHOWsutra Gipsy Trip Hop World LoFi Edition,https://soundcloud.com/bananasutra/sets/hi-my-name-is-not-celine-dion-vol03-epx11-showsutra-gipsy-trip-hop-world-lofi-edition,checked,,"11 lo-fi tracks steeped in equal parts fury and love. Hi, my name is... not Celine Dion. (But she inspired me.) Vol. 3, because one wasn't enough. Welcome to the Fanana club.",0:40:18,SHOWsutra,3,11,2369,30,LOFI,"GIPSY,LOFI,TRIP HOP",,https://i1.sndcdn.com/artworks-F6v264OYqZyCDfpy-bKUKiA-t500x500.png,https://i1.sndcdn.com/artworks-F6v264OYqZyCDfpy-bKUKiA-t1080x1080.png,"Hi, My Name Is (Not Celine Dion)",L-99,Play: FANANA (party),2025-10-17 10:24,"LOFIsutra, SHOWsutra : FANANA Club, SHOWsutra where bananas play"
Hold the Mic · Babe  EP X7 | Soul Prayer Lullabies,https://soundcloud.com/bananasutra/sets/hold-the-mic-babe-soul,checked,,"7 blues, folk, and mantra tracks that won't let you look away. The mic is right there. It's waiting. Dare to care. That's the whole thing.",0:19:47,GROWsutra,1,7,5094,23,"BLUES,FOLK,MANTRA",SOUL,,https://i1.sndcdn.com/artworks-ZzVNwSHzbhNq9mzn-vHyL4w-t500x500.png,https://i1.sndcdn.com/artworks-ZzVNwSHzbhNq9mzn-vHyL4w-t1080x1080.png,"Hold The Mic, Babe",L-102,Dare: DARE (to care),2024-11-12 08:39,"BANJOsutra, BOWsutra the last of 7 sutras · it's divine <3, DUBsutra, DUBsutra (Best Of), GROWsutra : KIND(ness), GROWsutra where we be brave, JAZZsutra, MANTRAsutra"
Hope is So Do-Do-Dope 🎪🦤 SHOWsutra Surreal Soul Circus EPx9,https://soundcloud.com/bananasutra/sets/hope-is-so-do-do-dope-showsutra-surreal-soul-circus-epx9,checked,,"A solid half-hour of gleeful absurdity, across 9 tracks. The Dodo is back. It feels like hope. And hope is dope. Right? (Ahem, let's dance.) Burlesque, indie, and rock grooves from end to end. Be the fool worth being.",0:32:05,SHOWsutra,1,9,1365,9,"BURLESQUE,INDIE,ROCK","BURLESQUE,GIPSY,INDIE,PSYCHEDELIC,ROCK,SOUL",,https://i1.sndcdn.com/artworks-6nsPwxZLywLDp58z-pvh8Pw-t500x500.png,https://i1.sndcdn.com/artworks-6nsPwxZLywLDp58z-pvh8Pw-t1080x1080.png,Hope is Do-Do-Dope,L-104,Play: (Be) The Fool,2025-09-24 18:31,"BURLESQUEsutra, INDIEsutra, ROCKsutra, SHOWsutra where bananas play"
How to Help a Bible Bro Grow Up · In the name of Religious Freedom,https://soundcloud.com/bananasutra/sets/how-to-help-a-bible-bro-grow-up-in-the-name-of-religious-freedom,checked,,"7 dub, folk, and indie tracks built on nerve and a prayer. In the name of Religious Freedom, please bro, STFU. Holy questions, no holy answers.",0:20:34,GROWsutra,1,7,1744,16,"DUB,FOLK,INDIE","DUB,FOLK,INDIE",,https://i1.sndcdn.com/artworks-iut6y3WtyieWGgpN-uNGjiA-t500x500.png,https://i1.sndcdn.com/artworks-iut6y3WtyieWGgpN-uNGjiA-t1080x1080.png,Shush (How To Help A Bible Bro Grow Up),L-222,Dare: GOD (etc.),2025-04-13 18:49,"BANJOsutra, BURLESQUEsutra, DUBsutra, FOLKsutra, GROWsutra : GOD (etc), GROWsutra where we be brave, JAZZsutra, LOFIsutra, MANTRAsutra, QUACKsutra where we sing FU, Questions for the (kind) POPE in the Sky"
I Ain't No Christian (No Holy Fool) ♥ EPx4 VOL.02,https://soundcloud.com/bananasutra/sets/i-aint-no-christian-no-holy-fool-epx4-vol02,checked,,A 4-track sun-drunk hymn that dances where gods fear to tread. I looked for peace and logic. I found Bertrand Russell. Close enough. Inspired by Bertrand Russell. Bertrand would approve. Probably.,0:11:49,KNOWsutra,1,4,733,8,"BLUES,BURLESQUE,FOLK,INDIE,ROCK","BLUES,BURLESQUE,FOLK,INDIE,ROCK,SOUL",,https://i1.sndcdn.com/artworks-FXu0T1aNuzRuPyMB-olhCZA-t500x500.png,https://i1.sndcdn.com/artworks-FXu0T1aNuzRuPyMB-olhCZA-t1080x1080.png,I Ain't No Christian (Like Bertrand),L-109,Ask: BERTRAND (knows),2025-04-19 02:10,"BLUESsutra, BURLESQUEsutra, FOLKsutra, INDIEsutra, KNOWsutra where questions matter, QUACKsutra where we sing FU, Questions for the (kind) POPE in the Sky, ROCKsutra"
I Did the Math · and Everything is Stupid • SHOWsutra Snoopy Fanana Club EPx11,https://soundcloud.com/bananasutra/sets/i-did-the-math-and-everything-is-stupid-showsutra-snoopy-fanana-club-epx11,checked,,"A solid half-hour of hard-earned wisdom, across 11 tracks. The math checks out: everything is stupid, absurd, and strangely divine. With a wink to Snoopy. Resonated: 10k plays and 105 likes so far. Welcome to the Fanana club.",0:40:34,SHOWsutra,1,11,10350,105,"BURLESQUE,DUB,INDIE,JAZZ,ROCK","BURLESQUE,DUB,GIPSY,INDIE,JAZZ,PSYCHEDELIC,PUNK,ROCK",,https://i1.sndcdn.com/artworks-MzZS6UnLWFjCH0yw-Ud0ziA-t500x500.png,https://i1.sndcdn.com/artworks-MzZS6UnLWFjCH0yw-Ud0ziA-t1080x1080.png,I Did The Math (Everything is Stupid),L-110,Play: FANANA (party),2025-12-24 09:11,"BURLESQUEsutra, BURLESQUEsutra (Best Of), DUBsutra, INDIEsutra, INDIEsutra (Best Of), ROCKsutra, ROCKsutra (Best Of)"
I Think I Need a Good Spank!ng (in Madrid) ⚯ SHOWsutra EPx9,https://soundcloud.com/bananasutra/sets/i-think-i-need-a-good-spankng-in-madrid-showsutra-epx9,checked,,"9 tracks of sacred fooling. #censored. Because SHOWsutra is where we play. And imagination is everything. The sound: burlesque, dub, and indie. Where trust gets tender.",0:26:59,SHOWsutra,1,9,1595,13,"BURLESQUE,DUB,INDIE,JAZZ","BURLESQUE,DUB,FADO,HIP HOP,INDIE,JAZZ",,https://i1.sndcdn.com/artworks-PfxPRXz3WMhUPWjS-5CSzRQ-t500x500.png,https://i1.sndcdn.com/artworks-PfxPRXz3WMhUPWjS-5CSzRQ-t1080x1080.png,I Think I Need a Good Spank!ng (in Madrid),L-112,Trust: WET (my friend),2025-07-02 23:26,"BURLESQUEsutra, DUBsutra, FLOWsutra : WET (my friend), INDIEsutra, JAZZsutra, LOFIsutra"
Idiocracy Now ✪ QUACKsutra EPx10,https://soundcloud.com/bananasutra/sets/idiocracy-now-quacksutra-epx10,checked,,"A 10-track shadow-walk that stays wide awake through the circus. The difference between Idiocracy and MAGAcracy? The timeline. Banjo, burlesque, and folk grooves from end to end. The apes are at it again.",0:36:19,QUACKsutra,1,10,1778,16,"BANJO,BURLESQUE,FOLK,INDIE,LOFI,ROCK","BANJO,BURLESQUE,COUNTRY,FOLK,INDIE,LOFI,PUNK,ROCK",,https://i1.sndcdn.com/artworks-PbQdusXHHfL2vzQG-PVycmg-t500x500.png,https://i1.sndcdn.com/artworks-PbQdusXHHfL2vzQG-PVycmg-t1080x1080.png,Planet Idiocracy,L-113,Speak: APES (gone wrong),2025-09-10 02:31,"BANJOsutra, FOLKsutra, INDIEsutra, QUACKsutra : FOTUS Circus, QUACKsutra where we sing FU, ROCKsutra"
If We Had But(t) The Truth • Vol. 2 EPx22 • BLOWsutra (Censored) Epstein Etcetera Soundtrack,https://soundcloud.com/bananasutra/sets/if-we-had-butt-the-truth-vol-2-epx22-blowsutra-censored-epstein-etcetera-soundtrack,checked,,"22 tracks of fair-play defiance. If we had but(t) the truth, what would we even do with it? Blues, burlesque, and dub grooves from end to end. Volume 2 hits different. One of the heavier hitters: 13k+ plays.",1:18:17,BLOWsutra,2,22,13703,100,"BLUES,BURLESQUE,DUB,FOLK,INDIE,JAZZ,LOFI,ROCK","BLUES,BURLESQUE,CABARET,DUB,FOLK,GIPSY,INDIE,JAZZ,LOFI,PSYCHEDELIC,RAGGA,ROCK,TRIP HOP",,https://i1.sndcdn.com/artworks-1InxeLQ1c3LnQwmz-u75GhQ-t500x500.png,https://i1.sndcdn.com/artworks-1InxeLQ1c3LnQwmz-u75GhQ-t1080x1080.png,If We Had But(t) The Truth,L-114,Speak: CENSOR(ed),2026-01-25 23:52,"BLOWsutra, BLOWsutra : CENSOR(ed), BLUESsutra, BURLESQUEsutra, BURLESQUEsutra (Best Of), DUBsutra, DUBsutra (Best Of), FOLKsutra, INDIEsutra, LOFIsutra, QUACKsutra where we sing FU"
If We Had But(t) The Truth ☲ Easterican Profanities EPx5 ☲ QUACKsutra,https://soundcloud.com/bananasutra/sets/if-we-had-butt-the-truth-easterican-profanities-epx5-quacksutra,checked,,"5 blues tracks steeped in equal parts fury and love. If we had but(t) the truth, what would we even do with it? Uncensored. Obviously.",0:16:02,QUACKsutra,1,5,1608,18,BLUES,BLUES,,https://i1.sndcdn.com/artworks-YXoYMbXvm3ILHBz6-ixlblg-t500x500.png,https://i1.sndcdn.com/artworks-YXoYMbXvm3ILHBz6-ixlblg-t1080x1080.png,If We Had But(t) The Truth,L-114,Speak: CENSOR(ed),2025-05-27 15:41,"BLOWsutra : APES (gone wrong), BLUESsutra, FOLKsutra, INDIEsutra, MANTRAsutra, QUACKsutra where we sing FU"
Ironic Moronic Eugenics ☤ What Happens When KNOWsutra & BLOWsutra Make a Baby,https://soundcloud.com/bananasutra/sets/ironic-moronic-eugenics-what-happens-when-knowsutra-blowsutra-make-a-baby,checked,,"A solid half-hour of structural outrage, across 8 tracks. The history of eugenics: what happens when certainty meets cruelty. The sound: banjo, blues, and dub. The apes are at it again.",0:27:43,BLOWsutra,1,8,1667,15,"BANJO,BLUES,DUB,FOLK,ROCK","BANJO,BLUES,DUB,FOLK,PSYCHEDELIC,PUNK,ROCK",,https://i1.sndcdn.com/artworks-N9z3Fy63NDAYopf0-Ffs1iA-t500x500.png,https://i1.sndcdn.com/artworks-N9z3Fy63NDAYopf0-Ffs1iA-t1080x1080.png,Ironic Moronic Eugenics,L-115,Speak: APES (gone wrong),2025-09-23 01:12,"BANJOsutra, BLOWsutra, BLOWsutra : EGO (gone loco), BLUESsutra, BURLESQUEsutra, DUBsutra, FOLKsutra, JAZZsutra, ROCKsutra"
It's an Ethical Paradox • Vol. 2 EPx15 • KNOWsutra (Bertrand Knows) Gipsy Burlesque Jazz,https://soundcloud.com/bananasutra/sets/its-an-ethical-paradox-an-oxymoron-maze-vol-2-epx15-knowsutra-bertrand-knows-gipsy-burlesque-jazz,checked,,"15 tracks of curious reckoning. Step right up to the paradox parade. Morals, double-edged, coming on up. Inspired by Bertrand Russell. Volume 2 hits different. Over 21k plays and counting—clearly something landed.",0:54:51,KNOWsutra,2,15,21712,271,"BURLESQUE,DUB,JAZZ,LOFI","BURLESQUE,DUB,GIPSY,JAZZ,LOFI,TRIP HOP",,https://i1.sndcdn.com/artworks-dpot7zmJbp98Q8za-Swn1Rg-t500x500.png,https://i1.sndcdn.com/artworks-dpot7zmJbp98Q8za-Swn1Rg-t1080x1080.png,It's An Ethical Paradox,L-116,Ask: BERTRAND (knows),2026-01-04 05:49,"JAZZsutra, JAZZsutra (Best Of), KNOWsutra : BERTRAND (mon chéri), KNOWsutra where questions matter, LOFIsutra, LOFIsutra (Best Of)"
It's War · My Friend ☳ QUACKsutra EPx15,https://soundcloud.com/bananasutra/sets/its-war-my-friend-quacksutra-epx15,checked,,"15 blues, dub, and folk tracks for the ones who still give a damn. The Better Bananas Bureau of Peace Asks: WTH ""Maximum Lethality, Not Tepid Legality"" actually means? Quack quack. You know who you are.",0:50:17,QUACKsutra,1,15,3161,40,"BLUES,DUB,FOLK,INDIE,LOFI,ROCK","BLUES,DUB,FOLK,INDIE,LOFI,PSYCHEDELIC,PUNK,ROCK",,https://i1.sndcdn.com/artworks-yjDwmBzrh9rcYKwR-u7wlPw-t500x500.png,https://i1.sndcdn.com/artworks-yjDwmBzrh9rcYKwR-u7wlPw-t1080x1080.png,"It's War, My Friend",L-117,Quack: DUCK (shady),2025-09-10 02:01,"BLUESsutra, DUBsutra, INDIEsutra, QUACKsutra : DUCK (shady), QUACKsutra : FOTUS Circus, QUACKsutra where we sing FU, ROCKsutra"
Jacques Brel : French EPx9 : GLOWsutra Burlesque Indie Blues Gratitude POET(ry),https://soundcloud.com/bananasutra/sets/jacques-brel-french-epx9-glowsutra-burlesque-indie-blues-gratitude-poetry,checked,,"9 tracks of beauty that bleeds. Pour Jacques Brel, qui nous a appris que les larmes pouvaient danser. A nod to Jacques Brel. En français, évidemment. A rainbow in someone's cloud.",0:38:47,GLOWsutra,1,9,3230,29,"BANJO,BLUES,BURLESQUE,INDIE","BANJO,BLUES,BURLESQUE,INDIE,PSYCHEDELIC",,https://i1.sndcdn.com/artworks-e0sOW6yRL70L2ZRD-C8tirQ-t500x500.png,https://i1.sndcdn.com/artworks-e0sOW6yRL70L2ZRD-C8tirQ-t1080x1080.png,Jacques Brel,L-118,"Bless: RAINBOWS (in my clouds),World: FRENCHsutra",2025-11-29 22:24,"BLUESsutra, BURLESQUEsutra, FRENCHsutra oui oui · sacrebleu, GLOWsutra where gratitude feeds, INDIEsutra, OUI OUI : Pardon (my French)"
Jealousy (not for me) ♡ GROWsutra EPx22,https://soundcloud.com/bananasutra/sets/jealousy-not-for-me-growsutra-epx22,checked,,"Over an hour of narcissism on parade, across 22 tracks. Jealousy smells like fear. Your joy doesn't take away my path. EPx22 of love languages, and the math is soft. Blues, burlesque, and dub grooves from end to end. Kindness as rebellion.",1:02:36,GROWsutra,1,22,5367,44,"BLUES,BURLESQUE,DUB,INDIE,JAZZ,LOFI","BLUES,BURLESQUE,DUB,HIP HOP,INDIE,JAZZ,LOFI,RAGGA",,https://i1.sndcdn.com/artworks-NrFEJYn5QiBNXnw5-RFTkHQ-t500x500.png,https://i1.sndcdn.com/artworks-NrFEJYn5QiBNXnw5-RFTkHQ-t1080x1080.png,Jealousy (Not For Me),L-119,Dare: KIND(ness),2025-06-26 10:26,"BLUESsutra, BURLESQUEsutra, DUBsutra, FLOWsutra : FLY (like water), FLOWsutra where time is space, INDIEsutra, JAZZsutra, LOFIsutra"
Jolly Poo - EPx15 VOL. 01 - Banjo Blues BLOWsutra,https://soundcloud.com/bananasutra/sets/jolly-poo-epx15-vol-01-banjo-blues-blowsutra,checked,,"15 banjo and blues tracks disguised as music. An ode to the ego that refuses to compost. Ego, meet your reflection.",0:49:08,BLOWsutra,1,15,4259,23,"BANJO,BLUES","BANJO,BLUES,RAGGA",,https://i1.sndcdn.com/artworks-KLgAMRClt5uPFoax-dDF6zQ-t500x500.png,https://i1.sndcdn.com/artworks-KLgAMRClt5uPFoax-dDF6zQ-t1080x1080.png,Jolly Poo,L-120,Speak: EGO (gone loco),2025-05-26 09:49,"BANJOsutra, BLOWsutra, BLOWsutra : EGO (gone loco), BLUESsutra, DUBsutra, MANTRAsutra"
Joseph Campbell's Truth Metaphors ☷ KNOWsutra EPx12,https://soundcloud.com/bananasutra/sets/joseph-campbells-truth-metaphors-knowsutra-epx12,checked,,"12 blues, burlesque, and dub tracks dripping with uncomfortable truths. When does a metaphor become a cage? (Joseph Campbell has thoughts.) Joseph Campbell walked in and stayed. The naked truth, served warm.",0:41:38,KNOWsutra,1,12,2255,22,"BLUES,BURLESQUE,DUB,INDIE,LOFI,MANTRA","BLUES,BURLESQUE,DUB,INDIE,LOFI,MANTRA",,https://i1.sndcdn.com/artworks-jy4Ny3sg2PSbdteq-7zc7yg-t500x500.jpg,https://i1.sndcdn.com/artworks-jy4Ny3sg2PSbdteq-7zc7yg-t1080x1080.jpg,Metaphors' Edge (Joseph Campbell's song),L-160,Ask: (Naked) TRUTH,2025-08-24 06:22,"BLUESsutra, BURLESQUEsutra, DUBsutra, INDIEsutra, KNOWsutra : (naked) TRUTH, KNOWsutra where questions matter, LOFIsutra, MANTRAsutra"
Just Be EP X7 | Vocal Honey Audio Ideals,https://soundcloud.com/bananasutra/sets/just-be-vocal-jazz-honey-x7,checked,,"7 tracks of earned knowing. The hardest thing you'll ever do: just be. The sound: blues, dub, and jazz. Fly like water, land like truth.",0:23:21,FLOWsutra,1,7,5691,46,"BLUES,DUB,JAZZ,LOFI","BLUES,DUB,JAZZ,LOFI",,https://i1.sndcdn.com/artworks-IDfjsYaZOumrtQ1L-jseSkw-t500x500.png,https://i1.sndcdn.com/artworks-IDfjsYaZOumrtQ1L-jseSkw-t1080x1080.png,Just Be,L-121,Trust: FLY (like water),2024-11-05 03:05,"BANJOsutra, BURLESQUEsutra, DUBsutra, DUBsutra (Best Of), FLOWsutra : FLY (like water), FLOWsutra where time is space, FOLKsutra, INDIEsutra, INDIEsutra (Best Of), JAZZsutra, MANTRAsutra, ROCKsutra"
Kids Are Asking ✪ KNOWsutra But(t) Why EPx3,https://soundcloud.com/bananasutra/sets/kids-are-asking-knowsutra-butt-why-epx3,checked,,"3 tracks of raw sense-making. The kids are asking about the double standards. Nobody has a good answer. Dub, folk, and indie grooves from end to end. Because why not ask why.",0:09:14,KNOWsutra,1,3,1078,2,"DUB,FOLK,INDIE,JAZZ,LOFI,MANTRA","ACOUSTIC,DUB,FOLK,INDIE,JAZZ,LOFI,MANTRA,TRIP HOP",,https://i1.sndcdn.com/artworks-L6uXyHUyGsqH0ZAv-cvmeZg-t500x500.png,https://i1.sndcdn.com/artworks-L6uXyHUyGsqH0ZAv-cvmeZg-t1080x1080.png,Kids Are Asking,L-124,Ask: But(t) WHY,2025-12-04 06:56,"FOLKsutra, KNOWsutra : but(t) WHY, KNOWsutra where questions matter, LOFIsutra, MANTRAsutra"
Kindness - Psychedelic INDIEsutra,https://soundcloud.com/bananasutra/sets/kindness-psychedelic-indiesutra,checked,,"2 indie tracks asking questions that sting. You don't know the weight of kindness until you've needed it. Channeling Naomi Shihab Nye, obviously. Vol. 2, because one wasn't enough. Kindness as rebellion.",0:04:22,GROWsutra,2,2,306,3,INDIE,PSYCHEDELIC,,https://i1.sndcdn.com/artworks-60rWtzt0Ur5yDsl8-lcLgjQ-t500x500.jpg,https://i1.sndcdn.com/artworks-60rWtzt0Ur5yDsl8-lcLgjQ-t1080x1080.jpg,Kindness,L-126,Dare: KIND(ness),2025-02-06 09:39,"INDIEsutra, KNOWsutra where questions matter"
Kindness Matters - Human Life Soundtrack EP,https://soundcloud.com/bananasutra/sets/kindness-matters-human-life-soundtrackl,checked,,5 indie tracks asking questions that sting. You don't know the weight of kindness until you've needed it. A nod to Naomi Shihab Nye. Kindness as rebellion.,0:18:08,GROWsutra,1,5,1456,10,INDIE,INDIE,,https://i1.sndcdn.com/artworks-qsLSixra831RrldW-lEhsdw-t500x500.jpg,https://i1.sndcdn.com/artworks-qsLSixra831RrldW-lEhsdw-t1080x1080.jpg,Kindness,L-126,Dare: KIND(ness),2025-02-06 07:58,"BANJOsutra, BLUESsutra, FOLKsutra, GROWsutra : KIND(ness), KNOWsutra where questions matter, LOFIsutra"
Kiss A Pulse • GLOWsutra (Lucille Clifton Poetry) EPx16,https://soundcloud.com/bananasutra/sets/kiss-a-pulse-glowsutra-epx16,checked,,"Sixteen tracks of letting the music move through marrow instead of ego. Inspired by Lucille Clifton: ""one should wish to celebrate more than one wishes to be celebrated."" Sultry jazz drifts into gipsy lo-fi, dreamy dub, indie burlesque, and smoky blues, anchored by an upright bass that beats like a second heart. SC-tagged GLOW because the lyrics shimmer; we feature it on FLOW because the practice is letting go. Blessed be the sound in our bones.",0:45:33,GLOWsutra,1,16,15711,172,"BANJO,BLUES,BURLESQUE,DUB,FOLK,INDIE,JAZZ,LOFI","BANJO,BLUES,BURLESQUE,CABARET,DUB,FOLK,GIPSY,INDIE,JAZZ,LOFI,PSYCHEDELIC,SOUL",,https://i1.sndcdn.com/artworks-FsS9zAJyonxRU7Rm-RHZvfQ-t500x500.png,https://i1.sndcdn.com/artworks-FsS9zAJyonxRU7Rm-RHZvfQ-t1080x1080.png,Kiss A Pulse,L-129,Trust: WET (my friend),2026-03-02 02:26,"BLUESsutra, BLUESsutra (Best Of), BURLESQUEsutra, DUBsutra, DUBsutra (Best Of), GLOWsutra where gratitude feeds, JAZZsutra, LOFIsutra"
L'Accordéon de l'Ignorance EP X9,https://soundcloud.com/bananasutra/sets/laccordeon-de-lignorance-ep-x9,checked,,"A solid half-hour of circus critique, across 9 tracks. Un canard sans conscience qui joue des peurs et divise. Avec un accordéon. Et l'ignorance en refrain. A nod to Jacques Brel. En français, évidemment. Quack quack. You know who you are.",0:26:40,QUACKsutra,1,9,1841,15,BURLESQUE,BURLESQUE,,https://i1.sndcdn.com/artworks-otyCSuVjsJ2YL8G1-qQb1mw-t500x500.png,https://i1.sndcdn.com/artworks-otyCSuVjsJ2YL8G1-qQb1mw-t1080x1080.png,L'Accordéon De l'Ignorance,L-130,"Quack: DUCK (shady),World: FRENCHsutra",2024-12-11 21:31,"BLOWsutra, BURLESQUEsutra, FOLKsutra, FRENCHsutra oui oui · sacrebleu, INDIEsutra, JAZZsutra, MANTRAsutra, OUI OUI : Pardon (my French)"
L'Embobinage (d'après Carl Sagan) • French GROWsutra EPx17,https://soundcloud.com/bananasutra/sets/lembobinage-dapres-carl-sagan-french-growsutra-epx17,checked,,"17 burlesque, dub, and indie tracks built on nerve and a prayer. Carl Sagan said: the saddest truth is how long we've been bamboozled. With a wink to Carl Sagan. Resonated: 11k plays and 114 likes so far. En français, évidemment.",0:50:14,BLOWsutra,1,17,11688,114,"BURLESQUE,DUB,INDIE,JAZZ","BURLESQUE,DUB,FLAMENCO,INDIE,JAZZ",,https://i1.sndcdn.com/artworks-CtDeRlGcQzG1ofC3-5Y1m0w-t500x500.png,https://i1.sndcdn.com/artworks-CtDeRlGcQzG1ofC3-5Y1m0w-t1080x1080.png,L’Embobinage,L-131,"Speak: CENSOR(ed),World: FRENCHsutra",2025-09-29 21:24,"BURLESQUEsutra, DUBsutra, DUBsutra (Best Of), FRENCHsutra oui oui · sacrebleu, GROWsutra where we be brave, INDIEsutra, INDIEsutra (Best Of), LOFIsutra, LOFIsutra (Best Of), OUI OUI : Pardon (my French)"
La Force Douce EPx7 ✪ French GROWsutra World Peace Duende LoFi Indie Fusion,https://soundcloud.com/bananasutra/sets/la-force-douce-epx7-french-growsutra-world-peace-duende-lofi-indie-fusion,checked,,"A 23-minute ride of questions that won't quit, across 7 tracks. Rivers cut stone without lifting a hand. La force douce: choosing love when everything crumbles around you. Served in indie and lo-fi. En français, évidemment. Kindness as rebellion.",0:23:54,GROWsutra,1,7,5315,39,"INDIE,LOFI","FLAMENCO,GIPSY,INDIE,LOFI,SOUL",,https://i1.sndcdn.com/artworks-oqgzYZ3lzrGih5hj-WJ2hFQ-t500x500.png,https://i1.sndcdn.com/artworks-oqgzYZ3lzrGih5hj-WJ2hFQ-t1080x1080.png,La Force Douce,L-132,"Dare: KIND(ness),World: FRENCHsutra",2025-10-08 00:29,"FRENCHsutra oui oui · sacrebleu, GROWsutra : KIND(ness), GROWsutra where we be brave, INDIEsutra, INDIEsutra (Best Of), LOFIsutra, OUI OUI : Pardon (my French)"
La Poesia Importa ♕ EPx7 VOL.01 ♕ Bananasutra En Español,https://soundcloud.com/bananasutra/sets/la-poesia-importa-epx7-vol01-bananasutra-en-espanol,checked,,"7 tracks of beauty that bleeds. ¿La poesía importa? Sí. Y si lo dudas, esta canción es para ti. The sound: lo-fi. En español, con alma. Poetry as essential infrastructure.",0:22:29,GLOWsutra,1,7,2513,26,LOFI,"FADO,LOFI",,https://i1.sndcdn.com/artworks-DQAHMhBcDTcoVFfl-BTKWAA-t500x500.png,https://i1.sndcdn.com/artworks-DQAHMhBcDTcoVFfl-BTKWAA-t1080x1080.png,La Poesia Importa,L-133,"Bless: POET(ry),World: SPANISHsutra",2025-05-27 13:16,"BURLESQUEsutra, DUBsutra, GLOWsutra : POET(ry), GLOWsutra where gratitude feeds, JAZZsutra, LOFIsutra, WORLDsutra : SPAN(k)ish"
Le Bal Des Salauds - French BLOWsutra Indie Gipsy Burlesque EPx9,https://soundcloud.com/bananasutra/sets/le-bal-des-salauds-french-blowsutra-indie-gipsy-burlesque-epx9,checked,,"9 tracks of fair-play defiance. Bienvenue au bal. Les salauds ont réservé la meilleure table. Burlesque, folk, and indie grooves from end to end. Resonated: 8k plays and 88 likes so far. En français, évidemment.",0:35:32,BLOWsutra,1,9,8541,88,"BURLESQUE,FOLK,INDIE,LOFI,MANTRA","BURLESQUE,FOLK,GIPSY,INDIE,LOFI,MANTRA",,https://i1.sndcdn.com/artworks-y8HtxewGKAQtoPJZ-3ZbprQ-t500x500.png,https://i1.sndcdn.com/artworks-y8HtxewGKAQtoPJZ-3ZbprQ-t1080x1080.png,Le Bal Des Salauds,L-134,"Speak: APES (gone wrong),World: FRENCHsutra",2025-11-01 08:25,"BURLESQUEsutra, BURLESQUEsutra (Best Of), FRENCHsutra oui oui · sacrebleu, INDIEsutra (Best Of), LOFIsutra (Best Of), OUI OUI : Pardon (my French)"
Le Système EP MIX X16 | Bluesy French Jazz,https://soundcloud.com/bananasutra/sets/le-systeme-de-macron-le-ptit-con,checked,,"17 tracks of quacking fury. Je vous parle d'un temps où Macron mentait avec éclat. Ah, le bon vieux temps. Inspired by Charles Aznavour. En français, évidemment. The apes are at it again.",0:46:58,BLOWsutra,1,17,5904,80,"BURLESQUE,DUB,JAZZ,LOFI","BURLESQUE,CABARET,DUB,JAZZ,LOFI,PUNK,SOUL",,https://i1.sndcdn.com/artworks-Jz9sGDEqD1gTTB5H-sILJIA-t500x500.jpg,https://i1.sndcdn.com/artworks-Jz9sGDEqD1gTTB5H-sILJIA-t1080x1080.jpg,Le Système,L-137,"Speak: APES (gone wrong),World: FRENCHsutra",2024-11-03 01:33,"BLOWsutra, BLOWsutra : CENSOR(ed), BURLESQUEsutra, DUBsutra, FOLKsutra, FRENCHsutra oui oui · sacrebleu, INDIEsutra, INDIEsutra (Best Of), JAZZsutra, KNOWsutra where questions matter, LOFIsutra, OUI OUI : Pardon (my French), ROCKsutra, SINGLEsutra Exclusive SoundCloud (woo)"
Let’s Do It (Let's Fall in Love) EP • Public Domain Lyrics • JAZZsutra,https://soundcloud.com/bananasutra/sets/lets-do-it-lets-fall-in-love-ep-public-domain-lyrics-jazzsutra,checked,,"A quick 13-minute burst of beauty that bleeds, across 4 tracks. Birds do it. Bees do it. Even educated fleas do it. Let's fall in love. Cole Porter walked in and stayed. Borrowed lyrics, original soul. Where trust gets tender.",0:13:04,FLOWsutra,1,4,1037,15,JAZZ,"JAZZ,PSYCHEDELIC",,https://i1.sndcdn.com/artworks-eBfjOLCOGCrYzDzL-qn290w-t500x500.jpg,https://i1.sndcdn.com/artworks-eBfjOLCOGCrYzDzL-qn290w-t1080x1080.jpg,Let's Do It,L-140,Trust: WET (my friend),2025-01-19 23:44,"FLOWsutra : WET (my friend), FLOWsutra where time is space, JAZZsutra"
Lightly · My Darling ✦ FLOWsutra (Fly Like Water) BANJO EPx5,https://soundcloud.com/bananasutra/sets/lightly-my-darling-banjo-flowsutra-epx5,checked,checked,"5 banjo, blues, and folk tracks built on nerve and a prayer. Here’s the quote (because quotes matter, and this one’s yummy, darling): ""It's dark because you are trying too hard"". Aldous Huxley walked in and stayed... Fly like water, land like truth.",0:16:24,FLOWsutra,1,5,2203,33,"BANJO,BLUES,FOLK","BANJO,BLUES,FOLK",,https://i1.sndcdn.com/artworks-6MpLlzyctLk0ODIC-7RamRA-t500x500.png,https://i1.sndcdn.com/artworks-6MpLlzyctLk0ODIC-7RamRA-t1080x1080.png,"Lightly, My Darling",L-390,Trust: FLY (like water),2026-04-18 03:41,"BANJOsutra, FLOWsutra where time is space, FOLKsutra"
Linguistic Weaponry EPx4 (Vol 2) DUBsutra,https://soundcloud.com/bananasutra/sets/linguistic-weaponry-epx4-vol-2-dubsutra,checked,,"A quick 3-minute burst of clarity with claws, across 1 tracks. F*ck: noun, verb, adjective, adverb, and apparently, a Supreme Court problem. A hymn to the most flexible word in the English language. With a wink to George Carlin. This is Vol. 2—the saga deepens. Welcome to the Fanana club.",0:03:19,SHOWsutra,2,1,163,1,DUB,"DUB,HIP HOP",,https://i1.sndcdn.com/artworks-gk645DrsmcEOxAyn-PRMvkA-t500x500.png,https://i1.sndcdn.com/artworks-gk645DrsmcEOxAyn-PRMvkA-t1080x1080.png,Linguistic Weaponry,L-147,Play: FANANA (party),2025-03-06 00:24,"KNOWsutra where questions matter, MANTRAsutra"
Linguistic Weaponry EPx7 Burlesque DUBsutra,https://soundcloud.com/bananasutra/sets/linguistic-weaponry-epx7-burlesque-dubsutra,checked,,"3 burlesque and dub tracks steeped in equal parts fury and love. F*ck: noun, verb, adjective, adverb, and apparently, a Supreme Court problem. A hymn to the most flexible word in the English language. George Carlin walked in and stayed. Welcome to the Fanana club.",0:08:25,SHOWsutra,1,3,612,5,"BURLESQUE,DUB","BURLESQUE,DUB,GIPSY",,https://i1.sndcdn.com/artworks-gk645DrsmcEOxAyn-PRMvkA-t500x500.png,https://i1.sndcdn.com/artworks-gk645DrsmcEOxAyn-PRMvkA-t1080x1080.png,Linguistic Weaponry,L-147,Play: FANANA (party),2025-03-06 00:05,"DUBsutra, INDIEsutra, KNOWsutra where questions matter, LOFIsutra, SHOWsutra : FANANA Club"
MAHA (Make America Humane Again) ☆ VOL.2 EPx6 ☆ BLOWsutra (MAxA Series) Psychedelic Trip Hop,https://soundcloud.com/bananasutra/sets/maha-make-america-humane-again-vol2-epx6-blowsutra-psy-trip-hop,checked,,"6 blues, dub, and lo-fi tracks served with no apologies. Make America Humane Again. It's not a radical idea. It should not be. One of the heavier hitters: 8k+ plays. Make America anything-but-this again.",0:16:57,QUACKsutra,1,6,8740,57,"BLUES,DUB,LOFI","BLUES,DUB,GIPSY,LOFI,PSYCHEDELIC,TRIP HOP",,https://i1.sndcdn.com/artworks-JGT1OnfOXKJX40oI-WLwAYA-t500x500.png,https://i1.sndcdn.com/artworks-JGT1OnfOXKJX40oI-WLwAYA-t1080x1080.png,MAHA (Make America Humane Again),L-149,Quack: MAxxxA Saga,2026-02-11 23:37,"BLOWsutra, BLUESsutra, DUBsutra, DUBsutra (Best Of), LOFIsutra, LOFIsutra (Best Of)"
MAKA MAKA EPx7 ⭐︎ MAxA Series · Vol. 4,https://soundcloud.com/bananasutra/sets/maka-maka-epx7-maxa-series-vol-4,checked,,7 folk tracks served with no apologies. MAKA: Make America Kind Again. (The harder acronym. The better one.) Make America anything-but-this again.,0:18:59,QUACKsutra,1,7,2106,14,FOLK,"COUNTRY,FOLK",,https://i1.sndcdn.com/artworks-9mKo23b9tXJzWs5t-yMjheA-t500x500.png,https://i1.sndcdn.com/artworks-9mKo23b9tXJzWs5t-yMjheA-t1080x1080.png,MAKA (Make America Kind Again),L-150,Quack: MAxxxA Saga,2025-03-28 02:27,"BANJOsutra, BLOWsutra : MAxA Series, BLUESsutra, BURLESQUEsutra, JAZZsutra, QUACKsutra where we sing FU"
Make Amurica Gulag Again ☭ BLOWsutra DUB EPx25,https://soundcloud.com/bananasutra/sets/make-amurica-gulag-again-blowsutra-dub-epx25,checked,,"25 dub, folk, and indie tracks for the ones who still give a damn. Not an opinion. A fact. Forty-five billion for cages, not doctors. The land of the free has the most in a pen. This is not a drill. Resonated: 8k plays and 87 likes so far. Make America anything-but-this again.",1:19:51,BLOWsutra,1,25,8375,87,"DUB,FOLK,INDIE,LOFI","DUB,FOLK,GIPSY,INDIE,LOFI,RAGGA",,https://i1.sndcdn.com/artworks-EtyWMtEaw4pyLtcc-MBCl2Q-t500x500.png,https://i1.sndcdn.com/artworks-EtyWMtEaw4pyLtcc-MBCl2Q-t1080x1080.png,Make Amurica Gulag Again (MAGA),L-151,Quack: MAxxxA Saga,2025-06-27 04:05,"BLOWsutra, BLOWsutra : MAxA Series, DUBsutra, DUBsutra (Best Of), FOTUS CIRCUS Playlist An American Freaks Show, LOFIsutra, QUACKsutra where we sing FU"
Make your Own Bible EP x6 VOL. 1 ℧ A Jazzy Burlesque Folk Trip Hop LOFI Venture (oui oui),https://soundcloud.com/bananasutra/sets/make-your-own-bible-ep-x6-vol-1-a-jazzy-burlesque-folk-trip-hop-lofi-venture-oui-oui,checked,,"6 tracks of holy doubt. Ralph Waldo Emerson said it first. Select and collect. Make your own bible. Write your own song. A nod to Ralph Waldo Emerson. Holy questions, no holy answers.",0:18:34,GROWsutra,1,6,1214,4,"BURLESQUE,FOLK,JAZZ,LOFI","BURLESQUE,FOLK,JAZZ,LOFI,TRIP HOP",,https://i1.sndcdn.com/artworks-7xjmVBpcmAIlWBfO-5Ebr4Q-t500x500.png,https://i1.sndcdn.com/artworks-7xjmVBpcmAIlWBfO-5Ebr4Q-t1080x1080.png,Make your Own Bible,L-152,Dare: GOD (etc.),2025-04-06 04:23,"GROWsutra : GOD (etc), LOFIsutra, Questions for the (kind) POPE in the Sky"
Male Fantasies - bananasutra EPx2 Vol. 03,https://soundcloud.com/bananasutra/sets/male-fantasies-bananasutra-epx2-vol-03,checked,,"A 2-track dark bloom that holds ego up to a funhouse mirror. The pedestal they built for you wasn't a gift. It was a trap. A nod to Margaret Atwood. This is Vol. 3—the saga deepens. Ego, meet your reflection.",0:07:19,BLOWsutra,3,2,1650,12,INDIE,INDIE,,https://i1.sndcdn.com/artworks-xSBf70BkIjbkDGPA-9368AQ-t500x500.png,https://i1.sndcdn.com/artworks-xSBf70BkIjbkDGPA-9368AQ-t1080x1080.png,Male Fantasies,L-154,Speak: EGO (gone loco),2025-05-02 03:14,"BLOWsutra, BLOWsutra : EGO (gone loco), JAZZsutra (Best Of), LOFIsutra"
Male Fantasies • CheekySUTRA EPx6 VOL. 02,https://soundcloud.com/bananasutra/sets/male-fantasies-cheekysutra-epx6-vol-02,checked,,"6 indie tracks disguised as music. Up on a pedestal, put there by someone else's fantasy. Inspired by Margaret Atwood. This is Vol. 2—the saga deepens. Ego, meet your reflection.",0:20:32,BLOWsutra,2,6,999,6,INDIE,INDIE,,https://i1.sndcdn.com/artworks-VQwphayyp6Az5g1b-6E63wg-t500x500.png,https://i1.sndcdn.com/artworks-VQwphayyp6Az5g1b-6E63wg-t1080x1080.png,Males Fantasies (vol2),L-155,Speak: EGO (gone loco),2025-04-20 01:19,"BANJOsutra, BURLESQUEsutra, INDIEsutra, JAZZsutra, LOFIsutra"
MAMA-B-C (Make America Mine Achtung Encore) • BLOWsutra MAxA Series EPx3,https://soundcloud.com/bananasutra/sets/mama-b-c-blowsutra-maxa-series-epx3,checked,,"3 tracks of circus critique. MAGA. MACA. MAMA. Make America Mine Achtung. Like a toddler in a war room with nukes and mommy issues. The sound: banjo, dub, and indie. Vol. 2, because one wasn't enough. Make America anything-but-this again.",0:11:37,BLOWsutra,2,3,618,7,"BANJO,DUB,INDIE,MANTRA","ACOUSTIC,BANJO,COUNTRY,DUB,INDIE,MANTRA,TRIP HOP",,https://i1.sndcdn.com/artworks-uDzqzbtn80lOeo3H-hV475g-t500x500.png,https://i1.sndcdn.com/artworks-uDzqzbtn80lOeo3H-hV475g-t1080x1080.png,MAMA (Make America Mine Achtung),L-156,Quack: MAxxxA Saga,2026-02-13 06:21,"BLOWsutra, BLUESsutra, DUBsutra, INDIEsutra"
MAMA-B-C (Make America Mine Achtung) • BLOWsutra MAxA Series EPx8,https://soundcloud.com/bananasutra/sets/mama-b-c-blowsutra-maxa-series-epx8,checked,,"8 banjo, blues, and burlesque tracks served with no apologies. MAGA. MACA. MAMA. Make America Mine Achtung. Like a toddler in a war room with nukes and mommy issues. Make America anything-but-this again.",0:20:16,QUACKsutra,1,8,7080,43,"BANJO,BLUES,BURLESQUE,FOLK,INDIE,LOFI","BANJO,BLUES,BURLESQUE,FOLK,INDIE,LOFI,PSYCHEDELIC,TRIP HOP",,https://i1.sndcdn.com/artworks-uDzqzbtn80lOeo3H-hV475g-t500x500.png,https://i1.sndcdn.com/artworks-uDzqzbtn80lOeo3H-hV475g-t1080x1080.png,MAMA (Make America Mine Achtung),L-156,Quack: MAxxxA Saga,2026-02-13 05:48,"BLOWsutra, BLOWsutra : MAxA Series, BLUESsutra, BLUESsutra (Best Of), INDIEsutra, LOFIsutra, LOFIsutra (Best Of)"
MASA (Make America Safe Again) ✮ EPX12 ✮ QUACKsutra Psychedelic BANJO,https://soundcloud.com/bananasutra/sets/masa-make-america-safe-again-epx12-quacksutra-psychedelic-banjo,checked,,"12 tracks of fair-play defiance. Make America Safe? Start with books, not boys in blue. Every dollar spent on school cuts down crime. That's it. That's the whole plan. Served in banjo, blues, and burlesque. Make America anything-but-this again.",0:38:28,QUACKsutra,1,12,5439,37,"BANJO,BLUES,BURLESQUE,DUB,ROCK","BANJO,BLUES,BURLESQUE,COUNTRY,DUB,PSYCHEDELIC,ROCK",,https://i1.sndcdn.com/artworks-zGBEcizIyyXPbSgu-fuTgSg-t500x500.png,https://i1.sndcdn.com/artworks-zGBEcizIyyXPbSgu-fuTgSg-t1080x1080.png,MASA (Make America Safe Again),L-326,Quack: MAxxxA Saga,2025-11-12 10:23,"BANJOsutra, BLOWsutra, BLOWsutra : MAxA Series, BLUESsutra (Best Of), BURLESQUEsutra, QUACKsutra where we sing FU"
Mass Media Freakshow EPx13 VOL.02 ⭐︎ Terrence MCKenna KNOWs ⭐︎ Burlesque or Snooze?,https://soundcloud.com/bananasutra/sets/mass-media-freakshow-epx13-vol02-terrence-mckenna-knows-burlesque-or-snooze,checked,,"13 burlesque, folk, and jazz tracks built on nerve and a prayer. Step right in. Corporate clowns, kids chasing fame, golems lost in glitter. Terrence McKenna saw this coming. So did the duck. Inspired by Terrence McKenna. Uncensored. Obviously.",0:44:35,BLOWsutra,1,13,3288,19,"BURLESQUE,FOLK,JAZZ","BURLESQUE,FOLK,JAZZ",,https://i1.sndcdn.com/artworks-Xranl6ikDYKoluYT-FdIOxQ-t500x500.png,https://i1.sndcdn.com/artworks-Xranl6ikDYKoluYT-FdIOxQ-t1080x1080.png,Mass Media Freakshow,L-157,Speak: CENSOR(ed),2025-04-15 20:39,"BLOWsutra : APES (gone wrong), BURLESQUEsutra, FOLKsutra, JAZZsutra"
MAWA MAWA EPx2 (if Soundcloud allows) ⭐︎ MAxA Series · Vol. 2,https://soundcloud.com/bananasutra/sets/mawa-mawa-epx2-maxa-series-vol-2,checked,,2 tracks of circus critique. Woke ain't weak. It means your mind stays open. MAWA: because staying blind while they snatch your plate was never the plan. Lo-fi grooves from end to end. Make America anything-but-this again.,0:07:03,QUACKsutra,1,2,456,3,LOFI,LOFI,,https://i1.sndcdn.com/artworks-ohldLp0ezWMHuexZ-Z1TUbg-t500x500.png,https://i1.sndcdn.com/artworks-ohldLp0ezWMHuexZ-Z1TUbg-t1080x1080.png,MAWA (Make America Woke Again),L-158,Quack: MAxxxA Saga,2025-03-28 03:19,"BURLESQUEsutra, GROWsutra where we be brave, JAZZsutra, QUACKsutra where we sing FU"
MAxA Alphabet Series Compilation - Make America Humane · Kind · Safe · Smart · etcetera Alright?!,https://soundcloud.com/bananasutra/sets/maxa-series,checked,,20 tracks of circus critique. Make America Humane Again. It's not a radical idea. It should not be. Served in banjo and burlesque. Make America anything-but-this again.,0:39:53,QUACKsutra,1,20,4836,49,"BANJO,BURLESQUE","BANJO,BURLESQUE",,https://i1.sndcdn.com/artworks-1kvONAzRbkd2SdIu-RVmpoA-t500x500.png,https://i1.sndcdn.com/artworks-1kvONAzRbkd2SdIu-RVmpoA-t1080x1080.png,,"L-149,L-150,L-326,L-158",Quack: MAxxxA Saga,2025-03-23 16:19,"BANJOsutra, BLOWsutra, BLOWsutra : MAxA Series, BLUESsutra, BURLESQUEsutra, DUBsutra, FOLKsutra, FOTUS CIRCUS Playlist An American Freaks Show, GROWsutra where we be brave, INDIEsutra, JAZZsutra, LOFIsutra, QUACKsutra where we sing FU"
Men-Oh-Pause 🩸 KNOWsutra EPx14,https://soundcloud.com/bananasutra/sets/men-oh-pause-knowsutra-epx14,checked,,"Nearly an hour of fair-play defiance, across 14 tracks. Taboo for who, exactly? A body politics reckoning on the weaponized silence that costs half the world its dignity. Served in blues, burlesque, and dub. The apes are at it again.",0:52:56,BLOWsutra,1,14,4307,47,"BLUES,BURLESQUE,DUB,FOLK,INDIE,JAZZ,LOFI,ROCK","BLUES,BURLESQUE,DUB,FADO,FOLK,HIP HOP,INDIE,JAZZ,LOFI,PSYCHEDELIC,PUNK,RAGGA,ROCK",,https://i1.sndcdn.com/artworks-CwrH2fJ04mrnXKyD-lpasyg-t500x500.png,https://i1.sndcdn.com/artworks-CwrH2fJ04mrnXKyD-lpasyg-t1080x1080.png,Men-Oh-Pause,L-159,Speak: APES (gone wrong),2025-09-16 11:10,"BLOWsutra : CENSOR(ed), BLUESsutra, BURLESQUEsutra, DUBsutra, FOLKsutra, GROWsutra where we be brave, INDIEsutra, KNOWsutra : but(t) WHY, KNOWsutra where questions matter, LOFIsutra, ROCKsutra"
Mind the Felon EP X5 | JAZZ LOFI : Psychedelic Paradox Soul Chanson,https://soundcloud.com/bananasutra/sets/mind-the-felon-bananasutra-jazz-lofi,checked,,A 5-track shadow-walk that stays wide awake through the circus. Mind the gap. Mind the felon. Mind the charm that hides the web. Served in jazz and lo-fi. Quack quack. You know who you are.,0:15:38,QUACKsutra,1,5,3184,28,"JAZZ,LOFI","JAZZ,LOFI,PSYCHEDELIC,SOUL",,https://i1.sndcdn.com/artworks-JhmQUJamnQmJaWeu-4kvdTA-t500x500.png,https://i1.sndcdn.com/artworks-JhmQUJamnQmJaWeu-4kvdTA-t1080x1080.png,Mind the Felon,L-161,Quack: DUCK (shady),2024-11-12 02:31,"BLOWsutra, BURLESQUEsutra, FOLKsutra, JAZZsutra, MANTRAsutra, QUACKsutra : DUCK (shady), QUACKsutra where we sing FU"
Muddy Waters EP,https://soundcloud.com/bananasutra/sets/muddy-waters-ep,checked,,"A quick 10-minute burst of ego autopsy, across 3 tracks. They muddy the water to make it look deep. Nietzsche saw through it. Inspired by Friedrich Nietzsche. Volume 2 hits different. Ego, meet your reflection.",0:10:06,BLOWsutra,2,3,2444,35,LOFI,LOFI,,https://i1.sndcdn.com/artworks-nMqZKsyaPrkeqrcw-6Z1nNw-t500x500.jpg,https://i1.sndcdn.com/artworks-nMqZKsyaPrkeqrcw-6Z1nNw-t1080x1080.jpg,Nietzsche's Gift (Muddy Waters),L-165,Speak: EGO (gone loco),2024-11-19 17:53,"BLOWsutra : EGO (gone loco), KNOWsutra where questions matter, LOFIsutra, LOFIsutra (Best Of)"
My Quest • EPx6 Vol. 2 • GLOWsutra Jacques Brel Dream,https://soundcloud.com/bananasutra/sets/my-quest-glowsutra-jacques-brel-epx7,checked,,A 6-track glow-up that dares you to show up. Born with a fire that silence could not tame. This is the quest. A nod to Jacques Brel. Volume 2 hits different. A rainbow in someone's cloud.,0:16:43,GLOWsutra,2,6,2897,17,"BANJO,BLUES,BURLESQUE,DUB,INDIE,JAZZ,ROCK","BANJO,BLUES,BURLESQUE,DUB,INDIE,JAZZ,PSYCHEDELIC,ROCK,TRIP HOP",,https://i1.sndcdn.com/artworks-RvPg90tJzDpSlPKh-ns1cUw-t500x500.png,https://i1.sndcdn.com/artworks-RvPg90tJzDpSlPKh-ns1cUw-t1080x1080.png,This Is My Quest,L-263,Bless: RAINBOWS (in my clouds),2026-03-15 16:44,"BLUESsutra, DUBsutra, GLOWsutra where gratitude feeds, INDIEsutra, INDIEsutra (Best Of), JAZZsutra, ROCKsutra"
New Normalcy (Planet Earth to Higher Grounds) EP x7,https://soundcloud.com/bananasutra/sets/new-normalcy-planet-earth-to-higher-grounds-ep-x7,checked,,"A 25-minute ride of war-weary prayer, across 7 tracks. Planet Earth to Higher Grounds. What have we done now? Beautiful things don’t ask for attention... Inspired by David Bowie. The naked truth, served warm.",0:25:21,KNOWsutra,1,7,1859,19,FOLK,FOLK,,https://i1.sndcdn.com/artworks-ud5KKsf2ftHwkxwZ-emOxEw-t500x500.jpg,https://i1.sndcdn.com/artworks-ud5KKsf2ftHwkxwZ-emOxEw-t1080x1080.jpg,New Normalcy (Planet Earth to Higher Grounds),L-164,Ask: (Naked) TRUTH,2024-12-20 02:30,"BANJOsutra, BLOWsutra : APES (gone wrong), BURLESQUEsutra, DUBsutra, FOLKsutra, JAZZsutra, KNOWsutra where questions matter, ROCKsutra"
Nietzsche's Gift (They Muddy the Water to Make it Look Deep) - KNOWsutra EPx13 Vol. 5,https://soundcloud.com/bananasutra/sets/nietzsches-gift-they-muddy-the-water-to-make-it-look-deep-knowsutra-epx13-vol-5,checked,,"13 tracks of ego autopsy. They muddy the water to make it look deep. Nietzsche saw through it. A nod to Friedrich Nietzsche. Volume 4 hits different. Ego, meet your reflection.",0:42:09,KNOWsutra,4,13,2628,26,"BANJO,BLUES,BURLESQUE,DUB,FOLK,INDIE,JAZZ,LOFI","BANJO,BLUES,BURLESQUE,DUB,FOLK,INDIE,JAZZ,LOFI",,https://i1.sndcdn.com/artworks-LHMRQArJDO3UAyuX-tkyzjg-t500x500.png,https://i1.sndcdn.com/artworks-LHMRQArJDO3UAyuX-tkyzjg-t1080x1080.png,Nietzsche's Gift (Muddy Waters),L-165,Speak: EGO (gone loco),2025-09-04 19:56,"BANJOsutra, BLOWsutra : EGO (gone loco), BURLESQUEsutra, DUBsutra, INDIEsutra, JAZZsutra, KNOWsutra where questions matter, LOFIsutra"
No · I'm Not Being Political 🇺🇸 KNOWsutra Indie Dub EPx15,https://soundcloud.com/bananasutra/sets/no-im-not-being-political-knowsutra-indie-dub-epx15,checked,,"15 dub, folk, and indie tracks that won't let you look away. No, I'm not being political. I'm just awake. (Circa 2025.) Dare to care. That's the whole thing.",0:48:40,GROWsutra,1,15,2955,25,"DUB,FOLK,INDIE,LOFI,MANTRA","DUB,FOLK,INDIE,LOFI,MANTRA",,https://i1.sndcdn.com/artworks-zz7WsK7tAEH4cMHT-fSdPcQ-t500x500.png,https://i1.sndcdn.com/artworks-zz7WsK7tAEH4cMHT-fSdPcQ-t1080x1080.png,"No, I'm Not Being Political (CIRCA 2025)",L-168,Dare: DARE (to care),2025-08-07 22:37,"BLOWsutra : APES (gone wrong), KNOWsutra where questions matter"
No Fear · My Dear ❢ BLOWsutra Revolution Ring Jazz EPx19,https://soundcloud.com/bananasutra/sets/no-fear-my-dear-blowsutra-revolution-ring-jazz-epx19,checked,,"Over an hour of structural outrage, across 19 tracks. Freedom means no fear. Nina Simone said it. We're still working on it. Inspired by Nina Simone. One of the heavier hitters: 14k+ plays. Revolution as a daily practice.",1:15:40,BLOWsutra,1,19,14532,143,"BLUES,FOLK,INDIE,JAZZ,LOFI","BLUES,FOLK,GIPSY,INDIE,JAZZ,LOFI,PSYCHEDELIC",,https://i1.sndcdn.com/artworks-ecBWNrgF4umdHgXR-yDUv4A-t500x500.png,https://i1.sndcdn.com/artworks-ecBWNrgF4umdHgXR-yDUv4A-t1080x1080.png,"No Fear, My Dear",L-166,Speak: REVOLT (now),2025-11-29 07:48,"BLOWsutra, BLOWsutra : REVOLT (now), BLUESsutra, FOLKsutra, INDIEsutra, JAZZsutra, JAZZsutra (Best Of), LOFIsutra, LOFIsutra (Best Of)"
Nous Sommes Le Feu EPx4 ☲ GROWsutra French Peace Indie,https://soundcloud.com/bananasutra/sets/nous-sommes-le-feu-epx4-growsutra-french-peace-indie,checked,,"A 4-track luminous ride that practices kindness like a contact sport. Nous sommes le monde — en français, du fond de l'âme humaniste. On est le feu, les cendres, la lumière. Served in dub, indie, and mantra. En français, évidemment. Kindness as rebellion.",0:12:40,GROWsutra,1,4,870,10,"DUB,INDIE,MANTRA","DUB,INDIE,MANTRA",,https://i1.sndcdn.com/artworks-LI16piMdqgOBh7oK-so3Vwg-t500x500.png,https://i1.sndcdn.com/artworks-LI16piMdqgOBh7oK-so3Vwg-t1080x1080.png,Nous Sommes Le Feu,L-170,"Dare: KIND(ness),World: FRENCHsutra",2025-09-15 08:03,"DUBsutra, FRENCHsutra oui oui · sacrebleu, GROWsutra where we be brave, INDIEsutra, MANTRAsutra, OUI OUI : Pardon (my French)"
Oh · Freedom EP x10 ♛ BLUESsutra (Public Domain Lyrics),https://soundcloud.com/bananasutra/sets/oh-freedom-bluessutra-public-domain-lyrics,checked,,"10 tracks of structural outrage. Before I be a slave, I'll be buried in my grave. The oldest, truest freedom song. The sound: blues. Revolution as a daily practice.",0:28:24,BLOWsutra,1,10,1861,24,BLUES,SOUL,,https://i1.sndcdn.com/artworks-P78u62myC8kQzJcZ-qk1VzQ-t500x500.png,https://i1.sndcdn.com/artworks-P78u62myC8kQzJcZ-qk1VzQ-t1080x1080.png,"Oh, Freedom",L-172,Speak: REVOLT (now),2025-01-14 09:27,"BANJOsutra, BLOWsutra, BLOWsutra : REVOLT (now), BLUESsutra, BOWsutra the last of 7 sutras · it's divine <3, BURLESQUEsutra, DUBsutra, FOLKsutra, GROWsutra where we be brave, JAZZsutra, ROCKsutra"
Oh · Martine ❃ French GLOW+BOWsutra ❃ Side A+B EPx28,https://soundcloud.com/bananasutra/sets/oh-martine-french-glowbowsutra-side-ab-epx28,checked,,"A 28-track glow-up that says thank you with its whole chest. Pour ma tante Martine, qui me manque. Des tartines, des clins d'œil, et un amour pour toujours. Blues, burlesque, and dub grooves from end to end. Resonated: 11k plays and 104 likes so far. En français, évidemment.",1:03:00,BOWsutra,1,28,11282,104,"BLUES,BURLESQUE,DUB,FOLK,INDIE,JAZZ,LOFI,ROCK","BLUES,BURLESQUE,DUB,FADO,FOLK,GIPSY,INDIE,JAZZ,LOFI,PSYCHEDELIC,PUNK,ROCK",,https://i1.sndcdn.com/artworks-PhV4HcOuFKRdx4bD-cO41eQ-t500x500.png,https://i1.sndcdn.com/artworks-PhV4HcOuFKRdx4bD-cO41eQ-t1080x1080.png,"Oh, Martine",L-173,"Bow: Death (is nothing),World: FRENCHsutra",2025-10-22 06:19,"BLUESsutra, BOWsutra : DEATH (is nothing), BOWsutra the last of 7 sutras · it's divine <3, BURLESQUEsutra, DUBsutra, INDIEsutra, INDIEsutra (Best Of), JAZZsutra, LOFIsutra, OUI OUI : Pardon (my French), ROCKsutra"
Oh My · Oh Why (Socrates Song) - GROWsutra EPx7,https://soundcloud.com/bananasutra/sets/oh-my-oh-why-socrates-song-growsutra-epx7,checked,,"A 7-track smoldering reckoning that refuses to stop asking why. He said 'I know I know nothing.' They sentenced him to death. Oh my, oh why — is truth still the crime they crucify? A nod to Socrates. Because why not ask why.",0:26:35,GROWsutra,1,7,1246,12,"DUB,FOLK,INDIE","DUB,FOLK,INDIE",,https://i1.sndcdn.com/artworks-u4xWThnzlboyzPPM-yy5lxA-t500x500.png,https://i1.sndcdn.com/artworks-u4xWThnzlboyzPPM-yy5lxA-t1080x1080.png,"Oh My, Oh Why (Socrates Song)",L-171,Ask: But(t) WHY,2025-08-08 01:24,"BURLESQUEsutra, DUBsutra, FOLKsutra, GROWsutra where we be brave, INDIEsutra, KNOWsutra : but(t) WHY, MANTRAsutra"
Okey Dokey · No It's Not Ξ EPx5 Ξ LOFIsutra,https://soundcloud.com/bananasutra/sets/okey-dokey-no-its-not-epx5-lofisutra,checked,,A 5-track shadow-walk that stays wide awake through the circus. Okie dokie. (No. It's not.) Served in indie. The apes are at it again.,0:15:26,BLOWsutra,1,5,6758,49,INDIE,INDIE,,https://i1.sndcdn.com/artworks-lY0oFqEouYMs8MxL-RFc5iA-t500x500.png,https://i1.sndcdn.com/artworks-lY0oFqEouYMs8MxL-RFc5iA-t1080x1080.png,Okie Dokie (No It's Not),L-174,Speak: APES (gone wrong),2025-04-25 06:33,"BANJOsutra, BLOWsutra, BLOWsutra : APES (gone wrong), LOFIsutra, LOFIsutra (Best Of)"
One Percent Rising • GROWsutra (Dare to Care) Psychedelic Indie EPx6,https://soundcloud.com/bananasutra/sets/one-percent-rising-growsutra-dare-to-care-epx6,checked,,"A 17-minute ride of curious reckoning, across 6 tracks. More curious than 99% of the population. That's the one percent that matters. The sound: indie, lo-fi, and rock. Dare to care. That's the whole thing.",0:17:03,GROWsutra,1,6,1336,15,"INDIE,LOFI,ROCK","GIPSY,HIP HOP,INDIE,LOFI,PSYCHEDELIC,PUNK,ROCK",,https://i1.sndcdn.com/artworks-kgjEyPp1tNR5wzhb-SWAbWQ-t500x500.png,https://i1.sndcdn.com/artworks-kgjEyPp1tNR5wzhb-SWAbWQ-t1080x1080.png,One Percent Rising,L-175,Dare: DARE (to care),2026-02-24 20:27,"GROWsutra where we be brave, LOFIsutra, ROCKsutra"
Ordo Amoris in Decay ♡ GROWsutra EPx6,https://soundcloud.com/bananasutra/sets/ordo-amoris-in-decay-growsutra-epx6,checked,,"6 indie and jazz tracks asking questions that sting. It's Pride month. Authenticity isn't loud and proud — it's humble, vulnerable, and brave. Ordo amoris, in a world of ego. Holy questions, no holy answers.",0:19:10,GROWsutra,1,6,4845,42,"INDIE,JAZZ","FADO,INDIE,JAZZ",,https://i1.sndcdn.com/artworks-opR2DJpgXbteguGo-J7W1sA-t500x500.png,https://i1.sndcdn.com/artworks-opR2DJpgXbteguGo-J7W1sA-t1080x1080.png,Ordo Amoris in Decay (All I Want Is To Believe),L-178,Dare: GOD (etc.),2025-06-19 10:35,"BLOWsutra : APES (gone wrong), BURLESQUEsutra, DUBsutra, INDIEsutra, LOFIsutra"
Oy · We Care 🦆 QUACKsutra Psychedelic Punk Rock Mantra EPx4,https://soundcloud.com/bananasutra/sets/oy-we-care-quacksutra-psychedelic-punk-rock-mantra-epx4,checked,,"4 burlesque, folk, and mantra tracks for the ones who still give a damn. Oy! We care! Oy! We dare! Born to love, not kneel to greed. Time to boom through the gloom. Revolution as a daily practice.",0:08:44,BLOWsutra,1,4,1602,9,"BURLESQUE,FOLK,MANTRA,ROCK","BURLESQUE,FOLK,MANTRA,PSYCHEDELIC,PUNK,ROCK",,https://i1.sndcdn.com/artworks-Jej1tzscsQG6oWg9-XF2L3Q-t500x500.png,https://i1.sndcdn.com/artworks-Jej1tzscsQG6oWg9-XF2L3Q-t1080x1080.png,"Oy, We Care",L-180,Speak: REVOLT (now),2025-10-05 06:46,"BLOWsutra : REVOLT (now), BURLESQUEsutra, QUACKsutra where we sing FU, ROCKsutra"
Peace Matters More (The Only Wish Worth Making) 🪽 GROWsutra Birthday Wish Song,https://soundcloud.com/bananasutra/sets/peace-matters-more-the-only-wish-worth-making-growsutra-birthday-wish-song,checked,,"7 tracks of stubborn hope. The only wish worth making: peace. Just peace. Please? Burlesque, dub, and indie grooves from end to end. Resonated: 8k plays and 78 likes so far. The peace prayer that won't shut up.",0:31:58,KNOWsutra,1,7,8508,78,"BURLESQUE,DUB,INDIE,JAZZ","BURLESQUE,DUB,GIPSY,INDIE,JAZZ",,https://i1.sndcdn.com/artworks-E8wykXuhdIZsTYC5-7gZGHQ-t500x500.png,https://i1.sndcdn.com/artworks-E8wykXuhdIZsTYC5-7gZGHQ-t1080x1080.png,Peace Matters More,L-182,Ask: PEACE (not war),2025-11-08 04:29,"BURLESQUEsutra, BURLESQUEsutra (Best Of), DUBsutra, GROWsutra where we be brave, INDIEsutra, INDIEsutra (Best Of), JAZZsutra, JAZZsutra (Best Of), KNOWsutra : PEACE (not War)"
Pedo Nation ★ BLOWsutra EPx14,https://soundcloud.com/bananasutra/sets/pedo-nation-felon-nation-redux-blowsutra-epx14,checked,,"14 banjo, blues, and dub tracks steeped in equal parts fury and love. For the silenced girls. Private jets, blackmail nights, masked faces. The shame isn't tiny. The story must be told. Quack quack. You know who you are.",0:50:51,BLOWsutra,1,14,3227,24,"BANJO,BLUES,DUB,LOFI,MANTRA","BANJO,BLUES,COUNTRY,DUB,LOFI,MANTRA,TRIP HOP",,https://i1.sndcdn.com/artworks-LhTksDdMzsR3b0mE-zpGPhA-t500x500.png,https://i1.sndcdn.com/artworks-LhTksDdMzsR3b0mE-zpGPhA-t1080x1080.png,Pedo Nation (Felon Nation Redux),L-184,Quack: DUCK (shady),2025-06-23 03:11,"BANJOsutra, BLUESsutra, DUBsutra, LOFIsutra, MANTRAsutra, QUACKsutra : DUCK (shady), QUACKsutra where we sing FU"
Peel Me Kindly 🍌 SHOWsutra Gone Banana à la Gipsy JAZZ EPx7,https://soundcloud.com/bananasutra/sets/peel-me-kindly-showsutra-gone-banana-a-la-gipsy-jazz,checked,,"A 7-track luminous ride that insists you be exactly yourself. Seven secrets, one sutra. Peel when ready. The sound: jazz. Kindness as rebellion.",0:30:57,GROWsutra,1,7,5160,60,JAZZ,"GIPSY,JAZZ",,https://i1.sndcdn.com/artworks-lciyCEyApUx6fnqe-mWMztg-t500x500.png,https://i1.sndcdn.com/artworks-lciyCEyApUx6fnqe-mWMztg-t1080x1080.png,Peel Me Kindly,L-185,Dare: KIND(ness),2025-12-06 09:47,"FLOWsutra : WET (my friend), JAZZsutra, JAZZsutra (Best Of), SHOWsutra where bananas play"
Poem (I wanted to be · basically) ℘ EPx14 VOL.01,https://soundcloud.com/bananasutra/sets/poem-i-wanted-to-be-basically-epx14-vol01,checked,,"14 tracks of questions that won't quit. I thought I wanted to be a poet. But really, I wanted to be a poem. Federico Garcia Lorca walked in and stayed. Poetry as essential infrastructure.",0:46:15,GLOWsutra,1,14,2390,20,"BANJO,BLUES,BURLESQUE,DUB,FOLK,INDIE,JAZZ,LOFI","BANJO,BLUES,BURLESQUE,DUB,FOLK,INDIE,JAZZ,LOFI,PSYCHEDELIC",,https://i1.sndcdn.com/artworks-z3oqCWriMGQ0OJPD-bZzyHg-t500x500.png,https://i1.sndcdn.com/artworks-z3oqCWriMGQ0OJPD-bZzyHg-t1080x1080.png,"Poem (I wanted to be, basically)",L-188,Bless: POET(ry),2025-04-21 18:32,"BANJOsutra, BLUESsutra, FOLKsutra, GLOWsutra : POET(ry), GLOWsutra where gratitude feeds, INDIEsutra, JAZZsutra, LOFIsutra"
Poetry Matters ☰ BANJOsutra EPx2,https://soundcloud.com/bananasutra/sets/poetry-matters-banjosutra-ep,checked,,5 tracks of beauty that bleeds. Question my empathy. I dare you. (Poetry has entered the chat.) Banjo and blues grooves from end to end. This is Vol. 2—the saga deepens. Poetry as essential infrastructure.,0:11:40,GLOWsutra,2,5,771,9,"BANJO,BLUES","BANJO,BLUES",,https://i1.sndcdn.com/artworks-2YAEhVqYbh7DwilS-Nd8dqg-t500x500.jpg,https://i1.sndcdn.com/artworks-2YAEhVqYbh7DwilS-Nd8dqg-t1080x1080.jpg,Poetry Matters,L-189,Bless: POET(ry),2025-01-10 09:33,"BANJOsutra, DUBsutra, GLOWsutra : POET(ry), GLOWsutra where gratitude feeds, GROWsutra where we be brave, JAZZsutra, SINGLEsutra Exclusive SoundCloud (woo)"
Poetry Matters ☲ EPx3 Vol.05 ☲ DUBsutra,https://soundcloud.com/bananasutra/sets/poetry-matters-epx3-vol05-dubsutra,checked,,"A quick 12-minute burst of beauty that bleeds, across 3 tracks. Question my empathy. I dare you. (Poetry has entered the chat.) The sound: dub. Poetry as essential infrastructure.",0:12:21,GLOWsutra,1,3,2258,22,DUB,DUB,,https://i1.sndcdn.com/artworks-abyBryFxsG9vVsON-VYqfCQ-t500x500.png,https://i1.sndcdn.com/artworks-abyBryFxsG9vVsON-VYqfCQ-t1080x1080.png,Poetry Matters,L-189,Bless: POET(ry),2025-05-29 03:53,"DUBsutra, GLOWsutra : POET(ry), GLOWsutra where gratitude feeds"
Poetry Matters EP vol.3,https://soundcloud.com/bananasutra/sets/poetry-matters-ep-vol3,checked,,"A quick 10-minute burst of beauty that bleeds, across 3 tracks. Question my empathy. I dare you. (Poetry has entered the chat.) The sound: folk, lo-fi, and mantra. This is Vol. 3—the saga deepens. Poetry as essential infrastructure.",0:10:10,GLOWsutra,3,3,543,8,"FOLK,LOFI,MANTRA","FOLK,LOFI,MANTRA",,https://i1.sndcdn.com/artworks-2YAEhVqYbh7DwilS-Nd8dqg-t500x500.jpg,https://i1.sndcdn.com/artworks-2YAEhVqYbh7DwilS-Nd8dqg-t1080x1080.jpg,Poetry Matters,L-189,Bless: POET(ry),2025-01-19 05:28,"BOWsutra the last of 7 sutras · it's divine <3, DUBsutra, GLOWsutra : POET(ry), GLOWsutra where gratitude feeds, KNOWsutra where questions matter, LOFIsutra, MANTRAsutra"
Poetry Nah Lie ☲ EPx6 Vol.01 ☲ DUBsutra,https://soundcloud.com/bananasutra/sets/poetry-nah-lie-epx6-vol01-dubsutra,checked,,"6 dub tracks disguised as music. Poetry nah lie. It's vital like a plant. Medicine for truth, in a world where viral means value. Poetry as essential infrastructure.",0:21:43,GLOWsutra,1,6,3417,39,DUB,RAGGA,,https://i1.sndcdn.com/artworks-XirUpSPl2GiR23bD-IUcZyA-t500x500.png,https://i1.sndcdn.com/artworks-XirUpSPl2GiR23bD-IUcZyA-t1080x1080.png,Poetry Nah Lie,L-190,Bless: POET(ry),2025-05-29 04:13,"DUBsutra, GLOWsutra where gratitude feeds"
Poetry Slow Burns ☲ EPx5 Vol.01 ☲ DUBsutra,https://soundcloud.com/bananasutra/sets/poetry-slow-burns-epx5-vol01-dubsutra,checked,,"A 19-minute ride of beauty that bleeds, across 5 tracks. Not for show, not for fame. Just to name the ache and sing the flame. Poetry slow burns — soft, deadly. Dub grooves from end to end. Poetry as essential infrastructure.",0:19:17,GLOWsutra,1,5,4051,37,DUB,DUB,,https://i1.sndcdn.com/artworks-kFKsDMSXWH3Vpk1z-DJlmNw-t500x500.png,https://i1.sndcdn.com/artworks-kFKsDMSXWH3Vpk1z-DJlmNw-t1080x1080.png,Poetry Slow Burns,L-191,Bless: POET(ry),2025-05-29 03:59,"DUBsutra, GLOWsutra : POET(ry), GLOWsutra where gratitude feeds"
Predators (why war) EP x11 vol.2,https://soundcloud.com/bananasutra/sets/predators-why-war-ep-vol2,checked,,"A 11-track dark bloom that asks the fairness question out loud. Why? No one cares. No one hears. Predators in history, memories in mystery. Vol. 2, because war's a long story. The sound: mantra. Vol. 2, because one wasn't enough. The peace prayer that won't shut up.",0:38:38,KNOWsutra,2,11,2153,23,MANTRA,MANTRA,,https://i1.sndcdn.com/artworks-OWRInG4UzoJJhhFd-ho8qyg-t500x500.jpg,https://i1.sndcdn.com/artworks-OWRInG4UzoJJhhFd-ho8qyg-t1080x1080.jpg,Predators (Why War),L-194,Ask: PEACE (not war),2025-01-08 00:47,"BURLESQUEsutra, FOLKsutra, INDIEsutra, JAZZsutra, KNOWsutra : PEACE (not War), LOFIsutra, MANTRAsutra"
Prickly Peaches DUBsutra EPx3,https://soundcloud.com/bananasutra/sets/prickly-peaches-dubsutra-epx3,checked,,"3 dub tracks built on nerve and a prayer. What Jefferson Airplane would sound like as a haunting psychedelic ode to radical intimacy. Vol. 2, because some songs are cheekier than others. Where trust gets tender.",0:10:53,FLOWsutra,1,3,646,8,DUB,DUB,,https://i1.sndcdn.com/artworks-RAzwB4AnKcyRKbyO-wrGX6g-t500x500.jpg,https://i1.sndcdn.com/artworks-RAzwB4AnKcyRKbyO-wrGX6g-t1080x1080.jpg,Wet (Prickly) Peaches vol.2,L-285,"Trust: WET (my friend),EP: Peachy",2024-12-24 21:59,"DUBsutra, FLOWsutra : WET (my friend), FLOWsutra where time is space"
Pro-life means what · honey?,https://soundcloud.com/bananasutra/sets/pro-life-means-what-honey,checked,,"A 20-minute ride of holy doubt, across 6 tracks. Pro-life means what, exactly? (Still waiting for a straight answer.) The sound: banjo and mantra. Holy questions, no holy answers.",0:20:15,GROWsutra,1,6,1213,18,"BANJO,MANTRA","BANJO,MANTRA",,https://i1.sndcdn.com/artworks-6n9qPQKkYrr2fiIl-Ru83aw-t500x500.jpg,https://i1.sndcdn.com/artworks-6n9qPQKkYrr2fiIl-Ru83aw-t1080x1080.jpg,"Pro-life Means What, Honey?",L-196,Dare: GOD (etc.),2025-02-11 03:29,"BANJOsutra, BLUESsutra, DUBsutra, GROWsutra : GOD (etc), KNOWsutra where questions matter, QUACKsutra where we sing FU, Questions for the (kind) POPE in the Sky"
Project 2-0-2-5 (Explicit Fascism Advisory) • Pray for Murica SOULsutra EPx7,https://soundcloud.com/bananasutra/sets/project-2-0-2-5-explicit-fascism-advisory-pray-for-murica-soulsutra-epx7,checked,,"A 7-track shadow-walk that stays wide awake through the circus. Project 2025: a reading list nobody asked for, a playlist everyone needs. The sound: folk. Quack quack. You know who you are.",0:24:25,QUACKsutra,1,7,1386,16,FOLK,"FOLK,SOUL",,https://i1.sndcdn.com/artworks-Gpeeqzc8b4frhVCd-pyGbug-t500x500.png,https://i1.sndcdn.com/artworks-Gpeeqzc8b4frhVCd-pyGbug-t1080x1080.png,Project 2025 (Honky tonk dreams in the land of the free),L-197,Quack: DUCK (shady),2025-01-30 00:32,"BLOWsutra, BLUESsutra, DUBsutra, FOLKsutra, INDIEsutra, QUACKsutra : DUCK (shady), QUACKsutra where we sing FU"
Queer Almighty (Holy Questions Matter) - EPx16 VOL. 02,https://soundcloud.com/bananasutra/sets/queer-almighty-holy-questions-matter-epx16-vol-02,checked,,"16 banjo, blues, and folk tracks for the ones who still give a damn. Queer almighty: if God made everything, the closet wasn't His idea. Vol. 2, because one wasn't enough. Resonated: 9k plays and 66 likes so far. Holy questions, no holy answers.",0:51:38,GROWsutra,2,16,9334,66,"BANJO,BLUES,FOLK,MANTRA","BANJO,BLUES,CABARET,COUNTRY,FOLK,MANTRA",,https://i1.sndcdn.com/artworks-AW1E67BzmypJfRI1-6hZzEg-t500x500.png,https://i1.sndcdn.com/artworks-AW1E67BzmypJfRI1-6hZzEg-t1080x1080.png,Queer Almighty,L-198,Dare: GOD (etc.),2025-04-27 06:04,"BANJOsutra, BLUESsutra, BURLESQUEsutra, DUBsutra, DUBsutra (Best Of), FOLKsutra (Best Of), GROWsutra : GOD (etc), KNOWsutra where questions matter, MANTRAsutra, Questions for the (kind) POPE in the Sky"
Question di Kingdom ✰ Ragga DUBsutra EPx10,https://soundcloud.com/bananasutra/sets/question-di-kingdom-ragga-dubsutra-epx10,checked,,"A 10-track sun-drunk hymn that dances where gods fear to tread. Rise up tall. Reason first. Kingdom, second (if needed). Channeling Bertrand Russell, obviously. Bertrand would approve. Probably.",0:27:13,KNOWsutra,1,10,2869,24,DUB,RAGGA,,https://i1.sndcdn.com/artworks-mKTmWGkHkyRy4ocv-MREqIQ-t500x500.png,https://i1.sndcdn.com/artworks-mKTmWGkHkyRy4ocv-MREqIQ-t1080x1080.png,Question Di Kingdom,L-199,Ask: BERTRAND (knows),2025-03-01 11:04,"BANJOsutra, DUBsutra, KNOWsutra : BERTRAND (mon chéri), KNOWsutra where questions matter, LOFIsutra, Questions for the (kind) POPE in the Sky"
Question Di Kingdom EPx4 VOL.02,https://soundcloud.com/bananasutra/sets/question-di-kingdom-epx4-vol02,checked,,"A 4-track sun-drunk hymn that dances where gods fear to tread. Rise up tall. Reason first. Kingdom, second (if needed). Channeling Bertrand Russell, obviously. This is Vol. 2—the saga deepens. Bertrand would approve. Probably.",0:11:40,KNOWsutra,2,4,4781,47,DUB,"DUB,RAGGA",,https://i1.sndcdn.com/artworks-di7zASJGwZPfXRsD-DluSHw-t500x500.png,https://i1.sndcdn.com/artworks-di7zASJGwZPfXRsD-DluSHw-t1080x1080.png,Question Di Kingdom,L-199,Ask: BERTRAND (knows),2025-04-27 02:47,"DUBsutra, DUBsutra (Best Of), KNOWsutra : BERTRAND (mon chéri), KNOWsutra where questions matter, Questions for the (kind) POPE in the Sky"
Question the Nation • EPx10 • BLOWsutra Psychedelic Dub Revolution,https://soundcloud.com/bananasutra/sets/question-the-nation-blowsutra-psychedelic-revolution-epx10,checked,,A 10-track shadow-walk that refuses to stop asking why. Question the nation. Truth is on sabbatical. Or what(TF)? A nod to Hannah Arendt. Bertrand would approve. Probably.,0:35:59,KNOWsutra,1,10,4009,44,"BLUES,DUB,INDIE,JAZZ,LOFI","ACOUSTIC,BLUES,DUB,GIPSY,INDIE,JAZZ,LOFI,PSYCHEDELIC,RAGGA,TRIP HOP",,https://i1.sndcdn.com/artworks-kMicgGnKLarUxkiZ-jURgUg-t500x500.png,https://i1.sndcdn.com/artworks-kMicgGnKLarUxkiZ-jURgUg-t1080x1080.png,Question The Nation,L-200,Ask: BERTRAND (knows),2026-02-15 04:08,"BLOWsutra, BLUESsutra, DUBsutra, LOFIsutra, LOFIsutra (Best Of)"
Rainbows in the Clouds • GLOWsutra Dub LoFi Blues,https://soundcloud.com/bananasutra/sets/rainbows-in-the-clouds-glowsutra-dub-lofi-blues,checked,checked,"Fourteen tracks of gratitude with teeth. Maya Angelou said be a rainbow in someone's cloud; Banana spent an EP figuring out what that means in practice, and dedicated this version to her friend Sri, who left after a brave five-year battle and who would have laughed at every verse. Beyond labels, lines, tiers, bias, noise, and fears: a song for everyone daring not to fit the square.",0:33:40,GLOWsutra,1,14,16010,184,"BANJO,BLUES,DUB,FOLK,INDIE,JAZZ,LOFI","BANJO,BLUES,COUNTRY,DUB,FOLK,GIPSY,INDIE,JAZZ,LOFI",,https://i1.sndcdn.com/artworks-OuzjTqyXc8wz8Uv9-0cXu0Q-t500x500.png,https://i1.sndcdn.com/artworks-OuzjTqyXc8wz8Uv9-0cXu0Q-t1080x1080.png,Rainbows in the Clouds,L-202,Bless: RAINBOWS (in my clouds),2026-01-24 05:17,"BLUESsutra, BLUESsutra (Best Of), DUBsutra, DUBsutra (Best Of), FOLKsutra, GLOWsutra : RAINBOWS (in my clouds), GLOWsutra where gratitude feeds, INDIEsutra, LOFIsutra, LOFIsutra (Best Of)"
Read Me Harder (BB is for Banned Books) ☆ SHOWsutra Side A+B EPx19,https://soundcloud.com/bananasutra/sets/read-me-harder-bb-is-for-banned-books-showsutra-side-ab-epx19,checked,,A 19-track shadow-walk that lights up whatever it touches. They banned the books but not the beat. BB is for Banned Books — and Badass Brains. Read harder. Inspired by Margaret Atwood. Resonated: 9k plays and 67 likes so far. Uncensored. Obviously.,1:02:22,SHOWsutra,1,19,9672,67,"BANJO,BLUES,BURLESQUE,DUB,FOLK,INDIE,JAZZ,LOFI,ROCK","BANJO,BLUES,BURLESQUE,COUNTRY,DUB,FOLK,HIP HOP,INDIE,JAZZ,LOFI,PSYCHEDELIC,ROCK",,https://i1.sndcdn.com/artworks-AsBdOuYSmx4CVzKs-Y8zKhQ-t500x500.png,https://i1.sndcdn.com/artworks-AsBdOuYSmx4CVzKs-Y8zKhQ-t1080x1080.png,Read Me Harder (BB is for Banned Books),L-203,Speak: CENSOR(ed),2025-10-21 03:56,"BLOWsutra : CENSOR(ed), BLUESsutra, BLUESsutra (Best Of), BURLESQUEsutra, BURLESQUEsutra (Best Of), DUBsutra, ROCKsutra, SHOWsutra where bananas play"
Reason over Reverence (No need for God) ☷ KNOWsutra EPx6,https://soundcloud.com/bananasutra/sets/reason-over-reverence-no-need-for-god-knowsutra-epx6,checked,,"A 19-minute ride of holy doubt, across 6 tracks. They built heaven on fear. Reason is a better foundation. A nod to Bertrand Russell. Holy questions, no holy answers.",0:19:56,KNOWsutra,1,6,1750,16,"BANJO,BLUES","BANJO,BLUES",,https://i1.sndcdn.com/artworks-52aEtWxS2ijbwMuq-syAe6A-t500x500.png,https://i1.sndcdn.com/artworks-52aEtWxS2ijbwMuq-syAe6A-t1080x1080.png,Reason Over Reverence,L-205,Dare: GOD (etc.),2025-06-24 01:57,"BANJOsutra, BLUESsutra, BURLESQUEsutra, DUBsutra, FOLKsutra, GROWsutra : GOD (etc), INDIEsutra, JAZZsutra, KNOWsutra : BERTRAND (mon chéri)"
Relative Steve - KNOWsutra Hip de la HoP EPx2 Bass Interlude,https://soundcloud.com/bananasutra/sets/relative-steve-knowsutra-hip-de-la-hop-epx2-bass-interlude,checked,,"2 tracks of clarity with claws. Is truth relative, Steve? A vintage hip hop song asking the dumb recycled questions. Yo. Served in lo-fi. Ego, meet your reflection.",0:03:54,BLOWsutra,1,2,362,7,LOFI,"LOFI,HIP HOP",,https://i1.sndcdn.com/artworks-lhsvkiQu3Jgy5T0S-iRyHyQ-t500x500.png,https://i1.sndcdn.com/artworks-lhsvkiQu3Jgy5T0S-iRyHyQ-t1080x1080.png,Relative Steve,L-206,Speak: EGO (gone loco),2025-08-08 01:02,"KNOWsutra : (naked) TRUTH, KNOWsutra where questions matter, LOFIsutra"
RHINOCEROSS ♦ EPx7 ♦ BLOWsutra Surreal Real Poetry,https://soundcloud.com/bananasutra/sets/rhinoceross-epx7-blowsutra-surreal-real-poetry,checked,,"7 tracks of circus critique. When everyone who is right becomes a rhinoceros. One song on the far right lane, looking out at a world gone insane. With a wink to Eugene Ionesco. The apes are at it again.",0:33:21,BLOWsutra,1,7,1773,21,"BLUES,BURLESQUE,DUB,FOLK,INDIE,LOFI,ROCK","BLUES,BURLESQUE,DUB,FOLK,INDIE,LOFI,PSYCHEDELIC,ROCK",,https://i1.sndcdn.com/artworks-WaElY6xZh0PPyRbQ-4p9Ziw-t500x500.png,https://i1.sndcdn.com/artworks-WaElY6xZh0PPyRbQ-4p9Ziw-t1080x1080.png,Rhinoceross,L-208,Speak: APES (gone wrong),2025-09-24 17:55,"BLOWsutra, BLOWsutra : APES (gone wrong), BLUESsutra, DUBsutra, INDIEsutra, LOFIsutra, ROCKsutra"
Rise Up · You Naked Peoples (Freedom Rings) ☆ BLOWsutra Victor Hugo Revolution Song,https://soundcloud.com/bananasutra/sets/rise-up-you-naked-peoples-blowsutra-victor-hugo-revolution,checked,,"A 2-track bright spell that dares you to show up. Victor Hugo would approve. Rise up, ye naked peoples. Freedom rings. Heed the call. Channeling Victor Hugo, obviously. Revolution as a daily practice.",0:06:41,BLOWsutra,1,2,565,5,FOLK,FOLK,,https://i1.sndcdn.com/artworks-XITSzbW3Jfw7E2Bb-d1yIpQ-t500x500.png,https://i1.sndcdn.com/artworks-XITSzbW3Jfw7E2Bb-d1yIpQ-t1080x1080.png,"Rise Up, You Naked Peoples (Freedom Rings)",L-209,Speak: REVOLT (now),2026-02-16 00:22,"BLOWsutra, FOLKsutra"
RUN (now · if you can),https://soundcloud.com/bananasutra/sets/run-now-if-you-can,checked,checked,"Twenty-two tracks of plain sense. RUN is the alarm bell, written when the freakshow stopped being funny and the duck purge began. The unedited description is part of the work; it harmonizes with the local chaos. Sharp medicine. Not a permanent address.",1:17:34,QUACKsutra,1,22,9622,84,"BLUES,DUB,FOLK","BLUES,DUB,FOLK",,https://i1.sndcdn.com/artworks-5ysLQg1Z7QHERkaa-XU5K0Q-t500x500.jpg,https://i1.sndcdn.com/artworks-5ysLQg1Z7QHERkaa-XU5K0Q-t1080x1080.jpg,RUN (Now If You Can),L-210,Quack: DUCK (shady),2025-05-19 05:33,"BANJOsutra, BLOWsutra, BLOWsutra : REVOLT (now), BLUESsutra, FOLKsutra"
Second Hand Smoke (of) Arrogant Hearts - BLOWsutra EGO Therapy EPx6,https://soundcloud.com/bananasutra/sets/second-hand-smoke-of-arrogant-hearts-blowsutra-ego-therapy-epx6,checked,,"A 17-minute ride of ego in the mirror, across 6 tracks. You didn't start the fire. You're still choking. The sound: banjo, burlesque, and dub. Ego, meet your reflection.",0:17:53,BLOWsutra,1,6,4688,50,"BANJO,BURLESQUE,DUB,INDIE,LOFI,MANTRA","BANJO,BURLESQUE,DUB,GIPSY,INDIE,LOFI,MANTRA,SOUL,TRIP HOP",,https://i1.sndcdn.com/artworks-Tee0LuKXPZj5MLJY-pyJfiA-t500x500.png,https://i1.sndcdn.com/artworks-Tee0LuKXPZj5MLJY-pyJfiA-t1080x1080.png,Arrogant Hearts (Second Hand Smoke),L-18,Speak: EGO (gone loco),2025-11-06 23:12,"BANJOsutra, BLOWsutra, BLOWsutra : EGO (gone loco), BLUESsutra, LOFIsutra, LOFIsutra (Best Of), MANTRAsutra, MANTRAsutra (Best Of)"
Secret de Polichinelle 🎪 French EPx10 🎪 KNOWsutra Psychedelic Gipsy Circus,https://soundcloud.com/bananasutra/sets/secret-de-polichinelle-french-epx10-knowsutra-psychedelic-gipsy-circus,checked,,"A 10-track dark bloom that stays wide awake through the circus. Chut. Fais semblant de ne pas voir. Le roi est nu. Tout le monde le sais. Personne ne le dit. (C'est un secret de Polichinelle, comme on dit chez nous.) Burlesque, indie, and jazz grooves from end to end. En français, évidemment. Uncensored. Obviously.",0:35:11,BLOWsutra,1,10,5404,53,"BURLESQUE,INDIE,JAZZ","BURLESQUE,GIPSY,INDIE,JAZZ,PSYCHEDELIC",,https://i1.sndcdn.com/artworks-xr4XjkoXh1PH9F6I-IQ3wCQ-t500x500.png,https://i1.sndcdn.com/artworks-xr4XjkoXh1PH9F6I-IQ3wCQ-t1080x1080.png,Secret De Polichinelle,L-212,"Speak: CENSOR(ed),World: FRENCHsutra",2025-11-11 23:41,"BURLESQUEsutra, BURLESQUEsutra (Best Of), FRENCHsutra oui oui · sacrebleu, OUI OUI : Pardon (my French)"
Segggsting • SHOWsutra EPx6 • French Burlesque Jazz Cabaret,https://soundcloud.com/bananasutra/sets/segggsting-showsutra-epx6-burlesque-jazz-cabaret,checked,,"6 tracks of sacred fooling. Segsting — c'est pas du s3xe, mais c'est presque aussi bien. Parfois mieux. Un cheeky cabaret romp en français. Bo Burnham walked in and stayed. En français, évidemment. Where trust gets tender.",0:21:22,SHOWsutra,1,6,1240,6,"BANJO,BURLESQUE,JAZZ","BANJO,BURLESQUE,CABARET,JAZZ",,https://i1.sndcdn.com/artworks-ysjQ1M8gFBitUZAA-QR72zg-t500x500.png,https://i1.sndcdn.com/artworks-ysjQ1M8gFBitUZAA-QR72zg-t1080x1080.png,Segggsting,L-213,"Trust: WET (my friend),World: FRENCHsutra",2025-07-22 05:12,"BANJOsutra, BURLESQUEsutra, FRENCHsutra oui oui · sacrebleu, INDIEsutra, JAZZsutra, LOFIsutra, SHOWsutra where bananas play"
Seminal Bollocks - Merry Psychedelic GROWsutra (God Etc.) EPx10,https://soundcloud.com/bananasutra/sets/seminal-bollocks-merry-psychedelic-growsutra-god-etc-epx10,checked,,"A 10-track shadow-walk that dances where gods fear to tread. Who fact-checked the prophets? (Nobody's answering.) Channeling Nina Hagen, obviously. This is Vol. 2—the saga deepens. One of the heavier hitters: 9k+ plays.",0:36:45,GROWsutra,2,10,9143,76,"BURLESQUE,FOLK,INDIE,LOFI,ROCK","BURLESQUE,COUNTRY,FADO,FOLK,GIPSY,INDIE,LOFI,PSYCHEDELIC,PUNK,ROCK",,https://i1.sndcdn.com/artworks-WZTqldC4Qw8BIhVK-eZYyAA-t500x500.png,https://i1.sndcdn.com/artworks-WZTqldC4Qw8BIhVK-eZYyAA-t1080x1080.png,Seminal Bollocks,L-214,Dare: GOD (etc.),2025-12-26 06:19,"BURLESQUEsutra, BURLESQUEsutra (Best Of), FOLKsutra, GROWsutra : GOD (etc), GROWsutra where we be brave, INDIEsutra, LOFIsutra, LOFIsutra (Best Of), ROCKsutra"
Seminal Bollocks EP,https://soundcloud.com/bananasutra/sets/seminal-bollocks-ep,checked,,"2 rock tracks for the ones who still give a damn. Who fact-checked the prophets? (Nobody's answering.) With a wink to Nina Hagen. Holy questions, no holy answers.",0:05:05,GROWsutra,1,2,579,10,ROCK,ROCK,,https://i1.sndcdn.com/artworks-Ik066z1d2sgR1wBb-CC1jVQ-t500x500.jpg,https://i1.sndcdn.com/artworks-Ik066z1d2sgR1wBb-CC1jVQ-t1080x1080.jpg,Seminal Bollocks,L-214,Dare: GOD (etc.),2024-12-21 05:40,"DUBsutra, GROWsutra : GOD (etc), INDIEsutra, KNOWsutra where questions matter, Questions for the (kind) POPE in the Sky, ROCKsutra, SINGLEsutra Exclusive SoundCloud (woo)"
Serial BLOWerrr ✰ RAGGA DUBsutra,https://soundcloud.com/bananasutra/sets/serial-blowerrr,checked,,7 tracks of circus critique. Power. Gender. Color. Favors. Why are we still asking the same questions? The sound: dub. The apes are at it again.,0:23:25,BLOWsutra,1,7,1519,15,DUB,"DUB,FLAMENCO,RAGGA",,https://i1.sndcdn.com/artworks-L6YErpavAldzq4cD-HRzVlg-t500x500.png,https://i1.sndcdn.com/artworks-L6YErpavAldzq4cD-HRzVlg-t1080x1080.png,Serial Blowers,L-216,Speak: APES (gone wrong),2025-01-31 13:03,"BLOWsutra, BLOWsutra : APES (gone wrong), DUBsutra, QUACKsutra where we sing FU"
Shades of Fools EPx9,https://soundcloud.com/bananasutra/sets/shades-of-fools-epx9,checked,,9 tracks of gleeful absurdity. We're all fools on show. The question is what shade. Banjo grooves from end to end. Because why not ask why.,0:26:00,KNOWsutra,1,9,1745,16,BANJO,"BANJO,RAGGA",,https://i1.sndcdn.com/artworks-vmrDjbUos6J6FBAc-PCByYA-t500x500.png,https://i1.sndcdn.com/artworks-vmrDjbUos6J6FBAc-PCByYA-t1080x1080.png,Shady Fools,L-218,Ask: But(t) WHY,2025-02-25 03:59,"BANJOsutra, BLUESsutra, BURLESQUEsutra, GROWsutra where we be brave, INDIEsutra, KNOWsutra where questions matter, ROCKsutra, SHOWsutra: (shades of) FOOLS"
Shady Fools (Oh Can’t You See?) • Vol. 2 EPx9 • BLOWsutra Ego Gone Loco LoFi Burlesque,https://soundcloud.com/bananasutra/sets/shady-fools-oh-cant-you-see-vol-2-epx9-blowsutra-ego-gone-loco-lofi-burlesque,checked,,"A 9-track luminous ride that wears the fool's crown with pride. We're all fools on show. The question is what shade. Served in burlesque, dub, and folk. This is Vol. 2—the saga deepens. Because why not ask why.",0:29:15,BLOWsutra,2,9,1817,21,"BURLESQUE,DUB,FOLK,INDIE,LOFI,ROCK","BURLESQUE,DUB,FADO,FOLK,HIP HOP,INDIE,LOFI,PSYCHEDELIC,ROCK",,https://i1.sndcdn.com/artworks-3Pm91yJCMrEECvrj-EP3ozg-t500x500.png,https://i1.sndcdn.com/artworks-3Pm91yJCMrEECvrj-EP3ozg-t1080x1080.png,Shady Fools,L-218,Ask: But(t) WHY,2025-11-22 01:27,"BLOWsutra, BURLESQUEsutra, INDIEsutra, LOFIsutra, ROCKsutra"
Sidération - Spoken Words Intro - EPx3 VOL. 1 of 4,https://soundcloud.com/bananasutra/sets/sideration-spoken-words-intro-epx3-vol-1-of-4,checked,,A 3-track dark bloom that goes where the music leads. Sidération: when something is so absurd your brain just freezes. Like your soul slipped on a banana peel. The sound: lo-fi. Revolution as a daily practice.,0:09:55,BLOWsutra,1,3,515,2,LOFI,LOFI,,https://i1.sndcdn.com/artworks-lf1lRd9pToH4z1il-dFOkVA-t500x500.png,https://i1.sndcdn.com/artworks-lf1lRd9pToH4z1il-dFOkVA-t1080x1080.png,Sidération,L-223,"Speak: REVOLT (now),EP: Sidération",2025-05-26 00:35,"BLOWsutra : REVOLT (now), LOFIsutra, MANTRAsutra, Playlist Sidération Gone Bananas x29, QUACKsutra where we sing FU"
Sidération - The Sky Stood Still - EPx6 VOL. 2 of 4,https://soundcloud.com/bananasutra/sets/sideration-the-sky-stood-still-epx6-vol-2-of-4,checked,,"6 jazz tracks steeped in equal parts fury and love. The sky stood still. The oath was mocked. The bible dropped. And we stood, turned to stone. Volume 2 hits different. Revolution as a daily practice.",0:18:19,BLOWsutra,2,6,2025,21,JAZZ,JAZZ,,https://i1.sndcdn.com/artworks-gwDy1gyG7fsttlqv-odJ2KA-t500x500.png,https://i1.sndcdn.com/artworks-gwDy1gyG7fsttlqv-odJ2KA-t1080x1080.png,Sidération (The Sky Stood Still),L-224,"Speak: REVOLT (now),EP: Sidération",2025-05-26 00:39,"BLOWsutra, BLOWsutra : REVOLT (now), BLUESsutra, BURLESQUEsutra, JAZZsutra, MANTRAsutra, Playlist Sidération Gone Bananas x29, QUACKsutra where we sing FU"
Sidération Blues - A Song of Wrong - EPx7 Vol 3 of 4,https://soundcloud.com/bananasutra/sets/sideration-blues-a-song-of-wrong-epx7-vol-3-of-4,checked,,"A 7-track dark bloom that goes where the music leads. Sidération's in the marrow, where deep breaths forget to grow. This is a song that sings of wrong. The sound: blues. Vol. 3, because one wasn't enough. Revolution as a daily practice.",0:23:24,BLOWsutra,3,7,3352,30,BLUES,BLUES,,https://i1.sndcdn.com/artworks-m0yZE3BD5czpTSpy-yzAs5A-t500x500.png,https://i1.sndcdn.com/artworks-m0yZE3BD5czpTSpy-yzAs5A-t1080x1080.png,Sidération Blues,L-225,"Speak: REVOLT (now),EP: Sidération",2025-05-26 00:46,"BLUESsutra, Playlist Sidération Gone Bananas x29, QUACKsutra where we sing FU"
Sidération's Calling - White House's Burning - EPx13 Vol 4 of 4,https://soundcloud.com/bananasutra/sets/siderations-calling-white-houses-burning-epx13-vol-4-of-4,checked,,"A solid half-hour of truth with teeth, across 13 tracks. White House's burning, no alarm. The new normal is illegal. Sidération's calling. The sound: lo-fi. Vol. 4, because one wasn't enough. Revolution as a daily practice.",0:36:35,BLOWsutra,4,13,3989,23,LOFI,"LOFI,RAGGA",,https://i1.sndcdn.com/artworks-58HtMVlI0dnLHSez-V8vJyA-t500x500.png,https://i1.sndcdn.com/artworks-58HtMVlI0dnLHSez-V8vJyA-t1080x1080.png,Sidération's Calling,L-226,"Speak: REVOLT (now),EP: Sidération",2025-05-26 01:01,"BLOWsutra : REVOLT (now), BURLESQUEsutra, DUBsutra, LOFIsutra, Playlist Sidération Gone Bananas x29, QUACKsutra where we sing FU"
Sing Your Own Gospel • Vol. 2 EPx7 • GROWsutra (God · Etc) Revolutionary Gipsy JAZZ,https://soundcloud.com/bananasutra/sets/sing-your-own-gospel-vol-2-epx7-growsutra-god-etc-revolutionary-gipsy-jazz,checked,,"7 blues, folk, and indie tracks built on nerve and a prayer. Don't look for God in a book. It's in the music. Ralph Waldo Emerson walked in and stayed. One of the heavier hitters: 6k+ plays. Holy questions, no holy answers.",0:21:46,GROWsutra,1,7,6394,94,"BLUES,FOLK,INDIE,JAZZ","BLUES,FOLK,GIPSY,INDIE,JAZZ",,https://i1.sndcdn.com/artworks-kWzeemU5Sy6IEyqW-Ipy4sA-t500x500.png,https://i1.sndcdn.com/artworks-kWzeemU5Sy6IEyqW-Ipy4sA-t1080x1080.png,Sing Your Own Gospel,L-227,Dare: GOD (etc.),2026-01-04 05:10,"BLUESsutra, FOLKsutra, GROWsutra : GOD (etc), GROWsutra where we be brave, JAZZsutra, JAZZsutra (Best Of)"
So · What Is Racism • EPx9 Vol. 2 • KNOWsutra Gipsy Jazz + LoFi,https://soundcloud.com/bananasutra/sets/so-what-is-racism-knowsutra-jazz-lofi-epx9-vol2,checked,,"A solid half-hour of truth with teeth, across 9 tracks. So, what is racism? (It's in the jokes when the room gets quiet.) The sound: jazz and lo-fi. Vol. 2, because one wasn't enough. The naked truth, served warm.",0:29:01,KNOWsutra,2,9,7538,67,"JAZZ,LOFI","GIPSY,JAZZ,LOFI",,https://i1.sndcdn.com/artworks-NK0wy8xSKMBP4LSI-DlE3WA-t500x500.png,https://i1.sndcdn.com/artworks-NK0wy8xSKMBP4LSI-DlE3WA-t1080x1080.png,"So, What Is Racism?",L-228,Ask: (Naked) TRUTH,2026-03-27 04:14,"JAZZsutra, JAZZsutra (Best Of), KNOWsutra where questions matter, LOFIsutra, LOFIsutra (Best Of)"
So · What Is Racism? KNOWsutra Gone Banana EPx17,https://soundcloud.com/bananasutra/sets/so-what-is-racism-knowsutra-gone-banana-epx17,checked,,"17 tracks of truth with teeth. So, what is racism? (It's in the jokes when the room gets quiet.) Banjo, blues, and dub grooves from end to end. Over 16k plays and counting—clearly something landed. The naked truth, served warm.",0:52:18,KNOWsutra,1,17,16683,173,"BANJO,BLUES,DUB,FOLK,JAZZ,LOFI","BANJO,BLUES,DUB,FOLK,GIPSY,JAZZ,LOFI,RAGGA",,https://i1.sndcdn.com/artworks-2Y1pH6yfxZuC4LKe-PWzeJA-t500x500.png,https://i1.sndcdn.com/artworks-2Y1pH6yfxZuC4LKe-PWzeJA-t1080x1080.png,"So, What Is Racism?",L-228,Ask: (Naked) TRUTH,2025-10-05 01:34,"BLUESsutra, BLUESsutra (Best Of), DUBsutra, DUBsutra (Best Of), JAZZsutra, JAZZsutra (Best Of), KNOWsutra : but(t) WHY, KNOWsutra where questions matter"
some songs are more fun than others EP x8 ∞,https://soundcloud.com/bananasutra/sets/some-songs-are-more-fun-than-others-ep,checked,,A 8-track luminous ride that takes nothing seriously except joy. Some songs are more fun than others. This is one of those. With a wink to Dr Seuss. Be the fool worth being.,0:23:33,SHOWsutra,1,8,1853,31,JAZZ,JAZZ,,https://i1.sndcdn.com/artworks-nykdkPQFrFTjZX28-gv5jEA-t500x500.jpg,https://i1.sndcdn.com/artworks-nykdkPQFrFTjZX28-gv5jEA-t1080x1080.jpg,Some Songs Are More Fun Than Others,L-229,Play: (Be) The Fool,2024-12-25 05:23,"BURLESQUEsutra, DUBsutra, JAZZsutra, SHOWsutra : FANANA Club, SHOWsutra where bananas play"
Some Truths (Are Harder to Swallow) EPx7,https://soundcloud.com/bananasutra/sets/some-truths-are-harder-to-swallow-epx7,checked,,"7 tracks of raw sense-making. Some truths are harder to swallow. But they go down easier as a song. A nod to Carl Sagan. The naked truth, served warm.",0:21:48,KNOWsutra,1,7,1195,7,"BLUES,INDIE,LOFI","BLUES,INDIE,LOFI",,https://i1.sndcdn.com/artworks-SUUIsI7woB0IboJy-gnp3pA-t500x500.jpg,https://i1.sndcdn.com/artworks-SUUIsI7woB0IboJy-gnp3pA-t1080x1080.jpg,Some Truths Are Harder to Swallow,L-230,Ask: (Naked) TRUTH,2024-12-24 20:25,"BLOWsutra : CENSOR(ed), BURLESQUEsutra, GROWsutra where we be brave, JAZZsutra, ROCKsutra, SHOWsutra where bananas play"
Spit Back The Lies • BLOWsutra (Revolution Ring) EPx20,https://soundcloud.com/bananasutra/sets/spit-back-the-lies-blowsutra-epx20,checked,,"Nearly an hour of structural outrage, across 20 tracks. They built a house of hollow prayers... Time to spit back the lies. Aleksandr Solzhenitsyn walked in and stayed. One of the heavier hitters: 14k+ plays. Revolution as a daily practice.",0:57:42,BLOWsutra,1,20,14581,141,"BANJO,BLUES,BURLESQUE,DUB,FOLK,INDIE,LOFI,ROCK","BANJO,BLUES,BURLESQUE,DUB,FLAMENCO,FOLK,GIPSY,HIP HOP,INDIE,LOFI,PSYCHEDELIC,PUNK,ROCK",,https://i1.sndcdn.com/artworks-qXPEntVNqNX60KsD-pPXHNg-t500x500.png,https://i1.sndcdn.com/artworks-qXPEntVNqNX60KsD-pPXHNg-t1080x1080.png,Spit Back the Lies,L-232,Speak: REVOLT (now),2026-03-06 00:52,"BLOWsutra, BLUESsutra, BLUESsutra (Best Of), DUBsutra, INDIEsutra, INDIEsutra (Best Of), LOFIsutra, LOFIsutra (Best Of), ROCKsutra"
SS Means Sacred Sp3rm ☠ BLOWsutra EPx19,https://soundcloud.com/bananasutra/sets/ss-means-sacred-sp3rm-blowsutra-epx19,checked,,"19 tracks of circus critique. A true crime story, happening now in Murica. Served in burlesque, folk, and indie. Quack quack. You know who you are.",1:02:31,QUACKsutra,1,19,4003,38,"BURLESQUE,FOLK,INDIE,JAZZ,ROCK","BURLESQUE,FOLK,INDIE,JAZZ,ROCK",,https://i1.sndcdn.com/artworks-Ewv6TYyznUIgQm3O-4hTy5Q-t500x500.png,https://i1.sndcdn.com/artworks-Ewv6TYyznUIgQm3O-4hTy5Q-t1080x1080.png,SS Means Sacred Sp3rm,L-233,Quack: DUCK (shady),2025-06-28 21:33,"BLOWsutra, BLOWsutra : CENSOR(ed), BLUESsutra, BURLESQUEsutra, FOLKsutra, INDIEsutra, JAZZsutra, LOFIsutra, MANTRAsutra, ROCKsutra"
Stymied Felon goes Stymy Stymy Yuck Encore - Freee Bonus EPx2 VOL.02,https://soundcloud.com/bananasutra/sets/stymied-felon-goes-stymy-stymy-yuck-encore-freee-bonus-epx2-vol02,checked,,"2 lo-fi tracks for the ones who still give a damn. Stymy. Bleh. Yuck. Sometimes politics only has one syllable. Or two, or five, like that Shimy Shimy Yeah song. You know? Volume 2 hits different. Quack quack. You know who you are.",0:05:48,QUACKsutra,2,2,426,4,LOFI,"LOFI,HIP HOP",,https://i1.sndcdn.com/artworks-MnjuWCHszuAJt8sg-DJvk4g-t500x500.png,https://i1.sndcdn.com/artworks-MnjuWCHszuAJt8sg-DJvk4g-t1080x1080.png,Stymy Stymy Yuck,L-234,Quack: DUCK (shady),2025-04-22 19:11,"BLOWsutra, DUBsutra, QUACKsutra : DUCK (shady), QUACKsutra where we sing FU"
Stymy Stymy Yuck : A Story of Old Bastards - EPx5 VOL.1 - DUBsutra,https://soundcloud.com/bananasutra/sets/stymy-stymy-yuck-a-story-of-old-bastards-epx5-vol1-dubsutra,checked,,"A quick 15-minute burst of circus critique, across 5 tracks. Stymy. Bleh. Yuck. Sometimes politics only has one syllable. Or two, or five, like that Shimy Shimy Yeah song. You know? Dub and lo-fi grooves from end to end. Quack quack. You know who you are.",0:15:19,QUACKsutra,1,5,1285,17,"DUB,LOFI","DUB,LOFI",,https://i1.sndcdn.com/artworks-Mec8nBlPvyM8XXLn-dyCagw-t500x500.jpg,https://i1.sndcdn.com/artworks-Mec8nBlPvyM8XXLn-dyCagw-t1080x1080.jpg,Stymy Stymy Yuck,L-234,Quack: DUCK (shady),2025-04-11 01:30,"BLOWsutra, DUBsutra, KNOWsutra where questions matter, LOFIsutra, QUACKsutra : DUCK (shady), QUACKsutra where we sing FU"
Sutra of Immanence - FLOWsutra Dog Poetry - Jazz & Dub EPx3,https://soundcloud.com/bananasutra/sets/sutra-of-immanence-flowsutra-dog-poetry-jazz-dub-epx3,checked,,"3 tracks of gratitude with grit. The sacred is scruffy. The holy wears fur. The prophets are playful. And god lives in the tail wag. The sound: dub and jazz. Fly like water, land like truth.",0:08:18,FLOWsutra,1,3,573,10,"DUB,JAZZ","DUB,JAZZ",,https://i1.sndcdn.com/artworks-NVoSzyd2p5Cnj9Qz-g4JRiQ-t500x500.png,https://i1.sndcdn.com/artworks-NVoSzyd2p5Cnj9Qz-g4JRiQ-t1080x1080.png,Sutra of Immanence,L-236,Trust: FLY (like water),2025-06-06 12:12,"BOWsutra : (Thank) Dogs, DUBsutra, FLOWsutra where time is space, JAZZsutra"
SynthemaSutra ♆ SHOWsutra Banana EPx8,https://soundcloud.com/bananasutra/sets/synthemasutra-showsutra-banana-epx8,checked,,"8 tracks of questions that won't quit. All seven sutras, as if they were good old greek synthemas. Timeless philosophy in motion. Served in burlesque, dub, and indie. Welcome to the Fanana club.",0:34:03,SHOWsutra,1,8,2613,27,"BURLESQUE,DUB,INDIE,LOFI,ROCK","BURLESQUE,DUB,FLAMENCO,INDIE,LOFI,PSYCHEDELIC,PUNK,ROCK,SOUL",,https://i1.sndcdn.com/artworks-yoEMRKS82rZVyqki-15yXGg-t500x500.png,https://i1.sndcdn.com/artworks-yoEMRKS82rZVyqki-15yXGg-t1080x1080.png,SynthemaSutra,L-237,Play: FANANA (party),2025-11-25 08:59,"BURLESQUEsutra, DUBsutra, INDIEsutra, LOFIsutra, ROCKsutra, SHOWsutra : B.J. (is for Banana Jesters), SHOWsutra where bananas play"
Tell The Truth (encore) KNOWsutra EPx9 Vol. 04,https://soundcloud.com/bananasutra/sets/tell-the-truth-encore-knowsutra-epx9-vol-04,checked,,"A solid half-hour of raw sense-making, across 9 tracks. Tell the truth. Even when it's inconvenient. Especially then. Served in banjo, blues, and rock. This is Vol. 3—the saga deepens. Over 10k plays and counting—clearly something landed.",0:37:21,KNOWsutra,3,9,10514,186,"BANJO,BLUES,ROCK","BANJO,BLUES,PSYCHEDELIC,ROCK",,https://i1.sndcdn.com/artworks-64Uv99JMUudNjTVz-iC67zQ-t500x500.png,https://i1.sndcdn.com/artworks-64Uv99JMUudNjTVz-iC67zQ-t1080x1080.png,Tell The Truth,L-239,Ask: (Naked) TRUTH,2025-11-02 03:28,"BLUESsutra, BLUESsutra (Best Of), BURLESQUEsutra, KNOWsutra : (naked) TRUTH, KNOWsutra where questions matter, ROCKsutra"
Tell the Truth EP x4 BLUESsutra,https://soundcloud.com/bananasutra/sets/tell-the-truth-ep-x4-bluessutra,checked,,"5 banjo, blues, and jazz tracks dripping with uncomfortable truths. Tell the truth. Even when it's inconvenient. Especially then. This is Vol. 2—the saga deepens. The naked truth, served warm.",0:18:54,KNOWsutra,2,5,1295,21,"BANJO,BLUES,JAZZ","BANJO,BLUES,JAZZ",,https://i1.sndcdn.com/artworks-1orEckq5nx9HrqGz-OMASFw-t500x500.jpg,https://i1.sndcdn.com/artworks-1orEckq5nx9HrqGz-OMASFw-t1080x1080.jpg,Tell The Truth,L-239,Ask: (Naked) TRUTH,2025-01-22 11:10,"BANJOsutra, BLUESsutra, GROWsutra where we be brave, INDIEsutra, JAZZsutra, KNOWsutra : (naked) TRUTH, KNOWsutra where questions matter"
Thank you · Mister Paine - American Accountability Revolution Blues EPx3,https://soundcloud.com/bananasutra/sets/thank-you-mister-paine-american-accountability-revolution-blues-epx3,checked,,"A 3-track bright spell that says thank you with its whole chest. A body of men accountable to nobody ought not to be trusted by anybody.' — Thomas Paine. Thank you, Mister Paine. Channeling Thomas Paine, obviously. Revolution as a daily practice.",0:11:47,BLOWsutra,1,3,858,14,BLUES,BLUES,,https://i1.sndcdn.com/artworks-u5pewrASgTDY7LtN-z0b1TA-t500x500.png,https://i1.sndcdn.com/artworks-u5pewrASgTDY7LtN-z0b1TA-t1080x1080.png,"Thank you, Mister Paine",L-240,Speak: REVOLT (now),2025-06-06 11:12,"BLOWsutra : REVOLT (now), BLUESsutra, QUACKsutra where we sing FU"
The Accordion of Ignorance EP X4,https://soundcloud.com/bananasutra/sets/the-accordion-of-ignorance-ep-x4,checked,,4 tracks of political puke. The accordion of ignorance plays itself louder the more you pull it open. With a wink to Jacques Brel. FOTUS rhymes with anus. Coincidence?,0:15:49,QUACKsutra,1,4,702,7,FOLK,FOLK,,https://i1.sndcdn.com/artworks-ppd320RXiIyfcazy-2Vw1DA-t500x500.png,https://i1.sndcdn.com/artworks-ppd320RXiIyfcazy-2Vw1DA-t1080x1080.png,The Accordion of Ignorance,L-242,Quack: FOTUS Circus,2024-12-11 21:36,"BLOWsutra, BLOWsutra : APES (gone wrong), BLUESsutra, BURLESQUEsutra, FOLKsutra"
The Atheist Tango • Vol. 2 EPx12  •  GROWsutra (God · Etc) Conscious Gipsy LoFi Burlesque Jazz,https://soundcloud.com/bananasutra/sets/the-atheist-tango-vol-2-epx12-growsutra-god-etc-conscious-gipsy-lofi-burlesque-jazz,checked,,"12 burlesque, jazz, and lo-fi tracks for the ones who still give a damn. Who needs a sky full of gods when you've got a tango? Inspired by Ralph Waldo Emerson. This is Vol. 2—the saga deepens. Over 14k plays and counting—clearly something landed.",0:39:26,GROWsutra,2,12,14059,155,"BURLESQUE,JAZZ,LOFI","BURLESQUE,GIPSY,JAZZ,LOFI",,https://i1.sndcdn.com/artworks-eYKRlb3V6IdPR1u7-GGSyjw-t500x500.png,https://i1.sndcdn.com/artworks-eYKRlb3V6IdPR1u7-GGSyjw-t1080x1080.png,The Atheist Tango,L-243,Dare: GOD (etc.),2026-01-09 06:56,"BURLESQUEsutra, GROWsutra : GOD (etc), GROWsutra where we be brave, JAZZsutra, JAZZsutra (Best Of), LOFIsutra, LOFIsutra (Best Of)"
The Conquest of Happiness (according to Bertrand Russel) ☰ 2 Songs EPx10 ☰ KNOWsutra,https://soundcloud.com/bananasutra/sets/the-conquest-of-happiness-according-to-bertrand-russel-2-songs-epx10-knowsutra,checked,,10 tracks of curious reckoning. The happiness they sold you was a tango with the wrong partner on your shoulder. With a wink to Bertrand Russell. Bertrand would approve. Probably.,0:44:45,KNOWsutra,1,10,4679,50,"BURLESQUE,FOLK,INDIE,JAZZ,MANTRA","BURLESQUE,FOLK,INDIE,JAZZ,MANTRA",,https://i1.sndcdn.com/artworks-mzPTVVzYjzKf5bIY-HeAycA-t500x500.png,https://i1.sndcdn.com/artworks-mzPTVVzYjzKf5bIY-HeAycA-t1080x1080.png,,"L-393,L-244",Ask: BERTRAND (knows),2025-11-16 04:20,"BURLESQUEsutra, FOLKsutra, GROWsutra where we be brave, INDIEsutra, JAZZsutra, KNOWsutra : BERTRAND (mon chéri), MANTRAsutra"
The Dystopian Quiz Song ★ EPx15 ★ Acoustic SOULsutra,https://soundcloud.com/bananasutra/sets/the-dystopian-quiz-song-epx15-acoustic-soulsutra,checked,,15 tracks of raw sense-making. Take the quiz. Is your world a circus or a dystopia? (Trick question.) With a wink to George Orwell. Uncensored. Obviously.,0:46:20,BLOWsutra,1,15,2970,14,"BLUES,BURLESQUE,JAZZ,MANTRA","ACOUSTIC,BLUES,BURLESQUE,JAZZ,MANTRA",,https://i1.sndcdn.com/artworks-jQRym0eZpol8JOvs-sUKVsw-t500x500.png,https://i1.sndcdn.com/artworks-jQRym0eZpol8JOvs-sUKVsw-t1080x1080.png,The Dystopian Quiz Song,L-246,Speak: CENSOR(ed),2025-04-18 20:27,"BANJOsutra, BLOWsutra : APES (gone wrong), BLUESsutra, BURLESQUEsutra, FOLKsutra, FOTUS CIRCUS Playlist An American Freaks Show, GROWsutra where we be brave, INDIEsutra, JAZZsutra, MANTRAsutra, QUACKsutra where we sing FU"
The Echo Song ☭ Russian EPx3 ☭ Gipsy BLOWsutra LoFi Blues (Vladimir Vysotsky Cover),https://soundcloud.com/bananasutra/sets/the-echo-song-russian-epx3-gipsy-blowsutra-lofi-blues-vladimir-vysotsky-cover,checked,,"3 banjo, blues, and indie tracks that won't let you look away. A friend of mine asserted that this song, by Soviet singer-songwriter and poet Vladimir #vysotsky is “a perfect song”. Vladimir Vysotsky walked in and stayed. Revolution as a daily practice.",0:09:40,BLOWsutra,1,3,2707,32,"BANJO,BLUES,INDIE,LOFI","BANJO,BLUES,GIPSY,INDIE,LOFI,PSYCHEDELIC",,https://i1.sndcdn.com/artworks-acFrdgqIA6o30Zzp-mlZM9A-t500x500.png,https://i1.sndcdn.com/artworks-acFrdgqIA6o30Zzp-mlZM9A-t1080x1080.png,The Echo Song (Russian Edition),L-392,"World: RUSSIANsutra,Speak: REVOLT (now)",2025-10-25 08:16,"BLOWsutra : REVOLT (now), BLUESsutra, BLUESsutra (Best Of), LOFIsutra, WORLDsutra : Russian(ish)"
The Echo Song Song ☭ Vladimir Vysotsky - EPx6  English Cover ☭ BLOWsutra Gipsy Trip Hop Trip,https://soundcloud.com/bananasutra/sets/the-echo-song-song-vladimir-vysotsky-epx6-english-cover-blowsutra-gipsy-trip-hop-trip,checked,,"6 tracks of unapologetic peace. Even the mountains echo the sounds of war. Nobody listens. Channeling Vladimir Vysotsky, obviously. Volume 2 hits different. Revolution as a daily practice.",0:18:46,BLOWsutra,2,6,3528,30,"BURLESQUE,DUB,FOLK,INDIE,LOFI","BURLESQUE,DUB,FOLK,GIPSY,INDIE,LOFI,PSYCHEDELIC,TRIP HOP",,https://i1.sndcdn.com/artworks-csa1LSOJaNbx8eWJ-OVqzHA-t500x500.png,https://i1.sndcdn.com/artworks-csa1LSOJaNbx8eWJ-OVqzHA-t1080x1080.png,The Echo Song,L-247,Speak: REVOLT (now),2025-10-27 04:02,"BLOWsutra, BLOWsutra : REVOLT (now), BURLESQUEsutra, DUBsutra, DUBsutra (Best Of), INDIEsutra, LOFIsutra"
The Great Naked King • SHOWsutra Psychedelick Fools Cabaret EPx30,https://soundcloud.com/bananasutra/sets/the-great-naked-king-showsutra-epx30,checked,checked,"Thirty tracks of holy fooling around, anchored in the oldest trick in the book: the crowd convinced that what it cannot see is proof of its own unworthiness. Andersen wrote the parable in 1837. Chaplin filmed it in 1940. Banana sings it now, across flamenco techno, French tango jazz, gipsy burlesque, and Americana blues. Laughter as the seriousness that has nothing left to lose; be the great fool worth being.",1:46:12,SHOWsutra,1,30,24961,282,"BANJO,BLUES,BURLESQUE,INDIE,JAZZ,LOFI","BANJO,BLUES,BURLESQUE,CABARET,FADO,FLAMENCO,GIPSY,HIP HOP,INDIE,JAZZ,LOFI",,https://i1.sndcdn.com/artworks-QRaUbtlHanDIuOON-8Hr9pg-t500x500.png,https://i1.sndcdn.com/artworks-QRaUbtlHanDIuOON-8Hr9pg-t1080x1080.png,The Great Naked King,L-250,Play: (Be) The Fool,2026-04-01 23:37,"BLUESsutra, BURLESQUEsutra, BURLESQUEsutra (Best Of), INDIEsutra, JAZZsutra, JAZZsutra (Best Of), LOFIsutra, LOFIsutra (Best Of), SHOWsutra where bananas play"
The Invisible Man in the Sky (a song inspired by George Carlin) EPx8 VOL.01,https://soundcloud.com/bananasutra/sets/the-invisible-man-in-the-sky-a-song-inspired-by-george-carlin-epx8-vol01,checked,,"8 tracks of holy doubt. The invisible man in the sky: a character study. With a wink to George Carlin. Holy questions, no holy answers.",0:20:53,GROWsutra,1,8,1428,13,"BURLESQUE,DUB,LOFI","BURLESQUE,DUB,LOFI",,https://i1.sndcdn.com/artworks-X3sSPUgbNbib2XW8-7bIcSQ-t500x500.png,https://i1.sndcdn.com/artworks-X3sSPUgbNbib2XW8-7bIcSQ-t1080x1080.png,The Invisible Man In The Sky,L-251,Dare: GOD (etc.),2025-04-13 23:17,"BLUESsutra, BURLESQUEsutra, FOLKsutra, GROWsutra : GOD (etc), GROWsutra where we be brave, LOFIsutra, Questions for the (kind) POPE in the Sky, ROCKsutra"
The Love of a Dove ☩ EPx18 ☩ GROWsutra Peace Fusion Prayer,https://soundcloud.com/bananasutra/sets/the-love-of-a-dove-epx18-growsutra-peace-fusion-prayer,checked,,"A 18-track bright spell that practices kindness like a contact sport. Love rising above bloody ashes. The dove's stubbornest trick. Blues, dub, and folk grooves from end to end. A fan favorite: 13k+ plays deep. The peace prayer that won't shut up.",0:55:13,GROWsutra,1,18,13511,161,"BLUES,DUB,FOLK,INDIE","BLUES,DUB,FADO,FOLK,INDIE,PSYCHEDELIC,RAGGA,SOUL",,https://i1.sndcdn.com/artworks-JAgkPz4F7h0eq74Z-njbS5Q-t500x500.png,https://i1.sndcdn.com/artworks-JAgkPz4F7h0eq74Z-njbS5Q-t1080x1080.png,The Love of A Dove,L-252,Ask: PEACE (not war),2025-10-06 08:08,"BLUESsutra, BLUESsutra (Best Of), DUBsutra, DUBsutra (Best Of), FOLKsutra, GROWsutra where we be brave, INDIEsutra, INDIEsutra (Best Of), KNOWsutra : PEACE (not War)"
The Sound Of Logic • KNOWsutra Psychedelick LoFi DUB EPx27,https://soundcloud.com/bananasutra/sets/the-sound-of-logic-knowsutra-dub-epx27,,,"Over an hour of naked truth, across 27 tracks. Acoustic or algorithmic? Human or harmonic? Is it chaos or logic? Bananasutra speaks... Lo-fi and dub grooves from end to end. Because why not ask why.",1:51:06,KNOWsutra,,27,4028,27,"LOFI,DUB","LOFI,DUB",,https://i1.sndcdn.com/artworks-iTMnLbPUyo5PZgb5-Yvmp6g-t500x500.png,https://i1.sndcdn.com/artworks-iTMnLbPUyo5PZgb5-Yvmp6g-t1080x1080.png,The Sound Of Logic,L-380,Ask: But(t) WHY,2026-05-03 01:05,KNOWsutra where questions matter
There's No Prayer Like Desire • KNOWsutra But(t) Why EPx4,https://soundcloud.com/bananasutra/sets/theres-no-prayer-like-desire-knowsutra-butt-why-epx4,checked,,A 3-track shadow-walk that refuses to stop asking why. The most honest prayer you'll ever say isn't in a church. With a wink to Tom Waits. Because why not ask why.,0:08:29,KNOWsutra,1,3,2009,20,"BANJO,BLUES,BURLESQUE","BANJO,BLUES,BURLESQUE",,https://i1.sndcdn.com/artworks-BZeLqNQ4AlXL9NGG-8Sntuw-t500x500.png,https://i1.sndcdn.com/artworks-BZeLqNQ4AlXL9NGG-8Sntuw-t1080x1080.png,There's No Prayer Like Desire,L-259,Ask: But(t) WHY,2025-12-14 04:18,"BLUESsutra, BURLESQUEsutra, FOLKsutra (Best Of), KNOWsutra where questions matter"
They Call It Freedom (Oh Hi · Sweet Honey Bun) ✯ BLOWsutra (Revolt Now) EPx11,https://soundcloud.com/bananasutra/sets/they-call-it-freedom-oh-hi-sweet-honey-bun-blowsutra-revolt-now-epx11,checked,,"11 blues, burlesque, and folk tracks that won't let you look away. Oh hi, sweet honey bun. They call it freedom. It looks more like steel boots stomping truth again. Revolution as a daily practice.",0:36:40,BLOWsutra,1,11,6626,79,"BLUES,BURLESQUE,FOLK,INDIE,LOFI","BLUES,BURLESQUE,FOLK,GIPSY,HIP HOP,INDIE,LOFI,PSYCHEDELIC,TRIP HOP",,https://i1.sndcdn.com/artworks-kwu5kFHr0XzItgSe-7wgK2Q-t500x500.png,https://i1.sndcdn.com/artworks-kwu5kFHr0XzItgSe-7wgK2Q-t1080x1080.png,"They Call It Freedom (Oh Hi, Sweet Honey Bun)",L-262,Speak: REVOLT (now),2025-12-05 05:48,"BLOWsutra, BLOWsutra : REVOLT (now), BLUESsutra, BLUESsutra (Best Of), BURLESQUEsutra, FOLKsutra, INDIEsutra (Best Of), LOFIsutra"
They Muddy the Waters (aka Nietzsche's Gift) EPx5 VOL. 04,https://soundcloud.com/bananasutra/sets/they-muddy-the-waters-aka-nietzsches-gift-epx5-vol-04,checked,,"5 banjo, burlesque, and folk tracks steeped in equal parts fury and love. They muddy the water to make it look deep. Nietzsche saw through it. A nod to Friedrich Nietzsche. Vol. 3, because one wasn't enough. Ego, meet your reflection.",0:16:27,BLOWsutra,3,5,1085,6,"BANJO,BURLESQUE,FOLK,INDIE,LOFI","BANJO,BURLESQUE,FOLK,INDIE,LOFI",,https://i1.sndcdn.com/artworks-8WQovcQ1YWF6xgZ0-sPC0bQ-t500x500.png,https://i1.sndcdn.com/artworks-8WQovcQ1YWF6xgZ0-sPC0bQ-t1080x1080.png,Nietzsche's Gift (Muddy Waters),L-165,Speak: EGO (gone loco),2025-04-14 06:55,"BANJOsutra, BLOWsutra, BLOWsutra : EGO (gone loco), BURLESQUEsutra, INDIEsutra, LOFIsutra, MANTRAsutra"
This Is My Quest • GROWsutra (Dare to Care) Dream EPx19,https://soundcloud.com/bananasutra/sets/this-is-my-quest-growsutra-epx19,checked,,"Over an hour of gratitude with grit, across 19 tracks. Born with a fire that silence could not tame. This is the quest. With a wink to Jacques Brel. Over 18k plays and counting—clearly something landed. A rainbow in someone's cloud.",1:13:50,GLOWsutra,1,19,18245,129,"DUB,INDIE,JAZZ,LOFI","DUB,FADO,FLAMENCO,GIPSY,INDIE,JAZZ,LOFI,PSYCHEDELIC",,https://i1.sndcdn.com/artworks-qhqHRqMMeCjATzsp-RQ8fQQ-t500x500.png,https://i1.sndcdn.com/artworks-qhqHRqMMeCjATzsp-RQ8fQQ-t1080x1080.png,This Is My Quest,L-263,Bless: RAINBOWS (in my clouds),2026-03-16 18:54,"DUBsutra, DUBsutra (Best Of), GROWsutra : DARE (to care), GROWsutra where we be brave, INDIEsutra, INDIEsutra (Best Of), JAZZsutra, JAZZsutra (Best Of)"
This Is What Dissent Looks Like Now - BLOWsutra (Revolution Ring) Jazz Indie LoFi Dream,https://soundcloud.com/bananasutra/sets/this-is-what-dissent-looks-like-now-blowsutra-revolution-ring-jazz-indie-lofi-dream,checked,,"A 14-track shadow-walk that stays wide awake through the circus. Dissent used to look different. Now it looks like this. Served in burlesque, indie, and jazz. Over 17k plays and counting—clearly something landed. Revolution as a daily practice.",0:55:10,BLOWsutra,1,14,17629,153,"BURLESQUE,INDIE,JAZZ,LOFI","BURLESQUE,CABARET,GIPSY,HIP HOP,INDIE,JAZZ,LOFI,PSYCHEDELIC,PUNK,TRIP HOP",,https://i1.sndcdn.com/artworks-oX7ZY3z8JzrLVWyA-Iz5Tsg-t500x500.png,https://i1.sndcdn.com/artworks-oX7ZY3z8JzrLVWyA-Iz5Tsg-t1080x1080.png,What Dissent Looks Like Now,L-286,Speak: REVOLT (now),2026-01-27 21:09,"BLOWsutra, BLOWsutra : CENSOR(ed), INDIEsutra, INDIEsutra (Best Of), JAZZsutra, JAZZsutra (Best Of), LOFIsutra, LOFIsutra (Best Of)"
Time for Rebel Romance ☆ EPx6 ☆ BLOWsutra (Revolt Now) Cabaret,https://soundcloud.com/bananasutra/sets/time-for-rebel-romance-epx6-blowsutra-revolt-now-cabaret,checked,,"6 tracks of circus critique. History's spinning that wheel again. Time for a rebel romance. Served in burlesque, dub, and indie. Resonated: 10k plays and 92 likes so far. Revolution as a daily practice.",0:18:05,BLOWsutra,1,6,10445,92,"BURLESQUE,DUB,INDIE,JAZZ,MANTRA,ROCK","BURLESQUE,CABARET,DUB,INDIE,JAZZ,MANTRA,PSYCHEDELIC,RAGGA,ROCK,TRIP HOP",,https://i1.sndcdn.com/artworks-FCpNyoKfIRn6bNzD-59cLWg-t500x500.png,https://i1.sndcdn.com/artworks-FCpNyoKfIRn6bNzD-59cLWg-t1080x1080.png,Time For Rebel Romance,L-265,Speak: REVOLT (now),2026-02-19 08:00,"BLOWsutra, BLOWsutra : REVOLT (now), BURLESQUEsutra, BURLESQUEsutra (Best Of), DUBsutra, DUBsutra (Best Of), GROWsutra : KIND(ness), QUACKsutra where we sing FU, ROCKsutra"
To Dream EP X8 | Jacques Brel Chanson Reimagined : Psychedelic French Poetry JAZZsutra X5,https://soundcloud.com/bananasutra/sets/the-quest-brel-poetry-jazz-remakes-x8,checked,,"A 8-track glow-up that dares you to show up. The lyrics say ""Oops."" The silence says the rest. Jacques Brel walked in and stayed. Poetry as essential infrastructure.",0:21:21,GLOWsutra,1,8,5671,61,JAZZ,"JAZZ,PSYCHEDELIC",,https://i1.sndcdn.com/artworks-QUpuRg3OOi3Qb9MF-h5LTAw-t500x500.png,https://i1.sndcdn.com/artworks-QUpuRg3OOi3Qb9MF-h5LTAw-t1080x1080.png,To Dream,L-266,Bless: POET(ry),2024-11-09 00:48,"BURLESQUEsutra, BURLESQUEsutra (Best Of), FOLKsutra, GLOWsutra : RAINBOWS (in my clouds), GLOWsutra where gratitude feeds, JAZZsutra, JAZZsutra (Best Of), MANTRAsutra, ROCKsutra"
Too Hard · My Friend • FLOWsutra (Fly Like Water) Lullabies EPx2,https://soundcloud.com/bananasutra/sets/too-hard-flowsutra-epx2,checked,,"A 2-track luminous ride that goes where the music leads. You're trying too hard, my friend. The river doesn't try. It flows. Aldous Huxley walked in and stayed. Fly like water, land like truth.",0:06:05,FLOWsutra,1,2,442,0,"LOFI,INDIE","LOFI,INDIE",,https://i1.sndcdn.com/artworks-Ky48s5ZarF8xscUO-tegDyw-t500x500.png,https://i1.sndcdn.com/artworks-Ky48s5ZarF8xscUO-tegDyw-t1080x1080.png,"Too Hard, My Friend",L-267,Trust: FLY (like water),2026-04-17 23:32,"FLOWsutra where time is space, JAZZsutra, LOFIsutra"
Trauma Begets Trauma - KNOWsutra Peace (not War) Piano Kitten Truth EPx5,https://soundcloud.com/bananasutra/sets/trauma-begets-trauma-knowsutra-peace-not-war-piano-kitten-truth-epx5,checked,,5 indie tracks that won't let you look away. Trauma begets trauma. The cycle ends when someone decides it does. The peace prayer that won't shut up.,0:15:46,KNOWsutra,1,5,4289,35,INDIE,"GIPSY,INDIE",,https://i1.sndcdn.com/artworks-O1DJ2yudziIuoAWo-vRdodg-t500x500.png,https://i1.sndcdn.com/artworks-O1DJ2yudziIuoAWo-vRdodg-t1080x1080.png,Trauma Begets Trauma,L-268,Ask: PEACE (not war),2025-11-09 01:54,"INDIEsutra (Best Of), KNOWsutra : PEACE (not War), KNOWsutra where questions matter"
Trump Derangement Syndrome ™ EPx7,https://soundcloud.com/bananasutra/sets/trump-derangement-syndrome-epx7,checked,,"A 22-minute ride of circus critique, across 7 tracks. Symptoms include: knowing history, sneezing at hypocrisy, coughing at autocracy. You're not sick. He's just a dick. Served in banjo, burlesque, and dub. Quack quack. You know who you are.",0:22:00,QUACKsutra,1,7,1394,16,"BANJO,BURLESQUE,DUB,JAZZ,MANTRA","BANJO,BURLESQUE,DUB,JAZZ,MANTRA",,https://i1.sndcdn.com/artworks-Ys4zGlSmXhrD1HsT-Kvzuxg-t500x500.png,https://i1.sndcdn.com/artworks-Ys4zGlSmXhrD1HsT-Kvzuxg-t1080x1080.png,Trump Derangement Syndrome ™,L-269,Quack: DUCK (shady),2025-06-18 17:12,"BANJOsutra, BLUESsutra, INDIEsutra, MANTRAsutra, QUACKsutra : DUCK (shady), QUACKsutra where we sing FU"
Trust No One EP x3 VOL.1 ☆ BLOWsutra Alternative Indie ROCK,https://soundcloud.com/bananasutra/sets/trust-no-one-ep-x3-vol1-blowsutra-alternative-indie-rock,checked,,"A 3-track dark bloom that stays wide awake through the circus. They told you to trust. Then they taught you why not to. A song about both. Served in indie, jazz, and rock. The apes are at it again.",0:06:33,BLOWsutra,1,3,939,12,"INDIE,JAZZ,ROCK","INDIE,JAZZ,ROCK",,https://i1.sndcdn.com/artworks-zo2LcEgQQvZyFMXS-Hip2cg-t500x500.png,https://i1.sndcdn.com/artworks-zo2LcEgQQvZyFMXS-Hip2cg-t1080x1080.png,Trust No One,L-270,Speak: APES (gone wrong),2025-04-04 03:18,"BLOWsutra, BLOWsutra : EGO (gone loco), INDIEsutra, ROCKsutra"
Truth Don't Care ✗ EPx2 ✗ KNOWsutra Psychedelic Muse Cabaret,https://soundcloud.com/bananasutra/sets/truth-dont-care-epx2-knowsutra-psychedelic-muse-cabaret,checked,,"2 burlesque and jazz tracks asking questions that sting. Truth don't care what you believe. Doesn't bow to gold or kings. Doesn't owe history a damn thing. Channeling Eckhart Tolle, obviously. The naked truth, served warm.",0:06:52,KNOWsutra,1,2,376,3,"BURLESQUE,JAZZ","BURLESQUE,CABARET,JAZZ,PSYCHEDELIC",,https://i1.sndcdn.com/artworks-2pO2JGvoTeCfSURr-2A3VeA-t500x500.png,https://i1.sndcdn.com/artworks-2pO2JGvoTeCfSURr-2A3VeA-t1080x1080.png,Truth Don't Care,L-271,Ask: (Naked) TRUTH,2025-08-24 02:48,"BURLESQUEsutra, JAZZsutra, KNOWsutra : (naked) TRUTH, KNOWsutra where questions matter"
Tune in the Tender ☲ #GROWsutra EPx9,https://soundcloud.com/bananasutra/sets/tune-in-the-tender-growsutra-epx9,checked,,"A solid half-hour of beauty that bleeds, across 9 tracks. I still care. I still cry. That's why I'm still here. Inspired by Herman Hesse. Kindness as rebellion.",0:36:05,GROWsutra,1,9,2845,31,"DUB,INDIE,LOFI","DUB,INDIE,LOFI",,https://i1.sndcdn.com/artworks-ayo6PDrn2o8EClWe-wyHddg-t500x500.png,https://i1.sndcdn.com/artworks-ayo6PDrn2o8EClWe-wyHddg-t1080x1080.png,Tune In The Tender,L-273,Dare: KIND(ness),2025-06-21 09:02,"BLUESsutra, DUBsutra, GLOWsutra : RAINBOWS (in my clouds), GLOWsutra where gratitude feeds, INDIEsutra, JAZZsutra, MANTRAsutra"
Two Things · Darling • EPx11 • KNOWsutra (Bertrand) Conscious Gipsy LoFi Blues INDIE,https://soundcloud.com/bananasutra/sets/two-things-darling-epx11-knowsutra-bertrand-conscious-gipsy-lofi-blues-indie,checked,,"Nearly an hour of curious reckoning, across 11 tracks. Two things, darling: the world is mad, and kindness is the only sane response. Get the facts right. Keep love in sight. Bertrand Russell walked in and stayed. One of the heavier hitters: 8k+ plays. Bertrand would approve. Probably.",0:43:01,KNOWsutra,1,11,8047,72,"BANJO,BLUES,DUB,INDIE,LOFI","BANJO,BLUES,DUB,FLAMENCO,GIPSY,INDIE,LOFI,PSYCHEDELIC,TRIP HOP",,https://i1.sndcdn.com/artworks-arUtRqgFTtrbCyLv-f6mbwA-t500x500.png,https://i1.sndcdn.com/artworks-arUtRqgFTtrbCyLv-f6mbwA-t1080x1080.png,"Two Things, Darling",L-274,Ask: BERTRAND (knows),2026-01-01 22:37,"BLUESsutra, DUBsutra, INDIEsutra, INDIEsutra (Best Of), KNOWsutra : BERTRAND (mon chéri), KNOWsutra where questions matter, LOFIsutra"
Untamed EP X3,https://soundcloud.com/bananasutra/sets/untamed-ep-x3,checked,,"A 3-track sun-drunk hymn that dares you to show up. Born untamed. Nobody chooses the path they roam. The sound: indie. Holy questions, no holy answers.",0:07:37,GROWsutra,1,3,524,2,INDIE,INDIE,,https://i1.sndcdn.com/artworks-h4WvLIv6GtEpPvLT-kyZycQ-t500x500.png,https://i1.sndcdn.com/artworks-h4WvLIv6GtEpPvLT-kyZycQ-t1080x1080.png,Untamed,L-276,Dare: GOD (etc.),2024-12-14 20:25,"BANJOsutra, BLUESsutra, BOWsutra the last of 7 sutras · it's divine <3, FOLKsutra, GROWsutra : GOD (etc), Questions for the (kind) POPE in the Sky"
Up a San Francisco Hill • Bananasutra Heart Beats,https://soundcloud.com/bananasutra/sets/up-a-san-francisco-hill-bananasutra-heart-beats,checked,,"8 tracks of beauty that bleeds. Hippies puffing, poets dreaming, tambourines, hair flowers flying. Sundays on a San Francisco hill, and nowhere else to be. With a wink to Jacques Brel. A rainbow in someone's cloud.",0:12:52,GLOWsutra,1,8,787,3,DUB,DUB,,https://i1.sndcdn.com/artworks-GDiJpggFg27JRXo9-ZnhHqQ-t500x500.jpg,https://i1.sndcdn.com/artworks-GDiJpggFg27JRXo9-ZnhHqQ-t1080x1080.jpg,Up a San Francisco Hill,L-277,Bless: RAINBOWS (in my clouds),2025-01-26 23:36,"BURLESQUEsutra, DUBsutra, GLOWsutra where gratitude feeds, INDIEsutra, MANTRAsutra"
Up a San Francisco Hill EP(x4) VOL.2,https://soundcloud.com/bananasutra/sets/up-a-san-francisco-hill-epx4-vol2,checked,,"4 tracks of beauty that bleeds. Hippies puffing, poets dreaming, tambourines, hair flowers flying. Sundays on a San Francisco hill, and nowhere else to be. With a wink to Jacques Brel. Vol. 2, because one wasn't enough. A rainbow in someone's cloud.",0:13:31,GLOWsutra,2,4,753,9,DUB,DUB,,https://i1.sndcdn.com/artworks-pNf3bEZAmay75ojX-AjKkkg-t500x500.png,https://i1.sndcdn.com/artworks-pNf3bEZAmay75ojX-AjKkkg-t1080x1080.png,Up a San Francisco Hill,L-277,Bless: RAINBOWS (in my clouds),2025-01-29 19:15,"GLOWsutra : RAINBOWS (in my clouds), GLOWsutra where gratitude feeds, INDIEsutra"
Waldo's Fascist Tango EPx3 VOL. 1 • Burlesque JAZZ,https://soundcloud.com/bananasutra/sets/waldos-fascist-tango-epx3-vol-1-blowsutra-burlesque,checked,,"3 burlesque and jazz tracks disguised as music. The ballroom is lit. The leaders are waltzing. Down we go. A nod to Ralph Waldo Emerson. Holy questions, no holy answers.",0:10:30,GROWsutra,1,3,690,7,"BURLESQUE,JAZZ","BURLESQUE,JAZZ",,https://i1.sndcdn.com/artworks-c3L1ZrA7GdTEUNpD-srMlmg-t500x500.png,https://i1.sndcdn.com/artworks-c3L1ZrA7GdTEUNpD-srMlmg-t1080x1080.png,Waldo's Fascist Tango (Down We Go),L-281,Dare: GOD (etc.),2025-04-06 01:10,"BLOWsutra : APES (gone wrong), BURLESQUEsutra, QUACKsutra where we sing FU, Questions for the (kind) POPE in the Sky"
We Live Not By Lies ⚬ EPx12 ⚬ GROWsutra Revolution Ring,https://soundcloud.com/bananasutra/sets/we-live-not-by-lies-epx12-growsutra-revolution-ring,checked,,"A solid half-hour of uncut honesty, across 12 tracks. We live not by lies. Solzhenitsyn said it. It's still true. Inspired by Aleksandr Solzhenitsyn. Resonated: 11k plays and 107 likes so far. Dare to care. That's the whole thing.",0:34:57,GROWsutra,1,12,11035,107,"BURLESQUE,DUB,INDIE,LOFI,ROCK","BURLESQUE,DUB,GIPSY,INDIE,LOFI,PSYCHEDELIC,PUNK,ROCK",,https://i1.sndcdn.com/artworks-aUUxzKo6oEXsOIfq-vtqUJA-t500x500.png,https://i1.sndcdn.com/artworks-aUUxzKo6oEXsOIfq-vtqUJA-t1080x1080.png,We Live Not By Lies,L-282,Dare: DARE (to care),2025-11-13 07:30,"BLOWsutra : REVOLT (now), BURLESQUEsutra, DUBsutra, DUBsutra (Best Of), GROWsutra where we be brave, INDIEsutra, INDIEsutra (Best Of), KNOWsutra : (naked) TRUTH, LOFIsutra, ROCKsutra"
We Remember What (We Remember What) We Feel☉EPx5 INDIE GROWsutra,https://soundcloud.com/bananasutra/sets/we-remember-what-we-remember-what-we-feelepx5-indie-growsutra,checked,,5 indie tracks asking questions that sting. They say “empathy is weakness” because feeling makes you question what they can’t afford to answer... Dare to care. That's the whole thing.,0:15:54,GROWsutra,1,5,1202,34,INDIE,INDIE,,https://i1.sndcdn.com/artworks-InO7MMy9vHYpBdDo-YcZoDQ-t500x500.png,https://i1.sndcdn.com/artworks-InO7MMy9vHYpBdDo-YcZoDQ-t1080x1080.png,We Remember What (We Remember What) We Feel☉,L-283,Dare: DARE (to care),2025-06-02 23:28,"GROWsutra : DARE (to care), GROWsutra where we be brave, INDIEsutra"
We're Tiny Specks · Right • BOWsutra,https://soundcloud.com/bananasutra/sets/were-tiny-specks-right-bowsutra-epx11,checked,checked,"Eleven tracks of cosmic shrug and chosen care. Carl Sagan said we're tiny specks in a sea of stars; Banana asks the follow-up: if nothing out there is keeping score, what do we choose to care about? Psychedelic hop, dreamy dub, trippy motorik, drifting in space. The whole EP loops toward one word: care.",0:25:36,BOWsutra,1,11,6986,99,"LOFI,DUB,INDIE","LOFI,DUB,INDIE,PSYCHEDELIC,GIPSY",,https://i1.sndcdn.com/artworks-iSBnDzZ6pNZ2thIT-zteX6Q-t500x500.png,https://i1.sndcdn.com/artworks-iSBnDzZ6pNZ2thIT-zteX6Q-t1080x1080.png,"We’re Tiny Specks, Right?",L-359,Bow: Cosmic Bananas,2026-04-13 02:45,"BOWsutra the last of 7 sutras · it's divine <3, DUBsutra, INDIEsutra, LOFIsutra"
Wet (Prickly) Peaches vol.2,https://soundcloud.com/bananasutra/sets/wet-prickly-peaches-vol2,checked,,"A solid half-hour of gleeful absurdity, across 9 tracks. What Jefferson Airplane would sound like as a haunting psychedelic ode to radical intimacy. Vol. 2, because some songs are cheekier than others. Served in blues. Volume 2 hits different. Where trust gets tender.",0:27:28,FLOWsutra,2,9,2078,33,BLUES,BLUES,,https://i1.sndcdn.com/artworks-y6GNuYSUFwSvEtI4-VH6lnQ-t500x500.jpg,https://i1.sndcdn.com/artworks-y6GNuYSUFwSvEtI4-VH6lnQ-t1080x1080.jpg,Wet (Prickly) Peaches vol.2,L-285,"Trust: WET (my friend),EP: Peachy",2025-02-08 23:13,"BANJOsutra, BLUESsutra, DUBsutra, FLOWsutra : WET (my friend), INDIEsutra, JAZZsutra, SHOWsutra where bananas play"
What It's About - Blues Dub Murica Mantra EPx7,https://soundcloud.com/bananasutra/sets/what-its-about-blues-dub-murica-mantra-epx7,checked,,"A 7-track sun-drunk hymn that stares history in the face. It's not about you or me. It's about the wounds nobody named. The sound: blues, dub, and mantra. The peace prayer that won't shut up.",0:24:28,BLOWsutra,1,7,1499,21,"BLUES,DUB,MANTRA","BLUES,DUB,MANTRA",,https://i1.sndcdn.com/artworks-GLU0pK07IFyP9sOF-R4l6cg-t500x500.jpg,https://i1.sndcdn.com/artworks-GLU0pK07IFyP9sOF-R4l6cg-t1080x1080.jpg,What It's About,L-288,Ask: PEACE (not war),2025-06-04 01:10,"BLOWsutra, BLUESsutra, GROWsutra : DARE (to care), INDIEsutra, MANTRAsutra, QUACKsutra where we sing FU"
What It's About • Vol. 02 EPx6 • BLOWsutra Revolution Ring,https://soundcloud.com/bananasutra/sets/what-its-about-vol-02-epx6-blowsutra-revolution-ring,checked,,"A 25-minute ride of uncut honesty, across 6 tracks. It's not about you or me. It's about the wounds nobody named. The sound: banjo, blues, and burlesque. Volume 2 hits different. The peace prayer that won't shut up.",0:25:11,KNOWsutra,2,6,4901,73,"BANJO,BLUES,BURLESQUE,JAZZ","BANJO,BLUES,BURLESQUE,JAZZ,PSYCHEDELIC,TRIP HOP",,https://i1.sndcdn.com/artworks-f5X1h7BNCNHQw6au-Qj1DyQ-t500x500.png,https://i1.sndcdn.com/artworks-f5X1h7BNCNHQw6au-Qj1DyQ-t1080x1080.png,What It's About,L-288,Ask: PEACE (not war),2025-11-20 22:24,BLOWsutra
What the Mirror Said (Reste Lucide) - GLOWsutra JAZZ,https://soundcloud.com/bananasutra/sets/what-the-mirror-said-reste-lucide-glowsutra-jazz,checked,,"A 18-minute ride of beauty that bleeds, across 5 tracks. Un hommage à Lucille Clifton — en français. T'es un feu, un fleuve, une immensité. Reste lucide. Burlesque, indie, and jazz grooves from end to end. En français, évidemment. Kindness as rebellion.",0:18:38,GROWsutra,1,5,760,7,"BURLESQUE,INDIE,JAZZ","BURLESQUE,INDIE,JAZZ",,https://i1.sndcdn.com/artworks-VQkWPBpI3EhvPQjd-JaXiYg-t500x500.png,https://i1.sndcdn.com/artworks-VQkWPBpI3EhvPQjd-JaXiYg-t1080x1080.png,What the Mirror Said (Reste Lucide),L-290,Dare: KIND(ness),2025-07-25 08:08,"BURLESQUEsutra, FRENCHsutra oui oui · sacrebleu, GLOWsutra : RAINBOWS (in my clouds), GLOWsutra where gratitude feeds, JAZZsutra, OUI OUI : Pardon (my French)"
What's F-A-S-C-I-S-T? EPx8 VOL. 1 ☆ BLOWsutra JAZZ FOLK Fusion,https://soundcloud.com/bananasutra/sets/whats-f-a-s-c-i-s-t-epx9-vol-1-blowsutra-jazz-folk-fusion,checked,,"8 tracks of democracy in distress. F is for... wait, let's spell it out slowly. Served in burlesque, folk, and jazz. The naked truth, served warm.",0:25:17,BLOWsutra,1,8,1553,11,"BURLESQUE,FOLK,JAZZ,LOFI","BURLESQUE,COUNTRY,FOLK,JAZZ,LOFI",,https://i1.sndcdn.com/artworks-ovG5pHzgSSHWXS4C-9duL4w-t500x500.png,https://i1.sndcdn.com/artworks-ovG5pHzgSSHWXS4C-9duL4w-t1080x1080.png,What's F-A-S-C-I-S-T?,L-292,Ask: (Naked) TRUTH,2025-04-04 00:41,"BLOWsutra, BLOWsutra : CENSOR(ed), BURLESQUEsutra, FOLKsutra, FOTUS CIRCUS Playlist An American Freaks Show, GROWsutra where we be brave, JAZZsutra, LOFIsutra, QUACKsutra where we sing FU"
When Did Seduction Become so Untrue? EPx16 Vol. 02 ䷶ KNOWsutra Flamenco Techno,https://soundcloud.com/bananasutra/sets/when-did-seduction-become-so-untrue-how-do-kids-learn-now-epx16-vol-02-knowsutra-flamenco-techno,checked,,"A 16-track shadow-walk that refuses to stop asking why. Track 1000 on SoundCloud. A milestone song asking: when did consent become a ruse, and liberty a cover for contempt? A nod to Lucille Clifton. The naked truth, served warm.",1:12:03,KNOWsutra,1,16,3361,21,"INDIE,WORLD","FADO,FLAMENCO,GIPSY",,https://i1.sndcdn.com/artworks-vJJyHyvScNYFs8IL-ASDhig-t500x500.png,https://i1.sndcdn.com/artworks-vJJyHyvScNYFs8IL-ASDhig-t1080x1080.png,When Did Seduction Become so Untrue?,L-293,Ask: (Naked) TRUTH,2025-08-12 02:17,"KNOWsutra : (naked) TRUTH, KNOWsutra where questions matter"
When We Duende · Encore ★ Arabesk Fado Soul EPx2 VOL.2,https://soundcloud.com/bananasutra/sets/when-we-duende-encore-arabesk-fado-soul-epx2-vol2,checked,,"2 tracks of beauty that bleeds. #censored. Because when consciousness longs for tenderness, imagination always matters more. Served in indie. Where trust gets tender.",0:07:52,FLOWsutra,1,2,448,4,INDIE,"FADO,SOUL",,https://i1.sndcdn.com/artworks-2HTk9xJWFp1O434r-CXIyuA-t500x500.png,https://i1.sndcdn.com/artworks-2HTk9xJWFp1O434r-CXIyuA-t1080x1080.png,When We Duende (Encore),L-295,Trust: WET (my friend),2025-06-16 11:25,"FLOWsutra : WET (my friend), LOFIsutra"
When We Duende (All Night) EPx9 ☯ DUB + BURLESQUEsutra,https://soundcloud.com/bananasutra/sets/when-we-duende-all-night-epx9-dub-burlesquesutra,checked,,"A 9-track glow-up that says thank you with its whole chest. Eyes closed tight, finding the light. Blessed be fools who are grateful. When we duende, all night. The sound: burlesque, dub, and jazz. Where trust gets tender.",0:29:29,SHOWsutra,1,9,2362,20,"BURLESQUE,DUB,JAZZ","BURLESQUE,DUB,JAZZ",,https://i1.sndcdn.com/artworks-9BOw1039glUsyHSi-RcOVWw-t500x500.png,https://i1.sndcdn.com/artworks-9BOw1039glUsyHSi-RcOVWw-t1080x1080.png,When We Duende (All Night),L-294,Trust: WET (my friend),2025-06-14 09:24,"BURLESQUEsutra, DUBsutra, FLOWsutra : WET (my friend), JAZZsutra"
Where Hope Expires ℧ EPx8 VOL.02,https://soundcloud.com/bananasutra/sets/where-hope-expires-epx8-vol02,checked,,A 8-track shadow-walk that dares you to show up. Where hope expires... and the choice to keep going anyway. With a wink to Johnny Cash. Dare to care. That's the whole thing.,0:26:33,GROWsutra,1,8,1765,21,"DUB,FOLK,INDIE,JAZZ","DUB,FOLK,INDIE,JAZZ",,https://i1.sndcdn.com/artworks-RDHQvbzOVwhs5g5O-y1W0yw-t500x500.png,https://i1.sndcdn.com/artworks-RDHQvbzOVwhs5g5O-y1W0yw-t1080x1080.png,Where Hope Expires (Hole of Fire),L-296,Dare: DARE (to care),2025-04-22 03:58,"BLOWsutra, BLOWsutra : EGO (gone loco), DUBsutra, FOLKsutra, INDIEsutra, JAZZsutra, MANTRAsutra"
Where We Begin (Preakly Peaches) EPx4,https://soundcloud.com/bananasutra/sets/where-we-begin-preakly-peaches-epx4,checked,,4 burlesque and dub tracks asking questions that sting. When jazzy white rabbits share crispy stories of whimsical peaches wrapped in nothing but what we felt on a psychedelic blue day in the S.F. Bay. Where trust gets tender.,0:10:39,FLOWsutra,1,4,775,9,"BURLESQUE,DUB","BURLESQUE,DUB",,https://i1.sndcdn.com/artworks-jm4lztgC6B1n1CHp-ql6gNg-t500x500.jpg,https://i1.sndcdn.com/artworks-jm4lztgC6B1n1CHp-ql6gNg-t1080x1080.jpg,Where We Begin (Preakly Peaches),L-297,"Trust: WET (my friend),EP: Peachy",2024-12-23 12:00,"BURLESQUEsutra, FLOWsutra : WET (my friend), FLOWsutra where time is space, INDIEsutra, ROCKsutra"
Who Knows Where How Happiness Truly Grows ☰ GROWsutra EPx29,https://soundcloud.com/bananasutra/sets/who-knows-where-how-happiness-truly-grows-growsutra-epx29,checked,checked,"Twenty-nine tracks asking where happiness actually grows when it isn't for sale. The whole sutra in one line: ""I dare to care, no fear, no fail."" Burlesque slides into jazz, folk, dub, and closes on a mantra. The brave answer to a market that calls everything that doesn't scale worthless.",1:48:44,GROWsutra,1,29,5468,45,"BURLESQUE,DUB,FOLK,INDIE,JAZZ,LOFI,MANTRA","BURLESQUE,DUB,FOLK,INDIE,JAZZ,LOFI,MANTRA",,https://i1.sndcdn.com/artworks-Ooj55UF0JzVS0KFh-9aN0SA-t500x500.png,https://i1.sndcdn.com/artworks-Ooj55UF0JzVS0KFh-9aN0SA-t1080x1080.png,Who Knows Where How Happiness Truly Grows,L-300,Dare: KIND(ness),2025-07-06 04:05,"BURLESQUEsutra, DUBsutra, FOLKsutra, INDIEsutra, JAZZsutra, KNOWsutra : but(t) WHY, LOFIsutra, MANTRAsutra"
Who Needs a Big D? EP x8 VOL. 1 - JAZZ 'n DUB,https://soundcloud.com/bananasutra/sets/who-needs-a-big-d-ep-x8-vol-1-jazz-n-dub,checked,,"8 burlesque, dub, and folk tracks steeped in equal parts fury and love. Who needs a big D? (The answer is funnier than you think.) All the world's a stage. Dress accordingly.",0:25:49,SHOWsutra,1,8,1875,16,"BURLESQUE,DUB,FOLK,JAZZ,LOFI","BURLESQUE,DUB,FOLK,JAZZ,LOFI",,https://i1.sndcdn.com/artworks-jhyk7fARubhfUtQC-VqNUCQ-t500x500.png,https://i1.sndcdn.com/artworks-jhyk7fARubhfUtQC-VqNUCQ-t1080x1080.png,Who Needs A Big D?,L-301,Play: B.J. (is for banana jokes),2025-04-09 03:13,"BURLESQUEsutra, DUBsutra, JAZZsutra, SHOWsutra : B.J. (is for Banana Jesters), SHOWsutra where bananas play"
Who's Your Vladdy? EPx2 VOL.02 ☿ BLOWsutra World Peace LOFI + ROCK,https://soundcloud.com/bananasutra/sets/whos-your-vladdy-epx2-vol02-blowsutra-world-peace-lofi-rock,checked,,"A 2-track shadow-walk that holds ego up to a funhouse mirror. Who's your Vladdy in the dark? Whose whispers leave a bloody mark? If you can't answer, history already did. Served in burlesque, lo-fi, and rock. This is Vol. 2—the saga deepens. Quack quack. You know who you are.",0:08:37,QUACKsutra,2,2,674,9,"BURLESQUE,LOFI,ROCK","BURLESQUE,GIPSY,LOFI,PSYCHEDELIC,PUNK,ROCK",,https://i1.sndcdn.com/artworks-301rwrEjz0M0tuZV-1dVJMg-t500x500.png,https://i1.sndcdn.com/artworks-301rwrEjz0M0tuZV-1dVJMg-t1080x1080.png,Who's Your Vladdy?,L-302,Quack: DUCK (shady),2025-09-20 18:14,"BLOWsutra, KNOWsutra where questions matter, LOFIsutra, QUACKsutra : DUCK (shady), QUACKsutra where we sing FU, ROCKsutra, WORLDsutra : Russian(ish)"
Who's Your Vladdy? EPx10 ☿ BLOWsutra World Peace Fusion Indie,https://soundcloud.com/bananasutra/sets/whos-your-vladdy-epx10-blowsutra-world-peace-fusion-indie,checked,,"10 banjo, blues, and burlesque tracks built on nerve and a prayer. Who's your Vladdy in the dark? Whose whispers leave a bloody mark? If you can't answer, history already did. Quack quack. You know who you are.",0:43:06,QUACKsutra,1,10,2411,25,"BANJO,BLUES,BURLESQUE,DUB,FOLK,INDIE,LOFI,ROCK","BANJO,BLUES,BURLESQUE,DUB,FOLK,GIPSY,HIP HOP,INDIE,LOFI,PSYCHEDELIC,PUNK,ROCK,SOUL",,https://i1.sndcdn.com/artworks-HdcKeFj5zjo8xoo9-37TalQ-t500x500.png,https://i1.sndcdn.com/artworks-HdcKeFj5zjo8xoo9-37TalQ-t1080x1080.png,Who's Your Vladdy?,L-302,Quack: DUCK (shady),2025-09-18 05:53,"BANJOsutra, BLOWsutra, DUBsutra, INDIEsutra, LOFIsutra, QUACKsutra : DUCK (shady), QUACKsutra where we sing FU, ROCKsutra, WORLDsutra : Russian(ish)"
Why Trust an Old · Mean Religion? EPx9 VOL. 01,https://soundcloud.com/bananasutra/sets/why-trust-an-old-mean-religion-epx9-vol-01,checked,,"9 banjo, blues, and dub tracks for the ones who still give a damn. Why trust an old, mean religion? (Still waiting on the good answer.) Holy questions, no holy answers.",0:29:51,GROWsutra,1,9,1764,13,"BANJO,BLUES,DUB,FOLK,INDIE,LOFI","BANJO,BLUES,DUB,FOLK,INDIE,LOFI,SOUL",,https://i1.sndcdn.com/artworks-Z6c6IDbs2ejUVhp8-iueiCg-t500x500.png,https://i1.sndcdn.com/artworks-Z6c6IDbs2ejUVhp8-iueiCg-t1080x1080.png,"Why trust an old, mean religion?",L-303,Dare: GOD (etc.),2025-04-22 03:01,"BANJOsutra, BLUESsutra, DUBsutra, FOLKsutra, GROWsutra : GOD (etc), GROWsutra where we be brave, INDIEsutra, KNOWsutra : but(t) WHY, LOFIsutra, MANTRAsutra, Questions for the (kind) POPE in the Sky"
Why We Can't Be Brave? ☷ GROWsutra (Censored) Cello EPx8,https://soundcloud.com/bananasutra/sets/why-we-cant-be-brave-growsutra-censored-cello-epx8,checked,,"8 burlesque, dub, and indie tracks that won't let you look away. Bravery has a dress code. (Nobody told the women.) Dare to care. That's the whole thing.",0:28:47,GROWsutra,1,8,6066,59,"BURLESQUE,DUB,INDIE,LOFI","BURLESQUE,DUB,FLAMENCO,HIP HOP,INDIE,LOFI,PSYCHEDELIC",,https://i1.sndcdn.com/artworks-rB89JSlaccuJ12aJ-01Yopg-t500x500.png,https://i1.sndcdn.com/artworks-rB89JSlaccuJ12aJ-01Yopg-t1080x1080.png,Why We Can't Be Brave?,L-304,Dare: DARE (to care),2025-12-02 22:33,"BLOWsutra : CENSOR(ed), BURLESQUEsutra, GROWsutra where we be brave, INDIEsutra, INDIEsutra (Best Of), LOFIsutra, LOFIsutra (Best Of)"
Why You Lie (to the People's Face) EP x7 ☠ QUACKsutra,https://soundcloud.com/bananasutra/sets/why-you-lie-to-the-peoples-face-quacksutra,checked,,"7 tracks of circus critique. Same lie. New hat. Why you lying to the people's face? Served in burlesque, folk, and indie. Quack quack. You know who you are.",0:21:42,QUACKsutra,1,7,1472,15,"BURLESQUE,FOLK,INDIE","BURLESQUE,FOLK,HIP HOP,INDIE,RAGGA",,https://i1.sndcdn.com/artworks-OY8Egh3zRPXQxH74-PbCZmw-t500x500.png,https://i1.sndcdn.com/artworks-OY8Egh3zRPXQxH74-PbCZmw-t1080x1080.png,Why You Lie (To The People's Face)?,L-305,Quack: DUCK (shady),2025-03-02 06:57,"BLUESsutra, BURLESQUEsutra, DUBsutra, FOTUS CIRCUS Playlist An American Freaks Show, LOFIsutra, QUACKsutra : DUCK (shady), QUACKsutra where we sing FU"
Win-Win After Midnight ⭐︎ FLOWsutra (Wet My Friend) Indie Folk EPx4,https://soundcloud.com/bananasutra/sets/win-win-after-midnight-flowsutra-folk-epx4,checked,,"A quick 11-minute burst of tender awe, across 4 tracks. After midnight, the only fair game is the one where you both win. Honest wrapped in skin. A gentler no. A deeper yes. The sound: banjo and folk. Where trust gets tender.",0:11:34,FLOWsutra,1,4,2462,38,"BANJO,FOLK","BANJO,FOLK",,https://i1.sndcdn.com/artworks-uJrRNfc2mPG53hUI-tdlVIw-t500x500.png,https://i1.sndcdn.com/artworks-uJrRNfc2mPG53hUI-tdlVIw-t1080x1080.png,Win-Win After Midnight,L-345,Trust: WET (my friend),2026-04-25 04:53,"FLOWsutra where time is space, FOLKsutra, JAZZsutra"
WIN-WIN DUB EPx3 ⚭ French-English GROWsutra Fusion Soul,https://soundcloud.com/bananasutra/sets/win-win-dub-epx3-french-english-growsutra-fusion-soul,checked,,"A quick 8-minute burst of stubborn hope, across 3 tracks. Kindness ain't weakness, it's holy steel. Win-win, c'est ma religion — en français-anglais fusion soul. The sound: dub. En français, évidemment. Kindness as rebellion.",0:08:12,GROWsutra,1,3,774,9,DUB,"DUB,HIP HOP,RAGGA,SOUL",,https://i1.sndcdn.com/artworks-oBETDaFyMMJRa4Qg-sDo0ng-t500x500.png,https://i1.sndcdn.com/artworks-oBETDaFyMMJRa4Qg-sDo0ng-t1080x1080.png,WIN-WIN (dub),L-307,"Dare: KIND(ness),World: FRENCHsutra",2025-10-07 09:27,"DUBsutra, FRENCHsutra oui oui · sacrebleu, GROWsutra where we be brave, OUI OUI : Pardon (my French), SHOWsutra: (shades of) FOOLS"
Woke 'em Whacks EPx4 : BLUES & DUBsutra (Music Therapy),https://soundcloud.com/bananasutra/sets/woke-em-whacks-epx4-blues-dubsutra-music-therapy,checked,,"4 tracks of ego in the mirror. If you're not racist, you're woke. If you're not sexist, you're woke. Super-woke, actually. Stay wide awake, forever woke. The sound: blues. Quack quack. You know who you are.",0:12:56,QUACKsutra,1,4,1106,19,BLUES,BLUES,,https://i1.sndcdn.com/artworks-w61imgKjvg3ASHMz-HXgbbA-t500x500.jpg,https://i1.sndcdn.com/artworks-w61imgKjvg3ASHMz-HXgbbA-t1080x1080.jpg,Woke 'em Whacks,L-309,Quack: DUCK (shady),2025-01-23 05:57,"BLOWsutra, BLUESsutra, DUBsutra, FOLKsutra, INDIEsutra, JAZZsutra, LOFIsutra, QUACKsutra : DUCK (shady), QUACKsutra where we sing FU"
Zero Sum (Zero Sean) • GROWsutra (Dare to Care) EPx22,https://soundcloud.com/bananasutra/sets/zero-sum-growsutra-epx22,checked,,"A 23-track dark bloom that holds ego up to a funhouse mirror. When someone mistakes scarcity for personality... or something strangely suspicious like that. Burlesque, dub, and folk grooves from end to end. Over 23k plays and counting—clearly something landed. Dare to care. That's the whole thing.",1:17:31,GROWsutra,1,23,23899,244,"BURLESQUE,DUB,FOLK,INDIE,JAZZ,LOFI","BURLESQUE,CABARET,DUB,FADO,FLAMENCO,FOLK,GIPSY,INDIE,JAZZ,LOFI,PSYCHEDELIC,PUNK,RAGGA",,https://i1.sndcdn.com/artworks-EIMomqQ3VHc9dl93-DvcAsA-t500x500.png,https://i1.sndcdn.com/artworks-EIMomqQ3VHc9dl93-DvcAsA-t1080x1080.png,Zero Sum (Zero Sean),L-312,Dare: DARE (to care),2026-03-19 06:42,"BURLESQUEsutra, DUBsutra, DUBsutra (Best Of), GROWsutra where we be brave, INDIEsutra, LOFIsutra, LOFIsutra (Best Of), ROCKsutra (Best Of), WORLDsutra (Best Of)"
