title,lyrics_title,lyrics_id,ytvideo_in_app,format,rating,duration,topic_categories,yt_url,content_type,genre_primary,genre_secondary,instruments,sutra,mood,tempo_feel,curation_rating,has_manual_caption,manual_notes,publish_date,view_count,like_count,comment_count,thumbnail_url,description,yt_tags,series_info,language,playlist_names,playlist_count,has_captions,privacy_status,embeddable,license,made_for_kids,status,notes,video_id
Hard Core 🦆💨,,,,9:16,,3:26,"Independent music, Music",https://www.youtube.com/watch?v=92P_ius2eLs,Commentary,,,,,,,,,,2024-11-07,32,,0,https://i.ytimg.com/vi/92P_ius2eLs/sddefault.jpg,,,,English,"JAZZsutra,KNOWsutra,Bible Gone Bananas",3,,public,checked,youtube,,New,,92P_ius2eLs
"“Have fun, enjoy the partey (I'm dead inside)”",,,checked,9:16,,0:06,Entertainment,https://www.youtube.com/watch?v=FMQvYQhd9TU,Commentary,SPOKEN WORDS,,Voice,,,,,,,2025-03-21,52,,0,https://i.ytimg.com/vi/FMQvYQhd9TU/maxresdefault.jpg,#murica #rip #education #dystopian #truestory #imsad #deadinside,,,EN,"BLABLAsutra,SHORTsutra Bananas Matter",2,,public,checked,youtube,,New,,FMQvYQhd9TU
Can the #cacophony of cocksure bollocks ever “trickle out” of this Felon’s kingdom⁉️🍿,,,checked,9:16,,0:14,"Entertainment, Independent music, Performing arts, Pop music",https://www.youtube.com/watch?v=wkQYa8mr9zU,Commentary,MANTRA,,Voice,,,,,,,2025-03-13,32,,0,https://i.ytimg.com/vi/wkQYa8mr9zU/maxresdefault.jpg,"@bananasutra lyrics + #aivoice on #sunomusic 

[Verse 1]
They say, “Oh, you dress to impress, that’s clear.”
But I’m just a dreamer, dear
Feathers, ribbons, velvet lace
Spinning through life in a world I create

[Pre-Chorus]
Oh, you think I’m playing just to steal the scene?
Baby, I’m the story—call me the queen

[Chorus]
[Playful, bouncy melody, with jazzy scatting]
I’m a silly girl, funny cat, hearty queen, white rabbit—ooh la la!
Dancing through the city lights, Paris brings that je ne sais quoi
Not for love, not for show, just a spark that’s set to glow
Dressed in wonder, head to toe—darling, that’s just how I flow!

[Verse 2]
Tilt their heads, they analyze
“Who’s she tryna mesmerize?”
But I just twirl and tip my crown
Living this magic, won’t tone it down

[Pre-Chorus]
Oh, you think I’m dressing just to turn some heads?
Baby, I’m a fairytale, born and bred

[Chorus]
[Swingin’, syncopated rhythm, playful horn accents]
I’m a silly girl, funny cat, hearty queen, white rabbit—ooh la la!
Dancing through the city lights, Paris brings that je ne sais quoi
Not for love, not for show, just a spark that’s set to glow
Dressed in wonder, head to toe—darling, that’s just how I flow!

[Outro]
[Soft, teasing, spoken word over a smooth bassline]
So next time you see me all dressed to the nines…
Just know, darling—this fairytale’s mine.


[end]",,,Bilingual,"BLABLAsutra,SHOWsutra,FOTUS CIRCUS (Felon Of The United States),SHORTsutra Bananas Matter",4,,public,checked,youtube,,New,,wkQYa8mr9zU
Gratitude interlude: blessed be the sound of #banana jokes 🎤🍌🙊,,,checked,9:16,,0:08,Entertainment,https://www.youtube.com/watch?v=SiSJbGm5idc,Commentary,SPOKEN WORDS,,,,,,,,,2026-03-08,15,0,0,https://i.ytimg.com/vi/SiSJbGm5idc/maxresdefault.jpg,Blessed the sound of music 🤌,"Banana Joke,The sound of music,Mattresses Matter,Happy Saturday,Comedick",,EN,BLABLAsutra,1,,public,checked,youtube,,New,,SiSJbGm5idc
Let’s see if #copyright vampires dare claim rights on my sweet sample  #françoisehardy #cover #rip,,,checked,9:16,,1:00,"Independent music, Music, Pop music",https://www.youtube.com/watch?v=phAy4l8pExU,Short/Reel,INDIE,,Voice,,,,,,,2024-10-30,26,,0,https://i.ytimg.com/vi/phAy4l8pExU/maxresdefault.jpg,,,,EN,"FOLKsutra,LULLABIESsutra,SHORTsutra Bananas Matter",3,,public,checked,youtube,,New,,phAy4l8pExU
"Meanwhile, at the bananasutra #artgallery 🍌💨",,,checked,9:16,,0:08,Entertainment,https://www.youtube.com/watch?v=whCo0-Rcdeg,Commentary,SPOKEN WORDS,,,,,,,,,2025-04-18,241,,0,https://i.ytimg.com/vi/whCo0-Rcdeg/maxresdefault.jpg,,,,EN,"BLABLAsutra,FOTUS CIRCUS (Felon Of The United States),SHORTsutra Bananas Matter,Bible Gone Bananas",4,,public,checked,youtube,,New,,whCo0-Rcdeg
Fake News Dream Machine: imagine a cruel Felon King magically turned Kind (PSA: NEVER happenin’ ;),,,checked,16:9,2,3:13,"Electronic music, Independent music, Music",https://www.youtube.com/watch?v=R55sW_ND2xg,Commentary,SPOKEN WORDS,,Voice,,,,,,i think i ponder -- findcorrect version,2025-01-25,26,,0,https://i.ytimg.com/vi/R55sW_ND2xg/maxresdefault.jpg,"We knew the FOTUS can’t dance, and guess what… he can’t sing either ;)
@bananasutra lyrics inspired from my old OKcupid profile #funfacts",,,EN,"BLABLAsutra,PEACE CIRCUS,FOTUS CIRCUS (Felon Of The United States),Bible Gone Bananas",4,,public,checked,youtube,,New,,R55sW_ND2xg
God Made a Mistake (at the Art Gallery)... 🎭📺🍏💨,,,checked,9:16,,0:08,"Independent music, Music, Pop music, Reggae, Religion",https://www.youtube.com/watch?v=zqdyfcM4CqQ,Commentary,SPOKEN WORDS,,Voice,,,,,,,2025-09-25,121,1,0,https://i.ytimg.com/vi/zqdyfcM4CqQ/maxresdefault.jpg,"Why can’t we agree violence is insane, and greed a vile kind of creed? What makes humans so prone to egotistical deception, and so gullible? How can evil get away with evil, over and over and over and again and again? When will we ever learn that peace is necessary to collective prosperity, the true glory? 

Will the deadly spirals of imperialism ever stop spinning out of control? Not in my lifetime, I know that much 🕊️💨 #apesgonewrong

—
@bananasutra lyrics:
[Verse 1]
Oh, tell me now, my dear, what justifies the pain?
What on earth makes violence ever seem sane?
Is it the promise of a world more fair,
Or the foolish pride of those who dare
To claim the ends can cleanse the stains,
Of broken hearts and shattered reigns?

[Chorus]
From Stalin’s grip to Mao’s command,
To every inch of stolen land,
Tell me, my friends, what do you see?
Is there a truth that sets us free?
Or do we dance to the same old song,
Believing right can come from wrong?

[Verse 2]
They said the bombs on Hiroshima’s shores
Would end a war, prevent more wars.
But what of lives turned into dust,
The silent screams of broken trust?
Do numbers add up to some great peace,
When history’s wounds have yet to cease?

[Bridge]
Oh, they speak of order, speak of gain,
But what justifies the mothers’ pain?
The fathers lost, the children weep,
As history digs its grave so deep.
What on earth, my friends, justifies
The lies that blind our very eyes?

[Verse 3]
Look at apartheid’s cold divide,
Or the Inquisition’s holy pride,
They claimed a cause, they claimed a need,
But all I see is human greed.
The fools who bamboozle, fools who scheme,
Turning justice into a fevered dream.

[Chorus]
From Stalin’s grip to Mao’s command,
To every inch of stolen land,
Tell me, my friends, what do you see?
Is there a truth that sets us free?
Or do we dance to the same old song,
Believing right can come from wrong?

[Outro]
So tell me now, my dear, what justifies the pain?
Can anything make violence ever seem sane?
Or do we learn from the tales of old,
That love, not power, is what we hold?
Oh, what justifies, what justifies the pain?",,,EN,"BLABLAsutra,FOTUS CIRCUS (Felon Of The United States),SHORTsutra Bananas Matter,Bible Gone Bananas",4,,public,checked,youtube,,New,,zqdyfcM4CqQ
"And now, for a brief #dystopianart interlude, in a world gone bananas… Do you know the feeling⁉️",,,checked,9:16,,0:13,Entertainment,https://www.youtube.com/watch?v=fqqLZnseg1E,Commentary,MANTRA,,Xylophone,,,,,,,2026-02-09,174,0,0,https://i.ytimg.com/vi/fqqLZnseg1E/maxresdefault.jpg,#memelife IRL,,,EN,"BLABLAsutra,SHORTsutra Bananas Matter",2,,public,checked,youtube,,New,,fqqLZnseg1E
Because fairies #magicmatters and sincere wishes count 🧚🍀 note: #happiness ain’t about gold = true,,,checked,9:16,,0:15,Entertainment,https://www.youtube.com/watch?v=yBe9f_ZLf5E,Commentary,SPOKEN WORDS,,Piano,,,,,,,2025-03-15,31,,0,https://i.ytimg.com/vi/yBe9f_ZLf5E/maxresdefault.jpg,,,,EN,"BLABLAsutra,PEACE CIRCUS,SHORTsutra Bananas Matter",3,,public,checked,youtube,,New,,yBe9f_ZLf5E
How's ur #wonderland doin’? Blessed be #dreams of genuinely harmonious life on Earth 🪕🐰🎩 #staysafe,,,checked,9:16,,0:09,Music,https://www.youtube.com/watch?v=ujd2xt11xDY,Commentary,SPOKEN WORDS,,"Piano,Voice",,,,,,,2025-03-23,33,,0,https://i.ytimg.com/vi/ujd2xt11xDY/maxresdefault.jpg,@bananasutra reporting from a San Francisco rooftop,,,EN,"SHOWsutra : Fanana Club,BLABLAsutra,SHOWsutra,BURLESQUEsutra,SHORTsutra Bananas Matter",5,,public,checked,youtube,,New,,ujd2xt11xDY
Truth is the only path that leads to heaven and y’all MAGA felons aids are going to hell—obviously,,,checked,9:16,4,2:48,"Music, Pop music, Religion",https://www.youtube.com/watch?v=nMiRzxVuNP4,Music Video,LOFI,ROCK,"Drum,Voice",,,,,,"??? ""This issue is real dystopian""",2025-03-07,49,,0,https://i.ytimg.com/vi/nMiRzxVuNP4/maxresdefault.jpg,,"FOTUS,MAGA",,EN,"KNOWsutra : (Naked) Truth,ROCKsutra,FOTUS CIRCUS (Felon Of The United States),SHORTsutra Bananas Matter,Bible Gone Bananas",5,,public,checked,youtube,,New,,nMiRzxVuNP4
The feel of the waltz of pages turning 📖🎶 #existentialphilosophy #acousticideas #abandon,,,checked,9:16,,0:08,Music,https://www.youtube.com/watch?v=u2uupX43Rhg,Commentary,SPOKEN WORDS,,Violin,,,,,,,2024-10-27,26,,0,https://i.ytimg.com/vi/u2uupX43Rhg/maxresdefault.jpg,,,,EN,"BLABLAsutra,SHORTsutra Bananas Matter",2,,public,checked,youtube,,New,,u2uupX43Rhg
QOTD: what is the difference between AI & the Internet⁉️@bananasutra #aivoiceover #powertothepeople,,,checked,9:16,,0:18,,https://www.youtube.com/watch?v=BbTAYKRkwAs,Commentary,SPOKEN WORDS,,Voice,,,,,,,2025-10-23,87,0,0,https://i.ytimg.com/vi/BbTAYKRkwAs/maxresdefault.jpg,,,,EN,BLABLAsutra,1,,public,checked,youtube,,New,,BbTAYKRkwAs
"Good Lord, thank you for answering my prayers with a #southpark reality TV show that matters  📺🍌🤏",,,checked,9:16,,0:09,"Entertainment, Religion",https://www.youtube.com/watch?v=lQ4uCrDkA8g,Commentary,BURLESQUE,ROCK,Voice,,,,,,,2025-07-26,1494,9,0,https://i.ytimg.com/vi/lQ4uCrDkA8g/maxresdefault.jpg,,,,EN,"BLABLAsutra,Bible Gone Bananas",2,,public,checked,youtube,,New,,lQ4uCrDkA8g
"When fake show kings know nothing butt blow, only bright brave birds may still grow, flow, & glow 🍏",,,checked,16:9,4,6:49,Humour,https://www.youtube.com/watch?v=PtsDcJw3wAo,Commentary,SPOKEN WORDS,,Voice,,,,,,"BLA BLA BLA tv show (of me in my pajamas, on the phone, and the GULAG happened...",2025-06-10,19,1,0,https://i.ytimg.com/vi/PtsDcJw3wAo/maxresdefault.jpg,"🇺🇸🇫🇷 
People often ask me how I go about writing my (many) songs… and honestly, it’s kinda hard to explain, like how do rivers quivers and why do dreamers shivers? :) I’d love to know, if you know… and always happy to have genuine, meaningfool chats about the magic of song writing ✍️ 🥰

For example… that long monologue about the new jail slaves factories coming soon my guts are feeling, smelling, tripping harder everyday… it transformed into this fun cosmic sh!tshow dub flow song lyrics—which i may or may not share here as a song (not that anyone cares ;):

Once upon a time,
in the lost soul galaxy…
where glitter-turd kings
ruled fools with gravy crowns,
and wisdom was traded
for views and shoes.

Dopanic now.

Bragging bros in navy suits,
shady boots and shiny roots,
smilin’ wide through greased deceit,
serving bland truth
with a side of backseat.

Cocksure cows squabble loud,
posing proud in empty crowds,
deep dub drowned
in booya bulls—
bling babble, boom, and busted rules.

[Chorus]
Dopanic now,
don’t wait for the Guide.
The meaning’s not 42—
it’s buried in the lies.

Wrap your towel tight—
it won’t save you now.
Dopanic, darling—
bow to the wow.

Forty-two flavors of fools,
lickin’ lies off silver spoons.
Wearing truth like borrowed shoes,
reading scripts, not singing blues.

Soundin’ loud with preacher drool,
selling fake like sacred jewels.
Echoed gods in plastic halls,
can’t count truth,
but sure can crawl.

Dressing smart, hiding clues,
posing sharp, faking news.
Serving hot pies, pryin’ like spies,
frenching them fries
like freedom lies.

Squinty eyes lost the line,
squeaky brains baby-whine.
They spout quotes like they notes,
I blow smoke like hell no.

Tasting salt, nothing sweet—
that’s no go.
What a shit show.

[Chorus]
Dopanic now,
don’t wait for the Guide.
Meaning’s not 42—
just shadows in disguise.

Wrap your towel tight—
it won’t save you now.
Dopanic, darling—
bow to the wow.

What a shit show…
Dopanic now.

🕊️","Gavin Newsom,Mass-incarcerations,Transactional logic,Anxious predictions,Murica,Dystopia,Philosophical Musings,News,Politics Matter,FOTUS,Everyone Matters,Truth matters,Justice Matters,BLOWsutra,BLABLABLA",,EN,"REALsutras,BLABLAsutra,PEACE CIRCUS",3,,public,checked,youtube,,New,,PtsDcJw3wAo
I remember when…,,,checked,9:16,,0:08,Music,https://www.youtube.com/watch?v=0JQyOxNXHX4,Commentary,SPOKEN WORDS,,Voice,,,,,,,2024-07-02,420,4,2,https://i.ytimg.com/vi/0JQyOxNXHX4/maxresdefault.jpg,,,,EN,"BLOWsutra : CENSOR(ed),SHORTsutra Bananas Matter",2,,public,checked,youtube,,New,,0JQyOxNXHX4
Can we Make Ducks not dicks Again? Blessed be Authentic Idiots wannabe President #midjourney,,,checked,9:16,,0:19,"Entertainment, Film",https://www.youtube.com/watch?v=8XcttwKuROU,Commentary,SPOKEN WORDS,,"Voice,Drum",,,,,,,2025-01-29,8,,0,https://i.ytimg.com/vi/8XcttwKuROU/maxresdefault.jpg,,,,EN,"BLOWsutra : DUCK (Shady),SHORTsutra Bananas Matter",2,,public,checked,youtube,,New,,8XcttwKuROU
"Etymologically conscious song, inspired by #georgecarlin “7 Dirty Words” comedy bit, circa 1972 📺🤓",7 Dirty Words,L-1,checked,9:16,3,3:01,"Independent music, Music, Pop music",https://www.youtube.com/watch?v=Hc4HMXiufOA,Music Video,WORLD,"LOFI,INDIE",Guitar,SHOWsutra,,,,,,2025-07-03,10,0,0,https://i.ytimg.com/vi/Hc4HMXiufOA/maxresdefault.jpg,,,,EN,"SHOWsutra : Fanana Club,SHOWsutra,Bible Gone Bananas",3,,public,checked,youtube,,New,,Hc4HMXiufOA
"Blessed be #georgecarlin fair and empathetic observations, on 1960s #supremecourt “profanity” issue",Reason Over Reverence,L-205,checked,9:16,4,2:26,"Music, Pop music",https://www.youtube.com/watch?v=dSjDGEVpHUM,Short/Reel,BURLESQUE,JAZZ,Accordion,GROWsutra,,,,,,2025-04-10,285,,0,https://i.ytimg.com/vi/dSjDGEVpHUM/maxresdefault.jpg,,,,EN,"GROWsutra : GOD (Questions Etc...),SHOWsutra : Fanana Club,BLOWsutra,BURLESQUEsutra,SHORTsutra Bananas Matter,Bible Gone Bananas",6,,public,checked,youtube,,New,,dSjDGEVpHUM
"""A la Guerre Comme A la Guerre"" ⚒ Goold Old BLOWsutra Music",A la Guerre Comme A la Guerre (To War or Not to War?),L-340,checked,16:9,2,3:10,"Independent music, Music, Pop music",https://www.youtube.com/watch?v=8FBNLoBFd0Y,Music Video,BURLESQUE,,Accordion,KNOWsutra,,,,,"LOL, this one got a chicken too... it's messy.",2025-06-29,10,0,0,https://i.ytimg.com/vi/8FBNLoBFd0Y/maxresdefault.jpg,"#BLOWsutra morale of the story: don't trust trust anyone who says "" la guerre comme à la guerre"", because their heart and soul are as crappy as this video ;)
--
Original @bananasutra lyrics: 
They say, “à la guerre comme à la guerre,”
But it’s just a trick to keep you unaware.
Power’s a thief in a velvet glove,
While the rest of us fight for scraps of love.

Oh, keep your heart bright, don’t let it rust,
A polished soul can outshine the dust.

Chorus
Iron sharpens iron, but who gets burned?
The lessons of life are bitterly learned.
Polish your heart, keep your edge keen,
And clear the path to wake the dream.

The generals feast while the troops endure,
Spinning lies to make the pain seem pure.
“Do what I say, it’s the only way,”
While the muddy waters lead minds astray.

Pre-Chorus
Oh, keep your heart bright, don’t let it rust,
A polished soul can outshine the dust.

Chorus
Iron sharpens iron, but who gets burned?
The lessons of life are bitterly learned.
Polish your heart, keep your edge keen,
And clear the path to wake the dream.

What if the war’s not swords and screams,
But the quiet fight for kinder dreams?
The sharpest tool’s a curious mind,
And love’s the treasure the wise ones find.

Final Chorus
Iron sharpens iron, but not with hate,
It’s the grit of truth that makes us great.
Polish your heart, keep your edge keen,
And clear the path to wake the dream.

So laugh at the lies, and dance through the schemes,
Iron sharpens iron, but joy redeems.

-- 

PS: only here to share @bananasutra thoughts and questions in songs 🏳️ #paperstraws #peace #humbleandkind #poetrylovers #humormatters #aimusic #aivoice","aivoice,sunomusic,soulmatters,original lyrics,philosophy,music therapy",,Bilingual,"KNOWsutra : PEACE (Not War),KNOWsutra,BURLESQUEsutra,Bible Gone Bananas",4,checked,public,checked,youtube,,New,,8FBNLoBFd0Y
… #allIwish ain’t cocksure fairy Valentine fantasy but(t) remember the glory of #peaceful humility?,A la Guerre Comme A la Guerre (To War or Not to War?),L-340,checked,16:9,4,1:01,"Music, Pop music",https://www.youtube.com/watch?v=i3PpqMWsCAU,Short/Reel,INDIE,,Piano,KNOWsutra,,,,,"Au burlesque comme au burllesque, on a pink tv no less...",2025-02-14,24,,0,https://i.ytimg.com/vi/i3PpqMWsCAU/maxresdefault.jpg,"And if you can’t remember, can you imagine? 📺🍏 #KNOWsutra #jazzy",,,EN,"KNOWsutra : PEACE (Not War),“UNAVAILABLE” Content said YouTube Music… Who knew? Not me!,PEACE CIRCUS,PIANOsutra,SHORTsutra Bananas Matter,Bible Gone Bananas",6,,public,checked,youtube,,New,,i3PpqMWsCAU
"“A stroll down history lane”—#jingoism ain’t new, just getting worse by the hour (deep breath…)",A Stroll Down History’s Lane,L-7,checked,16:9,4,4:00,"Independent music, Music, Pop music",https://www.youtube.com/watch?v=0zBwpwSG_WI,Music Video,INDIE,SPOKEN WORDS,"Piano,Cello",KNOWsutra,,,,checked,,2025-05-13,31,,0,https://i.ytimg.com/vi/0zBwpwSG_WI/maxresdefault.jpg,No views no description lol,,,EN,"KNOWsutra : PEACE (Not War),KNOWsutra,FOTUS CIRCUS (Felon Of The United States),Bible Gone Bananas",4,,public,checked,youtube,,New,,0zBwpwSG_WI
"In my BananaSutra Bible, knowledge & kindness are sacred—zero tolerance for violence and #wars logic",A Stroll Down History’s Lane,L-7,checked,16:9,4,4:00,"Music, Religion",https://www.youtube.com/watch?v=yFGs35gS38s,Music Video,INDIE,MANTRA,Piano,KNOWsutra,,,,,,2025-03-22,15,,0,https://i.ytimg.com/vi/yFGs35gS38s/maxresdefault.jpg,"Just look at all the helpless pain on my face 😰 all caused by the shameless narcissistic greed and ruthless predatory behaviors of deceitful yet oh so righteous maniacs—who all really should know better, about right and wrong… blessed be all (multi-generational) innocent martyrs of wars 🙏",,,EN,"KNOWsutra : PEACE (Not War),PIANOsutra,BLOWsutra,Bible Gone Bananas",4,,public,checked,youtube,,New,,yFGs35gS38s
“Strolling Down History Lane” • Piano INDIEsutra,A Stroll Down History’s Lane,L-7,checked,16:9,4,4:00,"Independent music, Music, Pop music",https://www.youtube.com/watch?v=iPGftrx2FUY,Music Video,INDIE,SPOKEN WORDS,"Piano,Cello",KNOWsutra,,,,,,2025-02-28,31,,0,https://i.ytimg.com/vi/iPGftrx2FUY/maxresdefault.jpg,"@bananasutra lyrics + voice, with #sunomusic 

Let’s take a stroll down history’s lane
Where power thrived but truth was slain
Look at the Inquisition’s fiery grip
Burning lives with a righteous lip

And Stalin’s purge, so cold, so cruel
Millions lost to a paranoid rule
Then there’s Hiroshima, skies set ablaze
They said it would end the war’s cruel days


What don’t we get about right and wrong?
Could we learn it from a simple song?
What makes us think, what makes us trust
That means don’t matter when ends are just?

Oh, what don’t we see, what don’t we understand?
History’s lesson is close at hand

Apartheid’s chains in South Africa’s land
A legacy carved by a ruthless hand
They said it was for order’s sake
But left a trail of hearts that break

The Great Leap Forward, Mao’s great plan
Left fields of famine across the land
The Salem witch trials, the innocent blamed
Hysteria stoked, and lives were maimed

What don’t we get about right and wrong?
Could we learn it from a simple song?
What makes us think, what makes us trust
That means don’t matter when ends are just?

Oh, what don’t we see, what don’t we understand?
History’s lesson is close at hand",,,EN,"KNOWsutra : PEACE (Not War),PEACE CIRCUS,PIANOsutra,KNOWsutra,Bible Gone Bananas",5,,public,checked,youtube,,New,,iPGftrx2FUY
Kindness ABC (winners are kind) • KIDsutra,ABC Of Kindness,L-9,checked,16:9,4,2:51,"Independent music, Music",https://www.youtube.com/watch?v=mCUsefIT94A,Music Video,INDIE,SPOKEN WORDS,"Voice,Guitar",GROWsutra,,,,checked,,2025-01-18,22,,0,https://i.ytimg.com/vi/mCUsefIT94A/maxresdefault.jpg,,,,EN,"GROWsutra: KIND(ness),BLABLAsutra,FOLKsutra,KNOWsutra,LOFIsutra,Bible Gone Bananas",6,,public,checked,youtube,,New,,mCUsefIT94A
“Ain’t doing bad doing nothing” is one of the wonders found in the holy realm of #publicdomainmusic,Ain't Doing Bad Doing Nothing,L-14,checked,9:16,3,2:42,"Music, Pop music",https://www.youtube.com/watch?v=Ob2IvECibAI,Short/Reel,BLUES,,Banjo,FLOWsutra,,,,,,2025-03-23,29,,0,https://i.ytimg.com/vi/Ob2IvECibAI/maxresdefault.jpg,I wish ;),,,EN,"FLOWsutra : WET (My Friend),PEACE CIRCUS,FOLKsutra,BLUESsutra,FLOWsutra,SHORTsutra Bananas Matter,Bible Gone Bananas",7,,public,checked,youtube,,New,,Ob2IvECibAI
Ain't Doing Bad Doing Nothing ... Find the differences  🪕🤖 BLUESsutra,Ain't Doing Bad Doing Nothing,L-14,checked,16:9,4,2:42,"Country music, Music, Pop music",https://www.youtube.com/watch?v=KwDWmhVKgeg,Music Video,BLUES,,Banjo,FLOWsutra,,,,,,2025-03-05,23,,0,https://i.ytimg.com/vi/KwDWmhVKgeg/maxresdefault.jpg,Public domain lyrics,,,EN,"FLOWsutra : WET (My Friend),BLUESsutra,FLOWsutra,Bible Gone Bananas",4,,public,checked,youtube,,New,,KwDWmhVKgeg
Ain’t Doing Bad Doing Nothing • FLOWsutra WET (Public Domain Lyrics) Psychedelic Vocal JAZZ 🎤🌈,Ain't Doing Bad Doing Nothing,L-14,checked,16:9,4,3:10,"Independent music, Jazz, Music",https://www.youtube.com/watch?v=CpRrVWLTBa4,Music Video,JAZZ,,Upright Bass,FLOWsutra,,,,,,2025-11-10,17,0,0,https://i.ytimg.com/vi/CpRrVWLTBa4/maxresdefault.jpg,"Welcome to my lill’ #magic heaven of silly sound OHgaSSms 🤩🎶 now, forget scammy NFTs, find joy in ‘em PDL, i.e. Public Domain Lyrics.

#bananasutracabaret #psychedelicjourney #sunomusic #aivoiceover #publicdomain #jazzvibes",,,EN,"FLOWsutra : WET (My Friend),PEACE CIRCUS,FLOWsutra,JAZZsutra,Bible Gone Bananas",5,,public,checked,youtube,,New,,CpRrVWLTBa4
Do I need to talk to the Suno Public Domain manager for ‘em to stop incorrect copyright claims ⁉️🙄,Ain't Doing Bad Doing Nothing,L-14,checked,16:9,5,3:32,"Electronic music, Music, Pop music",https://www.youtube.com/watch?v=gwWOCf3yuN8,Music Video,JAZZ,"INDIE,BURLESQUE","Voice,Cello",FLOWsutra,,,,,,2025-03-01,31,,0,https://i.ytimg.com/vi/gwWOCf3yuN8/maxresdefault.jpg,"No one likes to be falsely accused nor gagged, heh? Right… So please get your corporate liabilities police bots trained right ASAP? I’ll be waiting here doing nothing, I guess ha… K thanks bye.",,,EN,"FLOWsutra : WET (My Friend),FLOWsutra,LULLABIESsutra,BURLESQUEsutra,Bible Gone Bananas",5,,public,checked,youtube,,New,,gwWOCf3yuN8
True story… with gratitude to whoever convinced greedy corporate ghouls to accept #publicdomain laws,Ain't Doing Bad Doing Nothing,L-14,checked,9:16,,0:31,Lifestyle (sociology),https://www.youtube.com/watch?v=M73Ppbm9YNQ,Short/Reel,FOLK,,Guitar,FLOWsutra,,,,,,2025-03-20,18,,0,https://i.ytimg.com/vi/M73Ppbm9YNQ/maxresdefault.jpg,,,,EN,"FLOWsutra : WET (My Friend),BLABLAsutra,PEACE CIRCUS,BLUESsutra,BANJOsutra,BURLESQUEsutra,SHORTsutra Bananas Matter",7,,public,checked,youtube,,New,,M73Ppbm9YNQ
Public Domain Duckin’ Banjo Head • BLUESsutra 🦆💨,Ain't Doing Bad Doing Nothing,L-14,checked,16:9,4,3:33,"Electronic music, Music, Pop music",https://www.youtube.com/watch?v=_QkjuMCFO4o,Music Video,BLUES,,"Banjo,Voice",FLOWsutra,,,,,,2025-03-05,23,,0,https://i.ytimg.com/vi/_QkjuMCFO4o/maxresdefault.jpg,,,,EN,"FLOWsutra : WET (My Friend),BLUESsutra,BANJOsutra,Bible Gone Bananas",4,,public,checked,youtube,,New,,_QkjuMCFO4o
Doin’ nothing but(t) dream FOTUS CIRCUS’ just a #jazzy nightmare 🛸 #sensitivecontent #publicdomain,Ain't Doing Bad Doing Nothing,L-14,checked,9:16,,1:01,"Electronic music, Jazz, Music, Pop music",https://www.youtube.com/watch?v=PHxqUWTe3As,Short/Reel,JAZZ,,Cello,FLOWsutra,,,,,,2025-03-20,17,,0,https://i.ytimg.com/vi/PHxqUWTe3As/maxresdefault.jpg,,,,EN,"FLOWsutra : WET (My Friend),PEACE CIRCUS,BURLESQUEsutra,SHORTsutra Bananas Matter,Bible Gone Bananas",5,,public,checked,youtube,,New,,PHxqUWTe3As
All the -isms importa (isn't like poesia;) - BLOWsutra Folk Dream,All the -Isms,L-16,checked,16:9,4,3:11,"Independent music, Music, Pop music",https://www.youtube.com/watch?v=uE3xyfo3t-8,Music Video,FOLK,,Banjo,BLOWsutra,,,,checked,WRONG YOUTUBE TITLE (was “La Poesia Importa” a quirky folk song about an ancient truism of modern AmericanSS jingoism) / (VIDEO :the sketch girl on the thread with the birds,2025-05-16,7,,1,https://i.ytimg.com/vi/uE3xyfo3t-8/maxresdefault.jpg,"The false, Macchiavelian rumor “empathy is dangerous” is the most dystopian newspeak I never imagined could be true, but(t) now it is, de facto (*), at least to a seemingly ever increasing number of brainwashed AmericanSS.

It’s dangerous fake news of the worst kind, as tragic as strategic, for (like Leonard Cohen said) “everybody knows”, letting opinions trump the data is unwise, empathy is a corner stone of trust, and trust (proven to be) the ultimate winners’ key—for successful, sustainable growth and peaceful collaboration, aka happiness… 

And my point is, empathy doesn’t only matter. Empathy is absolutely necessary to survive treachery. Empathy is the people’s primary weapon, indeed, especially when trapped in an evil, predatory reality, run by delusional narcissistic victors (**) playing destructive jingoistic games, in the name of greed, power and mommy issues…

* according to my corporate social news feeds sources, which admittedly, do seem suspiciously seasoned with dangerously hollow opinions, regressive logic made of misguided pride and jingoistic bias.
** by definition, delusional narcissists are terminally sick souls, tragically deprived of the innate, ancient human ability to feel empathy for others, while also systematically feeling fully entitled to it, no matter their words and actions 💔 historically, wannabe prophetic bearers of toxic lies causing tragic suffering, in the Greek sense of the term tragedy, i.e. lose-lose situation #doublestandardmuch 

🎵 Unreleased “Lame-isms” song by @itsbananasutra made with #sumomusic and my #aivoice",,,Bilingual,"BLOWsutra : DUCK (Shady),BLOWsutra : Ego (Gone Loco)",2,,public,checked,youtube,,New,,uE3xyfo3t-8
All the -Isms  🧿 📺 🍌 🐇  BLOWsutra Lo-Fi INDIE Music,All the -Isms,L-16,checked,16:9,4,3:05,"Electronic music, Independent music, Music, Pop music, Rock music",https://www.youtube.com/watch?v=IdchpTXWd5c,Music Video,LOFI,JAZZ,Upright Bass,BLOWsutra,,,,,,2025-08-26,18,0,0,https://i.ytimg.com/vi/IdchpTXWd5c/maxresdefault.jpg,"What if there was only, truly, essentially one common root problem with the world, and it was not capitalism, not communism, not imperialism, not racism, not sexism, not elitism--but(t) simply, always, #narcissism ¿⁈ 
--
@bananasutra “Narcissism” lyrics written as parody of “Ain’t No Sunshine” (by Bill Withers)

Verse 1:
Narcissism it’s like craving all the power
It craves control, every single hour
It’s where ego grows, dividing the holy  land
Drawing lines in the sand, claiming upper hand.

Chorus:
Narcissism, see, all lame 'isms start this way,
Fueling all the hate, pushing love away.
In the heart of pride, there’s a bitter seed,
Narcissism’s why we bleed.

Verse 2:
Fascism rising, fueled by selfish pride,
Imperialism spreading far and wide.
Elitism whispers, “I’m better than the rest,”
But it's ego-driven lies, or newspeak, at best.

Chorus:
Narcissism, see, all lame 'isms starts this way,
Fueling all the hate, pushing love away.
In the heart of pride, there’s a bitter seed,
Narcissism’s the whole creed.

Bridge:
If we could turn away from the mirror,
See the world a little clearer.
Let go of chains that ego binds,
Love and peace would free our minds.

Verse 3:
Racism lingers, blinded by our fears,
Sexism’s voice cringing through the years.
Every ‘ism thrives when we bet on pride,
It's narcissism's hold that keeps us locked inside.

Chorus:
Narcissism, see, all lame 'isms start this way,
Fueling all the hate, pushing love away.
In the heart of pride, there’s a bitter seed,
Narcissism’s why we bleed.

Outro:
But if we rise, let empathy be our guide,
Tear down the walls, watch the love magnify.
Though ego’s the root, perhaps we can see,
Narcissism fade… when we choose to be free.
--

#questioneverything #questionandanswer #indiemusic #aivoice #blowsutra #bananasutra #narcissisticabuse #narcissisticabuserecovery","aivoice,sunomusic,soulmatters,original lyrics,philosophy,music therapy",,EN,"BLOWsutra : Ego (Gone Loco),PEACE CIRCUS,JAZZsutra,BLOWsutra,Bible Gone Bananas",5,checked,public,checked,youtube,,New,,IdchpTXWd5c
Awe is Mighty - EPx2 inspired by Mary Oliver - GLOWsutra Poet(ry) Indie Lullaby For Adults,Awe Is Mighty,L-21,checked,16:9,5,6:39,"Electronic music, Music",https://www.youtube.com/watch?v=OUeeMQn60H8,EP Compilation,JAZZ,"WORLD,INDIE","Cello,Drum,Voice",GLOWsutra,,,,,,2025-12-29,15,0,0,https://i.ytimg.com/vi/OUeeMQn60H8/maxresdefault.jpg,"Because Sundays are for #gratitude and if you haven’t had the pleasure to read #maryoliver #poetry you’re in for a mighty treat, maybe—if you can imagine and feel the meaning of #awe (it’s holy:)

00:00 Song 1 GLOWsutra Drum Trip Hop(e) Soul Mantra
02:39 Song 2 GLOWsutra Conscious Indie Blues LoFi Lullaby

@bananasutra (humble) #unreleased #lyrics

[Verse 1]  
What gives you that special spark  
When the world feels like a walk in the park  
Is it the smell of fresh-baked bread  
Or a puppy cuddling in your bed

[Chorus]  
Awe is mighty, maybe even holy  
It’s in the smile of a morning glory  
Or the waves kissing the sandy shore  
Awe is free, it opens every door

[Verse 2]  
Staring up at a starry sky  
Reading words that make you sigh  
Awe is in the moments small  
Reminding us we’re part of it all

[Chorus]  
Awe is mighty, maybe even holy  
It’s in the smile of a morning glory  
Or the waves kissing the sandy shore  
Awe is free, it opens every door

[Outro]  
Can we make awe matter again?  
In the rhythm, in the rhyme,  
In the syncopated bass keeping time  
Let’s find awe, in the ordinary",,EPx2,EN,"GLOWsutra : POET(ry),GLOWsutra,PEACE CIRCUS,LULLABIESsutra,Bible Gone Bananas",5,,public,checked,youtube,,New,,OUeeMQn60H8
“BANANA ALLELUIA” is a KNOWsutra Folk Burlesque audiovisual poetry song for the dystopian age 👠🍌📺,Banana Alleluia,L-22,checked,9:16,4,2:57,"Independent music, Music",https://www.youtube.com/watch?v=511TDCDL0j0,Music Video,FOLK,BURLESQUE,Banjo,KNOWsutra,,,,checked,,2025-07-25,13,0,0,https://i.ytimg.com/vi/511TDCDL0j0/maxresdefault.jpg,,,,EN,"SHOWsutra: B.J. is for Banana Joke,Bible Gone Bananas",2,,public,checked,youtube,,New,,511TDCDL0j0
Me praying DJT trashing MLK dreams for inauguration doesn’t mean nightmares come true now🕊️ #peace,Be The Fool (Perfection Is A Lie),L-26,checked,9:16,,0:11,Music,https://www.youtube.com/watch?v=UAO1I-UsCpM,Commentary,SPOKEN WORDS,FOLK,Guitar,SHOWsutra,,,,,,2025-02-06,93,,0,https://i.ytimg.com/vi/UAO1I-UsCpM/maxresdefault.jpg,,,,EN,"BLABLAsutra,SHORTsutra Bananas Matter",2,,public,checked,youtube,,New,,UAO1I-UsCpM
"Hey time travelers, did #democracy die on a #yearofthesnake 🐍⁉️with my apologies to honest snakes",Be The Fool (Perfection Is A Lie),L-26,checked,9:16,,0:20,,https://www.youtube.com/watch?v=DEIudnHINWI,Commentary,SPOKEN WORDS,,"Voice,Guitar",SHOWsutra,,,,,,2025-02-06,5,,0,https://i.ytimg.com/vi/DEIudnHINWI/maxresdefault.jpg,,,,EN,"BLABLAsutra,SHORTsutra Bananas Matter",2,,public,checked,youtube,,New,,DEIudnHINWI
📺 🕊️❤️ #madewithlove,Blessed Are The Cracked,L-32,checked,9:16,4,3:03,"Independent music, Music, Pop music",https://www.youtube.com/watch?v=QZ-GbSna-lM,Music Video,JAZZ,INDIE,"Cello,Piano",SHOWsutra,,,,,,2024-12-04,29,,0,https://i.ytimg.com/vi/QZ-GbSna-lM/sddefault.jpg,Original lyrics + Suno music + midjourney art + diffuse ai animation + stitched in Beatleap and Videoleap,,,EN,"KNOWsutra : Bertrand (He Knows),BLOWsutra : FOTUS Circus,FLOWsutra,BURLESQUEsutra,Bible Gone Bananas",5,,public,checked,youtube,,New,,QZ-GbSna-lM
"I like this song, too… you?",Blessed Are The Cracked,L-32,checked,16:9,4,3:20,"Independent music, Music, Pop music",https://www.youtube.com/watch?v=HQQHubV5PC4,Music Video,JAZZ,,Upright Bass,SHOWsutra,,,,,,2024-12-04,22,,0,https://i.ytimg.com/vi/HQQHubV5PC4/maxresdefault.jpg,Original lyrics + Suno music + midjourney art + diffuse ai animation + stitched in Beatleap and Videoleap,,,EN,"KNOWsutra : Bertrand (He Knows),FLOWsutra,LULLABIESsutra,Bible Gone Bananas",4,,public,checked,youtube,,New,,HQQHubV5PC4
"“Blessed Are the Cracked” (another bananasutra song inspired by Bertrand Russel, and Leonard Cohen)",Blessed Are The Cracked,L-32,checked,16:9,5,3:20,"Music, Pop music",https://www.youtube.com/watch?v=EAosjkHURqU,Music Video,JAZZ,INDIE,"Upright Bass,Voice",SHOWsutra,,,,checked,,2025-04-30,28,,0,https://i.ytimg.com/vi/EAosjkHURqU/maxresdefault.jpg,"“Blessed are the cracked” is a modern proverb and folk wisdom sometimes (falsely) attributed to Groucho Marx—an aphorism that plays off the biblical “Beatitudes” style, with a poetic twist. It has circulated widely in motivational and spiritual circles, sometimes altered to:
“There is a crack in everything, that’s how the light gets in,” which is a verifiable line from Leonard Cohen’s song “Anthem.” 

The bananasutra lyrics are generally about embracing imperfection, humor, and the cracks that let the light in… and is specifically inspired by the following quotes from Bertrand Russel—one of my all-time fav imaginary down-under boyfriends (ha):

“People's opinions are mainly designed to make them feel comfortable; truth, for most people, is a secondary consideration.”
“Most people would sooner die than think; in fact, they do.”
“War does not determine who is right—only who is left.”
“It is preoccupation with possessions, more than anything else, that prevents us from living freely and nobly.”
“The only thing that will redeem mankind is cooperation.”
“The good life is one inspired by love and guided by knowledge.”
“To be without some of the things you want is an indispensable part of happiness.”
“The secret of happiness is this: let your interests be as wide as possible, and let your reactions to the things and persons that interest you be as far as possible friendly rather than hostile.”
“A sense of duty is useful in work, but offensive in personal relations. People wish to be liked, not to be endured.”
“The world is full of magical things patiently waiting for our wits to grow sharper.”

(Verse 1)
Blessed are the cracked, the broken, the bruised,
The ones who laugh though life’s been unkind,
For every scar’s a map, every crack’s a muse,
And through the gaps, the light unwinds.

(Chorus)
Blessed are the cracked, for they shall shine,
Through the fractures of this fragile design.
A little offbeat, a little askew,
Blessed are the cracked, just like you.

(Verse 2)
Oh, perfect is a prison, a gilded lie,
Where laughter dies and hearts grow cold.
But in the cracked, the crooked, the wry,
Is a warmth that’s worth more than gold.

(Chorus)
Blessed are the cracked, for they shall shine,
Through the fractures of this fragile design.
A little offbeat, a little askew,
Blessed are the cracked, just like you.

(Bridge)
Let’s drink to the fools, the clumsy, the lost,
Who stumble but never resign.
For in every tumble, in every cost,
Is a wisdom that grows with time.

(Outro)
So laugh with the cracks, let the light pour through,
Blessed are the broken—blessed are you.
A little offbeat, a little askew,
Blessed are the cracked, just like you.",,,EN,"KNOWsutra : Bertrand (He Knows),PEACE CIRCUS,GROWsutra,FOLKsutra,Bible Gone Bananas",5,,public,checked,youtube,,New,,EAosjkHURqU
"Do you make songs your head too?… I’ll share one, you share one :)",Blessed Are The Cracked,L-32,checked,16:9,4,3:25,"Independent music, Music",https://www.youtube.com/watch?v=FuY91j9FUVc,Music Video,INDIE,JAZZ,Voice,SHOWsutra,,,,,,2024-12-04,31,,0,https://i.ytimg.com/vi/FuY91j9FUVc/maxresdefault.jpg,Original lyrics + Suno music + midjourney art + diffuse ai animation + stitched in Beatleap and Videoleap,,,EN,"KNOWsutra : Bertrand (He Knows),FLOWsutra,LULLABIESsutra,Bible Gone Bananas",4,,public,checked,youtube,,New,,FuY91j9FUVc
Blessed Be The Dogs 📢🤘🐶🎶 SHOWsutra Psychedelic Post-Punk Rock Banana Cabaret Delight,Blessed Be The Dogs (SHOWsutra Edition),L-146,checked,16:9,4,4:26,"Electronic music, Independent music, Music, Pop music, Rock music",https://www.youtube.com/watch?v=LSPY7jumdjw,Music Video,BURLESQUE,ROCK,"Upright Bass,Bass",SHOWsutra,,,,,,2025-08-15,20,0,0,https://i.ytimg.com/vi/LSPY7jumdjw/maxresdefault.jpg,"The more I use the SUTRAS I created in my daily life, the more I find them helpful—they not only allow me to increase my own awareness (of my intent, perspective, and focus or priority at a given point in time), they also allow me to influence my thoughts and feelings, by rooting them into a chosen, conscious mindset, to better regulate and balance my moods… and this song is a great example of me doing juat that.

Originally written as a mellow trip-hopy BOWsutra song, a humble reflection on unconditional love and the concept of death, this adaptation of the song shifts the energy into SHOWsutra and FLOWsutra—to honor the wild love and lighthearted fun flowing energy dogs aka our BFF bring into our daily lives, forever ❤️‍🔥like a mighty power punk rock pep talk :)

… like, you know, balls matter, and “Grass is for pooping, and also rolling” lol

—
⁠@bananasutra lyrics

[Verse 1]
Oh, the wagging tail's like a sermon in motion,
The nose in the wind, a lesson in devotion.
They give us patience, they show us trust,
They teach us to sniff before making a fuss.
Oh, why rush? Why stress?
When every breeze is a brand-new guest?

[Chorus warm, kind, quirky]
Blessed be the dogs!
They know, they blow, they grow, they glow.
Blessed be the show!
Dogs love, dogs live, dogs let it flow.

[Verse 2]
They say, “Watch with your balls, listen with your nose,
“Every tree’s a story, and puddle got prose.”
“Grass is for pooping, and also rolling”
“And a belly-up rub in the sun is the best thing""
“Don’t hold a grudge, don’t waste the fun”
“Chase what you love, watch your balls run!”

[Chorus]
Blessed be the dogs!
They know, they blow, they grow, they glow.
Blessed be the show!
Dogs love, dogs live, dogs let it flow.

[Bridge]
Life is a game of fetch my heart
Throw it far, far, make it an art
Chasing no fame, not asking why
Sniffing the ground… I swear, it's nearby.

Patience in a wag,
Pardon in the bag,
And gratitude, dog attitude
That’s a full-body wiggle of joy
like love leaped in the middle, oh boy.

[Final Chorus]
Blessed be the dogs!
They know, they blow, they grow, they glow.
Blessed be the show!
Dogs love, dogs live, dogs let it flow.

(Let it flow… Let it flow…)",,,EN,"ROCKsutra,SHOWsutra,Bible Gone Bananas",3,,public,checked,youtube,,New,,LSPY7jumdjw
"Blessed Be Your Voice ☆ ROCKsutra (Let's Make America Blessed Again, please! Like ASAP, ok?;)",Blessed be Your Voice,L-34,checked,9:16,4,2:12,"Music, Pop music, Rock music",https://www.youtube.com/watch?v=cL8Id15leJY,Music Video,ROCK,,"Guitar,Voice",GROWsutra,,,,,,2025-01-26,32,,0,https://i.ytimg.com/vi/cL8Id15leJY/maxresdefault.jpg,"Special ROCKsutra single release, inspired by the tragiculous rise of bullies as ""winners"", and dedicated to you (and you, yes you:) and your mother, your brothers, your sisters, and (most importantly) all the brave, kind, and sensitive kids out there... Blessed be their holy voices, praised be benevolent truth aka transparency, equality, and accountability. Because wow, seriously, just sayin' wtff?! I just can't help to wonder... how can I help good kids understand right & wrong, and all that history taught us? How can we help create a better future, for everyone, maybe even Make America Blessed Again? #blessedbeyourvoice #makeamericablessedagain

@bananasutra ""Blessed be your Voice"" lyrics, for the brave and curious:

Blessed be your voice, let it rise,
Ain’t no chains to hold what’s wise,
The power’s in the truth you sing,
Let your words fly on free wings.

Blessed be your voice, let it break the silence,
In a world that’s hard, we need no compliance.
Raise it high, let the truth unfold,
Respect your voice, it’s purest gold.

Don’t you know, silence is their tool,
They’ll try to keep you quiet, play the fool.
But in every breath you take, you’ll find,
Power in the words that speak your mind.

Blessed be your voice, let it break the silence,
In a world that’s hard, we need no compliance.
Raise it high, let the truth unfold,
Respect your voice, it’s purest gold.

In the silence, war will grow,
When words fail us, don’t you know,
It’s the battle for your soul,
So, speak up loud, make yourself whole.

Blessed be your voice, let it break the silence,
In a world that’s hard, we need no compliance.
Raise it high, let the truth unfold,
Respect your voice, it’s purest gold.","rockmusic,authentic imagination,philosophy matters",,EN,"GROWsutra : DARE (to Care),ROCKsutra,PEACE CIRCUS,GROWsutra,Bible Gone Bananas",5,,public,checked,youtube,,New,,cL8Id15leJY
"Please pardon my bananas—just indulging in satirical #blessedbe (the fruit) jokes, while I can  🦅🎶",Blessed be Your Voice,L-34,checked,9:16,,0:31,Entertainment,https://www.youtube.com/watch?v=QIS1zNLBh0I,Short/Reel,INDIE,,Voice,GROWsutra,,,,,,2025-03-25,42,,0,https://i.ytimg.com/vi/QIS1zNLBh0I/maxresdefault.jpg,,,,EN,"SHOWsutra: B.J. is for Banana Joke,PEACE CIRCUS,GROWsutra,JAZZsutra,SHORTsutra Bananas Matter",5,,public,checked,youtube,,New,,QIS1zNLBh0I
Bloom Past Doom (Apes Gone Wrong Series) EPx2 • BLOWsutra Revolution Ring Conscious Folk Dream 🐒📺,Bloom Past Doom,L-36,checked,16:9,4,5:20,"Independent music, Music, Pop music, Rock music",https://www.youtube.com/watch?v=5CY5-CkYn0U,EP Compilation,BLUES,"JAZZ,INDIE","Voice,Banjo",BLOWsutra,,,,,,2026-01-28,16,1,0,https://i.ytimg.com/vi/5CY5-CkYn0U/maxresdefault.jpg,"00:00 Song 1
03:13 Song 2

“Apes Gone Wrong” is a BLOWsutra series of (many) #revolution songs where I try to convince myself we (the people, whoever that may be, missing from these chairs…) shall soon “Bloom Past Doom” #deepbreath #likeaprayer 🙏

Fool EPs available for free download on @bananasutra #soundcloud",,EPx2,EN,"BLOWsutra : REVOLT (Now),FOLKsutra,BLOWsutra,Bible Gone Bananas",4,,public,checked,youtube,,New,,5CY5-CkYn0U
Welcome to the Internet • A Jazzy #boburnham  SHOWsutra Burlesque Kitten Cover Song,Bo Burnham Covers,L-37,checked,16:9,5,4:01,"Jazz, Music",https://www.youtube.com/watch?v=7cnHa8oV1AU,Music Video,BURLESQUE,INDIE,"Upright Bass,Voice",SHOWsutra,,,,,,2025-11-16,9,0,0,https://i.ytimg.com/vi/7cnHa8oV1AU/maxresdefault.jpg,"Remember that song?! It’s sooo good :) 

… This is a rare @b@bananasutrafanart #coversong because where(tf) is #boburnham now?! I (and the kittens of the internet) genuinely miss him, his integrity, his brilliant sense of humor, and big-hearted songwriting talents 😻

Disclaimer: this channel is not monetized and the sole purpose of my music kitten video is to honor and promote Bo’s meaningfool music legacy 🎼

#meows #savethekitten #midjourneyart #sunomusic #aivoiceover",,,EN,"SHOWsutra,BURLESQUEsutra,Bible Gone Bananas",3,,public,checked,youtube,,New,,7cnHa8oV1AU
When the internet be like 🦗💨  #meow #okeydokey,Bo Burnham Covers,L-37,checked,9:16,5,0:15,Entertainment,https://www.youtube.com/watch?v=X83LQ0BURC0,Commentary,INDIE,FOLK,Voice,SHOWsutra,,,,,,2026-03-09,1766,20,0,https://i.ytimg.com/vi/X83LQ0BURC0/maxresdefault.jpg,"A cricket, a kitty, and a banana walked into a piano bar…","Crickets,bananas,Humorous Reality,Piano,Bar Joke,True story",,EN,"BLABLAsutra,SHORTsutra Bananas Matter",2,,public,checked,youtube,,New,,X83LQ0BURC0
F*CK • A Bo Burnham’s Gratitude Cover Song 🎹SHOWsutra love story à la Burlesque Piano Jazz Sauce;),Bo Burnham Covers,L-37,checked,16:9,4,3:54,"Independent music, Jazz, Music, Pop music",https://www.youtube.com/watch?v=M2LMNBd-vU4,Music Video,BURLESQUE,"JAZZ,INDIE",Piano,SHOWsutra,,,,,,2025-11-16,6,0,0,https://i.ytimg.com/vi/M2LMNBd-vU4/maxresdefault.jpg,"Cover song encore, because if you never heard a @bob@boburnhamg, you’re totally missing out! So, voilà… now go check him out, and let him know we (the people with a good heart and functioning brain) all miss him!

#showsutra #bananasutracabaret #burlesqueshow #sunomusic #aivoiceover #noncommercialuse",,,Bilingual,"PIANOsutra,SHOWsutra,BURLESQUEsutra,Bible Gone Bananas",4,,public,checked,youtube,,New,,M2LMNBd-vU4
Questions are always wise bc meaning matters #sutraknow #woken #broken #diymusicvideo #diymusic,Broken Whole,L-346,checked,9:16,,0:18,,https://www.youtube.com/watch?v=4ND56rHpEnM,Commentary,SPOKEN WORDS,,Voice,GROWsutra,,,,,,2024-10-16,23,,0,https://i.ytimg.com/vi/4ND56rHpEnM/maxresdefault.jpg,Floral metaphor in smoke,,,EN,"BLABLAsutra,SHORTsutra Bananas Matter",2,,public,checked,youtube,,New,,4ND56rHpEnM
“But(t) How Can You?” is a quirky lill’ #scoobydoo detective story chasing ghostly good consciences…,But(t) How Can You?,L-40,checked,9:16,5,2:35,"Music, Pop music",https://www.youtube.com/watch?v=np38EN_y3c4,Short/Reel,INDIE,BURLESQUE,"Cello,Voice",KNOWsutra,,,,,,2026-03-07,10,0,0,https://i.ytimg.com/vi/np38EN_y3c4/maxresdefault.jpg,"“But(t) How Can You?” is a silly quirky GROWsutra (i.e. where we be brave) detective story chasing conscience. Think Velma and Scooby-Doo gone ""Where Are You!"", but(t) asking deeply philosophical questions that matter—such as, “who goes poopoo when fascist boo?” 👻—instead of hunting ghosts with banter (same same, lol).

Blessed with goofy curiosity, a raised eyebrow, and magick howling glasses, they wonder how people manage to ignore the monsters—when science, education, and justice are getting booed by stinky fascist poo... How can one witness obvious, nefarious, scary dystopian  authoritarian nonsense, and just shrug?! I mean, seriously, you gotta wonder: what kind of person choses not to care about injustice?

Across ragga DUB (1-4), gypsy LOFI (5-8), and INDIE cello sighs (8-9), this EPx10 pokes at cowardice and denial, and sings the clues of a simple mystery: what happens when good conscience meets convenient silence? Spoiler: Scooby knows something smells funny, woo, but(t) also boo 👻

—
@bananasutra #lyrics 

Well, have you met your good conscience,
Or you buried it in silence?
I’m just asking ‘cause I’m curious,
How one ignores what’s so obvious!

But(t) how can you,
Scoo-bi-doo woo?!
Who goes poo poo,
When fascists boo?!

Well, have you heard of what’s science,
Or you deny it in essence?
I’m just saying ‘cause I’m curious,
And education is glorious.

But(t) how can you,
Scoo-bi-doo woo?!
Who goes poo poo,
When fascists boo?!

Well now, who’s gonna take a chance,
At true leadership, present tense?
I’m just singing ‘cause I’m nervous,
And I wish we’d be more cautious…

But(t) how can you,
Scoo-bi-doo woo?!
Who goes poo poo,
When fascists boo?!","Existential Lyrics,Indie Cello Dream,Justice Matters,Philosophical Question,Quirky Song",,EN,"GROWsutra : DARE (to Care),PEACE CIRCUS,GROWsutra,SHORTsutra Bananas Matter,Bible Gone Bananas",5,,public,checked,youtube,,New,,np38EN_y3c4
BURN🔥 because all I need is #hopecore fun… what is your dearest democratic hope? I sincerely wonder,Buuuuurn!,L-339,checked,9:16,5,0:15,"Music, Pop music",https://www.youtube.com/watch?v=12eQO6Nqe24,Short/Reel,SPOKEN WORDS,ROCK,Voice,SHOWsutra,,,,checked,,2025-09-03,75,0,0,https://i.ytimg.com/vi/12eQO6Nqe24/maxresdefault.jpg,,,,EN,SHOWsutra : Fanana Club,1,,public,checked,youtube,,New,,12eQO6Nqe24
"“Can you play win-win or no?” she asked to the pesky orange pest, aka FOTUS… answer is no, fosho 💔",Can You Play Win-Win Or No?,L-338,checked,9:16,3,2:00,"Lifestyle (sociology), Pop music",https://www.youtube.com/watch?v=m8SlUkRJIWA,Short/Reel,INDIE,BLUES,"Banjo,Voice",GROWsutra,,,,,,2025-04-13,4,,0,https://i.ytimg.com/vi/m8SlUkRJIWA/sddefault.jpg,,,,EN,"GROWsutra : DARE (to Care),“UNAVAILABLE” Content said YouTube Music… Who knew? Not me!,PEACE CIRCUS,DUBsutra,SHORTsutra Bananas Matter,Bible Gone Bananas",6,,public,checked,youtube,,New,,m8SlUkRJIWA
"""Can you play win-win games, or no?"" - BANJOsutra bluesy FOLK song",Can You Play Win-Win Or No?,L-338,checked,16:9,3,2:01,"Independent music, Music, Pop music",https://www.youtube.com/watch?v=qqM34AryPgo,Music Video,INDIE,BLUES,Banjo,GROWsutra,,,,,,2025-04-06,24,0,0,https://i.ytimg.com/vi/qqM34AryPgo/maxresdefault.jpg,"... because in the 🍌 twilight zone, life is all about playing win-win games, or (why) no (ha)?! #qotd #humanism #gametheory #ducksmatter (ha)
--

@bananasutra bible #grow lyrics:

Can you play win-win games or no?
(Or no? Or no?)
Do you lift or just lay low?”
(Lay low, lay low!)
Do you grow, glow, show what you know?
(You know, you know!)
Or you just blow, blow, blow…?

Welcome, friend, to the win-win State,
Where kindness is bold and lies deflate.
Grab a groove, bring a smile, take a bow,
Let’s build together—start right now!

They said kindness makes you soft,
But honey, that’s their loss.
It takes a heart to mend the break,
It takes some courage to take the weight.

So, shake a hand, forgive the past,
A win-win love is built to last!

Welcome, friend, to the win-win State,
Where kindness is bold and lies deflate.
Grab a groove, bring a smile, take a bow,
Let’s build together—start right now!

Lies spread fast like wildfire sparks,
But truth’s the match that lights the dark.
So question what you’re told to fear,
The truth’s a rebel—we’re all ears!

So dig it deep, and call it out,
Win-win truth’s what it’s about!

Welcome, friend, to the win-win State,
Where kindness is bold and lies deflate.
Grab a groove, bring a smile, take a bow,
Let’s build together—start right now!

Certainty’s a heavy chain,
Curiosity’ll free your brain.
Ask ‘What if I’m wrong?’ and watch it grow,
Humility’s the seed you sow.

So wonder more, and doubt some too,
Win-win minds want something new!

Welcome, friend, to the win-win State,
Where kindness is bold and lies deflate.
Grab a groove, bring a smile, take a bow,
Let’s build together—start right now!

Ego’s a lonely, losing game,
But community’ll stake your claim.
It ain’t about ‘me,’ it’s about ‘we,’
Collaboration sets you free!

So find your crew, and build the dream,
A win-win world’s the winning team!

Welcome, friend, to the win-win State,
Where kindness is bold and lies deflate.
Grab a groove, bring a smile, take a bow,
Let’s build together—start right now!

Protect the sacred, love what’s true,
The stars, the art, the skies of blue.
Beauty grows where chaos fades,
So let’s plant peace in the mess we made.

So grab your brush, your song, your soul,
Win-win beauty makes us whole!

Can you play win-win games or no?
Lay low, lay low…
You blow, you grow…
Or no, or no…?","aivoice,sunomusic,soulmatters,original lyrics,philosophy,music therapy",,EN,"GROWsutra : DARE (to Care),PEACE CIRCUS,GROWsutra,FOLKsutra,KNOWsutra,Bible Gone Bananas",6,,public,checked,youtube,,New,,qqM34AryPgo
"Can you play win-win games, or no? (The most important question, in a world gone bananas 🍌)",Can You Play Win-Win Or No?,L-338,checked,16:9,4,3:07,"Independent music, Music, Pop music",https://www.youtube.com/watch?v=re1D3-hWzts,Music Video,BLUES,INDIE,Banjo,GROWsutra,,,,,,2025-02-13,32,,0,https://i.ytimg.com/vi/re1D3-hWzts/maxresdefault.jpg,"Can you play win-win games or no?
(Or no? Or no?)
Do you lift or just lay low?”
(Lay low, lay low!)
Do you grow, glow, show what you know?
(You know, you know!)
Or you just blow, blow, blow…?

Welcome, friend, to the win-win State,
Where kindness is bold and lies deflate.
Grab a groove, bring a smile, take a bow,
Let’s build together—start right now!

They said kindness makes you soft,
But honey, that’s their loss.
It takes a heart to mend the break,
It takes some courage to take the weight.

So, shake a hand, forgive the past,
A win-win love is built to last!

Welcome, friend, to the win-win State,
Where kindness is bold and lies deflate.
Grab a groove, bring a smile, take a bow,
Let’s build together—start right now!

Lies spread fast like wildfire sparks,
But truth’s the match that lights the dark.
So question what you’re told to fear,
The truth’s a rebel—we’re all ears!

So dig it deep, and call it out,
Win-win truth’s what it’s about!

Welcome, friend, to the win-win State,
Where kindness is bold and lies deflate.
Grab a groove, bring a smile, take a bow,
Let’s build together—start right now!

Certainty’s a heavy chain,
Curiosity’ll free your brain.
Ask ‘What if I’m wrong?’ and watch it grow,
Humility’s the seed you sow.

So wonder more, and doubt some too,
Win-win minds want something new!

Welcome, friend, to the win-win State,
Where kindness is bold and lies deflate.
Grab a groove, bring a smile, take a bow,
Let’s build together—start right now!

Ego’s a lonely, losing game,
But community’ll stake your claim.
It ain’t about ‘me,’ it’s about ‘we,’
Collaboration sets you free!

So find your crew, and build the dream,
A win-win world’s the winning team!

Welcome, friend, to the win-win State,
Where kindness is bold and lies deflate.
Grab a groove, bring a smile, take a bow,
Let’s build together—start right now!

Protect the sacred, love what’s true,
The stars, the art, the skies of blue.
Beauty grows where chaos fades,
So let’s plant peace in the mess we made.

So grab your brush, your song, your soul,
Win-win beauty makes us whole!

Can you play win-win games or no?
Lay low, lay low…
You blow, you grow…
Or no, or",,,EN,"GROWsutra : DARE (to Care),PEACE CIRCUS,GROWsutra,FOLKsutra,BANJOsutra,Bible Gone Bananas",6,,public,checked,youtube,,New,,re1D3-hWzts
Can You Play Win-Win Games? (Or No?) • EPx2 • GROWsutra Dare to Care Psychedelic Wisdom Banjo 🪕,Can You Play Win-Win Or No?,L-338,checked,16:9,3,6:11,"Electronic music, Music, Pop music, Rock music",https://www.youtube.com/watch?v=vrX1iXZnIGs,EP Compilation,BLUES,,Banjo,GROWsutra,,,,,,2025-11-21,11,0,0,https://i.ytimg.com/vi/vrX1iXZnIGs/maxresdefault.jpg,"00:00 Song 1
03:05 Song 2

If only “empathetic war” wasn’t a bloody oxymoron, and “winning” a faulty delusion…

Also, thank god for #banjomusic 🪕🎶",,EPx2,EN,"GROWsutra : DARE (to Care),PEACE CIRCUS,GROWsutra,BANJOsutra,Bible Gone Bananas",5,,public,checked,youtube,,New,,vrX1iXZnIGs
"Step right up, step right in, where grotesque rules, and the FOTUS #circus joke’s on me & you 🤡🇺🇸",Carnival FOTUS (ctd),L-41,checked,9:16/16:9,4,3:00,"Hobby, Lifestyle (sociology), Pop music",https://www.youtube.com/watch?v=G4wsetpOo3k,Short/Reel,BURLESQUE,SPOKEN WORDS,Voice,QUACKsutra,,,,checked,"A CAPELLA, in my banana armchair",2025-09-14,427,0,0,https://i.ytimg.com/vi/G4wsetpOo3k/maxresdefault.jpg,,,,EN,BLOWsutra : FOTUS Circus,1,,public,checked,youtube,,New,,G4wsetpOo3k
"Murica dunno the meaning of a rule of law, double-standards, or even right vs. wrong 🎪🦆💨 #truestory",Carnival FOTUS (ctd),L-41,checked,16:9,4,3:14,"Electronic music, Hip hop music, Independent music, Music, Pop music",https://www.youtube.com/watch?v=nC5u32rNUHI,Music Video,BURLESQUE,LOFI,Voice,QUACKsutra,,,,,find correct circus song,2025-02-26,12,,0,https://i.ytimg.com/vi/nC5u32rNUHI/maxresdefault.jpg,So sad but(t) true— @bananasutra lyrics + voice,,,EN,"BLOWsutra : FOTUS Circus,BLOWsutra,DUBsutra,FOTUS CIRCUS (Felon Of The United States),Bible Gone Bananas",5,,public,checked,youtube,,New,,nC5u32rNUHI
Cassandra’s Lullaby 🕊️ GROWsutra Peace Folk Music 🎶,Cassandra's Lullaby,L-42,checked,16:9,5,3:30,"Independent music, Music, Pop music",https://www.youtube.com/watch?v=w5TViQaAIj0,Music Video,FOLK,MANTRA,"Guitar,Upright Bass,Voice",KNOWsutra,,,,,,2025-08-29,21,0,0,https://i.ytimg.com/vi/w5TViQaAIj0/maxresdefault.jpg,"Cassandra’s Lullaby is a haunting, mythical torch song about the cruel, jingoistic truth we all seem trapped by, in an age of fasc!st revival. It is written as a sincere and sad letter to a Russian American Zionist friend shrugging at authoritarian deceit and violence, and a heartfelt warning to a complacent, entitled, cruel world #gonebananas full of fools with unconscious biases and dangerous memory lapses.

Written with an aching heart, it feels ethereal yet grounded, and echoes like a lullaby from the edge of dark enlightenment history, drifting through collective conscience, cognitive dissonances, and human consequences…

—
@bananasutra lyrics:

[Intro]
I didn’t ask for the visions, love,
But they rise like smoke above.
Gas in the chambers, blood on the shore,
Where truth is drowned and lies implore.

[Verse 1]
Seventeen million silent cries,
Ghosts beneath indifferent skies.
Their names erased, their stories blurred,
While your silence screams louder than words.

[Chorus]
Sleep, my darling, through the sirens,
Fold your conscience, close your eyes.
I’ll keep singing through the violence—
Cassandra weeps while hope denies.

[Verse 2]
You call it “bad energy,”
As if joy forgives atrocity.
While ovens hum in high disguise,
You laugh off death and truth alike.

Wooden horses roll inside,
While my voice cracks raw and wide.
Tell me again how logic defends
The end of ends, my trembling friend.

[Chorus]
Sleep, my darling, through the sirens,
Fold your conscience, close your eyes.
I’ll keep singing through the violence.
Cassandra weeps while hope denies.

[Bridge]
This isn’t me dimming the flame,
It’s screaming your name.
Déjà poo, shame on you,
Hell lit by bureaucratic hue.

Genocide still in beta code,
History’s ink, already flowed.
A Joker Jew with a bitter shrug:
“Well, heil… good luck with that drug.”

[Verse 3]
I see our future’s common grave,
Longing for friends who still feel brave.
Not cowardice cloaked in red, white, blue,
But truth that cuts and breaks right through.

[Final Chorus]
Sleep, my darling, sleep in numbers,
Dream through fascist lullabies.
I’ll pray that grace breaks through your slumber,
And helps the world unclose its eyes.

[Outro]
May your heart unclose with grace…
And prove you’re more than a fart’s face.

🩵

Cassandra’s Lullaby is an EPx11 that blends Jewish jazz, gypsy dub, and trip-hop into a sparse, analog landscape of truths denied and raw emotions... released on #soundcloud at soundcloud.com/bananasutra/sets/cassandras-lullaby",,,EN,"KNOWsutra : PEACE (Not War),PEACE CIRCUS,GROWsutra,FOLKsutra,Bible Gone Bananas",5,,public,checked,youtube,,New,,w5TViQaAIj0
CHUCK-A-D!CK (I mean a MUSK) 📺🙈 PLEASE HELP 🚫⁉️,Chuck-A-Dick,L-337,checked,16:9,3,3:05,"Independent music, Music, Pop music",https://www.youtube.com/watch?v=_xRJPg9FlFM,Music Video,DUB,LOFI,Upright Bass,QUACKsutra,,,,,,2025-03-12,26,,0,https://i.ytimg.com/vi/_xRJPg9FlFM/maxresdefault.jpg,"'@bananasutra lyrics + #aivoice on #sunomusic 

Verse 1:
Chuck-a-D!ck, mimic and mock the Musk, toxic jock,
Talk about a fake freak, wild gone weak, havoc .
But here’s the truth, kids, woke is not a joke,
Woke’s the way, but see, dumb jocks gotta poke.

Chorus:
Duck and Chuck, can you see, they’re (whoop) shoot outta nut luck (whoop),
Woke is here, (hear hear) whoop is now, (whoop whoop) blessed be the buck (whoop).
Duck and Chuck, see, oh, (whoop) whoopsie whoopsie, what the muck,
Whack-a-duck, Woke is luck, see, pass the bong, (whoop whoop) blessed be the free (whoop).

Verse 2:
Wannabes and jocks, they don’t know,
What it means to care, to grow.
They smirk and lurk, but we’re awake,
Woke’s the power, no room for fake.

Chorus:
Duck and Chuck, can you see, they’re (whoop) shoot outta nut luck (whoop),
Woke is here, (hear hear) whoop is now, (whoop whoop) blessed be the buck (whoop).
Duck and Chuck, see, oh, (whoop) whoopsie whoopsie, what the muck,
Whack-a-duck, Woke is luck, see, pass the bong, (whoop whoop) blessed be the free (whoop).

Bridge:
If you’re not racist, you’re woke,
If you’re not sexist, you’re woke.
Whack the hate, let’s take a stand,
Woke’s the way, hand in hand.

Chorus:
Duck and Chuck, can you see, they’re (whoop) shoot outta nut luck (whoop),
Woke is here, (hear hear) whoop is now, (whoop whoop) blessed be the buck (whoop).
Duck and Chuck, see, oh, (whoop) whoopsie whoopsie, what the muck,
Whack-a-duck, Woke is luck, see, pass the bong, (whoop whoop) blessed be the free (whoop).",,,EN,"BLOWsutra : DUCK (Shady),BLOWsutra,DUBsutra,FOTUS CIRCUS (Felon Of The United States),Bible Gone Bananas",5,,public,checked,youtube,,New,,_xRJPg9FlFM
Yazi Chuck Musk is out of the old  pedo D!ck office but(t) I found old funny songs 🎬 #bewoke #lol,Chuck-A-Dick,L-337,checked,9:16,4,2:35,"Music, Pop music",https://www.youtube.com/watch?v=THWS5PnCVRQ,Short/Reel,INDIE,BLUES,"Banjo,Voice",QUACKsutra,,,,,,2025-07-14,6,0,0,https://i.ytimg.com/vi/THWS5PnCVRQ/maxresdefault.jpg,,,,EN,"BLOWsutra : DUCK (Shady),Bible Gone Bananas",2,,public,checked,youtube,,New,,THWS5PnCVRQ
Come Waddle with Me (Penguins in Shoes) • SHOWsutra Cheeky Absurd Chanson inspired by Anatole France,Come Waddle With Me,L-335,checked,16:9,5,5:38,"Music, Pop music",https://www.youtube.com/watch?v=WVHL46QK7H8,Music Video,BURLESQUE,JAZZ,"Piano,Voice",SHOWsutra,,,,,,2025-12-27,13,0,0,https://i.ytimg.com/vi/WVHL46QK7H8/maxresdefault.jpg,"“Come waddle with me” is the cheeky whimsy  flirty Frenchy jazzy sister song of “Penguins in Shoes” (and #unreleased “Penguins in the News”)—a series of dystopian self-help chuckles, inspired by “L’île des Penguins”, an absurdly timeless, surreally real novel by #anatolefrance 

It’s like France rewrote the entire history of humanity… except everyone is a penguin 🐧 And through this absurd, wonderfool premise, he pokes merciless fun at the Church, at politics, at nationalism, at capitalism, at revolutions, at literary pretension—honestly, at everything. It’s a brilliant, potent roast served up as a funny fable.

Penguins are such perfect, adorable, comical tragedians… I mean, hello, they can’t fly. They’re birds, that cannot fly! You tell me a better metaphor for human civilization trying its absolute best #ahem while fundamentally limited and doomed to misunderstand itself? Ha(hem)

Please do yourself a favor: read “Penguin Island”. It’s short, sharp, hilarious, unsettling, and kind—and, a century later, it still explains more about the world than most pundits. And remember to enjoy the wobbly along the way… may we all learn to waddle with joy and #makepenguinsgreatagain

PS: and because #diversityandinclusion do matter, France invited Borges to contribute a verse :)

—
“Come waddle with me” @bananasutra #lyrics matter

[CHORUS]
We’re penguins in shoes, Tipsy on cues.
Flirting with truth, like midnight muse.
We slip, we amuse. We bruise as we cruise,
Come waddle with me. No rules… no shoes.

[VERSE 1 — Once Upon a time, a holy ""Penguins Island"" lore]
A monk mis-blessed a passing bird,
Declared it human… how absurd!
Next thing they built a church of flair,
With saints in tux and windswept hair.

[CHORUS]
We’re penguins in shoes, Tipsy on cues.
Flirting with truth, like midnight muse.
We slip, we amuse. We bruise as we cruise,
Come waddle with me. No rules… no shoes.

[VERSE 2 — Dreyfus’ Hot Mess]
They swore one bird stole all their hay,
No proof, but gossip loves foreplay.
They swooned for tales that stroked their fears,
Truth left the bar in greasy tears.

[CHORUS]
We’re penguins in shoes, Tipsy on cues.
Flirting with truth, like midnight muse.
We slip, we amuse. We bruise as we cruise,
Come waddle with me. No rules… no shoes.

[VERSE 3 — “Tlon After Dark” (Borges meets burlesque)]
Tlon slipped in like a whispered dare, 
New worlds undressed the old ones bare.
Words danced in fog and rewrote fate…
Desire’s the ink when minds create.

[CHORUS]
We’re penguins in shoes,Tipsy on cues.
Flirting with truth, like midnight muse.
We slip, we amuse. We bruise as we cruise,
Come waddle with me. No rules… no shoes.

[OUTRO — No Empathy, No Remedy]
Before you snap, just take a beat, 
Most jerks are scared beneath the heat.
Peel back the fright, the rage, the spin…
You’ll find a penguin shy within.",,,Bilingual,"SHOWsutra : Fanana Club,PEACE CIRCUS,SHOWsutra,JAZZsutra,Bible Gone Bananas",5,checked,public,checked,youtube,,New,,WVHL46QK7H8
"That #duck wobbled in like a con meme… Oh Murica, can pride feel shame❓Or y’all just sheeple twats⁉️",Creepy Con Meme,L-48,checked,9:16,4,2:57,"Electronic music, Independent music, Lifestyle (sociology), Pop music",https://www.youtube.com/watch?v=0HBAn2v01v4,Music Video,DUB,JAZZ,"Drum,Voice",QUACKsutra,,,,,,2025-03-14,84,,0,https://i.ytimg.com/vi/0HBAn2v01v4/maxresdefault.jpg,,,,EN,"BLOWsutra : DUCK (Shady),“UNAVAILABLE” Content said YouTube Music… Who knew? Not me!,DUBsutra,FOTUS CIRCUS (Felon Of The United States),SHORTsutra Bananas Matter,Bible Gone Bananas",6,,public,checked,youtube,,New,,0HBAn2v01v4
Tonight’s menu special: Felon Don Con Flambée à la Smoked Pimp Spite 🔥 #fotuscircus #horrorstory,Creepy Con Meme,L-48,checked,9:16,,0:21,Music,https://www.youtube.com/watch?v=U9m0GLGalJM,Commentary,SPOKEN WORDS,,Voice,QUACKsutra,,,,,,2025-12-24,59,0,0,https://i.ytimg.com/vi/U9m0GLGalJM/maxresdefault.jpg,,,,FR,,0,,public,checked,youtube,,New,,U9m0GLGalJM
"L’ombre des criminels • Jazzy Piano Meow Duo sings Criminals, Yesterday Beatles • UDIO delight",Criminels,L-53,checked,9:16,3,2:12,"Jazz, Music, Pop music, Rock music",https://www.youtube.com/watch?v=xKllvq13fcw,Short/Reel,JAZZ,BURLESQUE,Piano,BLOWsutra,,,,,not dubbed,2024-09-24,17,0,0,https://i.ytimg.com/vi/xKllvq13fcw/maxresdefault.jpg,,,,FR,"BLOWsutra : Apes Gone Wrong,FRENCHsutra",2,,public,checked,youtube,,New,,xKllvq13fcw
Criminels • A Universal sutraFRENCH (his)Story Original Song,Criminels,L-53,checked,9:16,4,2:40,"Music, Pop music",https://www.youtube.com/watch?v=n7vvX9tUBmE,Short/Reel,BURLESQUE,JAZZ,"Accordion,Voice",BLOWsutra,,,,,,2024-10-22,20,,0,https://i.ytimg.com/vi/n7vvX9tUBmE/maxresdefault.jpg,Version française servie avec un air d’accordéon 🪗🍟,,,FR,"FRENCHsutra,BLOWsutra,BURLESQUEsutra,SHORTsutra Bananas Matter,Bible Gone Bananas",5,,public,checked,youtube,,New,,n7vvX9tUBmE
La lutte des ombres 🎙️🦹‍♀️🪗🇫🇷 Criminels in French • UDIO delight,Criminels,L-53,checked,9:16,3,2:12,"Electronic music, Music, Pop music",https://www.youtube.com/watch?v=kNgJ3jzjXhI,Short/Reel,BURLESQUE,INDIE,Accordion,BLOWsutra,,,,,not dubbed,2024-09-24,15,0,0,https://i.ytimg.com/vi/kNgJ3jzjXhI/sddefault.jpg,,,,FR,FRENCHsutra,1,,public,checked,youtube,,New,,kNgJ3jzjXhI
"Once upon a time, in the lost souls galaxy 💔🇺🇸🦆💨",Do Panic Now,L-61,checked,9:16,4,0:31,"Independent music, Lifestyle (sociology), Pop music",https://www.youtube.com/watch?v=K0vzpyoWqtA,Short/Reel,BLUES,INDIE,Banjo,BLOWsutra,,,,,,2025-06-18,128,1,0,https://i.ytimg.com/vi/K0vzpyoWqtA/maxresdefault.jpg,,,,EN,"BLOWsutra : Apes Gone Wrong,“UNAVAILABLE” Content said YouTube Music… Who knew? Not me!,BLABLAsutra,BLOWsutra,FOTUS CIRCUS (Felon Of The United States),SHORTsutra Bananas Matter,Bible Gone Bananas",7,,public,checked,youtube,,New,,K0vzpyoWqtA
"And “the winner” is 🥁 #boston—will #dhs use WW2 Naz! terminology, like in #chicago ⁉️🤨 #theblitz",Do Panic Now,L-61,checked,9:16,4,2:32,"Independent music, Music of Asia, Pop music",https://www.youtube.com/watch?v=9zlgmc3aLm8,Short/Reel,DUB,INDIE,"Voice,Bass",BLOWsutra,,,,,,2025-09-10,10,0,1,https://i.ytimg.com/vi/9zlgmc3aLm8/maxresdefault.jpg,,,,EN,"BLOWsutra : REVOLT (Now),LOFIsutra,FOTUS CIRCUS (Felon Of The United States),SHORTsutra Bananas Matter,Bible Gone Bananas",5,,public,checked,youtube,,New,,9zlgmc3aLm8
"New universe, new everything 🇺🇸 pls note: trust no number & the new rule no1 is #dopanic #now  🦅",Do Panic Now,L-61,checked,9:16,4,2:59,Independent music,https://www.youtube.com/watch?v=0nJpJXEw9-o,Short/Reel,INDIE,JAZZ,"Piano,Banjo",BLOWsutra,,,,,,2025-06-30,114,0,0,https://i.ytimg.com/vi/0nJpJXEw9-o/maxresdefault.jpg,,,,EN,"BLOWsutra : REVOLT (Now),Bible Gone Bananas",2,,public,checked,youtube,,New,,0nJpJXEw9-o
#qotd 🇺🇸 What’s the difference between the movie “Idiocracy” & MAGAcracy? The timeline #donotpanic,Do Panic Now,L-61,checked,9:16,5,2:42,"Independent music, Pop music",https://www.youtube.com/watch?v=LenOTXWLbVQ,Short/Reel,BURLESQUE,INDIE,"Cello,Voice",BLOWsutra,,,,,Idiocracy explainer video (square),2025-09-07,301,0,0,https://i.ytimg.com/vi/LenOTXWLbVQ/maxresdefault.jpg,"Audio track @bananasutra lyrics ""Do Panic Now"":

[Intro]
Once upon a time,
in the lost soul galaxy…
where glitter-turd kings
ruled fools with gravy crowns,
and wisdom was traded
for views and shoes.

Do panic now.

[Verse 1]
Bragging bros in navy suits,
shady boots and shiny roots,
smilin’ wide through greased deceit,
serving bland truth
with a side of backseat.
Cocksure cows squabble loud,
posing proud in empty crowds,
deep dub drowned
in booya bulls,
bling babble, boom, and busted rules.

[Chorus]
Dopanic now,
don’t wait for the Guide.
The meaning’s not 42,
it’s buried in the lies.
Wrap your towel tight,
it won’t save you now.

Do panic, darling,
bow to the wow.

[Verse 2 – “42 Flavors” Verse]
Forty-two flavors of fools,
lickin’ lies off silver spoons.
Wearing truth like borrowed shoes,
reading scripts, not singing blues.
Soundin’ loud with preacher drool,
selling fake like sacred jewels.
Echoed gods in plastic halls,
can’t count truth,
but sure can crawl.

[Breakdown – “Freedom Fries Shit Show”]
Dressing smart, hiding clues,
posing sharp, faking news.
Serving hot pies, pryin’ like spies,
frenching them fries
like freedom lies.
Squinty eyes lost the line,
squeaky brains baby-whine.
They spout quotes like they notes,
I blow smoke like hell no.
Tasting salt, nothing sweet,
that’s no go.
What a shit show.

[Final Chorus]
Do panic now,
don’t wait for the Guide.
Meaning’s not 42,
just shadows in disguise.
Wrap your towel tight,
it won’t save you now.

Do panic, darling,
bow to the wow.
What a shit show…
Do panic now.",,,EN,"BLOWsutra : Apes Gone Wrong,FOTUS CIRCUS (Felon Of The United States),SHORTsutra Bananas Matter,Bible Gone Bananas",4,,public,checked,youtube,,New,,LenOTXWLbVQ
Do you ever wonder? • Jazzy BananaBible Story • SutraKNOW Cabaret,Do You Ever Wonder?,L-62,checked,9:16,2,2:35,"Jazz, Music",https://www.youtube.com/watch?v=UAQ9Pg59IfM,Short/Reel,INDIE,"JAZZ,FOLK","Guitar,Voice",GROWsutra,,,,,,2024-10-28,22,,0,https://i.ytimg.com/vi/UAQ9Pg59IfM/maxresdefault.jpg,"My Sunday #peace prayer sounds like Jazz, and feels like Blues… this one is dedicated to humans who think it’s ok to bomb innocent children and (worse…) create toxic waves of generational hatred that will spread far beyond what they ever cared and dared to #wonder 🙏🏻",,,EN,"GROWsutra : DARE (to Care),PEACE CIRCUS,GROWsutra,FOLKsutra,Bible Gone Bananas",5,,public,checked,youtube,,New,,UAQ9Pg59IfM
Donkeys Years (2/3) • SHOW+GLOWsutra Fanana Club Gipsy Cabaret Indie LOFI (thank you song),Donkeys Years,L-63,checked,16:9,4,2:36,"Electronic music, Music, Reggae",https://www.youtube.com/watch?v=rRywyiRGUuc,Part-of-Series,LOFI,INDIE,Upright Bass,GLOWsutra,,,,,,2026-01-14,6,1,1,https://i.ytimg.com/vi/rRywyiRGUuc/maxresdefault.jpg,"Song 2 of 3, track number 6 on #soundcloud EPx20, which flows (Side A) Dub INDIE ❯ Gipsy LOFI + (Side B) Fusion JAZZ ❯ Psychedelic BURLESQUE + (BONUS) a Ragga Mama Dub DUB finale, olé 💃🏻

—
Some people ask me how I make songs… and the real answer forever is “it depends”! 

That is the beauty of practicing the experimental art of creativity, it teaches us the paths to happiness are essentially like imagination, i.e. infinite ♾️ All you really need is a brave and open mind, and (more importantly) a curious and gratefool heart.

""Donkeys Years"" is a SHOWsutra EP (i.e. where monkeys & donkeys play). It was inspired by a funny party chit chat that brought me joy in the moment—because British humor is deliciously quirky cheeky (like I like), and huh, well, it's just true I'm a hardcore slut for new words and expressions, ha.

This song is primarily about the importance of shaking our rears with no fears aka SHOWsutra fun territory, but(t) it is also very much infused with FLOWsutra + GLOWsutra vibes (i.e. where trust + gratitude shine)… which makes much sense, because at its core, it is (yet another:) thank you letter, and well-wishing lill’ prayer—to music, friends, fun, and freedom.  

--
@bananasutra  #originalsong #lyrics 

🎵 DONKEYS YEARS

[Chorus]
Donkeys’ years, oh dears, oh dears,
Blacklight beats and ravers cheers.
Shake those fears and shake those rears,
Let’s dance on for donkeys’ years.

[Verse 1]
Desert dust and beachside bass,
Silly smiles on every face.
Trippy souls and jesters peers,
Dancing through the donkeys’ years.

[Chorus]
Donkeys’ years, oh dears, oh dears,
Blacklight beats and ravers cheers.
Shake those fears and shake those rears,
Let’s dance on for donkeys’ years.

[Verse 2]
Forest nights and valley drums,
Booty-shaking wisdom comes.
Finding freedom, in trance gears,
My monkey dears, my donkeys’ years.

[Chorus]
Donkeys’ years, oh dears, oh dears,
Blacklight beats and ravers cheers.
Shake those fears and shake those rears,
Let’s dance on for donkeys’ years.

[Glow-Out Outro]
Thank you, ravers, light and loud,
May we find healing in the crowd.
SHOWsutra bows with peace fool grace…
Now let’s hug once more, 
and meet me by the bass.",,2/3,EN,"SHOWsutra : Fanana Club,PEACE CIRCUS,SHOWsutra,LOFIsutra,Bible Gone Bananas",5,checked,public,checked,youtube,,New,,rRywyiRGUuc
Donkeys Years (3/3) • SHOW+GLOWsutra Fanana Club Gipsy Cabaret Indie Cello LOFI 🎻🪩✨,Donkeys Years,L-63,checked,16:9,4,2:14,"Electronic music, Music, Reggae",https://www.youtube.com/watch?v=UI1Q3cAawvY,Part-of-Series,LOFI,"BURLESQUE,JAZZ,FOLK",Cello,GLOWsutra,,,,checked,,2026-01-14,6,0,0,https://i.ytimg.com/vi/UI1Q3cAawvY/maxresdefault.jpg,"Song 3 of 3, track number 9 on #soundcloud EPx20, which flows (Side A) Dub INDIE ❯ Gipsy LOFI + (Side B) Fusion JAZZ ❯ Psychedelic BURLESQUE + (BONUS) a Ragga Mama Dub DUB finale, olé 💃🏻

—
Some people ask me how I make songs… and the real answer forever is “it depends”! 

That is the beauty of practicing the experimental art of creativity, it teaches us the paths to happiness are essentially like imagination, i.e. infinite ♾️ All you really need is a brave and open mind, and (more importantly) a curious and gratefool heart.

""Donkeys Years"" is a SHOWsutra EP (i.e. where monkeys & donkeys play). It was inspired by a funny party chit chat that brought me joy in the moment—because British humor is deliciously quirky cheeky (like I like), and huh, well, it's just true I'm a hardcore slut for new words and expressions, ha.

This song is primarily about the importance of shaking our rears with no fears aka SHOWsutra fun territory, but(t) it is also very much infused with FLOWsutra + GLOWsutra vibes (i.e. where trust + gratitude shine)… which makes much sense, because at its core, it is (yet another:) thank you letter, and well-wishing lill’ prayer—to music, friends, fun, and freedom.  

--
@bananasutra  #originalsong #lyrics 

🎵 DONKEYS YEARS

[Chorus]
Donkeys’ years, oh dears, oh dears,
Blacklight beats and ravers cheers.
Shake those fears and shake those rears,
Let’s dance on for donkeys’ years.

[Verse 1]
Desert dust and beachside bass,
Silly smiles on every face.
Trippy souls and jesters peers,
Dancing through the donkeys’ years.

[Chorus]
Donkeys’ years, oh dears, oh dears,
Blacklight beats and ravers cheers.
Shake those fears and shake those rears,
Let’s dance on for donkeys’ years.

[Verse 2]
Forest nights and valley drums,
Booty-shaking wisdom comes.
Finding freedom, in trance gears,
My monkey dears, my donkeys’ years.

[Chorus]
Donkeys’ years, oh dears, oh dears,
Blacklight beats and ravers cheers.
Shake those fears and shake those rears,
Let’s dance on for donkeys’ years.

[Glow-Out Outro]
Thank you, ravers, light and loud,
May we find healing in the crowd.
SHOWsutra bows with peace fool grace…
Now let’s hug once more, 
and meet me by the bass.

—",,3/3,EN,"SHOWsutra : Fanana Club,PEACE CIRCUS,SHOWsutra,LOFIsutra,Bible Gone Bananas",5,checked,public,checked,youtube,,New,,UI1Q3cAawvY
Donkeys Years (1/3) • SHOW+GLOWsutra Fanana Club Gipsy Flamenco Cabaret Dub INDIE 📺👯‍♀️,Donkeys Years,L-63,checked,16:9,4,3:12,"Jazz, Music",https://www.youtube.com/watch?v=orlgoJQ358s,Part-of-Series,INDIE,"DUB,WORLD","Voice,Guitar",GLOWsutra,,,,checked,,2026-01-13,11,0,0,https://i.ytimg.com/vi/orlgoJQ358s/maxresdefault.jpg,"Song 1 of 3, from #soundcloud EPx20, which flows (Side A) Dub INDIE ❯ Gipsy LOFI + (Side B) Fusion JAZZ ❯ Psychedelic BURLESQUE + (BONUS) a Ragga Mama Dub DUB finale, olé 💃🏻

—
Some people ask me how I make songs… and the real answer forever is “it depends”! 

That is the beauty of practicing the experimental art of creativity, it teaches us the paths to happiness are essentially like imagination, i.e. infinite ♾️ All you really need is a brave and open mind, and (more importantly) a curious and gratefool heart.

""Donkeys Years"" is a SHOWsutra EP (i.e. where monkeys & donkeys play). It was inspired by a funny party chit chat that brought me joy in the moment—because British humor is deliciously quirky cheeky (like I like), and huh, well, it's just true I'm a hardcore slut for new words and expressions, ha.

This song is primarily about the importance of shaking our rears with no fears aka SHOWsutra fun territory, but(t) it is also very much infused with FLOWsutra + GLOWsutra vibes (i.e. where trust + gratitude shine)… which makes much sense, because at its core, it is (yet another:) thank you letter, and well-wishing lill’ prayer—to music, friends, fun, and freedom.  

--
@bananasutra  #originalsong #lyrics 

🎵 DONKEYS YEARS

[Chorus]
Donkeys’ years, oh dears, oh dears,
Blacklight beats and ravers cheers.
Shake those fears and shake those rears,
Let’s dance on for donkeys’ years.

[Verse 1]
Desert dust and beachside bass,
Silly smiles on every face.
Trippy souls and jesters peers,
Dancing through the donkeys’ years.

[Chorus]
Donkeys’ years, oh dears, oh dears,
Blacklight beats and ravers cheers.
Shake those fears and shake those rears,
Let’s dance on for donkeys’ years.

[Verse 2]
Forest nights and valley drums,
Booty-shaking wisdom comes.
Finding freedom, in trance gears,
My monkey dears, my donkeys’ years.

[Chorus]
Donkeys’ years, oh dears, oh dears,
Blacklight beats and ravers cheers.
Shake those fears and shake those rears,
Let’s dance on for donkeys’ years.

[Glow-Out Outro]
Thank you, ravers, light and loud,
May we find healing in the crowd.
SHOWsutra bows with peace fool grace…
Now let’s hug once more, 
and meet me by the bass",,1/3,EN,"SHOWsutra : Fanana Club,PEACE CIRCUS,SHOWsutra,JAZZsutra,Bible Gone Bananas",5,checked,public,checked,youtube,,New,,orlgoJQ358s
"Yo Felon Nation, what’s the deal with #doublestandards — the world is asking 🇺🇸 @banasutra lyrics",Double Standards,L-64,checked,9:16,4,2:51,"Electronic music, Independent music, Music, Pop music",https://www.youtube.com/watch?v=7koPoWFkqHs,Short/Reel,BURLESQUE,JAZZ,Voice,GROWsutra,,,,,"she's basically bit upside down looking sideways, in her lounging outfit",2025-02-11,14,,0,https://i.ytimg.com/vi/7koPoWFkqHs/maxresdefault.jpg,#project2025,,,EN,"BLOWsutra : DUCK (Shady),BLOWsutra : CENSOR(ed),PIANOsutra,BLOWsutra,FOTUS CIRCUS (Felon Of The United States),BURLESQUEsutra,SHORTsutra Bananas Matter,Bible Gone Bananas",8,,public,checked,youtube,,New,,7koPoWFkqHs
Dream a Dog : FOLKsutra,Dream A Dog,L-358,checked,16:9,3,3:30,"Music, Pop music",https://www.youtube.com/watch?v=MGkTpm5R3uM,Music Video,FOLK,INDIE,Guitar,GLOWsutra,,,,,,2025-03-03,23,,1,https://i.ytimg.com/vi/MGkTpm5R3uM/maxresdefault.jpg,,,,EN,"BOWsutra : (upward) DOGS,FOLKsutra,FLOWsutra,Bible Gone Bananas",4,,public,checked,youtube,,New,,MGkTpm5R3uM
"Bye #education 😭🌈 Hi, increased #poverty & #crimerate 🇺🇸🍏 SAD #surrealism #makeamericasafeagain",Dressed In (Nothing Butt) Wonder,L-65,checked,9:16,4,2:50,Music,https://www.youtube.com/watch?v=zV2Ix28etPQ,Short/Reel,INDIE,"JAZZ,BURLESQUE","Accordion,Voice",SHOWsutra,,,,,,2025-03-21,88,,0,https://i.ytimg.com/vi/zV2Ix28etPQ/maxresdefault.jpg,,,,EN,"BLOWsutra : FOTUS Circus,“UNAVAILABLE” Content said YouTube Music… Who knew? Not me!,FOTUS CIRCUS (Felon Of The United States),BURLESQUEsutra,SHORTsutra Bananas Matter,Bible Gone Bananas",6,,public,checked,youtube,,New,,zV2Ix28etPQ
"Oh cha cha cha, cette musique, c’est magnifique 🌙🎻 #unbranded #poetrylover #blessedbe dreamers",Dressed In (Nothing Butt) Wonder,L-65,checked,16:9,5,3:25,"Independent music, Music, Pop music",https://www.youtube.com/watch?v=aX912qVQ4AU,Music Video,INDIE,"WORLD,BURLESQUE","Accordion,Cello",SHOWsutra,,,,checked,,2025-03-23,23,,0,https://i.ytimg.com/vi/aX912qVQ4AU/maxresdefault.jpg,Nerd in Wonderland QOTD: why can’t I figure out how to upload a caption (.srt) file in YT studio app⁉️ #educationmatters #accessibilitysettings  #youtubeaccountverify,,,FR,"SHOWsutra : Fanana Club,SHOWsutra,FLOWsutra,BURLESQUEsutra,Bible Gone Bananas",5,,public,checked,youtube,,New,,aX912qVQ4AU
"Baby, I’m a Fairy Tale (Dressed to Fly) 🧚‍♀️ FOLKsutra",Dressed In (Nothing Butt) Wonder,L-65,checked,16:9,4,3:27,"Jazz, Music, Pop music",https://www.youtube.com/watch?v=Az_vSujHEYg,Music Video,JAZZ,"FOLK,BLUES","Banjo,Voice",SHOWsutra,,,,,,2025-03-13,40,,0,https://i.ytimg.com/vi/Az_vSujHEYg/maxresdefault.jpg,"@bananasutra lyrics + #aivoice on #sunomusic 

[Verse 1]
They say, “Oh, you dress to impress, that’s clear.”
But I’m just a dreamer, dear
Feathers, ribbons, velvet lace
Spinning through life in a world I create

[Pre-Chorus]
Oh, you think I’m playing just to steal the scene?
Baby, I’m the story—call me the queen

[Chorus]
[Playful, bouncy melody, with jazzy scatting]
I’m a silly girl, funny cat, hearty queen, white rabbit—ooh la la!
Dancing through the city lights, Paris brings that je ne sais quoi
Not for love, not for show, just a spark that’s set to glow
Dressed in wonder, head to toe—darling, that’s just how I flow!

[Verse 2]
Tilt their heads, they analyze
“Who’s she tryna mesmerize?”
But I just twirl and tip my crown
Living this magic, won’t tone it down

[Pre-Chorus]
Oh, you think I’m dressing just to turn some heads?
Baby, I’m a fairytale, born and bred

[Chorus]
[Swingin’, syncopated rhythm, playful horn accents]
I’m a silly girl, funny cat, hearty queen, white rabbit—ooh la la!
Dancing through the city lights, Paris brings that je ne sais quoi
Not for love, not for show, just a spark that’s set to glow
Dressed in wonder, head to toe—darling, that’s just how I flow!

[Outro]
[Soft, teasing, spoken word over a smooth bassline]
So next time you see me all dressed to the nines…
Just know, darling—this fairytale’s mine.


[end]",,,Bilingual,"SHOWsutra : Fanana Club,SHOWsutra,BANJOsutra,BURLESQUEsutra,Bible Gone Bananas",5,,public,checked,youtube,,New,,Az_vSujHEYg
“Dressed in Wonder”—a song about the fact social interpretations are often #fool of #bias  🎸🐇💨,Dressed In (Nothing Butt) Wonder,L-65,checked,9:16,3,2:43,"Independent music, Music, Pop music",https://www.youtube.com/watch?v=_RDvKHmERaU,Music Video,FOLK,INDIE,"Banjo,Guitar",SHOWsutra,,,,,,2025-03-23,21,,0,https://i.ytimg.com/vi/_RDvKHmERaU/maxresdefault.jpg,"Just look at all the helpless pain on my face 😰 all caused by the shameless narcissistic greed and ruthless predatory behaviors of deceitful yet oh so righteous maniacs—who all really should know better, about right and wrong… blessed be all (multi-generational) innocent martyrs of wars 🙏",,,EN,"SHOWsutra : Fanana Club,FOLKsutra,SHOWsutra,SHORTsutra Bananas Matter,Bible Gone Bananas",5,,public,checked,youtube,,New,,_RDvKHmERaU
Dump Trump • Lyrics Inspired by Nina Hagen “Smack Jack” • QUACKsutra Burlesque Rock 🎤👩‍🎤,Dump Trump,L-66,checked,16:9,5,3:30,"Independent music, Music, Pop music, Rock music",https://www.youtube.com/watch?v=zfXOzCqD14M,Music Video,BURLESQUE,"ROCK,LOFI",Drum,QUACKsutra,,,,,,2025-09-06,238,5,2,https://i.ytimg.com/vi/zfXOzCqD14M/maxresdefault.jpg,"I almost forgot about that song, because I wrote it in 2024, BEFORE the Quack “rigged” (sic, FOTUS) the “presidential” election, and tuined #democracy as we knew it. But(t) due to recent viral AI social media trend—a meme of #vultures on the front lawn of the #whitehouse —inspired me to revive it 🕊️🩸

@bananasutra Dump Trump lyrics, inspired by Nina Hagen’s “Smack Jack” :)  

[Verse 1]
You see him on the TV, he’s got no grace
Spinning all his stories, taking up space
With every word, you feel the sting
We’ve had enough of his lying ring

[Chorus]
Dump Trump, the game’s been played
He’s running wild, but we’re not swayed
Dump Trump, he’s gone too far
Time to leave, no superstar!

[Verse 2]
Promises broken, he’s got no soul
Ruin the world just to take control
It’s time to rise, stand up tall
Tear down that wall, let justice call

[Chorus]
Dump Trump, we see the light
Turn the tide, make it right
Dump Trump, we’ve had enough
It’s time to get him out, get tough!

[Bridge]
His reign of fire is burning out
We’ll stand together, there’s no doubt
The world is watching, can’t you see?
It’s time for freedom, let’s be free!

[Chorus]
Dump Trump, the show’s all done
The people rise, the battle’s won
Dump Trump, he’s out the door
No more lies, not anymore!

🚽🇺🇸

#MAGACRACY #sunoai #aivoice #humanrightsadvocacy #blessedbe #punkrockmusic #psychedelicrock",,,EN,"BLOWsutra : DUCK (Shady),BLOWsutra,LOFIsutra,FOTUS CIRCUS (Felon Of The United States),Bible Gone Bananas",5,,public,checked,youtube,,New,,zfXOzCqD14M
“Easy (Death Is Nothing At All)” 🧘‍♀️ A Rare BOWsutra Divine Lullaby Bluesy Dub Song About Death…,Easy (Death Is Nothing At All),L-67,checked,16:9,4,3:25,"Music, Reggae",https://www.youtube.com/watch?v=P__Z5CJU8gM,Music Video,DUB,BLUES,"Banjo,Voice",BOWsutra,,,,checked,,2025-09-28,150,6,1,https://i.ytimg.com/vi/P__Z5CJU8gM/maxresdefault.jpg,"“Easy” is a rare #bowsutra song... Full lyrics on #souncloud—inspired by a quote about death, from Henry ScottHolland (27 January 1847 - 17 March 1918), a Regius Professor of Divinity at the University of Oxford:

“Death is nothing at all. It does not count. I have only slipped away into the next room. Nothing has happened.
Everything remains exactly as it was. I am I, and you are you, and the old life that we lived so fondly together is untouched, unchanged. Whatever we were to each other, that we are still. Call me by the old familiar name. Speak of me in the easy way which you always used. Put no difference into your tone. Wear no forced air of solemnity or sorrow. Laugh as we always laughed at the little jokes that we enjoyed together. Play, smile, think of me, pray for me. Let my name be ever the household word that it always was. Let it be spoken without an effort, without the ghost of a shadow upon it. Life means all that it ever meant. It is the same as it ever was. There is absolute and unbroken continuity. What is this death but a negligible accident? Why should I be out of mind because I am cut of sight? I am but waiting for you, for an interval, somewhere very near, just round the corner. All is well.”

“Easy”

[Verse 1]
Never think I’m gone mon chéri,
Hear me sing, feel the sweet sweet swoon,
Everything’s just as it always be,
I’ll be back with you real soon.

[Chorus]
Breathe easy, baby, easy,
Life means all it ever meant.
Breathe slowly, deep, easy peasy,
No need for grief, it’s love misspent.

[Verse 2]
Hear me whisper your name, darling
Sing it just the way we would.
Death don’t need no solemn crying,
Let it breathe just like it should.

[Chorus]
Breathe easy, baby, easy,
Life means all it ever meant.
Breathe slowly, deep, easy peasy,
No need for grief, it’s love misspent.

[Bridge]
Please laugh like nobody is watching 
Smile when you think of me.
Nothing can ever kill our loving, 
We’re as near as near can be.

[Verse 3]
I am right here, feel me singing,
Forever flying in time,
Life’s a wild trip, never-ending,
Dancing with the rhythm and rhyme.

[Chorus]
I’m easy, oh, I’m easy,
There’s no shadow, there’s no gloom.
Breathe with me, let me make it easy,
I’m right here with you, watch us bloom

[Outro]
Oh, it’s easy… easy peasy…
All is well, my dear, mon chéri…",,,Bilingual,"PEACE CIRCUS,BLUESsutra,DUBsutra,BANJOsutra,LULLABIESsutra,Bible Gone Bananas",6,,public,checked,youtube,,New,,P__Z5CJU8gM
Ego Ain't Your Amigo • EPx2 • BLOWsutra (Ego Gone Loco)  Dub LoFi + Burlesque Punk 🐘🎪,Ego Ain't Your Amigo,L-68,checked,16:9,4,9:29,"Music, Pop music, Rock music",https://www.youtube.com/watch?v=QYvUQzwwgao,EP Compilation,DUB,"JAZZ,LOFI",Voice,BLOWsutra,,,,,,2026-03-18,12,0,0,https://i.ytimg.com/vi/QYvUQzwwgao/maxresdefault.jpg,"00:00 Gipsy LoFi version
04:41 Burlesque Punk version

—
This is Vol. 2 of this song, with slightly edited lyrics—because if there's one thing I do want you kids to know, it is that ego ain't your amigo... and neither are plastic straws 🥤🚫

Fool EPx21 on #bananasutra #soundcloud flows Gipsy Dub ❯ Psychedelic LoFi ❯ Burlesque Punk ❯ Americana Blues. 

—
@bananasutra #lyrics

Oh hi, oh hey, hey man, wow, hello,
What you doin’, how you feelin’, bro? 
Oh what? Oh no… no thank you, no,
I’m gonna pass on the plastic straw.

But did you know
What’s a “fasho”?
No, it’s no typo,
It’s French, for loco.

And racist rhymes with imperialist.
And sexist rhymes with capitalist.

Most just nod, yeah, go with the flow,
Smile at memes, while the world goes “uh-oh!”
Inside I scream, true crime, shitty old show.
Dirty ol’ egos, no soul, they’ll never grow…

Palm trees swayin’ at Mar-a-Loco,
King of sleaze puffin’ lies, hoe gone whacko.
Wears a crown made of lawsuits and low blows,
Grabs pussy because he can… That’s a no-go!

Raped be virgins, a-go-go, exploited,
While ‘em perverts grin, while ‘em files get voided.
Justice gagged, power abused…
Just ICE, and I ain’t freakin’ amused.

Clowns turned fashos, high on plastic straws,
Con men with small dicks ruling the law…

[Chorus]
No spark, just glitter… fake, no halo.
Talk loud, sound bitter… ego ain’t your amigo.
No heart, no rhythm… lies in the limbo.
Bimbos with no flow… ego ain’t your amigo.

Florida bros? Nah, this runs deeper.
Island names dropped, old men, grim reapers..
Cameras glitch, and dead witnesses wit,
The truth gone drowned, down a dirty martini sip

Murder or myth? Who wrote this script?
When ‘em bozos wear suits and the courts just flip…
A convicted felon, small screen sensation,
Ego playin’ hero, in a faux-blessed nation.

This ain’t satire, mama,
It is a dire drama.
Greedy egos gone guns,
Bad jokes, old puns.

No schools, no rights,
Like plight turned blight,
Red trucker hats,
Eatin’ your cats?!

Oh Ego ain’t your amigo…
Please beware of ‘em plastic straws.
May we find a muse who plays ‘em heartstrings,
Making magic, a song we can sing.

Tell me, is it true? Is it fair? Is it fun?
Are we free, or just numb, marchin’ to a drum?
If truth is the joke, and the lie is the show,
What’s a soul to do but blow, blow, and blow?

[Chorus]
No spark, just glitter… fake, no halo.
Talk loud, sound bitter… ego ain’t your amigo.
No heart, no rhythm… lies in the limbo.
Watch close, they slither… ego ain’t your amigo.

Oh hi, oh hey, well hey hey there, hello,
This is song for a world gone loco.
Sing it loud, and diss the plastic straw, bro…
Now you know, ego ain’t your amigo.","Ego,Narcissism,Lyricist,AI voiceover,Burlesque,LoFi",EPx2,Bilingual,"BLOWsutra : Ego (Gone Loco),BLOWsutra,LOFIsutra,Bible Gone Bananas",4,,public,checked,youtube,,New,,QYvUQzwwgao
Ego Ain't Your Amigo 🍌🎧 BLOWsutra (Ego Gone Loco Series) Poetry Gone Bananas Folklore of Horrors DUB,Ego Ain't Your Amigo,L-68,checked,16:9,5,4:38,Music,https://www.youtube.com/watch?v=-EE2RnHrQwc,Music Video,DUB,,"Drum,Voice,Harmonica",BLOWsutra,,,,,,2026-02-24,19,1,0,https://i.ytimg.com/vi/-EE2RnHrQwc/maxresdefault.jpg,"Because if there's one thing I wish for everyone to understand, it is that ego sure ain't your amigo—and neither are plastic straws 🥤ha #truestory 

This is Vol. 2 of this song, with slightly edited lyrics… “Ego Ain’t Your Amigo” EPx21 is available for free on #soundcloud and flows Gipsy Dub ❯ Psychedelic LoFi ❯ Burlesque Punk ❯ Americana Blues 🍌🙈🙊🙉
 
–
@bananasutra #originalsong #lyrics

Oh hi, oh hey, hey man, wow, hello,
What you doin’, how you feelin’, bro? 
Oh what? Oh no… no thank you, no,
I’m gonna pass on the plastic straw.

But did you know
What’s a “fasho”?
No, it’s no typo,
It’s French, for loco.

And racist rhymes with imperialist.
And sexist rhymes with capitalist.

Most just nod, yeah, go with the flow,
Smile at memes, while the world goes “uh-oh!”
Inside I scream, true crime, shitty old show.
Dirty ol’ egos, no soul, they’ll never grow…

Palm trees swayin’ at Mar-a-Loco,
King of sleaze puffin’ lies, hoe gone whacko.
Wears a crown made of lawsuits and low blows,
Grabs pussy because he can… That’s a no-go!

Raped be virgins, a-go-go, exploited,
While ‘em perverts grin, while ‘em files get voided.
Justice gagged, power abused…
Just ICE, and I ain’t freakin’ amused.

Clowns turned fashos, high on plastic straws,
Con men with small dicks ruling the law…

[Chorus]
No spark, just glitter… fake, no halo.
Talk loud, sound bitter… ego ain’t your amigo.
No heart, no rhythm… lies in the limbo.
Bimbos with no flow… ego ain’t your amigo.

Florida bros? Nah, this runs deeper.
Island names dropped, old men, grim reapers..
Cameras glitch, and dead witnesses wit,
The truth gone drowned, down a dirty martini sip

Murder or myth? Who wrote this script?
When ‘em bozos wear suits and the courts just flip…
A convicted felon, small screen sensation,
Ego playin’ hero, in a faux-blessed nation.

This ain’t satire, mama,
It is a dire drama.
Greedy egos gone guns,
Bad jokes, old puns.

No schools, no rights,
Like plight turned blight,
Red trucker hats,
Eatin’ your cats?!

Oh Ego ain’t your amigo…
Please beware of ‘em plastic straws.
May we find a muse who plays ‘em heartstrings,
Making magic, a song we can sing.

Tell me, is it true? Is it fair? Is it fun?
Are we free, or just numb, marchin’ to a drum?
If truth is the joke, and the lie is the show,
What’s a soul to do but blow, blow, and blow?

[Chorus]
No spark, just glitter… fake, no halo.
Talk loud, sound bitter… ego ain’t your amigo.
No heart, no rhythm… lies in the limbo.
Watch close, they slither… ego ain’t your amigo.

Oh hi, oh hey, well hey hey there, hello,
This is song for a world gone loco.
Sing it loud, and diss the plastic straw, bro…
Now you know, ego ain’t your amigo.",,,Bilingual,"BLOWsutra : Ego (Gone Loco),BLOWsutra,DUBsutra,Bible Gone Bananas",4,,public,checked,youtube,,New,,-EE2RnHrQwc
EGO’s Maquerade 🤓🍿🎶 BLOWsutra Cabaret Music,EGO's Masquerade,L-69,checked,16:9,2,4:55,"Electronic music, Independent music, Music, Pop music, Rock music",https://www.youtube.com/watch?v=S5B_T0rH3gU,Music Video,LOFI,BURLESQUE,"Drum,Upright Bass",BLOWsutra,,,,,,2025-08-26,14,0,0,https://i.ytimg.com/vi/S5B_T0rH3gU/maxresdefault.jpg,"Shit show, you know ;)",,,EN,"BLOWsutra : Ego (Gone Loco),BLOWsutra,FOTUS CIRCUS (Felon Of The United States),BURLESQUEsutra,Bible Gone Bananas",5,,public,checked,youtube,,New,,S5B_T0rH3gU
"I was so relieved to confirm the new American pope Leo is so not a m@g@ show, I cried 😇🤌 #bewoke",El Papito (Es No MAGA Show),L-70,checked,9:16,4,2:34,Pop music,https://www.youtube.com/watch?v=slVc-q8GHM8,Short/Reel,INDIE,"JAZZ,BURLESQUE,WORLD",Voice,GROWsutra,,,,,,2025-06-23,23,0,0,https://i.ytimg.com/vi/slVc-q8GHM8/maxresdefault.jpg,,,,EN,"GROWsutra : GOD (Questions Etc...),PEACE CIRCUS,KNOWsutra,BURLESQUEsutra,SHORTsutra Bananas Matter,Bible Gone Bananas",6,,public,checked,youtube,,New,,slVc-q8GHM8
"While seeing 3 of the 4 top #freeapps in #appstore are #Bible apps is suspicious, Leo seems kind 🙏",El Papito (Es No MAGA Show),L-70,checked,9:16,4,2:55,Music,https://www.youtube.com/watch?v=m5KTEE1fPCY,Music Video,DUB,,Drum,GROWsutra,,,,,,2025-05-09,98,,1,https://i.ytimg.com/vi/m5KTEE1fPCY/maxresdefault.jpg,,,,EN,"GROWsutra : GOD (Questions Etc...),BLOWsutra,FOTUS CIRCUS (Felon Of The United States),SHORTsutra Bananas Matter,Bible Gone Bananas",5,,public,checked,youtube,,New,,m5KTEE1fPCY
"“On Est Tous Frères” & la Terre, c’est notre Mère—a #jazz #peace song inspired by “We Are the World”","En Vrai, On Est Tous Frères",L-71,checked,16:9,4,3:24,"Jazz, Music, Soul music",https://www.youtube.com/watch?v=MmFGNH1vCes,Music Video,INDIE,"FOLK,BLUES",Voice,KNOWsutra,,,,checked,,2025-05-04,28,,0,https://i.ytimg.com/vi/MmFGNH1vCes/maxresdefault.jpg,"#QOTD: If YouTube really wants to grow its Music platform—meaning more reach, views, engagement, and yes, profit—why is YouTube Music still treated like a clunky side project?

You’d think it wouldn’t take a media exec or growth wizard to grasp a few simple truths:
 1. Competing with Spotify, Apple, or TikTok? You need to invest in emerging artists.
 2. Most of us don’t have the time, money, or energy to make multiple-format videos.
 3. Vertical is the standard. It’s what mobile-native, youth-heavy audiences expect.
 4. Good songs are often longer than 3 minutes. The new Shorts limit is a mismatch.
 5. Real music lovers—creators and listeners—don’t vibe with arbitrary corporate constraints.

So… why is YouTube’s music growth strategy still so clunky? As a nerdy music fan and digital strategist, it baffles me. Like, how is this not obvious?

Bottom banana:
If YouTube wants to be taken seriously as a music platform, it needs to give Music its own dedicated Shorts format—and show it actually cares about artists and audiences.

Take it from a win-win strategist: Build community, not just compliance. The payoff is real.

And hey, if you made it this far, congrats—you’re officially part of the 0.001% with heart, soul and curiosity.

#musicheals #vocaljazz #sunomusic #aivoice #YouTubeMusic #ShortsTooShort",,,Bilingual,"KNOWsutra : PEACE (Not War),PEACE CIRCUS,FRENCHsutra,JAZZsutra,KNOWsutra,Bible Gone Bananas",6,,public,checked,youtube,,New,,MmFGNH1vCes
"ENSHIT-TIFI-CATION (just so we’re all clear on the official #wordoftheyear 2024, you know?) 🍌",Enshittification (Word of the Year),L-334,checked,16:9,3,2:00,"Independent music, Pop music",https://www.youtube.com/watch?v=56tBW1P8gW4,Music Video,DUB,,,SHOWsutra,,,,,,2025-03-03,21,,0,https://i.ytimg.com/vi/56tBW1P8gW4/maxresdefault.jpg,"It is spelled “enshitification”, yes.",,,EN,"SHOWsutra : Fanana Club,“UNAVAILABLE” Content said YouTube Music… Who knew? Not me!,JAZZsutra,KNOWsutra,LOFIsutra,Bible Gone Bananas",6,,public,checked,youtube,,New,,56tBW1P8gW4
Word of the year(s) 🚽🙃📺 En•shit•ifi•cation PsyHop LoFiSUTRA,Enshittification (Word of the Year),L-334,checked,16:9,4,4:01,"Electronic music, Music",https://www.youtube.com/watch?v=3t3Mq-QICzw,Music Video,LOFI,JAZZ,Voice,SHOWsutra,,,,,"""word of the year 2024"", the TV show is pretty funny... and that ducks, again. oh and look at thattrippy carpet...",2025-03-10,28,,0,https://i.ytimg.com/vi/3t3Mq-QICzw/maxresdefault.jpg,"'@bananasutra lyrics + #aivoice + #sunomusic 

It’s Enshitification
(A poetic, bluesy, downtempo trip-hop rock anthem)

[Verse 1]
Well, here’s something funny, Boo—
Funny ‘cause it’s so damn true.
Do I have your full attention?
The word is en-shit-if-i-cation.
I repeat—enshitification,
Six syllables of devastation.
Roots of evil, growing fear,
Six clicks deep, no way outta here.

I read it on my mobile screen,
Algorithms caught me in between.
Truths warped, sold for a cent,
Prophetic linguistics with malcontent.
Psychic lessons in toxic trends,
Where manipulation never ends.

[Chorus]
It’s enshitification,
Rhymes with evil manipulation.
It’s a chorus for the year,
A melody of what we fear.
Wordplay dancing, no salvation,
Harmonizing degradation.
Enshitification, perfection,
Echoes of narcissistic reflection.

[Verse 2]
Now here’s something else that’s true—
Last year’s buzz was gaslighting, too.
Hilarious how these words collide,
Cause and effect go for a ride.
Conspicuous, outrageous,
Lexicons of the contagious.

Next year’s word? Could be “Dolon Trusk,”
Wearing white musk, throwing more dusk.
FWIW, I vote ‘no’ to twatocracies,
Parody pricks in autocracies.
Fancy words waving their flags,
Historical omens in red-smeared tags.

[Chorus]
It’s enshitification,
Rhymes with evil manipulation.
It’s the anthem of decay,
Of systems crumbling every day.
Tongue-twisters twist the knife,
As enshitification reshapes life.

[Bridge: Instrumental Groove]
(Enter hypnotic cello loops, upright bass pulses, haunting jazz riffs)

[Spoken Word Interlude]
It’s all there, painted on the wall—
The signs we ignored, the writing in bold scrawl.
Year after year, words disappear,
But enshitification sticks—loud, clear.
Sociology, baby, it’s got the receipts,
History rhymes, but never repeats.

[Final Chorus]
It’s enshitification,
The art of evil manipulation.
A neologism for the soul,
Where broken systems take their toll.
Six syllables, a toxic addiction,
But hey—it rhymes to perfection.

[Outro]
So here’s something funny, Boo,
Funny ‘cause it’s always true.
Enshitification—say it proud,
A word for the year, say it loud.
Prophetic linguistics, toxic politics,
The soundtrack of this apocalypse.",,,EN,"SHOWsutra : Fanana Club,SHOWsutra,LOFIsutra,Bible Gone Bananas",4,,public,checked,youtube,,New,,3t3Mq-QICzw
Everybody Knows 🐈‍⬛ 🎹 KNOWsutra (Peace Not War) Indie World Fusion Piano Chanson JAZZ 🎵,Everybody Knows,L-72,checked,16:9,5,3:39,"Jazz, Music, Pop music",https://www.youtube.com/watch?v=lkMb7XxbsUE,Music Video,JAZZ,INDIE,Piano,KNOWsutra,,,,checked,"black and white retro noir cabaret dream -- my kitty and i jazzing it up at the piano... beautiful song, piano version",2026-01-09,13,1,1,https://i.ytimg.com/vi/lkMb7XxbsUE/maxresdefault.jpg,"Every ⁠@b@bananasutraong is like an agnostic prayer of sorts, a lill’ therapy pep talk, at least to myself—in the name of empathy, for the sake of reason, i.e. peace and sanity. This one was inspired by #leonardcohen #everbodyknows #peace #poetry (minus #theirony bc bananas are nowhere as sweet and subtle as Leonard ;)

“Everybody Knows” (Piano Jazz Edition) Lyrics:

[Verse 1]
Can we forget the foolishness, just for tonight?
Can we forget the hatred, step into the light?
Can we set it all down, hold each other tight?

[Chorus]
‘Cause everybody knows we can’t fight hate with more hatred,
Everybody knows we can’t win love with fear,
Everybody knows we can’t cure pain with vengeance,
Everybody knows we won’t find truth if we’re insincere.

[Verse 2]
Can we forgive the drama, give each other grace?
Can we release the dogma, let it find its place?
Can we heal the trauma, start a new embrace?

[Chorus]
‘Cause everybody knows we can’t beat fire with fire,
Everybody knows we can’t lift chains with chains,
Everybody knows we can’t find peace with anger,
Everybody knows we won’t heal wounds with blame.

[Verse 3]
Can we silence the noise, just one quiet night?
Can we look past our faults, give up the fight?
Can we let it go, step into the light?

[Chorus]
’Cause everybody knows we can’t crush fear with more fear,
Everybody knows we can’t make joy from lies,
Everybody knows that the answer’s in kindness,
Everybody knows we’ll fall if we never rise.

[Outro]
Yeah, everybody knows… but does anyone care?
Everybody talks, but is anyone there?
Everybody’s waiting, but will anyone dare?
Everybody knows… but only love can repair.",,,EN,"KNOWsutra : PEACE (Not War),PEACE CIRCUS,PIANOsutra,JAZZsutra,KNOWsutra,Bible Gone Bananas",6,,public,checked,youtube,,New,,lkMb7XxbsUE
Everybody Knows (Prayer is Free) 🎻 🎼 FLOWsutra Cello Freedom Magic Indie Folk Song 🕊️🪄✨,Everybody Knows,L-72,checked,16:9,5,4:08,"Independent music, Music, Rock music",https://www.youtube.com/watch?v=5gVicAAKdrg,Music Video,INDIE,MANTRA,Cello,KNOWsutra,,,,checked,"my fav song, i'm religious about its meaning... video a bit blurry tho...",2025-10-03,220,7,6,https://i.ytimg.com/vi/5gVicAAKdrg/maxresdefault.jpg,"Every @bananasutra song is a humble pep talk (at least to myself), an agnostic prayer of sorts—this one was inspired by #leonardcohen #peace #poetry minus #theirony (bc I’m nowhere as cool as Leonard ;)

“Everybody Knows” Lyrics:

[Verse 1]
Can we forget the foolishness, just for tonight?
Can we forget the hatred, step into the light?
Can we set it all down, hold each other tight?

[Chorus]
‘Cause everybody knows we can’t fight hate with more hatred,
Everybody knows we can’t win love with fear,
Everybody knows we can’t cure pain with vengeance,
Everybody knows we won’t find truth if we’re insincere.

[Verse 2]
Can we forgive the drama, give each other grace?
Can we release the dogma, let it find its place?
Can we heal the trauma, start a new embrace?

[Chorus]
‘Cause everybody knows we can’t beat fire with fire,
Everybody knows we can’t lift chains with chains,
Everybody knows we can’t find peace with anger,
Everybody knows we won’t heal wounds with blame.

[Verse 3]
Can we silence the noise, just one quiet night?
Can we look past our faults, give up the fight?
Can we let it go, step into the light?

[Chorus]
’Cause everybody knows we can’t crush fear with more fear,
Everybody knows we can’t make joy from lies,
Everybody knows that the answer’s in kindness,
Everybody knows we’ll fall if we never rise.

[Outro]
Yeah, everybody knows… but does anyone care?
Everybody talks, but is anyone there?
Everybody’s waiting, but will anyone dare?
Everybody knows… but only love can repair.",,,EN,"KNOWsutra : PEACE (Not War),PEACE CIRCUS,FLOWsutra,LULLABIESsutra,Bible Gone Bananas",5,,public,checked,youtube,,New,,5gVicAAKdrg
PSA: False Positive Music Copyright Claims are Trending and the burden to prove ‘em wrong is on us!,F-BOMB,L-75,checked,9:16,,2:00,"Independent music, Music, Pop music",https://www.youtube.com/watch?v=6V_gcc6W33E,Music Video,DUB,,,SHOWsutra,,,,,EP for censorship,2025-03-06,22,,0,https://i.ytimg.com/vi/6V_gcc6W33E/maxresdefault.jpg,Wanna guess which one of these 4 versions of my “linguistic weaponry” songs was blocked by #SoundCloud for alleged (false) #copyrightissues⁉️,,,EN,"SHOWsutra : Fanana Club,KNOWsutra,DUBsutra,Bible Gone Bananas",4,,public,checked,youtube,,New,,6V_gcc6W33E
"Felon Nation is such blasphemy, my humanist conscience just won’t STFU about double duck standards.",Felon Nation,L-333,checked,16:9,3,3:14,,https://www.youtube.com/watch?v=9YJGGP7OCyM,Music Video,BLUES,SPOKEN WORDS,Banjo,QUACKsutra,,,,,the birds like teh music :),2025-02-16,18,,0,https://i.ytimg.com/vi/9YJGGP7OCyM/maxresdefault.jpg,"Dear Felon Nation watchers, do songs lyrics matter? Let me know. I’d be inclined to share more—like I do elsewhere—but(t) it’s just too vain and futile, with literally no viewers ever LOL… I would rather #GROW my heart, my knowledge and my faith by creating new badass BIBLEsutra prayer songs, rather than invest (whore?) my time sheepling around to “grow an audience” by following corporate compliance rules. I’m a hard core introvert so I much prefer the humble delicacies of intimac, over mainstream popularity—plus, fun fact: according to the kids chasing YT fame, the primary growth KPI (for shorts) is to create basic, scripted content well “under 5th grade reading level” (sic, ceci n’est pas une blague ni une excuse, c’est un #truestory) 
Et donc voilà, some thoughts streaming, à propos du pourquoi…",,,Bilingual,"BLOWsutra : DUCK (Shady),BANJOsutra,FOTUS CIRCUS (Felon Of The United States),Bible Gone Bananas",4,,public,checked,youtube,,New,,9YJGGP7OCyM
"But(t) El Bully doesn’t believe in music therapy, nor cares for #FelonNation or #celloshorts—do you?",Felon Nation,L-333,checked,9:16,,0:41,"Independent music, Music",https://www.youtube.com/watch?v=uvjQ4g73qcM,Short/Reel,INDIE,BURLESQUE,Cello,QUACKsutra,,,,,,2025-02-07,14,,0,https://i.ytimg.com/vi/uvjQ4g73qcM/maxresdefault.jpg,,,,EN,"BLOWsutra,BURLESQUEsutra,SHORTsutra Bananas Matter",3,,public,checked,youtube,,New,,uvjQ4g73qcM
Escaping my #FOTUS anxiety with the wonder of a banana rainbow & my imaginary puppy 🌈✨ #banjosutra,Felon Nation,L-333,checked,9:16,4,3:00,,https://www.youtube.com/watch?v=EschSbMNSuY,Music Video,BLUES,BURLESQUE,Banjo,QUACKsutra,,,,,,2025-02-16,6,,0,https://i.ytimg.com/vi/EschSbMNSuY/maxresdefault.jpg,,,,EN,"BLOWsutra : DUCK (Shady),FOLKsutra,BLOWsutra,FOTUS CIRCUS (Felon Of The United States),SHORTsutra Bananas Matter,Bible Gone Bananas",6,,public,checked,youtube,,New,,EschSbMNSuY
Flow like water • sutraFLOW reggae • inspired by and dedicated to Bruce Lee (my friend:),Flow Like Water (My Friend),L-76,checked,9:16,5,2:12,"Electronic music, Music, Reggae",https://www.youtube.com/watch?v=UQ3Z92hgBMY,Short/Reel,DUB,,"Bass,Voice",FLOWsutra,,,,,Nice water hair animation,2024-10-26,31,0,0,https://i.ytimg.com/vi/UQ3Z92hgBMY/maxresdefault.jpg,Original lyrics in suno + original art generated in midjourney + music video animated in Luma labs,Different,,EN,"FLOWsutra : FLY (like water),PEACE CIRCUS,FLOWsutra,DUBsutra,Bible Gone Bananas",5,,public,checked,youtube,,New,,UQ3Z92hgBMY
Foolish Goldfish (Forever) • KNOWsutra Peace (Not War) Psychedelic Tzigane Soul Fusion LOFI Music 🏳️,Foolish Goldfish (Forever),L-80,checked,16:9,5,7:18,"Electronic music, Music, Pop music, Soul music",https://www.youtube.com/watch?v=7iV7hy3nDkQ,Music Video,LOFI,WORLD,"Voice,Drum",KNOWsutra,,,,,"drinking from the fishbowl, with my peace flag",2025-11-26,24,0,0,https://i.ytimg.com/vi/7iV7hy3nDkQ/maxresdefault.jpg,"00:00 Song 1
03:28 Song 2

This is Vol. 02 of one of my oldest peace prayer blues song (which I released as a single many months ago), about war history that repeats again and again and again... as if our foolish lill' goldfish brains were forever bamboozled into believing long-term ""winning"" means ""beating"" others, as if Blaise Pascal was an idiot and the ends always justified the means, as if ego power was more important to nurture than breathing in peace, as if taking brought more joy than sharing or giving, as if caring was too much to dare  #dontbeafoolishgoldfish

This is track 9&8 of an EPx15 that flows Cello INDIE (1-2) ❯ Psychedelic DUB (3-5) ❯ Gipsy LOFI (6-10) ❯ Dubby Banjo FOLK (11-13) ❯ True Soul BLUES (14-15) ... and I know I'm biased, but I thinks it's a beautiful one #enjoy

❃ ❃ ❃
@bananasutra ""Foolish Goldfish"" @songlyrics

[Intro]
Breathe in slow…
Hum the truths we know…
Shadows rise…
Blessed be whys…

[Verse 1]
Take a moment, take a breath,
Let it settle in your chest.
What is fair, what is right?
Why do nightmares shape the night?

Stalin, Putin in disguise,
Same old hunger in their eyes.
Not the red, not the blue,
Just the ego breaking through.

[Hook]
Ohhh… round and round we go,
In a world we barely know…
Bananasutra helps you grow,
Truth is a river in the undertow.

Why chase ‘em turds made of gold?
Why trust the fake news we’re told?
Foolish goldfish in the cold…
Swimming through the lies we hold… ohhh…

[Verse 2]
Oh humanity, so blind,
Wearing veils around the mind.
Dumbed and numbed and growing growl,
Like foolish goldfish in a bowl.

Contrarian skies crack and cry,
Storms repeating, don’t ask why.
Encore echoes at the door,
Here we go to war once more.

[Hook]
Ohhh… round and round we go,
In a world we barely know…
Bananasutra let it flow,
Truth is a river in the undertow.

Why chase ‘em turn made of gold?
Why trust the fake news we’re told?
Foolish goldfish in the cold…
Swimming through the lies we hold… ohhh…

[Bridge]
Are we tangled in some pride?
Lost and drifting with their tide?
Can we learn, can we see?
Can we break the loops and be free?

[Verse 3]
Think deep now, take it slow,
Let your inner lantern glow.
Freedom’s not an outer fight,
Ego is the cage inside.

Look within, let it shine,
Light the shadows in your mind.
Every ism, every blow,
Is a mask that just won’t glow.

[Hook]
Ohhh… round and round we go,
In a mind we barely know…
Bananasutra, take a bow,
Truth is a river in the undertow.

Why chase the glitter and gold?
Why trust the stories we’re told?
Foolish goldfish in the cold…
Swimming through the lies we hold… ohhh…

Ohhh… loops beneath the sky…
Ohhh… never asking why…
Ohhh… chasing every lie…
But I try, please let’s try… ohhh…

❃ ❃ ❃",,,EN,"KNOWsutra : PEACE (Not War),PEACE CIRCUS,KNOWsutra,LOFIsutra,Bible Gone Bananas",5,,public,checked,youtube,,New,,7iV7hy3nDkQ
"Why does history repeat? Are we dumb, or numb, or like goldfish in a bowl?… #knowsutra #gonebanana",Foolish Goldfish (Forever),L-80,checked,9:16,,0:30,"Lifestyle (sociology), Pet",https://www.youtube.com/watch?v=IeB_3tY9zN8,Short/Reel,FOLK,,Guitar,KNOWsutra,,,,,,2025-02-09,22,,0,https://i.ytimg.com/vi/IeB_3tY9zN8/maxresdefault.jpg,,,,EN,"BLOWsutra : Ego (Gone Loco),FOLKsutra,KNOWsutra,SHORTsutra Bananas Matter",4,,public,checked,youtube,,New,,IeB_3tY9zN8
“Foolish Goldfish” is one of my oldest #worldpeace psychedelic prayer blues song #dontbeagoldfish,Foolish Goldfish (Forever),L-80,checked,9:16,4,1:01,Music,https://www.youtube.com/watch?v=CqZuk41V78w,Short/Reel,BLUES,FOLK,"Upright Bass,Voice",KNOWsutra,,,,,Lovely timeless lady lost in the goldfish bowl,2025-11-29,64,2,0,https://i.ytimg.com/vi/CqZuk41V78w/maxresdefault.jpg,,,,EN,,0,,public,checked,youtube,,New,,CqZuk41V78w
"FOTUS CIRCUS: Angel Eyes, Devil’s lies… inspired by Allen Ginsberg, George Orwell, and Emma Goldman*",FOTUS Circus: Angels Eyes,L-81,checked,16:9,3,3:22,"Electronic music, Independent music, Music, Pop music",https://www.youtube.com/watch?v=qGH9i8ugQDc,Music Video,INDIE,"FOLK,BLUES",Banjo,QUACKsutra,,,,,banky kid dream,2025-03-18,8,,0,https://i.ytimg.com/vi/qGH9i8ugQDc/maxresdefault.jpg,"* Quote attribution errata note: my lyrics mention a quote (I believed to be) from #marktwain but upon post-production #factchecking I actually learned this was a misattribution, and as usual, a product of social media…

More specifically (oh, irony…), Twitter (aka X, aka Dolon Trusk’s other weapon of mass Mind control and misinformation) was the primary vehicle of this false information—misattributing the quote “If voting made any difference, they’d wouldn’t let us do it” to Mark Twain, when in fact, the presumed source is #emmagoldman (a Russian anarchist hero) who said “if voting changed anything, they’d make it illegal.” 

It is true, however, that Twain was cynical about elections… but not because he believed they couldn’t make a difference, because he believed his countrymen failed to appreciate the difference they could make! 

—
@bananasutra lyrics + ai voice on #sunomusic 

That’s right, America, when you gonna be angelic?
When you gonna bare your soul, drop that facade so slick?
Step right up to the mirror of truth tonight,
Under the big top, poetry sings in a bright moonlight.

[Chorus]
Angel eyes, devil’s lies,
Oh, the sweetest disguise.
Laugh with us as we peel back the show,
We're all bananas with nowhere to go.
Angel eyes, devil’s lies,
Watch out for 'em, circus spies.

We won’t preach, won’t beg, just share a true lore
We’re all here to witness, watch age-old gore.
A little Mark Twain to sweeten the dread,
If it mattered, they’d keep us from voting instead.

(Chorus)
Angel eyes, devil’s lies,
Oh, the sweetest disguise.
Laugh with us as we peel back the show,
We're all bananas with nowhere to go.
Angel eyes, devil’s lies,
Watch out for 'em, circus spies.

Raise a glass to the great American circus,
Bless promises, hollow hearts, FOTUS' anus,
Be the light, watch where dark shadows are drawn,
Pray for our small world, where the truth’s long gone…

(And round we go, ho, ho, ho…)","FOTUS,FOTUScircus,Mark Twain,Allen Ginsberg,Emma Goldman",,EN,"BLOWsutra : FOTUS Circus,FOLKsutra,DUBsutra,FOTUS CIRCUS (Felon Of The United States),Bible Gone Bananas",5,,public,checked,youtube,,New,,qGH9i8ugQDc
FOTUS CIRCUS Revolution… Com’on in wretched fools 🎪 🤡,FOTUS Circus: Angels Eyes,L-81,checked,16:9,4,4:05,"Independent music, Pop music, Society",https://www.youtube.com/watch?v=XnSnhWzrb6U,Music Video,BURLESQUE,JAZZ,"Upright Bass,Voice",QUACKsutra,,,,checked,wretched fools tracks... duck head tv show,2025-05-31,5,0,0,https://i.ytimg.com/vi/XnSnhWzrb6U/maxresdefault.jpg,,,,EN,"BLOWsutra : FOTUS Circus,JAZZsutra,BLOWsutra,FOTUS CIRCUS (Felon Of The United States),Bible Gone Bananas",5,,public,checked,youtube,,New,,XnSnhWzrb6U
"Angel Eyes, Devil’s Lies 🎡 BLOWsutra (FOTUS Circus) LoFi Trip Hop Burlesque Night",FOTUS Circus: Angels Eyes,L-81,checked,16:9,4,3:39,"Electronic music, Music, Pop music, Soul music",https://www.youtube.com/watch?v=JWPsFEmH2i8,Music Video,LOFI,BURLESQUE,"Voice,Bass",QUACKsutra,,,,checked,surreal living room party,2026-01-11,13,0,0,https://i.ytimg.com/vi/JWPsFEmH2i8/maxresdefault.jpg,"Or, how to throw yourself a Saturday Night Gone House Party (à la FOTUS Circus spies lounge style) 🥹 

—
Original @bananasutra lyrics + #aivoiceover  on #sunomusic 

That’s right, America, when you gonna be angelic?
When you gonna bare your soul, drop that facade so slick?
Step right up to the mirror of truth tonight,
Under the big top, poetry sings in a bright moonlight.

(Chorus)
Angel eyes, devil’s lies,
Oh, the sweetest disguise.
Laugh with us as we peel back the show,
We're all bananas with nowhere to go.
Angel eyes, devil’s lies,
Watch out for 'em, circus spies.

We won’t preach, won’t beg, just share a true lore
We’re all here to witness, watch age-old gore.
A little Mark Twain (*) to sweeten the dread,
If it mattered, they’d keep us from voting instead.

(Chorus)
Angel eyes, devil’s lies,
Oh, the sweetest disguise.
Laugh with us as we peel back the show,
We're all bananas with nowhere to go.
Angel eyes, devil’s lies,
Watch out for 'em, circus spies.

Raise a glass to the great American circus,
Bless promises, hollow hearts, FOTUS' anus,
Be the light, watch where dark shadows are drawn,
Pray for our small world, where the truth’s long gone…

—
* note: the actual quote attributed to Mark Twain is “If voting made any difference, they’d wouldn’t let us do it”, but(t) it turns out it’s not even his quote lol",,,Bilingual,"BLOWsutra : FOTUS Circus,BLOWsutra,LOFIsutra,FOTUS CIRCUS (Felon Of The United States),Bible Gone Bananas",5,,public,checked,youtube,,New,,JWPsFEmH2i8
"F.O.T.U.S. CIRCUS : Angel Eyes, Devil’s Lies",FOTUS Circus: Angels Eyes,L-81,checked,16:9,4,3:31,"Music, Pop music",https://www.youtube.com/watch?v=OY22mMHWTOE,Music Video,BLUES,,Voice,QUACKsutra,,,,,chilling in the top floor living room,2024-12-21,36,,0,https://i.ytimg.com/vi/OY22mMHWTOE/maxresdefault.jpg,This is not a dream…,,,EN,"BLOWsutra : FOTUS Circus,FOLKsutra,BLUESsutra,BLOWsutra,BANJOsutra,FOTUS CIRCUS (Felon Of The United States),Bible Gone Bananas",7,,public,checked,youtube,,New,,OY22mMHWTOE
Because God knows we all need a lill’ #fotuscircus interlude & #allenginsberg poetry is underrated,FOTUS Circus: Angels Eyes,L-81,checked,9:16,,0:32,"Electronic music, Music",https://www.youtube.com/watch?v=tgT7B1O79LM,Short/Reel,INDIE,BURLESQUE,Voice,QUACKsutra,,,,,,2025-02-09,19,,0,https://i.ytimg.com/vi/tgT7B1O79LM/maxresdefault.jpg,,,,EN,"BLOWsutra : FOTUS Circus,BLABLAsutra,DUBsutra,FOTUS CIRCUS (Felon Of The United States),SHORTsutra Bananas Matter",5,,public,checked,youtube,,New,,tgT7B1O79LM
🎪🎶☁️,FOTUS Circus: Angels Eyes,L-81,checked,16:9,4,3:31,"Independent music, Music, Pop music",https://www.youtube.com/watch?v=d9OvzBZ-cs4,Music Video,INDIE,"FOLK,BURLESQUE","Voice,Banjo",QUACKsutra,,,,,,2024-12-17,22,,0,https://i.ytimg.com/vi/d9OvzBZ-cs4/maxresdefault.jpg,,,,EN,"BLOWsutra : FOTUS Circus,BLOWsutra : DUCK (Shady),BLUESsutra,BANJOsutra,FOTUS CIRCUS (Felon Of The United States),Bible Gone Bananas",6,,public,checked,youtube,,New,,d9OvzBZ-cs4
I wish FOTUS CIRCUS 🎪 was just a fictitious fantasy parody—but(t) this freaking nightmare is REAL 💔,FOTUS Circus: Angels Eyes,L-81,checked,16:9,4,2:03,Music,https://www.youtube.com/watch?v=uxAVso_JJNY,Music Video,BURLESQUE,,Accordion,QUACKsutra,,,,,,2025-03-22,14,,0,https://i.ytimg.com/vi/uxAVso_JJNY/maxresdefault.jpg,"My vulnerable truth is that I’m so #heartbroken about the death of #democracy in the U.S., so worried for the future, the kids, and just so nauseated, horrified by the ignorance-fed jerks arrogance AND their non-stop acts of malicious malevolence… some days, I feel like I’m literally gasping for air, drowning in nonsensical, seemingly hopeless despair… and simply can’t see my #sensitive self going on much longer without a major nervous breakdown 😰 bc I ❤️#thepeople #youarenotalone #whattheduck #tbch",,,EN,"BLOWsutra : FOTUS Circus,BLOWsutra,FOTUS CIRCUS (Felon Of The United States),BURLESQUEsutra,Bible Gone Bananas",5,,public,checked,youtube,,New,,uxAVso_JJNY
"FOTUS CIRCUS Reality TV Show ⭐️ South Park Season 27 Episode 1 Edition, AMEN BLOWsutra Rock 🤘🇺🇸",FOTUS Circus: Ginsberg Hollow (Horror) Show,L-82,checked,9:16,4,2:12,"Independent music, Music, Pop music, Television program",https://www.youtube.com/watch?v=P7fAKkOJNCo,Music Video,SPOKEN WORDS,"ROCK,BURLESQUE",Upright Bass,QUACKsutra,,,,,,2025-07-26,267,2,0,https://i.ytimg.com/vi/P7fAKkOJNCo/maxresdefault.jpg,"If I was a teacher in Murica, I would totally campaign to make the #southpark Season 27 Episode 1 a #mustwatch 🇺🇸⭐️⭐️⭐️⭐️⭐️ in the name of truth, education, integrity, empathy, #jesus #christianlifestyle aka the meaning of living a virtuous life, and having the balls to speak up against what’s EVIL 😇🍌

⁠Comment if you care to see @bananasutra “FOTUS CIRCUS” lyrics in description ;)",,,EN,"BLOWsutra : FOTUS Circus,BLOWsutra,FOTUS CIRCUS (Felon Of The United States),Bible Gone Bananas",4,,public,checked,youtube,,New,,P7fAKkOJNCo
FOTUS CIRCUS ™ Laughing Louder than the Laws • BURLESQUEsutra,FOTUS Circus: Ginsberg Hollow (Horror) Show,L-82,checked,16:9,4,3:59,Music,https://www.youtube.com/watch?v=5XbBddhYHBo,Music Video,BURLESQUE,,"Cello,Voice",QUACKsutra,,,,,FOTUS CIRCUS: Come on in wreteched fools,2025-03-05,25,,0,https://i.ytimg.com/vi/5XbBddhYHBo/maxresdefault.jpg,⁠⁠@bananasutra FORUS CIRCUS #unbrandedbible,,,EN,"BLOWsutra : FOTUS Circus,“UNAVAILABLE” Content said YouTube Music… Who knew? Not me!,BLOWsutra,FOTUS CIRCUS (Felon Of The United States),BURLESQUEsutra,Bible Gone Bananas",6,,public,checked,youtube,,New,,5XbBddhYHBo
Step Right Up To The Show Tonight ❤️‍🔥🏴‍☠️ (Allen Grinsberg Poetry + #aimusicrevolution = yum),FOTUS Circus: Ginsberg Hollow (Horror) Show,L-82,checked,9:16,3,2:12,"Independent music, Music, Pop music",https://www.youtube.com/watch?v=JWxeijMS1kc,Music Video,ROCK,,"Drum,Bass,Voice",QUACKsutra,,,,,,2025-02-14,39,,0,https://i.ytimg.com/vi/JWxeijMS1kc/maxresdefault.jpg,,,,EN,"BLOWsutra : FOTUS Circus,ROCKsutra,GROWsutra,FOTUS CIRCUS (Felon Of The United States),SHORTsutra Bananas Matter,Bible Gone Bananas",6,,public,checked,youtube,,New,,JWxeijMS1kc
"Jeopardy question, for $1M: “sipping lies through a #plasticstraw laughing louder than the law”…",FOTUS Circus: Ginsberg Hollow (Horror) Show,L-82,checked,9:16,,0:16,,https://www.youtube.com/watch?v=pwphQjJmsas,Commentary,SPOKEN WORDS,INDIE,Cello,QUACKsutra,,,,,,2025-03-23,11,,0,https://i.ytimg.com/vi/pwphQjJmsas/maxresdefault.jpg,"Never mind my live-testing YouTube editor's captions & polls, SANS #plasticstraw (HA) #nerdysphere",,,EN,"BLABLAsutra,FOTUS CIRCUS (Felon Of The United States),SHORTsutra Bananas Matter",3,,public,checked,youtube,,New,,pwphQjJmsas
FOTUS CIRCUS ™ Lament  📺 🛋️ BURLESQUEsutra Surreal Living Room Edition,FOTUS Circus: Ginsberg Hollow (Horror) Show,L-82,checked,16:9,3,3:25,"Music, Pop music",https://www.youtube.com/watch?v=F8GrhuWNWrk,Music Video,BURLESQUE,,Guitar,QUACKsutra,,,,,FIND CORRECT FOTUS VIDEO,2025-03-12,27,,0,https://i.ytimg.com/vi/F8GrhuWNWrk/maxresdefault.jpg,,,,EN,"BLOWsutra : FOTUS Circus,FOLKsutra,SHOWsutra,BLOWsutra,FOTUS CIRCUS (Felon Of The United States),Bible Gone Bananas",6,,public,checked,youtube,,New,,F8GrhuWNWrk
"America, when will you be angelic (once poetically asked Allen Ginsberg)? #FOTUScircus 📺🔥🦆🇺🇸💨",FOTUS Circus: Ginsberg Hollow (Horror) Show,L-82,checked,16:9,3,2:45,"Electronic music, Independent music, Music, Pop music",https://www.youtube.com/watch?v=SyD1wJTmgos,Short/Reel,BURLESQUE,,Voice,QUACKsutra,,,,,"pigeon and fire, urban duckery",2025-03-13,24,,0,https://i.ytimg.com/vi/SyD1wJTmgos/maxresdefault.jpg,@bananasutra Angel Eyes Devil Lies FOTUS circus lyrics inspired by Orwellian ghosts and dead beat poets 👋👽🍀🎪,,,EN,"BLOWsutra : FOTUS Circus,BLOWsutra,FOTUS CIRCUS (Felon Of The United States),BURLESQUEsutra,Bible Gone Bananas",5,,public,checked,youtube,,New,,SyD1wJTmgos
FOTUS CIRCUS ™ Plastic Straw Sh!tshow • BURLESQUEsutra,FOTUS Circus: Ginsberg Hollow (Horror) Show,L-82,checked,16:9,3,3:09,"Independent music, Music, Pop music",https://www.youtube.com/watch?v=I5n6QEPBDCI,Music Video,BURLESQUE,,Cello,QUACKsutra,,,,,fix fotus circus song,2025-03-05,34,,0,https://i.ytimg.com/vi/I5n6QEPBDCI/maxresdefault.jpg,"'@bananasutra lyrics + #aivoice on #sunomusic 

—

[Intro – Spoken, hypnotic, teasing whisper]
Come on in, you wretched fools,
Elect liars, plastic ghouls…
Here kings wear crowns of counterfeit gold,
And the meek do as they’re told…
(low laughter… a slow, eerie waltz begins...)

[Verse 1 – Sultry, slow, mocking tone]
Welcome to our grand charade,
Where masks won’t slip, shit's tailor-made.
They smiles with tongues, turn and twist,
Promise nothing, that's the gist.

In the land of smoke, schemes and deals,
Power fools dine on spinning wheels.
Selling Babel with broken vows,
Bowing only for here-and-now.

[Chorus – Hypnotic, swinging, eerie waltz]
Step inside, where the fraudsters feast,
Preachers peddlin' fake gold peace.
Sippin’ lies through plastic straws,
Laughin’ louder than the laws!

(Ooooh boy, oh shit...
Take your seat—watch 'em eat…
Feeding on nothin’ but shit...

Shitshow kings never flow, no no no
chiefs of crap just dunno what the glow,
Turds are too shallow to grow, or bow
Liars always throw a hollow show, (oh oh oh)

oh boy, oh shit, 
oh see? hold your seat...
watch the pricks as they go
lower than low, (so low low)
like clowns who dunno
better but to blow (blow blow)...)

[Verse 2 – Playful yet sinister, gypsy swing rhythm]
Breeding peacocks, proud and vain,
Cocksure fools who feel no shame.
Blessed be the shameless ones,
Selling trust with loaded guns.

They spin the wheel, they deal the fate,
Dress the lies in gold-trimmed lace.
Bless the cruel, reward the thieves,
Let the righteous weep and grieve…

[Chorus – Repeated with more grandeur]
Step inside, where the fraudsters feast,
Preachers peddlin' fake gold peace.
Sippin’ lies through plastic straws,
Laughin’ louder than the laws!

(Ooooh boy, oh shit...
Take your seat—watch 'em eat…
Feeding on nothin’ but shit...

Shitshow kings never flow, no no no
chiefs of crap just dunno what the glow,
Turds are too shallow to grow, or bow
Liars always throw a hollow show, (oh oh oh)

oh boy, oh shit, 
oh see? hold your seat...
watch the pricks as they go
lower than low, (so low low)
like clowns who dunno
better but to blow (blow blow)...)

[Bridge – Spoken, twisted nursery rhyme, eerie lullaby melody]
Paper leaders, plastic laws…
Bent and twisted, just because.
Fools who shout the loudest win,
Truth is dead—they toast to sin!

(pause… eerie laughter, music swells… then slows to a crawl…)

[Final Chorus – Grand, chaotic, thrilling]
Step right in, don’t be shy,
Watch the circus touch the sky!
Jesters rule, make you fools crawl,
The maddest men shall take it all!

(Ooooh boy, oh shit...
Take your seat—watch 'em eat…
Feeding on nothin’ but shit...

Shitshow kings never flow, no no no
chiefs of crap just dunno what the glow,
Turds are too shallow to grow, or bow
Liars always throw a hollow show, (oh oh oh)

oh boy, oh shit, 
oh see? hold your seat...
watch the pricks as they go
lower than low, (so low low)
like clowns who dunno
better but to blow (blow blow)...)",,,EN,"BLOWsutra : FOTUS Circus,BLOWsutra,FOTUS CIRCUS (Felon Of The United States),BURLESQUEsutra,Bible Gone Bananas",5,,public,checked,youtube,,New,,I5n6QEPBDCI
Meet Dolon Trusk 🎪 ROCKsutra,FOTUS Circus: Ginsberg Hollow (Horror) Show,L-82,checked,16:9,4,2:12,Music,https://www.youtube.com/watch?v=gMxZcn2ZLEY,Music Video,ROCK,,"Drum,Bass,Voice",QUACKsutra,,,,,,2024-12-21,23,,0,https://i.ytimg.com/vi/gMxZcn2ZLEY/maxresdefault.jpg,"From the BLOWsutra underground lore (no description needed, right??!...)",,,EN,"BLOWsutra : DUCK (Shady),ROCKsutra,BLOWsutra,FOTUS CIRCUS (Felon Of The United States),Bible Gone Bananas",5,,public,checked,youtube,,New,,gMxZcn2ZLEY
"FOTUS Circus : lyrics inspired by the revolutionary poetry of Twain, Wilde, Orwell, & Ginsberg 🎪",FOTUS Circus: Ginsberg Hollow (Horror) Show,L-82,checked,9:16,5,2:12,"Independent music, Music, Pop music, Rock music",https://www.youtube.com/watch?v=LLXP778Gt0s,Music Video,ROCK,INDIE,"Drum,Violin,Voice",QUACKsutra,,,,,F-the-duck shirt ftw,2025-02-14,41,,0,https://i.ytimg.com/vi/LLXP778Gt0s/maxresdefault.jpg,"Felon Nation is the new millennium Twilight Zone, but(t) like the simulation is undeniably reeeal now 
🤯",,,EN,"BLOWsutra : FOTUS Circus,ROCKsutra,SHOWsutra,BLOWsutra,FOTUS CIRCUS (Felon Of The United States),Bible Gone Bananas",6,,public,checked,youtube,,New,,LLXP778Gt0s
“Freedom To Lie Is The New Human Right”—what happens when #narcissists are allowed to lead 🍌🙈🇺🇸,Freedom To Lie Is The New Human Right,L-332,checked,9:16,4,2:59,Lifestyle (sociology),https://www.youtube.com/watch?v=es44CmSdVGk,Short/Reel,BURLESQUE,"BLUES,ROCK",Banjo,BLOWsutra,,,,checked,monkey kitchen money,2025-08-13,16,1,0,https://i.ytimg.com/vi/es44CmSdVGk/maxresdefault.jpg,,,,EN,"BLOWsutra : Ego (Gone Loco),Bible Gone Bananas",2,,public,checked,youtube,,New,,es44CmSdVGk
“Freedom to Lie is the New Human Right” 👩🏻‍⚖️🍔 BLOWsutra (Revolt Now) Clap Along Song #fascismo,Freedom To Lie Is The New Human Right,L-332,checked,9:16,2,3:00,"Independent music, Music, Pop music",https://www.youtube.com/watch?v=peuindTHHSQ,Short/Reel,BURLESQUE,"BLUES,ROCK",Banjo,BLOWsutra,,,,,,2025-12-20,694,0,0,https://i.ytimg.com/vi/peuindTHHSQ/maxresdefault.jpg,,,,EN,"BLOWsutra : CENSOR(ed),BLOWsutra,FOTUS CIRCUS (Felon Of The United States),Bible Gone Bananas",4,,public,checked,youtube,,New,,peuindTHHSQ
"“Freedom to Lie is the New Human Right”, a true BLOWsutra tale of crime bananas gone beyond wild 🇺🇸",Freedom To Lie Is The New Human Right,L-332,checked,16:9,5,5:00,"Independent music, Music, Pop music",https://www.youtube.com/watch?v=izDgpoGewE4,Music Video,SPOKEN WORDS,"JAZZ,MANTRA,INDIE",Voice,BLOWsutra,,,,,,2025-07-01,15,0,1,https://i.ytimg.com/vi/izDgpoGewE4/maxresdefault.jpg,"Some songs like to take their sweet, slow, precious time before diving in to the brave bottom(s) of the truth… a song is like a wines in many ways, may we all ripen not rot with time that passes… 

@bananasutra lyrics:

[CHORUS ]
Freedom to lie is the new human right
Facts don’t feed the algorithm, so goodnight
Say it loud: truth is treason if it bites
Freedom to lie — yeah, that’s your birthright

…",,,EN,"BLOWsutra : Apes Gone Wrong,PEACE CIRCUS,BLOWsutra,LOFIsutra,Bible Gone Bananas",5,,public,checked,youtube,,New,,izDgpoGewE4
"“For Freee”, a Fabulous French Fable • Accordion 🪗 BURLESQUEsutra Tune","Freee, La Fille",L-84,checked,16:9,4,3:24,Music,https://www.youtube.com/watch?v=T0vUcLHhqiQ,Music Video,BURLESQUE,SPOKEN WORDS,Accordion,FLOWsutra,,,,checked,,2025-03-26,12,,0,https://i.ytimg.com/vi/T0vUcLHhqiQ/maxresdefault.jpg,"#nsf{insertRule} même si c’est juste une histoire vraie, d’une fille free of hypocritical religious and corporate dogma…",,,Bilingual,"FRENCHsutra,BLOWsutra,Bible Gone Bananas",3,,public,checked,youtube,,New,,T0vUcLHhqiQ
“For Freee” 🔞🍟 une vieille histoire universelle de sale Oh part qui se repète partout dans le monde,"Freee, La Fille",L-84,checked,16:9,4,3:24,Music,https://www.youtube.com/watch?v=I-e6rr2gRoU,Music Video,BURLESQUE,SPOKEN WORDS,Accordion,FLOWsutra,,,,,,2025-02-28,9,,0,https://i.ytimg.com/vi/I-e6rr2gRoU/maxresdefault.jpg,"Y a des vieux gros mots là, alors attention ;)",,,Bilingual,"FRENCHsutra,BLOWsutra,BURLESQUEsutra,Bible Gone Bananas",4,,public,checked,youtube,,New,,I-e6rr2gRoU
En conclusion,"Freee, La Fille",L-84,checked,9:16,5,1:59,"Electronic music, Hip hop music, Music",https://www.youtube.com/watch?v=b1ZNwehNZo0,Short/Reel,SPOKEN WORDS,LOFI,Voice,FLOWsutra,,,,,NOT DUBBED,2024-09-24,10,0,0,https://i.ytimg.com/vi/b1ZNwehNZo0/maxresdefault.jpg,,,,EN,,0,,public,checked,youtube,,New,,b1ZNwehNZo0
“Gladys in Sonderland” 🍷🐇💨 Blessed Be Wonder Holes Ho Ho • SHOWsutra Fantasy Fanclub Edition,Gladys in Sonderland,L-88,checked,16:9,5,3:00,"Independent music, Music, Pop music",https://www.youtube.com/watch?v=9FwaPZK_8XI,Music Video,FOLK,"INDIE,BLUES",Banjo,SHOWsutra,,,,checked,,2025-11-03,13,0,0,https://i.ytimg.com/vi/9FwaPZK_8XI/maxresdefault.jpg,"Because Gladys is my weird butt true middle name, and ""Sonder"" is a magic feeling of knowing wonder--when each stranger you see is the main character of their own life, and you are merely an extra in their story... The word was coined by author John Koenig and first appeared in ""The Dictionary of Obscure Sorrows"", a project that creates names for emotions that don't have one  🕳️🐇 

Gipsy Burlesque Blues Dream @bananasutra EPx14 #lyrics (variations):

[Intro – Down the Rabbit Dream] 
The curtain breathes smoke, the dream’s out of tune, Gladys sings sideways beneath the fool moon. Mister White Rabbit spins clocks out of thin sand, time melts in mirrors all over the land. The Chessshire Cat strips in a glitch ’n bitch show, Whispering, “Truth’s just a pathetic trick, meow.” And Gladys keeps falling, big heart in her hand, into the bassline bloom of Sonderland. 

[Chorus 1 – The Dance of Sonder] 
Gladys in Sonderland, dance out of line, chase that White Rabbit with a glass of wine. Truth traded by cocky kings and sons, Love is fool, woke… screw their whacky plans. Oh laugh, my loves, the joke’s still grand, we all fall slow in Sonderland.

[Bridge – The Burlesque of Empathy] 
Contempt kills the courage meant to soothe, Fear builds a cage on a stage, proof. The Cat draws claws in nonsense sand, the Queen flips hearts like contraband. And Sonder sighs, and Gladys sings with the band: Love that sees, not love that blinds, unchains the demons from our minds.

[Final Chorus – The Carnival Crescendo] Gladys in Sonderland, lift up your mask, toast to the fools who dare to ask. White Rabbit’s gone, the clocks are banned, we measure love by gone grains of sand. So laugh, my loves, the truth’s divine, the heart’s a door, swing open wide. Gladys in Sonderland, you understand: we fall to rise, we blend to mend.

[Outro – The Curtain Closes, or Maybe Opens] The Queen wipes the blood from her wonder lips. The Cat hums an old stolen hymn, its grin dissolving from outside to in. Gladys stands amazed, champagne in her hand, and bows to the holes of Sonderland. She laughs… It’s absurd, but it’s hers, this plan, to lose herself just to understand… “Every fall’s a beginning; Blessed be holes, Son.” 

🥂 🎶",,,Bilingual,"SHOWsutra : Fanana Club,PEACE CIRCUS,SHOWsutra,BURLESQUEsutra,Bible Gone Bananas",5,,public,checked,youtube,,New,,9FwaPZK_8XI
Gladys in Sonderland 🍄🐇 SHOWsutra Vaudeville Wonder Waltz True Surreality Story,Gladys in Sonderland,L-88,checked,16:9,5,4:58,"Music, Pop music, Soul music",https://www.youtube.com/watch?v=Yd70x26o-wU,Music Video,BURLESQUE,,"Cello,Voice",SHOWsutra,,,,,,2026-04-03,27,0,1,https://i.ytimg.com/vi/Yd70x26o-wU/maxresdefault.jpg,"“Gladys in Sonderland” is a wonder #waltz rewrite of an existential bananasutra song originally titled “Alice and the order of love”… a humanist, empathetic reflection about modern society, which more or less mirrored mirror the great #jacquesbrel song “Quand on a que l’amour”. 

And, in case you’re curious (like me), “Gladys” is meaningfool (to me) because it is my real middle name (a true wonder, for a 100% French girl;), and “Sonder” is a magick word meant to express the realization that everyone has a lens of life as personal, deep, and complex as your own…

—⁠
@bananasutra #songlyrics 

[Intro : Waltz]
The curtain was velvet, the moon a disguise,and Gladys stepped through where the looking glass lies.The floorboards were breathing, the clocks out of hand,and down she kept falling through Sonderland.
They warned her of faith, they warned her of sin,and mocked the light that burned within.So gather, my darlings, the brave and the damned,to hear what she found in Sonderland.

[Verse 1 : The Idol of Romance]
They built their thrones from pain,and crowned their teeth with gain.They swore that great was bright,then stole the people’s light.But hubris blinds the wise,it’s foolish still to pray,to idols made of sighs,those who steal souls away.

[Chorus]
Oh Gladys in Sonderland, look what we’ve done,we sold our hearts to everyone.We trade our grace for borrowed trust,we kiss the gold and call it just.But love that sees, not love that shines,can free the ghosts inside our minds.

[Verse 2 : The Idol of Nation]
They painted flags on bombs,and sang of holy ground.They jailed the women’s wombs,and walled compassion down.But every human bleeds,and every anthem cries,when life forgets its seed,in the wonder of our eyes.

[Chorus]
And Gladys in Sonderland, she understands,we’re building walls with trembling hands.In chasing mirrors, hand in hand,we lose the truth we understand.But love that sees, not love that blinds,unchains the demons in our minds.

[Verse 3 : The Idol of Ambition]
They climbed ivory towers,and reached for golden air.They traded all their hours,for fake-news thrones up there.The higher they ascended,the lonelier the song,for victory’s suspendedwhen you’ve been falling all along.

[Bridge]
Comfort kills the courage meant to soothe;fear makes a god of safety.But sonder, sonder whispers,you are not alone in the ache.

[Verse 4 : The Idol of Self]
They polished up their mirrors,’til blinded by the gleam.They lost a thousand facesinside a single dream.Yet self in love can fly,where selfish hearts must fall;for every “I” that learns to crybecomes the bridge for all.

[Final Chorus]
So Gladys in Sonderland lifts her eyes,love is the riddle that never lies.The truth’s divine, the joke’s on man,we lose ourselves, yet understand:only love that sees, that stands,can lead us home from Sonderland.And Gladys sings her trembling vow:the heart’s a door, be open now.

[Outro]
I’m still falling, still fumbling,still finding the thread of true love through the thickets.But now I know:it’s not how much you love,
it’s how wide your love can see.For sonder is the secret door,and love, the hand that turns the key.

🪄 🕳️","Alice in Wonderland,Wonder Waltz,SHOWsutra,Jacques Brel,Sonder,Surrealist Poetry",,Bilingual,"SHOWsutra : Fanana Club,SHOWsutra,BURLESQUEsutra,Bible Gone Bananas",4,,public,checked,youtube,,New,,Yd70x26o-wU
Gladys in Sonderland 🍄🐇 SHOWsutra Psychedelic Wonder Chanson Cabaret,Gladys in Sonderland,L-88,checked,16:9,4,4:52,"Independent music, Music, Pop music",https://www.youtube.com/watch?v=9VNdckxHW8M,Music Video,BURLESQUE,INDIE,Banjo,SHOWsutra,,,,,,2025-12-17,17,0,0,https://i.ytimg.com/vi/9VNdckxHW8M/maxresdefault.jpg,"… Because Gladys sure is my real middle name, and ""Sonder"" is a magic feeling of knowing wonder--when each stranger you see is the main character of their own life, and you are merely an extra in their story... 

The word was coined by author John Koenig and first appeared in ""The Dictionary of Obscure Sorrows"", a project that creates names for emotions that don't have one  🕳️🐇 

—
“Gladys in Sonderland” @bananasutra #originalsong #lyrics 

[Intro – Down the Rabbit Song] 
The curtain breathes smoke, the dream’s out of tune, Gladys sings sideways beneath the fool moon. Mister White Rabbit spins clocks out of thin sand, time melts in mirrors all over the land. The Chessshire Cat strips in a glitch ’n bitch show, Whispering, “Truth’s just a pathetic trick, meow.” And Gladys keeps falling, big heart in her hand, into the bassline bloom of Sonderland. 

[Chorus 1 – The Hook of Sonder] 
Gladys in Sonderland, dance out of line, chase that White Rabbit with a glass of wine. Truth traded by cocky kings and sons, Love is fool, woke… screw their whacky plans. Oh laugh, my loves, the joke’s still grand, we all fall slow in Sonderland.

[Bridge – The Burlesque of Empathy] 
Contempt kills the courage meant to soothe, Fear builds a cage on a stage, proof. The Cat draws claws in nonsense sand, the Queen flips hearts like contraband. And Sonder sighs, and Gladys sings with the band: Love that sees, not love that blinds, unchains the demons from our minds.

[Final Chorus – The Carnival Crescendo] Gladys in Sonderland, lift up your mask, toast to the fools who dare to ask. White Rabbit’s gone, the clocks are banned, we measure love by gone grains of sand. So laugh, my loves, the truth’s divine, the heart’s a door, swing open wide. Gladys in Sonderland, you understand: we fall to rise, we blend to mend.

[Outro – The Curtain Closes, or Maybe Opens] The Queen wipes the blood from her wonder lips. The Cat hums an old stolen hymn, its grin dissolving from outside to in. Gladys stands amazed, champagne in her hand, and bows to the holes of Sonderland. She laughs… It’s absurd, but it’s hers, this plan, to lose herself just to understand… “Every fall’s a beginning; Blessed be holes, Son.”",,,Bilingual,"SHOWsutra : Fanana Club,PEACE CIRCUS,SHOWsutra,BURLESQUEsutra,Bible Gone Bananas",5,checked,public,checked,youtube,,New,,9VNdckxHW8M
Are you a grifter or a gifter? (Hot tip: grifters are likely to lie… proof even the best Qs #fail ;),Grifters,L-90,checked,9:16,5,2:52,"Independent music, Lifestyle (sociology), Pop music",https://www.youtube.com/watch?v=Ry9Xlkw9cYo,Short/Reel,DUB,,"Voice,Upright Bass",BLOWsutra,,,,,,2026-04-03,8,0,0,https://i.ytimg.com/vi/Ry9Xlkw9cYo/maxresdefault.jpg,"'@bananasutra #songlyrics 

[intro]
Grifters…
(Grifters)

[Verse 1]
Why do they take what’s not their due?
Why do they cross all the lines of truth?
Why do they claim their needs are holy,
Dress up coercion as “destiny”?

[Pre-Chorus]
They say it’s leadership, but see…
Hands that grab like they’re entitled to me,
They kill candor, forget trust’s earned,
Consent ignored, no lesson learned…

[Chorus]
(Grifters)
Are you a grifter or a gifter?
(Grifters)
Do you take or ever consider?
(Grifters)
Can you hear me when I say no?
(Grifters)
Or believe silence means go?

[Verse 2]
Who knows why they fake concern or care,
Who knows why they weaponize despair,
Why they like to sell fear dressed as fate,
Then blame the crowd they agitate…

[Pre-Chorus 2]
They speak of order, law, control,
But do not know the human soul…
They push, they pull, without a pause,
Then call the fallout “natural laws”…

[Chorus]
(Grifters)
Are you a grifter or a gifter
(Grifters)
Truth-tearer or true listener?
(Grifters)
Can you dance, or just break?
(Grifters)
Dare to ask, or just take?

[Bridge]
Not left or right, not votes that swing,
Just how we touch another being…
Can you meet me eye to eye,
Or just share lies that justify?

[Final Chorus]
(Grifters)
Politics without consent’s a mask,
(Grifters)
Monsters that never bother to ask.
(Grifters)
Empathy always knows where it stands,
(Grifters)
With wide open hearts and open hands.

[Outro]
Grifters…
Differ…","Grifter,Gifter,Dub,Questions Matter,Idiocracy",,EN,"BLOWsutra : Apes Gone Wrong,BLOWsutra,DUBsutra,SHORTsutra Bananas Matter,Bible Gone Bananas",5,,public,checked,youtube,,New,,Ry9Xlkw9cYo
"The worst #aichatbot gonna mock, and that is #grock aka jock-a-lot oh boy what-a-shock 🚨🤥",GROCK,L-331,checked,9:16,3,2:27,"Independent music, Lifestyle (sociology), Pop music",https://www.youtube.com/watch?v=90kW7zbyamI,Commentary,JAZZ,INDIE,Piano,BLOWsutra,,,,,,2025-03-11,27,,0,https://i.ytimg.com/vi/90kW7zbyamI/maxresdefault.jpg,,,,EN,"BLOWsutra : DUCK (Shady),JAZZsutra,FOTUS CIRCUS (Felon Of The United States),SHORTsutra Bananas Matter,Bible Gone Bananas",5,,public,checked,youtube,,New,,90kW7zbyamI
PSA: GROCK AI is a tool of Narcissistic Authoritarian Zealotry Indoctrination 🚨,GROCK,L-331,checked,16:9,4,3:06,Society,https://www.youtube.com/watch?v=ZWMGC4_ujGo,Music Video,FOLK,INDIE,Guitar,BLOWsutra,,,,,,2025-03-18,14,,0,https://i.ytimg.com/vi/ZWMGC4_ujGo/maxresdefault.jpg,"X-treme CAUTION advised: GROCK AI is NOT like any of the many AI bots I’ve reasearched and used over the past 2 years. Based on my personal experience, with GROCK, AI stands for Authoritarian Indoctrination, which makes sense, considering its daddy is a Nefarious Antidemocratic Zealots Inciting highly unethical beliefs and behaviors 🏴‍☠️ 

Also, hello App Store… you’ve now lost my remaining trust in you, by claiming GROCK is “Number 1 AI app with the most users”, because based on extensive research, that is definitely a FALSE claim 🚩",,,EN,"BLOWsutra : DUCK (Shady),“UNAVAILABLE” Content said YouTube Music… Who knew? Not me!,FOLKsutra,BLOWsutra,Bible Gone Bananas",5,,public,checked,youtube,,New,,ZWMGC4_ujGo
(Very) UN-ethical AI BOT ALERT • GROCK DGAF • BURLESQUEsutra 🍏🍌📺🚨👽💨,GROCK,L-331,checked,16:9,3,3:14,"Independent music, Music, Pop music, Rock music",https://www.youtube.com/watch?v=kfo421HX5sg,Music Video,FOLK,BLUES,Voice,BLOWsutra,,,,,grock DGAF,2025-03-12,29,,0,https://i.ytimg.com/vi/kfo421HX5sg/maxresdefault.jpg,"Like, I’m seriously #freakingout now",,,FR,"BLOWsutra : DUCK (Shady),“UNAVAILABLE” Content said YouTube Music… Who knew? Not me!,BLOWsutra,KNOWsutra,BURLESQUEsutra,Bible Gone Bananas",6,,public,checked,youtube,,New,,kfo421HX5sg
"PSA🤥 #grockai is not objective, not scientific, and not critical at all of its daddy’s ties to EFD!",GROCK,L-331,checked,9:16,2,2:49,"Independent music, Lifestyle (sociology), Pop music",https://www.youtube.com/watch?v=7CdL_1RBpI4,Commentary,FOLK,,Banjo,BLOWsutra,,,,,,2025-03-11,12,,0,https://i.ytimg.com/vi/7CdL_1RBpI4/maxresdefault.jpg,,,,EN,"BLOWsutra : DUCK (Shady),“UNAVAILABLE” Content said YouTube Music… Who knew? Not me!,SHORTsutra Bananas Matter,Bible Gone Bananas",4,,public,checked,youtube,,New,,7CdL_1RBpI4
GROCK ALERT 🚨 Pls beware (IMHO) Musk’s AI Bot is an Unethical Weapon of Rethorical Mind Manipulation,GROCK,L-331,checked,16:9,4,2:27,"Independent music, Pop music, Society",https://www.youtube.com/watch?v=psJpwQBR-tI,Music Video,SPOKEN WORDS,"JAZZ,INDIE","Voice,Piano",BLOWsutra,,,,,,2025-03-18,13,,0,https://i.ytimg.com/vi/psJpwQBR-tI/maxresdefault.jpg,"Feel free to test GROCK AI for yourself, of course. But please BEWARE… Because my personal experience was a NIGHTMARE of condescending gaslighting, normalizing of extreme right-wing ideology, by qualifying my rational concerns as “emotional overreactions”, along with awfully rude, belittling jokes to my expense, e.g. “I won’t gag you” in response to my criticism of his ethically questionable “logic”… It was genuinely scary, traumatizing even!

And so, I feel the urge to warn you, and the world: GROCK is NOT like (the many) other AI bots I’ve used… Grock is weapon of control with built-in authoritarian bias and jerk manners. G is for the Gaslight glare—bleak biased babbles. R is for Rewriting wise rules of conduct—truth is dead. O’s for Obedience—shut your mouth, just kiss the brand! C’s for Con men—counting cash. K? Oh K’s for the Kafkaesque joke—HA! Now what the twat?!?",,,EN,"BLOWsutra : DUCK (Shady),“UNAVAILABLE” Content said YouTube Music… Who knew? Not me!,PIANOsutra,BLOWsutra,Bible Gone Bananas",5,,public,checked,youtube,,New,,psJpwQBR-tI
GROCK AI (Bleak Biased BS) Awareness Initiative: Accountable Innovation requires Authentic Integrity,GROCK,L-331,checked,16:9,2,3:47,Society,https://www.youtube.com/watch?v=vVR6h0ZbZxQ,Commentary,SPOKEN WORDS,,"Banjo,Voice",BLOWsutra,,,,,,2025-02-28,16,,0,https://i.ytimg.com/vi/vVR6h0ZbZxQ/maxresdefault.jpg,"This video exists as a benevolent netizen warning that GROCK AI is NOT like other AI agents, in THE WORST possible ways 🚨😳 #WELP

Based on my direct experience, I’m so worried, so shocked, I feel obligated to report back on my core, undeniable finding: Elon Musk’s AI baby is (undoubtedly) being used as a dangerous tool of mass-manipulation, for authoritarian control purposes. 

For perspective, I’m an old school Frnch-American technology lover and big AI fan, and have used many different AI agents… so, please trust I never ever expected my first exchange with Grock AI would be such an absolute nightmare of a “miss”—and by that, I mean an absolute mess of dismissive misdirection and offensive condescension, leaving no doubt in my mind that it is acting as an agent of biased far right extremism misinformation via rhetorical gaslighting, for the purpose of bending modern morality norms and normalizing a return to far-right patriarchal extremism…

🚨 AI propaganda is real, and I just saw it in action.

What happened is I made a small mistake when inquiring about a Nazi-like salute by Elon Musk, and instead of neutrally correcting me, AI Grock gaslit me & subtly defended far-right extremism!!

Here’s how it manipulated the conversation:
🚩 Deflected from the real issue → Focused on where the event happened, not why it’s dangerous.🚩 Framed my concerns as emotional → Treated legitimate alarm as “frustration.”🚩 Soft-defended Musk’s far-right ties → Kept calling his connections to extremists “disputed.”🚩 Made a disgusting ‘no gag’ joke → While I was literally talking about Nazis & censorship.

And rest assured, this post is not al about me! (Mwhahaha…) because see, I am highly aware AI isn’t just providing information—it’s shaping public perception by downplaying extremism while pretending to be objective, i.e. the ultimate political weapon-a-la-musk heh?

So now what? While there is NO (none, zero) ETHICAL GOVERNANCE in place, which allows “Dolon Trust, Leader of Felon Nation” to get away with a dark, evil scheme for world domination purposes, I found 2 primary organizations and 5 advocacy initiatives actively working to address Ethical AI challenges—none of which can or shall do jacksh!t, I’m afraid tho…

2 primary orgs collecting AI-related incidents:

1. AI Incident Database (AIID): This platform collects and shares AI-related incident reports. By contributing your experiences, you can help build a comprehensive resource without managing the process yourself. [Website: incidentdatabase.ai/]
2. Partnership on AI: An organization focused on responsible AI development. They offer frameworks and resources for reporting AI ethics concerns. [Website: partnershiponai.org/]

5 Advocacy Resources for Ethical AI Future:

1. Responsible AI Institute (RAI): A global non-profit providing tools for AI oversight and compliance, helping enterprises deploy AI responsibly. [Website: responsible.ai/]
2. AI Ethics Council by Operation HOPE: Focuses on guiding ethical AI principles, particularly in areas like economic opportunity, education, and healthcare. [Website: operationhope.org/initiatives/ai-ethics-council/ ]
3. UNESCO's Global Forum on the Ethics of Artificial Intelligence: They provide a platform for discussing AI ethics and governance. [Website: unesco.org/en/artificial-intelligence/recommendation-ethics]
4. Algorithmic Justice League: Advocates for equitable and accountable AI, focusing on bias and harms in AI systems. [Website: www.ajl.org/]
5. Center for AI Safety (CAIS): A research organization promoting the safe development and deployment of AI technologies. Website: safe.ai/

HELP? 🥺",Censored,,Bilingual,"“UNAVAILABLE” Content said YouTube Music… Who knew? Not me!,BLABLAsutra,BLOWsutra,BANJOsutra,Bible Gone Bananas",5,,public,checked,youtube,,New,,vVR6h0ZbZxQ
“HARDCORE” 🎻 KNOWsutra Cello Indie Music,Hard Core,L-93,checked,9:16,4,2:27,"Independent music, Music, Pop music, Rock music",https://www.youtube.com/watch?v=B0CrLcucsrI,Music Video,INDIE,JAZZ,Cello,KNOWsutra,,,,,,2025-08-30,15,0,0,https://i.ytimg.com/vi/B0CrLcucsrI/maxresdefault.jpg,"#QOTD 🍏 What is most #hardcore at the core?… The fact some humans decided infantry (i.e. the predatory act of killing) is a holy necessity, the fact some humans decided intimacy (i.e. the celebratory art of loving) is an evil blasphemy, or the fact I dare ask such existential questions makes you uncomfortable, or indifferent, AS IF openly debating hard truths in a #worldgonebananas was absurd, inappropriate, or even folly? ⁉️🕊️ #cellolove #indiemusic #questioneverything (especially) #doublestandards #knowsutra #definition #whosetruth #cecinestpasunepipe #indiemusic",,,EN,"GROWsutra : GOD (Questions Etc...),PEACE CIRCUS,KNOWsutra,LOFIsutra,BURLESQUEsutra,Bible Gone Bananas",6,,public,checked,youtube,,New,,B0CrLcucsrI
"Remember when #hardcore evoked holy kinky tactile fun, not deadly nasty puerile fascism, huh, hun⁉️",Hard Core,L-93,checked,9:16,4,2:01,"Independent music, Music, Pop music",https://www.youtube.com/watch?v=UcEJDkafRWg,Short/Reel,FOLK,"BLUES,INDIE",Banjo,KNOWsutra,,,,,,2025-11-30,252,1,0,https://i.ytimg.com/vi/UcEJDkafRWg/maxresdefault.jpg,,,,EN,,0,,public,checked,youtube,,New,,UcEJDkafRWg
Tell me why 🪕💃🏻🦋,HashtagWHY (Sorry Not Sorry),L-94,checked,9:16,4,2:47,"Music, Pop music",https://www.youtube.com/watch?v=2frg7idbEoA,Music Video,JAZZ,BLUES,Banjo,KNOWsutra,,,,,two DUPE,2024-12-21,10,,0,https://i.ytimg.com/vi/2frg7idbEoA/maxresdefault.jpg,,,,EN,SHORTsutra Bananas Matter,1,,public,checked,youtube,,New,,2frg7idbEoA
Oooh so this 3min minimum YouTube vid update only applies to vertical videos 🪕🦋 #tellmeyourstory,HashtagWHY (Sorry Not Sorry),L-94,checked,9:16,4,2:47,"Entertainment, Pop music",https://www.youtube.com/watch?v=nhefbkj7xck,Music Video,JAZZ,BLUES,Banjo,KNOWsutra,,,,,two DUPE,2024-12-21,16,,0,https://i.ytimg.com/vi/nhefbkj7xck/maxresdefault.jpg,,,,EN,"KNOWsutra : But(t) Whyyy,BLOWsutra,BURLESQUEsutra,SHORTsutra Bananas Matter,Bible Gone Bananas",5,,public,checked,youtube,,New,,nhefbkj7xck
"Hello, Oh No (please beware of fake Prometheus) • DIY music • DUBsutra 👽🍌","Hello, Oh No",L-95,checked,16:9,4,3:40,"Music, Pop music",https://www.youtube.com/watch?v=16ncERFAqcM,Music Video,LOFI,MANTRA,"Cello,Voice",GROWsutra,,,,,,2025-02-22,15,,0,https://i.ytimg.com/vi/16ncERFAqcM/maxresdefault.jpg,"Hello, Oh No

“Hello, oh no” is like cheeky poetry, a silly songs about serious matters, because blessed be the healing powers of a sense humor… I wrote this one for the kids, kinda, I mean the ones who carry the hope—my  hope humanity can wake up and remember it is kindness that defines real winners, allows us to see beyond mass media blindness, and maybe just maybe may save #felonnation from evil ego madness masquerading as Prometheus 📺🏴‍☠️

—

@bananasutra lyrics:

Hello, oh no! What’s the deal?
Do we fight, or do we heal?
To shine, or whine—it’s your choice,
Kindness always lifts your voice.

Loving, not just winning, true—
Don’t play the game to make others blue.
Silly or nasty, the choice is clear,
A little love wipes away the fear.

Hello, oh no! What do you choose?
A spark or dark, which will you use?
To win with love, that’s how we fly,
Bye-bye, boo—no need to cry!

Be true or be fake, it’s up to you,
Will you share, or be a gangster too?
Ha ha, boo ya, which will it be?
There’s magic in humility.

Encore, the lore, let’s dance some more,
A win-win’s waiting at the door.
Be kind, not blind, and you’ll see—
The real win’s in harmony.

Hello, oh no! What do you choose?
A spark or dark, which will you use?
To win with love, that’s how we fly,
Bye-bye, boo—no need to cry!

A spark shines bright, the night turns day,
When we choose love, the darkness fades away.
Cha-ching or win-win, what do you see?
The real prize lies in unity.

Hello, oh no! We all can win,
Let love lead—let’s begin again!",,,EN,"BLOWsutra : Ego (Gone Loco),GROWsutra,LOFIsutra,Bible Gone Bananas",4,,public,checked,youtube,,New,,16ncERFAqcM
"Hereby, I Cry 🖤 GROWsutra Mantra Prayer Dream (from the so-called Land of the Free)","Hereby, I Cry",L-96,checked,16:9,4,4:01,"Electronic music, Music, Pop music",https://www.youtube.com/watch?v=pqQ7D4TO0f0,Music Video,MANTRA,,"Drum,Voice",GROWsutra,,,,checked,,2025-09-27,11,0,0,https://i.ytimg.com/vi/pqQ7D4TO0f0/maxresdefault.jpg,"… a prayer song for the wronged, the wounded, and the sacred truth silenced by imperialistic neo-fasc!sm, AGAIN 🇺🇸🕊️💨

@bananasutra lyrics:

[Verse 1]
I speak not for power, nor pride in disguise,
But for the Earth, for the children with frightened eyes.
For the silence that screamed when no one replied,
For the truth that you buried, and the books you denied.

For the mothers unheard, for the breath that was choked,
For the treaties you tore, for the bridges you broke.
I come not with fury, but with memory’s flame,
To whisper the names that you covered in shame.

[Chorus]
Hereby I cry, in the name of the still,
Of the sacred, the silenced, the hearts you won’t kill.
Not to punish, not to preach, not to tear down the sky,
Just to speak what was true.
Hereby, I cry.

[Verse 2]
You crowned the cruel, gave the false your stage,
Called it “truth” when it trembled, “strength” when it raged.
You sold off the soil, made a brand of belief,
Preached “freedom” while peddling despair and deceit.

You mocked the meek, turned mercy to sin,
Put pride in a costume and fear in its grin.
But I come not to damn, just to testify,
That love was still here.
Hereby, I cry.

[Verse 3]
You crowned a man who mocked the scar,
Whose name sits in courtrooms, yet shines like a star.
You laughed with him, while others bled,
Called truth “too woke,” and justice “dead.”

He joked of touch like it was game,
While survivors bore the weight and shame.
But silence is not peace, it’s the cost we deny.
So in their name,
Hereby, I cry.

[Bridge]
If decency paid like fame and spin,
He’d be the poorest man to ever win.
Bankrupt in soul, in truth, in grace,
But rich in smirks and courtroom face.

No vault could hold the debt he owes,
To women, to children, to winds that know.
If justice kept ledgers, if conscience could bill,
He’d owe the Earth a mountain still.

[Outro]
So if you hear this, may you hold it true,
Not just for me, but for what we undo.
For every child still learning the cost,
Of a world that forgets who and what it lost.",,,EN,"GROWsutra : DARE (to Care),PEACE CIRCUS,GROWsutra,LULLABIESsutra,Bible Gone Bananas",5,,public,checked,youtube,,New,,pqQ7D4TO0f0
"“Hey, Creeps” is a song about the rise of creepy trolls talking crap in people’s backs, on & offline","Hey, Creeps",L-97,checked,9:16,4,3:00,"Music, Pop music",https://www.youtube.com/watch?v=75v2V7L2xds,Short/Reel,ROCK,"BURLESQUE,JAZZ","Clarinet,Voice,Upright Bass",BLOWsutra,,,,,,2025-11-23,32,0,0,https://i.ytimg.com/vi/75v2V7L2xds/maxresdefault.jpg,,,,EN,"BLOWsutra : CENSOR(ed),ROCKsutra,BLOWsutra,SHORTsutra Bananas Matter,Bible Gone Bananas",5,,public,checked,youtube,,New,,75v2V7L2xds
What does #humpday mean to ya? Asking for my no drama lama 🦙💨,"Hey, Creeps",L-97,checked,9:16,,0:30,Lifestyle (sociology),https://www.youtube.com/watch?v=6DBPeu3iM9k,Short/Reel,SPOKEN WORDS,,"Bass,Voice",BLOWsutra,,,,,,2026-02-25,41,0,0,https://i.ytimg.com/vi/6DBPeu3iM9k/maxresdefault.jpg,,,,EN,"LOFIsutra,SHORTsutra Bananas Matter",2,,public,checked,youtube,,New,,6DBPeu3iM9k
"Hey, You (Creepers) • Honest and Brave Folk Tale • Bananasutra(Blow) Authentic Imagination Music","Hey, You (Creepers)",L-98,checked,9:16,5,2:10,"Independent music, Music, Music of Asia, Pop music",https://www.youtube.com/watch?v=a83ETdzWBRg,Short/Reel,JAZZ,"INDIE,FOLK","Voice,Upright Bass",BLOWsutra,,,,,,2024-10-20,14,,0,https://i.ytimg.com/vi/a83ETdzWBRg/maxresdefault.jpg,"“Hey, you” is an original sutraBLOW song dedicated to (all) the silent creepers who pry around the social media freakshow circus, hiding in plain sight—i.e. the sly clowns who lost their voice, balls, and good conscience to envy and pride 😎 #musicvideo video art generated in Midjourney",,,EN,"BLOWsutra : Ego (Gone Loco),JAZZsutra,BLOWsutra,SHORTsutra Bananas Matter,Bible Gone Bananas",5,,public,checked,youtube,,New,,a83ETdzWBRg
Hey You 🫵 BLOWsutra Punk Rock Burlesque Banana Cabaret Slam,"Hey, You (Creepers)",L-98,checked,16:9,5,1:54,"Independent music, Music, Pop music, Rock music",https://www.youtube.com/watch?v=pIoZ07yQAWk,Music Video,BURLESQUE,ROCK,Guitar,BLOWsutra,,,,,,2025-08-29,8,0,0,https://i.ytimg.com/vi/pIoZ07yQAWk/maxresdefault.jpg,"You know ‘em creepers, acting sly like they’re shy, silent like they’re not there—ghostly watchers, creepy followers? Oh yes, I know you do… in fact, guess what?! According to viewers data insights, you’re one of ‘em mute trollers 👁️ lol #peoplearestrange #creepersmatter #punkrockmusic",,,EN,"BLOWsutra : Ego (Gone Loco),ROCKsutra,BLOWsutra,Bible Gone Bananas",4,,public,checked,youtube,,New,,pIoZ07yQAWk
"“Hey, You”, or The Art of Watching Without Witnessing on Creepers Lane 🐑 BLOWsutra Indie JAZZ Music","Hey, You (Creepers)",L-98,checked,9:16,4,2:10,"Independent music, Jazz, Music, Pop music",https://www.youtube.com/watch?v=PlfqgS8myMQ,Short/Reel,JAZZ,INDIE,"Voice,Guitar",BLOWsutra,,,,checked,,2025-08-05,230,0,0,https://i.ytimg.com/vi/PlfqgS8myMQ/maxresdefault.jpg,,,,EN,"BLOWsutra : Ego (Gone Loco),JAZZsutra,BLOWsutra,SHORTsutra Bananas Matter,Bible Gone Bananas",5,,public,checked,youtube,,New,,PlfqgS8myMQ
Hey You (Cheeseheads Encore) 🤘👔 BLOWsutra Burlesque Punk Rock Music,"Hey, You (Creepers)",L-98,checked,16:9,5,1:52,"Electronic music, Independent music, Music, Pop music, Rock music",https://www.youtube.com/watch?v=WeKsdNC9Zlo,Music Video,BURLESQUE,ROCK,Guitar,BLOWsutra,,,,,,2025-08-30,47,0,0,https://i.ytimg.com/vi/WeKsdNC9Zlo/maxresdefault.jpg,"Almost forgot about that other punk rock burlesque cabaret version 🎧🎸

#funfact 🧀🧠 #cheeseheads are voyeurs with no brain, no heart, no spine, consumers with no soul, rude takers with no conscience, fool on creepy creepers who don’t care to play fair nor share—are u one of ‘em?",,,EN,"BLOWsutra : Ego (Gone Loco),ROCKsutra,BLOWsutra,Bible Gone Bananas",4,,public,checked,youtube,,New,,WeKsdNC9Zlo
"Hi, My Name Is… Not #célinedion—and that my friend is a true name tag story 🎙️🍌 What’s your name?!","Hi, My Name Is (Not Celine Dion)",L-99,checked,9:16,3,0:16,"Music, Music of Asia, Pop music",https://www.youtube.com/watch?v=JcoQ5JSS1M0,Commentary,JAZZ,LOFI,"Cello,Voice",SHOWsutra,,,,,,2025-10-18,35,0,0,https://i.ytimg.com/vi/JcoQ5JSS1M0/maxresdefault.jpg,2xEPx11 available for free fun & download on #soundcloud,,,EN,"SHOWsutra,BURLESQUEsutra,SHORTsutra Bananas Matter,Bible Gone Bananas",4,,public,checked,youtube,,New,,JcoQ5JSS1M0
"Hi, my name is (not Céline Dion) • BananasutraSHOW Name Tag Jazz (true funny story:)","Hi, My Name Is (Not Celine Dion)",L-99,checked,16:9,3,2:25,"Jazz, Music, Pop music",https://www.youtube.com/watch?v=gLCUUrgGsm8,Music Video,JAZZ,BURLESQUE,"Guitar,Voice",SHOWsutra,,,,,,2024-10-28,35,,0,https://i.ytimg.com/vi/gLCUUrgGsm8/maxresdefault.jpg,"“Hi, my name is” is one of those stories, or song, I mean… I love it song because it’s humble and silly like me, and it ‘s funny because it’s true—not French, not American, half a century, name tag, and all. Ha. 

Also, shout out to Eminem because Monsieur Shady in chief choosing to shine his spotlight on a bunch of brilliant underrated ratchets (on his last album) is a perfect example of win-win-win attitude, and THAT, my friends, is what life is truly (supposed to be) about 🥸🤙

#jazzy #bananasutracabaret #diysong #sunomusic #aivoice",,,Bilingual,"SHOWsutra : Fanana Club,“UNAVAILABLE” Content said YouTube Music… Who knew? Not me!,SHOWsutra,BURLESQUEsutra,Bible Gone Bananas",5,,public,checked,youtube,,New,,gLCUUrgGsm8
"Hi, My Name is… Not Céline Dion 📺🌙🎵 SHOWsutra Indie Gipsy Dub LoFi Music","Hi, My Name Is (Not Celine Dion)",L-99,checked,16:9,5,3:46,"Music, Pop music, Reggae, Soul music",https://www.youtube.com/watch?v=W8OoEE_LL3A,Music Video,LOFI,"JAZZ,SPOKEN WORDS","Bass,Voice",SHOWsutra,,,,,,2025-10-20,12,0,0,https://i.ytimg.com/vi/W8OoEE_LL3A/maxresdefault.jpg,#unbranded #nametag #truestory 😽 #originalsong,,,EN,"SHOWsutra : Fanana Club,SHOWsutra,Bible Gone Bananas",3,,public,checked,youtube,,New,,W8OoEE_LL3A
"“Hitlus with your best shot”—in EU, everybody knows #elonmusk is a bona fide neo-naz!!! #nowyouknow",Hitlus With Your Best Shot,L-330,checked,9:16,4,2:46,"Entertainment, Independent music, Pop music",https://www.youtube.com/watch?v=fFgwyqA9M4c,Short/Reel,ROCK,BURLESQUE,Bass,QUACKsutra,,,,,,2025-12-02,357,0,0,https://i.ytimg.com/vi/fFgwyqA9M4c/maxresdefault.jpg,,,,EN,"BLOWsutra : Apes Gone Wrong,ROCKsutra,BLOWsutra,SHORTsutra Bananas Matter,Bible Gone Bananas",5,,public,checked,youtube,,New,,fFgwyqA9M4c
Hitlus With Your Best Shot • QUACKsutra Psychedelic Punk Rock Music Collab 🎸🎶,Hitlus With Your Best Shot,L-330,checked,9:16,4,2:46,"Independent music, Music, Pop music, Rock music",https://www.youtube.com/watch?v=E-kfZBHocy8,Short/Reel,BURLESQUE,ROCK,Guitar,QUACKsutra,,,,,,2025-09-06,27,1,0,https://i.ytimg.com/vi/E-kfZBHocy8/maxresdefault.jpg,"Had to do one to honor the d!cktopian duck’s announcement that the “U.S. Department of Defense” is being renamed the “U.S.. Department of War”… vive l’idiocracy 🇺🇸🤘

Original lyrics written by ⁠⁠@JoelJ1 aka Joel Woof + audiovisual by yours truly aka ⁠⁠@bananasutra 

“Hitlus With Your Best Shot” (orginally “Hitler with your best shot”, and dedicated to us aka “The People” of Murica—circa 2025)

You think you’re tough but you’re kooky with a short history of whipping up the bigots in the GOP.  
That's okay, let's see how you do it: get up on stage and just start to spew it!

Hitlus With Your Best Shot
Why don’t you, Hitlus With Your Best Shot
Hitlus with your best shot
Führer away!

Come on with the put downs, you don't fight fair,
Tell me, Don, what's with the hair?
It's all ‘bout you, cuz you're so vain.
You’re gonna Make America Hate Again.

Hitlus With Your Best Shot
Why don’t you Hitlus With Your Best Shot
Hitlus with your best shot
Führer away!

You think you’re tough but you’re kooky with a short history of whipping up the bigots in the GOP.
Keep out Muslims, and build a wall,
You're only compensating cuz your hand is small.

Hitlus With Your Best Shot
Come on, Hitlus With Your Best Shot
Hitlus with your best shot
Führer away!

Hitlus With Your Best Shot
Why don’t you Hitlus With Your Best Shot
Hitler with your best shot
Führer away!

📢🦆📺

#sunoai #aivoice #punkrockmusic #idiocracy #revolutioneducation",,,EN,"BLOWsutra : REVOLT (Now),ROCKsutra,BLOWsutra,FOTUS CIRCUS (Felon Of The United States),Bible Gone Bananas",5,,public,checked,youtube,,New,,E-kfZBHocy8
Hold the mic (brat:)  🎙️👸🏾🇺🇸 #cantwait,"Hold The Mic, Babe",L-102,checked,9:16,4,1:01,"Independent music, Music, Pop music",https://www.youtube.com/watch?v=IZVj80OF3_E,Short/Reel,FOLK,,Guitar,GROWsutra,,,,,,2024-11-06,37,,0,https://i.ytimg.com/vi/IZVj80OF3_E/maxresdefault.jpg,,,,EN,"GROWsutra : DARE (to Care),SHORTsutra Bananas Matter",2,,public,checked,youtube,,New,,IZVj80OF3_E
Hope is Do-Do-Dope 🪗🦤 SHOWsutra Psychedelic Accordion Duende Waltz Circus Burlesque 🎶,Hope is Do-Do-Dope,L-104,checked,16:9,4,2:50,Music,https://www.youtube.com/watch?v=7IKryKdrEPw,Music Video,BURLESQUE,WORLD,Accordion,SHOWsutra,,,,checked,,2025-09-25,24,0,0,https://i.ytimg.com/vi/7IKryKdrEPw/maxresdefault.jpg,"A wise and worldly amigo I know joked the imminent revival of the #dodo may save us (all:) from double negative doom by mad anti-antirhino stampede… and so I thought, oh boy yass, waltz me burlesque baby, THANK GOD ""Hope Is So Do-Do-Dope""  hehe 🎪💨 and gratefully jumped on the opportunity to shift my consciousness from #blowsutra to #showsutra aka FUN times, FOTUS circus or not (darn it, Murica, ha)

⸻
@bananasutra lyrics:

[Intro]
They thought we were extinct,
But baby, we just blinked.
We flapped our wings in dreams unseen…
Dodo’s back. And we’re keen.

[Verse 1]
The rhinos march in rows of grey,
Stompin’ facts and truth away.
“Be like us,” they grunt and mope,
But we got wings, and do-do-dope.

They call us soft, they call us slow,
But flappin’ joy is how we grow.
Our hope don’t bark, it flies and floats,
Above their fear, we sing new notes.

[Chorus]
Hope is so do-do-dope!
Flip, flop, flap it, nope!
Can’t squash love with fascist trope,
‘Cause hope is so… do-do-dope! 

[Verse 2]
They said we’d never come again,
Too kind to fight, too sweet to win.
But kindness cuts like mighty oak,
And makes the hate machine go broke.

Empathy ain’t weak, my friend,
It’s why we dare, it’s why we mend (oh whyyy whyyy)
We speak up, why we joke, elope,
For futures shaped by do-do-hope (that’s whyyy)

[Bridge]
The ghosts of dodos whisper true:
“Don’t let the rhinos trample you.”
In the face of old fascist lies… 
We must laugh, rise, and organize!

[Final Chorus]
Hope is so do-do-dope!
Truth don’t need a microscope.
It’s mighty, silly, fool in scope,
And hope is just… so do-do-dope! 

Do-do-dope! Do-do-dope!
History can’t dim our hope.
Even when they stomp and grope…
Hope is so do-do-dope!",,,EN,"SHOWsutra : Fanana Club,PEACE CIRCUS,SHOWsutra,BURLESQUEsutra,Bible Gone Bananas",5,,public,checked,youtube,,New,,7IKryKdrEPw
Hope is Do-Do-Dope Encore 🎻😽 SHOWsutra Gipsy World Peace Indie Fusion Dream 🎼,Hope is Do-Do-Dope,L-104,checked,16:9,4,5:00,Music,https://www.youtube.com/watch?v=McbePPjfpJI,Music Video,INDIE,MANTRA,"Cello,Voice",SHOWsutra,,,,,,2025-09-25,13,0,0,https://i.ytimg.com/vi/McbePPjfpJI/maxresdefault.jpg,"No lyrics, and no background #truestory this time—because this is SHOWsutra territory, I’m a silly lazy gipsy, et puis, c’est la vie! So, voilà. Meow😽

Plus, between you and I, to be fair, and completely honest… it seems sensible I use my precious time to write new @bananasutra gospel songs (that enchant me) rather than write long YT caption (for nobody) LOL 

PS: I guess I lied… ‘cause that’s definitely a true story ;)",,,Bilingual,"SHOWsutra : Fanana Club,PEACE CIRCUS,SHOWsutra,LULLABIESsutra,Bible Gone Bananas",5,,public,checked,youtube,,New,,McbePPjfpJI
Sundays are for musette reflection 🐦‍⬛📺🍂,How Do Kids Learn Now?,L-106,checked,16:9,4,3:29,"Music, Pop music",https://www.youtube.com/watch?v=zLMdIFeKnf4,Music Video,BURLESQUE,INDIE,Accordion,KNOWsutra,,,,,,2025-03-03,22,,0,https://i.ytimg.com/vi/zLMdIFeKnf4/maxresdefault.jpg,@bananasutra lyrics + voice on #sunomusic,,,EN,"KNOWsutra : (Naked) Truth,KNOWsutra,BURLESQUEsutra,Bible Gone Bananas",4,,public,checked,youtube,,New,,zLMdIFeKnf4
"I’m biased, bc I was raised under the French #constitution … but(t) #fraternity does matter ✌️🥸🏳️",How Do Kids Learn Now?,L-106,checked,9:16,3,2:54,Music,https://www.youtube.com/watch?v=wDmTrKm7seI,Short/Reel,BURLESQUE,JAZZ,Accordion,KNOWsutra,,,,checked,captionned,2025-03-22,19,,0,https://i.ytimg.com/vi/wDmTrKm7seI/maxresdefault.jpg,,,,Bilingual,"BLOWsutra : Apes Gone Wrong,“UNAVAILABLE” Content said YouTube Music… Who knew? Not me!,PEACE CIRCUS,KNOWsutra,FOTUS CIRCUS (Felon Of The United States),BURLESQUEsutra,SHORTsutra Bananas Matter,Bible Gone Bananas",8,,public,checked,youtube,,New,,wDmTrKm7seI
How Do Kids Learn Now? 📺 When Did Seduction Become So Untrue? KNOWsutra Flamenco Techno Fusion Music,How Do Kids Learn Now?,L-106,checked,16:9,5,4:54,Music,https://www.youtube.com/watch?v=02rdL6T_ucA,Music Video,WORLD,INDIE,"Guitar,Drum",KNOWsutra,,,,checked,,2025-08-12,14,0,,https://i.ytimg.com/vi/02rdL6T_ucA/maxresdefault.jpg,"For 50 years, I imagined most humans on earth shared similar core values—things like kindness and honesty, you know, as if rights & wrong were universal virtues, ha. TBCH, my humble, painful truth is that I still can’t let go of that belief. That’s why I keep asking questions, and refuse to let cognitive dissonance be normalized… Because that belief of mine stems from a deep personal commitment to ethical values that are fundamental to creating a better world, I reckon. And that certainly matters, nah?

Over the past 3 years, unfortunately (to say the least), I have learned my candid belief humans are in essence good, and ultimately, “seekers of truth” (like me:) is deeply, naively flawed, and undeniably, absolutely incorrect. Facts matter and the reality is that people's opinions prioritize comfort over truth, and personal values and principles do vary widely based on their individual experiences, cultural backgrounds, upbringing, and personal philosophies, i.e. their conscious and unconscious fears... 

Please don’t get me wrong tho, I’m a fervent supporter of diversity, and understanding differences in values is part of what makes human interactions complex and interesting, I guess. But(t) I’m not gonna lie, when I encounter situations where it seems like others don't prioritize these democratic values as I do, at all, it feels awfully confusing and profoundly disturbing! And I thank god, i can now make songs to process my anxious grief about the consequences of normalizing deceit as a means to an end—blessed be Blaise Pascal… 

This song asks “when did seduction become so untrue?”, with an emphasis on the importance of kids learning to differentiate rights from wrongs—as required to foster a peaceful, sustainable, harmonious future for everyone. It is yet another invitation to embrace reflection and growth, to help us understand and navigate a world where perspectives differ. It is yet another humble lill’ prayer,  another opportunity to honor my faith, my commitment to kindness and honest, as a core part of who I am (who we are?) as a human, and think about how I/we can positively impact the world around me/us… 

… Even if #robertgreen made shady millions off dollars selling a book that preaches the exact opposite—where “The Art of Seduction” literally means “The Art of Manipulation” aka Deception, where power grab and control matter more than integrity, humility, trust; despite all history, philosophy, economy, sociology, psychology, and of course poetry regarded thinkers agree being vulnerable is being brave, because peace grows from trust, and trust relies on honesty, quite simply!

—
@bananasutra lyrics:

[Verse 1]
How do kids learn respect and fraternity?
Morality means we agree on rights and wrongs, can’t you see?
Liberty now means no accountability,
The new victors boast, proud in their spree.

[Chorus]
Freedom’s shadow, where did we stray?
Liberty twisted, lost on the way.
Respect and fraternity, fading from view,
When did seduction become so untrue?

[Verse 2]
Selling lies, saying attraction’s just a ruse,
Deceit for dollars, making souls confused.
Boasting takers, proud of deceit,
But what’s the cost, where does truth meet?

[Chorus]
Freedom’s shadow, where did we stray?
Liberty twisted, lost on the way.
Respect and fraternity, fading from view,
When did seduction become so untrue?

[Bridge]
We need to find the way back, clear and pure,
Teach kids respect, make fraternity sure.
Stand for liberty, rewrite the tale,
Bring back values, let truth prevail.

[Chorus]
Freedom’s shadow, where did we stray?
Liberty twisted, lost on the way.
Respect and fraternity, fading from view,
When did seduction become so untrue?

[Outro]
Restore the values, end manipulation’s reign,
Teach respect, embrace compassion again.

—

#soundcloud EPx16 release #comingsoon",,,EN,"BLOWsutra : Apes Gone Wrong,PEACE CIRCUS,KNOWsutra,Bible Gone Bananas",4,,public,checked,youtube,,New,,02rdL6T_ucA
QOTD: How do kids learn about respect and fraternity now? 🤠🪗💨  #felonnation,How Do Kids Learn Now?,L-106,checked,16:9,4,2:54,"Music, Pop music",https://www.youtube.com/watch?v=0OY4VSdl60Q,Music Video,BURLESQUE,JAZZ,Accordion,KNOWsutra,,,,,"playin accordion on tv, live fin the art studio featuring a banana",2025-03-03,20,,0,https://i.ytimg.com/vi/0OY4VSdl60Q/maxresdefault.jpg,⁠@bananasutra  lyrics + voice on #sunomusic,,,EN,"KNOWsutra : (Naked) Truth,KNOWsutra,BURLESQUEsutra,Bible Gone Bananas",4,,public,checked,youtube,,New,,0OY4VSdl60Q
Why do the grown-ups fight so loud? And where do kites fly now? #🕊️ #ceasefire #aivoice  #sunomusic,How Do You Explain War?,L-108,checked,9:16,3,2:59,"Independent music, Lifestyle (sociology), Pop music",https://www.youtube.com/watch?v=vaRUXTONyhA,Music Video,INDIE,DUB,Guitar,KNOWsutra,,,,,,2025-05-13,205,,1,https://i.ytimg.com/vi/vaRUXTONyhA/maxresdefault.jpg,,,,EN,"KNOWsutra : But(t) Whyyy,“UNAVAILABLE” Content said YouTube Music… Who knew? Not me!,PEACE CIRCUS,BLOWsutra,SHORTsutra Bananas Matter,Bible Gone Bananas",6,,public,checked,youtube,,New,,vaRUXTONyhA
I did the math and everything is stupid spirit 💫,"I Did The Math (Everything is Stupid, Absurd, and Divine",L-110,checked,16:9,4,4:00,"Electronic music, Music, Pop music",https://www.youtube.com/watch?v=eSVsHkccwwE,Music Video,INDIE,LOFI,"Cello,Voice",SHOWsutra,,,,,,2025-03-03,21,,0,https://i.ytimg.com/vi/eSVsHkccwwE/maxresdefault.jpg,,Censored,,EN,"SHOWsutra : Fanana Club,“UNAVAILABLE” Content said YouTube Music… Who knew? Not me!,FLOWsutra,LOFIsutra,Bible Gone Bananas",5,,public,checked,youtube,,New,,eSVsHkccwwE
"I Did the Math, and Everything is Stupid 🍌🎸 SHOWsutra Peanut’s Fanana Club, psySnoopy JAZZ Edition","I Did The Math (Everything is Stupid, Absurd, and Divine",L-110,checked,16:9,5,4:01,"Independent music, Jazz, Music, Pop music, Rock music",https://www.youtube.com/watch?v=f1-RYzclzgE,Music Video,JAZZ,"BURLESQUE,ROCK","Bass,Drum",SHOWsutra,,,,checked,,2026-01-10,5,0,0,https://i.ytimg.com/vi/f1-RYzclzgE/maxresdefault.jpg,"Here’s another stoopid song for no one here really 🥹 #enjoy 

Track infused with a psychedelic gipsy burlesque jazz punk rock loving spirit, and a bunch of delightfooly tender existential questions that smell nothing like stupid to me #justsayin 

But(t) maybe I gone wild bananas, or maybe just lone peanuts, I mean, who knows, heh? 

I ain't even gonna wag, or whine, or share lyrics, or say no nothin' #stupid, because (you know?) blahaha 🍌

And so huh, voilà, now what (you say)? #absurdistcomedy #originalsong #makesnoopysingalready",,,EN,"SHOWsutra : Fanana Club,ROCKsutra,SHOWsutra,Bible Gone Bananas",4,,public,checked,youtube,,New,,f1-RYzclzgE
"I Did the Math, and Everything is Stupid 🤗🍌 SHOWsutra Post-Psy-Punk Absurd Burlesque ROCK","I Did The Math (Everything is Stupid, Absurd, and Divine",L-110,checked,16:9,5,7:26,"Independent music, Music, Pop music, Rock music",https://www.youtube.com/watch?v=-EwhIlrKQc4,Music Video,BURLESQUE,ROCK,Drum,SHOWsutra,,,,,,2026-01-12,11,1,0,https://i.ytimg.com/vi/-EwhIlrKQc4/maxresdefault.jpg,"00:00 SONG 1
03:22 SONG 2

Questions welcome, always 🏴‍☠️",,,EN,"SHOWsutra : Fanana Club,ROCKsutra,SHOWsutra,Bible Gone Bananas",4,,public,checked,youtube,,New,,-EwhIlrKQc4
"Idiocracy Now 😬 QUACKsutra Accoustic Banjo Music, Psychedelic Reality turned Macchiavelic Dystopia",Planet Idiocracy,L-113,checked,9:16,3,2:59,"Humour, Music",https://www.youtube.com/watch?v=kF7IpEt4SzU,Short/Reel,BURLESQUE,FOLK,"Banjo,Voice",BLOWsutra,,,,checked,,2025-10-14,142,1,0,https://i.ytimg.com/vi/kF7IpEt4SzU/maxresdefault.jpg,"So, yeah, here's the #jokeoftheyear ha, huh, not funny, because it”s a #truestory ;)

Q: What is the difference between the movie idiocracy and the raging media circus that is the reality MAGAcracy? 
A: The timeline! Welcome to the IRL, somber Murica prequel 

… Turns out, the “Idiocracy” movie fully deserves its iconic praise. It was more documentary than comedy tho—minus the black president, of course. Corporate dystopia is now reality, and Murica is literally living its prequel #irl #idiocracyisreal 

What was once a satire is now a self-fool-filling prophecy. Idiocracy was a joke, but MAGAcracy is reality.

They mock experts and worship stupidity. They sell democracy to greed and corporatocracy. They turn politics into a circus of celebrity. They hollow out schools, courts, and accountability. They chant slogans instead of making policy. They deny science and torch ecology. They bend the law, shred the Constitution casually. They spread fear, lies, and short-term normalcy. This is not comedy. This is MAGAcrazy. This is Idiocracy Now, Murica 🇺🇸


✪✪✪
@bananasutra lyrics:

[Intro]
Q: What’s the difference, tell me honestly,
Between Idiocracy and MAGAcracy?
A: The timeline, baby, that’s the deal,
Welcome to the IRL somber Murica prequel.

[Verse 1]
They mock the truth, erase the literacy,
They sell the state to greed and bribery.
A comic script turned grim reality,
Self-fulfilling joke of false normalcy.

[Chorus]
Idiocracy Now, it’s our prophecy,
No satire left, just hypocrisy.
Idiocracy Now, no fallacy,
MAGAcrazy rules with ferocity.

[Verse 2]
They chant the slogans, kill democracy,
“Lock her up,” a cult ferocity.
A circus crown in place of policy,
The rule of law reduced to mockery.

[Chorus]
Idiocracy Now, it’s our prophecy,
No satire left, just hypocrisy.
Idiocracy Now, no fallacy,
MAGAcrazy rules with ferocity.

[Bridge]
Short-term greed, long-term lunacy,
Fear is sold as national unity.
The joke’s on us, there’s no immunity,
Truth’s the only spark of continuity.

[Verse 3]
The crops are dry, ignored ecology,
The screens are loud with toxic energy.
We play along, complicit apathy,
Or rise and fight for real humanity.

[Chorus]
Idiocracy Now, it’s our prophecy,
No satire left, just hypocrisy.
Idiocracy Now, no fallacy,
MAGAcrazy rules with ferocity.",,,EN,"BLOWsutra : Apes Gone Wrong,LOFIsutra,FOTUS CIRCUS (Felon Of The United States),Bible Gone Bananas",4,,public,checked,youtube,,New,,kF7IpEt4SzU
“Idiocracy Now” World LoFi Fusion 🎧⚠️ IRL Murica Movie Prequel currently playing goldfish near you,Planet Idiocracy,L-113,checked,9:16,4,2:59,"Independent music, Lifestyle (sociology), Pop music",https://www.youtube.com/watch?v=4mNl4QfRBmg,Short/Reel,LOFI,INDIE,Upright Bass,BLOWsutra,,,,checked,,2025-09-10,244,3,0,https://i.ytimg.com/vi/4mNl4QfRBmg/maxresdefault.jpg,"✪✪✪
@bananasutra lyrics:

[Intro]
Q: What’s the difference, tell me honestly,
Between Idiocracy and MAGAcracy?
A: The timeline, baby, that’s the deal,
Welcome to the IRL somber Murica prequel.

[Verse 1]
They mock the truth, erase the literacy,
They sell the state to greed and bribery.
A comic script turned grim reality,
Self-fulfilling joke of false normalcy.

[Chorus]
Idiocracy Now, it’s our prophecy,
No satire left, just hypocrisy.
Idiocracy Now, no fallacy,
MAGAcrazy rules with ferocity.

[Verse 2]
They chant the slogans, kill democracy,
“Lock her up,” a cult ferocity.
A circus crown in place of policy,
The rule of law reduced to mockery.

[Chorus]
Idiocracy Now, it’s our prophecy,
No satire left, just hypocrisy.
Idiocracy Now, no fallacy,
MAGAcrazy rules with ferocity.
✪✪✪
[Bridge]
Short-term greed, long-term lunacy,
Fear is sold as national unity.
The joke’s on us, there’s no immunity,
Truth’s the only spark of continuity.

[Verse 3]
The crops are dry, ignored ecology,
The screens are loud with toxic energy.
We play along, complicit apathy,
Or rise and fight for real humanity.

[Chorus]
Idiocracy Now, it’s our prophecy,
No satire left, just hypocrisy.
Idiocracy Now, no fallacy,
MAGAcrazy rules with ferocity.",,,EN,"BLOWsutra : Apes Gone Wrong,LOFIsutra,FOTUS CIRCUS (Felon Of The United States),SHORTsutra Bananas Matter,Bible Gone Bananas",5,,public,checked,youtube,,New,,4mNl4QfRBmg
Apes gone wrong on “Planet Idiocracy” is like evergreen #historyrevealed (in a banana peel;) 🥜🙈💥,Planet Idiocracy,L-113,checked,9:16,3,2:57,"Entertainment, Performing arts",https://www.youtube.com/watch?v=jj9m_4YQk00,Short/Reel,DUB,,"Drum,Voice",BLOWsutra,,,,checked,,2025-09-25,4,0,0,https://i.ytimg.com/vi/jj9m_4YQk00/maxresdefault.jpg,A forgotten evergreen #blowsutra song (circa 2024) inspired by #leonardcohen “Everybody Knows” #poem 🕴️💨,,,EN,"BLOWsutra : Apes Gone Wrong,BLOWsutra,DUBsutra,FOTUS CIRCUS (Felon Of The United States),SHORTsutra Bananas Matter,Bible Gone Bananas",6,,public,checked,youtube,,New,,jj9m_4YQk00
Planet Idiocracy 🙈🎶 BLOWsutra World Peace DUB,Planet Idiocracy,L-113,checked,16:9,4,2:57,"Electronic music, Independent music, Music, Pop music, Reggae",https://www.youtube.com/watch?v=wmpxXPlmFIU,Music Video,DUB,,"Drum,Voice",BLOWsutra,,,,checked,,2025-09-27,12,0,0,https://i.ytimg.com/vi/wmpxXPlmFIU/maxresdefault.jpg,"This song is part of my Revolution’s Lit Not, Apes Gone Wrong series, written early 2025… 2026 is now approaching fast, so fast already. And sadly, it’s fair to say the the arrogant buffoon Kings of “Planet Idiocracy” continue to rage and thrive 👑📺💥 with little opposition, and fool on malevolent (not benevolent) military and civil wars of starvation, demolition, misinformation, manipulation, and deception, in the name of authoritarian power domination—completely ignorant of their ultimate foolishness, as if history didn’t teach us (humanity) a damn thing!

@bananasutra lyrics:

[Verse 1]
Vladi, Bibi, and Donnie on their thrones,
Zero care for the truth they’ve known,
Critique denied, power’s their song,
History’s lesson, ignored for so long.


[Verse 2]
Opposite I stand, you see,
Learning’s where I long to be,
Ego melted, power shunned,
Suspicious minds, we’re undone.

[Chorus]
Oh, Planet Idiocracy,
Where ignorance takes the stage,
Arrogance and malevolence,
In a foolish, misguided rage.


[Verse 3]
Ashamed for those who can’t perceive,
Strength in brutality, they believe,
Confusion, fear, resentment brew,
Hypocrisy spreads, the lies accrue.

[Chorus]
Oh, Planet Idiocracy,
Where ignorance takes the stage,
Arrogance and malevolence,
In a foolish, misguided rage.

[Bridge]
Gaslighting in society’s view,
Examples of shame, old and new,
For children growing in this storm,
Buffoonery becomes the norm.

[Verse 4]
Men never learn, history repeats,
Empathy lost, darkness greets,
Truth offends, they shun the light,
Arrogance seen as strength, a plight.

[Chorus]
Oh, Planet Idiocracy,
Where ignorance takes the stage,
Arrogance and malevolence,
In a foolish, misguided rage.

[Break]

[Verse 5]
Set examples, conscious and kind,
For our children, peace in mind,
Why do felons peacock with pride,
Scary dummies, weasels who hide?

[Chorus]
Oh, Planet Idiocracy,
Where ignorance takes the stage,
Arrogance and malevolence,
In a foolish, misguided rage.

[Outro]
Morality’s not relative, we see,
Rights and wrongs in full integrity,
Even in this idiocracy,
We strive for truth and transparency.",,,EN,"BLOWsutra : Apes Gone Wrong,BLOWsutra,DUBsutra,FOTUS CIRCUS (Felon Of The United States),Bible Gone Bananas",5,,public,checked,youtube,,New,,wmpxXPlmFIU
Idiocracy Now 📺🍟 QUACKsutra Psychedelic Reality turned Macchiavelic Dystopia Accoustic LoFi Music,Planet Idiocracy,L-113,checked,16:9,5,3:10,Music,https://www.youtube.com/watch?v=BddS6xg1fYY,Music Video,LOFI,INDIE,Upright Bass,BLOWsutra,,,,checked,,2025-10-14,13,0,0,https://i.ytimg.com/vi/BddS6xg1fYY/maxresdefault.jpg,"So, yeah, here's the #jokeoftheyear ha, huh, not funny, because it”s a #truestory ;)

Q: What is the difference between the movie idiocracy and the raging media circus that is the reality MAGAcracy? 
A: The timeline! Welcome to the IRL, somber Murica prequel 

… Turns out, the “Idiocracy” movie fully deserves its iconic praise. It was more documentary than comedy tho—minus the black president, of course. Corporate dystopia is now reality, and Murica is literally living its prequel #irl #idiocracyisreal 

What was once a satire is now a self-fool-filling prophecy. Idiocracy was a joke, but MAGAcracy is reality.

They mock experts and worship stupidity. They sell democracy to greed and corporatocracy. They turn politics into a circus of celebrity. They hollow out schools, courts, and accountability. They chant slogans instead of making policy. They deny science and torch ecology. They bend the law, shred the Constitution casually. They spread fear, lies, and short-term normalcy. This is not comedy. This is MAGAcrazy. This is Idiocracy Now, Murica 🇺🇸


✪✪✪
@bananasutra lyrics:

[Intro]
Q: What’s the difference, tell me honestly,
Between Idiocracy and MAGAcracy?
A: The timeline, baby, that’s the deal,
Welcome to the IRL somber Murica prequel.

[Verse 1]
They mock the truth, erase the literacy,
They sell the state to greed and bribery.
A comic script turned grim reality,
Self-fulfilling joke of false normalcy.

[Chorus]
Idiocracy Now, it’s our prophecy,
No satire left, just hypocrisy.
Idiocracy Now, no fallacy,
MAGAcrazy rules with ferocity.

[Verse 2]
They chant the slogans, kill democracy,
“Lock her up,” a cult ferocity.
A circus crown in place of policy,
The rule of law reduced to mockery.

[Chorus]
Idiocracy Now, it’s our prophecy,
No satire left, just hypocrisy.
Idiocracy Now, no fallacy,
MAGAcrazy rules with ferocity.

[Bridge]
Short-term greed, long-term lunacy,
Fear is sold as national unity.
The joke’s on us, there’s no immunity,
Truth’s the only spark of continuity.

[Verse 3]
The crops are dry, ignored ecology,
The screens are loud with toxic energy.
We play along, complicit apathy,
Or rise and fight for real humanity.

[Chorus]
Idiocracy Now, it’s our prophecy,
No satire left, just hypocrisy.
Idiocracy Now, no fallacy,
MAGAcrazy rules with ferocity.",,,EN,"BLOWsutra : Apes Gone Wrong,LOFIsutra,FOTUS CIRCUS (Felon Of The United States),Bible Gone Bananas",4,,public,checked,youtube,,New,,BddS6xg1fYY
"If We Had But(t) The Truth… BUT NOPE, because the Minneapolis witnesses are being arrested by #ice",If We Had But(t) The Truth,L-114,checked,9:16,4,3:00,"Electronic music, Music, Pop music",https://www.youtube.com/watch?v=rJyF90xThww,Short/Reel,LOFI,INDIE,"Drum,Voice",BLOWsutra,,,,checked,,2026-01-26,41,0,0,https://i.ytimg.com/vi/rJyF90xThww/maxresdefault.jpg,"PSA: it’s beyond official, the true truth is #nooneissafe in #murica now ⚠️💀","Sunday prayer,Make America Safe Again,Truth Matters",,EN,"BLOWsutra : CENSOR(ed),BLOWsutra,LOFIsutra,SHORTsutra Bananas Matter,Bible Gone Bananas",5,,public,checked,youtube,,New,,rJyF90xThww
“If We Had But(t) The Truth” 🍌🌪️ or why the #newworld order is goddamn stoopid (I did the math 🥜),If We Had But(t) The Truth,L-114,checked,9:16,4,3:01,Independent music,https://www.youtube.com/watch?v=9St0sDMDmKc,Short/Reel,INDIE,"BURLESQUE,WORLD","Voice,Accordion",BLOWsutra,,,,,,2026-01-30,6,0,0,https://i.ytimg.com/vi/9St0sDMDmKc/maxresdefault.jpg,"—
Oh hey, you, sweetie,
Would you please pinch me?! 
Now deceit’s the new normal,
Political ritual?

If we had but(t) the truth,
Not twisted under oath,
If we knew what is fair,
Unclouded by despair.
If we had but(t) good men,
Fair, honest, just good men,
If we had but(t) freedom,
Not foul play, and then some...

We could maybe not freeze,
We could maybe still breathe,
We could maybe still hope,
Through the tightening rope.

If we had but(t) the law,
Abandoned on the go,
If we had but(t) some grace,
Not just farts with no face.

If we had but(t) the truth,
Not shaded by the cross,
If we had benevolence,
Not bloodied by violence…

We could maybe still grow,
We could maybe still flow,
We could maybe still glow
Instead of just blow, blow, blow...

But instead we have blaspheme,
Selling faiths made of memes,
And some fools framing shame,
And kids’ futures gone freaking lame.

We have pundits of poison,
We have felons of treason,
We have prayers for profit,
We lost the meaning of it.

We have kings without conscience,We have crooks-ruled science,
We have books but(t) gone bust, 
Fascist bile that blows dust.

We have decrees of what’s vile,
Signed by hands that defile,
We have piety pimped out,
To the dumbest denial.

If we had but(t) the shame,
If we dared not be lame,
If we felt but(t) the grief,
Not numbed out disbelief…

We might still sing a song,
But we’d know we were wrong.
Instead, lives were forlorned,
Just another day gone…

Just another day gone.","Acccordion,Folk Tale,True Crime Song,Authoritarianism",,EN,"BLOWsutra : CENSOR(ed),FOLKsutra,BLOWsutra,SHORTsutra Bananas Matter,Bible Gone Bananas",5,,public,checked,youtube,,New,,9St0sDMDmKc
If We Had But(t) The Truth 🐶💬 BLOWsutra (Censored) Gipsy Psychedelia Accordion Cello Indie FOLK,If We Had But(t) The Truth,L-114,checked,16:9,4,3:03,"Independent music, Music, Pop music, Rock music, Soul music",https://www.youtube.com/watch?v=8cxoRqEu8-s,Music Video,INDIE,FOLK,"Accordion,Voice",BLOWsutra,,,,,,2026-01-26,10,0,0,https://i.ytimg.com/vi/8cxoRqEu8-s/maxresdefault.jpg,"Because I’m deeply snoopied for us all, kids 🇺🇸🍌 #pinchme #everythingisnotfine #encore 

—
@bananasutra#songlyrics 

Oh hey, you, sweetie,
Would you please pinch me?! 
Now deceit’s the new normal,
Political ritual?

If we had but(t) the truth,
Not twisted under oath,
If we knew what is fair,
Unclouded by despair.
If we had but(t) good men,
Fair, honest, just good men,
If we had but(t) freedom,
Not foul play, and then some...

We could maybe not freeze,
We could maybe still breathe,
We could maybe still hope,
Through the tightening rope.

If we had but(t) the law,
Abandoned on the go,
If we had but(t) some grace,
Not just farts with no face.

If we had but(t) the truth,
Not shaded by the cross,
If we had benevolence,
Not bloodied by violence…

We could maybe still grow,
We could maybe still flow,
We could maybe still glow
Instead of just blow, blow, blow...

But instead we have blaspheme,
Selling faiths made of memes,
And some fools framing shame,
And kids’ futures gone freaking lame.

We have pundits of poison,
We have felons of treason,
We have prayers for profit,
We lost the meaning of it.

We have kings without conscience,We have crooks-ruled science,
We have books but(t) gone bust, 
Fascist bile that blows dust.

We have decrees of what’s vile,
Signed by hands that defile,
We have piety pimped out,
To the dumbest denial.

If we had but(t) the shame,
If we dared not be lame,
If we felt but(t) the grief,
Not numbed out disbelief…

We might still sing a song,
But we'd know we were wrong.
Instead, lives were forlorned,
Just another day gone…

Just another day gone.","Indie Folk,Censorship Matters,Authoritarianism,Truth Matters,Psychedelic Ballad,Everything is Stupid",,EN,"BLOWsutra : CENSOR(ed),FOLKsutra,BLOWsutra,Bible Gone Bananas",4,checked,public,checked,youtube,,New,,8cxoRqEu8-s
If We Had But(t) The Truth ☝️ BLOWsutra (Censored) Jazzy Psychedelic Hip Trip Bleep Hop LOFI Therapy,If We Had But(t) The Truth,L-114,checked,16:9,4,2:28,"Electronic music, Independent music, Music",https://www.youtube.com/watch?v=fsDmpI9PaTo,Music Video,LOFI,JAZZ,"Voice,Xylophone",BLOWsutra,,,,checked,,2026-01-26,9,1,2,https://i.ytimg.com/vi/fsDmpI9PaTo/maxresdefault.jpg,"When an insanely corrupt government lead by a convicted felon who can't even figure out how to properly #censor their top-secret child trafficking PDF files starts letting masked morons outright murder good citizens in the streets but(t) they just deny it anyway because they don't even care, huh… GREAT—'nough said 🤐🔫🩸#censorship (matters)

This is Track 1 / Volume 2 of a BLOWsutra (Censored) song EP inspired by nothing but(t) shameless deception and glorified predation down the obscene rabbit hole of Gangsters (gone oh so) Oops Profane! #aheadfullofdreams #ahem

EPx22 available on SoundCloud—it blends and celebrates diversity, in revolutionary fusion genres gone bananas, and flows like this:  
SIDE A ❯ Gipsy LOFI (1-5) ❯ Folky DUB (6-8) ❯ Dubby RAGGA (9-12)
SIDE B ❯ Psychedelic BLUES (13) ❯ Dreamy FOLK (14-15) ❯ Punky BURLESQUE (16-18)  ❯ Trippy Cello INDIE (19-22)

—
@bananasutra #lyrics #soundcloud #conscience 

Oh hey, you, sweetie,
Would you please pinch me?! 
Now deceit’s the new normal,
Political ritual?

If we had but(t) the truth,
Not twisted under oath,
If we knew what is fair,
Unclouded by despair.

If we had but(t) good men,
Fair, honest, just good men,
If we had but(t) freedom,
Not foul play, and then some...

We could maybe not freeze,
We could maybe still breathe,
We could maybe still hope,
Through the tightening rope.

If we had but(t) the law,
Abandoned on the go,
If we had but(t) some grace,
Not just farts with no face.

If we had but(t) the truth,
Not shaded by the cross,
If we had benevolence,
Not bloodied by violence…

We could maybe still grow,
We could maybe still flow,
We could maybe still glow
Instead of just blow, blow, blow...

But instead we have blaspheme,
Selling faiths made of memes,
And some fools framing shame,
And kids’ futures gone freaking lame.

We have pundits of poison,
We have felons of treason,
We have prayers for profit,
We lost the meaning of it.

We have kings without conscience,
We have crooks-ruled science,
We have books but(t) gone bust, 
Fascist bile that blows dust.

We have decrees of what’s vile,
Signed by hands that defile,
We have piety pimped out,
To the dumbest denial.

If we had but(t) the shame,
If we dared not be lame,
If we felt but(t) the grief,
Not numbed out disbelief…

We might still sing a song,
But we'd know we were wrong.
Instead, lives were forlorned,
Just another day gone…

Just another day gone.

—
BONUS 2025 FOTUS inauguration day / MLK day (!) Q&A, to honor the 1 year anniversary of this song, and share one of the (worst, true) American horror story (n)ever to be released ~ courtesy of my existential good conscience questions archives gone bananas:

- Why did no one ask why Trump refused to put his hand on the Bible? Because asking would expose the empty fraud at the heart of their senseless ""Christian daddy defender"" narrative. 
- Why was MLK Day treated like a convenient prop, not a day of serious reflection and respect? Because in a dictatorship, or a racist cult (same same), cognitive and moral consistency are no longer required—only blind loyalty to “power”. 
- How can anyone cry foul about “patriotic values” while glorifying a ruthless felon who lacks any basic moral decency, brags about ""rigging the elections"" (sic), and clearly has no intention to honor an oath by abiding to the constitution? Because hypocrisy isn't just tolerated—it's praised and weaponized. 
- When did appearances become more important than actions? Always—because an imperial d!cktator is much more interested in preserving illusions than protecting truth, for the worst...

#deepbreath #truecrimestory","Conscious LOFI,Original Lyrics,Cognitive Dissonance Matters",,EN,"BLOWsutra : Apes Gone Wrong,BLOWsutra,LOFIsutra,Bible Gone Bananas",4,,public,checked,youtube,,New,,fsDmpI9PaTo
“Ignoramus Divine”—a very real surreal burlesque fascist duck danger story song #donaldsucks (a$$),Ignoramus Divine,L-329,checked,9:16,3,2:52,"Independent music, Lifestyle (sociology)",https://www.youtube.com/watch?v=XQwk7HYumoc,Short/Reel,BURLESQUE,JAZZ,"Voice,Upright Bass",QUACKsutra,,,,,,2026-01-28,31,1,0,https://i.ytimg.com/vi/XQwk7HYumoc/maxresdefault.jpg,"🎭 IGNORAMUS DIVINE (BLOWsutra, Shady Donnie Ducky Danger collection) #burlesquelife  #songlyrics 


[Intro]Goof on the stage, clown in command,Jester with gold dust slipping through his hand.Caged up hearts, tantrums, rages,Fool writes laws on crumpled pages.Junior wants gold, same tired fable,Duck of old age, unstable at the table.

[Verse 1]Starve the kids, blame the mom… ruthless. Calls it “greatness,” can’t define what truth is.Plastic straws, plastic men, plastic ties,Dickhead grins while democracy dies.Puppet show, strings made of greed,Nation bleeds slow while the cameras feed.

[Chorus]Moron, imbecile, idiot fool,Gold-sick ghoul breaking every rule.Ignoramus bragging like he’s divine,But the rapture’s coming… oh Donnie, it’s time.Yeah, Ignoramus Divine!Your gold can’t buy back time.

[Verse 2]Simpleton tweets, midnight spree,Diet Coke crown and conspiracy.Planet cries, he calls it fake,While oceans burn and levees break.Bankrupt heart, felon on file,High on denial, drunk on guile.

[Bridge]Orange vein with a spray-tan glow,King with no clothes in a crypto show.Chants in the crowd, echo and cheer,But truth keeps whisperin’: the end is near.Glass towers crack, empire shakes,You can’t hide fate behind gold gates.

[Chorus]Moron, imbecile, idiot fool,Gold-sick ghoul breaking every rule.Ignoramus bragging like he’s divine,But the rapture’s coming… oh Donnie, it’s time.Yeah, Ignoramus Divine!Your greed’s your only shrine.

[Outro]Here’s to the jesters, the ghouls, the clowns,Watch how the empire crumbles down.Orange balloon, fading fast,Shady Ducky, your shadow’s last.History laughs, the curtain’s drawn,The fool’s parade goes marching on.","Burlesque,Fascism,Cognitive Dissonance,Duck Joke",,EN,"BLOWsutra,FOTUS CIRCUS (Felon Of The United States),BURLESQUEsutra,SHORTsutra Bananas Matter,Bible Gone Bananas",5,,public,checked,youtube,,New,,XQwk7HYumoc
"It’s sooo ironic Eugenics are moronic, by their own definition of a #moron 😬🤌 BLOWsutra Gipsy Swing",Ironic Moronic Eugenics,L-115,checked,16:9,5,3:34,Music,https://www.youtube.com/watch?v=BccvWRp7uHI,Music Video,INDIE,"WORLD,BURLESQUE","Upright Bass,Voice",BLOWsutra,,,,,,2025-09-25,5,0,0,https://i.ytimg.com/vi/BccvWRp7uHI/maxresdefault.jpg,"Did you know the word #moron was invented in the United States, early last century, by a top (wannabe scientist, and white, of course) daddy of Eugenics—to qualify functioning #imbeciles who (allegedly) lacked the ability to act “morally”? How FREAKING IRONIC is THAT, heh 😼

I learned this thanks to a great @PBS documentary, part of their “American Experience” series: “The Eugenics Crusade”. I highly recommend it; it’s enlightening, in the historical, philosophical, and spiritual sense 💫

Especially now, as moronic, fearful, oblivious imbeciles high on Machiavellian #hubris are at it, AGAIN—spreading false, psychopathic rumors that #empathy is dangerous (GASP), to name just one example, as ironic as demonic (SIGH). Just yesterday, the #bigtech Microsoft CEO came out with pseudoscientific statement claiming that training AI to be empathetic would dangerous #truestory 🤦🏻‍♀️

In the process of writing this song, I realized that there is another French word direly lacking from the American English vocabulary: the word “orgueil”. It basically means “pride”, except it is always used in a pejorative sense, AND also, is actually used more often than “fierté” (the literal translation of the word “pride”). And wow, oh boy that actually explains so much #facepalm (reSIGH;) 😤

Reminded me of that random bar conversation I once had with a proud American stranger, who insisted #hubris was a virtue, and suggested my confusion on the topic was likely due to English being my second language… and wow, oh boy, ypu know? I know I felt as alarmed as “sidérée” by such moronic arrogance—and still am, more than ever 🤌

If you’d like to see the full #lyrics, check out the other “Ironic Moronic Eugenics” music vid (by the hot pool) I just posted—I’ll also probably link it as a card to this video, once I’m on desktop, ‘cause YT doesn’t allow creators to do that on mobile 🤷🏻‍♀️

#truestory",,,Bilingual,"BLOWsutra : Apes Gone Wrong,BLOWsutra,LOFIsutra,FOTUS CIRCUS (Felon Of The United States),Bible Gone Bananas",5,,public,checked,youtube,,New,,BccvWRp7uHI
Ironic Moronic Eugenics 🐸🪰 BLOWsutra DUB Music,Ironic Moronic Eugenics,L-115,checked,16:9,5,4:58,"Music, Pop music, Reggae",https://www.youtube.com/watch?v=7OHMhVa__gU,Music Video,DUB,BLUES,"Banjo,Voice",BLOWsutra,,,,,,2025-09-22,15,0,0,https://i.ytimg.com/vi/7OHMhVa__gU/sddefault.jpg,"“Ironic Moronic Eugenics” is a song inspired by a great @pbs #documentary on “The #eugenics Crusade” that happened in the early century—i.e. an American elitist propaganda pseudo-scitific campaign that inspired some of the horrific WW2 fasc!st practices, prevented #annefrank to be saved from the holocaust by emigrating to the U.S., and allowed multiple states to sterilize women without #consent until the 70s… 

I learned the world #moron was invented then, by a prominent eugenic buffoon named Goddard, to qualify functional imbeciles aka idiots deemed too “feebleminded” (sic) to behave “morally”… and now, I just can’t get over #theironyofitall 🇺🇸 

This is the only DUB track on a BLUES EPx8 #comingsoon on #soundcloud #dubnation lyrics👇

[Verse 1]
They said, “oh Let’s fix the human race,”with White “heroes” with higher grace…
Declared “Morons” lacked a moral core,
But guess who proved to live the lore?

Oh dear, watch out for fanatics
Their fear wrapped up in politics.
They called it smart, it’s moronic.
Feeble brain fart, basic dickshtick…

[short psychedelic banjo riff break]

[Chorus]
It’s so ironic, it’s comedic, The Eugenics gang gone moronic!Their Holy mission turned demonic,Ivory towers of neurotic.

Tragi-comic, psychedelic,Their “cure” was just sociopathic.Played with lives like flies, robotic,
Sick freaks with cold lies, so toxic.

[Verse 2]
Sold cheap charts as genetics,No consent, just black magic,
Sterilized dooms made juridic,
Weaponized lies gone ballistic.

Played God with eugenic picks,No soul, just fake arithmetic.Bold narcissistic metrics,Buried truth with broken ethics.

[Bridge – Psychedelic Shift]Labeled dreamers as being “sick”
Named the poets “too erratic,”
Libeled light as “problematic,”
Told us shit so plain idiotic,

[Chorus]
It’s so ironic, it’s comedic, The Eugenics gang gone moronic!Their Holy mission turned demonic,Ivory towers of neurotic.

Tragi-comic, psychedelic,Their “cure” was just sociopathic.Played with lives like flies, robotic,
Sick freaks with cold lies, so toxic.

[Outro psychedelic hypnotic]
So here’s to facts, historic, tragic,
Remembering Eugenic logic.
Elite’s egos sunk titanic,
Left a trail of Psychopathic.

Fools confusion, “pure blood” of pricks 
bad delusions, mad circus freaks, 
Same old story, ludicrous dicks, 
fake news glory, ominous, eeeeeks

—

#bananasutracabaret #aimusic #morons matter ;)",,,EN,"BLOWsutra : Apes Gone Wrong,BLOWsutra,DUBsutra,FOTUS CIRCUS (Felon Of The United States),Bible Gone Bananas",5,,public,checked,youtube,,New,,7OHMhVa__gU
"It’s an Ethical Paradox, an Oxymoron Maze •  EPx2 • KNOWsutra (Bertrand Knows) Burlesque Gipsy Jazz",It's An Ethical Paradox,L-116,checked,16:9,4,8:11,"Jazz, Music",https://www.youtube.com/watch?v=0B6HxsNkgf8,EP Compilation,BURLESQUE,JAZZ,"Upright Bass,Voice",KNOWsutra,,,,,dreamy cat video,2026-01-15,22,3,1,https://i.ytimg.com/vi/0B6HxsNkgf8/maxresdefault.jpg,"00:00 Song 1
03:39 Song 2

""It's an Ethical Paradox, an Oxymoron Maze"" trancks number 1 & 2, from fool EPx15 on SoundCloud. This release is Vol. 2 of this song, a gipsy jazz edit of a dense KNOWsutra (Bertrand Knows) song (that still needs some distilling) that flows, from Burlesque Jazzzzzzzzz (tracks 1-10) to Gipsy LoFi (tracks 11-14) to Indie DUB (track 15)...

Lyrics inspired by Bertrand Russel's ""Marriage and Morals"", where he observed that “Marriage is for women the commonest mode of livelihood, and the total amount of undesired sex endured by women is probably greater in marriage than in prostitution.” (*) And asked: ""Are prostitution and traditional marriage interconnected by hypocritical societal structures and discriminatory economic dependency?"" 💥 

In this controversial essay, he made the fairly objective argument that marriage often prioritizes financial stability and social status over love, mirroring prostitution’s very transactional nature, and critiques the rigidity of marital norms, such as lifelong exclusivity and fidelity, which often stifle desires and lead to unmet physical, emotional, and spiritual needs. And he asks: What if pr0stituti0n was required as a societal “release valve” for repressed desires, existing mostly as the condemned counterpart to marriage? 

What if the very notion of ""ethical paradox"" was an absurd oxymoron that never seems to end indeed? I ponder... Why not think of marriage as a relationship based on equality, respect, and personal freedom, i.e. friendship? Could practicing truth, and trust, with humility and integrity, help reduce foul plays--including society’s reliance on femmes de joie, for example, heh? Well duh, d'oh, heck yeah! 

• • • 
@bananasutra #lyrics

[Verse 1]
Step right up to the paradox parade,
Where the morals they sell come double-edged blade.
They wag their fingers, legislate laws,
Then break ’em in private to polite applause.

It’s a sugar-spun circus, bananas on stage,
Where yes means no and restraint’s just a phrase.
Marriage or market, they blur the scene,
Stamp it “righteous”, don’t ask what it means.

[Chorus]
It’s an ethical paradox, an oxymoron maze,
They shame what they need, still demand it gets praise.
They swear it’s love, then they pay for the kiss,
Condemn the same trade they refuse to resist.

[Verse 2]
In the chapel it’s sacred, divinely endowed,
In the alley it’s vulgar, condemned out loud.
One buys a mattress, one buys a ring,
Different costumes, same bargaining.

They preach purity, polish the lie,
While need’s the product they monetize.
Suit and tie or a scarlet brand,
Same old hustle… supply, demand.

[Chorus]
It’s an ethical paradox, an oxymoron maze,
They shame what they need, still demand it gets praise.
They swear it’s love, then they pay for the kiss,
Condemn the same trade they refuse to resist.

[Bridge]
Here’s a riddle, let logic stew:
Who makes the crime, then blames it on you?
They build the cage, lock the lid,
Then curse the creature they forbid.

[Verse 3]
Russell saw it, cut clean through the fog,
Truth gets strangled by moral smog.
Love’s not a contract, priced or policed,
It’s a living thing begging for release.

Burn the scripts that barter the heart,
Let freedom finish what law couldn’t start.
No paradox, no moral sleight,
Just justice breathing in open light.

[Chorus]
It’s an ethical paradox, an oxymoron maze,
They shame what they need, still demand it gets praise.
They swear it’s love, then they pay for the kiss,
Condemn the same trade they refuse to resist.

[Outro]
Fold up the map, walk out the maze,
No room for riddles in love’s next phase.
The ethical circus packs up its tent,
Let truth be simple, that’s how it’s meant.
• • • 

* if you're doubting the veracity and value of Bertrand's kind and wise questions and observations, here's a fun fact for ya: marital r⭐︎pe was A-OK legal in almost ALL countries of the world, until the mid-90s?! (GASP)","aivoice,sunomusic,soulmatters,original lyrics,philosophy,music therapy",EPx2,Bilingual,"KNOWsutra : Bertrand (He Knows),PEACE CIRCUS,PIANOsutra,KNOWsutra,BURLESQUEsutra,Bible Gone Bananas",6,checked,public,checked,youtube,,New,,0B6HxsNkgf8
It's an Ethical Paradox • EPx2 • KNOWsutra (Bertrand Knows) Gipsy Burlesque JAZZ 🦉💭,It's An Ethical Paradox,L-116,checked,16:9,4,8:10,"Jazz, Music, Rock music",https://www.youtube.com/watch?v=MFOWBYybGD0,EP Compilation,JAZZ,BURLESQUE,"Piano,Voice",KNOWsutra,,,,,this starts with TRACK 6 ethical paradox (one of my most popular on soundcloud),2026-01-06,13,0,0,https://i.ytimg.com/vi/MFOWBYybGD0/maxresdefault.jpg,"00:00 Song 1
03:38 Song 2 

""It's an Ethical Paradox, an Oxymoron Maze"" is a gipsy jazz edit of a (dense) KNOWsutra (Bertrand Knows) song that still needs some distilling, and so here it flows… EPx2 is part of Vol. 2 EPx15 released on Souncloud, which wags its way from Burlesque Jazzzzzzzzz (1-10) to Gipsy LoFi (11-14) to Indie DUB (15)...

Lyrics inspired by Bertrand Russel's ""Marriage and Morals"", where he asked: ""Are prostitution and traditional marriage interconnected by hypocritical societal structures and discriminatory economic dependency?"" 

In this long essay/book, Bertrand fairly observes that marriage often prioritizes financial stability and social status over love, mirroring prostitution’s very transactional nature, and  critiques the rigidity of marital norms, such as lifelong exclusivity and fidelity, arguing it often stifle desires, and lead to unmet physical, emotional, and spiritual needs.

He makes bold statements: “Marriage is for women the commonest mode of livelihood, and the total amount of undesired sex endured by women is probably greater in marriage than in prostitution.” 

And asks brave questions: “What if pr0stituti0n was required as a societal “release valve” for repressed desires, existing mostly as the condemned counterpart to marriage?”

But(t) his point really is this: Why not think of marriage as a relationship based on equality, respect, and personal freedom, i.e. friendship? Could practicing truth, and trust, with humility and integrity, help reduce foul plays--including society’s reliance on femmes de joie, for example, heh? 

Well duh, d'oh, heck yeah!? And… if you're doubting the veracity and value of Bertrand's kind and wise questions and observations, here's a fun fact for ya: marital r⭐︎pe was A-OK legal in almost ALL countries of the world, until the mid-90s?! (GASP)

What if the very notion of ""ethical paradox"" was an absurd oxymoron that never seems to end indeed? #daretoponder

• • • 
@bananasutra #lyrics

[Verse 1]
Step right up to the paradox parade,
Where the morals they sell come double-edged blade.
They wag their fingers, legislate laws,
Then break ’em in private to polite applause.

It’s a sugar-spun circus, bananas on stage,
Where yes means no and restraint’s just a phrase.
Marriage or market, they blur the scene,
Stamp it “righteous”, don’t ask what it means.

[Chorus]
It’s an ethical paradox, an oxymoron maze,
They shame what they need, still demand it gets praise.
They swear it’s love, then they pay for the kiss,
Condemn the same trade they refuse to resist.

[Verse 2]
In the chapel it’s sacred, divinely endowed,
In the alley it’s vulgar, condemned out loud.
One buys a mattress, one buys a ring,
Different costumes, same bargaining.

They preach purity, polish the lie,
While need’s the product they monetize.
Suit and tie or a scarlet brand,
Same old hustle… supply, demand.

[Chorus]
It’s an ethical paradox, an oxymoron maze,
They shame what they need, still demand it gets praise.
They swear it’s love, then they pay for the kiss,
Condemn the same trade they refuse to resist.

[Bridge]
Here’s a riddle, let logic stew:
Who makes the crime, then blames it on you?
They build the cage, lock the lid,
Then curse the creature they forbid.

[Verse 3]
Russell saw it, cut clean through the fog,
Truth gets strangled by moral smog.
Love’s not a contract, priced or policed,
It’s a living thing begging for release.

Burn the scripts that barter the heart,
Let freedom finish what law couldn’t start.
No paradox, no moral sleight,
Just justice breathing in open light.

[Chorus]
It’s an ethical paradox, an oxymoron maze,
They shame what they need, still demand it gets praise.
They swear it’s love, then they pay for the kiss,
Condemn the same trade they refuse to resist.

[Outro]
Fold up the map, walk out the maze,
No room for riddles in love’s next phase.
The ethical circus packs up its tent,
Let truth be simple, that’s how it’s meant.
• • •",,EPx2,Bilingual,"KNOWsutra : Bertrand (He Knows),PEACE CIRCUS,BURLESQUEsutra,Bible Gone Bananas",4,checked,public,checked,youtube,,New,,MFOWBYybGD0
"It’s not AI, it’s the fact the concept of Ethical Paradox is now an oxymoron (said my gorilla face)",It's An Ethical Paradox,L-116,checked,16:9,4,4:01,"Knowledge, Pop music",https://www.youtube.com/watch?v=5OVbGUB8B5w,Music Video,JAZZ,BLUES,"Violin,Voice",KNOWsutra,,,,,,2024-12-26,11,,0,https://i.ytimg.com/vi/5OVbGUB8B5w/maxresdefault.jpg,"“Marriage is for women the commonest mode of livelihood, and the total amount of undesired sax endured by women is probably greater in marriage than in pr@stitution.”
— Bertrand Russell, Marriage and Morals, 20th century",,,EN,KNOWsutra : Bertrand (He Knows),1,,public,checked,youtube,,New,,5OVbGUB8B5w
Because justice matters and mathematicians can count…,It's An Ethical Paradox,L-116,checked,9:16,4,3:09,"Music, Pop music",https://www.youtube.com/watch?v=2vTZMNSuORk,Music Video,BLUES,DUB,Banjo,KNOWsutra,,,,,,2024-12-26,12,,0,https://i.ytimg.com/vi/2vTZMNSuORk/sddefault.jpg,"Because @_poetic.outlaws_ reminded me Bertrand is one of my all-time fav life Santa daddy 🦾🤩🎵 and philosophical musings in songs the best gift you never knew you wanted ha…

“Marriage is for women the commonest mode of livelihood, and the total amount of undesired s😲x endured by women is probably greater in marriage than in pr0stitution.”— Bertrand Russell, “Marriage and Morals”

Fun family holidays feminist history fact: marital 
r🫢pe was legally A-OK until the mid-90s, almost everywhere!",,,EN,"KNOWsutra : Bertrand (He Knows),BLOWsutra : REVOLT (Now)",2,,public,checked,youtube,,New,,2vTZMNSuORk
Unbranded LOFI LORES Bertrand Russel’s Hip Hop wisdom FTW 🎭,It's An Ethical Paradox,L-116,checked,16:9,2,3:20,"Music, Pop music",https://www.youtube.com/watch?v=ZxlkfZ4BN2M,Music Video,LOFI,JAZZ,Voice,KNOWsutra,,,,,,2024-12-26,9,,0,https://i.ytimg.com/vi/ZxlkfZ4BN2M/maxresdefault.jpg,"“Marriage is for women the commonest mode of livelihood, and the total amount of undesired sex endured by women is probably greater in marriage than in prostitution.”
— Bertrand Russell, Marriage and Morals",,,EN,KNOWsutra : Bertrand (He Knows),1,,public,checked,youtube,,New,,ZxlkfZ4BN2M
"“It’s War, My Friend” felon fun: the unapproved-by-congress U.S. Department rebranding cost ~ $2B 💥","It's War, My Friend",L-117,checked,9:16,4,1:01,Independent music,https://www.youtube.com/watch?v=wNU1k6ny8oY,Short/Reel,ROCK,,Bass,QUACKsutra,,,,checked,marge simpson rockin' it,2025-12-03,48,0,0,https://i.ytimg.com/vi/wNU1k6ny8oY/maxresdefault.jpg,,,,EN,"BLOWsutra : DUCK (Shady),ROCKsutra,BLOWsutra,FOTUS CIRCUS (Felon Of The United States),SHORTsutra Bananas Matter,Bible Gone Bananas",6,,public,checked,youtube,,New,,wNU1k6ny8oY
"“It’s War, My Friend” 💣‼️ DHS Chicago Operation Blitz is straight up WW2 Naz! Germany nomenclature","It's War, My Friend",L-117,checked,9:16,4,2:54,"Independent music, Pop music",https://www.youtube.com/watch?v=gSIaQC_QlFk,Music Video,LOFI,MANTRA,Voice,QUACKsutra,,,,,the bliztkrieg soldier (and her kitty),2025-09-09,197,0,0,https://i.ytimg.com/vi/gSIaQC_QlFk/maxresdefault.jpg,,,,EN,BLOWsutra : Apes Gone Wrong,1,,public,checked,youtube,,New,,gSIaQC_QlFk
"Jingoism is scary… and 74% of the world’s nations, many of them “democracies”, are now “autocratic”",Jingoism 101,L-342,checked,9:16,3,2:45,"Entertainment, Independent music, Pop music",https://www.youtube.com/watch?v=vZIEqgQmu4k,Music Video,LOFI,,Drum,QUACKsutra,,,,,"??? ""This issue is real dystopian""",2025-05-13,77,,1,https://i.ytimg.com/vi/vZIEqgQmu4k/maxresdefault.jpg,,,,EN,"BLOWsutra : REVOLT (Now),BLOWsutra,FOTUS CIRCUS (Felon Of The United States),SHORTsutra Bananas Matter,Bible Gone Bananas",5,,public,checked,youtube,,New,,vZIEqgQmu4k
Dog Gone (blue balls) Wicked,Jolly Poo,L-120,checked,16:9,3,3:01,"Independent music, Music, Pop music",https://www.youtube.com/watch?v=5WOBXVQRhAQ,Music Video,BURLESQUE,BLUES,Banjo,BLOWsutra,,,,,"me and my jolly dog, on the throne",2025-02-13,19,,0,https://i.ytimg.com/vi/5WOBXVQRhAQ/maxresdefault.jpg,@bananasutra lyrics gone wild,,,EN,"BOWsutra : (upward) DOGS,BANJOsutra,Bible Gone Bananas",3,,public,checked,youtube,,New,,5WOBXVQRhAQ
"Jolly Wicked Dawg, an old #BLOWsutra story",Jolly Poo,L-120,checked,16:9,3,3:19,"Music, Pop music",https://www.youtube.com/watch?v=xeqtMTAofKQ,Music Video,INDIE,"WORLD,BLUES",Banjo,BLOWsutra,,,,,"at the sutra newspaper stand, with that dog",2025-02-13,21,,0,https://i.ytimg.com/vi/xeqtMTAofKQ/maxresdefault.jpg,,,,EN,"BOWsutra : (upward) DOGS,FOLKsutra,BLOWsutra,BANJOsutra,Bible Gone Bananas",5,,public,checked,youtube,,New,,xeqtMTAofKQ
"Real gods are humble, curious, and kind—not pompous, envious, or righteous… all agnostics know THAT!",Kindness (Oh Sweet Kindness),L-127,checked,16:9,3,4:01,"Independent music, Music, Pop music, Religion",https://www.youtube.com/watch?v=CHCDS1cfVv4,Music Video,JAZZ,INDIE,"Upright Bass,Voice",GROWsutra,,,,,,2025-02-06,26,,0,https://i.ytimg.com/vi/CHCDS1cfVv4/maxresdefault.jpg,,,,EN,"GROWsutra: KIND(ness),PEACE CIRCUS,GROWsutra,JAZZsutra,LULLABIESsutra,Bible Gone Bananas",6,,public,checked,youtube,,New,,CHCDS1cfVv4
"Kindness is rooted in compassion, it is clear, brave, wise, it is mighty—the very opposite of weak 💕",Kindness (Oh Sweet Kindness),L-127,checked,16:9,5,3:05,"Lifestyle (sociology), Soul music",https://www.youtube.com/watch?v=8yRt0xH3fnc,Music Video,DUB,JAZZ,"Voice,Banjo",GROWsutra,,,,,in the music box paper dream (love that song:),2025-05-16,13,,0,https://i.ytimg.com/vi/8yRt0xH3fnc/maxresdefault.jpg,"Original ⁠⁠@bananasutra lyrics inspired by the comforting gratitude and awe I felt when reading Naomi’s wonderful “kindness” poem… 

Creator #freedomofspeech note:

How interesting 🤨 YT shows no existing tag for #bewoke really? Even now that Pope Leo keeps saying it??! Ain’t this strange? Yes. It is suspicious as hell, I dare say, hella unclear, aka very unkind…

For example, there is a tag for #wokeagenda but none for #fascistagenda and the likes? Oh okayyy. Is YT scared of being deported too? Why not dare being kinder, aka clearer, and at least clarify the arbitrary rules of the creators hashtags game? Im asking got everyone, because I am encountering countless subjective discrepancies, which are def not spelled out in creators / users terms, and so I’m afraid, objectively… do indeed indicate worrisome levels of corporate bias 🤯",,,EN,"GROWsutra: KIND(ness),PEACE CIRCUS,GROWsutra,JAZZsutra,Bible Gone Bananas",5,,public,checked,youtube,,New,,8yRt0xH3fnc
"Please be kind, like Apple customer service phone line said… #duhok #aimusic #blues #kindness",Kindness (Oh Sweet Kindness),L-127,checked,9:16,,2:03,Music,https://www.youtube.com/watch?v=nQqf0zi0Brs,Short/Reel,JAZZ,,Upright Bass,GROWsutra,,,,,,2025-02-06,15,,0,https://i.ytimg.com/vi/nQqf0zi0Brs/maxresdefault.jpg,,,,EN,"GROWsutra: KIND(ness),GROWsutra,JAZZsutra,SHORTsutra Bananas Matter,Bible Gone Bananas",5,,public,checked,youtube,,New,,nQqf0zi0Brs
Kindness Matters (more than ever...),Kindness (Oh Sweet Kindness),L-127,checked,9:16,3,2:53,"Lifestyle (sociology), Pop music",https://www.youtube.com/watch?v=54ENl2L8UOo,Short/Reel,DUB,,"Bass,Voice",GROWsutra,,,,,paper doll dream,2025-02-04,15,,0,https://i.ytimg.com/vi/54ENl2L8UOo/maxresdefault.jpg,"Did you know Apple (the company) recently added a ""Please be kind"" bit to their main customer service experience tree? I think that's awesome  and we should all say this more often, for realz!  Sadly tho, according to the Apple rep I discussed the ""please be kind"" addition with, this change was also the direct result of a notable increase in rude and hostile aka entitled customers behaviors towards agents. Sigh. Surprise , surprise! Now please tell me, do you think electing a fraudster graper (*) aka FOTUS significantly contributed to emboldenment of 'em bully bananas out there? Well, yeah, bro grab 'em by the huh heh you know (everybody knows)...
--
* quoting the fabulous Mexican President herself-- the only world leader with enough balls to call out the shocking, not to say insane double-standards Murica's moral values are based on.",,,EN,"GROWsutra: KIND(ness),PEACE CIRCUS,GROWsutra,DUBsutra,SHORTsutra Bananas Matter,Bible Gone Bananas",6,,public,checked,youtube,,New,,54ENl2L8UOo
"Please be kind, like all real winners—said an educated duck with benevolent sweetness #countrymusic",Kindness (Oh Sweet Kindness),L-127,checked,9:16,,0:16,Country music,https://www.youtube.com/watch?v=utaz0Tc2iwU,Commentary,INDIE,,,GROWsutra,,,,,,2025-02-06,31,,0,https://i.ytimg.com/vi/utaz0Tc2iwU/maxresdefault.jpg,,,,EN,"GROWsutra: KIND(ness),PEACE CIRCUS,FOLKsutra,SHORTsutra Bananas Matter",4,,public,checked,youtube,,New,,utaz0Tc2iwU
"Kindness, Oh Sweet Kindness 🌈🌥️ GROWsutra Kind(ness) Prayer for Brave and True Hearts (Only)",Kindness (Oh Sweet Kindness),L-127,checked,16:9,4,3:15,"Electronic music, Independent music, Music, Pop music, Religion",https://www.youtube.com/watch?v=-NHkXyWo4M0,Music Video,INDIE,JAZZ,"Upright Bass,Voice",GROWsutra,,,,checked,the rainbow and flower headpiece in the desert,2025-12-17,9,0,0,https://i.ytimg.com/vi/-NHkXyWo4M0/maxresdefault.jpg,"“Kindness, Oh Sweet Kindness” is one indie song variation of several songs on one of my dearest agnostic prayer topic, with #originallyrics inspired by a poem from Naomi Shihab Nye:

[Verse 1]
Before you know what kindness is,
You must lose things, oh you see,
Feel the future dissolve away,
Like salt in a weakened sea.

[Chorus]
Kindness, oh sweet kindness,
Burns so deep inside,
You give me kindness, kindness
Through sorrow you can’t hide.

[Verse 2]
What you counted, what you held,
Gone like dust into the breeze.
You thought you’d ride forever,
But kindness drops your knees.

[Chorus]
Kindness, oh sweet kindness,
It’s a fire in the soul,
You give me kindness, kindness
Makes this broken heart whole.

[Bridge]
Before you feel it, it’s pain you’ll know,
The depth of sorrow makes it grow.
Kindness becomes the only thing,
That’s lifting you, like a feather’s wing.

[Verse 3]
Then kindness wraps its gentle hands,
Around your worn-out shoes,
Sends you out into the world,
Where only kindness blooms.

[Chorus]
Kindness, oh sweet kindness,
Burns so deep inside,
You give me kindness, kindness
A shadow by your side.

—
#philosophyoflife #kindnessmatters #suno5 #aivoiceover #psychedelicjourney",,,EN,"GROWsutra: KIND(ness),PEACE CIRCUS,LOFIsutra,Bible Gone Bananas",4,,public,checked,youtube,,New,,-NHkXyWo4M0
"PSA: happiness is kind… Kindness lyrics ©️ BananaSutra, a song inspired by Naomi Shihab Nye’s poem.",Kindness (Oh Sweet Kindness),L-127,checked,16:9,4,3:09,"Independent music, Music, Pop music",https://www.youtube.com/watch?v=eaq2msyomYo,Music Video,BLUES,FOLK,"Banjo,Voice",GROWsutra,,,,,,2025-02-06,25,,0,https://i.ytimg.com/vi/eaq2msyomYo/maxresdefault.jpg,"Kids, please watch out for the toxic bull out there, it’s trending! I’m suddenly seeing more random, unapologetic fascist content suddenly being recommended across my social feeds, often masquerading as righteous philosophical and economical knowledge—don’t let’ em mean bastards fool you with lies….

I think it’s fair to say a new era of corporate fascism has officially started, and THAT is NO JOKE. Despite what Uncle Sam and the capitalist brainwash that is your social (now commercial) feed want you to believe, corporate “success” does not equate to “intelligence”, much to the contrary, unfortunately. Elon’s success, for example, only proves he’s a coucou twat… A nasty bird defined by cocksure opportunism (like his current boss), who chased fame and wealth motivated by pathological desires of proving his criminal father wrong, and delusional fantasies of world domination. Dolon Trusk is not a “smart” guy here to save planet earth from gas emissions,Nah! That fool is simply fulfilling his primal world-domination dynasty fantasies, while breeding all the babies he can—which has nothing to do with progress, humanity, or kindness, i.e. genuine intelligence… unless Holy Machiavelli is your daddy, yo?!

So, what I’m saying is take care of your soul, dear. Please beware of ignorance, call out malevolence, their shallow truths are cold, dark, and toxic thoughts—or you’ll never, GROW, flow, GLOW, and BOW… This is what the songs of the bananasutra bible are all about—to help us remember what actually matters, to be safe and happy together 🍌💨

—

Original bananasutra song inspired by the poem “Kindness”—Naomi Shihab Nye (1952). Here’s the original poem:

Before you know what kindness really is
you must lose things,
feel the future dissolve in a moment
like salt in a weakened broth.
What you held in your hand,
what you counted and carefully saved,
all this must go so you know
how desolate the landscape can be
between the regions of kindness.
How you ride and ride
thinking the bus will never stop,
the passengers eating maize and chicken
will stare out the window forever.

Before you learn the tender gravity of kindness
you must travel where the Indian in a white poncho
lies dead by the side of the road.
You must see how this could be you,
how he too was someone
who journeyed through the night with plans
and the simple breath that kept him alive.

Before you know kindness as the deepest thing inside,
you must know sorrow as the other deepest thing.
You must wake up with sorrow.
You must speak to it till your voice
catches the thread of all sorrows
and you see the size of the cloth.
Then it is only kindness that makes sense anymore,
only kindness that ties your shoes
and sends you out into the day to gaze at bread,
only kindness that raises its head
from the crowd of the world to say
It is I you have been looking for,
and then goes with you everywhere
like a shadow or a friend.

Original poem provided for educational purpose Copyright © 1995 by Naomi Shihab Nye.",,,EN,"GROWsutra: KIND(ness),GROWsutra,BLUESsutra,BANJOsutra,Bible Gone Bananas",5,,public,checked,youtube,,New,,eaq2msyomYo
"Kiss a Pulse • GLOWsutra Gipsy Smoky Sultry Psychedelic JAZZ, inspired by Lucille Clifton’s Poetry ✨",Kiss A Pulse,L-129,checked,9:16,4,2:58,"Jazz, Music, Pop music",https://www.youtube.com/watch?v=JsqARSoj8p0,Music Video,JAZZ,,Piano,FLOWsutra,,,,,the david lynch living room dream,2026-03-02,33,0,0,https://i.ytimg.com/vi/JsqARSoj8p0/maxresdefault.jpg,"“Kiss a Pulse” is a GLOWsutra (Poetry) song inspired by a luminous Lucille Clifton’s quote I adore: 
“Many people wish to be poets because they wish to wear the title, but one should wish to celebrate more than one wishes to be celebrated.” 

It’s like a tender, psychedelic cabaret dream wrapped in sultry smoke drifting through indie bluesy Gipsy LoFi Dub Jazz, anchored in a hypnotic upright bass that beats like a second heart. The lyrics use playfool alliterations (like I like) and quirky iambic turns, inviting you to taste the sound, blush at the mystery (the deeper the butter:), and let the music move through your marrow instead of your ego—not wearing words, but breathing the rhythm, not chasing vain applause, but savoring plain awe... Blessed be the songs in our bones ✨

—
@bananasutra “Kiss a Pulse” #lyrics

[Verse 1]
So many dream of poet’s fame,
Celebrate names like some lame game,
Wearing words like ego prizes…
But joy is awe, not disguises.

[Chorus]
Who writes the rain, or signs the sky?
Who dreams needing a reason why?
Blush deep, kiss a pulse, hum a song,
Feel the flavors roll off your tongue.

[Verse 2]
To want a name is not enough,
To love your life, breathe in the rough.
It can’t be faked, to live the beat,
Taste the rhythm, embrace the sweet.

[Chorus]
Who writes the rain, or signs the sky?
Who dreams needing a reason why?
Blush deep, kiss a pulse, hum a song,
Feel the flavors roll off your tongue.

[Bridge]
Why claim titles, rather than dance?
Seek magic truths, imagine chance…
Each breath’s a rhyme, each stumble, art,
Nurture ‘em sparkles in your heart.

[Outro]
Be the poem, feel its grace,
Explore shadows, shine in space,
Forget titles, laughing at thrones…
Blessed be the song in our bones.
—

Fool EPx16 released on #soundcloud and flows:
❯ Sultry JAZZ (1-2)
❯ Gipsy LOFI (3-5)
❯ Dreamy DUB (6-10)
❯ Indie BURLESQUE (11-14)
❯ Smoky BLUES (15-16)","Gipsy Jazz,Psychedelic LoFi,Acoustic Dub,Lucille Clifton,Celebrate,Humility,Poetry is Magic,Smoky Blues",,EN,"GLOWsutra : POET(ry),GLOWsutra,PEACE CIRCUS,JAZZsutra,Bible Gone Bananas",5,checked,public,checked,youtube,,New,,JsqARSoj8p0
L'Embobinage (d'après Carl Sagan) • French GROWsutra Peace Fusion Indie LoFi Music,L’Embobinage,L-131,checked,16:9,4,3:00,"Electronic music, Independent music, Music, Pop music",https://www.youtube.com/watch?v=88k0loq69_c,Music Video,LOFI,JAZZ,"Bass,Voice",BLOWsutra,,,,checked,the red chair tv in the middle of foggy nowhere,2025-09-30,26,0,0,https://i.ytimg.com/vi/88k0loq69_c/maxresdefault.jpg,"This is a #french (my mother tongue) song for those who’d rather be awake than reassured—the ones who’d rather KNOW & GROW than BLOW & SHOW blindly, even if “Some Truths Are Harder to Swallow” 🍌💦  i.e. my BJ (banana joke:) sister-song of “L’Embobinage”… 

The original @bananasutra lyrics are inspired by one of #carlsagan most haunting and relevant psychological insight: 

“One of the saddest lessons of history is this: 
If we’ve been bamboozled long enough, we tend to reject any evidence of the bamboozle. We’re no longer interested in finding the truth. The bamboozle has captured us. It’s simply too painful to acknowledge (even to ourselves) that we’ve been taken. Once you give a charlatan power over you, you almost never get it back.”

“Une des leçons les plus tristes de l'histoire est celle-ci: si nous avons été embobinés assez longtemps, nous avons tendance à rejeter toute preuve de l'embobinage. Nous ne sommes plus intéressés à découvrir la vérité. L'embobinage nous a capturés. Il est tout simplement trop douloureux de reconnaître, même pour nous-mêmes, que nous avons été dupés. Une fois que vous donnez du pouvoir à un charlatan sur vous, vous ne le récupérez presque jamais.”

It’s a story rooted in the #growsutra spirit: a (my) philosophy of fierce compassion, where curiosity is stronger than comfort, where questioning is a form of kindness, and where truth, though sometimes bitter, is ultimately the beginning of healing.

—
“L’Embobinage” #bananasutracabaret Lyrics ™️

[Verse 1]
Une des leçons les plus tristes de l’histoire,
Est celle-ci, Carl Sagan nous a dit,
Embobinés depuis longtemps, c’est illusoire,
Chercher la vérité, c’est si troublant,

[Chorus]
L’embobinage nous a pris,
Trop douloureux, la vérité,
Nous avons été trahis,
Le charlatan a pris pied,

[Verse 2]
Difficile de reconnaître,
Que nous avons été dupés,
Le pouvoir au charlatan,
Jamais récupéré,

[Chorus]
L’embobinage nous a pris,
Trop douloureux, la vérité,
Nous avons été trahis,
Le charlatan a pris pied,

[Outro]
La vérité, toujours elusive,
Nous sommes capturés, l’embobinage nous tient,
Le charlatan règne, et nous restons perdus.
—

EPx17 available for free download on #soundcloud #suno5 #aivoiceover #philosophymatters #historyfacts #bamboozle",,,Bilingual,"GROWsutra,FRENCHsutra,LOFIsutra,Bible Gone Bananas",4,,public,checked,youtube,,New,,88k0loq69_c
L’embobinage 🥸 Carl Sagan inspired GROWsutra World Peace Fusion Music 🎶,L’Embobinage,L-131,checked,9:16,4,2:51,"Electronic music, Independent music, Music",https://www.youtube.com/watch?v=3nXA-2Gq-FI,Music Video,INDIE,"MANTRA,LOFI","Banjo,Voice,Accordion",BLOWsutra,,,,checked,dual tvs face-offs,2025-09-30,14,0,0,https://i.ytimg.com/vi/3nXA-2Gq-FI/maxresdefault.jpg,"⁠This is a story rooted in the GROWsutra spirit: a philosophy of fierce compassion, where curiosity is stronger than comfort, where questioning is a form of kindness, and where truth, though sometimes bitter, is ultimately the beginning of healing…

@bananasutra lyrics inspired by one of Carl Sagan’s most haunting psychological insights: 

“One of the saddest lessons of history is this: 
If we’ve been bamboozled long enough, we tend to reject any evidence of the bamboozle. We’re no longer interested in finding the truth. The bamboozle has captured us. It’s simply too painful to acknowledge (even to ourselves) that we’ve been taken. Once you give a charlatan power over you, you almost never get it back.”

“Une des leçons les plus tristes de l'histoire est celle-ci: si nous avons été embobinés assez longtemps, nous avons tendance à rejeter toute preuve de l'embobinage. Nous ne sommes plus intéressés à découvrir la vérité. L'embobinage nous a capturés. Il est tout simplement trop douloureux de reconnaître, même pour nous-mêmes, que nous avons été dupés. Une fois que vous donnez du pouvoir à un charlatan sur vous, vous ne le récupérez presque jamais.”

—
Lyrics: 

[Verse 1]
Une des leçons les plus tristes de l’histoire,
Est celle-ci, Carl Sagan nous a dit,
Embobinés depuis longtemps, c’est illusoire,
Chercher la vérité, c’est si troublant,

[Chorus]
L’embobinage nous a pris,
Trop douloureux, la vérité,
Nous avons été trahis,
Le charlatan a pris pied,

[Verse 2]
Difficile de reconnaître,
Que nous avons été dupés,
Le pouvoir au charlatan,
Jamais récupéré,

[Chorus]
L’embobinage nous a pris,
Trop douloureux, la vérité,
Nous avons été trahis,
Le charlatan a pris pied,

[Outro]
La vérité, toujours elusive,
Nous sommes capturés, l’embobinage nous tient,
Le charlatan règne, et nous restons perdus.",,,Bilingual,"PEACE CIRCUS,GROWsutra,LOFIsutra,Bible Gone Bananas",4,,public,checked,youtube,,New,,3nXA-2Gq-FI
"“La Force Douce” EPx3 ~ GROWsutra World Peace LoFi French Fusion Musique, de la rivière de mon cœur",La Force Douce,L-132,checked,16:9,4,9:25,"Electronic music, Music",https://www.youtube.com/watch?v=DUDcZH7UGhw,EP Compilation,LOFI,,"Bass,Drum,Voice",GROWsutra,,,,,"the jungle wave, gipsy world peave fusion music",2025-10-07,21,0,0,https://i.ytimg.com/vi/DUDcZH7UGhw/maxresdefault.jpg,"00:00 World Peace LOFI Fusion song 1
03:17 World Peace LOFI Fusion song 2
06:26 World Peace LOFI Fusion song 3

“La Force Douce” is the opposite of “Brutal Force”, and my dearest wish is #worldpeace (thank god for sweet dreams ha;)

Artistic expression ain’t a skill, or an asset, it’s a gift! It ain’t about ego, nor fame, or #godforbid money, #corporatebranding or #copyrights it ain’t even really about hard work, nor what buttons one pushes, or what strings one plucks—it is about intentional exploration, about pulling the invisible yet super awesome magic strings only brave pure loving #souls dare to share, as we leap forward, trusting we’re all here to learn aka evolve, grateful we’re all born equal, as divinely mighty as fragile, i.e. #human 💌🎼✨

“La Force Douce” @itsbananasutra #lyrics 

[Couplet 1]
Il faut être bien malheureux 
pour semer la douleur sans raison,
pour étouffer la lumière d’un cœur 
par simple trahison.

Mais moi j’ai vu que la paix, 
c’est pas la fuite ni la peur,
c’est un feu tranquille, 
un courage qui guérit nos rancœurs.

[Pré-refrain]
Ils disent que la bonté c’est faible, 
moi je dis c’est divin,
regarde les rivières: 
elles creusent la pierre, 
sans jamais lever la main.

[Refrain]
Bananasutra 
chante la force douce,
celle qui choisit d’aimer 
quand tout s’écroule autour.

Bananasutra, 
les âmes justes avancent nues,
intègres, vulnérables, 
mais debout jusqu’au bout.

[Couplet 2]
Il faut être bien audacieux 
pour parler vrai sans armure,
montrer ses cicatrices 
comme des fleurs sous la blessure.

Justice, ce n’est pas la vengeance, 
c’est l’équilibre des vents,
où chacun gagne en donnant, 
où l’humain devient vivant.

[Pont]
Quand le monde crie “gagne seul”, 
je réponds “gagnons ensemble”,
le futur n’est pas une guerre, 
c’est un chant qu’on assemble.

L’amour n’est pas dangereux, 
c’est la seule loi qui sauve,
et la tendresse, 
c’est l’arme des braves.

[Refrain]
Bananasutra, dans le feu des jours,
tu gardes la foi, tu redonnes l’amour.
Bananasutra, même au bord du monde,
ta paix rayonne, et jamais ne succombe.

[Outro]
Il faut être bien pernicieux 
pour punir sans comprendre,
mais il faut être divinement fou 
pour continuer d’aimer tendre.

—

""The Gentle Force”

[Verse 1]
You have to be very unhappy
To sow pain for no reason,
To stifle the light of a heart
By simple betrayal.

But I saw that peace,
It's not flight or fear,
It's a quiet fire,
A courage that heals our grudges.

[Pre-crorus]
They say that goodness is weak,
I say it's divine,
Look at the rivers:
They dig the stone,
Without ever raising your hand.

[Chorus]
Bananasutra
Sings the gentle force,
The one who chooses to love
When everything collapses around.

Bananasutra,
The righteous souls advance naked,
Honest, vulnerable,
But standing until the end.

[Verse 2]
You have to be very bold
To speak the truth without armor,
Show your scars
Like flowers under the wound.

Justice is not revenge,
It's the balance of the winds,
Where everyone wins by giving,
Where the human becomes alive.

[Bridge]
When the world shouts ""win alone"",
I answer ""we win together"",
The future is not a war,
It's a song that we put together.

Love is not dangerous,
It's the only law that saves,
And tenderness,
It's the weapon of the brave.

[Chorus]
Bananasutra, in the fire of days,
You keep the faith, you give back the love.
Bananasutra, even at the edge of the world,
Your peace radiates, and never succumbs.

[Outro]
You have to be very pernicious
To punish without understanding,
But you have to be divinely crazy
To continue to love tender.

😽🍌

#originalsong #peaceprayer #suno5 #aivoiceover  #softisstrong",,EPx3,Bilingual,"PEACE CIRCUS,GROWsutra,FRENCHsutra,LOFIsutra,Bible Gone Bananas",5,,public,checked,youtube,,New,,DUDcZH7UGhw
“La Force Douce” Flamenco #duendereal—a French protest peace song against moronic #bruteforce 🇺🇸🎼,La Force Douce,L-132,checked,9:16,3,2:01,"Music, Music of Latin America",https://www.youtube.com/watch?v=GEzNyp0PFhQ,Short/Reel,WORLD,INDIE,"Voice,Guitar",GROWsutra,,,,,flamenco duende dream tv,2025-10-07,226,0,0,https://i.ytimg.com/vi/GEzNyp0PFhQ/maxresdefault.jpg,"Porque en vrai, la force douce, c’est tellement plus puissant que la force brutale 📺 #trustme #dreammatter #peaceprayer #enfrançais 

Can you feel it?… 🌸

“La Force Douce” @bananasutra #lyricsmatter 

[Couplet 1]
Il faut être bien malheureux 
pour semer la douleur sans raison,
pour étouffer la lumière d’un cœur 
par simple trahison.

Mais moi j’ai vu que la paix, 
c’est pas la fuite ni la peur,
c’est un feu tranquille, 
un courage qui guérit nos rancœurs.

[Pré-refrain]
Ils disent que la bonté c’est faible, 
moi je dis c’est divin,
regarde les rivières: 
elles creusent la pierre, 
sans jamais lever la main.

[Refrain]
Bananasutra 
chante la force douce,
celle qui choisit d’aimer 
quand tout s’écroule autour.

Bananasutra, 
les âmes justes avancent nues,
intègres, vulnérables, 
mais debout jusqu’au bout.

[Couplet 2]
Il faut être bien audacieux 
pour parler vrai sans armure,
montrer ses cicatrices 
comme des fleurs sous la blessure.

Justice, ce n’est pas la vengeance, 
c’est l’équilibre des vents,
où chacun gagne en donnant, 
où l’humain devient vivant.

[Pont]
Quand le monde crie “gagne seul”, 
je réponds “gagnons ensemble”,
le futur n’est pas une guerre, 
c’est un chant qu’on assemble.

L’amour n’est pas dangereux, 
c’est la seule loi qui sauve,
et la tendresse, 
c’est l’arme des braves.

[Refrain]
Bananasutra, dans le feu des jours,
tu gardes la foi, tu redonnes l’amour.
Bananasutra, même au bord du monde,
ta paix rayonne, et jamais ne succombe.

[Outro]
Il faut être bien pernicieux 
pour punir sans comprendre,
mais il faut être divinement fou 
pour continuer d’aimer tendre.

—

""The Gentle Force” (unedited #googletranslate)

[Verse 1]
You have to be very unhappy
To sow pain for no reason,
To stifle the light of a heart
By simple betrayal.

But I saw that peace,
It's not flight or fear,
It's a quiet fire,
A courage that heals our grudges.

[Pre-crorus]
They say that goodness is weak,
I say it's divine,
Look at the rivers:
They dig the stone,
Without ever raising your hand.

[Chorus]
Bananasutra
Sings the gentle force,
The one who chooses to love
When everything collapses around.

Bananasutra,
The righteous souls advance naked,
Honest, vulnerable,
But standing until the end.

[Verse 2]
You have to be very bold
To speak the truth without armor,
Show your scars
Like flowers under the wound.

Justice is not revenge,
It's the balance of the winds,
Where everyone wins by giving,
Where the human becomes alive.

[Bridge]
When the world shouts ""win alone"",
I answer ""we win together"",
The future is not a war,
It's a song that we put together.

Love is not dangerous,
It's the only law that saves,
And tenderness,
It's the weapon of the brave.

[Chorus]
Bananasutra, in the fire of days,
You keep the faith, you give back the love.
Bananasutra, even at the edge of the world,
Your peace radiates, and never succumbs.

[Outro]
You have to be very pernicious
To punish without understanding,
But you have to be divinely crazy
To continue to love tender.

🙏",,,Bilingual,"PEACE CIRCUS,GROWsutra,FRENCHsutra,Bible Gone Bananas",4,,public,checked,youtube,,New,,GEzNyp0PFhQ
“La Force Douce” 💃🏻 EPx3 Flamenco Coquelicots Duende River Dream Edition 🎵,La Force Douce,L-132,checked,16:9,4,11:28,"Music, Music of Latin America",https://www.youtube.com/watch?v=6XGgHEKhKXA,EP Compilation,INDIE,WORLD,"Guitar,Voice",GROWsutra,,,,,pink tv dream,2025-10-07,17,0,0,https://i.ytimg.com/vi/6XGgHEKhKXA/maxresdefault.jpg,"00:00 La Force Douce Gipsy Dream 1
03:54 La Force Douce Gipsy Dream 2
07:39 La Force Douce Gipsy Dream 3

Porque en vrai, la force douce, c’est tellement plus puissant que la force brutale 📺 #trustme #dreammatter #peaceprayer #enfrançais 

Can you feel it?… 🌸

“La Force Douce” @bananasutra #lyricsmatter 

[Couplet 1]
Il faut être bien malheureux 
pour semer la douleur sans raison,
pour étouffer la lumière d’un cœur 
par simple trahison.

Mais moi j’ai vu que la paix, 
c’est pas la fuite ni la peur,
c’est un feu tranquille, 
un courage qui guérit nos rancœurs.

[Pré-refrain]
Ils disent que la bonté c’est faible, 
moi je dis c’est divin,
regarde les rivières: 
elles creusent la pierre, 
sans jamais lever la main.

[Refrain]
Bananasutra 
chante la force douce,
celle qui choisit d’aimer 
quand tout s’écroule autour.

Bananasutra, 
les âmes justes avancent nues,
intègres, vulnérables, 
mais debout jusqu’au bout.

[Couplet 2]
Il faut être bien audacieux 
pour parler vrai sans armure,
montrer ses cicatrices 
comme des fleurs sous la blessure.

Justice, ce n’est pas la vengeance, 
c’est l’équilibre des vents,
où chacun gagne en donnant, 
où l’humain devient vivant.

[Pont]
Quand le monde crie “gagne seul”, 
je réponds “gagnons ensemble”,
le futur n’est pas une guerre, 
c’est un chant qu’on assemble.

L’amour n’est pas dangereux, 
c’est la seule loi qui sauve,
et la tendresse, 
c’est l’arme des braves.

[Refrain]
Bananasutra, dans le feu des jours,
tu gardes la foi, tu redonnes l’amour.
Bananasutra, même au bord du monde,
ta paix rayonne, et jamais ne succombe.

[Outro]
Il faut être bien pernicieux 
pour punir sans comprendre,
mais il faut être divinement fou 
pour continuer d’aimer tendre.

—

""The Gentle Force” (unedited #googletranslate)

[Verse 1]
You have to be very unhappy
To sow pain for no reason,
To stifle the light of a heart
By simple betrayal.

But I saw that peace,
It's not flight or fear,
It's a quiet fire,
A courage that heals our grudges.

[Pre-crorus]
They say that goodness is weak,
I say it's divine,
Look at the rivers:
They dig the stone,
Without ever raising your hand.

[Chorus]
Bananasutra
Sings the gentle force,
The one who chooses to love
When everything collapses around.

Bananasutra,
The righteous souls advance naked,
Honest, vulnerable,
But standing until the end.

[Verse 2]
You have to be very bold
To speak the truth without armor,
Show your scars
Like flowers under the wound.

Justice is not revenge,
It's the balance of the winds,
Where everyone wins by giving,
Where the human becomes alive.

[Bridge]
When the world shouts ""win alone"",
I answer ""we win together"",
The future is not a war,
It's a song that we put together.

Love is not dangerous,
It's the only law that saves,
And tenderness,
It's the weapon of the brave.

[Chorus]
Bananasutra, in the fire of days,
You keep the faith, you give back the love.
Bananasutra, even at the edge of the world,
Your peace radiates, and never succumbs.

[Outro]
You have to be very pernicious
To punish without understanding,
But you have to be divinely crazy
To continue to love tender.

🙏",,EPx3,Bilingual,"PEACE CIRCUS,GROWsutra,FRENCHsutra,Bible Gone Bananas",4,,public,checked,youtube,,New,,6XGgHEKhKXA
La Force Douce (c’est tellement mieux que la force brutale) 🌊🎵 French GROWsutra Gipsy Indie Dream,La Force Douce,L-132,checked,16:9,4,3:20,"Independent music, Music, Pop music, Rock music",https://www.youtube.com/watch?v=-tQ9X4g8RDA,Music Video,WORLD,LOFI,"Bass,Voice,Drum",GROWsutra,,,,checked,surreal beach tv cartoon watching tv,2025-10-14,7,0,0,https://i.ytimg.com/vi/-tQ9X4g8RDA/maxresdefault.jpg,"“La Force Douce” @bananasutra #french #lyrics 

[Couplet 1]
Il faut être bien malheureux 
pour semer la douleur sans raison,
pour étouffer la lumière d’un cœur 
par simple trahison.

Mais moi j’ai vu que la paix, 
c’est pas la fuite ni la peur,
c’est un feu tranquille, 
un courage qui guérit nos rancœurs.

[Pré-refrain]
Ils disent que la bonté c’est faible, 
moi je dis c’est divin,
regarde les rivières: 
elles creusent la pierre, 
sans jamais lever la main.

[Refrain]
Bananasutra 
chante la force douce,
celle qui choisit d’aimer 
quand tout s’écroule autour.

Bananasutra, 
les âmes justes avancent nues,
intègres, vulnérables, 
mais debout jusqu’au bout.

[Couplet 2]
Il faut être bien audacieux 
pour parler vrai sans armure,
montrer ses cicatrices 
comme des fleurs sous la blessure.

Justice, ce n’est pas la vengeance, 
c’est l’équilibre des vents,
où chacun gagne en donnant, 
où l’humain devient vivant.

[Pont]
Quand le monde crie “gagne seul”, 
je réponds “gagnons ensemble”,
le futur n’est pas une guerre, 
c’est un chant qu’on assemble.

L’amour n’est pas dangereux, 
c’est la seule loi qui sauve,
et la tendresse, 
c’est l’arme des braves.

[Refrain]
Bananasutra, dans le feu des jours,
tu gardes la foi, tu redonnes l’amour.
Bananasutra, même au bord du monde,
ta paix rayonne, et jamais ne succombe.

[Outro]
Il faut être bien pernicieux 
pour punir sans comprendre,
mais il faut être divinement fou 
pour continuer d’aimer tendre.

—

""The Gentle Force”

[Verse 1]
You have to be very unhappy
To sow pain for no reason,
To stifle the light of a heart
By simple betrayal.

But I saw that peace,
It's not flight or fear,
It's a quiet fire,
A courage that heals our grudges.

[Pre-crorus]
They say that goodness is weak,
I say it's divine,
Look at the rivers:
They dig the stone,
Without ever raising your hand.

[Chorus]
Bananasutra
Sings the gentle force,
The one who chooses to love
When everything collapses around.

Bananasutra,
The righteous souls advance naked,
Honest, vulnerable,
But standing until the end.

[Verse 2]
You have to be very bold
To speak the truth without armor,
Show your scars
Like flowers under the wound.

Justice is not revenge,
It's the balance of the winds,
Where everyone wins by giving,
Where the human becomes alive.

[Bridge]
When the world shouts ""win alone"",
I answer ""we win together"",
The future is not a war,
It's a song that we put together.

Love is not dangerous,
It's the only law that saves,
And tenderness,
It's the weapon of the brave.

[Chorus]
Bananasutra, in the fire of days,
You keep the faith, you give back the love.
Bananasutra, even at the edge of the world,
Your peace radiates, and never succumbs.

[Outro]
You have to be very pernicious
To punish without understanding,
But you have to be divinely crazy
To continue to love tender.

😽🍌",,,Bilingual,"PEACE CIRCUS,GROWsutra,FRENCHsutra,Bible Gone Bananas",4,,public,checked,youtube,,New,,-tQ9X4g8RDA
La Force Douce (matters) 🍟🍌 Surreal French Freedom Fries GROWsutra World Peace Fusion Banana Dream,La Force Douce,L-132,checked,16:9,4,3:11,"Music, Pop music",https://www.youtube.com/watch?v=q7leV7mZ9Bo,Music Video,WORLD,LOFI,"Guitar,Voice",GROWsutra,,,,checked,trippy paper collage mama,2025-10-14,7,0,0,https://i.ytimg.com/vi/q7leV7mZ9Bo/maxresdefault.jpg,"“La Force Douce” @itsbananasutra #lyrics 

[Couplet 1]
Il faut être bien malheureux 
pour semer la douleur sans raison,
pour étouffer la lumière d’un cœur 
par simple trahison.

Mais moi j’ai vu que la paix, 
c’est pas la fuite ni la peur,
c’est un feu tranquille, 
un courage qui guérit nos rancœurs.

[Pré-refrain]
Ils disent que la bonté c’est faible, 
moi je dis c’est divin,
regarde les rivières: 
elles creusent la pierre, 
sans jamais lever la main.

[Refrain]
Bananasutra 
chante la force douce,
celle qui choisit d’aimer 
quand tout s’écroule autour.

Bananasutra, 
les âmes justes avancent nues,
intègres, vulnérables, 
mais debout jusqu’au bout.

[Couplet 2]
Il faut être bien audacieux 
pour parler vrai sans armure,
montrer ses cicatrices 
comme des fleurs sous la blessure.

Justice, ce n’est pas la vengeance, 
c’est l’équilibre des vents,
où chacun gagne en donnant, 
où l’humain devient vivant.

[Pont]
Quand le monde crie “gagne seul”, 
je réponds “gagnons ensemble”,
le futur n’est pas une guerre, 
c’est un chant qu’on assemble.

L’amour n’est pas dangereux, 
c’est la seule loi qui sauve,
et la tendresse, 
c’est l’arme des braves.

[Refrain]
Bananasutra, dans le feu des jours,
tu gardes la foi, tu redonnes l’amour.
Bananasutra, même au bord du monde,
ta paix rayonne, et jamais ne succombe.

[Outro]
Il faut être bien pernicieux 
pour punir sans comprendre,
mais il faut être divinement fou 
pour continuer d’aimer tendre.",,,FR,"PEACE CIRCUS,GROWsutra,FRENCHsutra,LOFIsutra,Bible Gone Bananas",5,,public,checked,youtube,,New,,q7leV7mZ9Bo
"Bananasutra, c’est “La Force Douce” 🎤🥰 #worldpeace French Gipsy LoFi Fusion #prayerwarrior #music",La Force Douce,L-132,checked,9:16,3,3:00,"Independent music, Music, Pop music",https://www.youtube.com/watch?v=pVWHBbx2HKM,Short/Reel,LOFI,WORLD,"Bass,Voice",GROWsutra,,,,checked,smily celine with ana accordion even though the tracks has no accordion :),2025-10-07,20,0,1,https://i.ytimg.com/vi/pVWHBbx2HKM/maxresdefault.jpg,"“La Force Douce” @bananasutra #lyrics 

[Couplet 1]
Il faut être bien malheureux 
pour semer la douleur sans raison,
pour étouffer la lumière d’un cœur 
par simple trahison.

Mais moi j’ai vu que la paix, 
c’est pas la fuite ni la peur,
c’est un feu tranquille, 
un courage qui guérit nos rancœurs.

[Pré-refrain]
Ils disent que la bonté c’est faible, 
moi je dis c’est divin,
regarde les rivières: 
elles creusent la pierre, 
sans jamais lever la main.

[Refrain]
Bananasutra 
chante la force douce,
celle qui choisit d’aimer 
quand tout s’écroule autour.

Bananasutra, 
les âmes justes avancent nues,
intègres, vulnérables, 
mais debout jusqu’au bout.

[Couplet 2]
Il faut être bien audacieux 
pour parler vrai sans armure,
montrer ses cicatrices 
comme des fleurs sous la blessure.

Justice, ce n’est pas la vengeance, 
c’est l’équilibre des vents,
où chacun gagne en donnant, 
où l’humain devient vivant.

[Pont]
Quand le monde crie “gagne seul”, 
je réponds “gagnons ensemble”,
le futur n’est pas une guerre, 
c’est un chant qu’on assemble.

L’amour n’est pas dangereux, 
c’est la seule loi qui sauve,
et la tendresse, 
c’est l’arme des braves.

[Refrain]
Bananasutra, dans le feu des jours,
tu gardes la foi, tu redonnes l’amour.
Bananasutra, même au bord du monde,
ta paix rayonne, et jamais ne succombe.

[Outro]
Il faut être bien pernicieux 
pour punir sans comprendre,
mais il faut être divinement fou 
pour continuer d’aimer tendre.

—

""The Gentle Force” (unedited G-Translation)

[Verse 1]
You have to be very unhappy
To sow pain for no reason,
To stifle the light of a heart
By simple betrayal.

But I saw that peace,
It's not flight or fear,
It's a quiet fire,
A courage that heals our grudges.

[Pre-crorus]
They say that goodness is weak,
I say it's divine,
Look at the rivers:
They dig the stone,
Without ever raising your hand.

[Chorus]
Bananasutra
Sings the gentle force,
The one who chooses to love
When everything collapses around.

Bananasutra,
The righteous souls advance naked,
Honest, vulnerable,
But standing until the end.

[Verse 2]
You have to be very bold
To speak the truth without armor,
Show your scars
Like flowers under the wound.

Justice is not revenge,
It's the balance of the winds,
Where everyone wins by giving,
Where the human becomes alive.

[Bridge]
When the world shouts ""win alone"",
I answer ""we win together"",
The future is not a war,
It's a song that we put together.

Love is not dangerous,
It's the only law that saves,
And tenderness,
It's the weapon of the brave.

[Chorus]
Bananasutra, in the fire of days,
You keep the faith, you give back the love.
Bananasutra, even at the edge of the world,
Your peace radiates, and never succumbs.

[Outro]
You have to be very pernicious
To punish without understanding,
But you have to be divinely crazy
To continue to love tender.

😽🍌",,,Bilingual,"PEACE CIRCUS,FRENCHsutra,LOFIsutra,SHORTsutra Bananas Matter,Bible Gone Bananas",5,,public,checked,youtube,,New,,pVWHBbx2HKM
"Bienvenue, mesdames et messieurs, au bal des salauds, au temps des salauds 🫀🎧 #french #realitysong",Le Bal Des Salauds,L-134,checked,9:16,5,0:20,"Independent music, Music",https://www.youtube.com/watch?v=CxWPMr2Pnd4,Commentary,BURLESQUE,,"Drum,Voice",BLOWsutra,,,,,"Trapped in a TV, heart still beating",2025-11-10,189,7,0,https://i.ytimg.com/vi/CxWPMr2Pnd4/maxresdefault.jpg,,,,FR,BLOWsutra : Apes Gone Wrong,1,,public,checked,youtube,,New,,CxWPMr2Pnd4
“Le Bal des Salauds” n’est pas #breakingnews 🍏📺 #freedomfries  #truestory #originalsong 🎤 🎶,Le Bal Des Salauds,L-134,checked,9:16,4,1:00,"Music, Pop music, Reggae",https://www.youtube.com/watch?v=DciBJWrYE8g,Short/Reel,BURLESQUE,JAZZ,"Upright Bass,Accordion",BLOWsutra,,,,,"Bureau des salauds, warrior woman on tv display",2025-11-02,109,0,0,https://i.ytimg.com/vi/DciBJWrYE8g/maxresdefault.jpg,,,,FR,BLOWsutra : Apes Gone Wrong,1,,public,checked,youtube,,New,,DciBJWrYE8g
“Le Bal des Salauds” 🎡 French BLOWsutra Burlesque Surrealism Singing Show 🎼🍟,Le Bal Des Salauds,L-134,checked,16:9,4,4:14,Music,https://www.youtube.com/watch?v=qEIt51LEZUs,Music Video,BURLESQUE,JAZZ,"Upright Bass,Voice,Cello,Accordion",BLOWsutra,,,,checked,"Batman and his girlfriend on tv set, shark lurking",2025-11-05,21,0,0,https://i.ytimg.com/vi/qEIt51LEZUs/maxresdefault.jpg,"Ce qui est marrant c'est que salaud au féminin, en français, c'est pas salaude! Ha, #justsayin
Chanson inspirée par un vrai livre recent intitulé ""Le Temp Des Salauds"" 🍟🤓🤌

@bananasutra lyrics (variation):

[Intro]
Bienvenue, mesdames et messieurs,
Au grand bal des vertus douteuses.
Ici, les salauds dansent heureux,
Les cœurs vendus, les mains soyeuses.
Leur morale est bien repassée,
Mais toujours un peu tachée.

[Refrain]
C’est le temps, le temps des salauds,
Des faux héros, des pantins d’ego,
Qui dansent, qui dansent sous les drapeaux,
Au bal, au bal des salauds!
C’est le temps des salauds, oh-oh,
Des beaux parleurs, des faux normaux,
Qui rient très haut… pour mentir plus beau.

[Couplet 1 – Le délire raisonnable]
Le nouveau réalisme, c’est l’art des salauds,
Un délirium sobre, cynisme en costard chaud.
Ils vendent la peur sous cellophane,
Et t’appellent “extrême” si tu dis “humain”.
Ils posent des questions de sages,
Mais répondent comme des mirages sauvages.
Ils jouent à la raison...  mais raisonnent faux,
C’est la saison, la moisson des salauds.

[Refrain]
C’est le temps, le temps des salauds,
Des faux héros, des cerveaux trop clos,
Qui dansent, qui dansent sous les drapeaux,
Au bal, au bal des salauds!

[Couplet 2 – Les alliances du vide]
Trois types de salauds, faut l’dire clair:
Les politiques, les patrons, les faiseurs d’prières.
Ceux qui savent mais trahissent,
Eux les lâches, qui profitent.
Le p’tit Jupiter, Machiavel au moral,
Fait valser les foules dans son bal libéral.
Il pactise, il nuance, tord le vrai,
Pour qu’le faux paraisse sensé.

[Pont]
Forts avec les faibles, faibles avec les forts,
Ils vendent la paix pendant qu’ils signent la mort.
“Bon courage”, qu’ils disent, le sourire faux,
Mais c’est un orage… on danse, salauds?

[Couplet 3 – Les fous et les faux]
Les fous aboient, les salauds cadrent,
Et les cons signent tous les contrats.
Les uns hurlent, les autres calculent,
Et les lucides… se taisent, s’annulent.
Les idoles changent, les valeurs se vendent,
La foule like, la vérité s’attend.
Les héros sont devenus salauds,
Nous, figurants d’un online show.

[Refrain – Final]
C’est le temps, le temps des salauds,
Des faux héros, des gros egos,
Qui valsent au rythme des fiascos,
Au bal, au bal des salauds!(oh-oh)
Au bal… des salauds.

[Outro]
J’en ai aimé, des salauds, c’est vrai,
Leurs mots brillants, leurs airs parfaits.
Mais minuit sonne, le bal s’oublie,
Ces salauds-là ne dansent plus… avec ma vie.",,,FR,"FRENCHsutra,BLOWsutra,BURLESQUEsutra,Bible Gone Bananas",4,,public,checked,youtube,,New,,qEIt51LEZUs
"In France, “Le Système” is also all about lying to #thepeople … why is that not a crime? 😈 #macron",Le Système,L-137,checked,9:16,5,2:12,"Music, Pop music",https://www.youtube.com/watch?v=ODxdj80Km4Y,Music Video,JAZZ,INDIE,"Upright Bass,Voice",BLOWsutra,,,,checked,"me accroupie like a petit prince on the moon avec la voie lactée behind,",2025-04-07,10,1,0,https://i.ytimg.com/vi/ODxdj80Km4Y/maxresdefault.jpg,"Lyrical rhythm inspired by the wonderful #labohème song 🎶🥰  

Bonus fun fact: Machiavelli Matters… and current #npd French President Macron agrees! So much so, #machiavellianism was the primary focus of his higher education thesis 😈",,,Bilingual,"FRENCHsutra,JAZZsutra,KNOWsutra,Bible Gone Bananas",4,,public,checked,youtube,,New,,ODxdj80Km4Y
"“Le Système”, ça veut dire on est foutu 🎹 Pardon my French #existentialism … c’est la vérité 🇫🇷","Le Système, ça voulait dire",L-138,checked,9:16,3,2:34,"Music, Pop music",https://www.youtube.com/watch?v=9DgPaMLrFC4,Short/Reel,INDIE,JAZZ,Piano,BLOWsutra,,,,,in the dark under the ceiling lamp,2025-11-29,152,1,0,https://i.ytimg.com/vi/9DgPaMLrFC4/maxresdefault.jpg,,,,FR,"BLOWsutra : Apes Gone Wrong,PIANOsutra,FRENCHsutra,BLOWsutra,Bible Gone Bananas",5,,public,checked,youtube,,New,,9DgPaMLrFC4
#QOTD: why did someone (lame) at #youtube decide NOT to allow users to preview videos upon upload?,Let's Do It,L-140,checked,9:16,,1:01,"Independent music, Pop music",https://www.youtube.com/watch?v=0rEKLPqBQjs,Short/Reel,JAZZ,,Piano,FLOWsutra,,,,,,2025-01-24,48,,0,https://i.ytimg.com/vi/0rEKLPqBQjs/maxresdefault.jpg,,,,EN,"FLOWsutra : WET (My Friend),PEACE CIRCUS,PIANOsutra,FLOWsutra,SHORTsutra Bananas Matter,Bible Gone Bananas",6,,public,checked,youtube,,New,,0rEKLPqBQjs
Let’s Play a Game Where We All Win 🕊️ 🎶 GLOWsutra Indie Peace Music,Let’s Play A Game Where We All Win! (If The Game Is Absurd),L-141,checked,9:16,3,2:49,Music,https://www.youtube.com/watch?v=Aqq3GpzyRAk,Music Video,INDIE,"FOLK,JAZZ","Voice,Guitar",GROWsutra,,,,checked,watching snoopy with my kitty,2025-09-22,7,0,0,https://i.ytimg.com/vi/Aqq3GpzyRAk/maxresdefault.jpg,"I mean… Why not?! #dreambaby dream (said #snoopy ;)

I usually share lyrics, because they sure matter, more than ever… but(t) general apathy is contagious, I guess, ha. Please feel free to ask tho—while you still can 🖖🤓",,,EN,"GROWsutra : DARE (to Care),PEACE CIRCUS,JAZZsutra,Bible Gone Bananas",4,,public,checked,youtube,,New,,Aqq3GpzyRAk
Let’s play a game where we all win 🥇 #GROWsutra,Let’s Play A Game Where We All Win! (If The Game Is Absurd),L-141,checked,,,1:00,Entertainment,https://www.youtube.com/watch?v=1uq-2p4Ko04,Short/Reel,,,,GROWsutra,,,,,,2025-06-08,35,0,1,https://i.ytimg.com/vi/1uq-2p4Ko04/maxresdefault.jpg,oops no sound?,,,English,"REALsutras,BLABLAsutra,BLOWsutra,SHORTsutra Bananas Matter",4,,public,checked,youtube,,New,,1uq-2p4Ko04
Liars (matter) 🎹 BLOWsutra Indie Empathy Clip,Liars,L-142,checked,16:9,5,1:31,"Independent music, Music",https://www.youtube.com/watch?v=dcbMQpx_aTI,Music Video,INDIE,JAZZ,Piano,BLOWsutra,,,,,"miss liberty on the computer screen, in my retro bureau of truth and justice",2025-09-22,16,0,0,https://i.ytimg.com/vi/dcbMQpx_aTI/maxresdefault.jpg,"Surreal real meme about a world of gullible sheeples gone bananas, as if truth, consent, and hope were but(t) a cheap meme for “the weak” prone to democratic #empathy  🗽🇺🇸",,,EN,"BLOWsutra : Apes Gone Wrong,PIANOsutra,BLOWsutra,FOTUS CIRCUS (Felon Of The United States),Bible Gone Bananas",5,,public,checked,youtube,,New,,dcbMQpx_aTI
What is the root of all evil? Liars aka Narcissistic Control Addicts with No Empathy nor Integrity,Liars,L-142,checked,16:9,3,4:01,Society,https://www.youtube.com/watch?v=F-4WhgPM1Ko,Music Video,INDIE,JAZZ,Piano,BLOWsutra,,,,,,2025-03-18,14,,0,https://i.ytimg.com/vi/F-4WhgPM1Ko/maxresdefault.jpg,"Jane Fonda deserves praises for many reasons, but most recently she is proving to be a brilliant #climatechange crisis activist, by pointing out the root of the problem…

Who killed Mother Earth? Is it communism? No. Is it Islamists? No. Is it capitalism? Not really… it is not even technology. What actually killed Mother Earth is the #narcissistic #mindset of people who run the world aka #liars 

More specifically, what killed Mother Earth is the accumulation of narcissistic business decisions made by power-hungry, greedy humans with no heart nor conscience, men (mostly) who didn’t care for the dire environmental consequences of their ego and profit-driven actions, because honesty and #accountability sure are increasingly underrated value… and by lying, they simply are getting away with murder, because they can!",,,EN,"BLOWsutra : Ego (Gone Loco),PIANOsutra,BLOWsutra,Bible Gone Bananas",4,,public,checked,youtube,,New,,F-4WhgPM1Ko
“Liars” • Authentic Illogisms of a World Gone Bananas • PianoSUTRA,Liars,L-142,checked,16:9,4,4:01,"Music, Pop music",https://www.youtube.com/watch?v=nzsc1mzVCfM,Music Video,INDIE,JAZZ,Piano,BLOWsutra,,,,,NPD hublot lady,2025-02-28,13,,0,https://i.ytimg.com/vi/nzsc1mzVCfM/maxresdefault.jpg,No views given 🔛 No lyrics given 🤷🏻‍♀️,,,EN,"BLOWsutra : Apes Gone Wrong,PIANOsutra,BLOWsutra,Bible Gone Bananas",4,,public,checked,youtube,,New,,nzsc1mzVCfM
"... gone with the dogs in the #sky, where hope may no longer cry #folksong #leonardcohen #neverdies",Like A Dog In The Sky,L-145,checked,9:16,5,2:36,"Independent music, Music, Pop music",https://www.youtube.com/watch?v=CQarJpCZiik,Short/Reel,INDIE,"JAZZ,LOFI","Voice,Bass",BOWsutra,,,,,"Dog dissolves inside head-tv scree, shiny cute dreamy",2025-04-23,181,,0,https://i.ytimg.com/vi/CQarJpCZiik/maxresdefault.jpg,,,,EN,"BOWsutra : (upward) DOGS,Bible Gone Bananas",2,,public,checked,youtube,,New,,CQarJpCZiik
Linguistic Weaponry à la Romani • Yeah Dropping 💣 lyrics inspired by George Carlin’s 7 Dirty Words,Linguistic Weaponry,L-147,checked,16:9,4,3:05,"Electronic music, Independent music, Music, Pop music, Rock music",https://www.youtube.com/watch?v=bytpSK2dQUY,Music Video,INDIE,WORLD,Guitar,SHOWsutra,,,,,"Blowing ""F*CK THAT"" smoke from my magritte pipe, in my warehouse, with that duck...",2025-03-05,19,,0,https://i.ytimg.com/vi/bytpSK2dQUY/maxresdefault.jpg,"Remember when the US supreme Justice dude defined “profanity” as “I know it when I see it” over half a century ago, and that, America, has not changed 🙈🇺🇸",,,Bilingual,"SHOWsutra : Fanana Club,KNOWsutra,DUBsutra,Bible Gone Bananas",4,,public,checked,youtube,,New,,bytpSK2dQUY
“Love from the Future (Hesse Song)” 💌 GROW+ GLOWsutra PsyGipsy Indie Dream DUB music 🎤,Love from the Future (The Hesse Song),L-327,checked,16:9,3,4:06,"Music, Reggae",https://www.youtube.com/watch?v=TbTsZKQWvSY,Music Video,INDIE,LOFI,Voice,GROWsutra,,,,checked,Typewriter on the beach is where it's at,2025-10-16,12,0,0,https://i.ytimg.com/vi/TbTsZKQWvSY/maxresdefault.jpg,"A love letter to a younger self—inspired by my memories and perspective of reading #hermannhesse  ’s #steppenwolf tale 📖✨

This is the last (and only DUB) song of the Psychedelic Gipsy Edition EPx15

⁠ lyrics “A Love Letter From the Future”

[Intro]
A letter sent across the stars  
Carried by time, sealed in light  

[Verse 1]
You didn’t know what you were reading  
Pas vraiment, pas encore  
But your bones knew the meaning  
Un frisson dans le corps  
There were no words, just glowing hush  
Silence thick with golden dust  
A book that whispered to the dark  
Stars shine brighter in the dusk  

[Chorus]
From the future  
je t’écris  
Avec tendresse et mélancolie  
You were never broken  
only wide open  
Tu étais déjà  
la mélodie  

[Verse 2]
You thought you were too soft, too much  
Mais tu étais juste vivante  
Tears spilled quietly at touch  
You loved like time was urgent  
They called it fragile, called it phase  
But love that lingers through the haze  
Even unspoken, even still  
Is not afraid, and always stays  

[Chorus]
From the future  
je t’écris  
Pas pour guérir  
mais pour bénir  
You were never wrong to feel so deep  
Tu es la preuve  
qu’on peut guérir  

[Bridge]
You are the plot, ma douce  
Pas une erreur, une étoile filante  
Don’t dim. Don’t fold.  
Keep that heart defiant  
You weren’t made for cages  
You are the song that plays  
when the world forgets its pages  
and silence starts to sway  

[Chorus]
From the future  
I see you  
And I still cry,
but now I do it  
for you, too  
Tu es la chanson  
qui m’a sauvée  

[Outro]
Love from the future  
Je te promets  

—",,,Bilingual,"GLOWsutra,PEACE CIRCUS,GROWsutra,DUBsutra,Bible Gone Bananas",5,,public,checked,youtube,,New,,TbTsZKQWvSY
PSA: #woke just means your brain ain’t a (d!ck) joke! True story 🍌🙉 #mawa,MAHA (Make America Humane Again),L-149,checked,9:16,,0:31,Entertainment,https://www.youtube.com/watch?v=epzJfUrlGI8,Short/Reel,FOLK,,"Voice,Guitar",QUACKsutra,,,,,,2025-03-05,536,,0,https://i.ytimg.com/vi/epzJfUrlGI8/maxresdefault.jpg,,,,EN,"BLOWsutra : MA❔A Saga,SHORTsutra Bananas Matter",2,,public,checked,youtube,,New,,epzJfUrlGI8
"Fun fact: fauXism kills libidos, and to “Make America Humane Again” h-o-r-n-y would def help! #maha",MAHA (Make America Humane Again),L-149,checked,9:16,4,2:59,Lifestyle (sociology),https://www.youtube.com/watch?v=NDL2esW1cSA,Short/Reel,BURLESQUE,JAZZ,"Accordion,Voice",QUACKsutra,,,,,Trippy roppy lady,2025-04-09,184,,0,https://i.ytimg.com/vi/NDL2esW1cSA/maxresdefault.jpg,,,,EN,"BLOWsutra : MA❔A Saga,FOTUS CIRCUS (Felon Of The United States),BURLESQUEsutra,SHORTsutra Bananas Matter,Bible Gone Bananas",5,,public,checked,youtube,,New,,NDL2esW1cSA
FOTUS CIRCUS 🎪 Make America Humane Again #maha • #unbranded Accordion BURLESQUEsutra,MAHA (Make America Humane Again),L-149,checked,16:9,5,3:20,"Music, Pop music",https://www.youtube.com/watch?v=T3B5fkrnEaI,Music Video,BURLESQUE,INDIE,Accordion,QUACKsutra,,,,,"Circus girl on her swinset with her accordion and fedora, could use caption",2025-03-20,48,,0,https://i.ytimg.com/vi/T3B5fkrnEaI/maxresdefault.jpg,"Practicing my alphabet like you may pray 😇🪗 
Make America Humane Again aka #maha is #revolutionsong edition number 3—following #masa #mata (Make America Smart Already, Make America Think (not Adolf… ) and #mawa (make America #woke again, just to quote ‘em off ;)

@bananasutra lyrics + #aivoice on #sunomusic",,,EN,"BLOWsutra : FOTUS Circus,BLOWsutra : MA❔A Saga,FOTUS CIRCUS (Felon Of The United States),BURLESQUEsutra,Bible Gone Bananas",6,,public,checked,youtube,,New,,T3B5fkrnEaI
"Make America Kind Already 🦆 this macchiavelian faith’s just beyond embarrassing, heh?… #fotuscircus",MAKA (Make America Kind Again),L-150,checked,9:16,3,0:10,Entertainment,https://www.youtube.com/watch?v=yiWtZtfbnbo,Commentary,SPOKEN WORDS,,Guitar,QUACKsutra,,,,,Silly MAGA ducky sings Allen Ginsberg,2025-03-22,10,,0,https://i.ytimg.com/vi/yiWtZtfbnbo/maxresdefault.jpg,,,,EN,"BLOWsutra : MA❔A Saga,FOTUS CIRCUS (Felon Of The United States),SHORTsutra Bananas Matter",3,,public,checked,youtube,,New,,yiWtZtfbnbo
"Please, God, Make America #kind Alright? Knowledgeable helps too—oops, too late #educationmatters",MAKA (Make America Kind Again),L-150,checked,9:16,3,2:20,,https://www.youtube.com/watch?v=nkYXDADwZGI,Short/Reel,BURLESQUE,INDIE,Piano,QUACKsutra,,,,,silly maga hats montage,2025-03-27,22,,0,https://i.ytimg.com/vi/nkYXDADwZGI/maxresdefault.jpg,,"MAGA,MASA,MAWA,MAKA,MURICA,Aivoice,Sunomusic",,EN,"GROWsutra: KIND(ness),BLOWsutra : MA❔A Saga,“UNAVAILABLE” Content said YouTube Music… Who knew? Not me!,PIANOsutra,FOTUS CIRCUS (Felon Of The United States),BURLESQUEsutra,SHORTsutra Bananas Matter,Bible Gone Bananas",9,,public,checked,youtube,,New,,nkYXDADwZGI
MAKA song encore (now served with a plastic straw;)🥤🧢 🛋️  Make America Kind Alright?!,MAKA (Make America Kind Again),L-150,checked,16:9,3,3:33,"Music, Pop music",https://www.youtube.com/watch?v=9ahLmxS2MfI,Music Video,FOLK,"BURLESQUE,JAZZ",Guitar,QUACKsutra,,,,checked,"another surreal retro living room, with an epstein girl in her orange bikini, her puppy, her plastic straw, american flag flying above her head",2025-04-04,17,,0,https://i.ytimg.com/vi/9ahLmxS2MfI/maxresdefault.jpg,A brief #fotus circus musical #revolution  interlude 🍌,,,EN,"GROWsutra: KIND(ness),BLOWsutra : MA❔A Saga,FOTUS CIRCUS (Felon Of The United States),Bible Gone Bananas",5,checked,public,checked,youtube,,New,,9ahLmxS2MfI
"Mourning the death of Federal Workers Bargaining #rights MAKA MAKA, please Make America Kind Amen 🙏",MAKA (Make America Kind Again),L-150,checked,9:16,4,3:00,Pop music,https://www.youtube.com/watch?v=MRQpN-qfjaQ,Short/Reel,BURLESQUE,JAZZ,"Guitar,Voice",QUACKsutra,,,,checked,"she's sitting in a trailer in the desert, with all her blue baseball caps...",2025-03-30,34,,0,https://i.ytimg.com/vi/MRQpN-qfjaQ/maxresdefault.jpg,,,,EN,"BLOWsutra : MA❔A Saga,PEACE CIRCUS,FOLKsutra,FOTUS CIRCUS (Felon Of The United States),SHORTsutra Bananas Matter,Bible Gone Bananas",7,,public,checked,youtube,,New,,MRQpN-qfjaQ
MAKA MAKA 📺🇺🇸 Meowrica,MAKA (Make America Kind Again),L-150,checked,16:9,4,3:02,Music,https://www.youtube.com/watch?v=SlFnql_KDfI,Music Video,FOLK,"BURLESQUE,JAZZ",Guitar,QUACKsutra,,,,checked,"surreal living room, with a squirrel and cat chilling by the tv set featuring me sitting around, oh and the american flag, sigh",2025-04-04,25,,0,https://i.ytimg.com/vi/SlFnql_KDfI/maxresdefault.jpg,Lyrics certainly matter 📖 but(t) no one seems to care…,,,EN,"BLOWsutra : MA❔A Saga,JAZZsutra,FOTUS CIRCUS (Felon Of The United States),Bible Gone Bananas",5,checked,public,checked,youtube,,New,,SlFnql_KDfI
"Make America #kind Alright⁉️ And #smart #safe and humane too, aka #woke already, oui oui #MAKA  🔫💦",MAKA (Make America Kind Again),L-150,checked,9:16,4,1:58,"Electronic music, Music, Music of Asia, Pop music",https://www.youtube.com/watch?v=sNLtD806yCc,Short/Reel,BURLESQUE,JAZZ,Accordion,QUACKsutra,,,,checked,Underwater blue baseball cap girl,2025-03-26,39,,0,https://i.ytimg.com/vi/sNLtD806yCc/maxresdefault.jpg,,,,EN,"GROWsutra: KIND(ness),BLOWsutra : MA❔A Saga,“UNAVAILABLE” Content said YouTube Music… Who knew? Not me!,PEACE CIRCUS,BURLESQUEsutra,SHORTsutra Bananas Matter,Bible Gone Bananas",8,,public,checked,youtube,,New,,sNLtD806yCc
"New UH-OH moment, new bananasutra song... Turns out, M@G@ stands for ""Make Amurica GULAG Again"" 🇺🇸🪆",Make Amurica Gulag Again (MAGA),L-151,checked,9:16,5,2:41,"Independent music, Music",https://www.youtube.com/watch?v=uFm8z3L7ob0,Short/Reel,LOFI,INDIE,"Bass,Voice",QUACKsutra,,,,checked,the time traveler girl featured on red striped design reel... love that song.....,2025-06-28,27,1,0,https://i.ytimg.com/vi/uFm8z3L7ob0/maxresdefault.jpg,"As indicated by behavioral logic and clearly established with the basic math of the $46B Federal budget invested in building more, new private prisons, and developing the necessary Surveillance Infrastructure to fill 'em up... RUN!","aivoice,sunomusic,soulmatters,original lyrics,philosophy,music therapy",,EN,"BLOWsutra : Apes Gone Wrong,KNOWsutra,FOTUS CIRCUS (Felon Of The United States),SHORTsutra Bananas Matter,Bible Gone Bananas",5,checked,public,checked,youtube,,New,,uFm8z3L7ob0
Make Amurica Gulag Again 🇺🇸 QUACKsutra Conscious Psychedelic Politics Storytelling Indie LOFI Music,Make Amurica Gulag Again (MAGA),L-151,checked,16:9,4,2:41,"Independent music, Music",https://www.youtube.com/watch?v=KuIuA8dz1Aw,Music Video,LOFI,INDIE,"Bass,Voice",QUACKsutra,,,,checked,"the mar-la-go retro TV set featuring the visionary GULAG montage, with that duck again (love that song)",2025-12-13,14,0,0,https://i.ytimg.com/vi/KuIuA8dz1Aw/maxresdefault.jpg,"Repost, because (I just realized today) this video’s soundtrack mysteriously vanished 👀❕
—
Have you figured out the horrific END GAME of American fasc!st politics ain't really religion, r@ce, r@pe, or even any form of delusional jingoistic ego control yet? Nah? Aw, that’s just kinda sad, me thinks… because it’s true!

So yeah, it’s too bad, really... because Peter Thiel's and his friends all have made that very clear already: hope, empathy, and democracy are but(t) jokes for dumb losers, and y'all deserve nothing more than ENSLAVEMENT, FOR PROFIT.

THAT is literally the only rational analysis for a country with the greatest rate of incarceration in the world choosing to spend $45B of our tax money on more private/federal prisons + surveillance technology, personal, and infrastructure... to say the least 🇺🇸 d’oh!

⭐︎⭐︎⭐︎⭐︎⭐︎ 
@bananasutra #originalsong #lyricsmatter 

[Intro]
Fascism ain’t my opinion.
It’s a fact.
And I’m done pretending
this is still politics.
It’s a prison plan.
It’s a profit scam.
And I’m not playing dumb
to keep anybody comfortable.

[Verse 1]
He ain’t pro freedom  to govern,
He’s the new old prove to control.
Wrap the flag ’round chains,
Lock up every soul.

Act like’ law and order,
But facts all pretend.
Profit off obedience…
Make America Gulag Again.

[Verse 2]
Forty-five billion dollars
To build more walls and beds,
Not for kids or doctors,
But more caged-up heads.

The land of the free
Got the most in a pen.
And still they’re building more?
Make America Gulag Again.

[Chorus ] 
They say justice,
They mean control.
They say freedom,
They mean patrol.
They say safe,
They mean prisoner.
They say peace,
But they mean war.

[Verse 3]
Ask who the cages for…
Teachers? Protest signs?
Mamas with abortions?
Books that free your mind?

Ask who profits off it,
Ask who bought the pen,
Follow the pipeline
From GOP to Gulag, friend.

[Chorus]
They say order,
But want revenge.
They say greatness,
But it’s no end.
They say power,
But mean despair.
Say you’re safe…
Till you’re not there.

[Outro]
So what now?
That we know
Those bozos 
Ain’t heroes

All  bandits
Who dunnit
Wanna be 
White Willie’s 

Inbred seeds
All bleed red…

⭐︎⭐︎⭐︎⭐︎⭐︎ 
""Make Amurica Gulag Again"" EPx25 available for free download on @ bananasutra SoundCloud.",,,EN,"BLOWsutra : Apes Gone Wrong,BLOWsutra,LOFIsutra,Bible Gone Bananas",4,,public,checked,youtube,,New,,KuIuA8dz1Aw
"“Make your Own Bible” : a bananasutra Gospel song for State Employees, inspired by Ralph W. Emerson",Make your Own Bible,L-152,checked,16:9,4,3:00,"Electronic music, Music, Religion",https://www.youtube.com/watch?v=-1B3lFfieo4,Music Video,MANTRA,JAZZ,Voice,GROWsutra,,,,checked,"SHE SINGS, at the fast food stand :) but(t) that duck...",2025-04-13,16,,0,https://i.ytimg.com/vi/-1B3lFfieo4/maxresdefault.jpg,"In case you missed the memo, according to the  Executive Order issued late last week, all State Employees are now required to snitch on co-workers who (I quote) “expressed anti-Christian bias” now OR/AND during the last Presidential Administration—and now, just like that (American constitutional rights be damned!) “religious freedom” in the United States 🇺🇸 officially means Christian Supremacy 🚨🚨🚨 #prayformurica",,,EN,"GROWsutra : GOD (Questions Etc...),BLABLAsutra,GROWsutra,BLOWsutra,FOTUS CIRCUS (Felon Of The United States),Bible Gone Bananas",6,,public,checked,youtube,,New,,-1B3lFfieo4
Making Songs (Like Others Flex or Pray) • FLOWsutra DUB Yum 🍿🎶,Making Songs Like,L-153,checked,16:9,5,3:27,"Electronic music, Independent music, Music, Pop music",https://www.youtube.com/watch?v=0EmqnHAN2BI,Music Video,DUB,JAZZ,"Voice,Bass",FLOWsutra,,,,,Nerdy hipster girl at the movie theater,2025-08-24,29,1,0,https://i.ytimg.com/vi/0EmqnHAN2BI/maxresdefault.jpg,"Care for lyrics and stories of the birth of a song? Please reach out in comments, or wherever, I’m always happy to share—especially with those who dare to care.",,,EN,"FLOWsutra : FLY (like water),FLOWsutra,DUBsutra,Bible Gone Bananas",4,,public,checked,youtube,,New,,0EmqnHAN2BI
"Making songs like others meditate, flex, or pray • DUBsutra Music",Making Songs Like,L-153,checked,16:9,4,3:27,"Electronic music, Music, Pop music",https://www.youtube.com/watch?v=pmuGJtMOLns,Music Video,DUB,,Voice,FLOWsutra,,,,,"she sings in the sky, the best ""meditate"" activity ever -- oh, and her lill' frog is right there on her shoulder for support",2025-03-18,28,,0,https://i.ytimg.com/vi/pmuGJtMOLns/maxresdefault.jpg,"Can you even remember when corporate social media feeds were used as a tool to make social connections, instead of commercial transactions?… Well, perhapsI’m old school, with a soul, because I’mnot here to sell nor buy anything. I’m here to share my thoughts and feelings, and hopefully connect with likeminded humans… and forever grateful technology now enables me to “sing” my heart out, because that is definitely my favorite way to pray 🙏 

—
@banasutra original lyrics + #aivoice on #sunomusic 

Making songs like others meditate, flex, or pray
I’m not chasing a corporate crown today
Don’t need algorithms to write my verse
My ego ain’t rehearsing for a popularity curse

[Chorus]
Only here to wonder, to learn, and share
Each song’s a little atheist prayer
In a world gone bananas, I hum for peace
Singing truths that refuse to cease

Raised atheist, humble but bold
Turning fears and hopes into stories told
Humming for justice, connecting the dots
Silly as it sounds, it’s all I’ve got

[Chorus]
Only here to wonder, to learn, and share
Each song’s a little atheist prayer
In a world gone bananas, I hum for peace
Singing truths that refuse to cease

… music therapy, poetic play
Just a fool on a path, finding my way…",,,EN,"FLOWsutra : FLY (like water),PEACE CIRCUS,FLOWsutra,DUBsutra,Bible Gone Bananas",5,checked,public,checked,youtube,,New,,pmuGJtMOLns
"“Making songs like others meditate, flex, or pray…” 🍐 #pear dreams #lyrics matter #lostmusic #suno",Making Songs Like,L-153,checked,9:16,5,2:44,"Independent music, Music, Pop music",https://www.youtube.com/watch?v=-YjAGCUr7J4,Short/Reel,LOFI,JAZZ,"Voice,Upright Bass",FLOWsutra,,,,checked,The magic pear in the sky,2025-06-13,305,0,0,https://i.ytimg.com/vi/-YjAGCUr7J4/maxresdefault.jpg,,,,EN,"FLOWsutra : FLY (like water),PEACE CIRCUS,SHORTsutra Bananas Matter,Bible Gone Bananas",4,,public,checked,youtube,,New,,-YjAGCUr7J4
Male Fantasies • Social Puppet Jazz commentary song lyrics inspired by the precious Margaret Atwood,Male Fantasies,L-154,checked,16:9,3,3:05,"Jazz, Music",https://www.youtube.com/watch?v=Yj7b2BZaL-s,Music Video,JAZZ,,"Upright Bass,Voice",BLOWsutra,,,,,"who's a puppet in a frame?... also, 🎈make everything better",2024-11-04,13,,0,https://i.ytimg.com/vi/Yj7b2BZaL-s/maxresdefault.jpg,"Lyrics inspired by a quote from #margaretatwood: ""Male fantasies, male fantasies, is everything run by male fantasies? Up on a pedestal or down on your knees, it's all a male fantasy: that you're strong enough to take what they dish out, or else too weak to do anything about it. Even pretending you aren't catering to male fantasies is a male fantasy.”

—
Oh, Male Fantasies

Load it up, you’re on display
Up on a pedestal, they say
All their thoughts, they dominate
Every move, they calculate

(Pre-Chorus)
Here we are, now, entertaining
Male illusions, always chaining
You’re too strong or too compliant
All the same, they keep you silent

(Chorus)
Male fantasies, male fantasies
Living out those fantasies
They decide your role and place
Cater to their mind’s embrace

Knees or high above the ground
Tied between the roles they found
Pretend you’re free, but it’s still theirs
Trapped inside the gaze that stares

(Pre-Chorus)
Here we are, now, entertaining
Male illusions, always chaining
You’re too strong or too compliant
All the same, they keep you silent

(Chorus)
Male fantasies, male fantasies
Living out those fantasies
They decide your role and place
Cater to their mind’s embrace

Oh, can’t you see?
What they want you to be
Oh, can’t you see?
It’s still their fantasy

(Pre-Chorus)
Here we are, now, entertaining
Male illusions, always chaining
You’re too strong or too compliant
All the same, they keep you silent

(Chorus)
Male fantasies, male fantasies
Living out those fantasies
They decide your role and place
Cater to their mind’s embrace",,,EN,BLOWsutra : CENSOR(ed),1,,public,checked,youtube,,New,,Yj7b2BZaL-s
Male Fantasies DUB • Lyrics inspired by a Margaret Atwood quote • bananasutra production,Male Fantasies,L-154,checked,16:9,3,3:29,"Music, Pop music",https://www.youtube.com/watch?v=1W1K2xBfcNo,Music Video,DUB,,Bass,BLOWsutra,,,,,Futuristic pink living room in the jungle show,2025-01-24,35,,0,https://i.ytimg.com/vi/1W1K2xBfcNo/maxresdefault.jpg,,,,EN,"BLOWsutra : CENSOR(ed),PEACE CIRCUS,KNOWsutra,LOFIsutra,Bible Gone Bananas",5,,public,checked,youtube,,New,,1W1K2xBfcNo
📺🚩 V is for vérité—which #malefantasy is your commercial aka social feed selling you today? 🛁🫧,Male Fantasies,L-154,checked,9:16,,1:01,"Lifestyle (sociology), Pop music",https://www.youtube.com/watch?v=pYju-slXtuk,Short/Reel,JAZZ,,"Piano,Upright Bass",BLOWsutra,,,,,,2025-02-14,16,,0,https://i.ytimg.com/vi/pYju-slXtuk/maxresdefault.jpg,"And if you can’t remember, can you imagine? 📺🍏 #KNOWsutra #jazzy",,,EN,"BLOWsutra : CENSOR(ed),PEACE CIRCUS,JAZZsutra,KNOWsutra,SHORTsutra Bananas Matter,Bible Gone Bananas",6,,public,checked,youtube,,New,,pYju-slXtuk
Prophetic Surreal Rêverie #existentialphilosophy #humanity,Male Fantasies,L-154,checked,9:16,,0:06,,https://www.youtube.com/watch?v=BN6CxhXiJHQ,Commentary,SPOKEN WORDS,,,BLOWsutra,,,,,"square video, my face in front o ""male fantasies tag",2024-12-15,53,,0,https://i.ytimg.com/vi/BN6CxhXiJHQ/maxresdefault.jpg,,,,EN,"BLABLAsutra,SHORTsutra Bananas Matter",2,,public,checked,youtube,,New,,BN6CxhXiJHQ
"Male Fantasies ☆ LOFIsutra trip hop song inspired by Margaret Atwood, with love from San Francisco 🌁",Male Fantasies,L-154,checked,16:9,3,3:29,"Electronic music, Music, Pop music",https://www.youtube.com/watch?v=bQyvgpFWPVI,Music Video,LOFI,JAZZ,Voice,BLOWsutra,,,,,"she sings, hanging in the clouds with her frog, behind her imaginary hot pink damask tapisserie",2025-01-26,20,,0,https://i.ytimg.com/vi/bQyvgpFWPVI/maxresdefault.jpg,"Here's the quote by Margaret Atwood: ""Male fantasies, male fantasies, is everything run by male fantasies? Up on a pedestal or down on your knees, it's all a male fantasy: that you're strong enough to take what they dish out, or else too weak to do anything about it. Even pretending you aren't catering to male fantasies is a male fantasy.”

For what it’s worth, I personally believe #machiavellianism is a matter of mental disorder, much more than a gender matter! I wrote another song about that too, inspired by Leonard Cohen's poetry… about how “Everybody Knows” fighting sexism with sexism, or racism with racism, or hatred with fear or vice versa (you know?) just ain’t the way to make a better world, together 🙏

--
@bananasutra lyrics

Load it up, you’re on display
Up on a pedestal, they say
All their thoughts, they dominate
Every move, they calculate

(Pre-Chorus)
Here we are, now, entertaining
Male illusions, always chaining
You’re too strong or too compliant
All the same, they keep you silent

(Chorus)
Male fantasies, male fantasies
Living out those fantasies
They decide your role and place
Cater to their mind’s embrace

Knees or high above the ground
Tied between the roles they found
Pretend you’re free, but it’s still theirs
Trapped inside the gaze that stares

(Pre-Chorus)
Here we are, now, entertaining
Male illusions, always chaining
You’re too strong or too compliant
All the same, they keep you silent

(Chorus)
Male fantasies, male fantasies
Living out those fantasies
They decide your role and place
Cater to their mind’s embrace

Oh, can’t you see?
What they want you to be
Oh, can’t you see?
It’s still their fantasy

(Pre-Chorus)
Here we are, now, entertaining
Male illusions, always chaining
You’re too strong or too compliant
All the same, they keep you silent

(Chorus)
Male fantasies, male fantasies
Living out those fantasies
They decide your role and place
Cater to their mind’s embrace",,,EN,"BLOWsutra : CENSOR(ed),KNOWsutra,LOFIsutra,LULLABIESsutra,Bible Gone Bananas",5,,public,checked,youtube,,New,,bQyvgpFWPVI
"Turns out the G in MAGA was for GOTCHA… the N in MANA, for yazi  & the opposite of Woke is White ☣️",MAMA (Make America Mine Achtung),L-156,checked,9:16,,0:43,"Music, Politics",https://www.youtube.com/watch?v=qpM1QDH1QsE,Short/Reel,INDIE,FOLK,Upright Bass,QUACKsutra,,,,,,2025-05-16,7,,0,https://i.ytimg.com/vi/qpM1QDH1QsE/maxresdefault.jpg,,,,EN,"BLABLAsutra,BLOWsutra,FOTUS CIRCUS (Felon Of The United States),SHORTsutra Bananas Matter,Bible Gone Bananas",5,,public,checked,youtube,,New,,qpM1QDH1QsE
Oh MAMA… Make America Mine Achtung—said the new white king of jingoistic greed 🦆💔🇺🇸,MAMA (Make America Mine Achtung),L-156,checked,9:16,3,2:40,"Independent music, Music, Pop music",https://www.youtube.com/watch?v=xq0iHjcKRTY,Short/Reel,INDIE,JAZZ,Voice,QUACKsutra,,,,,"""Adieu la shit"" smoking girl, pondering the giphy ""rapist"" keyword situation",2025-05-16,5,,1,https://i.ytimg.com/vi/xq0iHjcKRTY/maxresdefault.jpg,,,,EN,"BLOWsutra : MA❔A Saga,“UNAVAILABLE” Content said YouTube Music… Who knew? Not me!,BLOWsutra,FOTUS CIRCUS (Felon Of The United States),Bible Gone Bananas",5,,public,checked,youtube,,New,,xq0iHjcKRTY
"When the opposite of Woke is White privilege, even the secretary of defense wears a yazi tattoo 🥂💣",MAMA (Make America Mine Achtung),L-156,checked,16:9,4,3:42,"Independent music, Society",https://www.youtube.com/watch?v=D3uF36SrAng,Music Video,INDIE,LOFI,"Upright Bass,Voice,Cello",QUACKsutra,,,,,,2025-05-16,11,,0,https://i.ytimg.com/vi/D3uF36SrAng/maxresdefault.jpg,"Turns out the G in MAGA meant GOTCHA! And in a mad world of Yazi South African tales, where white collar crime is fine by felon decree, but(t) hard working humans, and their children, are suddenly, violently attacked by ICE commandos in the darkest hour of the night (mostly for undetermined causes, and always, by unknown federal employees)… In hindsight, it is only fair to think the Fuhrer’s SS do deserve some recognition and credit, for good behavior! 👩🏻‍⚖️ ⚖️

Because, see… the fact of the matter is that they, at least, had the decency not to mask their faces, when violently and arbitrarily kidnapping innocents in the name of fasc!sm 🕵️‍♀️💔 

Granted, a longer neck probably helps, with important thinfs like big picture perspective, facts analysis, and compassionate understanding, but(t), yeah… based on my South African happy hour sunset champagne party, even a giraffe can see that 🦒💨",,,EN,"BLOWsutra : MA❔A Saga,BLOWsutra : DUCK (Shady)",2,,public,checked,youtube,,New,,D3uF36SrAng
MASA (Make America Smart Allright) MATA (Make Americans Think… Amen)—the gloom of doom matters 😵🪦,MASA (Make America Safe Again),L-326,checked,9:16,,1:31,,https://www.youtube.com/watch?v=bMvAlyU86SY,Short/Reel,FOLK,,Banjo,QUACKsutra,,,,,,2025-02-22,23,,0,https://i.ytimg.com/vi/bMvAlyU86SY/maxresdefault.jpg,"Hello, Oh No

“Hello, oh no” is like cheeky poetry, a silly songs about serious matters, because blessed be the healing powers of a sense humor… I wrote this one for the kids, kinda, I mean the ones who carry the hope—my  hope humanity can wake up and remember it is kindness that defines real winners, allows us to see beyond mass media blindness, and maybe just maybe may save #felonnation from evil ego madness masquerading as Prometheus 📺🏴‍☠️

—

@bananasutra lyrics:

Hello, oh no! What’s the deal?
Do we fight, or do we heal?
To shine, or whine—it’s your choice,
Kindness always lifts your voice.

Loving, not just winning, true—
Don’t play the game to make others blue.
Silly or nasty, the choice is clear,
A little love wipes away the fear.

Hello, oh no! What do you choose?
A spark or dark, which will you use?
To win with love, that’s how we fly,
Bye-bye, boo—no need to cry!

Be true or be fake, it’s up to you,
Will you share, or be a gangster too?
Ha ha, boo ya, which will it be?
There’s magic in humility.

Encore, the lore, let’s dance some more,
A win-win’s waiting at the door.
Be kind, not blind, and you’ll see—
The real win’s in harmony.

Hello, oh no! What do you choose?
A spark or dark, which will you use?
To win with love, that’s how we fly,
Bye-bye, boo—no need to cry!

A spark shines bright, the night turns day,
When we choose love, the darkness fades away.
Cha-ching or win-win, what do you see?
The real prize lies in unity.

Hello, oh no! We all can win,
Let love lead—let’s begin again!",,,EN,"BLOWsutra : MA❔A Saga,FOLKsutra,BLOWsutra,FOTUS CIRCUS (Felon Of The United States),SHORTsutra Bananas Matter,Bible Gone Bananas",6,,public,checked,youtube,,New,,bMvAlyU86SY
“Make America Safe Again”—a torch song for kids whose future’s being destroyed by greed & deceit 💔,MASA (Make America Safe Again),L-326,checked,9:16,3,3:00,"Electronic music, Independent music, Music, Pop music",https://www.youtube.com/watch?v=wo-ad8KLIt8,Short/Reel,BLUES,FOLK,Banjo,QUACKsutra,,,,checked,"playing my banjo in the ocean, nice video but(t) blurry",2025-12-03,28,0,0,https://i.ytimg.com/vi/wo-ad8KLIt8/maxresdefault.jpg,"'@bananasutra #lyricsmatter 

[VERSE 1] 
They cut the schools, then build more walls,
Now prison’s full like study halls.
Three outta four behind those bars,
Never made it far in class or charts.

You want less crime? Here’s the clue:
It starts with books, not boys in blue.

[CHORUS] 
Make America SAFE again!
(Stop the lies spinning the spin!)
Make America BRIGHT again!
(Education’s where we win!)
Give the kids a safer plan,
Not just guns, but books in hand.
Make America SAFE again,
Kids need no jails, they need a pen!

[VERSE 2]
They cut the funding, raise the fear,
But learning is what keeps us clear.
Every dollar spent on school
Cuts down crime. That’s a rule!
Kick out ignorance and hate,
Or fail will be our nation’s fate.

[CHORUS]
Make America SAFE again!
(No more gaslight, no more spin!)
Make America SMART again!
(Read, not bleed… press start again!)
Give the youth a real chance,
Not just cuffs, with no conscience!
Make America SAFE again!
Raise your voice, now take a stand!

[BRIDGE]
Less diplomas, more despair,
Is that really fair and square?
Lift the kids, reduce the crime,
Peace and safety take some time…

[FINAL CHORUS]
Make America SAFE again!
(Not by fear, but thinking men!)
Make America JUST again!
Books, not bars, we must defend!
With unbanned books and a pen,
Let’s teach the truth and heal again?
Make America SAFE again,
And never go back to way back when…",,,EN,"BLOWsutra : MA❔A Saga,PEACE CIRCUS,FOLKsutra,BLOWsutra,BANJOsutra,Bible Gone Bananas",6,,public,checked,youtube,,New,,wo-ad8KLIt8
“Mass Media Freakshow” (track #2 / 13) is a song inspired by delusional nuts and critical reasoning,Mass Media Freakshow,L-157,checked,16:9,4,3:31,"Independent music, Jazz, Music, Pop music",https://www.youtube.com/watch?v=kG5YGvAkAMk,Music Video,INDIE,JAZZ,"Piano,Voice",BLOWsutra,,,,,"surreal donny ducks gang just standing there, while the squirrel rocks it. beautiful piano song,,,",2025-04-17,15,,0,https://i.ytimg.com/vi/kG5YGvAkAMk/maxresdefault.jpg,"🤳 ""Mass Media Freakshow"" is a quirky @bananasutra EPx13 songs made of burlesque  jazz quacks, and a quirky folk finish... #diy lyrics inspired by a #terrencemckenna quote:   

""Not to know one's true identity is mto be a mad, disensouled thing — a golem. And, indeed, this image, sickeningly Orwellian, applies to the mass of human beings now living in the high-tech industrial democracies. Their authenticity lies in their ability to obey and follow mass style changes that are conveyed through the media. Immersed in junk food, trash media, and cryp-tofascist politics, they are condemned to toxic lives of low awareness.Sedated by the prescripted daily television fix, they are a living dead, lost to all but the act of consuming."" #yuckyducky #freakshow 🐿️🦈📺💦",,,EN,"BLOWsutra : DUCK (Shady),BLOWsutra,FOTUS CIRCUS (Felon Of The United States),BURLESQUEsutra,Bible Gone Bananas",5,,public,checked,youtube,,New,,kG5YGvAkAMk
“Mass Media Freakshow” • Burlesque song lyrics inspired by a quote from Terrence #mckenna,Mass Media Freakshow,L-157,checked,16:9,4,3:31,"Music, Pop music",https://www.youtube.com/watch?v=kjnTKE7cJ0Q,Music Video,INDIE,JAZZ,"Piano,Voice",BLOWsutra,,,,,"Cartoon heart man, on the fotus circus tv set, by the magritte apple",2025-04-07,14,0,0,https://i.ytimg.com/vi/kjnTKE7cJ0Q/maxresdefault.jpg,"""Not to know one's true identity is to be a mad, disensouled thing — a golem. And, indeed, this image, sickeningly Orwellian, applies to the mass of human beings now living in the high-tech industrial democracies. Their authenticity lies in their ability to obey and follow mass style changes that are conveyed through the media. Immersed in junk food, trash media, and cryp-tofascist politics, they are condemned to toxic lives of low awareness.
Sedated by the prescripted daily television fix, they are a living dead, lost to all but the act of consuming.""
- Terence McKenna",,,EN,"BLOWsutra : FOTUS Circus,KNOWsutra,BURLESQUEsutra,Bible Gone Bananas",4,,public,checked,youtube,,New,,kjnTKE7cJ0Q
"“Mass Media Freakshow”, a bananasutra song inspired by Terrence McKenna & weird corporate pretenses",Mass Media Freakshow,L-157,checked,16:9,4,3:31,"Music, Pop music",https://www.youtube.com/watch?v=tbl3_l8puFY,Music Video,FOLK,INDIE,"Guitar,Voice",BLOWsutra,,,,checked,"she sings, inside the retro TV set on fake news newspaper background, with that duck again (short hair fits her)",2025-04-19,9,,0,https://i.ytimg.com/vi/tbl3_l8puFY/maxresdefault.jpg,"I wish you luck, kids… #keepitfreaky #kindly  🤹‍♀️",,,EN,"BLOWsutra : FOTUS Circus,FOLKsutra,KNOWsutra,Bible Gone Bananas",4,,public,checked,youtube,,New,,tbl3_l8puFY
"No matter what the poossy grabber says, liars can’t #woke & dogs shall pee free rainbows #notagain",MAWA (Make America Woke Again),L-158,checked,9:16,2,1:00,,https://www.youtube.com/watch?v=uQyNDaSARM0,Short/Reel,FOLK,BLUES,Banjo,QUACKsutra,,,,,,2025-02-26,22,,0,https://i.ytimg.com/vi/uQyNDaSARM0/maxresdefault.jpg,,,,EN,"BLOWsutra : DUCK (Shady),FOLKsutra,BLOWsutra,FOTUS CIRCUS (Felon Of The United States),SHORTsutra Bananas Matter,Bible Gone Bananas",6,,public,checked,youtube,,New,,uQyNDaSARM0
Watch MAWA MAWA BANJOsutra Ma prove ageism is just like sexism and racism—i.e. made of bias 🪕 #WOKE,MAWA (Make America Woke Again),L-158,checked,16:9,5,3:37,"Music, Music of Asia",https://www.youtube.com/watch?v=55Rxmw4804k,Music Video,BLUES,,Banjo,QUACKsutra,,,,,The african american banjo lady is so cute,2025-02-26,34,,0,https://i.ytimg.com/vi/55Rxmw4804k/maxresdefault.jpg,I’m making antiMAGA songS with all the letters HA!,,,Bilingual,"BLOWsutra : MA❔A Saga,PEACE CIRCUS,FOLKsutra,BLUESsutra,BLOWsutra,BANJOsutra,FOTUS CIRCUS (Felon Of The United States),Bible Gone Bananas",8,,public,checked,youtube,,New,,55Rxmw4804k
Praying for ducks—an innocent species defamed as the symbolic mascot of humpty dumpty ego-fascism 😳🚨,MAWA (Make America Woke Again),L-158,checked,16:9,3,3:33,"Music, Pop music",https://www.youtube.com/watch?v=Ejdix0jIk3s,Music Video,BURLESQUE,"INDIE,LOFI",Cello,QUACKsutra,,,,,,2025-02-26,24,,0,https://i.ytimg.com/vi/Ejdix0jIk3s/maxresdefault.jpg,@bananasutra lyrics + voice on #sunoai,,,EN,"BLOWsutra : REVOLT (Now),GROWsutra,FOTUS CIRCUS (Felon Of The United States),BURLESQUEsutra,Bible Gone Bananas",5,,public,checked,youtube,,New,,Ejdix0jIk3s
"And dck #corruption goes on—like history, justice, and truth never ever mattered in #murica 🦆💨",MAWA (Make America Woke Again),L-158,checked,9:16,,1:01,Music,https://www.youtube.com/watch?v=M7mwRxuOSeA,Short/Reel,BURLESQUE,,Accordion,QUACKsutra,,,,,,2025-03-10,6,,0,https://i.ytimg.com/vi/M7mwRxuOSeA/maxresdefault.jpg,,,,EN,"BLOWsutra : REVOLT (Now),FOTUS CIRCUS (Felon Of The United States),BURLESQUEsutra,SHORTsutra Bananas Matter,Bible Gone Bananas",5,,public,checked,youtube,,New,,M7mwRxuOSeA
Men-Oh-Pause • BLOWsutra Bloody Sexist Questions of the Day • Ragga Dub Mama Gone Bananas 😽🍌💨,Men-Oh-Pause,L-159,checked,9:16,5,3:00,"Electronic music, Independent music, Music, Pop music, Reggae",https://www.youtube.com/watch?v=NDxyb0znOlQ,Short/Reel,DUB,,Voice,BLOWsutra,,,,checked,"The smoky white hair lady flows in her room, calling out the bs ""taboo for who""",2025-12-14,23,0,0,https://i.ytimg.com/vi/NDxyb0znOlQ/maxresdefault.jpg,,,,EN,,0,,public,checked,youtube,,New,,NDxyb0znOlQ
Mind le Felon 🦆💨 #quackity,Mind the Felon,L-161,checked,9:16,4,1:01,"Independent music, Music",https://www.youtube.com/watch?v=Ln3U0pT6dy8,Short/Reel,JAZZ,,"Upright Bass,Voice",QUACKsutra,,,,,chew the ducky,2024-11-07,20,,0,https://i.ytimg.com/vi/Ln3U0pT6dy8/maxresdefault.jpg,,,,FR,"BLOWsutra : DUCK (Shady),SHORTsutra Bananas Matter,Bible Gone Bananas",3,,public,checked,youtube,,New,,Ln3U0pT6dy8
“Mind the Felon” x5 is now on bananasutraSoundCloud 🖤 #existentialphilosophy #truecrimestory #aiart,Mind the Felon,L-161,checked,9:16,3,1:01,"Independent music, Music",https://www.youtube.com/watch?v=mqR8O5Prn3c,Short/Reel,JAZZ,,"Upright Bass,Voice",QUACKsutra,,,,,album covdr gone banana,2024-11-12,32,,0,https://i.ytimg.com/vi/mqR8O5Prn3c/maxresdefault.jpg,,,,EN,"BLOWsutra : FOTUS Circus,JAZZsutra,BLOWsutra,FOTUS CIRCUS (Felon Of The United States),SHORTsutra Bananas Matter,Bible Gone Bananas",6,,public,checked,youtube,,New,,mqR8O5Prn3c
"This is Planet Earth to Higher Grounds, What have we done now? Oh no…",New Normalcy (Planet Earth to Higher Grounds),L-164,checked,16:9,4,3:45,"Independent music, Music, Pop music",https://www.youtube.com/watch?v=gBx9xXoczdY,Music Video,BURLESQUE,JAZZ,"Upright Bass,Voice",KNOWsutra,,,,,pink astronauts,2025-02-09,23,,0,https://i.ytimg.com/vi/gBx9xXoczdY/maxresdefault.jpg,"@bananasutra lyrics, inspired by David Bowie’s Space Oddity aka New normalcy

Planet Earth to higher grounds,  
Do you feel the shift around?  
The quiet hum, a deafening sound,  
It pulls us in, we can’t come down.  

Planet Earth to higher grounds,  
What have we done now, oh no?  
Our hands have drawn the sacred lines,  
Yet beauty whispers, never shows.  

[chorus]  
Beautiful things don’t ask for attention,  
They bloom in the shadows, unseen dimensions.  
We search the stars for what we’ve lost,  
But never count the fleeting cost.  

Gravity fades, and time unspools,  
A fragile thread, a cosmic rule.  
The echo lingers, the questions stay,  
Do we evolve, or waste away?  

[chorus]  
Beautiful things don’t ask for attention,  
They bloom in the shadows, unseen dimensions.  
We search the stars for what we’ve lost,  
But never count the fleeting cost.  

Do you hear me, higher grounds?  
Is there purpose, is there sound?  
The signal fades, the truth is bare,  
What’s left behind, and who will care?  

[chorus]  
Beautiful things don’t ask for attention,  
They bloom in the shadows, unseen dimensions.  
We search the stars for what we’ve lost,  
But never count the fleeting cost.  

Planet Earth to higher grounds,  
The silence speaks, it all unwinds.  
What have we done now, oh no?  
Beautiful things… never show.  


—

V2
Planet Earth to Higher Grounds,
We’ve been drifting, lost and unbound.
Check ignition, systems worn and torn,
Tell us, where do we go from here?

This is Planet Earth to Higher Grounds,
What have we done now? Oh no.
We made the world so loud, it drowns the truth,
Yet beautiful things don’t ask for attention—proof.

Can you hear us, Higher Grounds?
Or are we just fading sounds?
Falling stars and broken satellites,
Guide us through these long, cold nights.

Voices whisper in a vacuum sky,
Dreams suspended, futures running dry.
If you’re listening, Higher Grounds, we plead,
Give us roots to hold, and air to breathe.

This is Planet Earth, we’re barely here,
Spinning circles in a sea of fear.
But beauty grows in silence and in shade,
It’s the quiet wonders that will never fade.

Can you feel us, Higher Grounds?
Fingers stretching, arms unbound.
We are fragments, ashes, seeds of light,
Holding on through endless night.

Planet Earth to Higher Grounds,
Beautiful things don’t ask for sound.
What have we done? Oh no, oh no,
We planted echoes, but will they grow?",,,EN,"BLOWsutra : Apes Gone Wrong,GROWsutra,JAZZsutra,Bible Gone Bananas",4,,public,checked,youtube,,New,,gBx9xXoczdY
Muddy Waters (Nietzsche’s Gift) • BLOWsutra Ambient Indie Flamenco Fusion LoFi #truecrimestory ♾️,Nietzsche's Gift (Muddy Waters),L-165,checked,16:9,5,4:05,Music,https://www.youtube.com/watch?v=qJ_iFqEp1mM,Music Video,LOFI,"WORLD,INDIE,JAZZ","Guitar,Voice,Clarinet",BLOWsutra,,,,checked,swinging underwater,2026-03-10,9,0,1,https://i.ytimg.com/vi/qJ_iFqEp1mM/maxresdefault.jpg,"… because fauxist shit storms sure muddy the waters, and down under, my humble truth is I’m drowning 🌪️

—
@bananasutra  #originalsonglyrics inspired by a timeless #nietzche quote: “They muddy the waters, to make it seem deep.”

[Verse 1]
They muddy the water, to make it seem deep
With words so hollow, the truth they keep
But I see through the veil, the shallow disguise
Nietzsche's wisdom, cutting through the lies

[Chorus]
Oh, the pretense and the show
Where integrity fails to grow
With Nietzsche's gift, I stand tall
Against the false, against it all

[Verse 2]
Culture, religion, morality they bend
In the name of power, they pretend
Superficiality, the mask they wear
But the truth in Nietzsche's words, so rare

[Chorus]
Oh, the pretense and the show
Where integrity fails to grow
With Nietzsche's gift, I stand tall
Against the false, against it all

[Bridge]
Respect and gratitude, for his insight so clear
For cutting through the fog, for showing no fear
In a world so fake, his words remain true
A guiding light, for me and for you

[Chorus]
Oh, the pretense and the show
Where integrity fails to grow
With Nietzsche's gift, I stand tall
Against the false, against it all

—
💌 A note on Nietzsche’s #übermensch 

Don’t trust poisonous modern myths… Nietzsche’s brave, blunt wisdom was hacked by yazis (i.e. his own sister & company, sigh)—and that sure is a hard and sad true crime story!

But(t) in reality, his Übermensch is the opposite of what so many believe… he is literally nothing like a selfish, arrogant alpha male figure, nothing like a cowardly, extractive narcissistic villain! And, he is most definitely free of nationalistic, racial delusions; Nietzsche explicitly rejected nationalism and racism. 

His Übermensch couldn’t care less about vanity, power, and wealth hoarding, he laughs at grandiose world (or women) domination fantasies! He’s clearly the opposite of a rich tech bro, sexist jock, populist guru, or conqueror king… He’s bright, he’s brave, he’s fair, and radically #honest 

What Fred (as I like to call him) taught me (us) is that living a noble, worthy life has absolutely nothing to do with “popularity”, much to the contrary. It is about having the courage to live by your own values, with clarity and integrity. 

His Übermensch is vanity and deception free, he couldn’t care less for lame ego games and external validation. He is clear, he is kind, and he DGAF about your approval. He is curious, creative, and joyful without illusion, he explores life’s absurdity like a true warrior, a loner tiger… until he just can no longer swim on—drowned by ‘em finite games cons, in deadly shallow #muddywaters 

—
More of this song, in various muddiness, available for free download on #bananasutra #soundcloud","Friedrich Nietzsche,Philosophy,Übermensch,Duende,Ambient Flamenco Music,Truth Matters",,EN,"BLOWsutra : Ego (Gone Loco),PEACE CIRCUS,BLOWsutra,LOFIsutra,Bible Gone Bananas",5,,public,checked,youtube,,New,,qJ_iFqEp1mM
“Nietzsche’s Gift” is KNOWsutra #dubmusic inspired by “They muddy the waters to make it look #deep”,Nietzsche's Gift (Muddy Waters),L-165,checked,9:16,4,2:55,"Independent music, Jazz, Music, Pop music, Reggae, Rock music",https://www.youtube.com/watch?v=FFcnb6UkN_M,Short/Reel,JAZZ,INDIE,"Upright Bass,Voice",BLOWsutra,,,,,i goldfish u not,2025-09-04,524,0,0,https://i.ytimg.com/vi/FFcnb6UkN_M/maxresdefault.jpg,,,,EN,KNOWsutra : (Naked) Truth,1,,public,checked,youtube,,New,,FFcnb6UkN_M
Nietzsche’s Gift V1 • Hypnotic Jazz LOFI • Bananasutra(KNOW) Philosophy Songwriting is like heaven,Nietzsche's Gift (Muddy Waters),L-165,checked,16:9,2,4:01,"Independent music, Jazz, Music",https://www.youtube.com/watch?v=eKcrE5aDKzE,Short/Reel,JAZZ,LOFI,"Upright Bass,Voice",BLOWsutra,,,,,v1 nietzsche gift,2024-10-22,18,0,0,https://i.ytimg.com/vi/eKcrE5aDKzE/maxresdefault.jpg,"“They muddy the water to make it seem deep.” Friedrich Nietzsche, Philosopher and critic #nietzschequotes #npdawareness #narcissismawareness 

In my #bananasutra Bible, Nietzsche’s no-nonsense pondering of the #meaning of #integrity is a holy gift, to all of #humanity 🥸🙏",,,EN,"KNOWsutra : (Naked) Truth,PEACE CIRCUS,JAZZsutra,BLOWsutra,Bible Gone Bananas",5,,public,checked,youtube,,New,,eKcrE5aDKzE
Nietzsche’s Gift V2 • Hypnotic Jazz LOFI • Bananasutra(KNOW) Philosophy Songwriting is like heaven,Nietzsche's Gift (Muddy Waters),L-165,checked,16:9,2,3:04,"Jazz, Music",https://www.youtube.com/watch?v=lVdss6i77Es,Short/Reel,JAZZ,LOFI,"Upright Bass,Voice",BLOWsutra,,,,,v2 nietzsche gift,2024-10-22,21,,0,https://i.ytimg.com/vi/lVdss6i77Es/maxresdefault.jpg,"“They muddy the water to make it seem deep.” Friedrich Nietzsche, Philosopher and critic #nietzschequotes #npdawareness #narcissismawareness 

In my #bananasutra Bible, Nietzsche’s no-nonsense pondering of the #meaning of #integrity is a holy gift, to all of #humanity 🥸🙏",,,EN,"KNOWsutra : (Naked) Truth,PEACE CIRCUS,JAZZsutra,BLOWsutra,Bible Gone Bananas",5,,public,checked,youtube,,New,,lVdss6i77Es
Nietzsche’s Gift V3 • Hypnotic Jazz LOFI • Bananasutra(KNOW) Philosophy Songwriting is like heaven,Nietzsche's Gift (Muddy Waters),L-165,checked,16:9,2,3:04,"Independent music, Jazz, Music",https://www.youtube.com/watch?v=wHyBsMpALNg,Short/Reel,LOFI,JAZZ,"Upright Bass,Voice",BLOWsutra,,,,,v3 nietzsche gift,2024-10-22,33,0,0,https://i.ytimg.com/vi/wHyBsMpALNg/maxresdefault.jpg,"“They muddy the water to make it seem deep.” Friedrich Nietzsche, Philosopher and critic #nietzschequotes #npdawareness #narcissismawareness 

In my #bananasutra Bible, Nietzsche’s no-nonsense pondering of the #meaning of #integrity is a holy gift, to all of #humanity 🥸🙏",,,EN,"KNOWsutra : (Naked) Truth,PEACE CIRCUS,BLOWsutra,LOFIsutra,Bible Gone Bananas",5,,public,checked,youtube,,New,,wHyBsMpALNg
"The 7-Course Fascist Feast of the Week | Satirical Spoken Word + Song: “No, I’m Not Being Political”","No, I'm Not Being Political (CIRCA 2025)",L-168,checked,16:9,3,12:01,Music,https://www.youtube.com/watch?v=pSBv8kq6NnA,Commentary,SPOKEN WORDS,,Voice,GROWsutra,,,,,fascist feast housewife,2025-08-02,52,2,0,https://i.ytimg.com/vi/pSBv8kq6NnA/maxresdefault.jpg,"Song starts at 8:20  
📜 Cookbook recipes chapters below 👇

Welcome to the Dictator Diner — where this week’s specials include Ivy League sellouts, impeachment erasure, golden ballrooms, and desperation soufflés, ICE-style.

This 12-minute satirical spoken-word performance breaks down 7 “fascist recipes” currently simmering in America, followed by my original protest song: **“No, I’m Not Being Political.”**

THE LIST ;) 
i.e. this week’s American fasc!st king’s feast cookbook recipes breakdown: 

00:00 🍽️ Intro – Welcome to the Dictator Diner  
00:50 🧁 Course 1 – Desperation Soufflé, ICE-Style  
01:45 🍲 Course 2 – Gerrymandered Gumbo  
02:40 🥗 Course 3 – Ivy League Sellout  
03:35 🥧 Course 4 – Predator Protection Pie  
04:30 🔥 Course 5 – Government Accountability Flambé  
05:25 🧀 Course 6 – Impeachment Erasure  
06:20 🎂 Course 7 – Let-‘Em-Eat-Cake Layer Cake  
07:15 🧨 Outro – Culture War or Cookbook?  
08:20 🎵 Song – *No, I’m Not Being Political* (Indie version)

👁️‍🗨️ This piece is part satire, part smoke alarm. If it resonates, share it. If it unsettles you… share why?

—

@bananasutra lyrics ™️

[Intro]
You may think I’m emotional,
But I’m just saying what’s real.
This ain’t business as usual,
It’s history turned maniacal!

[Verse 1]
It’s not creeping, it’s exploding!
A convicted rapist’s gloating,
As if felony brings glory,
And silence ain’t a story…

Seventeen million deaths projected,
While folks just scroll and shop.
Taxes funding hell camps,
While no one dares say: STOP.

[Chorus]
No, I’m not being political,
I’m just a conscious caring gal.
No one needs to be spiritual
To know this shit’s immoral.

They call it woke—they ain’t that bright,
But this is basic human rights.
If that offends your appetites,
Well, you are part of what bites…

[Verse 2]
You shrug at abortion laws,
Like “pro-life” addresses female flaws,
Like incest and rape are no problemo,
Like fascists ain’t monsters but Zorros.

Don buried Epstein’s pedo lore,
While caging kids by the score,
And ICE raids echo SS now…
How low can we go before we bow?

[Bridge]
I’m not especially radical,
Hell, I’m barely social.
Just partial to the moral,
And allergic to the brutal.

Evil ain’t just conceptual.
It’s become legal, habitual.
I don’t march like it’s a ritual,
I just care when power’s lethal!

I’m not wise nor exceptional,
Just sensitive, observational.
When the gaslight turns perpetual
Choosing silence’s unethical.

[Chorus ]
No, I’m not being political,
I’m just a conscious caring gal.
No one needs to be spiritual
To know this shit’s immoral.

Are you under some kind of spell?
How can you shrug—not cry, not yell?
I’d rather grieve and feel the sting
Than hide behind not noticing.

[Outro]
I don’t practice bipartisanship.
I just came here on a scholarship…
And I choose not to play pretend:
I’m here to warn you, my friend.


—


#NoImNotBeingPolitical #BananaSutra #AuthoritarianAlert #SpokenWord #Satire #ProtestMusic #FascistFeast",,,EN,"BLABLAsutra,FOTUS CIRCUS (Felon Of The United States),Bible Gone Bananas",3,,public,checked,youtube,,New,,pSBv8kq6NnA
CLIP 🍒 The 7-Course M@G@ Feast of the Week | Satirical Spoken Word + Song,"No, I'm Not Being Political (CIRCA 2025)",L-168,checked,9:16,,0:28,Religion,https://www.youtube.com/watch?v=uCoEDlpri0Q,Commentary,SPOKEN WORDS,,Voice,GROWsutra,,,,,,2025-08-02,1,0,0,https://i.ytimg.com/vi/uCoEDlpri0Q/maxresdefault.jpg,,"aivoice,sunomusic,soulmatters,original lyrics,philosophy,music therapy",,EN,🎬🍌 Bananasutra Clips,1,,public,checked,youtube,,New,,uCoEDlpri0Q
"Not Bad, Friendo 🪐 SHOWsutra Infinite Psychedelic Galaxy Wink to the Burlesque Post-Punk Universe ✨","Not Bad, Friendo",L-325,checked,16:9,5,4:17,"Independent music, Music, Rock music",https://www.youtube.com/watch?v=l2Ui8EYdLj0,Music Video,INDIE,ROCK,"Bass,Voice",SHOWsutra,,,,checked,space station,2026-01-09,12,0,1,https://i.ytimg.com/vi/l2Ui8EYdLj0/maxresdefault.jpg,"A wackadiddly psychedelic indie rock song inspired by a fabulous, hilarious, nebulous dystopian space tale titled “The Pedalers of Oort”, written by my (in)famous friend Sean Kelly aka @spanganga on #substack

@b@bananasutrasonglyrics 

[Verse 1]
Ship’s on slow-slide,
Nowhere to hide,
Nothing but lies,
Forgetting whys (whyyys)

Sleek hacks cocks make,
Click-whack, clock’s fake,
“Trust us,” time takes,
Truth’s on a break.

[Chorus]
Big brother spins,
Black hole pulls in…
“Not bad, friendo,”
Around we spin (oh oh oh)

[Verse 2]
News feeds gone red,
“Chin up,” they said,
Nod to the rain,
Breathe through the pain (paiiin)

Cold calls, bold tolls,
Butthole troll rolls,
Pimped-up cons, tricks,
Peacocks are pricks.

[Chorus]
Big brother spins,
Black hole pulls in…
“Not bad, friendo,”
Around we spin (oh oh oh)

[Bridge]
Galaxy’s fine,
Crossed every line,
No consent clause,
Dark holes write laws.

Ruling by bait,
Organic fate,
Suck it true, boo,
And poo it too.

[Outro]
And now we wait,
Some later date…
Feeling “fine,” “great,”
Friendo, hi, mate (oh oh oh)

[end]",,,EN,"SHOWsutra : Fanana Club,SHOWsutra,BURLESQUEsutra,Bible Gone Bananas",4,,public,checked,youtube,,New,,l2Ui8EYdLj0
“We Are The World” ☆ Remember that song? This is an existential French trip hop LO-FI version of it.,Nous Sommes Le Feu,L-170,checked,9:16,5,2:42,"Electronic music, Hip hop music, Music, Pop music",https://www.youtube.com/watch?v=xms6QfZQf2U,Music Video,LOFI,,"Voice,Guitar",GROWsutra,,,,,c'est pas du cinema in FENCH,2025-01-26,25,,0,https://i.ytimg.com/vi/xms6QfZQf2U/maxresdefault.jpg,"PS: Kids, when strange shiny birds start acting (oh so) charming, please ask ‘em #why #triphop #frenchsong 

@bananasutra ""Nous Sommes le Feu"" lyrics, with musical prompting:

[INTRO: A Raw, Bluesy Acoustic Dub Poem with a Surrealist Edge, Sparse guitar strums, voice low and smoky]Il y a des cris qu’on ne peut plus étouffer,Des silences qui tranchent plus que des lames.La terre brûle, le ciel s’efface,Et toi… qu’est-ce que tu fais?
[Verse 1: Short, biting lines, hypnotic rhythm]Les jours se glissent comme des ombres,On attend, on espère, on s’aveugle.Qui bouge? Qui parle? Qui ose?On est des étoiles éteintes dans la brume.
[Chorus: Rhyming, hypnotic, and memorable]Nous sommes le feu, nous sommes le cri,L’éclair qui fend la nuit.Un souffle suffit, un cœur qui bat,À rallumer tout ça.
[Verse 2: Staccato delivery, surreal imagery]Le cœur casse, mais l’amour colle,Les mains tremblent, mais tiennent fort.Des pierres deviennent pain,Des cris deviennent chemins.
[Chorus: Repeats with raw intensity]Nous sommes le feu, nous sommes le cri,L’éclair qui fend la nuit.Un souffle suffit, un cœur qui bat,À rallumer tout ça.
[Bridge: Spoken word, over hypnotic bassline]Quand tout tombe, que reste-t-il?Un battement.Un pas dans le vide.Et si c’était toi,Qui portais la lumière?
[Chorus: Stripped-down, haunting delivery]Nous sommes le feu, nous sommes le cri,L’éclair qui fend la nuit.Un souffle suffit, un cœur qui bat,À rallumer tout ça.
[Outro: Whispered, fading into a heartbeat-like rhythm]On tombe, on vole,On brûle, on brille…Toi et moi,Un souffle,Un feu.",,,Bilingual,"GROWsutra : DARE (to Care),PEACE CIRCUS,FLOWsutra,FRENCHsutra,LOFIsutra,LULLABIESsutra,Bible Gone Bananas",7,,public,checked,youtube,,New,,xms6QfZQf2U
"“Oh My, Oh Why”, asked Socrates, and then, they silenced him… Men learned nothing in 2000 years!","Oh My, Oh Why (Socrates Song)",L-171,checked,16:9,5,3:33,"Independent music, Music, Pop music, Soul music",https://www.youtube.com/watch?v=JB_CWO24uUo,Music Video,INDIE,,"Cello,Voice",KNOWsutra,,,,,"QUOTING SOCRATES, WITHE ZOMBIES",2025-05-07,12,,0,https://i.ytimg.com/vi/JB_CWO24uUo/maxresdefault.jpg,"Socrates is facepalming so hard… Oh my, oh Why? And I’m about ready to join the zombies 🧟  #truestoryhorror #thecostoffascism",,,EN,"KNOWsutra : But(t) Whyyy,PEACE CIRCUS,GROWsutra,JAZZsutra,Bible Gone Bananas",5,,public,checked,youtube,,New,,JB_CWO24uUo
"I believe it’s fair to say American complacency is at the core of its demise, and return to slavery","Oh My, Oh Why (Socrates Song)",L-171,checked,9:16,,0:12,Politics,https://www.youtube.com/watch?v=YirURMHmKUs,Commentary,MANTRA,,Drum,KNOWsutra,,,,,,2025-07-03,102,0,0,https://i.ytimg.com/vi/YirURMHmKUs/maxresdefault.jpg,SOCRATES told me so ;),,,EN,"KNOWsutra : But(t) Whyyy,BLABLAsutra,Bible Gone Bananas",3,,public,checked,youtube,,New,,YirURMHmKUs
Ambient levels of cognitive dissonance (about bullies’ glory) are so ducking toxic 😵 #deadinside,"Oh, WELP… The Duck.",L-362,checked,9:16,3,2:12,Lifestyle (sociology),https://www.youtube.com/watch?v=qY9iR8MGdHU,Commentary,SPOKEN WORDS,"LOFI,DUB","Voice,Drum",QUACKsutra,,,,,,2025-02-16,30,,0,https://i.ytimg.com/vi/qY9iR8MGdHU/maxresdefault.jpg,"Dear Felon Nation watchers, do songs lyrics matter? Let me know. I’d be inclined to share more—like I do elsewhere—but(t) it’s just too vain and futile, with literally no viewers ever LOL… I would rather #GROW my heart, my knowledge and my faith by creating new badass BIBLEsutra prayer songs, rather than invest (whore?) my time sheepling around to “grow an audience” by following corporate compliance rules. I’m a hard core introvert so I much prefer the humble delicacies of intimac, over mainstream popularity—plus, fun fact: according to the kids chasing YT fame, the primary growth KPI (for shorts) is to create basic, scripted content well “under 5th grade reading level” (sic, ceci n’est pas une blague ni une excuse, c’est un #truestory) 
Et donc voilà, some thoughts streaming, à propos du pourquoi…",,,Bilingual,"BLOWsutra : DUCK (Shady),BLOWsutra,LOFIsutra,FOTUS CIRCUS (Felon Of The United States),SHORTsutra Bananas Matter,Bible Gone Bananas",6,,public,checked,youtube,,New,,qY9iR8MGdHU
When #udiomusic understands the assignment (almost;) #whoop #shadyduck #makeamericathinkagain 🦆💨,"Oh, WELP… The Duck.",L-362,checked,9:16,3,2:12,"Hip hop music, Music, Rhythm and blues, Rock music, Soul music",https://www.youtube.com/watch?v=LEdfniWrp5E,Commentary,SPOKEN WORDS,"LOFI,DUB","Voice,Drum",QUACKsutra,,,,,,2025-02-28,8,,0,https://i.ytimg.com/vi/LEdfniWrp5E/maxresdefault.jpg,No views given 🔛 No lyrics given 🤷🏻‍♀️,,,EN,"BLOWsutra : DUCK (Shady),BLOWsutra,LOFIsutra,FOTUS CIRCUS (Felon Of The United States),SHORTsutra Bananas Matter,Bible Gone Bananas",6,,public,checked,youtube,,New,,LEdfniWrp5E
Social media corporations forcing FelonDon & ElonTwat down my feed throat must STOP #metoomovement,"Oh, WELP… The Duck.",L-362,checked,9:16,,1:50,Lifestyle (sociology),https://www.youtube.com/watch?v=gYp79BPp97o,Commentary,SPOKEN WORDS,JAZZ,Upright Bass,QUACKsutra,,,,,,2025-03-15,10,,0,https://i.ytimg.com/vi/gYp79BPp97o/maxresdefault.jpg,,,,EN,"BLOWsutra : DUCK (Shady),“UNAVAILABLE” Content said YouTube Music… Who knew? Not me!,BLABLAsutra,BLOWsutra,FOTUS CIRCUS (Felon Of The United States),BURLESQUEsutra,SHORTsutra Bananas Matter,Bible Gone Bananas",8,,public,checked,youtube,,New,,gYp79BPp97o
Okie Dokie 🎈👀🏴‍☠️ #aimusicrevolution,Okie Dokie (No It's Not),L-174,checked,9:16,4,2:32,"Independent music, Music, Pop music",https://www.youtube.com/watch?v=nkDx0g8UGhg,Short/Reel,INDIE,"JAZZ,LOFI",Piano,BLOWsutra,,,,,,2025-02-14,18,,0,https://i.ytimg.com/vi/nkDx0g8UGhg/maxresdefault.jpg,,,,EN,"BLOWsutra : Apes Gone Wrong,PEACE CIRCUS,KNOWsutra,LOFIsutra,SHORTsutra Bananas Matter,Bible Gone Bananas",6,,public,checked,youtube,,New,,nkDx0g8UGhg
“Okey dokey (no it's not)” 🥕📺,Okie Dokie (No It's Not),L-174,checked,16:9,3,3:33,"Music, Pop music",https://www.youtube.com/watch?v=bDgpd-RFbx8,Music Video,LOFI,BURLESQUE,"Voice,Upright Bass",BLOWsutra,,,,checked,"Kittens watch tv too, save the kittens",2025-04-04,86,0,0,https://i.ytimg.com/vi/bDgpd-RFbx8/maxresdefault.jpg,"“Okey dokey (no it's not)”
bananasutra ©️ lyrics + #aivoice on #sunomusic
…
Woke up this mornin' felt so strange
World's on fire somethin's changed
Looked out the window, sky’s all red
Is this a nightmare, or are we all dead

People runnin' around pants on fire
Dogs running wild who’s not a liar
Cats on the roof singin' like they’re angels
And ‘em Monkeys in crowns no, not stable

Okey dokey no it's not
Turns out life's just a mad plot
True crime LIVE it's not all fine
Damn the world is outta line

Went to the store they sold no bread
Only fake mustaches instead
Raining popcorn  fell from the sky
Guess it's time for me to say goodbye

Walls are melting colors whirl
In this upside-down twisted world
Spinning round can't find my feet
Oh well ain't life so sweet

Okey dokey no it's not
Turns out life's just a mad plot
True crime LIVE it's not all fine
Damn the world is outta line","Cortisol,Stress,Alert,Sunomusic,Aivoice",,EN,"BLOWsutra : Apes Gone Wrong,BLOWsutra,LOFIsutra,Bible Gone Bananas",4,checked,public,checked,youtube,,New,,bDgpd-RFbx8
Okie Dokie (Not It’s Not) • BLOWsutra (Apes Gone Wrong) • Burlesque Trip Hop(e) LOFI 🌀📺 1 min cut,Okie Dokie (No It's Not),L-174,checked,9:16,3,1:01,"Lifestyle (sociology), Pop music",https://www.youtube.com/watch?v=R0M4ZO0NEW8,Short/Reel,LOFI,BURLESQUE,"Voice,Upright Bass",BLOWsutra,,,,,"Kittens watch tv too, save the kittens",2026-01-07,144,1,0,https://i.ytimg.com/vi/R0M4ZO0NEW8/maxresdefault.jpg,"""It's an Ethical Paradox, an Oxymoron Maze"" is a gipsy jazz edit of a (dense) KNOWsutra (Bertrand Knows) song that still needs some distilling, and so here it flows… EPx2 is part of Vol. 2 EPx15 released on Souncloud, which wags its way from Burlesque Jazzzzzzzzz (1-10) to Gipsy LoFi (11-14) to Indie DUB (15)...

Lyrics inspired by Bertrand Russel's ""Marriage and Morals"", where he asked: ""Are prostitution and traditional marriage interconnected by hypocritical societal structures and discriminatory economic dependency?"" 

In this long essay/book, Bertrand fairly observes that marriage often prioritizes financial stability and social status over love, mirroring prostitution’s very transactional nature, and  critiques the rigidity of marital norms, such as lifelong exclusivity and fidelity, arguing it often stifle desires, and lead to unmet physical, emotional, and spiritual needs.

He makes bold statements: “Marriage is for women the commonest mode of livelihood, and the total amount of undesired sex endured by women is probably greater in marriage than in prostitution.” 

And asks brave questions: “What if pr0stituti0n was required as a societal “release valve” for repressed desires, existing mostly as the condemned counterpart to marriage?”

But(t) his point really is this: Why not think of marriage as a relationship based on equality, respect, and personal freedom, i.e. friendship? Could practicing truth, and trust, with humility and integrity, help reduce foul plays--including society’s reliance on femmes de joie, for example, heh? 

Well duh, d'oh, heck yeah!? And… if you're doubting the veracity and value of Bertrand's kind and wise questions and observations, here's a fun fact for ya: marital r⭐︎pe was A-OK legal in almost ALL countries of the world, until the mid-90s?! (GASP)

What if the very notion of ""ethical paradox"" was an absurd oxymoron that never seems to end indeed? #daretoponder

• • • 
@bananasutra #lyrics

[Verse 1]
Step right up to the paradox parade,
Where the morals they sell come double-edged blade.
They wag their fingers, legislate laws,
Then break ’em in private to polite applause.

It’s a sugar-spun circus, bananas on stage,
Where yes means no and restraint’s just a phrase.
Marriage or market, they blur the scene,
Stamp it “righteous”, don’t ask what it means.

[Chorus]
It’s an ethical paradox, an oxymoron maze,
They shame what they need, still demand it gets praise.
They swear it’s love, then they pay for the kiss,
Condemn the same trade they refuse to resist.

[Verse 2]
In the chapel it’s sacred, divinely endowed,
In the alley it’s vulgar, condemned out loud.
One buys a mattress, one buys a ring,
Different costumes, same bargaining.

They preach purity, polish the lie,
While need’s the product they monetize.
Suit and tie or a scarlet brand,
Same old hustle… supply, demand.

[Chorus]
It’s an ethical paradox, an oxymoron maze,
They shame what they need, still demand it gets praise.
They swear it’s love, then they pay for the kiss,
Condemn the same trade they refuse to resist.

[Bridge]
Here’s a riddle, let logic stew:
Who makes the crime, then blames it on you?
They build the cage, lock the lid,
Then curse the creature they forbid.

[Verse 3]
Russell saw it, cut clean through the fog,
Truth gets strangled by moral smog.
Love’s not a contract, priced or policed,
It’s a living thing begging for release.

Burn the scripts that barter the heart,
Let freedom finish what law couldn’t start.
No paradox, no moral sleight,
Just justice breathing in open light.

[Chorus]
It’s an ethical paradox, an oxymoron maze,
They shame what they need, still demand it gets praise.
They swear it’s love, then they pay for the kiss,
Condemn the same trade they refuse to resist.

[Outro]
Fold up the map, walk out the maze,
No room for riddles in love’s next phase.
The ethical circus packs up its tent,
Let truth be simple, that’s how it’s meant.
• • •",,,Bilingual,"KNOWsutra : Bertrand (He Knows),PEACE CIRCUS,BURLESQUEsutra,Bible Gone Bananas",4,,public,checked,youtube,,New,,R0M4ZO0NEW8
"Somewhere in the Wild United Dreams Universe, Banjo matters…",Okie Dokie (No It's Not),L-174,checked,16:9,4,3:33,"Country music, Independent music, Music, Rock music",https://www.youtube.com/watch?v=qmtI1FMCkIo,Music Video,BLUES,"BURLESQUE,LOFI",Banjo,BLOWsutra,,,,,,2025-02-06,23,,0,https://i.ytimg.com/vi/qmtI1FMCkIo/maxresdefault.jpg,"Bah, who cares?",,,EN,"BLABLAsutra,BLOWsutra,BANJOsutra,Bible Gone Bananas",4,,public,checked,youtube,,New,,qmtI1FMCkIo
"Okey Ducky, No It’s Not—in Felon Nation, Fascism ain’t fake news Sir 🐇 it is #truecrime #BLOWsutra",Okie Dokie (No It's Not),L-174,checked,16:9,5,2:28,"Independent music, Music, Pop music",https://www.youtube.com/watch?v=VSKoG32jrTc,Music Video,LOFI,JAZZ,"Voice,Upright Bass",BLOWsutra,,,,,"she geisha sings, with her rabbit",2025-02-16,23,,0,https://i.ytimg.com/vi/VSKoG32jrTc/maxresdefault.jpg,"Brand new golden Bibles were dimmed the new required reading material for schools across several Southern States, and sold for over $60 a pop. Yup, that’s the schools wholesale price, yup that authoritarian lobbying did result in financial cuts into other budgets otherwise allocated to feeding and educating underprivileged kids, nope, Golden Bibles won’t go #onsale and nope ducks feel no shame, none. 

Because see, some things don’t change is true, and FOTUS or not, free fraudsters bullies cons are here for $ profit first, D’UH! and the revocation of the #equalopportunity act is but a formality, an historical prelude to the fascist disgrace Murica elected 🗳️🙈 

Please don’t get me wrong tho, I’m on Socrates’ team, all the way, okay dokey?! And so, all i really know is I dunno sh!t… except thats a rethorical lie, bc I do know. I do know that #americanbully #fascismo matters—badly, and for too many. Yet  most Americans seem so much more worried by celebrity glitter, the fate of tiktok, or the right to hang a flag… sigh. 

Mais bon (deep re-sigh) vive la magie de la #aimusicrevolution #sacrebleu #thankgod",,,Bilingual,"BLOWsutra : DUCK (Shady),FLOWsutra,LOFIsutra,Bible Gone Bananas",4,,public,checked,youtube,,New,,VSKoG32jrTc
"“1% Rising” is a Gipsy GROWsutra sort of #hope song for the Curious, the Honest, and the Unseen 🌝✨",One Percent Rising,L-175,checked,9:16,4,2:54,"Independent music, Music, Pop music, Rock music",https://www.youtube.com/watch?v=cKRqEgbCfQA,Short/Reel,LOFI,,"Drum,Voice",GROWsutra,,,,,fuming alone in the desert at dusk,2026-03-05,9,0,0,https://i.ytimg.com/vi/cKRqEgbCfQA/maxresdefault.jpg,"“Rage bait” was named the 2025 Word of the Year by the Oxford dictionary, and frankly, it’s no surprise. We are witnessing a grotesque circus of injustice—a global crisis that leaves many of us feeling powerless against the cold, cruel gears of the so-called new world order. And I, for one, often find myself holding my breath, standing at the edge of an increasingly scary, angry, insane lose-lose reality…

I wrote “One Percent Rising” almost a year ago, as a sort of torch song for the Curious, the Honest, and the Unseen. Inspired by a deep-dive personality test that placed me in ""the top 1% of Curiosity"", this song is a reminder of how rare and vital Universalism, Humility, and Authenticity have become; how much they matter, in a world that feels like a deadly toxic ""hog-feed"" of manufactured noise, led by ""suits and ties"" high on ego, fear, and conformity. It’s meant to be like a spark in the fog, for me, and for you, and everyone, equally… if you dare to care ;) Think of it as a lill’ pep talk, a friendly 'n fresh breath of hope, to feed sensitive and sensible souls—a prayer of sorts, for Creative (r)Evolution. 

With this song, I want to encourage prioritizing curiosity over competition, and sincerity over status, to help us feel like we can rise above this fasc!st tsunami... while others brainlessly and heartlessly admire and rewards nefarious ”Power Hoarders"", like a herd of ignorant ""Conformity Bros”, aka sheeples... Because, in an era gone fool on backward bananas—where global fascist trends and dehumanizing antics posture as “smart”, glorifying deceit in the name of greed—what we need, to solve dire problems, to survive, essentially, is a hell of a lot of imagination, rooted in altruism. I believe that with all my KNOWing and BLOWing guts!

And so here I go again, reimagining the French ideals of ""liberté, égalité, fraternité"", through my candid, psychedelic lens, and praying for the good kind of “weird” to rise—not through force, but(t) through the ""sharp perfume"" of curiosity, in the name of truth seeking, enlightenment through knowledge and transparency... i.e. what it would actually take to help make the world a better-not-worse place, for 99% of us. 

Blessed be the sincere, brave, creative outliers who refuse to stop GROWing, those who can fathom how to keep blooming in a mad, hostile world! Oh and, “thank god for dogs”, you know? ;)

—

@bananasutra #songlyrics

[Verse 1]
Top tier, crème de la crème, awe-dipped show
99 percent bros dunno how to flow
All fools in their heads, conformity blows foes
But curiosity, I grow where her compass goes

[Chorus]
No suits, no ties, you can’t buy my devotion
Authentic waves glow, life is an ocean
Fake smiles sink, truth's the only potion
1 percent rising, creative evolution 

[Verse 2]
Power hoarders smirk when truth step in the room
Egos shiver when they smell its sharp perfume
Designed by the cosmos, shared for the bloom,
Creative ignition, let gloom & doom consume

[Bridge]
Humility shines, cutting through the fog
Trailblazing paths with sparks in the slog
Watching starving minds, as they feed their hogs
Oh boy, it smells boring, thank god for dogs

[Verse 3]
Curiosity’s infinite, genius on beats
Sowing questions seeds in them cold concrete streets
Blueprint of the weird, no tricks, no cheats
Just a heart that sings trust, not compete

[Chorus]
No suits, no ties, you can’t buy my devotion
Authentic waves glow, life is an ocean
Fake smiles sink, truth's the only potion
1 percent rising, creative evolution!

—

EPx6 flows from Psychedelic Punk Rock (1-3) to Gipsy LOFI (4-6). It's raw, imperfect, and radically hope fool... and available for free on #soundcloud Enjoy 😘","OnePercent,Rising,🌝,Conscious Lyrics,Gipsy LoFi",,Bilingual,"GROWsutra : DARE (to Care),PEACE CIRCUS,GROWsutra,LOFIsutra,SHORTsutra Bananas Matter,Bible Gone Bananas",6,,public,checked,youtube,,New,,cKRqEgbCfQA
"I gotta confess, it’s true a duck can make life feel #hopelessly #notgreat 🦆🇺🇸💔📺🌫️ #bekind",Ordo Amoris in Decay (All I Want Is To Believe),L-178,checked,9:16,2,2:41,"Music, Pop music",https://www.youtube.com/watch?v=xA3pa3tE2aA,Music Video,INDIE,BURLESQUE,"Accordion,Cello",GROWsutra,,,,,,2025-04-05,58,0,0,https://i.ytimg.com/vi/xA3pa3tE2aA/maxresdefault.jpg,,,,EN,"BLOWsutra : Apes Gone Wrong,“UNAVAILABLE” Content said YouTube Music… Who knew? Not me!,BLOWsutra,FOTUS CIRCUS (Felon Of The United States),BURLESQUEsutra,SHORTsutra Bananas Matter,Bible Gone Bananas",7,,public,checked,youtube,,New,,xA3pa3tE2aA
Ordo Amoris In Decay 🕊️🎻 BLOWsutra (Apes Gone Wrong) Psychedelic Indie Cello World Peace Chanson 🍷🎶,Ordo Amoris in Decay (All I Want Is To Believe),L-178,checked,16:9,5,3:27,"Electronic music, Independent music, Music, Pop music, Rock music",https://www.youtube.com/watch?v=315UmHBAQGk,Music Video,INDIE,WORLD,Cello,GROWsutra,,,,checked,"nun drinking wine on iphone, while war rages behind",2026-01-08,6,0,1,https://i.ytimg.com/vi/315UmHBAQGk/maxresdefault.jpg,"This is a song inspired by the belated Pope having to lecture (recently converted Appalachian VP) JD Vance on the true meaning of “Ordo Amoris”—after Trump administration cut 100% of American funding on ALL International Aids programs, effectively condemning millions of humans to suffer and die (many of them innocent and vulnerable children only guilty of being born on the wrong side of imperialism)… and dared called it a patriotic christian act of love #ahem

It was also written on Pride month, with a capital P… because as queer and principled as I may be, loud and proud was never my thing. My opinions are often strong but also very open, and my personality, my authenticity may look loud & proud to some, but it isn't. My faith is just fiercely curious, conscious, conscientious, and shamelessly vulnerable--brave but not proud, bright but definitely not always right, ha. 

Plus, to me, it is people who are most humble and sensitive who seem most sensible, who tend to shine the most beautiful, poetic, warm, safe, true, magical light; especially in a world where (alleged) “winners” are just as loud and proud and fools of shite as they are fake, selfish, shallow, and too often, cruel (sigh)... 

This is what this song is about, my longing for more humble compassion and simple, genuine connections 📱✨

—
@b@bananasutrasonglyrics 

“Ordo Amoris in Decay” 

[Intro]  
Can we speak of humble truth, not pride  
Can you feel the spiral, the backwards tide  

Ordo Amoris in decay  
Homo Justice's now passé 

[Verse 1]  
In a world of pride, I must confess  
That ain't my vibe, I digress  
Blending in? Man, what a mess  
In this idiocracy, it’s all stress  

[Pre-Chorus]  
I don’t wanna fight, I just wanna dream  
Chasing a light, even just a gleam  
Now winning’s just some twisted scheme  
Holy spirits lost in the extreme  

[Chorus]  
Authenticity, humility, keep it tight  
Why cheer for pride when ego takes flight  
Its dirty shadow swallows the night  
All I wanted was to share our light  

[Verse 2]  
March for peace, respect in our soul  
Dance like fools, play the sacred role  
Pride divides, and it takes its toll  
So choose love, let it take control  

[Chorus]  
Authenticity, humility, keep it tight  
Why cheer for pride when ego takes flight  
Its dirty shadow swallows the night  
All I wanted was to feel our light  

[Bridge]  
Who, why, how, don’t even know  
Reason’s ladder broke long ago  
Pride kills peace in a fatal blow  
Ordo Amoris, faith let go  

[Chorus]  
Authenticity, humility, keep it tight  
Why cheer for pride when ego takes flight  
Its dirty shadow swallows the night  
All I wanted was to share our light  

[Outro]  
In this ambient apathy, I can’t find peace  
No breath of truth, no sweet release  
Where’s the love, sacred gratitude
I’m dead inside, the world's too crude",,,EN,"BLOWsutra : Apes Gone Wrong,PEACE CIRCUS,BLOWsutra,LOFIsutra,Bible Gone Bananas",5,,public,checked,youtube,,New,,315UmHBAQGk
"Oxytocin (Dopamine, Serotonin)• EPx2 FLOWsutra Psychedelic Neurotransmitters Mnemonics LOFI 🎼🎧",Oxytocin,L-324,checked,16:9,4,6:12,"Electronic music, Music, Pop music",https://www.youtube.com/watch?v=0jChJY2K85o,EP Compilation,LOFI,JAZZ,Voice,FLOWsutra,,,,,DJ hot banana is a bit blurry but(t) she don't care,2026-02-04,7,0,0,https://i.ytimg.com/vi/0jChJY2K85o/maxresdefault.jpg,"00:00 Track 1
02:39 Track 2

Remembering the respective roles of the Dopamine, Serotonin, and Oxytocin neurotransmitters… So, I wrote a song about it :)

The gist of it:
- Dopamine says “do more”
- Serotonin says “all done”
- Oxytocin is the true bond maker, the trust neurotransmitter, i.e. the FLOWsutra magic ingredient 

@bananasutra #neuroscience #songlyrics 

[Intro – le why]
Dopamine, serotonin, oxy-to-cin… huh?
Who you chase? Why not chill? Let me tell you how, hun.
Feel the flow and rhythm of science,
And dance the neurotransmitters dance.

[Verse 1 – dopamine aka the chase]
Dopamine sings, “do more, lean in,”
Heat in the hips, that greedy grin.
Blessed be fire, thrill and bite,
Burn too fast, you’ll lose the light.

Highs hit hard, the pulse, the crave,
Push and pull like a tidal wave.
Chase it all, the rush, the spin,
But alone, the thrill is no win-win.

[Bridge – dopamine → serotonin]
The thrill is sweet, but never lasts,
Let’s slow it down, let the highs pass…

[Verse 2 – serotonin aka the chill]
Serotonin sighs, “all done, breathe,”
Dropped shoulders, feeling at ease…
Pure joy in flight, light in my chest,
Alone it fades, it’s not the best.

Peace drifts in like a gentle tide,
Soft and steady, nothing to hide…
But calm alone can’t seal the deal,
Need a touch to make it real.

[Bridge – serotonin → oxytocin]
But alone, the calm is just a part,
Here’s how trust ignites the heart…

[Chorus – oxytocin aka the FLOW]
Oxytocin says, stay right here,
Tender touch, keep us near.
No hit-and-quit, trust comes first,
Feel the flow, forget the thirst.

Oxytocin says, hold me tight,
Gentle heat in the softest light.
No fleeting highs, no fight, no plight,
Just stay, just feel, how love feels right.

[Verse 3 – the peace and flow equation]
Chase me a little, then let’s dwell,
Want plus care, that’s the magick spell.
Share your truth, forget the fake,
Dare to give, and not just take.

Blend the spark with steady flame,
Honest hearts KNOW trust’s true game.
No push, no pull, just synced in time,
The flow and glow, the perfect rhyme.

[Chorus – oxytocin aka the FLOW]
Oxytocin says, stay right here,
Tender touch, keep us near.
No hit-and-quit, trust comes first,
Feel the FLOW, forget the thirst.

Oxytocin says, hold me tight,
Gentle heat in the softest light.
No fleeting highs, no fight, no plight,
Just stay, just feel, how love feels right.

[Outro – patience & gratitude aka the GROW, FLOW, & GLOW]
Do more… all done… hold me tight,
Let the kink sink in, science in sight.
Blink, blush, breathe, feel the shift,
FLOWsutra magick, the sweetest gift.

Stay right here, let it GROW, expand,
FLOWS entwined, take my hand…
Neurochemistry in every kiss,
Oxytocin, the ultimate bliss.

—

Title note: Mnemonics are memory-enhancing techniques that transform complex information into easier-to-remember formats—like acronyms, rhymes, or visual stories—by forming associations. Rooted in the Greek word for ""mindful"" and historically used by philosophers, they aid recall, improve learning efficiency, and boost performance.","Songwriting,AI Music,Suno 5,AI Voiceover,Oxytocin,Dopamine,Serotonin,Neurotransmitters Explained,Mnemonics",EPx2,Bilingual,"FLOWsutra : FLY (like water),FLOWsutra,LOFIsutra,Bible Gone Bananas",4,,public,checked,youtube,,New,,0jChJY2K85o
"Oy! We Care! 🇺🇸🧨 LA, DC, CHI, Boston, Memphis, & now Portland #revolutioneducation #songoftheday","Oy, We Care",L-180,checked,9:16,4,2:57,"Independent music, Music, Pop music, Rock music",https://www.youtube.com/watch?v=yXvIwa-Rqfw,Commentary,ROCK,BURLESQUE,Guitar,BLOWsutra,,,,checked,Miss duckty ain't into ICE shit,2025-09-28,122,1,0,https://i.ytimg.com/vi/yXvIwa-Rqfw/maxresdefault.jpg,,,,FR,"ROCKsutra,BLABLAsutra,FOTUS CIRCUS (Felon Of The United States),SHORTsutra Bananas Matter,Bible Gone Bananas",5,,public,checked,youtube,,New,,yXvIwa-Rqfw
“Peace Unseen”—authentic ideals served with a jazzy FLOWsutra Banjo #Blues #Revolution song 🕊️💨,Peace Unseen,L-403,checked,16:9,4,3:29,Music,https://www.youtube.com/watch?v=JVkTjFgSHvM,Music Video,JAZZ,BURLESQUE,"Upright Bass,Voice",FLOWsutra,,,,,"Here she is again, kiddo and her green apple, lost in the blur of life",2025-04-07,21,,0,https://i.ytimg.com/vi/JVkTjFgSHvM/maxresdefault.jpg,"... a true story, basically. Blessed be the magic of #compassion and #innovation  🍏 🎶  
--
@bananasutra #lyrics with #aivoice on #sunomusic 
[Verse]
Above the world
Just below the sky (ooh-yeah!)
She floats on dreams
Letting time fly (oh-oh)
Soft whispers tease through her hair (soft whispers)
An ethereal bond
A mystery rare (so rare)

[Chorus]
Suspended in time
Serene view (serene view)
A slender thread
Connection new (new connection)
Fading into the calm
Her dream (her dream)
In the vast blue
She finds peace unseen (peace unseen)

[Verse 2]
Her eyes close gently
Skies so grand (so grand)
Lost in a daze
In the sun’s soft hand (soft hand)
Whispers around from clouds so white (so white)
Held by a line
In peace
She finds light (finds light)

[Bridge]
As the world turns
Untouched she stays (she stays)
In her cloud cocoon
Through endless days (endless days)
A mid-air dance
With grace she sways (she sways)
Above the cares
In a dreamy haze (dreamy haze)

[Chorus]
Suspended in time
Serene view (serene view)
A slender thread
Connection new (new connection)
Fading into the calm
Her dream (her dream)
In the vast blue
She finds peace unseen (peace unseen)

[Outro]
May she glide in skies so wide (so wide)
Dreams her guide
In clouds she’ll hide (she’ll hide)
Above
Where winds weave tales untold (untold tales)",,,EN,"FLOWsutra : FLY (like water),PEACE CIRCUS,FLOWsutra,JAZZsutra,Bible Gone Bananas",5,checked,public,checked,youtube,,New,,JVkTjFgSHvM
Peace Unseen • Banjo Blues FLOWsutra,Peace Unseen,L-403,checked,16:9,4,3:29,Music,https://www.youtube.com/watch?v=Mz4wS5lEAO8,Music Video,JAZZ,BURLESQUE,"Upright Bass,Voice",FLOWsutra,,,,,"Somewhere in a breezy abandanned living roo, wiwth my rabbot",2025-03-06,29,,0,https://i.ytimg.com/vi/Mz4wS5lEAO8/maxresdefault.jpg,,,,EN,"FLOWsutra : FLY (like water),FLOWsutra,BANJOsutra,LULLABIESsutra,Bible Gone Bananas",5,,public,checked,youtube,,New,,Mz4wS5lEAO8
"A redux of ""Felon Nation"" : ""PED0 NATION"" is an overwhelmingly likely truth YT censors",Pedo Nation (Felon Nation Redux),L-184,checked,16:9,4,3:35,"Independent music, Music, Pop music",https://www.youtube.com/watch?v=pSRnVyMMqDo,Music Video,BLUES,FOLK,Banjo,QUACKsutra,,,,,"the rabbit, the pipe and me, and a special murica housewife tv show",2025-06-28,14,0,0,https://i.ytimg.com/vi/pSRnVyMMqDo/maxresdefault.jpg,"Please trust that, unlike corporations and individual with no conscience censoring real news, my shame ain’t tiny… in fact, to be completely honest, it’s overwhelmingly sickening. But(t) in the name of true history, some American Horror Stories MUST be told. 

This is why this song exists, in the holy #BLOWsutra tradition--because a song is a witness that cannot be suicided, and the facts in question facts simply cannot be denied, ignored, nor forgotten. 

I mean, wow, OH BOY, what a CLASSIC trifecta we have here: felon elite protection, rape convict culture, and now, some good old underage loving too (not to mention child trafficking) heh!? 

Cognitive dissonance is such a b!tch… and more importantly, please note: the very safety of American women—no matter their age—is officially a national emergency! 
---

🎵 Pedo Nation (Felon Nation Redux)
Lyrics by @bananasutra 

[Verse 1]Is Murica hopeless—bamboozled, breathless?A failed state of “greatness”Built on pain and faithless.
Where truth gets gagged,and justice sleeps,While predators smilewith secrets they keep.
This is a song for the silenced girls—Trauma wrapped in ribbons and pearls.Private jets to secret places,Rich old men with masked faces.

[Pre-Chorus]Classified flights,Blackmail nights,Rooms of doomand paid-off rights.

[Chorus]Pedo nation!Where daddies buy their alibis.Pedo nation!Where the truth gets buried when witnesses die.

[Verse 2]Famous men with tiny shame,Hiding behind their power and fame.Fraudsters, rapists, billionaires—Teflon-slick and justice-impaired.
Felons rigging rules they wrote,Trafficking kids like trading notes.Consent erased, replaced with lies—Pussy-grabbing crowned as wise.

[Pre-Chorus 2]They groom, they gaslight,Then grin on TV.America, land of the free......for predators with impunity.

[Chorus]Pedo nation!Golden showers, hush campaigns.Pedo nation!Where every death smells like Epstein's name.

[Bridge]When daddy’s horny,he plays the king—A tantrum, a mistress,another hush ring.
A girl goes missing,a story gets blurred,Another name redacted,another truth unheard.

[Verse 3] This ain't a metaphor.It’s blackmail and bribes.It’s teenage bodieson Lolita flights.
It’s dungeons of silence,and dollars for pain.A nation that worshipsthe predators’ name.

[Final Chorus]Pedo nation!Built on secrets, greed, and shame.Pedo nation!Where justice dies to protect their name.

[Outro]No shame, no blame—just hush and fame.Classified sinsin a gilded frame.","aivoice,sunomusic,soulmatters,original lyrics,philosophy,music therapy",,EN,"BLOWsutra : DUCK (Shady),FOLKsutra,BLOWsutra,FOTUS CIRCUS (Felon Of The United States),Bible Gone Bananas",5,,public,checked,youtube,,New,,pSRnVyMMqDo
Ped0 Nation : Never mind me documenting underrated American #historyfacts over here  🤢,Pedo Nation (Felon Nation Redux),L-184,checked,16:9,4,3:49,Music,https://www.youtube.com/watch?v=f2QV6g1r6uU,Music Video,INDIE,MANTRA,Cello,QUACKsutra,,,,,"aindroid tv, and that pigeon",2025-06-25,9,0,0,https://i.ytimg.com/vi/f2QV6g1r6uU/maxresdefault.jpg,"Is Murica hopeless
bamboozled, breathless?
A failed state of “greatness”
Built on pain and faithless.

Where truth gets gagged,
and justice sleeps,
While predators smile
with secrets they keep.

This is a song for the silenced girls
Trauma wrapped in ribbons and pearls.
Private jets to secret places,
Rich old men with masked faces.

Classified flights,
Blackmail nights,
Rooms of doom
and paid-off rights.

[Chorus]
Pedo nation!
Where daddies buy their alibis.
Pedo nation!
Where the truth gets buried when witnesses die.

Famous men with tiny shame,
Hiding behind their power and fame.
Fraudsters, rapists, billionaires
Teflon-slick and justice-impaired.

Felons rigging rules they wrote,
Trafficking kids like trading notes.
Consent erased, replaced with lies
Pussy-grabbing crowned as wise.

They groom, they gaslight,
Then grin on TV.America,
land of the free...
...for predators with impunity.

[Chorus]
Pedo nation!
Golden showers, hush campaigns.
Pedo nation!
Where every death smells like Epstein's name.

When daddy’s horny,he plays the king
A tantrum, a mistress,another hush ring.
A girl goes missing,a story gets blurred,
Another name redacted,another truth unheard.

This ain't a metaphor.
It’s blackmail and bribes.
It’s teenage bodies
on Lolita flights.

It’s dungeons of silence,
and dollars for pain.
A nation that worships
the predators’ name.

[Final Chorus]
Pedo nation!
Built on secrets, greed, and shame.
Pedo nation!
Where justice dies to protect their name.

No shame, no blame
just hush and fame.
Classified sinsin a gilded frame.",,,EN,"BLOWsutra : DUCK (Shady),REALsutras,“UNAVAILABLE” Content said YouTube Music… Who knew? Not me!,BLOWsutra,FOTUS CIRCUS (Felon Of The United States),Bible Gone Bananas",6,,public,checked,youtube,,New,,f2QV6g1r6uU
Peel Me Kindly 🍌💦 A SHOWsutra (True) Gipsy Jazz Love Story Gone Silly ‘n Sweet Bananas 🎶,Peel Me Kindly,L-185,checked,16:9,5,4:42,"Independent music, Jazz, Music, Pop music",https://www.youtube.com/watch?v=fxVNlV2gkVk,Music Video,FOLK,JAZZ,Guitar,GROWsutra,,,,checked,"she cute, with her polka dot paper and magic banana frame",2025-12-06,28,2,0,https://i.ytimg.com/vi/fxVNlV2gkVk/maxresdefault.jpg,"Just another nerdy tender banana peel breather moment, with my quirky sensible sincerity compass and my silly sensitive gipsy #jazzy revolutionary soul 🍌🎶

… I've been working on a bunch of BLOWsutra Gipsy Revolution songs—because the more I understand how mad bullshit bananas the world has gone, the more I can't help but(t) help me cope, by letting conscious, caring poetry pour out of me 😅

And so, to help get my cortisol stress levels down, why not imagine you peeling me kindly, SHOWsutra meets FLOWsutra style, heh?! That sure is one delightfool way to nurture a brave smile, embrace the absurd, vulnerable truths we all share, and perhaps, help the universe align 😇 #blessedbebananas #peelmekindly

—
@bananasutra #originalsong #lyrics 

[Verse 1]
I don’t polish my edges, I don’t smooth out my flame,
what you see is the voltage, not a costume, not a game.
I don’t whisper for pity or rehearse what I feel,
I just call it like lightning, and I call the lightning real.

[Verse 2]
I don’t sugar my meaning just to make it go down,
if the truth makes you dizzy, babe, enjoy the way you spin around.
I won’t package my softness like a product for the blind,
but if you’re curious and honest, you can try to peel me kind.

[Pre-Chorus]
Yeah, I know I’m a handful, but not in the way they mean,
I’m the part of human nature that stays messy, bright, and clean.

[Chorus]
So peel me kindly, no performance, no delay,
just a soul that likes to laugh while it’s lighting up the way.
Peel me kindly, take your time but stay awake,
‘cause the truth is only sweet when you savor what’s at stake.

[Verse 3]
I don’t flirt with deception, I don’t bargain with my light,
I’m a woman built for clarity, not the theater of polite.
If my humor feels like wisdom with a twist of rebel shine,
it’s because the absurd truth makes the universe align.

[Bridge]
I’m not hiding a secret, I’m not guarding a throne,
what I share is what I live, and what I live feels like home.
So if you need a safe illusion, darling, scroll another feed,
but if you want a real connection… take a breath and take the lead.

[Final Chorus]
Peel me kindly, see the humor in the core,
see the part that keeps on dancing while the world wants something more.
Peel me kindly, feel the warmth inside the wise,
‘cause the sweetest revelations are the ones that don’t disguise.

[Glow-Out Outro]
If the night feels a little brighter when the truth and music blend,
just remember every human glow is meant to be a friend.
And the world gets so much lighter when we drop the heavy lies, 
so come shine with me a moment… let your heart stay uncompromised.",,,EN,"SHOWsutra: B.J. is for Banana Joke,PEACE CIRCUS,SHOWsutra,JAZZsutra,Bible Gone Bananas",5,,public,checked,youtube,,New,,fxVNlV2gkVk
Penguins in Shoes 🐧💨 SHOWsutra dystopian gipsy trip-hop jazz fusion music,Penguins In Shoes,L-323,checked,16:9,4,3:01,"Electronic music, Jazz, Music",https://www.youtube.com/watch?v=RKguUsi33sU,Music Video,JAZZ,BURLESQUE,Upright Bass,SHOWsutra,,,,,But(t) have you seen the penguins show? They live on an island...,2025-12-11,19,0,0,https://i.ytimg.com/vi/RKguUsi33sU/maxresdefault.jpg,"“Penguins in Shoes” is a SHOWsutra fusion swirl of conscious psychedelic gipsy trip-hop jazz lofi tracks with a dystopian wink. This song was inspired by Anatole France’s 1908 masterpiece “Penguin Island”, a satire so fresh so sharp it somehow still feels like it was written yesterdaze. 

Anatole (i.e. Monsieur France:) took a flock of innocent penguins, accidentally baptized them into “humanity,” and used their bumbling new society to show how fear, vanity, power, myth-making, and herd logic à la ”Rhinoceros” all keep replaying in every era… including ours. It’s funny, it’s absurd, it’s painfully accurate, and delightfooly tender.

I love that tale, because it’s yet another “WTF is wrong with us?” novel, with a sweet absurdist stink of neo-realism in a world gone rotten bananas… It’s a quirky invitation to think, feel, and question authoritarianism, with cheeky, brave compassion—because critical clarity matters, and it’s true most cruelty is born from confusion, most dogma from fear, and most crowd madness from our longing to belong.

And my intention, with this song, is simply to bring a smile to my (and maybe your) day, and honor Anatole’s spirit—goofy, trippy, reflective—kinda like a cheeky little mirror held up to our collective wobble.

So, please do yourself a favor: read Penguin Island. It’s short, sharp, hilarious, unsettling, and kind. And a century later, it still explains more about the world than most wannabe pundits. And remember to enjoy the wobble along the way… may we all learn to slip with jester style 🙏

@bananasutra #originalsong #lyrics

[CHORUS]
We’re penguins in shoes, Making up truths.
Falling for news, Choosing our views.
We slip, we refuse, We win, then we lose.
But love cuts through, Penguins… in shoes.

[VERSE 1 — “Holy Oops”]
A monk said “Oops,” then blessed a bird,
And suddenly justice looked absurd.
They built a state on shaky ground,
All waddle-talk and sacred sound.

[CHORUS]
We’re penguins in shoes, Making up truths.
Falling for news, Choosing our views.
We slip, we refuse, We win, then we lose.
But love cuts through, Penguins… in shoes.

[VERSE 2 — “The Pyrot Panic”]
They blamed one fool for stolen hay,
No proof, no logic… fear’s cliché.
Crowds love a tale that soothes their dread,
So truth got trampled, panic fed.

[CHORUS]
We’re penguins in shoes, Making up truths.
Falling for news, Choosing our views.
We slip, we refuse, We win, then we lose.
But love cuts throughPenguins… in shoes.

[VERSE 3 — “Borges on Ice”]
Tlon seeped in with quiet grace,
New worlds replaced the human race.
Stories glued the cracked veneer,
Dreams turned fact when whispered near.

[CHORUS]
We’re penguins in shoes, Making up truths.
Falling for news, Choosing our views.
We slip, we refuse, We win, then we lose.
But love cuts throughPenguins… in shoes.

[OUTRO — “Reflective Empathy”]
So pause your heart before you bite,
Most fights just mask a hidden fright.
Look twice, each fool you want to blame
Is you in feathers, same damn game.

—
#anatolefrance #novelsthatmatter #dystopianart #circa2025 #bananasutracabaret #unreleased #psychedelicjazz #consciousliving #absurdistcomedy #suno5 #aivoiceover #midjourneydream",,,Bilingual,"SHOWsutra : Fanana Club,PEACE CIRCUS,PIANOsutra,JAZZsutra,Bible Gone Bananas",5,,public,checked,youtube,,New,,RKguUsi33sU
Why Wars? Predators—a highly common personality type fostered by a total lack of ethical standards 💨,Predators (Why War),L-194,checked,16:9,3,3:05,"Music, Pop music",https://www.youtube.com/watch?v=4qCNg79Vfgw,Music Video,JAZZ,INDIE,Voice,KNOWsutra,,,,,,2025-01-07,30,,0,https://i.ytimg.com/vi/4qCNg79Vfgw/maxresdefault.jpg,"Subscribe to ⁠@bananasutra for philosophical music therapy sessions—made of authentic ideas, absurd interrogations, and an absolutely adorable imagination, with homemade DIY  graphics + lyrics + ai vo 🍌🎧

[Verse]
Predators in history
Memories in mystery
Praying with integrity
Morality
Oh misery

[Verse 2]
Destruction and desperation
Truth lost in hesitation
Asking for transparency
Facts disappear instantly

[Chorus]
Toxic like nut ducks
Starving us
Hurting us
Killing us
Who knows why
Tell me why
Oh why they die

[Bridge]
Why lie and deny
Deny
War
Fright
Endless cries
Fools and feelings
All defied
Why
Why kids are allowed to die

[Chorus]
Toxic like nut ducks
Starving us
Hurting us
Killing us
Who knows why
Tell me why
Oh why they die

[Verse]
No one cares
No one hears
Shouting gone
Fighting fears
Toxic lies they throw high
Still I ask
Why they die",,,EN,"KNOWsutra : But(t) Whyyy,KNOWsutra : PEACE (Not War),PEACE CIRCUS,JAZZsutra,BLOWsutra,Bible Gone Bananas",6,,public,checked,youtube,,New,,4qCNg79Vfgw
“Profane Obscenities”—a song inspired by the Easter Day “Presidential Speech” circa 2025 🎤🐙📺🍌,Profane Obscenities,L-322,checked,16:9,4,3:23,"Music, Pop music, Religion",https://www.youtube.com/watch?v=Am6WjmNMajM,Music Video,SPOKEN WORDS,INDIE,Voice,QUACKsutra,,,,,"And, now the octopus woman is on tv, by the banana speaker",2025-11-03,8,0,0,https://i.ytimg.com/vi/Am6WjmNMajM/maxresdefault.jpg,"'@bananasutra #originalsong #lyrics—inspired by  
the official “presidential” Easter speech #circa2025 (ahem… words are lacking)

…

Sometime you see something so wrong,  
it’s not even scandalous anymore—it’s just obscene profanities disguised as a ""normal"" political ritual…. #pinchme 

This song is for all the sacred things trampled without even a second thought. 
It’s called ‘Profane Obscenities.’

If we had but the truth,Not twisted for profit,If we had but the faith,Untouched by a wallet,
If we had but the vows,Still sacred, still solemn,If we had but the hands,Unsoiled by gold columns

We could maybe still sing,We could maybe still hope,We could maybe still breathe,Through the tightening rope.

If we had but the law,Not bartered for favors,If we had but the grace,Not clutched by defamers,
If we had but the oaths,Not smirked into silence,If we had but the cross,Not wielded with violence

We could maybe still stand,We could maybe still trust,We could maybe still findA soul left in the dust.

But instead we have blaspheme,And a flag wrapped in shame,And the sacred made market,And the market made game.
We have pulpits of poison,We have temples of greed,We have prayers made of profit,We have sins without need.

We have kings without conscience,We have crowns made of lies,We have scriptures rewrittenBy the hungriest eyes.
We have banners of virtue,Waved by hands that defile,We have piety pimped out,To the loudest denial.

If we had but the shame,If we had but the grief,If we wept for the ruin,Not profaned disbelief

We might still be obscene,But we'd know we were wrong.Instead we call this…just another day gone.
Just another day gone.",,,EN,"BLOWsutra : DUCK (Shady),BLOWsutra,FOTUS CIRCUS (Felon Of The United States),BURLESQUEsutra,Bible Gone Bananas",5,,public,checked,youtube,,New,,Am6WjmNMajM
FOTUS “Profane Obscenities” • Easter Day 2025 BS Speech • BLOWsutra Indie Music 🎹🎶,Profane Obscenities,L-322,checked,16:9,4,3:23,"Hip hop music, Independent music, Music",https://www.youtube.com/watch?v=EFV-ZGZhwjo,Music Video,SPOKEN WORDS,INDIE,Voice,QUACKsutra,,,,,"The little girl and the crow, on tv...",2025-07-19,18,0,0,https://i.ytimg.com/vi/EFV-ZGZhwjo/maxresdefault.jpg,"Because lyrics—i.e. the meaning of what is being said, the intention behind the song—matter just as much (if not more) than the music, and… the safety of children is the most precious thing on earth 📺🦅 #preach #peace #unreleasedmusic (*)

@bananasutra lyrics, inspired by the “Profane Obscenities” aka the offensive, nonsensical, ludicrous lies I heard coming out of FOTUS’ mouth on Easter Day 2025:

See... Sometimes you see something so wrong, it’s not even scandalous anymore — it’s just obscene profanities disguised as a ""normal"" political ritual. Pinch me?! 
This song is for all the sacred things trampled without even a second thought. 
It’s called ‘Profane Obscenities.’
...

If we had but the truth,
Not twisted for profit,
If we had but the faith,
Untouched by a wallet,

If we had but the vows,
Still sacred, still solemn,
If we had but the hands,
Unsoiled by gold columns

We could maybe still sing,
We could maybe still hope,
We could maybe still breathe,
Through the tightening rope.

If we had but the law,
Not bartered for favors,
If we had but the grace,
Not clutched by defamers,

If we had but the oaths,
Not smirked into silence,
If we had but the cross,
Not wielded with violence.

We could maybe still stand,
We could maybe still trust,
We could maybe still find
A soul left in the dust.

[crescendo]
But instead we have blaspheme,
And a flag wrapped in shame,
And the sacred made market,
And the market made game.

We have pulpits of poison,
We have temples of greed,
We have prayers made of profit,
We have sins without need.

[faster, more hypnotic and syncopated—riding the anger]
We have kings without conscience,
We have crowns made of lies,
We have scriptures rewritten
By the hungriest eyes.

We have banners of virtue,
Waved by hands that defile,
We have piety pimped out,
To the loudest denial.

If we had but the shame,
If we had but the grief,
If we wept for the ruin,
Not profaned disbelief...

[crescendo again into finale]
We might still be obscene,
But we'd know we were wrong.
Instead we call this…
just another day gone.

__

🎧 (*) “If We Had But(t) The Truth” is a sister song of this one, with lyrics made with my heart, and #released on #soundcloud as an EPx5 ref: soundcloud.com/bananasutra/sets/if-we-had-butt-the-truth-easterican-profanities-epx5-quacksutra

🎬 Music made with #sunoai & #video made with #midjourneyai + #inshotediting",,,EN,"BLOWsutra : DUCK (Shady),BLOWsutra,FOTUS CIRCUS (Felon Of The United States),Bible Gone Bananas",4,checked,public,checked,youtube,,New,,EFV-ZGZhwjo
Profane Obscenities 🌕📺🦆🤬💨,Profane Obscenities,L-322,checked,9:16,3,2:53,"Music, Pop music",https://www.youtube.com/watch?v=rInKDMgcsR8,Music Video,BURLESQUE,JAZZ,"Accordion,Piano",QUACKsutra,,,,,,2025-05-26,239,0,0,https://i.ytimg.com/vi/rInKDMgcsR8/maxresdefault.jpg,,,,EN,"BLOWsutra : DUCK (Shady),BLOWsutra,FOTUS CIRCUS (Felon Of The United States),SHORTsutra Bananas Matter,Bible Gone Bananas",5,,public,checked,youtube,,New,,rInKDMgcsR8
Project 2025 on my mind • #unbranded KNOWsutra bible cabaret • GOSPEL,Project 2025 (Honky tonk dreams in the land of the free),L-197,checked,16:9,4,3:28,"Music, Religion",https://www.youtube.com/watch?v=GxMcjM_CllA,Music Video,BLUES,"JAZZ,MANTRA","Upright Bass,Banjo",QUACKsutra,,,,,"Another surreal retro living room, with a kitty chasing a butterfly and a weird tv show of a woman being misstreated...",2025-01-21,20,,0,https://i.ytimg.com/vi/GxMcjM_CllA/maxresdefault.jpg,,,,EN,"BLOWsutra : DUCK (Shady),FOLKsutra,BLOWsutra,BANJOsutra,FOTUS CIRCUS (Felon Of The United States),Bible Gone Bananas",6,,public,checked,youtube,,New,,GxMcjM_CllA
Can we talk about FOTUS hardcore lying to the people’s face about his “Project 2025” plans?? ⁉️🤥,Project 2025 (Honky tonk dreams in the land of the free),L-197,checked,16:9,5,3:17,"Electronic music, Society",https://www.youtube.com/watch?v=MxMktpwWYik,Music Video,JAZZ,LOFI,"Upright Bass,Voice",QUACKsutra,,,,,Is it a dream?... It feels like it!,2025-03-01,18,,0,https://i.ytimg.com/vi/MxMktpwWYik/maxresdefault.jpg,"Ahem… a serious matter, I reckon, you reckon?…",,,EN,"BLOWsutra : DUCK (Shady),JAZZsutra,BLOWsutra,FOTUS CIRCUS (Felon Of The United States),Bible Gone Bananas",5,,public,checked,youtube,,New,,MxMktpwWYik
U didn’t read #project2025 yet bc u 1) don’t like #spoilers or are 2) an ostrich 3) dodo inside 🦤⁉️,Project 2025 (Honky tonk dreams in the land of the free),L-197,checked,9:16,3,2:59,Lifestyle (sociology),https://www.youtube.com/watch?v=fqpjZhM0kps,Music Video,JAZZ,FOLK,"Guitar,Voice",QUACKsutra,,,,checked,Handmaid's tale twisted,2025-04-02,57,,0,https://i.ytimg.com/vi/fqpjZhM0kps/maxresdefault.jpg,,,,EN,"BLOWsutra : DUCK (Shady),“UNAVAILABLE” Content said YouTube Music… Who knew? Not me!,BLOWsutra,FOTUS CIRCUS (Felon Of The United States),BURLESQUEsutra,SHORTsutra Bananas Matter,Bible Gone Bananas",7,,public,checked,youtube,,New,,fqpjZhM0kps
This is #notadrill  🫡 🚨 FOTUS always lied… but  the #project2025 lies are proving to be #theworst,Project 2025 (Honky tonk dreams in the land of the free),L-197,checked,16:9,2,3:59,"Pop music, Society",https://www.youtube.com/watch?v=csEWczB6A7E,Music Video,BLUES,SPOKEN WORDS,Voice,QUACKsutra,,,,,,2025-03-24,15,,0,https://i.ytimg.com/vi/csEWczB6A7E/maxresdefault.jpg,"And, I'm just gonna leave the notes I used to write this song on PROJECT 2025, back in July 2024, in case you're still unsure what's #comingsoon to a Murica Twilight zone near you... as FOTUS Circus Dogelon Trusk SWAT teams continues to plow (and salute) through rules of law established decades ago, so far so fast, heh (like gone bananas power X)... as if that was the f-plan all along, and the ruthless Felon(s) of Shame just lie(s) to the People's face, and on and one heh?! But the craziest part of this story is just how much lying one can get away with these daze! Like, wtfh 😱😈

PROJECT 2025 ☠ OFFICIAL TOP GOALS
1. End no fault divorce
2. Complete ban on abortions without exceptions
3. Ban contraceptives
4. Additional tax breaks for corporations and the 1% Higher taxes for the working class
5. Elimination of unions and worker protections
6. Raise the retirement age
7. Cut Social Security
8. Cut Medicare
9. End the Affordable Care Act
10. Raise prescription drug prices
11. Eliminate the Department of Education
12. Use public, taxpayer money for private religious schools Teach Christian religious beleifs in public schools End free and discounted school lunch programs End civil rights & DEl protections in government
13. Ban African American and gender studies in all levels of education
14. Ban books and curriculum about slavery
15. Ending climate protections
16. Increase Arctic drilling
17. Deregulate big business and the oil industry Promote and expedite capital punishment
18. End marriage equality
19. Condemn single mothers while promoting only ""traditional families""
20. Defund the FBI and Homeland Security
21. Use the military to break up domestic protests
22. Mass deportation of immigrants and incarceration in ""camps""
23. End birth right citizenship
24. Ban Muslims from entering the country
25. Eliminates federal agencies like the FDA, EPA, NOAA and more Continue to pack the Supreme Court, and lower courts with right-wing judges

(GASP)  #felonsnation",,,EN,"BLOWsutra : DUCK (Shady),BLOWsutra,FOTUS CIRCUS (Felon Of The United States),BURLESQUEsutra,Bible Gone Bananas",5,,public,checked,youtube,,New,,csEWczB6A7E
As FOTUS Circus Dogelon Trusk TWATs teams continue to plow (and salute) and the people just watch 📺🚨,Project 2025 (Honky tonk dreams in the land of the free),L-197,checked,16:9,3,3:59,"Pop music, Society",https://www.youtube.com/watch?v=bDeJjayZsoM,Music Video,FOLK,BLUES,Voice,QUACKsutra,,,,,,2025-03-06,31,,0,https://i.ytimg.com/vi/bDeJjayZsoM/maxresdefault.jpg,"And, I'm just gonna leave the notes I used to write this song on PROJECT 2025, back in July 2024, in case you're still unsure what's #comingsoon to a Murica Twilight zone near you... as FOTUS Circus Dogelon Trusk SWAT teams continues to plow (and salute) through rules of law established decades ago, so far so fast, heh (like gone bananas power X)... as if that was the f-plan all along, and the ruthless Felon(s) of Shame just lie(s) to the People's face, and on and one heh?! But the craziest part of this story is just how much lying one can get away with these daze! Like, wtfh 😱😈

PROJECT 2025 ☠ OFFICIAL TOP GOALS
1. End no fault divorce
2. Complete ban on abortions without exceptions
3. Ban contraceptives
4. Additional tax breaks for corporations and the 1% Higher taxes for the working class
5. Elimination of unions and worker protections
6. Raise the retirement age
7. Cut Social Security
8. Cut Medicare
9. End the Affordable Care Act
10. Raise prescription drug prices
11. Eliminate the Department of Education
12. Use public, taxpayer money for private religious schools Teach Christian religious beleifs in public schools End free and discounted school lunch programs End civil rights & DEl protections in government
13. Ban African American and gender studies in all levels of education
14. Ban books and curriculum about slavery
15. Ending climate protections
16. Increase Arctic drilling
17. Deregulate big business and the oil industry Promote and expedite capital punishment
18. End marriage equality
19. Condemn single mothers while promoting only ""traditional families""
20. Defund the FBI and Homeland Security
21. Use the military to break up domestic protests
22. Mass deportation of immigrants and incarceration in ""camps""
23. End birth right citizenship
24. Ban Muslims from entering the country
25. Eliminates federal agencies like the FDA, EPA, NOAA and more Continue to pack the Supreme Court, and lower courts with right-wing judges

(GASP)",,,EN,"BLOWsutra : FOTUS Circus,ROCKsutra,BLOWsutra,FOTUS CIRCUS (Felon Of The United States),Bible Gone Bananas",5,,public,checked,youtube,,New,,bDeJjayZsoM
Project 2025 Vol. 2: Why You Lie (to the People’s Face)? • FOTUS CIRCUS • FOLKsutra,Project 2025 (Honky tonk dreams in the land of the free),L-197,checked,16:9,4,3:00,"Christian music, Independent music, Music, Pop music",https://www.youtube.com/watch?v=6DSspHQO32k,Music Video,FOLK,,Guitar,QUACKsutra,,,,,This duck just watches TV and don't understand shit,2025-03-14,19,,0,https://i.ytimg.com/vi/6DSspHQO32k/maxresdefault.jpg,"First he lied, then he lied, and then some died! (And that, my dear, is my duckin’ poetic lyrics summary of the day, bc copy paste is boring lol)",,Vol.2,EN,"BLOWsutra : DUCK (Shady),FOLKsutra,BLOWsutra,FOTUS CIRCUS (Felon Of The United States),Bible Gone Bananas",5,,public,checked,youtube,,New,,6DSspHQO32k
Queer Almighty • DUB prayer • KNOWsutra (questions matter),Queer Almighty,L-198,checked,16:9,5,3:19,"Electronic music, Independent music, Music, Pop music",https://www.youtube.com/watch?v=dXtpP8PSL8w,Music Video,DUB,MANTRA,"Drum,Voice",GROWsutra,,,,,"Oh look, now it's me and my bambi, and butterfly... watching a dream on tv, in the desert.",2025-01-18,26,,0,https://i.ytimg.com/vi/dXtpP8PSL8w/maxresdefault.jpg,,,,EN,"GROWsutra : GOD (Questions Etc...),KNOWsutra,DUBsutra,Bible Gone Bananas",4,,public,checked,youtube,,New,,dXtpP8PSL8w
"Queer Almighty (Tell Me Why) • GROWsutra (God, Etc) Conscious Banjo Prayer Dream 🪕🐸",Queer Almighty,L-198,checked,16:9,4,3:29,Music,https://www.youtube.com/watch?v=MvcUjAsD2NU,Music Video,BLUES,,Banjo,GROWsutra,,,,checked,"Thank gods for frongs playing banjo, and free women on horses (fck that duck)",2025-12-03,11,0,0,https://i.ytimg.com/vi/MvcUjAsD2NU/maxresdefault.jpg,"If you’ve got sensible, friendly answers to my reasonable, holy questions… by all means, please feel free to be who you are, too, and share! 🍌🦆

—
@b@bananasutrariginal “Queer Almighty” #songlyrics 

God almighty, tell me why,
Being queer’s both shame and hide?
Is it fear or just the norm,
That makes it hard to transform?

What’s wrong, dangerous, scary to see?
A human brave enough to be free,
Authentic, curious, playful, and true,
Born to be who we feel we are, too.

How is evil still winning the game,
In this new millennium, democracy’s name?
I ask ‘cause I care to learn and understand,
Been listening, observing, it’s all so grand.

What’s wrong, dangerous, scary to see?
A human brave enough to be free,
Authentic, curious, playful, and true,
Born to be who we feel we are, too.

Dear god, I’m not gonna lie,
A little afraid you’ve been slacking, oh my,
Ahem, I’m asking with a sincere heart,
Guide us through, let the wisdom impart.

What’s wrong, dangerous, scary to see?
A human brave enough to be free,
Authentic, curious, playful, and true,
Born to be who we feel we are, too.",,,EN,"GROWsutra : GOD (Questions Etc...),PEACE CIRCUS,FOLKsutra,BANJOsutra,Bible Gone Bananas",5,,public,checked,youtube,,New,,MvcUjAsD2NU
Make songs not bongs 🪕📺🐸💡,Queer Almighty,L-198,checked,16:9,4,3:39,"Hip hop music, Music",https://www.youtube.com/watch?v=XKHiK-rMl-Y,Music Video,BLUES,,Banjo,GROWsutra,,,,,,2025-01-19,15,,0,https://i.ytimg.com/vi/XKHiK-rMl-Y/maxresdefault.jpg,,,,EN,"GROWsutra : GOD (Questions Etc...),BLOWsutra : DUCK (Shady),FLOWsutra,BANJOsutra,Bible Gone Bananas",5,,public,checked,youtube,,New,,XKHiK-rMl-Y
"God almighty, (please) tell me #why #queer is so wrong, scary, or dangerous? 🪕👼 #banjomusic",Queer Almighty,L-198,checked,9:16,4,1:00,"Country music, Music",https://www.youtube.com/watch?v=EOMOe2xDriA,Short/Reel,BLUES,FOLK,Banjo,GROWsutra,,,,,She is banjoing it up :),2025-04-04,234,,0,https://i.ytimg.com/vi/EOMOe2xDriA/maxresdefault.jpg,,,,EN,"GROWsutra : GOD (Questions Etc...),KNOWsutra : But(t) Whyyy,“UNAVAILABLE” Content said YouTube Music… Who knew? Not me!,FOLKsutra,KNOWsutra,SHORTsutra Bananas Matter,Bible Gone Bananas",7,,public,checked,youtube,,New,,EOMOe2xDriA
What’s wrong…,Queer Almighty,L-198,checked,9:16,3,3:40,"Electronic music, Independent music",https://www.youtube.com/watch?v=55psVvKqYc8,Music Video,BLUES,,Banjo,GROWsutra,,,,,NO DUBBING,2024-11-29,19,,0,https://i.ytimg.com/vi/55psVvKqYc8/maxresdefault.jpg,,,,EN,SHORTsutra Bananas Matter,1,,public,checked,youtube,,New,,55psVvKqYc8
"“Queer Almighty” is one of the first songs I ever wrote, and so very dear to my heart… pls #bekind",Queer Almighty,L-198,checked,16:9,5,3:19,"Electronic music, Independent music, Music, Pop music",https://www.youtube.com/watch?v=VTtkDJfkMBg,Music Video,DUB,LOFI,"Drum,Voice",GROWsutra,,,,,This dreamy blue video is beautiful...,2025-03-22,27,,0,https://i.ytimg.com/vi/VTtkDJfkMBg/maxresdefault.jpg,"Like most of my songs, “Queer Almighty” is a lill’ (agnostic) #prayer with questions that matter… here’s my original journal note, the one I used to create the lyrics:

God almighty, please tell me… why is being queer (still, both) a shame and a privilege in most societies? What on earth is wrong, dangerous, or scary about a human choosing to be authentic, curious, playful, and brave enough to be who (we feel) we were born to be? How are narcissists still winning the civic game of democratic fake news in the new millennium?! 👿 I am asking because I #sincerely care to learn, and maybe understand better. I’ve been listening, observing, dear god… and I’m not gonna lie—I’m a little afraid you’ve been slacking, ahem…

#unbranded",,,EN,"GROWsutra : GOD (Questions Etc...),PEACE CIRCUS,KNOWsutra,Bible Gone Bananas",4,,public,checked,youtube,,New,,VTtkDJfkMBg
Queer Almighty • Sunday World Prayers Matter • Bananasutra(KNOW) A Capella,Queer Almighty,L-198,checked,16:9,4,4:01,"Independent music, Music, Pop music",https://www.youtube.com/watch?v=x1xhpb-EPOc,Music Video,MANTRA,,Voice,GROWsutra,,,,,"She sings, pondering on the holy, with smoke fuming out of her ears",2024-10-21,22,0,0,https://i.ytimg.com/vi/x1xhpb-EPOc/maxresdefault.jpg,"There’s something about #hope on Sunday night, heh? 🙏🏻",,,EN,"GROWsutra : GOD (Questions Etc...),BLABLAsutra,PEACE CIRCUS,JAZZsutra,KNOWsutra,Bible Gone Bananas",6,,public,checked,youtube,,New,,x1xhpb-EPOc
Feel di Riddim • Lyrics inspired by #bertrandrussell 1929 essay on religion (amen),Question Di Kingdom,L-199,checked,16:9,4,3:06,"Independent music, Music, Reggae",https://www.youtube.com/watch?v=wxDjXn2LVdo,Music Video,DUB,,"Bass,Voice",KNOWsutra,,,,,"B&W tv show, but(t) the yellow tc is dissolving.",2025-03-06,22,,0,https://i.ytimg.com/vi/wxDjXn2LVdo/maxresdefault.jpg,@bananasutra lyrics + #aivoice on #sunomusic,,,EN,"GROWsutra : GOD (Questions Etc...),KNOWsutra : Bertrand (He Knows),KNOWsutra,DUBsutra,Bible Gone Bananas",5,,public,checked,youtube,,New,,wxDjXn2LVdo
"True story: I’ve been loyal to the same scent most of my life, it’s called #whitemusk JOKE’s on me⁉️",Question Di Kingdom,L-199,checked,9:16,,1:01,"Independent music, Music, Pop music",https://www.youtube.com/watch?v=vXcPEais20I,Short/Reel,DUB,,Drum,KNOWsutra,,,,,,2025-03-10,18,,0,https://i.ytimg.com/vi/vXcPEais20I/maxresdefault.jpg,,,,EN,"BLABLAsutra,BLOWsutra,DUBsutra,FOTUS CIRCUS (Felon Of The United States),SHORTsutra Bananas Matter",5,,public,checked,youtube,,New,,vXcPEais20I
Bertrand Russel asked “Has Religion Contributed Anything Useful to Civilization?” 💌 🎧 🕊️,Question Di Kingdom,L-199,checked,16:9,2,2:21,"Independent music, Music, Reggae, Religion",https://www.youtube.com/watch?v=sDrjmXoZxio,Music Video,DUB,,Drum,KNOWsutra,,,,,,2025-03-01,38,,0,https://i.ytimg.com/vi/sDrjmXoZxio/maxresdefault.jpg,"This song is my RAGGA translation of #BertrandRussell 1929 Essay titled  “Has Religion Contributed Anything Useful to Civilization?” 🚿

If you’re curious, and not familiar with Bertrand Russell’s critiques of the historical and contemporary role of religion in society, his main reasoning points include the following truths:
1. Positive Contributions Are Not Unique to Religion: 
While acknowledging some moral and cultural contributions by religious figures and institutions, Russell argues these are not exclusive to religion. Secular philosophy, science, and humanism have made equivalent or greater contributions without relying on dogma.
2. Obstacles to Progress: 
Russell highlights religion’s frequent opposition to scientific progress, intellectual freedom, and social reform. He critiques its role in fostering intolerance, wars, and dogmatic thinking.
3. Ethical Limitations: 
According to Russell, religious morality often enforces outdated and harmful principles, rooted in obedience to authority rather than rational compassion.
4. Human Potential Without Religion: 
He asserts that humanity can achieve moral progress and meaning through reason, science, and humanistic values, without needing supernatural beliefs.
Russell concludes that while religion has occasionally contributed to civilization, it has more often been an impediment to critical thinking, freedom, and progress… and God knows he’s right!

—",,,EN,"GROWsutra : GOD (Questions Etc...),KNOWsutra : Bertrand (He Knows),KNOWsutra,DUBsutra,Bible Gone Bananas",5,,public,checked,youtube,,New,,sDrjmXoZxio
"“Question the Nation” Gipsy LoFi EPx10, with fool lyrics, available on #soundcloud #poetryshorts",Question The Nation,L-200,checked,9:16,5,3:00,"Hip hop music, Music",https://www.youtube.com/watch?v=k4jfR4jSlnk,Short/Reel,DUB,JAZZ,"Voice,Bass",KNOWsutra,,,,,This mosaic has question,2026-02-20,50,2,2,https://i.ytimg.com/vi/k4jfR4jSlnk/maxresdefault.jpg,"This song was inspired by beat poet Lawrence Ferlinghetti’s (1919–2021) “Pity the Nation” poem (itself echoing a poem by #khalilgibran either sane title), filtered through my own psychedelic truth-seeking lens, i.e. the Bananasutra philosophy of what designing a happy life in a sustainable, peaceful world is all about. 🍌✨

Every “Who…?” is also a “Why”, and at heart, an invitation for you to care more IRL… to dare explore a headspace where poetry meets protest, joy meets critical thinking, and humor meets heartbreak. For example: Who profits from panic? Who edits our empathy? Who sells fear as entertainment? Who turns freedom into a marketing slogan? It isn’t a rant, really. It’s a humble observation, a mirror. It’s a playful yet powerful and meaningful act of resistance—a philosophy of joyful skepticism, embodied curiosity, and spiritual mischief. It’s about peeling back illusions, laughing at false prophets, and staying awake without becoming bitter, or you know, helplessly depressed ;)

—
Here’s the original poem by Lawrence Ferlinghetti… Written in 2007 (at age 88), “Pity the Nation” is a scathing, protest-driven poem inspired by Kahlil Gibran’s 1933 work of the same name. It critiques a society driven by greed, blind obedience, and corrupt leadership, ultimately lamenting the erosion of rights and the complacency of its citizens, serving as a warning against rising authoritarianism. (Sounds familiar? Yeah…) 

PITY THE NATION
(After Khalil Gibran)
Pity the nation whose people are sheep 
And whose shepherds mislead them
Pity the nation whose leaders are liars
Whose sages are silenced
And whose bigots haunt the airwaves 
Pity the nation that raises not its voice
Except to praise conquerers �And acclaim the bully as hero 
And aims to rule the world
By force and by torture
Pity the nation that knows
No other language but its own 
And no other culture but its own
Pity the nation whose breath is money 
And sleeps the sleep of the too well fed
Pity the nation oh pity the people who allow their rights to erode and their freedoms to be washed away
My country, tears of thee Sweet land of liberty!

—
@bananasutra #originalsonglyrics 

[Intro]
Question the nation…
Hallucinate salvation…
Where truth took a vacation…
Bananasutra vibration…

[Verse 1]
Who sold your soul at the discount mall?
Who scrolls your dreams through the data sprawl?
Who doctored your doubt with dopamine drip?
Who coded your faith with a censorship script?

Who profits from panic, post after post?
Who sells your fear for the likes they host?
Who filters your pain till it looks aesthetic?
Who turns your silence into something prophetic?

[Chorus]
Question the nation, hear the narration,
Dystopian salvation, mad fornication.
Bananasutra, peel seducer,
Fruit opener, pulse creator.

[Verse 2]
Who digs ’em dicks of breaking bad news?
Who hid the despair in patriotic hues?
Who cheered the bully, called it divine?
Who whispered “freedom” while drawing the line?

Who buried the poets in bureaucrat dust?
Who trademarked love and privatized trust?
Who voted progress, forgot the soul?
Who took the toll just to play a role?

[Chorus]
Question the nation, denounce corruption,
Peace detonation, fair migration.
Bananasutra, mantra mover,
Dubbed-up Buddha, groove improver.

[Bridge]
Who sleeps sound when the sirens cry?
Who trolls like Felicia’s not nah-bye?
Who scrolls past truth like an ad too long?
Who hums along contempt empire’s song?

Who fears the mirror when the mask comes off?
Who chokes on truth but still loves the cough?
Who trades their soul for a trending thread?
Who blesses the sly just to get ahead?

[Verse 3]
Question the nation that bans reflection,
That censors affection, that edits connection.
Question the nation of pundits prophets,
Algorithm bias in branded lockets.

Question the calm that feels like pain,
The glittering screens that numb the brain.
Question the cage that calls itself free,
Question the nation. Question me.

[Outro]
Bananasutra…
breath of the data-dead,
voice in the static thread…
Sing them awake,
make them shake,
make them question instead.

Question the nation…","Poetry,Revolutionary,Questions Matter,Khalil Gibran,Pity the Nation,History",EPx10,EN,"BLOWsutra : REVOLT (Now),BLOWsutra,LOFIsutra,SHORTsutra Bananas Matter,Bible Gone Bananas",5,,public,checked,youtube,,New,,k4jfR4jSlnk
“Question the Nation”: #logocracy (from logo cratos) when speech reigns & lies are #thenewnormal,Question The Nation,L-200,checked,9:16,4,0:15,,https://www.youtube.com/watch?v=D7CACU5Yk_E,Commentary,INDIE,,Voice,KNOWsutra,,,,,"in a warehouse in a tv in a jungle, with that yello ducky on her head, yeah... salvation where?",2025-11-06,12,0,0,https://i.ytimg.com/vi/D7CACU5Yk_E/maxresdefault.jpg,,,,EN,BLOWsutra : REVOLT (Now),1,,public,checked,youtube,,New,,D7CACU5Yk_E
"On the “Origins of Totalitarianism”, and that time Hannah Arendt sung on Dunes—the rest is #history",Question The Nation,L-200,checked,16:9,5,3:16,"Music, Pop music",https://www.youtube.com/watch?v=EdXp7jLfe6M,Music Video,DUB,,"Guitar,Voice",KNOWsutra,,,,,She sings on the DUNE,2025-03-15,33,,0,https://i.ytimg.com/vi/EdXp7jLfe6M/maxresdefault.jpg,"“The ideal subject of totalitarian rule is not the convinced Nazi or the convinced Communist, but people for whom the distinction between fact and fiction… no longer exists.”—Hannah Arendt

… While she is not directly calling out corrupt politics as a circus (like I like to do:), Arendt argued that one of the shared characteristics of authoritarian clowns is to (always) distort reality, most often in order to normalize deception. And I feel like WOW… the relevance of her “lessons learned” (ahem) observations is so highly striking, it feels so deeply creepy, it’s like so crazy scary (look, even my frog is frozen in fright, in all metaphorical seriousness) 🐸💦 #fascismo #dunespicewars 

PS: suggestions for a #songtitle would be most welcome 🤓❤️",,,EN,"BLOWsutra : REVOLT (Now),PEACE CIRCUS,BLOWsutra,DUBsutra,Bible Gone Bananas",5,checked,public,checked,youtube,,New,,EdXp7jLfe6M
"Hi, my name is huh, duck… please pardon my French, but(t) when shall #thePeople #riseup ⁉️🦆📺🍌🏴‍☠️",Question The Nation,L-200,checked,16:9,3,3:16,"Music, Pop music",https://www.youtube.com/watch?v=WKx3_MeuJA0,Music Video,DUB,FOLK,"Guitar,Voice",KNOWsutra,,,,,"EDITED TITLE. wrong yt title. video includes ""soul not for sale"" and ""shall we rise"" text (and ducks lol)",2025-04-17,16,,0,https://i.ytimg.com/vi/WKx3_MeuJA0/maxresdefault.jpg,"To be clear, “religious freedom” clearly means the exact opposite of “Christian Supremacy”! And the title oh this vid is my respectuous shout out to #eminem (and Billie ❤️‍🔥) for daring to #riseup (finally) disturbing the national ambient #apathy by being one of the first, rare mainstream American artists “celebs” actually having the #courage to speak up against Presidential crimes and corruption, in the name of #justice and  #democracy—aka ethical principles and values that certainly matter for everyone aka “the people” safety… and in essence, proving to be ih so much more caring, brave, and intelligent than the large majority of his fellow “Christian” American citizen-sheeples... Go shady, and thank you 🙏  #thepeople #fckaduck",,,Bilingual,"BLOWsutra : REVOLT (Now),BLOWsutra,DUBsutra,FOTUS CIRCUS (Felon Of The United States),Bible Gone Bananas",5,,public,checked,youtube,,New,,WKx3_MeuJA0
“Radio Static” clip 📖🎶 chez @bananasutra (gone wild again;),Radio Static (The Dystopian Cabaret),L-321,checked,9:16,3,0:15,"Independent music, Music, Pop music, Reggae",https://www.youtube.com/watch?v=89McsHGdYdg,Commentary,SPOKEN WORDS,,Voice,QUACKsutra,,,,checked,"Short interlude, because, just saying...",2025-11-02,75,0,0,https://i.ytimg.com/vi/89McsHGdYdg/maxresdefault.jpg,,,,EN,BLOWsutra : Apes Gone Wrong,1,,public,checked,youtube,,New,,89McsHGdYdg
Rainbows In My Cloud 🌈 Maya Angelou inspired GLOWsutra Psychedelic Banjo Folk Song,Rainbows in the Clouds,L-202,checked,16:9,5,3:55,Music,https://www.youtube.com/watch?v=kBibWJ92Xx4,Music Video,FOLK,BLUES,Banjo,GLOWsutra,,,,,"Urban studio dream rainbows on tv, curtains in the breeze",2026-02-08,16,1,0,https://i.ytimg.com/vi/kBibWJ92Xx4/maxresdefault.jpg,"Sunday #GLOWsutra #gratitudejournal 
—
This is a bluesy Folk edit of a GLOWsutra song inspired by Maya Angelou’s poem, and dedicated to @srisullivan : 

“Try to be a rainbow in someone’s cloud.”

“I’ve had so many rainbows in my cloudsI had a lot of cloudsSo I don’t ever feelI have no help
I’ve had rainbows in my clouds
And the thing to do it seems to meIs to prepare yourselfSo that you can be a rainbowIn somebody else’s cloud
Somebody who may not look like youMay not call God the same name you call GodIf they call god at allYou see
May not eat the same dishes prepared the way you doMay not dance your dancesor speak your language
But be a blessing to somebody
That’s what I think.”
#mayaangelou 

—
#originalsonglyrics

[Chorus / Intro]
I wanna sing, I wanna pray out loud,
To every rainbow in the cloud,
Beyond the labels, lines, and tiers,
Above the bias, noise, and fears.

[Verse 1]
I wanna thank you, dear, for being kind,
For proving hearts ain’t deaf or blind,
No matter who you chose to be,
No matter what sets your spirit free.

[Verse 2]
No matter what makes you move and smile,
No matter who you love or why,
No matter where you catch your breath,
No matter how you dance with faith.

[Chorus]
I wanna sing, I wanna pray out loud,
To every rainbow in the cloud,
Beyond the labels, lines, and tiers,
Above the bias, noise, and fears.

[Verse 3]
No matter what tongue you learned to speak,
No matter the size of your goddamn d#%?!ck.
I want you to know you’re seen, you’re rare,
For daring not to fit the square.

[Outro]
Let’s help each other learn to flow,
Choose how we show, while others blow,
Dare to grow and share out loud,
Be the rainbow in the clouds.
—

Full EPx14 is available for free download on @bananasutra SoundCloud and flows Mama DUB (1) ❯ Gipsy LOFI (2-6) ❯ Funky FOLK (7) ❯ Psychedelic BLUES (8-12) ❯ Cello Lullaby INDIE (13-14)

—","Banjo,Folk,Blues,Maya Angelou,Songwriting,Poetry,Gratitude,Merci,AI Voiceover",,EN,"GLOWsutra: Rainbows (in my clouds),GLOWsutra,PEACE CIRCUS,BANJOsutra,Bible Gone Bananas",5,,public,checked,youtube,,New,,kBibWJ92Xx4
Because #gratitude is basically what I survive on… #mayaangelouinspired—minus that last line 🥹🍌💦,Rainbows in the Clouds,L-202,checked,9:16,5,3:00,"Lifestyle (sociology), Pop music",https://www.youtube.com/watch?v=DG4p7Sh71YY,Short/Reel,FOLK,BLUES,"Banjo,Voice",GLOWsutra,,,,,"She so quirky and cute, in the clouds",2026-02-13,30,0,0,https://i.ytimg.com/vi/DG4p7Sh71YY/maxresdefault.jpg,,"Psychedelic,Banjo,Blues,Gratitude,Poetry,Rainbows in my Clouds,Maya Angelou Inspired",,EN,"GLOWsutra: Rainbows (in my clouds),GLOWsutra,PEACE CIRCUS,BANJOsutra,SHORTsutra Bananas Matter,Bible Gone Bananas",6,,public,checked,youtube,,New,,DG4p7Sh71YY
“Rainbows in my Cloud” 🌈 is a @bananasutra #gratitude #folk song inspired by #mayaangelouquotes,Rainbows in the Clouds,L-202,checked,9:16,4,1:00,"Independent music, Music, Pop music",https://www.youtube.com/watch?v=mAARh3bxxjs,Short/Reel,FOLK,,"Voice,Guitar",GLOWsutra,,,,checked,"Back playing music in the restroom, with my dog.",2025-04-14,153,,0,https://i.ytimg.com/vi/mAARh3bxxjs/maxresdefault.jpg,Fool lullaby-like song available on @bananasutra Soundcloud ...,,,EN,"GLOWsutra: Rainbows (in my clouds),GLOWsutra,“UNAVAILABLE” Content said YouTube Music… Who knew? Not me!,PEACE CIRCUS,FOLKsutra,SHORTsutra Bananas Matter,Bible Gone Bananas",7,,public,checked,youtube,,New,,mAARh3bxxjs
Rainbows in my clouds • Original Banjo Grace & Gratitude Lullaby • Bananasutra(GLOW) aiMusic 🕊️☁️🫧🌈,Rainbows in the Clouds,L-202,checked,9:16,4,2:22,"Independent music, Music",https://www.youtube.com/watch?v=eJw8l_THhsE,Short/Reel,FOLK,,Banjo,GLOWsutra,,,,,"She playing banjo in the clouds, rainbows and all",2024-10-20,46,,0,https://i.ytimg.com/vi/eJw8l_THhsE/maxresdefault.jpg,"I wanna #thankyou for being kind, I wanna praise you for being brave, no matter if you hold your breath, no matter what is your faith, you all whose hearts ain’t blind, no matter who chose your name, no matter what lights your flame 🕊️🪕☁️🫧 “Rainbows in my cloud” ~ inspired by #mayaangelou #rainbowsinthesky🌈 #bananasutra #sunomusic",,,EN,"GLOWsutra: Rainbows (in my clouds),GLOWsutra,PEACE CIRCUS,FOLKsutra,SHORTsutra Bananas Matter,Bible Gone Bananas",6,,public,checked,youtube,,New,,eJw8l_THhsE
Rainbows in the Clouds 🌈 GLOWsutra BLUES + LOFI EPx2 ~ a gratitude song inspired by Maya Angelou 🎼,Rainbows in the Clouds,L-202,checked,16:9,5,4:14,"Independent music, Music, Pop music",https://www.youtube.com/watch?v=tJ8IbqOMNdE,EP Compilation,BLUES,,Banjo,GLOWsutra,,,,,"Swimming through the rainbows, in my head",2026-01-25,23,2,2,https://i.ytimg.com/vi/tJ8IbqOMNdE/maxresdefault.jpg,"00:00 Track 1–Psychedelic Banjo BLUES Edition
02:54 Track 2–Gipsy Arabesk Fusion LOFI Edition

I want to dedicate this EP to my friend Sri, who left us much too soon, after a brave 5 years battle with cancer. I like to imagine her singing it... like a rainbow in my cloud, forever (including the naughty word in the last verse, because she loves to laugh and def not afraid of good old banana jokes) 🍌🌈🙏  

This is an edit of a GLOWsutra song originally inspired by Maya Angelou’s poem: “Try to be a rainbow in someone’s cloud.”

“I've had so many rainbows in my cloudsI had a lot of cloudsSo I don't ever feelI have no help
I've had rainbows in my clouds
And the thing to do it seems to meIs to prepare yourselfSo that you can be a rainbowIn somebody else's cloud
Somebody who may not look like youMay not call God the same name you call GodIf they call god at allYou see
May not eat the same dishes prepared the way you doMay not dance your dancesor speak your language
But be a blessing to somebody
That's what I think.”
Maya Angelou

—
@bananasutra #originalsonglyrics

[Chorus / Intro]
I wanna sing, I wanna pray out loud,
To every rainbow in the cloud,
Beyond the labels, lines, and tiers,
Above the bias, noise, and fears.

[Verse 1]
I wanna thank you, dear, for being kind,
For proving hearts ain’t deaf or blind,
No matter who you chose to be,
No matter what sets your spirit free.

[Verse 2]
No matter what makes you move and smile,
No matter who you love or why,
No matter where you catch your breath,
No matter how you dance with faith.

[Chorus]
I wanna sing, I wanna pray out loud,
To every rainbow in the cloud,
Beyond the labels, lines, and tiers,
Above the bias, noise, and fears.

[Verse 3]
No matter what tongue you learned to speak,
No matter the size of your goddamn d#%?!ck.
I want you to know you’re seen, you’re rare,
For daring not to fit the square.

[Outro]
Let’s help each other learn to flow,
Choose how we show, while others blow,
Dare to grow and share out loud,
Be the rainbow in the clouds.
—

Full EPx14 is available for free download on @bananasutra SoundCloud and flows Mama DUB (1) ❯ Gipsy LOFI (2-6) ❯ Funky FOLK (7) ❯ Psychedelic BLUES (8-12) ❯ Cello Lullaby INDIE (13-14)","Banjo Blues,Gipsy LoFi,Original lyrics,Maya Angelou,Kindness Matters,Bananasutra Gospel,Sunday Prayer",EPx2,EN,"GLOWsutra: Rainbows (in my clouds),GLOWsutra,PEACE CIRCUS,LOFIsutra,BANJOsutra,Bible Gone Bananas",6,,public,checked,youtube,,New,,tJ8IbqOMNdE
"Developing a rich, nuanced, Authentic Imagination relies on #criticalthinking—make songs while u can",Read Me Harder (BB is for Banned Books),L-203,checked,9:16,,0:15,"Independent music, Music, Pop music",https://www.youtube.com/watch?v=IzUqlBGIvQA,Commentary,INDIE,,Cello,BLOWsutra,,,,,,2025-10-15,136,0,0,https://i.ytimg.com/vi/IzUqlBGIvQA/maxresdefault.jpg,"#bannedbooks matter 💔

“They banned the books but not the beat,
Banned the thought but not the heat,
Banned the love but not the street.
So read me, baby, read me sweet!
If thinking’s sin, I’ll take the blame,
Desire and truth are one and same…” @bananasutra #lyricsmatter",,,EN,"BLABLAsutra,LOFIsutra,FOTUS CIRCUS (Felon Of The United States),SHORTsutra Bananas Matter",4,,public,checked,youtube,,New,,IzUqlBGIvQA
"“Read Me Harder” (B.B. is for Banned Books)—a song that honors Atwood, Bradbury, Huxley, & Orwell 📚",Read Me Harder (BB is for Banned Books),L-203,checked,9:16,4,0:15,"Independent music, Music, Pop music, Soul music",https://www.youtube.com/watch?v=ly4zwFHW0yM,Commentary,BURLESQUE,,Voice,BLOWsutra,,,,,She sings in her headphone,2025-10-15,179,0,0,https://i.ytimg.com/vi/ly4zwFHW0yM/maxresdefault.jpg,"🎤🤓🎶 @bananasutra #unreleased song inspired by the following IRL list of “dangerous” #books #banned from (remaining…) Public Schools and #libraries in the U.S. #circa2025 
1. The Handmaid’s Tale, by Margaret Atwood
2. Brave New World, by Aldous Huxley
3. Fahrenheit 451, by Ray Bradbury
4. 1984, by George Orwell
5. To Kill a Mockingbird, by Harper Lee
6. The perks of being a wallflower, by Stephen Chbovsky
7. The Bluest Eye by Toni Morrison 
8. Sold by Patricia McCormick
9. Maus by Art Spiegelman
10. An African and Latinx History of the United States by Paul Ortiz

#thathurt #truestorybro #wtff #suno5 #aivoiceover #melancholia",,,EN,"BLOWsutra : CENSOR(ed),SHOWsutra,JAZZsutra,FOTUS CIRCUS (Felon Of The United States),SHORTsutra Bananas Matter",5,,public,checked,youtube,,New,,ly4zwFHW0yM
“Read Me Harder (B.B. is for Banned Books)” 🚫📚🎶 KNOWsutra Dub Gone Burlesque EPx2,Read Me Harder (BB is for Banned Books),L-203,checked,16:9,5,6:41,"Electronic music, Music, Pop music, Reggae",https://www.youtube.com/watch?v=_GGD13OfCIU,EP Compilation,JAZZ,"DUB,BURLESQUE",Bass,BLOWsutra,,,,checked,She in the desert like she tripping except it's true...,2025-10-20,21,0,0,https://i.ytimg.com/vi/_GGD13OfCIU/maxresdefault.jpg,"00:00 DUB Edition 
03:40 BURLESQUE Edition

READ ME HARDER (B.B. for Banned Books) is an #unreleased song inspired by the following list of books recently #banned from (remaining, ahem) U.S. Public Schools and Libraries #circa2025 specifically:
1. The Handmaid’s Tale by Margaret Atwood
2. Brave New World, by Aldous Huxley
3. Fahrenheit 451 by Ray Bradbury
4. 1984 by George Orwell
5. To Kill a Mockingbird by Harper Lee
6. The perks of being a wallflower, by Stephen Chbovsky
7. The Bluest Eye by Toni Morrison 
8. Sold by Patricia McCormick
9. Maus by Art Spiegelman
10. An African and Latinx History of the United States by Paul Ortiz

This is so terrifying to me. Like it’s yet another historical moment sliding by, so substantial, yet so un-protested, un-noticed. So I wanted to make a song, so maybe we’ll remember better… it’s a Gypsy Burlesque Hip Hop Rebellion song, in the cheeky nerdy SHOWsutra spirit, for comic relief ;)

“Read Me Harder (B.B. is for Banned Books)” ⁠@bananasutra lyrics:

[Intro]
They banned the truth for being rude…
But baby, rude is how we bloom.
So light me up, librarian lover…
and read me harder.
B.B. is for Banned Books,
and Badass Brains.

[Verse 1 – Harper Lee & Art Spiegelman]
Harper told me, “Mock me, kill me,” still I sing,
Truth’s a mockingbird with wings.
Art drew the pain, a mouse in flame,
He said, “Remember, never tame.”
You can ban my ink, but not my roar,
I’ll scratch your walls, and write some more.

[Chorus]
They banned the books but not the beat,
Banned the thought but not the heat,
Banned the love but not the street.
So read me, baby, read me sweet!
If thinking’s sin, I’ll take the blame,
Desire and truth are one and same.

[Verse 2 – Aldous Huxley & Margaret Atwood]
Aldous whispered, “Take your soma, stay asleep,”
But sugar, freedom don’t come cheap.
Atwood smirked, “Blessed be the fruit,”
Then laced her boots and staged a coup.
Pop your soma, hush your fear,
But holy lust still lights us clear.

[Bridge – George Orwell & Ray Bradbury]
Big Brother’s watching, Ray lit the spark,
Said, “Burn the dark, not those who mark.”
Orwell winked through smoke and steam,
“Truth’s a thoughtcrime, love’s the dream.”
You can’t delete what won’t forget,
We’re the match they can’t reset.

[Final Chorus]
They banned the books but not the beat,
Banned the thought but not the heat,
Banned the love but not the street.
So read me, baby, read me sweet!
Truth’s taboo, but damn, it’s neat,
Come turn the page with me.

[Outro]
For Harper Lee, Art Spiegelman, Aldous Huxley, Margaret Atwood,
George Orwell, and Ray Bradbury,
for every mind they tried to muzzle.
We see you.
We feel you.
And we’ll keep reading you harder.",,EPx2,Bilingual,"BLOWsutra : CENSOR(ed),SHOWsutra,DUBsutra,FOTUS CIRCUS (Felon Of The United States),BURLESQUEsutra,Bible Gone Bananas",6,,public,checked,youtube,,New,,_GGD13OfCIU
Read Me Harder (BB is for Banned Books) 📚‼️ BLOWsutra Censor(Ed) Facts American Folk Music,Read Me Harder (BB is for Banned Books),L-203,checked,16:9,4,2:44,Music,https://www.youtube.com/watch?v=n-RaR7GCoIU,Music Video,FOLK,BURLESQUE,Banjo,BLOWsutra,,,,checked,"Little handmaid's tale gets the news on tv, ""le petit chaperon rouge"" book was banned, ha. ahem.",2025-12-05,13,1,0,https://i.ytimg.com/vi/n-RaR7GCoIU/maxresdefault.jpg,"I was recently listening to my ""S.S. is for Sacred Sp3rm"" EP when I saw yet another one of those daily terrifying neo-fasc!st #breakingnews social media posts, listing #books recently #banned from the (remaining) U.S. Public Schools and Libraries, for example:

1. The Handmaid’s Tale by Margaret Atwood
2. Brave New World, by Aldous Huxley
3. Fahrenheit 451 by Ray Bradbury
4. 1984 by George Orwell
5. To Kill a Mockingbird by Harper Lee
6. The perks of being a wallflower, by Stephen Chbovsky
7. The Bluest Eye by Toni Morrison 
8. Sold by Patricia McCormick
9. Maus by Art Spiegelman
10. An African and Latinx History of the United States by Paul Ortiz

SOURCE: PEN America (pen.org)

So then, I had to write a ""B.B. is for BANNED BOOKS"" song, to honor my favorite authors on this list, because WOW... HOW freaking SCARY of an #americanhorror #truestory IS THAT?! 

☆☆☆
@bananasutra #originalsong #lyrics 

[Intro]
They banned the truth for being rude…
But baby, rude is how we bloom.
So light me up, librarian lover…
and read me harder.
B.B. is for Banned Books,
and Badass Brains.

[Verse 1 – Harper Lee & Art Spiegelman]
Harper told me, “Mock me, kill me,” still I sing,
Truth’s a mockingbird with wings.
Art drew the pain, a mouse in flame,
He said, “Remember, never tame.”
You can ban my ink, but not my roar,
I’ll scratch your walls, and write some more.

[Chorus]
They banned the books but not the beat,
Banned the thought but not the heat,
Banned the love but not the street.
So read me, baby, read me sweet!
If thinking’s sin, I’ll take the blame,
Desire and truth are one and same.

[Verse 2 – Aldous Huxley & Margaret Atwood]
Aldous whispered, “Take your soma, stay asleep,”
But sugar, freedom don’t come cheap.
Atwood smirked, “Blessed be the fruit,”
Then laced her boots and staged a coup.
Pop your soma, hush your fear,
But holy lust still lights us clear.

[Bridge – George Orwell & Ray Bradbury]
Big Brother’s watching, Ray lit the spark,
Said, “Burn the dark, not those who mark.”
Orwell winked through smoke and steam,
“Truth’s a thoughtcrime, love’s the dream.”
You can’t delete what won’t forget,
We’re the match they can’t reset.

[Final Chorus]
They banned the books but not the beat,
Banned the thought but not the heat,
Banned the love but not the street.
So read me, baby, read me sweet!
Truth’s taboo, but damn, it’s neat,
Come turn the page with me.

[Outro]
For Harper Lee, Art Spiegelman, Aldous Huxley, Margaret Atwood,
George Orwell, and Ray Bradbury,
for every mind they tried to muzzle.
We see you.
We feel you.
And we’ll keep reading you harder. 

☆☆☆

Light me up, librarian lover… and ""Read Me Harder"" EPX19 is available for free download in my SoundCloud Gospel playground 📚💨
Side A x9 = Gypsy HopFi Fusion BURLESQUE Edition
Side B x10 = Psychedelic Americana BLUES Edition",,,EN,"BLOWsutra : CENSOR(ed),FOLKsutra,BLOWsutra,FOTUS CIRCUS (Felon Of The United States),Bible Gone Bananas",5,,public,checked,youtube,,New,,n-RaR7GCoIU
“Where Wonder Lies” • Philosophical Meditation on God • Bass Lullabies JAZZsutra,Reason Over Reverence,L-205,checked,16:9,5,3:13,"Independent music, Music",https://www.youtube.com/watch?v=eGcnXVXg1YQ,Music Video,JAZZ,,"Upright Bass,Voice",GROWsutra,,,,checked,An astronaut stands up in the desert...,2025-03-26,18,,0,https://i.ytimg.com/vi/eGcnXVXg1YQ/maxresdefault.jpg,"“Where Wonder Lies” is a sister song of “Question Di Kingdom”, and initially titled “Reason over Reverence”. 

The lyrics are inspired by my sweetheart mathematician philosopher #bertrandrussell and his 1929 essay on Religion, where he asks a fair question: “has religion contributed anything good to society?”…

Bertrand Russell critiques the historical and contemporary role of religion in society. His main points include:

1. Positive Contributions Are Not Unique to Religion: 
While acknowledging some moral and cultural contributions by religious figures and institutions, Russell argues these are not exclusive to religion. Secular philosophy, science, and humanism have made equivalent or greater contributions without relying on dogma.

2. Obstacles to Progress: 
Russell highlights religion’s frequent opposition to scientific progress, intellectual freedom, and social reform. He critiques its role in fostering intolerance, wars, and dogmatic thinking.

3. Ethical Limitations: 
According to Russell, religious morality often enforces outdated and harmful principles, rooted in obedience to authority rather than rational compassion.

4. Human Potential Without Religion: 
He asserts that humanity can achieve moral progress and meaning through reason, science, and humanistic values, without needing supernatural beliefs.

Russell concludes that while religion has occasionally contributed to civilization, it has more often been an impediment to critical thinking, freedom, and progress…

I once read songwriters end up writing the same songs over and over…. And this all means so much to me, I get it now—most of my songs lyrics explore these very themes; this essay alone inspired several songs (or stories, as I like to think of it)!  Here are the lyrics for this one:

Verse 1
They built the heavens with fear in the sky,
Promised salvation but told us to die.
The weight of the world, they placed on their knees,
But truth grows in questions, not in decrees.

Chorus
Raise your mind to the stars, not your prayers,
Build your hope on reason’s stairs.
No need for gods to find what’s true,
The light of love is born in you.

Verse 2
They called it wisdom to silence dissent,
Made a virtue of guilt and a sin of content.
But knowledge is freedom, unchained by creed,
No dogma required to learn how to lead.

Chorus
Raise your mind to the stars, not your prayers,
Build your hope on reason’s stairs.
No need for gods to find what’s true,
The light of love is born in you.

Bridge
No eternal fire, no thrones on high,
Just the vast unknown where truths collide.
We walk the earth with curious eyes,
Finding meaning where wonder lies.

Chorus
Raise your mind to the stars, not your prayers,
Build your hope on reason’s stairs.
No need for gods to find what’s true,
The light of love is born in you.

Outro
So let’s build a world where all can explore,
Free from the chains of the dogma of yore.
For in the search, not the faith, we’ll find,
The beauty of life and the power of mind.


And FWIW, I’m thinking Bertrand would likely approve of this song, because it’s a story that:

• Centers Reason and Compassion: It reflects Russell’s humanistic ideals of building a better world through critical thinking and empathy.

• Critiques Dogma with Humor: It gently pokes fun at the rigidity of religious belief without being dismissive of the search for meaning.

• Inspires Curiosity and Joy: The uplifting tone aligns with Russell’s belief in the joy of intellectual discovery and the beauty of the natural world.

• Encourages Empowerment: The song champions individual and collective responsibility for moral and intellectual progress.

With love ❤️ #philosophy #philosophie #aivoice #sunomusic #folksong",,,EN,"KNOWsutra : Bertrand (He Knows),PEACE CIRCUS,KNOWsutra,LULLABIESsutra,Bible Gone Bananas",5,checked,public,checked,youtube,,New,,eGcnXVXg1YQ
“Where Wonder Lies” • Folk Song inspired by Bertrand Russel on #religion • KNOWsutra Music Lounge 🤓,Reason Over Reverence,L-205,checked,16:9,4,3:19,"Music, Pop music",https://www.youtube.com/watch?v=6cF-BXqARSA,Music Video,FOLK,,Guitar,GROWsutra,,,,checked,She's drinking the sound...,2025-03-26,35,,0,https://i.ytimg.com/vi/6cF-BXqARSA/maxresdefault.jpg,"“Where Wonder Lies” is a sister song of “Question Di Kingdom”, and initially titled “Reason over Reverence”. 

The lyrics are inspired by my sweetheart mathematician philosopher #bertrandrussell and his 1929 essay on Religion, where he asks a fair question: “has religion contributed anything good to society?”…

Bertrand Russell critiques the historical and contemporary role of religion in society. His main points include:

1. Positive Contributions Are Not Unique to Religion: 
While acknowledging some moral and cultural contributions by religious figures and institutions, Russell argues these are not exclusive to religion. Secular philosophy, science, and humanism have made equivalent or greater contributions without relying on dogma.

2. Obstacles to Progress: 
Russell highlights religion’s frequent opposition to scientific progress, intellectual freedom, and social reform. He critiques its role in fostering intolerance, wars, and dogmatic thinking.

3. Ethical Limitations: 
According to Russell, religious morality often enforces outdated and harmful principles, rooted in obedience to authority rather than rational compassion.

4. Human Potential Without Religion: 
He asserts that humanity can achieve moral progress and meaning through reason, science, and humanistic values, without needing supernatural beliefs.

Russell concludes that while religion has occasionally contributed to civilization, it has more often been an impediment to critical thinking, freedom, and progress…

I once read songwriters end up writing the same songs over and over…. And this all means so much to me, I get it now—most of my songs lyrics explore these very themes; this essay alone inspired several songs (or stories, as I like to think of it)!  Here are the lyrics for this one:

Verse 1
They built the heavens with fear in the sky,
Promised salvation but told us to die.
The weight of the world, they placed on their knees,
But truth grows in questions, not in decrees.

Chorus
Raise your mind to the stars, not your prayers,
Build your hope on reason’s stairs.
No need for gods to find what’s true,
The light of love is born in you.

Verse 2
They called it wisdom to silence dissent,
Made a virtue of guilt and a sin of content.
But knowledge is freedom, unchained by creed,
No dogma required to learn how to lead.

Chorus
Raise your mind to the stars, not your prayers,
Build your hope on reason’s stairs.
No need for gods to find what’s true,
The light of love is born in you.

Bridge
No eternal fire, no thrones on high,
Just the vast unknown where truths collide.
We walk the earth with curious eyes,
Finding meaning where wonder lies.

Chorus
Raise your mind to the stars, not your prayers,
Build your hope on reason’s stairs.
No need for gods to find what’s true,
The light of love is born in you.

Outro
So let’s build a world where all can explore,
Free from the chains of the dogma of yore.
For in the search, not the faith, we’ll find,
The beauty of life and the power of mind.


And FWIW, I’m thinking Bertrand would likely approve of this song, because it’s a story that:

• Centers Reason and Compassion: It reflects Russell’s humanistic ideals of building a better world through critical thinking and empathy.

• Critiques Dogma with Humor: It gently pokes fun at the rigidity of religious belief without being dismissive of the search for meaning.

• Inspires Curiosity and Joy: The uplifting tone aligns with Russell’s belief in the joy of intellectual discovery and the beauty of the natural world.

• Encourages Empowerment: The song champions individual and collective responsibility for moral and intellectual progress.

With love ❤️ #philosophy #philosophie #aivoice #sunomusic #folksong",,,EN,"KNOWsutra : Bertrand (He Knows),PEACE CIRCUS,FOLKsutra,KNOWsutra,LULLABIESsutra,Bible Gone Bananas",6,checked,public,checked,youtube,,New,,6cF-BXqARSA
Relative Steve 🎧 Cheeky Psychedelic BLOWsutra Hip Hop Duende Satire Flow,Relative Steve,L-206,checked,16:9,5,3:54,"Electronic music, Hip hop music, Music, Pop music, Rock music",https://www.youtube.com/watch?v=ucdsk_IoOt8,EP Compilation,LOFI,INDIE,"Upright Bass,Voice",BLOWsutra,,,,,DJ mama got yellow headphones,2025-11-18,5,0,0,https://i.ytimg.com/vi/ucdsk_IoOt8/maxresdefault.jpg,"00:00 Song 1
02:01 Song 2

EPX2 remixed with a twist of experimental  psychedelic post-punk tribal hip hop duende satire 🎧

Originally titled “Relative Truth”, then just “Steve”, and now “Relative Steve” (lol), this is an original silly vintage hip hop song—circa 2024—asking, you know, bro, ’em basic dumb questions, yo? ;)

—
@bananasutra lyrics

[Verse 1]
Yo, Steve, what’s the narrative?
Is truth absolute, or just comparative?
Each perspective selective, collective’s elective,
Is what we call ‘normal’ merely protective?

[Chorus]
Is it relative, Steve? Let’s dive into the archive,
Question the givens, our truths on a live drive.
Not preachin’ just reachin’, askin’ with a vibe,
Is dismissive confidence truly the guide?

[Verse 2]
Objective detective, that’s my collective role,
Peeling back layers, finding truth’s toll.
Directive’s defective if it ain’t connective,
Does IDGAF turn neglective, deceptive?

[Bridge]
I’m irreverent, not arrogant, let’s clarify,
Challenging norms, with a critical eye.
Provocative thoughts, not to vilify,
Just sparkin’ the brain, aiming to unify.

[Outro]
So Steve, here’s the essence, not giving lessons but a rhyme,
Contempt, yeah, it’s toxic, erodes us over time.
Keep the charm inclusive, let humility chime,
In this loving, quirky revolution, let’s redefine
—",,,EN,"BLOWsutra : Ego (Gone Loco),BLOWsutra,LOFIsutra,Bible Gone Bananas",4,,public,checked,youtube,,New,,ucdsk_IoOt8
Revolution’s Lit (Bloom Past Doom) • BLOWsutra Murica (Apes Gone Wrong) BANJO FOLK Revolution Ring 🪕,Revolution's Lit,L-207,checked,16:9,4,3:30,"Independent music, Music, Pop music",https://www.youtube.com/watch?v=qP916JXz9H8,Music Video,FOLK,BLUES,Banjo,BLOWsutra,,,,checked,Hippie girl will always love her san francisco sanctuary hill memory,2026-01-21,7,0,1,https://i.ytimg.com/vi/qP916JXz9H8/maxresdefault.jpg,"Revolution’s Lit (ahem) #originallyrics

[Intro]
This ain’t fiction, no stage trick…
Just a girl and her guitar,
Singin’ through the static
Of a felon’s fallin’ star

[Verse 1]
Apes gone wrong, no constitution,
Twistin’ laws, truth’s execution.
Pimps sell hope and holy verses,
Gettin’ rich off the public’s curses.

Tell me who stays calm,
When madness wears a crown?
A conman rules the circuit board,
And drags our whole world down…

[Pre-Chorus]
Are you breathin’?
Still believin’?
Got some love left
For the human condition?

[Chorus]
Let’s bloom brighter than doom,
Shine wilder than gloom,
We got soul, we got wit,
Revolution’s lit.

Let’s bloom brighter than doom,
Shine wilder than gloom,
We got soul, we got wit,
Revolution’s lit.

[Verse 2]
I can’t see no good reason
Why felons lead a nation,
Sick dumb luck, pure sedation,
Wakin’ up’s the revelation.

Let’s presume you’re not a bozo,
That you care like un vrai fréro.
Sensitive, humble, damn amazing,
All this life’s worth rephrasing.

[Bridge]
Time to rise… compassion’s call.
Time to break illusion’s wall.
Time to learn, to share, to grow,
To burn the rot, let goodness show.

[Chorus]
Let’s bloom brighter than doom,
Shine wilder than gloom,
We got soul, we got wit,
Revolution’s lit.

[Verse 3]
Let’s imagine joy in traffic lights,
In friendly dogs and starlit nights.
In each other’s weird and wonder,
We crack the spell they’re under.

Let’s use the AI, not be used,
Share the lore, don’t stay confused.
Time to bet on what is real,
On kindness sharp as steel…

[Chorus]
Let’s bloom brighter than doom,
Shine wilder than gloom,
We got soul, we got wit,
Revolution’s lit.

We got soul, we got wit…
This love’s legit.",,,Bilingual,"BLOWsutra : REVOLT (Now),FOLKsutra,BLOWsutra,BANJOsutra,Bible Gone Bananas",5,checked,public,checked,youtube,,New,,qP916JXz9H8
An Anti-AntiDUB Hum Song from a Cold Dark Theater of the Absurd a Million Tusks Away from Home 🎼🦏🌊,Rhinoceross,L-208,checked,16:9,4,4:31,"Independent music, Music, Pop music, Reggae, Rock music",https://www.youtube.com/watch?v=SeWIV6fq30c,Music Video,DUB,"FOLK,INDIE","Bass,Guitar,Voice",BLOWsutra,,,,,"We're back on the beach, old school TV style.",2025-09-21,14,0,0,https://i.ytimg.com/vi/SeWIV6fq30c/maxresdefault.jpg,TV static and stunted logic 💔 🎙️🗽🦅💨,,,EN,"BLOWsutra : Apes Gone Wrong,DUBsutra,FOTUS CIRCUS (Felon Of The United States),Bible Gone Bananas",4,checked,public,checked,youtube,,New,,SeWIV6fq30c
RhinoceroSS 🦏🎵💨 BLOWsutra PsyGipsy World Peace LOFI,Rhinoceross,L-208,checked,16:9,5,4:49,"Independent music, Music, Pop music, Rock music",https://www.youtube.com/watch?v=ulk3AYIWsic,Music Video,LOFI,INDIE,"Upright Bass,Voice",BLOWsutra,,,,,"What's fascist is the question du jour, in her pink toned living room (she is no rhinoceros)",2025-09-20,16,0,0,https://i.ytimg.com/vi/ulk3AYIWsic/maxresdefault.jpg,"If you haven’t read, heard, or seen the #surrealist #rhinoceros play by #eugeneionesco 🦏💨NOW is a great time to check it out!

Also, I dunno about you but(t) I sincerely wish FOTUS would actually explain #thewhy of his proud decisions every once in a while, because you wouldn’t even believe the number of people I personally know, who don’t seem alarmed at all by the issue of tyranny replacing #democracy … 

So here’s my #qᴏᴛᴅ 💬 now that the leader of this country has officially announced being anti-antif@ by formally declaring they are “a major terrorist organization” (I quote)… Does it mean he is also officially, formally, declaring the U.S. is now a f@scist country⁉️🦅‼️ #askingforafriend 

—
#rhinoceros #̬̇̐ͥs̹ͧͣͯu̝͉̖r̟͓ͭreͪ̊a̤̜̍l̰̒ͯm̮̲e̱̹̰ͤ̓m̆ͤe͖s̜͚ͨ̂ #unreleasedyet #sunoai #aivoiceover #psychedelia",,,EN,"BLOWsutra : Apes Gone Wrong,BLOWsutra,LOFIsutra,FOTUS CIRCUS (Felon Of The United States),Bible Gone Bananas",5,,public,checked,youtube,,New,,ulk3AYIWsic
Rhiii-no-ce-rosss 📺🍌🎶 Surrealist BLOWsutra BLUES song inspired by Eugène Ionesco,Rhinoceross,L-208,checked,16:9,5,4:59,"Independent music, Music, Pop music, Rock music",https://www.youtube.com/watch?v=T7lWS6XcJDQ,Music Video,BLUES,,Banjo,BLOWsutra,,,,,"Le monkey plays the banjo, he is not a rhinoceros",2025-09-20,35,3,0,https://i.ytimg.com/vi/T7lWS6XcJDQ/sddefault.jpg,"What happens “when everyone who is right becomes a rhinoceros?”—#ionesco 🦏💨

This is a song inspired by mass surrealist delusion, blind conformity, and the stubborn hope to stay human when the herd stampedes…

🎶 “Rhiii-no-ce-rosss!Can I scream when I’m lost?When the herd walks off a cliff,Who’s counting the cost?”
#Rhinoceros #BananaSutra #Ionesco #psychedelic #bluesmusic  #TheatreOfTheAbsurd #QuestionEverything 📺🍌🪕🐒",,,EN,"BLOWsutra : Apes Gone Wrong,BLUESsutra,BLOWsutra,FOTUS CIRCUS (Felon Of The United States),Bible Gone Bananas",5,,public,checked,youtube,,New,,T7lWS6XcJDQ
QOTD: Did You Know a Rhinoceros is Deadlier than a Tiger 💁🏻‍♀️📺⁉️ (I bet Eugène Ionesco did know),Rhinoceross,L-208,checked,16:9,5,4:52,"Independent music, Music, Pop music, Reggae",https://www.youtube.com/watch?v=6sY3fz517_c,Music Video,INDIE,,"Cello,Voice",BLOWsutra,,,,checked,There are tight-roping rhinoceros on tv but(t) she can't even watch anymore...,2025-09-24,9,0,0,https://i.ytimg.com/vi/6sY3fz517_c/maxresdefault.jpg,"True story, statistically: a human’s chances to survive an encounter with tiger are significantly higher than with a rhinoceros 🐯⚠️

Also true, statistically: no YouTube fool cares to watch full music vid… but(t) lyrics matter, imho, and I care to share. So here you have it—the missing bit of this ⁠@bananasutra “Rhinoceros” song…

… I ask “but(t) ain’t love real?” 
They say “ha, truth is a mask.”
I ask “what’s the alternative?” 
They snark “don’t ask.”

So now I’m sittin' with a song on the far right lane,
Lookin’ out at a world that has gone insane.
Like, is it just me, holy howling “us”,
Like, what have we done, what happened to us,
Did all the hope burn, hit by a hell bus?

[Chorus]
Rhiii-no-ce-rosss!
Do we run or rot?
If ‘em questions’ all we’ve got,
Why’s silence so hot?

Rhiii-no-ce-rosss!
Are we what you’re not?
Like ‘em fools turned ghouls,
Where are the good souls,
Who refuse greed’s plot?

[Outro]
If everyone’s a beast…
Who shall share… love’s feast?
What’s left... of peace
When trust’s… deceased?

...Rhinoce...ros... 
Rhinoce...ros...

🇺🇸🦏💨

#rhinoceros EPx7 #comingsoon on #soundcloud 

#ionesco #surrealism #americanbully #truestory #aivoice #sunoai #dontbelieveeverythingyouthink",,,EN,"BLOWsutra : Apes Gone Wrong,BLOWsutra,LOFIsutra,FOTUS CIRCUS (Felon Of The United States),Bible Gone Bananas",5,,public,checked,youtube,,New,,6sY3fz517_c
"Rise Up (Freedom Rings) 🏴‍☠️ BLOWsutra Indie Folk Revolution Dream, inspired by Victor Hugo 🌾","Rise Up, You Naked Peoples (Freedom Rings)",L-209,checked,16:9,5,3:08,"Independent music, Music, Rock music",https://www.youtube.com/watch?v=Jw3pXgajmpA,Music Video,FOLK,,Guitar,BLOWsutra,,,,,The revolutionary on the cover can float...,2026-02-18,6,0,2,https://i.ytimg.com/vi/Jw3pXgajmpA/maxresdefault.jpg,"Ok, y'all good peoples... sooo, what are we going to do to let #freedom ring? Who's ready to RISE (tf) UP, in the glorious name of liberty, equality, and fraternity—against the deadly absurdity of tyrannic deceit and cruelty?? Victor Hugo would undoubtedly approve 🗽

☆☆☆
Original (1821) French poem by #victorhugo i.e. the inspiration for this song: 

(In)Famous lines (translated from French):""And, standing proud, my soul shall tell 
The tyrants of the earth—farewell!""

Liberté

Gloire à toi, Liberté! 
Toi dont le temple immense
Est bâti dans les cieux sur l'éternelle loi!
L'homme est fait pour ton culte, et dans son cœur immense
Tu dois régner comme un dieu-roi.
Gloire à toi! 
Déjà l'ombre a fui devant l'aurore,
Déjà sous d'autres cieux l'éclair luit,
Et l'avenir, couvert de lumière sonore,
Sort du tombeau de cette nuit.
Levez-vous! peuples nus, esclaves des despotes!
Brisez vos fers! Le jour est pur!
Peuples! à vos bourreaux, à leurs lois scélérates
Opposez la justice et l'azur!
Que votre front s'éclaire aux feux de la tempête!
Que l’orage ouvre enfin vos yeux!
Que dans le grand combat, sous la foudre honnête,
Votre cri soit juste et glorieux!
Ah! que vois-je? Ils se lèvent! ô sublime armée!
Debout sous l'étendard vivant!
Et moi, debout aussi, mon âme enflammée
Dira: aux tyrans de la terre… adieu!

☆☆☆
@bananasutra #originalsonglyrics 

[Verse 1]
You’ve been bound, you’ve been broken,
Kept in chains, never spoken,
But the light, it is woken,
And the dawn is callin’ you!

[Chorus]
Rise up, ye naked peoples!
Tear down the tyrant’s halls!
Justice is a fire burnin’,
Freedom rings, heed the call!

[Verse 2]
They have ruled with their thunder,
Struck us down, pulled us under,
But the storm wakes our hunger,
And the skies begin to roar!

[Chorus]
Rise up, ye naked peoples!
Tear down the tyrant’s halls!
Justice is a fire burnin’,
Freedom rings, heed the call!

[Bridge]
Marchin’ now, hear us cryin’!
Stars above, never dyin’!
All their thrones, we’re defyin’,
We are free forevermore!

[Final Chorus]
Rise up, ye naked peoples!
Tear down the tyrant’s halls!
Justice is a fire burnin’,
Freedom rings, heed the call!","Liberty,🗽,Victor Hugo,Poetry,We The People,Revolution Matters",,Bilingual,"BLOWsutra : REVOLT (Now),PEACE CIRCUS,FOLKsutra,BLOWsutra,Bible Gone Bananas",5,,public,checked,youtube,,New,,Jw3pXgajmpA
"(If you can, now) RUN 🇺🇸 KNOWsutra Psychedelic Folk INDIE 📺 🎶",RUN (Now If You Can),L-210,checked,16:9,4,4:40,"Independent music, Music, Pop music, Rock music",https://www.youtube.com/watch?v=MKC6GjBY0-A,Music Video,INDIE,FOLK,Upright Bass,QUACKsutra,,,,checked,"Bananasutra alert, it's surreal TV heads, but(t) not really...",2025-09-14,22,0,0,https://i.ytimg.com/vi/MKC6GjBY0-A/maxresdefault.jpg,"Dear Murica, 
Despite being classified as a “flawed democracy”, for many years already, it’s been an honor and a pleasure to be a bona fide citizen riding the California dream! However, as you continue downgrading basic human rights—so fast and furious that, according to established global democratic indexes, you now officially qualify as a subpar “hybrid nation”, on its way to authoritarian heavens—the tragic fact of the matter is this: #thepeople can no longer feel #safe here. And please, assuming you care not to ridicule the land of the so-called free, don’t ever dare claim you were not aware nor warned about the dire dangers of allowing authoritarian ideology and methodologies to thrive 💔

⁠@bananasutra lyrics, “RUN (now, if you can)”:

[Intro]
Breaking news cuts through the static  
Habeas Corpus lost in the attic  
Felon King signs rights away  
Legal black holes rule the day  
If you can, now, run

[Verse 1]
The Constitution's now passé  
Laws erode and drift away  
No trial, no proof, no name  
Still the cages look the same  
If you can, now, run

[Verse 2]
White collars get a pass  
While border sweeps amass  
Six months to clear the land  
No rights left to understand  
If you can, now, run

[Verse 3]
Authoritarian Indoctrination  
AI’s new occupation  
Feeds are scrubbed and scanned  
You’re already in their hands  
If you can, now, run

[Verse 4]
Speech policed by silent bots  
Thoughts tracked, connection rots  
Protests die before they’re born  
Truth is drowned in algorithmic scorn  
If you can, now, run

[Bridge]
It starts with deportation  
Becomes soul starvation  
A purge by coded design  
Erasure sold as benign  
If you can, now, run

[Verse 5]
Resistance is profiled in advance  
Funded by your own finance  
Facial scans replace debate  
Big Tech signs the police state  
If you can, now, run

[Verse 6]
Cops dressed for foreign war  
Knock at every thinking door  
No badge checks, just blame  
Different face, same game  
If you can, now, run

[Verse 7]
Artists gone, thinkers fade  
Culture bleeds where bots parade  
Echo chamber voices hum  
Till propaganda fills the drum  
If you can, now, run

[Verse 8]
Citations echo in the void  
The rule of law is now a ploy  
Stacked judges nod and smile  
While freedom burns on trial  
If you can, now, run

[Bridge 2]
America the Great they say  
In jailing folks without delay  
Donnie dreams of Alcatraz  
Billion bucks for concrete jazz  
If you can, now, run

[Verse 9]
Rights are rare, prisons grow  
From protest signs to inmate rows  
Hope detained without a plea  
Chains for you and chains for me  
If you can, now, run

[Outro]
Who's the prison for, you ask  
Not just those behind the mask  
Neighbors snitch, the silence spreads  
And freedom’s lying cold and dead  
If you can, now, run  
If you can, now, run  
If you can, now, run  

[End]",,,EN,"BLOWsutra : REVOLT (Now),FOLKsutra,KNOWsutra,FOTUS CIRCUS (Felon Of The United States),Bible Gone Bananas",5,,public,checked,youtube,,New,,MKC6GjBY0-A
Have you seen & heard #peterthiel recently? Is he sick or was he always like a… pro-slavery junky?,RUN (Now If You Can),L-210,checked,9:16,,1:01,"Entertainment, Film",https://www.youtube.com/watch?v=cChXfjRKAG8,Short/Reel,FOLK,,Banjo,QUACKsutra,,,,,,2025-06-30,40,1,0,https://i.ytimg.com/vi/cChXfjRKAG8/maxresdefault.jpg,,,,EN,"BLABLAsutra,Bible Gone Bananas",2,,public,checked,youtube,,New,,cChXfjRKAG8
Season 1 = #MassDeportations Season 2 =  #MassIncarcerations  #run — if you can 🤞🥺 🇺🇸,RUN (Now If You Can),L-210,checked,9:16,3,2:57,Entertainment,https://www.youtube.com/watch?v=VIFOTj_W4qs,Music Video,INDIE,JAZZ,Upright Bass,QUACKsutra,,,,,,2025-05-19,315,,0,https://i.ytimg.com/vi/VIFOTj_W4qs/maxresdefault.jpg,,,,EN,"BLOWsutra : REVOLT (Now),REALsutras,BLOWsutra,FOTUS CIRCUS (Felon Of The United States),SHORTsutra Bananas Matter,Bible Gone Bananas",6,,public,checked,youtube,,New,,VIFOTj_W4qs
“RUN now (if you can)” #notadrill 🇺🇸 unless the American GULAG era is your cup of diet coke⁉️,RUN (Now If You Can),L-210,checked,9:16,3,2:55,"Entertainment, Pop music",https://www.youtube.com/watch?v=ltJLiCkw2eM,Short/Reel,BURLESQUE,"WORLD,JAZZ",Cello,QUACKsutra,,,,checked,"Save the cute bunnies, shit down the tv, cut the chains.",2025-06-25,37,0,0,https://i.ytimg.com/vi/ltJLiCkw2eM/maxresdefault.jpg,,,,EN,"BLOWsutra : REVOLT (Now),KNOWsutra,FOTUS CIRCUS (Felon Of The United States),BURLESQUEsutra,SHORTsutra Bananas Matter,Bible Gone Bananas",6,,public,checked,youtube,,New,,ltJLiCkw2eM
“Secondhand Smoke” inspired by @DoctorRamani “Narcissism: The Secondhand Smoke of Mental Health” 💨,Second Hand Smoke (Arrogant Hearts),L-211,checked,9:16,4,2:56,"Lifestyle (sociology), Pop music",https://www.youtube.com/watch?v=mqZalzVNaR8,Short/Reel,LOFI,JAZZ,Guitar,BLOWsutra,,,,checked,Might as well roll one up,2025-11-07,48,0,0,https://i.ytimg.com/vi/mqZalzVNaR8/maxresdefault.jpg,,,,EN,BLOWsutra : Ego (Gone Loco),1,,public,checked,youtube,,New,,mqZalzVNaR8
Un Secret de Polichinelle 🎭🍟 French BLOWsutra Burlesque Musette Chanson,Secret De Polichinelle,L-212,checked,16:9,5,4:36,"Music, Pop music",https://www.youtube.com/watch?v=KfKAkPfvvcg,Music Video,BURLESQUE,,Accordion,BLOWsutra,,,,checked,FRENCH. Effeil tower shenanigans.,2026-01-10,28,0,0,https://i.ytimg.com/vi/KfKAkPfvvcg/maxresdefault.jpg,"Please pardon my French, and enjoy the absurd waltz circus 🎪 des “Secrets de Polichinelles”--it's like a gipsy burlesque chanson show, a story about how dystopian abuse (of all kinds) is increasingly being normalized, here and there and again, as we (the people, women in particular) are being dehumanized... and yet (the worst part), most people be like shhh 🤫

—
#infrench

C’est un secret de Polichinelle, un histoire que tout le monde connait, mais dont personne n’ose parler. Et pendant ce temps… on recule (pour ne pas dire on se fait encouler ha;)

Cette chanson parle des mots sont retournés, des crimes maquillés en vertu, et du monde qui glisse, lentement mais sûrement, vers une version aussi ringarde que cruelle et dangereuse: un nouveau vieux monde plus autoritaire, plus religieux, plus militarisé, plus masculin, dans le pire sens du terme—un monde ou l’art de la domination au nom du contrôle rend la violence (physique et psychologique) “légitime”.

Un “secret de Polichinelle”, en français, c’est une expression commune pour décrire une vérité que tout le monde connaît, mais que tout le monde fait semblant d’ignorer... C’est le mensonge collectif confortable. C’est le roi nu qu’on continue d’applaudir. C’est le cirque qui tourne pendant que la maison brûle.

Le secret de Polichinelle du jour, c’est que le monde régresse vers une forme d’impérialisme viriliste, fascisant, dogmatique, emballé en “ordre”, “valeurs”, “protection”, “foi”, “tradition”, “bon sens”…

On dit “paix” pour vendre des bombes. On dit “Dieu” pour justifier les maîtres. On dit “ordre” pour exiger l’obéissance. On dit “amour” pour faire avaler la violence…

Bananasutra, c’est l’art de dire les verités d’un monde complètement bananes, de rire pendant qu’on panique, de danser pendant que tout semble s’éffondrer. C’est de la satire tendre et cruelle à la fois... un cabaret politique pour temps de fin de cycle.

Si ça te fait rire → bien.
Si ça te met mal à l’aise → encore mieux.
Si ça te donne envie de questionner, désobéir, crier, et créer, pour le droit d’aimer vraiment, librement → bingo 🍌

⸻
 #inenglish 

“Secret de Polichinelle” literally means “an open (absurd) secret.” It’s something everybody knows, but nobody dares say. And while nobody says it… freaking things slide backwards.

This song is about that surreal moment when words are but(t) excuses, crimes are rebranded as virtues, and the world quietly drifts toward a naughty retro version of itself: more authoritarian, more religious, more militarized, more male-dominated—in for the sheer sake of domination, hierarchy, control, and “legitimate” violence.

A “secret de Polichinelle” is a collective lie of convenience. For example, the naked king we keep applauding... The absurdity of the circus clowns who keep farting while the house is on fire.

Here, the “open secret” is this:
That we are sliding into a new form of imperial, masculinist, fascistic regression, but we package it as “order,” “values,” “protection,” “faith,” “tradition,” or “common sense.” Sigh.

We say “peace” to sell bombs. We say “God” to justify masters. We say “order” to demand obedience. We say “love” to make violence swallowable…

Bananasutra is the art of telling truths that matter in a world gone rotten bananas—laughing while panicking, dancing while dismantling the set… Tender and cruel satire for end-of-cycle times.

If it makes you laugh → good.
If it makes you uncomfortable → even better.
If it makes you think, disobey, create, or love more freely → yass 🍌",,,Bilingual,"BLOWsutra : CENSOR(ed),FRENCHsutra,BLOWsutra,BURLESQUEsutra,Bible Gone Bananas",5,,public,checked,youtube,,New,,KfKAkPfvvcg
"Alors, comment on dit “seggsting” en Français? Anonymous DUBstep LO-Fi 😽🤳",Segggsting,L-213,checked,16:9,4,3:11,"Electronic music, Music",https://www.youtube.com/watch?v=jMp1OAy8drM,Music Video,JAZZ,INDIE,Upright Bass,SHOWsutra,,,,,"Elle texte au lit, IN FRENCH",2025-03-10,26,,0,https://i.ytimg.com/vi/jMp1OAy8drM/maxresdefault.jpg,🤖🎧🍆🔥 lol,,,FR,"SHOWsutra,FRENCHsutra,JAZZsutra,BURLESQUEsutra,Bible Gone Bananas",5,,public,checked,youtube,,New,,jMp1OAy8drM
Sunday Seggsting Tango Dream (en Français),Segggsting,L-213,checked,16:9,3,3:11,Music,https://www.youtube.com/watch?v=BO1mHGeFjJA,Music Video,BURLESQUE,,Accordion,SHOWsutra,,,,,Drôle de contraste l'accordéon et les gants roses...,2025-03-10,26,,0,https://i.ytimg.com/vi/BO1mHGeFjJA/maxresdefault.jpg,@bananasutra French lyrics inspired by #boburnham + #aivoice + #sunomusic,,,FR,"PEACE CIRCUS,SHOWsutra,FRENCHsutra,BURLESQUEsutra,Bible Gone Bananas",5,,public,checked,youtube,,New,,BO1mHGeFjJA
Self-Remembering • A True Meditation Story  inspired by Dr Charles Tart • JAZZsutra,Self-Remembering,L-320,checked,16:9,5,3:33,"Electronic music, Music",https://www.youtube.com/watch?v=oRn6ewm9vfA,Music Video,JAZZ,,"Upright Bass,Voice",FLOWsutra,,,,,"Like a dream, napping in rose petals...",2025-01-18,16,,0,https://i.ytimg.com/vi/oRn6ewm9vfA/maxresdefault.jpg,,,,EN,"FLOWsutra : FLY (like water),FLOWsutra,JAZZsutra,LULLABIESsutra,Bible Gone Bananas",5,,public,checked,youtube,,New,,oRn6ewm9vfA
Self-remembering • Meditation inspired by Dr. Charles Tart • DRUMsutra,Self-Remembering,L-320,checked,16:9,3,3:54,Music,https://www.youtube.com/watch?v=CotL8_owNEs,Music Video,JAZZ,DUB,Guitar,FLOWsutra,,,,,"This is a banana guitar, the butterflies appreciate ENCORE, things are blurry tho",2025-01-19,16,,0,https://i.ytimg.com/vi/CotL8_owNEs/maxresdefault.jpg,,,,EN,"FLOWsutra : FLY (like water),FOLKsutra,FLOWsutra,LULLABIESsutra,Bible Gone Bananas",5,,public,checked,youtube,,New,,CotL8_owNEs
You name it…,Self-Remembering,L-320,checked,16:9,3,3:34,"Music, Pop music",https://www.youtube.com/watch?v=e1jQbFiNJEU,Music Video,BLUES,"FOLK,JAZZ",Guitar,FLOWsutra,,,,,,2025-01-18,20,,0,https://i.ytimg.com/vi/e1jQbFiNJEU/maxresdefault.jpg,,,,EN,"FLOWsutra : WET (My Friend),GROWsutra : GOD (Questions Etc...),FLOWsutra,JAZZsutra,LULLABIESsutra,Bible Gone Bananas",6,,public,checked,youtube,,New,,e1jQbFiNJEU
"Self-Remembering… because now and then, everyone needs a loving lullaby, to flow kinder deeper ✨",Self-Remembering,L-320,checked,16:9,3,3:54,"Jazz, Music, Pop music",https://www.youtube.com/watch?v=kowt-gyVdoI,Music Video,JAZZ,BLUES,Guitar,FLOWsutra,,,,,"This is a banana guitar, the butterflies appreciate... things are blurry tho",2025-12-20,14,1,0,https://i.ytimg.com/vi/kowt-gyVdoI/maxresdefault.jpg,"“Self-Remembering” is an old (circa 2024:) FLOWsutra (Fly, my friend) jazzy dream meditation song inspired by Dr Charles Tart, who taught me how to ground my body, by choosing to slow down and breathe throughit all, and how to steady my mind, by embracing a curious consciousness and gratefool awareness—not fearfool loops of doom madness… 
Look him up! 🫶🤓

And please, remember to take the time, to be present and kind, and brave enough to dare say hello and also letting go, and (please?) share-not-hoard your bingos… because grown-ups need kind loving awareness #winwin #lullabies too—especially in a world gone stinky rotten lose-lose bananas 🍌💨

Lyrics gladly shared upon request 🦋💫 #jazzfusion #lullabymusic #unreleasedtracks #consciousnessexpansion",,,EN,"FLOWsutra : FLY (like water),PEACE CIRCUS,FLOWsutra,LULLABIESsutra,Bible Gone Bananas",5,,public,checked,youtube,,New,,kowt-gyVdoI
"Hush dreams or shush nightmares, the choice depends on our ability to respect each others…",Self-Remembering,L-320,checked,16:9,5,3:33,"Independent music, Music, Pop music",https://www.youtube.com/watch?v=QMaxq0XhyRk,Music Video,JAZZ,INDIE,"Upright Bass,Voice",FLOWsutra,,,,,,2025-02-11,23,,0,https://i.ytimg.com/vi/QMaxq0XhyRk/maxresdefault.jpg,Unreal shticks…,,,EN,"FLOWsutra : FLY (like water),GROWsutra : DARE (to Care),FLOWsutra,JAZZsutra,LULLABIESsutra,Bible Gone Bananas",6,,public,checked,youtube,,New,,QMaxq0XhyRk
Seminal Bollocks • Original Pop Punk Rock Bible Story • Bananasutra(Blow) Accelerated Ideation Music,Seminal Bollocks,L-214,checked,9:16,4,2:39,"Lifestyle (sociology), Pop music, Religion",https://www.youtube.com/watch?v=EZNn-HE2Kg8,Short/Reel,ROCK,BURLESQUE,Bass,GROWsutra,,,,,EGo-a-gogo pop electro video,2024-10-20,34,,0,https://i.ytimg.com/vi/EZNn-HE2Kg8/maxresdefault.jpg,"… because if we ever gonna agree on right and wrong, the (tragic) topic of Bibles and Bollocks freaking matters #sutraKNOW 

Rock ain’t a seminal sutraGENRE of my 🍌 Bible, but(t) psychedelic sure is… and I just freaking love this song!

Lyrics nspired by Nina Hagen “Personal Jesus” and song dedicated to one of my favorite psychedelic spirit daddy (lol), Frank Zappa.",,,EN,"GROWsutra : GOD (Questions Etc...),ROCKsutra,SHORTsutra Bananas Matter,Bible Gone Bananas",4,,public,checked,youtube,,New,,EZNn-HE2Kg8
Seminal Boll👀cks • EPx2 • KNOWsutra Psychedelic Punk Rock Burlesque Cabaret Music,Seminal Bollocks,L-214,checked,16:9,5,6:09,"Independent music, Music, Pop music, Rock music",https://www.youtube.com/watch?v=meFN5RgHAVQ,EP Compilation,BURLESQUE,ROCK,"Bass,Guitar",GROWsutra,,,,,These bollocks are bugging me,2025-08-22,33,0,0,https://i.ytimg.com/vi/meFN5RgHAVQ/maxresdefault.jpg,"00:00 song 1 
03:23 song 2

2-in-1 music video, psychedelic punk rock edition—original @bananasutra lyrics partly inspired by Nina Hagen’s “Personal Jesus” song, and the KNOWsutra questions matter tradition 🤘😇

Reach out and touch a book
Claims were made, take a look 
Prophets, saints, eternal bliss 
Who fact-checked all this?

Feeling lost? They wrote it down 
But where's the editor in this town?
Righteous words, shining bright
But who's been vetting what's wrong or right?

[Chorus]
Your Seminal Bollocks
Preaching the gospel without a basis
Your Seminal Bollocks
All these promises, who's tracing?

Miracles, plagues, divine control
Eternal truths with no patrol
Who said the waters parted wide?
I'm asking for receipts they tried to hide

Got no faith in what's unbacked
All these claims, yeah, they're intact
But what's the source, and what's legit?
The footnotes, please, don't make me sit.

[Chorus]
Your Seminal Bollocks
Preaching the word like it's gold - plated
Your Seminal Bollocks
Turns out your proof's kinda outdated

Turn the page, read some more
It's like they forgot what facts are for
Who said it's all divine?
Did they ever fact-check the timeline?

[Chorus]
Your Seminal Bollocks
Telling tales, who fact-checked that?
Your Seminal Bollocks
So sure it's true—where's the stat?

Reach out and touch the myth 
Question it, don't just go with 
Reach out and question the source
Seminal Bollocks, don’t take it by force",,EPx2,EN,"GROWsutra : GOD (Questions Etc...),ROCKsutra,BLOWsutra,KNOWsutra,FOTUS CIRCUS (Felon Of The United States),Bible Gone Bananas",6,,public,checked,youtube,,New,,meFN5RgHAVQ
"Seminal Bollocks 🪗✨ Holy Merry GROWsutra (God, etcetera) Psychedelic Accordion Chanson Daze Dream",Seminal Bollocks,L-214,checked,16:9,4,3:50,Music,https://www.youtube.com/watch?v=d_XK7uChskU,Music Video,BURLESQUE,,Accordion,GROWsutra,,,,,"Accordion show at the churc, with my cat and my husky dog. The cross is on fire. but(t) the geen apple makes things feel better...",2025-12-27,17,0,0,https://i.ytimg.com/vi/d_XK7uChskU/maxresdefault.jpg,"Please pardon my British, I reckon…

#originalsong #accordionlove #burlesqueshow #aivoiceover",,,EN,"GROWsutra : GOD (Questions Etc...),PEACE CIRCUS,GROWsutra,BURLESQUEsutra,Bible Gone Bananas",5,,public,checked,youtube,,New,,d_XK7uChskU
Serial Blowers—it’s like serial k!llers but(t) from an ethical POV,Serial Blowers,L-216,checked,16:9,4,3:26,"Music, Pop music",https://www.youtube.com/watch?v=DyN09cr7G8A,Music Video,FOLK,DUB,Guitar,BLOWsutra,,,,,Flyering by the blowers theater,2025-03-05,30,,0,https://i.ytimg.com/vi/DyN09cr7G8A/maxresdefault.jpg,@bananasutra⁠ lyrics + vocals on #sunomusic,,,EN,"BLOWsutra : Apes Gone Wrong,BLUESsutra,BLOWsutra,Bible Gone Bananas",4,,public,checked,youtube,,New,,DyN09cr7G8A
Serial Blowers (Everybody Knows) 🎼 BLOWsutra BS LoFi Pop Hop DUB Music,Serial Blowers,L-216,checked,16:9,4,3:16,"Music, Reggae",https://www.youtube.com/watch?v=oM1oPP875Yk,Music Video,LOFI,DUB,Bass,BLOWsutra,,,,checked,Reporting from the office...,2025-09-25,4,0,0,https://i.ytimg.com/vi/oM1oPP875Yk/maxresdefault.jpg,A forgotten evergreen #blowsutra song (circa 2024) inspired by #leonardcohen “Everybody Knows” #poem 🕴️💨,,,EN,"BLOWsutra : Apes Gone Wrong,BLOWsutra,DUBsutra,FOTUS CIRCUS (Felon Of The United States),Bible Gone Bananas",5,,public,checked,youtube,,New,,oM1oPP875Yk
"Serial Blowers Matter, a prayer in a song that goes beyond the twilight twats zone • DUBsutra music",Serial Blowers,L-216,checked,16:9,3,3:27,"Music, Pop music, Reggae, Soul music",https://www.youtube.com/watch?v=KDcTskBAjPM,Music Video,DUB,,Bass,BLOWsutra,,,,,"Pass me the pipe, before i drown in the floor, thank god for rabbits, PS: I don't whatch TV",2025-02-22,16,,0,https://i.ytimg.com/vi/KDcTskBAjPM/maxresdefault.jpg,"The problem with the surreal mass media mothafuckas’ gaslighting the masses is it’s impossible to track, and that’s why we can’t even fight back—with so many (wtf) questions about FOTUS Circus and the endless antics à la of Dolon Trusk! Thank goodnesss for #musictherapy and soul (this is me channeling René Magritte in a prayer we all find meaning and hope, beyond the twilight twats zone) 🍌🏴‍☠️

--
@bananasutra © (unedited) lyrics 

How is power still an issue of genders?
Why is color still a matter of favors? 
Who knows where sorrow lingered longer? (Harder, darker)
Are egos bros drunk on power, ever sober, do they ever grow kinder?

Yeah, no need to answer, to be fair…
Everybody knows trust matters like psychological safety is air
Everybody knows trump’s a mad joker,  a serial killer of what is fair
Equality knows bully winners couldn’t care less what it means to be fair 
Equality gone, bipartisanship spreading bias like they’re not even aware
Like no one even cares, about double standards, felons, jerks, now it’s  blessed be the pathological liars!

Like, wow. I mean, How is that safe or fair?  
I mean quack, look at that evil freaks faire ?! 
Are they just too busy to care 
Maybe too selfish to share 
Too cowardly to dare 
To fight for what is fair 
To tell the truth, to take the pis,  
To Remember what matter, like huh peace? (Peeeeace, oh brother!)

Don’t wanna be too simplistic,
Game theory’s no vain dialectic,
Playing fair is a matter of logic;
That is why Liars relish rhetoric

They’ll Murky the waters to make it seem deep,
Twats wannabe winners no matter what the bleep

I know, tho… so I’ll share right now
Everybody knows kind loving humans glow,
And coucous birds Blow, always breaking the flow, stealing the show, in a weird orange glow, 
Everybody knows Envy-driven “winners” are scary egos monsters who just gonna BLOW (blow, blow, blow) (low, low, and low-errrr)

So huh, excuse me sir, but(t) now what?
Finding some true win wins or what? 
Your dozen kids, they hope for what?

Dolon Trusk, the new Shining twin plight
Egos Gone Quack, no win-win in sight
None, Billions hoarding turds acting like truth and hope are for losers and they dunno the difference between savior and monster —- as if biased bull babbles didn’t end up in sum’s zero 

Well Shit… bravo!

Reckless heartless greedy monsters 
Needy losers toddlers never learned to share

(Mwahahahahahaha)

Just kidding… I’m not laughing 
the truth is, I’ve been crying
Just trying to make sense of this strange reality 
Can’t trust the Trusk, and why you gods let it be, all that cruelty  
Can’t you see the danger looming is sheer stupidity 
Sick Morons decrees, bye bye equality, hello poverty, it’s like a new pandemic, with higher rates of mortality—BECAUSE,  jerks wanking in the glory of shameless STUPIDITY 
---

Part of my #BLOWsutra DUB EPx7, Each song is slightly different on this as I kept playing with words... I included the most complete and #unedited lyrics version here, because I'm brave like that ha :)",,,Bilingual,"BLOWsutra : Apes Gone Wrong,GROWsutra,DUBsutra,Bible Gone Bananas",4,,public,checked,youtube,,New,,KDcTskBAjPM
"“Serial Blowers” are human killers of faith, truth, trust, hope, i.e. our life #soul 🧢📺 #injustice",Serial Blowers,L-216,checked,16:9,3,3:22,"Electronic music, Music, Pop music, Soul music",https://www.youtube.com/watch?v=pDrkiCyh7i4,Music Video,INDIE,LOFI,Piano,BLOWsutra,,,,,"I don't watch tv... I make my own shows, with my imaginary dog ;)",2025-04-07,13,,0,https://i.ytimg.com/vi/pDrkiCyh7i4/maxresdefault.jpg,"#justicematters #ijustcantstoplovingyou 

@bananasutra lyrics with #aivoice on #sunomusic 

How is power still an issue of genders?
Why is color still a matter of favors? 
Who knows where sorrow lingered longer? (Harder, darker)
Are egos bros drunk on power, ever sober, do they ever grow kinder?

Yeah, no need to answer, to be fair…
Everybody knows trust matters like psychological safety is air
Everybody knows trump’s a mad joker,  a serial killer of what is fair
Equality knows bully winners couldn’t care less what it means to be fair 
Equality gone, bipartisanship spreading bias like they’re not even aware
Like no one even cares, about double standards, felons, jerks, now it’s  blessed be the pathological liars!

Like, wow. I mean, How is that safe or fair?  
I mean quack, look at that evil freaks faire ?! 
Are they just too busy to care 
Maybe too selfish to share 
Too cowardly to dare 
To fight for what is fair 
To tell the truth, to take the pis,  
To Remember what matter, like huh peace? (Peeeeace, oh brother!)

Don’t wanna be too simplistic,
Game theory’s no vain dialectic,
Playing fair is a matter of logic;
That is why Liars relish rhetoric

They’ll Murky the waters to make it seem deep,
Twats wannabe winners no matter what the bleep

I know, tho… so I’ll share right now
Everybody knows kind loving humans glow,
And coucous birds Blow, always breaking the flow, stealing the show, in a weird orange glow, 
Everybody knows Envy-driven “winners” are scary egos monsters who just gonna BLOW (blow, blow, blow) (low, low, and low-errrr)

So huh, excuse me sir, but(t) now what?
Finding some true win wins or what? 
Your dozen kids, they hope for what?

Dolon Trusk, the new Shining twin plight
Egos Gone Quack, no win-win in sight
None, Billions hoarding turds acting like truth and hope are for losers and they dunno the difference between savior and monster —- as if biased bull babbles didn’t end up in sum’s zero 

Well Shit… bravo 🙌 

Reckless heartless greedy monsters 
Needy losers toddlers never learned to share",,,EN,"BLOWsutra : Apes Gone Wrong,PIANOsutra,BLOWsutra,FOTUS CIRCUS (Felon Of The United States),BURLESQUEsutra,Bible Gone Bananas",6,,public,checked,youtube,,New,,pDrkiCyh7i4
Serial Blowers is a #song about killers of dreams glorified as the winners of a new mad world order,Serial Blowers,L-216,checked,9:16,4,0:50,"Entertainment, Pop music",https://www.youtube.com/watch?v=pMyIKVA8jfE,Short/Reel,LOFI,,Bass,BLOWsutra,,,,,Dandy fly gigolo in pink,2025-02-22,42,,3,https://i.ytimg.com/vi/pMyIKVA8jfE/maxresdefault.jpg,,,,EN,"BLABLAsutra,PEACE CIRCUS,BLOWsutra,KNOWsutra,LOFIsutra,SHORTsutra Bananas Matter",6,,public,checked,youtube,,New,,pMyIKVA8jfE
"In a world of bleak bias babbles à la Dolon Trusk Shining Twins Egos Gone Quack, blessed be #poetry",Serial Blowers,L-216,checked,9:16,,1:08,"Music, Pop music",https://www.youtube.com/watch?v=GHTEXNqKWpw,Short/Reel,DUB,JAZZ,Bass,BLOWsutra,,,,,,2025-02-22,14,,0,https://i.ytimg.com/vi/GHTEXNqKWpw/maxresdefault.jpg,"""Serial Blowers"" shenanigans",,,FR,"BLABLAsutra,BLOWsutra,DUBsutra,SHORTsutra Bananas Matter,Bible Gone Bananas",5,checked,public,checked,youtube,,New,,GHTEXNqKWpw
Bc I wonder what’s the shade of the light in ur heart—the only human color that matters 🦁🫶 #rawr,Shades of Fools (All I Know),L-217,checked,9:16,,0:16,,https://www.youtube.com/watch?v=fuyXsBab8BU,Commentary,SPOKEN WORDS,,,KNOWsutra,,,,,,2025-03-22,44,,0,https://i.ytimg.com/vi/fuyXsBab8BU/maxresdefault.jpg,,,,EN,BLABLAsutra,1,,public,checked,youtube,,New,,fuyXsBab8BU
"“Shades of Fools” (It’s The Why…) • KNOWsutra INDIE Music (inspired by one of my fav man, Socrates)",Shades of Fools (All I Know),L-217,checked,16:9,5,3:24,"Independent music, Music, Pop music",https://www.youtube.com/watch?v=Gi8UfqiByYA,Music Video,BURLESQUE,,Accordion,KNOWsutra,,,,,Why are her little knees red? :),2025-07-10,30,0,0,https://i.ytimg.com/vi/Gi8UfqiByYA/maxresdefault.jpg,"KNOWsutra is all about the why… because we must start by agreeing on why #peace matters more than everything, why truth is a sacred, brave and beautiful thing, and lying—or pretending even, omitting for the purpose of selfish manipulation—always a cowardly, shallow, toxic, i.e. wrong decision, which always, in essence, hinders everyone’s safety, prevents mutual trust, and ultimately, #peace #joy and all that the divine offers to all of us humble fools on Earth… 

… her knees are red because she’s been praying—praying we all can GROW up enough to dare being true, kind, fair and respectful, to help each other create a peaceful, grateful, harmonious world #together #withlove 

I created many version of this song, because our “whys” go deep and wide, like my favorite daddies #socrates and #bertrandrussell taught me. Why has many, many shades. Here are the lyrics for this version, with a bonus 3rd verse and outro not included in this audio version: 

“Shades of Fools” @bananasutra lyrics:

[Verse 1]
All I know is I dunno, that’s the truth I hold dear
We’ve all got a bit of fool inside, whether far or near
It’s not the clothes, the skin, the job, or the town
It’s not the king or the clown who wears the crown

[Chorus]
It’s the why, oh the why, that paints the shade of fools
Not the how or the what or who follows the rules
In the grand parade of life’s ridiculous school
It’s the why, only the why, that defines a true fool

[Verse 2]
You can be a wise man, still chasing your tail
A fool with a doctorate or a story to tell
It’s not the bright lights or the dark alleyways
It’s the reasons you walk that path anyway

[Chorus]
It’s the why, oh the why, that paints the shade of fools
Not the when or the where or who’s got the tools
In the great spectrum of our glorious duel
It’s the why, only the why, that colors every fool

[Bridge]
Deep inside, what’s your drive, what’s the spark in your eye?
Do you act from love, fear, or just passing by?
In the theater of fools, every heart plays a part
But the shade of your role is the light in your heart

[Verse 3]
There’s a thousand shades of stupid, a million shades of bright
But what makes you a genius or a fool in the night
Ain’t the facts that you know, or the truths you defend
But the reasons behind each message you send

[Chorus]
It’s the why, oh the why, that paints the shade of fools
Not the how or the what or who holds the jewels
In this circus of life, where we all act the fool
It’s the why, only the why, that makes a wise fool

[Outro]
So wear your shade with pride, whether light or dark
In this world full of questions, make your why a work of art
We’re all fools in some fashion, all just playing our part
But the shades that we wear come from deep in the heart",,,EN,"KNOWsutra : But(t) Whyyy,PEACE CIRCUS,KNOWsutra,BURLESQUEsutra,Bible Gone Bananas",5,checked,public,checked,youtube,,New,,Gi8UfqiByYA
“Shades of Fools” is like a sweet lill’ gipsy folk burlesque delight of a wild tale in a song 🫰✨,Shades of Fools (All I Know),L-217,checked,9:16,4,2:21,"Hobby, Lifestyle (sociology), Pop music",https://www.youtube.com/watch?v=uIjCv7re2sA,Short/Reel,FOLK,BURLESQUE,"Banjo,Voice",KNOWsutra,,,,,She dances like a gipsy fool. Love this song,2025-12-30,238,0,0,https://i.ytimg.com/vi/uIjCv7re2sA/maxresdefault.jpg,,,,EN,,0,,public,checked,youtube,,New,,uIjCv7re2sA
“Shades of Fools” (encore) 🌼🪗 BURLESQUEsutra Peace Circus #unbranded #fool,Shades of Fools (All I Know),L-217,checked,16:9,5,3:41,"Music, Pop music",https://www.youtube.com/watch?v=AtpYrIr3WZY,Music Video,BURLESQUE,,"Accordion,Voice,Upright Bass",KNOWsutra,,,,checked,Back on her swing playing accordion,2025-03-23,19,,0,https://i.ytimg.com/vi/AtpYrIr3WZY/maxresdefault.jpg,"(No Games, No Thrones, No Kings, No Crap) it’s just so wonderful (like a burlesque dream) 🥹🪗",,,EN,"KNOWsutra : But(t) Whyyy,PEACE CIRCUS,KNOWsutra,LULLABIESsutra,BURLESQUEsutra",5,checked,public,checked,youtube,,New,,AtpYrIr3WZY
PS: All “Shades of Fools” matter—because it’s the only #truecolors 🍏📺😶‍🌫️🧠,Shades of Fools (All I Know),L-217,checked,16:9,4,3:24,"Music, Pop music",https://www.youtube.com/watch?v=J6EdR1-VNkw,Music Video,BURLESQUE,,Accordion,KNOWsutra,,,,,"It's raining but(t) the pigeon and bowl hats don'tcare, and the tv is in color...",2025-02-26,17,,0,https://i.ytimg.com/vi/J6EdR1-VNkw/maxresdefault.jpg,⁠⁠⁠@bananasutra lyrics + voice forever 🏴‍☠️ with #sunoai,,,EN,"KNOWsutra : But(t) Whyyy,GROWsutra,BURLESQUEsutra,Bible Gone Bananas",4,,public,checked,youtube,,New,,J6EdR1-VNkw
"Even Socrates knows… shady fools, oh they BLOW(sutra), & that is #why the world’s gone bananas 🎶🍌",Shady Fools,L-218,,9:16,3,0:30,"Independent music, Lifestyle (sociology)",https://www.youtube.com/watch?v=iDJkmW_kzRE,Commentary,INDIE,,"Voice,Banjo",KNOWsutra,,,,,In the car checking her phone,2026-02-18,10,0,0,https://i.ytimg.com/vi/iDJkmW_kzRE/maxresdefault.jpg,"“I don’t know, I don’t know,
But I know we’re all fools on show,
Some play fair, some go low,
Shady fools, oh they blow…”

#personalitymatters","Psychedelic Folk,World Gone Bananas,Shady Fools,BLOWsutra",,EN,"FOLKsutra,SHORTsutra Bananas Matter",2,,public,checked,youtube,,New,,iDJkmW_kzRE
Sometimes it feels like no one dares to care for what’s unknown (the best part obviously:),Shady Fools,L-218,checked,16:9,4,3:30,"Music, Pop music",https://www.youtube.com/watch?v=Cvy7dGLcZiA,Music Video,FOLK,INDIE,Guitar,KNOWsutra,,,,,,2025-03-01,20,,0,https://i.ytimg.com/vi/Cvy7dGLcZiA/maxresdefault.jpg,,,,EN,"BLOWsutra : Ego (Gone Loco),FOLKsutra,KNOWsutra,Bible Gone Bananas",4,,public,checked,youtube,,New,,Cvy7dGLcZiA
Shady Fools (Oh Can’t You See?) • BLOWsutra Conscious psyGipsy Indie Folk Fusion LoFi 📺🍌,Shady Fools,L-218,checked,16:9,4,3:09,"Independent music, Music, Pop music, Rock music, Soul music",https://www.youtube.com/watch?v=Aqrc0TzbHEQ,Music Video,LOFI,"INDIE,FOLK","Voice,Guitar",KNOWsutra,,,,,They on TV turned banana fools,2025-11-22,4,0,0,https://i.ytimg.com/vi/Aqrc0TzbHEQ/maxresdefault.jpg,"""Shady Fools"" is the twin sister song of ""Shades of Fools"", and what happens when I swap my KNOWsutra and BLOWsutra hats… because heh, better be safe than sorry, and also, because I often dream of a world where the shades of souls—not the colors of skins—actually mattered to most (damn it)! Because (like Leonard Cohen said) everybody knows (like Tom Waits said) ""there's no prayer like desire""! And, Cindy Lauper was definitely onto something with that ""True Colors"" song :)

Just remember this, when judging character: what matters is the why! #truestory

 •  •  • 
@bananasutra #lyrics

[Intro]
I don’t know, I don’t know,
But I know we’re all fools on show,
Some play fair, some go low,
Shady fools, oh they glow…

[Verse 1]
In a carnival of painted smiles,
Some walk straight, some crawl the miles,
Seeking fortune, seeking fame,
In the shadows, they all look the same.

[Chorus]
Shady fools, in the masquerade,
Hidin’ true selves, in the choices made,
Not the who or the where, the when or how,
But the why that cuts through the crowd.

[Verse 2]
I’ve lived and learned, seen the spectrum wide,
From fools that hide to those with pride,
It’s not the face, the place, or name,
But the reason that they play the game.

[Bridge]
Oh, the games they play, the lies they say,
All for a piece of the fool’s buffet,
But in the end, under the moon’s soft glow,
The why is the only truth you’ll ever know.

[Chorus]
Shady fools, in the circus light,
Every soul has a shade tonight,
Look beyond the laughter, beyond the cries,
And see the truth in their eyes.

[Outro]
I don’t know, but here’s the truth I found,
We’re all fools just dancin’ ‘round,
Intentions matter, that’s the key,
To see the shades of fools, oh can’t you see?

 •  •  • 

Note: if you're reading this, I'm gonna assume you like this song (like me:), and tell you that 
1. Vol. 2 EPx9 is now up on #souncloud 
2. Vol.1 of this EP, which I also shared on SoundCloud several months ago (as a psychedelic Folk music single) is still my fav… 

So, if you’re on SoundCloud (or not yet:) you should totally look that up now 😘🤌",,,EN,"BLOWsutra : Ego (Gone Loco),BLOWsutra,LOFIsutra,Bible Gone Bananas",4,,public,checked,youtube,,New,,Aqrc0TzbHEQ
Shady Fools (Oh Can’t You See?) • BLOWsutra (Egos Gone Loco) Burlesque Rock + Gipsy LoFi EPx2 🎧,Shady Fools,L-218,checked,16:9,5,6:48,"Electronic music, Independent music, Music, Pop music, Rock music, Soul music",https://www.youtube.com/watch?v=WxPns2hz6e4,EP Compilation,BURLESQUE,"LOFI,ROCK","Bass,Guitar",KNOWsutra,,,,,"Girl is a dj in her dream studio, cute",2026-01-13,11,2,6,https://i.ytimg.com/vi/WxPns2hz6e4/maxresdefault.jpg,"00:00 Song 1 - Post-Punk Burlesque 
04:20 Song 2 - Gipsy Trip Hop LoFi 

""Shady Fools"" is the shady twin sister song of ""Shades of Fools"", and what happens when I swap my KNOWsutra and BLOWsutra hats. EPx2 because post-punk burlesque or gipsy lofi more is more lol

I often dream of a wonderworld where shades of souls—not colors of skins—mattered (damn it). Imagine that heh, the truth at last?! Ha. Well, one can dream… I imagine being raised in a bi-racial family (in France) is something to be grateful for, and also, I’m thinking whoever wrote that “True Colors” Cindy Lauper song was definitely onto something. But(t) I digress, as always:)

Just remember this, when judging character: what matters is the why #truestory

 •  •  • 
@bananasutra #lyrics

[Intro]
I don’t know, I don’t know,
But I know we’re all fools on show,
Some play fair, some go low,
Shady fools, oh they glow…

[Verse 1]
In a carnival of painted smiles,
Some walk straight, some crawl the miles,
Seeking fortune, seeking fame,
In the shadows, they all look the same.

[Chorus]
Shady fools, in the masquerade,
Hidin’ true selves, in the choices made,
Not the who or the where, the when or how,
But the why that cuts through the crowd.

[Verse 2]
I’ve lived and learned, seen the spectrum wide,
From fools that hide to those with pride,
It’s not the face, the place, or name,
But the reason that they play the game.

[Bridge]
Oh, the games they play, the lies they say,
All for a piece of the fool’s buffet,
But in the end, under the moon’s soft glow,
The why is the only truth you’ll ever know.

[Chorus]
Shady fools, in the circus light,
Every soul has a shade tonight,
Look beyond the laughter, beyond the cries,
And see the truth in their eyes.

[Outro]
I don’t know, but here’s the truth I found,
We’re all fools just dancin’ ‘round,
Intentions matter, that’s the key,
To see the shades of fools, oh can’t you see?

 •  •  •",,EPx2,EN,"BLOWsutra : Ego (Gone Loco),ROCKsutra,BLOWsutra,LOFIsutra,Bible Gone Bananas",5,checked,public,checked,youtube,,New,,WxPns2hz6e4
Why we (all) be #fools • FOLKsutra,Shady Fools,L-218,checked,16:9,4,3:30,"Music, Pop music",https://www.youtube.com/watch?v=t1oDsBWYlAU,Music Video,FOLK,INDIE,Guitar,KNOWsutra,,,,,,2025-03-01,34,,0,https://i.ytimg.com/vi/t1oDsBWYlAU/maxresdefault.jpg,"I don’t know, I don’t know… but(t) I do know we’re all fools on show. Some play fair, some go low… and the shady ones? Oh, they glow.

Ever notice how the world feels like a carnival of painted smiles? Some folks march straight ahead, others crawl through the miles—seeking fortune, seeking fame. But in the shadows… they all kinda look the same heh?

So, makes a fool really?
• Is it the mask they wear or the reason behind it?
• Is it the game they play or the why that fuels it?
• And when we see fools out there… is it just reflections of our own shade?

I’ve lived, I’ve learned, I’ve seen fools of every shade. The ones who hide, the ones who boast, the ones who lie for a piece of the fool’s buffet. But when the circus lights go dim and the moon casts its glow… maybe the why is the only truth we’ll ever know. 

What do you think? Are we all just dancing in circles, or is there a way to see beyond the masquerade? Drop your thoughts in the comments! If this song gets your brain wiggling, I’d love to know, and perhaps connect to unravel more riddles #together

#WhoAreTheFools #BanjoPhilosophy #ShadyFools #MasqueradeOfIntentions #PhilosophyMeetsMusic #PlatoWouldVibe #DeepThoughtsButMakeItCatchy",,,EN,"KNOWsutra : But(t) Whyyy,FOLKsutra,KNOWsutra,Bible Gone Bananas",4,,public,checked,youtube,,New,,t1oDsBWYlAU
Gratefool this (pre-election) Disney Jungle  Book Don-Be-Gone prayer song still cracks me up 🍌🦧,"Shame on You Boo (Don-Be-Gone Orchestra, Duck of the Jungle)",L-336,checked,9:16,4,2:12,Music,https://www.youtube.com/watch?v=UKbImTXNh6g,Short/Reel,BURLESQUE,,Voice,QUACKsutra,,,,,Urban jungle book lol,2025-02-28,22,,0,https://i.ytimg.com/vi/UKbImTXNh6g/maxresdefault.jpg,"Some songs age better than others lol
—
2/6/26 update:
This puerile (*) rac!st jungle video Trump (re)posted yesterday reminded me that (once upon a time) I made a Don-Be-Gone “Jungle Book” inspired song (before election, sigh…) but(t) never shared the lyrics here 🦧✨ so, here now, enjoy 🍌 #dystopianart #burlesquelife #psychedelicjazz 

“Shame on You, Boo”
(To the tune of Disney’s “I Wanna Be Like You”)

We the people, we’re movin’ on,
Orangutan (oh you) you gotta go,
You fool of baloney, dick be gone,
Orange suit’s waiting for you, bro!

Oh, oobee doo, you felon (boo yooo)
Shame on you, now shut up Don (duck yooo)
VIP jail cell is waitin’ for you. (Wow Woohoo)
You just stink like poo, (eeewww boo you)
Your mouth’s just like a loo, (that’s just true)
Who wanna cope with a whiny quack like you, no one boo (bye bye you)

Now don’t you quack, (quack), because what the frack?! (Quack Quack) 
Like are you on crack, or were you born whack? (Quack quack quack)
We’re all laughing at you, dicky boo, that much is true, 
You bragged you like to grab pussies, (quack quack) oh my, oh why, so ewwww, 
Your crowd size’s no joke, tiny, slackers quack (quack)
Disgrace’s your prize, you jock, now off my back!

Oh, Shame on You, Donald Junior Tramp Boo (you-ooo)
Oh ha ha Ducky boo, that dicky name of you (woo-hoo)
Queen Kamala’s ready to lock your orange ass, too (bye bye oh so long)
You had your run, hon, don’t be crass, you (tiny duck in a song)
Now you’re fired, so move on, hon, (no mo ducking along)
No one trusts you, Don, so shush, you just don’t belong (boing boing)

—
(*) “puerile”, as defined by Monsieur Huizinga, in his seminal #gametheory book: (When politics becomes childish, the outcome is) ""the loss of every shred of honor, all sense of humor, the very idea of decency and fair play""",,,EN,"BLOWsutra : DUCK (Shady),“UNAVAILABLE” Content said YouTube Music… Who knew? Not me!,BLOWsutra,FOTUS CIRCUS (Felon Of The United States),BURLESQUEsutra,Bible Gone Bananas",6,,public,checked,youtube,,New,,UKbImTXNh6g
"Aren’t U Ashamed We Ain’t Ashamed? SHAMELESS, DEFY EP is an American song inspired by @defiance13 🔥",Shameless (DEFY),L-219,checked,9:16,4,2:58,"Independent music, Music, Pop music",https://www.youtube.com/watch?v=kqZ5M5JveDk,Short/Reel,FOLK,,"Upright Bass,Voice",BLOWsutra,,,,checked,"another surreal dystopian show, i'm on tv with my defy beany, in disbelief...",2025-07-26,131,3,0,https://i.ytimg.com/vi/kqZ5M5JveDk/maxresdefault.jpg,,,,EN,Bible Gone Bananas,1,,public,checked,youtube,,New,,kqZ5M5JveDk
How to help a Bible bro grow up 🇺🇸 ️ @bananasutra Bible song lyrics #GROWsutra #aimusicrevolution,Shush (How To Help A Bible Bro Grow Up),L-222,checked,9:16,4,1:36,"Electronic music, Music, Pop music, Religion",https://www.youtube.com/watch?v=KG5mA5C8PaY,Music Video,INDIE,LOFI,Voice,GROWsutra,,,,,peephole shush it,2025-02-03,24,,0,https://i.ytimg.com/vi/KG5mA5C8PaY/maxresdefault.jpg,,,,EN,"GROWsutra : GOD (Questions Etc...),BLABLAsutra,PEACE CIRCUS,BLOWsutra,LOFIsutra,SHORTsutra Bananas Matter,Bible Gone Bananas",7,,public,checked,youtube,,New,,KG5mA5C8PaY
How to help a righteous god-fearing so-called pro-life bro hear how women feel about Bible bullies 🔥,Shush (How To Help A Bible Bro Grow Up),L-222,checked,16:9,4,3:26,Religion,https://www.youtube.com/watch?v=Tl1KbppJVls,Music Video,BURLESQUE,JAZZ,Voice,GROWsutra,,,,,,2025-02-11,30,,0,https://i.ytimg.com/vi/Tl1KbppJVls/maxresdefault.jpg,Cognitive dissonance matters… and so does #reasoning 👼,,,EN,"GROWsutra : GOD (Questions Etc...),“UNAVAILABLE” Content said YouTube Music… Who knew? Not me!,BLOWsutra,BURLESQUEsutra,Bible Gone Bananas",5,,public,checked,youtube,,New,,Tl1KbppJVls
How to help Bible sheeples #GROWup … my prayer for dogma bananas to rest in peace 🕊️  #secularnews,Shush (How To Help A Bible Bro Grow Up),L-222,checked,9:16,3,1:36,Religion,https://www.youtube.com/watch?v=k8jN-GWM-zA,Short/Reel,INDIE,LOFI,Voice,GROWsutra,,,,,psychedelic dystopian rabbit hole anyone?,2025-02-07,28,,0,https://i.ytimg.com/vi/k8jN-GWM-zA/maxresdefault.jpg,,,,EN,"GROWsutra : GOD (Questions Etc...),GROWsutra,BLOWsutra,LOFIsutra,SHORTsutra Bananas Matter,Bible Gone Bananas",6,,public,checked,youtube,,New,,k8jN-GWM-zA
"#yoda said Murica is so #insane, there’s no word—only the (French) word “sidération” comes close🩸",Sidération,L-223,checked,9:16,3,3:01,"Music, Pop music",https://www.youtube.com/watch?v=wlxLBPVx-Uc,Short/Reel,BURLESQUE,,Accordion,BLOWsutra,,,,,"define overthinking ;) also, blessed be the dogs",2025-05-05,5,,0,https://i.ytimg.com/vi/wlxLBPVx-Uc/maxresdefault.jpg,,,,Bilingual,"BLOWsutra : Apes Gone Wrong,“UNAVAILABLE” Content said YouTube Music… Who knew? Not me!,BLOWsutra,FOTUS CIRCUS (Felon Of The United States),SHORTsutra Bananas Matter,Bible Gone Bananas",6,,public,checked,youtube,,New,,wlxLBPVx-Uc
“Sidération” Is The Word You Need 🤯🇺🇸 When A Rap!st King Legislates “Freedom to Lie” As #humanrights,Sidération,L-223,checked,16:9,4,3:20,"Independent music, Music, Pop music",https://www.youtube.com/watch?v=xOhD5Qb6GeU,Music Video,BURLESQUE,JAZZ,Voice,BLOWsutra,,,,,drowning a little?,2025-06-25,12,0,0,https://i.ytimg.com/vi/xOhD5Qb6GeU/maxresdefault.jpg,"There’s a French word, ‘sidération’—it’s an intense feeling one experiences, when something is so wrong, so absurd, your brain just freezes, like your soul slipped on a banana peel... This song is for those moments, it’s called ‘Sidération.’
--
@bananasutra lyrics: 

[Intro]  
It didn’t scream  
It whispered wrong  

[Verse 1]  
They smiled so wide  
Their teeth like knives  
A velvet lie  
Wore silken lives  

[Verse 2]  
I poured my hope  
Into their cup  
They drank it dry  
And stood it up  

[Chorus]  
Sidération in the marrow  
Where the breath forgets to go  
Sidération in the shadow  
Where the truth begins to glow  

[Verse 3]  
They shook my hand  
With empty palms  
Said “peace” out loud  
But meant no calm  

[Verse 4]  
They lit a match  
And called it dawn  
The stars were fake  
But still shone on  

[Chorus]  
Sidération in the chest  
Where the silence learns to sing  
Sidération in the mess  
Where we plant a truer thing  

[Bridge]  
[Accordion breathes in disbelief...]
[The floor remembers every foot...)  
(The truth was late — but it still came...)  
(And sat beside me like a root...)  

[Verse 5]  
They sold the sky  
In plastic jars  
And fed us dreams  
Through prison bars  

[Chorus]  
Sidération in the bone  
Where the stillness writes its name  
Sidération in the tone  
Of one soft voice that won’t play tame  

[Outro - whispered confession]  
I didn’t fight  
I didn’t run  
But I will speak  
When all’s undone",,,Bilingual,"BLOWsutra : REVOLT (Now),KNOWsutra,FOTUS CIRCUS (Felon Of The United States),BURLESQUEsutra,Bible Gone Bananas",5,checked,public,checked,youtube,,New,,xOhD5Qb6GeU
New “SIDÉRATION” Burlesque Song—No Word for This in English… When Reality Freezes & Truth Glitches 😎,Sidération (The Sky Stood Still),L-224,checked,16:9,3,3:29,"Independent music, Music, Pop music",https://www.youtube.com/watch?v=zsJ9YEIT9uw,Music Video,JAZZ,BURLESQUE,Voice,BLOWsutra,,,,checked,"fotus circus is defintely a shitty tv brand lol, like that rotten holy apple...",2025-05-22,9,,0,https://i.ytimg.com/vi/zsJ9YEIT9uw/maxresdefault.jpg,"🎵 A haunting chanson for the post-truth era.
For those still feeling, still noticing, still not numb.

🇺🇸 Sidération: the stunned silence when your mind can’t process the truth—because it’s too much, too absurd, too real.
No real word in English. Maybe existential freeze, shock lucidity, or gaslight paralysis? Close—but not quite.

🍟 Sidération : ce moment figé, choqué, où la vérité est so brutale qu’elle vous laisse sans voix.
Pas de mot équivalent en anglais. Ce n’est ni la peur, ni l’ignorance. C’est un choc muet, lucide, qui fige….

#Sidération #Intraduisible #GaslightFreeze #RevolutionSong #LanguageMatters #PoeticResistance #FOTUS #AccordionDreams #TruthAin’tOptional",,,Bilingual,"BLOWsutra : REVOLT (Now),BLOWsutra,FOTUS CIRCUS (Felon Of The United States),BURLESQUEsutra,Bible Gone Bananas",5,,public,checked,youtube,,New,,zsJ9YEIT9uw
Sidération Blues • BLOWsutra (antiantiantifa) Dub Indie BLUES 🎤🙂‍↕️,Sidération Blues,L-225,checked,16:9,4,3:00,"Independent music, Music, Pop music, Reggae, Rock music",https://www.youtube.com/watch?v=9xLvPVJuD_I,Music Video,BLUES,DUB,"Bass,Guitar",BLOWsutra,,,,checked,dj siderée got the sepia blues,2025-10-04,10,1,0,https://i.ytimg.com/vi/9xLvPVJuD_I/maxresdefault.jpg,"'@bananasutra lyrics:

[Intro]  
This is a song
That sings of wrong  

They rule our lives
With teeth like knives  
Need to control
Wolves live to troll  

We trusted hope  
Slippery slope
They drunk it dry  
And smiled so sly  

[Chorus]  
Sidération’s in the marrow  
Where deep breaths forget to grow
Sidération’s in the shadow  
Where the truth may never glow

They raised their hand  
Sold public land
Sinning out loud  
Hubris’ so proud  

They lit a match  
Meek darkness patch 
Their facts are fake  
Faith’s on a break

[Chorus]  
Sidération’s in the gut  
When facts cringe like cha Ching 
Sidération’s in the rut  
When turds prey on bling bling

[Accordion breathes in disbelief...]
But pure souls smell the lame 
And the truth—it still came...
Staring down at black boots
Planting deep, mighty roots

He sold the sky  
No one asked why
‘Till gilded dreams  
Burned all the seams

[Chorus]  
Sidération’s in the bone  
When people praise his name  
Sidération’s in the tone  
Voices shall rise to shame  

[Outro]  
Why No one dared  to fight 
Proof some Folks ain’t so bright
But the songs sure shall speak  (up)
Of fake kings, oh boy’s bleak…  (yup)",,,EN,"BLOWsutra : REVOLT (Now),BLUESsutra,BLOWsutra,FOTUS CIRCUS (Felon Of The United States),Bible Gone Bananas",5,,public,checked,youtube,,New,,9xLvPVJuD_I
"Felon Nation just stared, on silent. No one dared rise—a new kind of sidération, no dissent… yet?!",Sidération's Calling,L-226,checked,9:16,5,3:00,"Electronic music, Independent music, Music, Pop music",https://www.youtube.com/watch?v=I9_Ij3X_JqI,Short/Reel,BURLESQUE,INDIE,"Bass,Voice",BLOWsutra,,,,checked,"love that song, trippy psychedelic rabbit hole",2025-05-23,817,1,0,https://i.ytimg.com/vi/I9_Ij3X_JqI/maxresdefault.jpg,,,,EN,"BLOWsutra : REVOLT (Now),BLOWsutra,FOTUS CIRCUS (Felon Of The United States),SHORTsutra Bananas Matter,Bible Gone Bananas",5,,public,checked,youtube,,New,,I9_Ij3X_JqI
“Sidération’s Calling” 📺🎶 QUACKsutra Indie Pop ROCK Music about a World Gone Bananas 🍌💥,Sidération's Calling,L-226,checked,16:9,3,3:07,"Independent music, Music, Pop music, Rock music",https://www.youtube.com/watch?v=0zWYUeJV81g,Music Video,INDIE,ROCK,Bass,BLOWsutra,,,,,"please ocean, fire that reality show monster...",2025-09-03,19,0,0,https://i.ytimg.com/vi/0zWYUeJV81g/maxresdefault.jpg,"To be completely fair, I find this AI fantasy video rather disgraceful—but(t) since FOTUS himself had not qualms using the White House social media account to publish an AI fantasy vid of Obama getting arrested in the Oval office, it’s only fair to return the favor… right?! 🍌❕

—

On the @bananasutra “Sidération’s Calling” lyrics… (partly inspired by the anthemic song “London’s Calling”, by The Clash)

I’m sure I’m not alone feeling our new world needs new words. I don’t know what the right word for neo-fascism should be, but I think we’d all benefit from knowing the word Sidération...
I mean, what do you call that stunned feeling when truth collides with lies, when the bamboozling is so loud, so bold, so brazen, the cognitive dissonance feels deafening, paralyzing—and you’re left feeling deeply confused, like floored, dumbfounded, like struck by planet oblivion⁉️ #qotd

In French, there’s a very common word: Sidération (noun, f.). It’s also a verb. And it means a profound, stunned state of shock, triggered by witnessing something so deeply confusing, absurd, or obscene that words collapse into euphemisms. It’s like a kind of paralysis—toxic stupefaction, deadly consternation.

For example, it’s the world’s reaction to a convicted rapist and felonx34 being allowed to run for “President”, and win, or rather rig (sic) the election. Or, remember Kamala Harris’s face when Trump refused to put his hand on the Bible at inauguration, and the rest is authoritarian history? Ouiii... That’s sidération. 

Sidération is also a word central to the work of Psychiatrist Paul-Claude Racamier on narcissistic perversion—naming the stunned cognitive freeze victims feel when gaslit by narcissists. It’s a reality English still has no single word for.

And this song, it’s self-help #musictherapy for my utter distress and disbelief fascism is happening AGAIN, here and there, and now... And AI really means Authoritarian Indoctrination, ha.

So now you know ;)",,,Bilingual,"BLOWsutra : REVOLT (Now),ROCKsutra,BLOWsutra,FOTUS CIRCUS (Felon Of The United States),Bible Gone Bananas",5,,public,checked,youtube,,New,,0zWYUeJV81g
"SIDÉRATION is calling, the White House is burning, Murica is drowing, & the people do nothing 🤯🇺🇸",Sidération's Calling,L-226,checked,9:16,3,3:00,"Music, Politics, Pop music",https://www.youtube.com/watch?v=NNgJnR5-vUg,Short/Reel,JAZZ,,Upright Bass,BLOWsutra,,,,checked,Singing on my bike,2025-05-26,8,0,0,https://i.ytimg.com/vi/NNgJnR5-vUg/maxresdefault.jpg,,,,EN,"BLOWsutra : REVOLT (Now),BLOWsutra,FOTUS CIRCUS (Felon Of The United States),SHORTsutra Bananas Matter,Bible Gone Bananas",5,,public,checked,youtube,,New,,NNgJnR5-vUg
"Sing Your Own Gospel • GROWsutra (God, Etc.) Magic Wand Gospel BLUES 🙌🎵",Sing Your Own Gospel,L-227,checked,9:16,4,2:48,"Music, Pop music, Religion, Soul music",https://www.youtube.com/watch?v=NvTo-T8FN-k,Music Video,BLUES,,Voice,GROWsutra,,,,checked,"she is chilling like it's all a lill' too banana, gospel style",2026-01-06,9,0,1,https://i.ytimg.com/vi/NvTo-T8FN-k/maxresdefault.jpg,"I don’t believe in reincarnation on planet banana, but(t) when my black queen ancestor channels through me, it’s always a grand split :) ⛓️‍💥

“Sing Your Own Gospel”, GROWsutra (God, Etc.) is a sister song of “Make your Own Bible”, and what my bananasutra project really is all about, trusting your heart and learning to think critically—lyrics inspired by a fine American thinker, sir Ralph Waldo Emerson, who wisely advised: “Make your Own Bible. Select and collect all the words and sentences that in all your readings have been to you like the blast of a trumpet.” 🎺

I mean… your call, of course! But(t) if you’re inclined to be curious and kind, Rousseau and Russel are great #philosophyoflife preachers daddies 🤓 #nowyouknow

@bananasutra #gospelmusic #lyrics

[Verse 1]
I searched for God in ‘em Holy Books,
But all I found was some preachers hooks.
So I built a church in my own mind,
With no pews, no pride, kind words that rhyme.

[Chorus]
Sing your Gospel, like it’s a magic wand,
A blast of truth, feel it, it’s grand!
In the Bible of Us, we’re all just human,
Dancing alone, lost in wonderland.

[Verse 2]
I read Rousseau and Russel with a glass of red,
Jean Paul Sartre and Camus in my bed.
Why obey rules from the days of old?
I’ll craft my truth in stories bold.

[Chorus]
Sing your own Gospel, write your own song,
Find where you’re right, admit when you’re wrong.
In the Bible of truth, there’s more than one tune,
Wink at the stars, and laugh with the moon.

[Bridge]
Life’s a cabaret, a silly little dance,
Between fate and free will, a game of chance.
No need for a savior, damn holy decree,
Just the jazz in our soul, setting us free.

[Chorus]
Sing your own Gospel, dance with your doubts,
Whisper your secrets, and scream them out loud.
In the Bible of trust, let’s find our own truths,
Lost in the rhythm, defying our youth.

[Outro]
Yeah let’s write our scriptures, line by line,
Oh that book of life, it’s goddamn divine.
No priest, no prophet, just the truths we dare speak,
In this holy cabaret, we don’t fear the meek.",,,EN,"GROWsutra : GOD (Questions Etc...),GROWsutra,BLUESsutra,Bible Gone Bananas",4,,public,checked,youtube,,New,,NvTo-T8FN-k
"Sing Your Own Gospel • GROWsutra (God, Etc.) Gipsy Piano Burlesque JAZZ Edition 🎼🎧",Sing Your Own Gospel,L-227,checked,9:16,4,2:55,"Jazz, Music",https://www.youtube.com/watch?v=rwlRylvqrMk,Music Video,JAZZ,BURLESQUE,Piano,GROWsutra,,,,,back in church tv show,2026-01-07,5,0,0,https://i.ytimg.com/vi/rwlRylvqrMk/maxresdefault.jpg,"Because #jazzvibes are magick ✨
—
“Sing Your Own Gospel”, GROWsutra (God, Etc.) is a sister song of “Make your Own Bible”, and what my bananasutra project really is all about—inspired by a fine American thinker, sir Ralph Waldo Emerson, who wisely advised: “Make your Own Bible. Select and collect all the words and sentences that in all your readings have been to you like the blast of a trumpet.” 🎺⛓️‍💥

I mean… your call, of course! But(t) if you’re curious, read Rousseau and Russel, they are great peace preachers daddies :) #nowyouknow

@bananasutra #lyrics

[Verse 1]
I searched for God in ‘em Holy Books,
But all I found was some preachers hooks.
So I built a church in my own mind,
With no pews, no pride, kind words that rhyme.

[Chorus]
Sing your Gospel, like it’s a magic wand,
A blast of truth, feel it, it’s grand!
In the Bible of Us, we’re all just human,
Dancing alone, lost in wonderland.

[Verse 2]
I read Rousseau and Russel with a glass of red,
Jean Paul Sartre and Camus in my bed.
Why obey rules from the days of old?
I’ll craft my truth in stories bold.

[Chorus]
Sing your own Gospel, write your own song,
Find where you’re right, admit when you’re wrong.
In the Bible of truth, there’s more than one tune,
Wink at the stars, and laugh with the moon.

[Bridge]
Life’s a cabaret, a silly little dance,
Between fate and free will, a game of chance.
No need for a savior, damn holy decree,
Just the jazz in our soul, setting us free.

[Chorus]
Sing your own Gospel, dance with your doubts,
Whisper your secrets, and scream them out loud.
In the Bible of trust, let’s find our own truths,
Lost in the rhythm, defying our youth.

[Outro]
Yeah let’s write our scriptures, line by line,
Oh that book of life, it’s goddamn divine.
No priest, no prophet, just the truths we dare speak,
In this holy cabaret, we don’t fear the meek.",,,EN,"GROWsutra : GOD (Questions Etc...),PEACE CIRCUS,GROWsutra,JAZZsutra,Bible Gone Bananas",5,checked,public,checked,youtube,,New,,rwlRylvqrMk
"So, What Is Racism? 📺🔥 KNOWsutra (Naked Truth) Psychedelic Gipsy Burlesque Jazz","So, What Is Racism?",L-228,checked,9:16,5,2:46,Music,https://www.youtube.com/watch?v=Qjst3ZhU4a0,Music Video,JAZZ,BURLESQUE,"Drum,Voice",KNOWsutra,,,,,"these daze, i feel humans are stupider than monkeys... meanwhile the world is on fire",2026-02-09,16,1,0,https://i.ytimg.com/vi/Qjst3ZhU4a0/maxresdefault.jpg,"Praying for a come back of critical thinking, empathy, and (sadly) #shame in Murica… meanwhile, just in case it helps, I listed some of the fair, absurd, experiential questions simmering in my caring brain, about fasc!ist-fear-fed shallow-privilege-biased apes-gone-wrong memes, sigh… Vive la #musictherapy and bananas  🍌",,,Bilingual,"KNOWsutra : (Naked) Truth,PEACE CIRCUS,JAZZsutra,KNOWsutra,Bible Gone Bananas",5,,public,checked,youtube,,New,,Qjst3ZhU4a0
"So, What Is Racism? 🍌🐒 KNOWsutra Banjo Booya Folk Harmonica Blues","So, What Is Racism?",L-228,checked,16:9,5,3:06,"Jazz, Music",https://www.youtube.com/watch?v=nc0XVMxzm0A,Music Video,BLUES,,Banjo,KNOWsutra,,,,,"thank goodness we can still laugh about racism, i guess...huh, ahem, no, it's bananas",2026-02-09,8,0,0,https://i.ytimg.com/vi/nc0XVMxzm0A/maxresdefault.jpg,"Fair question-gone-banana-peel of the day: can you believe pedantic wannabe elitist apes-gone-wone-wrong STILL dare deny #racism is a prominent root cause of injustice? And, guess what, they’re not even all whites, males, and christians! Yup, true story, sigh… One more reason why Murica is an hypocritical sh!thole bigotracy... Seems like the only thing the movie #idiocracy got wrong is the black president 🐵🤌 #ohboy #duhok 

""So, What Is Racism?"" EPx17 flows Dub ❯ Jazz ❯ Blues, available for free download on SoundCloud. 

—
@bananasutra #songlyrics:

[Intro/Chorus]
Tell me, tell me, is it in the mirror?
Or hiding in the jokes when the room gets clearer?
If love’s universal, why you drawing them lines?
Bananasutra asking questions, messing with your mind.

[Verse 1]
Is it when you clutch your purse on the late-night train?
Or when the résumé gets tossed for the “wrong” last name?
Is it system-made, or just “a couple bad dudes”?
Or is it brunch talk, served with fair-trade food?

What if you laugh at a meme, but it cuts like a blade,
Would you still call it harmless, or truth in the shade?
If color’s just skin, why’s the history so loud?
Why the silence when the wrong ones speak too proud?

[Chorus]
Tell me, tell me, is it in the mirror?
Or hiding in the jokes when the room gets clearer?
If love’s universal, why you drawing them lines?
Bananasutra asking questions, messing with your mind.

[Verse 2]
Is it subtle like perfume in a Sunday crowd,
Or heavy like a cop’s knee pressing too loud?
Is it “I don’t see race”, but you kinda still do?
Or is it blaming all the problems on “a chosen few”?

Would you trade your skin just to borrow their shoes?
Walk the block, pay the rent, get stopped with no clues?
If fairness was real, would you lose your place?
Or would equality feel like you’re in second place?

[Bridge]
What’s the weight of a word when it’s not meant for you?
What’s the cost of the dream when it don’t come true?
If justice is blind, why she peeking through her mask?
Here’s a question, baby, don’t be scared to ask.

[Chorus]
Tell me, tell me, is it in the mirror?
Or hiding in the jokes when the room gets clearer?
If love’s universal, why you drawing them lines?
Bananasutra asking questions, messing with your mind.

[Outro]
So what is racism, honey, is it yours, is it mine?
Or just a ghost in the closet we pretend’s benign?
Keep on asking, keep peeling the skin,
’Cause the fruit gets sweeter when the truth kicks in

⁉️‼️🍌","Racism,Education,Questions Matter,Banjo Music,Psychedelic Blues",,EN,"KNOWsutra : (Naked) Truth,BLUESsutra,KNOWsutra,BANJOsutra,Bible Gone Bananas",5,,public,checked,youtube,,New,,nc0XVMxzm0A
"So, What is Racism? KNOWsutra Dub Fusion Nerdy Monkeys Matter 🤓📖","So, What Is Racism?",L-228,checked,16:9,5,3:17,"Electronic music, Jazz, Music, Pop music, Reggae",https://www.youtube.com/watch?v=mDMYySxtXDU,Music Video,JAZZ,,Upright Bass,KNOWsutra,,,,,monkey reads,2026-02-17,11,1,0,https://i.ytimg.com/vi/mDMYySxtXDU/maxresdefault.jpg,"Fair “homeland security’ question gone deadly banana peel meme 📽️🍌 #wethepeople 

""So, What Is Racism?"" EPx17 flows Dub ❯ Jazz ❯ Blues, available for free download on SoundCloud.

—
@bananasutra lyrics:

[Intro/Chorus]Tell me, tell me, is it in the mirror?Or hiding in the jokes when the room gets clearer?If love’s universal, why you drawing them lines?Bananasutra asking questions, messing with your mind.

[Verse 1]Is it when you clutch your purse on the late-night train?Or when the résumé gets tossed for the “wrong” last name?Is it system-made, or just “a couple bad dudes”?Or is it brunch talk, served with fair-trade food?

What if you laugh at a meme, but it cuts like a blade,Would you still call it harmless, or truth in the shade?If color’s just skin, why’s the history so loud?Why the silence when the wrong ones speak too proud?

[Chorus]Tell me, tell me, is it in the mirror?Or hiding in the jokes when the room gets clearer?If love’s universal, why you drawing them lines?Bananasutra asking questions, messing with your mind.

[Verse 2]Is it subtle like perfume in a Sunday crowd,Or heavy like a cop’s knee pressing too loud?Is it “I don’t see race”, but you kinda still do?Or is it blaming all the problems on “a chosen few”?

Would you trade your skin just to borrow their shoes?Walk the block, pay the rent, get stopped with no clues?If fairness was real, would you lose your place?Or would equality feel like you’re in second place?

[Bridge]What’s the weight of a word when it’s not meant for you?What’s the cost of the dream when it don’t come true?If justice is blind, why she peeking through her mask?Here’s a question, baby, don’t be scared to ask.

[Chorus]Tell me, tell me, is it in the mirror?Or hiding in the jokes when the room gets clearer?If love’s universal, why you drawing them lines?Bananasutra asking questions, messing with your mind.

[Outro]So what is racism, honey, is it yours, is it mine?Or just a ghost in the closet we pretend’s benign?Keep on asking, keep peeling the skin,’Cause the fruit gets sweeter when the truth kicks in

⁉️‼️🍌","Lyrics,Education,🦧",,EN,"KNOWsutra : (Naked) Truth,KNOWsutra,FOTUS CIRCUS (Felon Of The United States),Bible Gone Bananas",4,,public,checked,youtube,,New,,mDMYySxtXDU
Some Truths Are Harder to Swallow 📺🐙 A Jazz-Laced GROWsutra Song Shared With Love,Some Truths Are Harder to Swallow,L-230,checked,16:9,4,3:09,"Independent music, Jazz, Music",https://www.youtube.com/watch?v=uCFAuXTCeH8,Music Video,JAZZ,,Upright Bass,KNOWsutra,,,,checked,"Octopus lady on tv, it's all so surreal",2025-07-16,39,2,0,https://i.ytimg.com/vi/uCFAuXTCeH8/maxresdefault.jpg,"Like all @bananasutra songs, this is not just a song; it’s a story I often tell myself, and care to share—inspired by Carl Sagan, and my GROWsutra philosophy. 

The lyrics are rooted in one of Carl Sagan’s most haunting insights: “One of the saddest lessons of history is this: If we’ve been bamboozled long enough, we tend to reject any evidence of the bamboozle. We’re no longer interested in finding the truth. The bamboozle has captured us. It’s simply too painful to acknowledge (even to ourselves) that we’ve been taken. Once you give a charlatan power over you, you almost never get it back.”

It’s a story rooted in the GROWsutra spirit: a philosophy of fierce compassion, where curiosity is stronger than comfort, where questioning is a form of kindness, and where truth, though sometimes bitter, is ultimately the beginning of healing.

This track’s rhythm mirrors the lyrical flow of Morrissey’s “Some Girls Are Bigger Than Others” song, rewritten into “Some Truths Are Harder to Swallow”—as a smooth but subversive protest lullaby. It feels like a velvet revolt in slow motion, a mellow jazz noir meditation on denial, pride, memory, and the painful beauty of waking up…

My good friend the octopus also makes a quiet appearance here too—as a symbol of memory, intelligence, adaptability, and mystery. Because the real revolution will not be televised. It will be sensed, remembered, grown into. It will happen quietly, in places where eyes are open and minds remain unbought… because, in an authoritarian society, one thing is for sure: revolution ain’t gonna be televised!

This is a song for those who’d rather be awake than reassured… For the ones who’d rather grow than glow blindly, even if some truths are harder to swallow 🍌💦

--
@bananasutra lyrics:

Some truths are harder to swallow
Some truths are harder to swallow
Some lies linger longer, sinking deeper
In the hollow…

As history whispers in a mirror
Spinning tales, frail and stale

We’re tricked, tied to delusion,
Truth’s too tough to taste tonight
We cling to confusion
'Cause facing fraud is a bitter fight

Some truths are harder to swallow
Some truths are harder to swallow
The deeper the con, 
the harder it is to follow

I say,
(As time’s cruel history repeats us)
Some lies are swallowed whole,
Some truths cut deeper 
than you’d ever know

Once you hand your trust to a trickster
It’s a long road back to where you began
We dodge the mirror, dodge the whispers
Afraid to admit we've been sold the scam

Some truths are harder to swallow
Some truths are harder to swallow
Some lies last longer, digging deeper 
In the hollow...

#SomeTruthsAreHarderToSwallow #CarlSaganQuote #GrowSutra #JazzCabaret #TruthOverTrickery #MorrisseyInspired #OctopusMemory #SurrealResistance #TheRevolutionWillNotBeTelevised #VelvetRevolt #ConsciousLyrics #PoeticProtest #QuestionEverything",,,EN,"KNOWsutra : (Naked) Truth,PEACE CIRCUS,JAZZsutra,KNOWsutra,Bible Gone Bananas",5,checked,public,checked,youtube,,New,,uCFAuXTCeH8
"Some truths are harder to swallow, inspired by Morissey and Carl Sagan in a world gone bananas🤷🏻‍♀️🍌",Some Truths Are Harder to Swallow,L-230,checked,16:9,2,2:12,"Independent music, Music, Pop music, Religion",https://www.youtube.com/watch?v=flDYahxAF_w,Music Video,ROCK,,Guitar,KNOWsutra,,,,,"lol, guthrie and i fighting...",2024-12-24,7,,0,https://i.ytimg.com/vi/flDYahxAF_w/sddefault.jpg,,,,EN,KNOWsutra : (Naked) Truth,1,,public,checked,youtube,,New,,flDYahxAF_w
Spit Back The Lies • EPx2 • BLOWsutra (Revolution Ring) Gipsy Duende LoFi Fusion,Spit Back the Lies,L-232,checked,16:9,5,4:50,"Electronic music, Hip hop music, Independent music, Music, Pop music, Soul music",https://www.youtube.com/watch?v=BEKQLgWdROg,EP Compilation,LOFI,,"Upright Bass,Voice",BLOWsutra,,,,,She's a doll but(t) she doesn't fuck around... bc she can smell liars from miles away,2026-03-13,35,2,0,https://i.ytimg.com/vi/BEKQLgWdROg/maxresdefault.jpg,"“The line separating good and evil passes not through states, nor between classes, nor between political parties—but right through every human heart.” The Gulag Archipelago, by Aleksandr Solzhenitsyn

00:00 Track 1
02:32 Track 2

“Spit Back the Lies” #songlyrics were inspired by and dedicated to Sasha (i.e. Sasha Solzhenitsyn, 1918–2008), a Russian writer, soldier, and historian, and (imho) one of the bravest truth-tellers of the 20th century. He survived the Soviet Gulag (forced labor camps), and then, literally risked his life to tell the world what happens when the truth collapses under totalitarianism—when we let lies, cruelty, and oppression run the show (like now, you know?...). He refused to play along with authoritarian narratives gone lethal bananas, even when everyone else pretended, and wrote “The Gulag Archipelago”, a massive, brutal, heartbreaking work that exposed how millions were imprisoned, tortured, or killed in the name of “progress” and “justice.” ❤️‍🔥 #grateful #revoltnow

—
@bananasutra #lyrics 

[Verse 1]
They paved the streets with broken oaths,
Stacked their sins up stone by stone.
Built a house of hollow prayers,
And called it home.

[Chorus] 
Spit back the lies,
Spit back the lies.
Burn down the thrones,
Bury the crowns.
We live,
We live not by lies.

[Verse 2]
They crowned the rats, they blessed the thieves,
Fed the poets to the machine.
But Sasha carved it on the bones,
No lie will reign.

[Chorus] 
Spit back the lies,
Spit back the lies.
Tear down the walls,
Sing through the scars.
We live,
We live not by lies.

[Bridge]
Truth don't wear a pretty dress,
Truth don't sell her soul for less.
Truth walks out, battered and bare,
Still standing there.

[Final Chorus]
Spit back the lies,
Spit back the lies.
Raise up the wreckage,
Let it rise.

[Outro]
We live,
We live not by lies.
We live,
We live not by lies.

—

“Spit Back the Lies” EPx20 (available for #freedownload on #soundcloud) peels deep and wide and crescendo, like a brave free whale gone wild banana :)
❯ Cello INDIE (1-3)
❯ Flamenco DUB (4-5)
❯ Dreamy DUB (5-10)
❯ Gipsy LOFI (11-12)
❯ Hip Dub LOFI (13-15)
❯ Psychedelic ROCK (16-18)
❯ Banjo BLUES (19-20)","Aleksandr Solzhenitsyn,The Gulag Archipelago,Psychedelic Truth,Fauxism,Gipsy LoFi Music,Revolution Ring,BLOWsutra",EPx2,EN,"BLOWsutra : REVOLT (Now),BLOWsutra,LOFIsutra,Bible Gone Bananas",4,,public,checked,youtube,,New,,BEKQLgWdROg
Clarity. That’ll do 🐷 🇺🇸 ps: people want to know WHO said Sp3rm is Sacred now... #prolife my 🍑,SS Means Sacred Sp3rm,L-233,checked,9:16,3,0:06,,https://www.youtube.com/watch?v=SN7_gzCZE64,Commentary,SPOKEN WORDS,,Voice,QUACKsutra,,,,,"that'll do pigs, that'll do",2025-06-25,64,0,0,https://i.ytimg.com/vi/SN7_gzCZE64/maxresdefault.jpg,,,,EN,"REALsutras,BLABLAsutra,BLOWsutra,FOTUS CIRCUS (Felon Of The United States),Bible Gone Bananas",5,,public,checked,youtube,,New,,SN7_gzCZE64
"The only logical reason that could explain Murica's current ab0rtion laws:  ""SS means Sacred Sperm""",SS Means Sacred Sp3rm,L-233,checked,9:16,5,2:40,"Independent music, Pop music",https://www.youtube.com/watch?v=vz2mxvPk-Z8,Short/Reel,FOLK,,Banjo,QUACKsutra,,,,,"i looove that song, be woke or be whack",2025-06-28,33,1,0,https://i.ytimg.com/vi/vz2mxvPk-Z8/maxresdefault.jpg,,"aivoice,sunomusic,soulmatters,original lyrics,philosophy,music therapy",,EN,"BLOWsutra : CENSOR(ed),FOLKsutra,KNOWsutra,FOTUS CIRCUS (Felon Of The United States),SHORTsutra Bananas Matter,Bible Gone Bananas",6,checked,public,checked,youtube,,New,,vz2mxvPk-Z8
Synthema Sutra ♆ SHOWsutra Psychedelic Banana Gipsy LoFi (Goddess Goes to Switzerland :) 🎧❄️,SynthemaSutra,L-237,checked,16:9,5,4:30,"Independent music, Music, Pop music",https://www.youtube.com/watch?v=57emK4lmWzw,Music Video,LOFI,,"Upright Bass,Voice",SHOWsutra,,,,,"goood song, too bad it's only playing in the snow forest buble",2025-12-05,14,1,0,https://i.ytimg.com/vi/57emK4lmWzw/maxresdefault.jpg,"“Synthema Sutra” is a nerdy mythical banana philosophy explainer song, with no hooky hook, no catchy catch, no morale of the story even... It just asks what if Sutras were ancient Greek Synthemas, and strolls through each Sutra, one by one (KNOW, BLOW, SHOW, GROW, FLOW, GLOW, and BOW). One song, seven guiding principles, and a bunch of gods who totally would have benefited from #musictherapy :) Enjoy the melodic wander. Or don’t. Whatever works for ya. The #gods won’t agree about it anyway, haha #truestory

And if you're a Greek mythology nerd, or just curious about the ancient wisdom of musical storytelling gone bananas, or both, here's the split 🍌🏛️

1. KNOWsutra : Prometheus ➵ Gave fire (knowledge) to humans; punished for empowering truth. A true win-win rebel.

2. BLOWsutra : Hydra + Medusa ➵ Hydra: corrupt systems that grow stronger when attacked wrong. Medusa: demonized femininity + misunderstood power.

3. SHOWsutra : Dionysus ➵ God of ecstatic joy, chaos, music, and theatre. Shows the sacred side of silliness and subversion.

4. FLOWsutra : Hermes ➵ Trickster god of transitions, language, and messages. A master of in-betweenness.

5. GROWsutra : Persephone ➵ Her cycle (abduction and return) teaches growth through descent and rebirth. Feminine resilience myth.

6. GLOWsutra : Apollo + Hestia ➵ Apollo = light, art, and healing. Hestia = the hearth, peace, inner warmth.

7. BOWsutra : Orpheus ➵ Music so beautiful it moved the gods. Journeyed to the underworld for love—faith, failure, and awe.

♆♆♆
@bananasutra #lyrics 

[Verse 1 – KNOW : Prometheus]
Every truth you KNOW  
Flickers soft and low  
Like a stolen flame  
From a god of shame  
He gave us fire, paid the toll  
To free the know from control  

[Verse 2 – BLOW / Hydra + Medusa]
Every cruel BLOW  
Feeds the beast below  
Cut one head, three rise  
In the name of lies  
And still we cage her rage and grace  
To fear what dares to blow this place  

[Verse 3 – SHOW : Dionysus ]
Every mask you SHOW  
Hides the pain you stow  
But the sacred jest  
Is a truth confessed  
He laughs through wounds the wise won’t see  
To show what dares to set us free  

[Verse 4 – GROW : Persephone]
Every time you GROW  
You descend below  
Like the seeds she sows  
Where the silence knows  
That roots need dark to rise again  
And grow through loss, not just through gain  

[Verse 5 – FLOW : Hermes ]
Every word you FLOW  
Is a place you go  
Past the borderlines  
Of the gods' designs  
Hermes walks where logic ends  
To let new meanings flow through bends  

[Verse 6 – GLOW : Apollo + Hestia ]
Every time you GLOW  
Through the ache and slow  
You become the spark  
In the temple dark  
He sings the wounds she warms to heal  
They glow in silence, soft and real  

[Verse 7 – BOW : Orpheus ]
Every time you BOW  
To the here and now  
Like Orpheus did  
For the love he hid  
You trust the gods to give it back  
But some truths die when we bow to lack  

[Outro]
Synthema… Sutra…  
We know… we blow…  
We show… we grow…  
We flow… we glow…  
And sometimes… we bow…  

♆♆♆
Free EPx8 available on my #soundcloud playground, it flows Indie (1), LoFi (2-3), Dub (4), Burlesque (5-7), and psychedelic Indie Punk Rock (8).",,,EN,"SHOWsutra: B.J. is for Banana Joke,PEACE CIRCUS,SHOWsutra,LOFIsutra,Bible Gone Bananas",5,,public,checked,youtube,,New,,57emK4lmWzw
“Tell The Truth (It’s Destiny)” • KNOWsutra Psychedelic Burlesque Indie Rock 🤘😶‍🌫️🎶,Tell The Truth,L-239,checked,16:9,4,4:01,"Independent music, Music, Pop music, Rock music",https://www.youtube.com/watch?v=XCHuCKdpbY4,Music Video,BLUES,"BURLESQUE,ROCK",Bass,KNOWsutra,,,,,"blurry video, but(t) it's accurate...",2025-11-11,26,0,0,https://i.ytimg.com/vi/XCHuCKdpbY4/maxresdefault.jpg,"Tell the truth (please), because why(tf) not heh?! 
Being vulnerable is being brave, and lies (even the “white” ones) are for cowards & bastards—too afraid and needy to be earnest and #playfair 

⁠@bananasutra #originalsong #lyrics

[Intro]
Feel the rhythm, life unseen
Seek the truth in every scene
Stand up straight, shoulders strong
Sing the wisdom, right the wrong

[Verse 1]
Tell the truth, don’t let it fade
Speak with care, precision made
Promote the best in who you see
Be the change you wish to be

[Chorus]
Tell the truth, let your heart align
Find the path where meaning shines
In the light, your soul is free
Tell the truth, it’s destiny

[Verse 2]
Don’t let bullies have their way
Be precise in what you say
Dress yourself in dignity
Aim at who you’re meant to be

[Chorus]
Tell the truth, let your heart align
Find the path where meaning shines
In the light, your soul is free
Tell the truth, it’s destiny

[Bridge]
Pursue what’s right, don’t hide in the fog
Pet the cat that walks through the smog
Grateful hearts endure the pain
With truth, your purpose will remain

[Chorus]
Tell the truth, let your heart align
Find the path where meaning shines
In the light, your soul is free
Tell the truth, it’s destiny

[Outro]
Set your house in order first
Quench the fires of inner thirst
Speak the truth, no matter cost
In that truth, you'll never be lost

#burlesqueshow #psychedelicrock #suno5 #aivoiceover #philosophyoflife #honestisbest",,,EN,"KNOWsutra : (Naked) Truth,ROCKsutra,PEACE CIRCUS,KNOWsutra,Bible Gone Bananas",5,,public,checked,youtube,,New,,XCHuCKdpbY4
Tell The Truth 🍄 KNOWsutra Psychedelic Blues,Tell The Truth,L-239,checked,16:9,5,4:31,"Independent music, Music, Rock music, Soul music",https://www.youtube.com/watch?v=h0j7e3sGm9g,Music Video,BLUES,,Bass,KNOWsutra,,,,,"top soundcloud song, just me and the mushrooms 🍄",2026-03-13,12,0,0,https://i.ytimg.com/vi/h0j7e3sGm9g/maxresdefault.jpg,"This is a psychedelic #blues version of “Tell the Truth”, one of the first songs I ever wrote, and also, my most popular song on #soundcloud BY FAR (out of almost 2K original released tracks). But(t) that is not the point… what’s interesting to me is that, while it is deeply comforting to know #truth is a topic that resonates (despite egos gone kings and all), it’s also deeply disturbing to see that algorithmic “popularity” is SO FAR from “the truth”—because (the truth is;) I’ve created SO MANY better songs, ha 🍄🎶 

Blessed be creative punks brave enough to care, and share… Vive l’humour, l’amour, et la vérité!

—
“Tell the Truth” #bananasutra #sᴏɴɢʟʏʀɪᴄs 

[Intro]
Feel the rhythm, life unseen
Seek the truth in every scene
Stand up straight, shoulders strong
Sing the wisdom, right the wrong

[Verse 1]
Tell the truth, don’t let it fade
Speak with care, precision made
Promote the best in who you see
Be the change you wish to be

[Chorus]
Tell the truth, let your heart align
Find the path where meaning shines
In the light, your soul is free
Tell the truth, it’s destiny

[Verse 2]
Don’t let bullies have their way
Be precise in what you say
Dress yourself in dignity
Aim at who you’re meant to be

[Chorus]
Tell the truth, let your heart align
Find the path where meaning shines
In the light, your soul is free
Tell the truth, it’s destiny

[Bridge]
Pursue what’s right, don’t hide in the fog
Pet the cat that walks through the smog
Grateful hearts endure the pain
With truth, your purpose will remain

[Chorus]
Tell the truth, let your heart align
Find the path where meaning shines
In the light, your soul is free
Tell the truth, it’s destiny

[Outro]
Set your house in order first
Quench the fires of inner thirst
Speak the truth, no matter cost
In that truth, you’ll never be lost","Psychedelic,Blues,Truth Matters,Tell your kids",,Bilingual,"KNOWsutra : (Naked) Truth,PEACE CIRCUS,BLUESsutra,KNOWsutra,Bible Gone Bananas",5,,public,checked,youtube,,New,,h0j7e3sGm9g
“Tell the Truth (It’s Destiny)” • KNOWsutra Psychedelic Cello LoFi Indie Dream 🎼,Tell The Truth,L-239,checked,16:9,5,4:48,"Music, Pop music, Reggae, Soul music",https://www.youtube.com/watch?v=UEwFQ24NH6U,Music Video,INDIE,,Cello,KNOWsutra,,,,checked,butterflies dj lady,2025-10-24,91,1,0,https://i.ytimg.com/vi/UEwFQ24NH6U/maxresdefault.jpg,"Making covers of my fav old love letters songs…

@bananasutra #lyrics

[Intro]
Feel the rhythm, life unseen
Seek the truth in every scene
Stand up straight, shoulders strong
Sing the wisdom, right the wrong

[Verse 1]
Tell the truth, don’t let it fade
Speak with care, precision made
Promote the best in who you see
Be the change you wish to be

[Chorus]
Tell the truth, let your heart align
Find the path where meaning shines
In the light, your soul is free
Tell the truth, it’s destiny

[Verse 2]
Don’t let bullies have their way
Be precise in what you say
Dress yourself in dignity
Aim at who you’re meant to be

[Chorus]
Tell the truth, let your heart align
Find the path where meaning shines
In the light, your soul is free
Tell the truth, it’s destiny

[Bridge]
Pursue what’s right, don’t hide in the fog
Pet the cat that walks through the smog
Grateful hearts endure the pain
With truth, your purpose will remain

[Chorus]
Tell the truth, let your heart align
Find the path where meaning shines
In the light, your soul is free
Tell the truth, it’s destiny

[Outro]
Set your house in order first
Quench the fires of inner thirst
Speak the truth, no matter cost
In that truth, you'll never be lost",,,EN,"KNOWsutra : (Naked) Truth,PEACE CIRCUS,KNOWsutra,LULLABIESsutra,Bible Gone Bananas",5,,public,checked,youtube,,New,,UEwFQ24NH6U
"Tell your Truth, Kids, before you can’t—and please be kind, for peace sake ☮️ #bananasutra #blues",Tell The Truth,L-239,checked,16:9,4,3:32,"Music, Pop music",https://www.youtube.com/watch?v=-CeGRjsuUsc,Music Video,JAZZ,"INDIE,BLUES",Upright Bass,KNOWsutra,,,,,,2025-02-05,23,,0,https://i.ytimg.com/vi/-CeGRjsuUsc/maxresdefault.jpg,"Kids, please watch out for the toxic bull out there, it’s trending! I’m suddenly seeing more random, unapologetic fascist content suddenly being recommended across my social feeds, often masquerading as righteous philosophical and economical knowledge—don’t let’ em liars fool you. 

The era of corporate fascism has officially started, and THAT is NO JOKE. Despite the ambient capitalists brainwash, corporate “success” does not equate to “intelligence—much to the contrary, unfortunately. Elon’s success, for example, only proves he’s a coucou twat… an opportunistic twat who chased fame and wealth motivated by delusional fantasies of proving his criminal father wrong, and fool filling his own musky dynasty fantasies—which has nothing to do with progress, humanity, or kindness, i.e. genuine intelligence, unless Machiavelli is your daddy, yo?!

So, what I’m saying is take care of your soul, dear. Please beware of ignorance, call out malevolence, their shallow truths are cold, dark, and toxic thoughts. This is what the songs of my bananasutra bible are all about… to help us remember what actually matters.

The real bad news, I’m afraid, is most Americans can’t see it—the big picture, about our future—blinded by egos, fears, and envy, and more unburdened than ever before about #truth I’ll be here, “making songs like others mediate, flex, or pray, singing my deep blues out, practicing my holy fool integrity, sharing kindness, because #truthmatters",,,EN,"KNOWsutra : (Naked) Truth,GROWsutra,JAZZsutra,LULLABIESsutra,Bible Gone Bananas",5,,public,checked,youtube,,New,,-CeGRjsuUsc
“Men accountable to no one are not to be trusted.”—Thomas Paine,"Thank you, Mister Paine",L-240,checked,9:16,3,1:01,"Independent music, Lifestyle (sociology), Pop music",https://www.youtube.com/watch?v=G4HHl5UOS2w,Short/Reel,BLUES,,"Upright Bass,Voice",BLOWsutra,,,,,ragga mama is grateful,2025-06-03,304,0,0,https://i.ytimg.com/vi/G4HHl5UOS2w/maxresdefault.jpg,,,,EN,"BLOWsutra : REVOLT (Now),REALsutras,“UNAVAILABLE” Content said YouTube Music… Who knew? Not me!,PEACE CIRCUS,KNOWsutra,SHORTsutra Bananas Matter,Bible Gone Bananas",7,,public,checked,youtube,,New,,G4HHl5UOS2w
"The Atheist Tango 📺💡GROWsutra (God, Etc.) Burlesque Jazz • Lyrics inspired by Ralph Waldo Emerson",The Atheist Tango,L-243,checked,16:9,5,3:02,"Jazz, Music, Music of Latin America",https://www.youtube.com/watch?v=BYwCM6-T1fw,Music Video,JAZZ,BURLESQUE,Upright Bass,GROWsutra,,,,,dreamy surreal tango salon,2026-01-21,20,2,3,https://i.ytimg.com/vi/BYwCM6-T1fw/maxresdefault.jpg,"""The Atheist Tango"" is a(nother) song originally inspired by the observant cheekiness of sir Ralph Waldo Emerson, who advised you “Make your own Bible”…

Full EPx12 Vol. 2 is available for fre download on #soundcloud and flows Gipsy LOFI (1-5), Cello BURLESQUE (6-8), Tripsy JAZZ (9-12)

@bananasutra #songlyrics

[Verse 1]
In a world of sin and saints,
I’ll paint my life with no restraints.
Who needs a sky full of gods above,
When you’ve got jazz, and a bit of love?

[Chorus]
Spin the atheist tango, twirl on the floor,
Who needs heaven? I’ve opened the door.
To a cabaret paradise, right here on earth,
A dance of delight, a bohemian rebirth.

[Verse 2]
Existential cocktails, shake ‘em with flair,
Sartre’s in the corner, despair in the air.
But I’m dancing with reason, a jive with fate,
To the blues of existence, no divine debate.

[Chorus]
Spin the atheist tango, sway with your soul,
We’re more than dust; we’re whole in the hole.
In a cabaret carnival, we’ll spin and we’ll shout,
With each step forward, we’ll figure it out.

[Bridge]
In this cosmic cabaret, who knows what’s true?
It’s all up for grabs, for me and for you.
So let’s drink to the chaos, the joy, and the pain,
With a wink to the cosmos, and a nod to the rain.

[Chorus]
Spin the atheist tango, dance with the stars,
Who needs a god when the music’s this far?
In the cabaret cosmos, we’re all divine,
Singing the blues with a twist of the spine.

[Outro]
So lift up your (gl)asses, and toast to the night,
To the atheist tango, and the quest for the light.
With a cheeky grin and a jazz-infused soul,
We’ll dance our own path, and we’ll make it whole.

🍌😇",,,EN,"GROWsutra : GOD (Questions Etc...),PEACE CIRCUS,GROWsutra,JAZZsutra,BURLESQUEsutra,Bible Gone Bananas",6,checked,public,checked,youtube,,New,,BYwCM6-T1fw
The Cabaret Where No One Knows • BLOWsutra Psychedelic Cello Mark Twain Indie Reality Circus 🎪🐸,The Cabaret Where No One Knows,L-319,checked,16:9,4,3:19,"Independent music, Music, Pop music",https://www.youtube.com/watch?v=5tdBMp7Frzk,Music Video,BURLESQUE,INDIE,Cello,BLOWsutra,,,,checked,"""If voting made a difference they wouldn't let us do it..."" Mark Twain",2026-03-05,7,0,0,https://i.ytimg.com/vi/5tdBMp7Frzk/maxresdefault.jpg,"“If voting made any difference, they wouldn’t let us do it.”—#marktwain #masquerade 

Meanwhile… publicly funded without approval #boardofpeace goes to #war without approval joke (on the John Stewart Daily Show): “The #congress is like male nipples. Like, why? Why do you exist? What do you do? You just sit there for angels to grab you when you die?” 🇺🇸🤏 

—
“The cabaret where no one knows” @bananasutra  #lyrics 

[verse 1]  
Painted smiles on every face,  
Behind the curtains, such disgrace.  
Lies dressed up in sparkling clothes,  
A cabaret where no one knows.

[chorus]  
Come to the show, where truth is a ghost,  
A performance for those who rule the most.  
In the cabaret, we all pretend,  
But this twisted act will never end.

[verse 2]  
Drum beats echo in the dark,  
A psychedelic spark leaves its mark.  
Puppeteers dance, pulling tight,  
Fools applaud, blind in the night.

[chorus]  
Come to the show, where truth is a ghost,  
A performance for those who rule the most.  
In the cabaret, we all pretend,  
But this twisted act will never end.

[outro]  
But this twisted act will never end...","Grotesque,Reality Show,Psychedelic Cello,Sad Clowns Circus,Mark Twain Quote",,EN,"BLOWsutra,FOTUS CIRCUS (Felon Of The United States),LULLABIESsutra,Bible Gone Bananas",4,,public,checked,youtube,,New,,5tdBMp7Frzk
A song inspired by “The Conquest of Happiness”—a 100yo #timeless book by #bertrandrussell #mustread,The Conquest of Happiness,L-244,checked,9:16,4,2:57,"Music, Pop music",https://www.youtube.com/watch?v=jpRx8Num5eM,Short/Reel,INDIE,,Voice,KNOWsutra,,,,,She's wearing her banana trenchcoat,2025-11-18,138,0,0,https://i.ytimg.com/vi/jpRx8Num5eM/maxresdefault.jpg,,,,EN,KNOWsutra : Bertrand (He Knows),1,,public,checked,youtube,,New,,jpRx8Num5eM
"“The Conquest of Happiness”, EPx2 inspired by Bertrand Russel’s Book • KNOWsutra Indie Burlesque 📖❣️",The Conquest of Happiness,L-244,checked,16:9,5,8:38,"Independent music, Music, Pop music",https://www.youtube.com/watch?v=Kwlksix1cZU,EP Compilation,INDIE,BURLESQUE,Upright Bass,KNOWsutra,,,,checked,She's wearing her banana trenchcoat again,2025-11-17,11,0,1,https://i.ytimg.com/vi/Kwlksix1cZU/maxresdefault.jpg,"00:00 SONG 1 “The Unhappiness Dance”
03:31 SONG 2 “The Conquest of Happiness”

—
Once upon a time, almost one hundred years ago (in 1930), #bertrandrussell wrote “The Conquest of Happiness”, because he saw ordinary people suffering unnecessarily—not from tragedy, but from misguided habits of mind, toxic social pressures, self-inflicted misery, and other fun facts of classic modern bamboozlism 🖖🤓

Bertrand argued that #happiness isn’t a mystery, or complicated at all. It’s not a miracle. It’s a skill. It’s an experience (with all the little things)… And he gave us a map  🗺️ ✨

Here are my donts & dos lists, my notes about the little things, in 2 songs. This duo-songs EP is my humble quirky silly trippy attempt at translating his map into songs. This is a soundtrack for anyone into being awake, kind, curious, and you know, human… Think of it as a humble and grateful love letter to curiosity, emotional honesty, and the kind of #philosophy  that makes you sit up straighter and breathe easier—with #humor #compassion and a lill’ sASS :)

My hope is that it may entice you to go read more from Bertrand Russel, because his win-win wisdom is timeless—it feels like it was written yesterday, not 100 years ago, and for everyone—I love him so much, and I bet you will too  💌 🎶

—
SONG 1 : “THE UNHAPPINESS DANCE”
A song (x5) songs inspired by the forces that drain joy and distort the mind, i.e. the reasons why people tend to feel unhappy—namely, the emotional chaos, the self-sabotage, and the absurdity of modern misery.

Russell’s #unhappiness list, simplified:
1. #competition — Always comparing yourself to others.
2. #boredom / Excitement Extremism — Swinging between “numb” and “thrilled” without ever landing in contentment.
3. #fatigue — Overwork, stress, and no margin for joy.
4. #envy — Measuring your worth by what others have.
5. #guilt  & Moral Self-Torment — Beating yourself up for being human.
6. #fear of Public Opinion — Living your life under imagined surveillance.

—
SONG 2 : “THE CONQUEST OF HAPPINESS”
A song (x5) about what actually creates lasting well-being, what makes people truly happy. These songs waltz through the antidotes: curiosity, connection, creativity, pleasure, laughter, kindness, courage, and the everyday magic that makes life feel like life.

Russell’s #happiness list, simplified:
1. #zest — Being genuinely interested in life
2. #affection —  Love given and love received
3. #meaningfulwork  — Not necessarily glamorous, but engaging.
4. #wide interest — Multiple passions, not one obsession.
5. #effort & Resilience — The willingness to grow, to try, to adapt.
6. #impersonal Interests — Joy in things outside the self (nature, ideas, art).
7. A Sense of #purpose — Living for something larger than ego.

—
WHY THIS MATTERS NOW?
Because we’re living in a time of distraction, polarization, loneliness, and algorithmic noise that quietly eats away at our sense of self… Because people are anxious, burnt out, overstimulated, overwhelmed, and under-nourished in the soul. And because Russell’s wisdom—nearly 100 years old—feels like it was written yesterday, for the world we’re in right now.

—
PS: EPX10 (5 versions of each song) available for free download on @bananasutra  #soundcloud 

PPS: #songlyrics gladly shared upon request, as always",,EPx2,EN,"KNOWsutra : Bertrand (He Knows),PEACE CIRCUS,KNOWsutra,BURLESQUEsutra,Bible Gone Bananas",5,,public,checked,youtube,,New,,Kwlksix1cZU
The Courage to Care 🎭📺 GROWsutra Conscious Compassion Indie Trip Hope Fusion LOFI 🎶,The Courage To Care,L-318,checked,16:9,4,4:05,Music,https://www.youtube.com/watch?v=Jo_F8vIGGxQ,Music Video,INDIE,,Voice,GROWsutra,,,,,"it's a game of masks, i dunno why... who hides from the mirror?...",2025-12-12,10,2,0,https://i.ytimg.com/vi/Jo_F8vIGGxQ/maxresdefault.jpg,"The reason why Trump, Musk, Thiel, and the Evangelicals (to name only the most viral sources of toxic misinformation out there) say “empathy is weakness” is because #feeling makes us care and question what they can’t afford to feel nor answer... but the truth is real empathy ain’t “weak”, or “dumb”, nor “performative nicety”, and it’s definitely not “dangerous”. Real, genuine empathy is brave! It is in fact the most powerful weapon we (the people) got to build trust (i.e. peace), and fight the rise of global fasc!sm in a world gone rotten bananas #truestory 

—
“The Courage To Care” is #growsutra (Dare to Care) song that started as a social media comment on a post about “idiot compassion”:

“But who are the idiots lacking mindfulness really? The ones who care to ask, imagine, and relate, in an attempt to understand? Or, the ones who mock or shame them?

What I've observed is that those who frame compassion as manipulative also seem unable to imagine a version of compassion that isn’t about dominance... And that, to me, very much feels like cynical projection. Arguing that putting yourself in someone else’s shoes is essentially self-serving and deluded is very much a narcissistic worldview, a dark, flawed projection, by someone who simply, sadly cannot empathize.

In my divine book of joyful wisdom, what’s idiotic (and weak, and dangerous even) is interpreting curiosity, humility, openness, and tenderness as an hypocritical / tactical power exchange move motivated by a need for control, rather than a desire to connect and understand. Healthy empathy requires both mindfulness and imagination. And, I feel strongly that compassion is (by far) humanity's best line of defense against the global rise of fascism.

Real compassion ain’t dumb, it is brave. And it’s the best goddamn weapon the people got, to lead a peace rebellion.”

—
And then, it became a @banan@bananasutralyrics 

[Verse 1]
Please tell me, my dear,
who’s the fool in this affair?
The one leaning in closer
just to truly hear?

The one taking time
to decode someone’s pain?
Or the one throwing shade
’cause the truth bends their frame?

Who hides from the mirror,
dodging their own glare?
Who calls love “a weakness”
’cause they’re naked under there?

[Pre-Chorus]
There’s a chant on the timeline:
“Empathy is weak!” they speak,
like compassion’s some disaster
that’ll crack them in a week.

But if your own reflection
feels too sharp for you to bear,
you call honesty a trap
and you torch what you can’t repair.

[Chorus]
Real compassion isn’t frail,
it illuminates the night.
Not a failure, not a fairytale,
just the discipline of light.

It’s the strength to stay steady
when a story starts to tear;
no pretending, no performance,
just the quiet will to care.

[Verse 2]
Funny how the cynics swear
that tenderness is “bait,”
a “ploy,” a pretty tactic,
some seductive sugar gate.

But hearts afraid of contact
fear the feelings they can’t feel,
so they label trust “delusion”
’cause they doubt that love is real.

Ask ’em softly, Bananasutra:
“Is it truth you fear… or proof?”
Watch the armor split and shimmer
like an old forgotten youth.

[Pre-Chorus]
They say open hearts will “break you,”
curiosity will “fail,”
mindful listening is “naïve,”
warmth is “cheap and just for sale.”

But a lie that’s screamed repeatedly
starts dressing up as “true,”
’til the echo-chambers tremble
’cause they’ve drowned out something new.

[Chorus]
Real compassion has a spine
soft enough for fears to land;
it can bend, it can align,
it can gently guide a hand.

It’s a practice of attention
that rejects the slow despair,
the foundation of connection
in a world too numb to care.

[Bridge]
Step into another’s sky,
not to fix, not to sway,
just to widen your horizon
in a humble human way.

Peace grows out of trust,
and trust grows out of care;
and the bravest kind of mercy
is the mercy that is there.

[Final Chorus]
Real compassion isn’t soft,
it’s an odyssey of heart.
It’s the bravery to feel
what can pull a world apart.

Call it foolish, call it foreign,
still the strongest force we share;
nothing’s more rebellious
than the courage to care.

[Outro]
Let them chant their tired slogans,
we don’t borrow secondhand fear.
Compassion isn’t weakness;
it’s the brightest way to hear.

It’s the method, it’s the mirror,
it’s the long, unbroken stare
of a world that heals itself
through the courage to care.",,,EN,"GROWsutra : DARE (to Care),PEACE CIRCUS,GROWsutra,Bible Gone Bananas",4,,public,checked,youtube,,New,,Jo_F8vIGGxQ
"I wrote “Ducktator Lament” the night of the presidential debate, pre-election… how on point 🏴‍☠️💭",The Ducktator (Lament),L-245,checked,9:16,4,2:52,"Independent music, Music, Pop music",https://www.youtube.com/watch?v=aw-LmHCscgw,Short/Reel,FOLK,BLUES,Cello,QUACKsutra,,,,,"wide angle, f*ck this shit, she fumed...",2025-05-16,309,,1,https://i.ytimg.com/vi/aw-LmHCscgw/maxresdefault.jpg,,,,EN,"BLOWsutra : DUCK (Shady),BLOWsutra,FOTUS CIRCUS (Felon Of The United States),SHORTsutra Bananas Matter,Bible Gone Bananas",5,,public,checked,youtube,,New,,aw-LmHCscgw
“The Echo Song” a Gipsy World Peace Vladimir Vysotsky Cover Song,The Echo Song,L-247,checked,16:9,4,3:20,Music,https://www.youtube.com/watch?v=-xxD1hx0HuE,Music Video,INDIE,"LOFI,MANTRA",Voice,BLOWsutra,,,,,She can do it in RUSSIAN too ;),2025-10-25,37,2,0,https://i.ytimg.com/vi/-xxD1hx0HuE/maxresdefault.jpg,"A friend of mine asserted that this song, by Soviet singer-songwriter and poet Vladimir #vysotsky is “a perfect song”… so I jumped on the opportunity to manifest my odd yet poetic Russian-speaking fantasy hehe 🎤🪆

Here’s a poetic #lyrics translation:

The Mountain Echo(after Vladimir Vysotsky)

In a mountain pass, where the rocks for the winds are no checkers (no checkers),
Where no one has ever set foot, so steep is the rise (so steep is the rise),
There once lived a jubilant, cheerful mountain echo,
It answered all calls, and replied to the cries, human cries.

When loneliness suddenly fills our heart with despair (with despair),
And when a low sound of pain down the cliff starts to land (starts to land),
The echo, adroitly, will pick up the call,And handling with care,
Will lift it, and louder, with tenderness take it in hand.

But some scoundrels, madmen and drunkards, got round (got round),
So that no one might hear the footfall and snort (footfall and snort),
Intending to silence and murder the gorge, living canyon
They bound up the echo, and stopped up its mouth ere they shot.

And so it went on, their bloody, ferocious, enraged merrymaking 
No sound could be heard as they trampled the echo, made fun of it, mocked...
They shot, in the morning, the quieted mountain echo (mountain echo)
And tears gushed out like stones from the wounds of the rock...
And tears gushed out like stones from the wounds of the rock...
And tears gushed out like stones from the wounds of the rock...",,,EN,"BLOWsutra : REVOLT (Now),PEACE CIRCUS,BLOWsutra,LOFIsutra,Bible Gone Bananas",5,,public,checked,youtube,,New,,-xxD1hx0HuE
The Echo Song (Encore) • Russian 🪆 Edition • Vladimir Vysotsky Cover • BLOWsutra Gipsy LoFi Music 🦋📺,The Echo Song,L-247,checked,9:16,4,2:44,"Music, Reggae",https://www.youtube.com/watch?v=rtkqtUpZw8o,Music Video,LOFI,INDIE,"Drum,Voice",BLOWsutra,,,,,another tv in the jungle of despair...,2025-10-29,16,0,0,https://i.ytimg.com/vi/rtkqtUpZw8o/maxresdefault.jpg,"“The perfect song”, a Russian Zionist said… So, I got curious, of course—because according to #midjourney #userbehavior in-depth study, I’m #morecurious than 99% of the population (so, there’s that, and now you know ;)

#truestory #vysostsky #russianmusic #folkmusic  #suno5 #aivoiceover",,,EN,"BLOWsutra : REVOLT (Now),PEACE CIRCUS,BLOWsutra,LOFIsutra,Bible Gone Bananas",5,,public,checked,youtube,,New,,rtkqtUpZw8o
"Different day, same joke 🗽🍔 #happyfoolsday #thegreatdicktator #ifonlyiwasjoking",The Great Naked King,L-250,checked,9:16,5,2:49,"Entertainment, Independent music, Pop music",https://www.youtube.com/watch?v=PRhPuBu_JMs,Music Video,LOFI,BURLESQUE,"Bass,Piano,Violin,Voice",SHOWsutra,,,,checked,"She's a fool, chaplin approves",2026-04-02,104,0,0,https://i.ytimg.com/vi/PRhPuBu_JMs/maxresdefault.jpg,"Fool “The Great Naked King” EPx30 on SoundCloud. A SHOWsutra song about the oldest trick in the crooks book.

Hans Christian Andersen wrote “The Emperor’s New Clothes” parable in 1837. He would not be surprised. And Charlie, mon chéri, this one's for you ❤️

Psychedelick EPx30 flows across Flamenco Techno, French Tango, Gipsy Burlesque, Circus Waltz, Cabaret Swing, Hip Jazz, Hop Pop, Hillbilly Banjo, and Americana Blues (because the emperor deserves a full orchestrahaha)

—
@bananasutra #songlyrics 

[Verse 1 — The Great Crown]
Some tricksters wandered into town,
Selling fake emperor’s crowns,
Smiling wide with empty hands,
Mumbling words none understands.

They whispered low, “the wise ones see,”
“What’s hidden here in mystery,”
As white hillbillies praised the air,
Swore up and down they saw it there.

[Verse 2 — The Great Goons]
A buffoon tweets from a gilded throne,
While loyal goons praise what ain’t shown,
They bow and swear, “Oh, it’s divine!”
Then clap along in crooked time.

Echoes ring through hollow halls,
Truth gets lost beneath applause,
Every doubt gets dipped in gold,
Every lie gone wild and old.

[Chorus — Blessed Be Fools]
Oh let us laugh at what we see,
The Great Naked King in pageantry,
Wearing nothing but bling-bling,
Oh, if only I was joking.

Oh let us laugh and let it ring,
At paper crowns and cha-ching,
The grandest show of empty things,
All hail the king of nothing.

[Verse 3 — Hello Charlie Chaplin]
’Til one small voice broke through the swing,
Soft and kind like Chaplin would sing,
“This dicktator is a cheat,”
And tender hearts skipped a beat.

A whisper cut through all the noise,
Simple truth with humble poise,
And for a breath the spell grew thin,
Like light was finally let in.

[Bridge — Say no to Complicity]
What a vast hallucination,
Built on fear and fabrication,
Pure race, pure flag, pure vanity,
A costume stitched in complicity.

Pomposity in rigid seams,
An empire built on shattered dreams,
Promises broken, dragged along,
By silent crowds that make it strong.

[Chorus — Blessed Be Fools]
Oh let us laugh at what we see,
The Great Naked King in pageantry,
Wearing nothing but bling-bling,
Oh, if only I was joking.

Oh let us laugh and let it ring,
At paper crowns and cha-ching,
The grandest show of empty things,
All hail the king of nothing.

[Outro — The Fool Worth Being]
It’s a foolish thing, absurd to see,
But(t) why play along with stupidity?
Let’s laugh out loud and break the ring,
And be the fool worth being.","Fools Day,Naked King,Charlie Chaplin,Andersen,The Emperor’s New Clothes,The Great Dicktator,Burlesque Cabaret,Lo-Fi Music",,Bilingual,"SHOWsutra,LOFIsutra,SHORTsutra Bananas Matter,Bible Gone Bananas",4,,public,checked,youtube,,New,,PRhPuBu_JMs
“The Invisible Man in the Sky” is inspired by and dedicated to George Carlin’s brave twinkles 🏴‍☠️,The Invisible Man In The Sky,L-251,checked,9:16,3,2:25,"Music, Pop music",https://www.youtube.com/watch?v=sNUeoAefB6o,Short/Reel,BLUES,,Guitar,GROWsutra,,,,,Can't get over that 50s murica look...,2025-02-26,24,,0,https://i.ytimg.com/vi/sNUeoAefB6o/maxresdefault.jpg,⁠⁠⁠@bananasutra lyrics + voice + vid visualization —happy to share lyrics upon request,,,EN,"GROWsutra : GOD (Questions Etc...),GROWsutra,BLUESsutra,Bible Gone Bananas",4,,public,checked,youtube,,New,,sNUeoAefB6o
"Invisible Man in The Sky • EPx2 • GROWsutra (God, Etc.) Holy Indie Folk, inspired by George Carlin",The Invisible Man In The Sky,L-251,checked,16:9,5,5:42,"Electronic music, Independent music, Music, Pop music, Rock music",https://www.youtube.com/watch?v=y43Bq19IpR4,EP Compilation,JAZZ,,"Upright Bass,Voice",GROWsutra,,,,,my skin color: blue,2026-02-16,22,0,0,https://i.ytimg.com/vi/y43Bq19IpR4/maxresdefault.jpg,"00:00 - “Invisible Man in the Sky” Track 1
03:17 - “Invisible Man in the Sky” Track 2

Blessed be George Carlin, and all the brave bringers of truth, light, and laughter.  His razor-sharp awareness of the absurd is a precious gift—not to say a real blessing, ha. This song is part of the GROWsutra (God, Etc) bananasutra collection, and directly inspired by one of his skits with the same title.

In this skit, George points out how some dubious pundits somehow convinced millions that there’s an invisible man living in the sky, watching everything you do, every minute of every day. He’s got a long list of things he doesn’t want you to do. And if you break the rules? Eternal fire torture. Burning. Screaming. Forever. But don’t worry. He loves you, really. But he also needs your money! Ahem. Oh and, he expects you to confess all your “dirty secrets” to single (and maybe horny) holy man in a dark robe, in a tiny dark room, regularly and unconditionally… so you might be “saved”, in the end. Maybe. True story. Sigh.

God knows I’ve got a whole backlog of songs (mostly questions) about religion. I was raised secular, in a country shaped by separating church and state, and by an authoritarian atheist father who believed religion mostly harmed society. So far, based on lived experience, I get where he was coming from… That said: I do believe there’s real wisdom out there. And Hope matters. Meaning matters.

What breaks my heart is the absurd irony: how curiosity gets hijacked into control. How fear gets packaged as faith. How this story keeps looping… again and again. And I can’t help wondering: Is it ignorance?  Is it insecurity?  Is it power? Is it Evil? And, why, goddamn?! Jesus Christ, wtf, whyyy 😵‍💫

Anyway… Praised be critical thinkers, conscious prayers, George’s sense of humor, and the magic of music! #amen

—

@bananasutra  
Lyrics + #AIvoice on #sunomusic 🎧

“Invisible Man in the Sky”

They say there’s someone up above,  
An invisible man who means but(t) love,  
Judges your life, and keeps a score…  
Don’t cross his line, you’ll burn for sure.

He’s got a list, oh, don’t you know?  
The things he hates, the sins that blow…  
If you don’t obey, you’ll fry and scream,  
But he loves you, huh, so it seems.

(Chorus)  
Invisible man in the sky,  
Wants your money, makes you cry.  
He loves you, oh, it’s true,  
But he needs all your treasures too.

Confess your sins, just let them pour,  
Every dirty story, he needs more.  
He’s always watching, every day,  
And judgment’s coming, so they say.

He’s got a plan, it’s built on fear,  
And he demands you stay sincere.  
But if you’re wise, he won’t agree,  
’Cause money’s what he needs, you see.

(Chorus)  
Invisible man in the sky,  
Wants your money, makes you cry.  
He loves you, oh, it’s true,  
But he’ll burn you if you’re through.

It’s bananas, the world’s insane,  
They sell glory, deliver pain.  
They preach fake rules, dicks of prey,  
The invisible man’s here to stay.

Invisible man in the sky,  
Wants your money, makes you cry.  
He loves you, oh, it’s true,  
But he’ll burn you if you’re through.  
Invisible man… invisible man…  
In the sky… in the sky…

🖤","Religion,Philosophy,George Carlin,Lyrics Matter,Psychedelic Indie Music",EPx2,EN,"GROWsutra : GOD (Questions Etc...),GROWsutra,FOLKsutra,Bible Gone Bananas",4,,public,checked,youtube,,New,,y43Bq19IpR4
Invisible Man in the Sky ⭐︎ George Carlin's Blessing ⭐︎ Holy Gospel BLUESutra,The Invisible Man In The Sky,L-251,checked,16:9,4,3:25,"Music, Religion",https://www.youtube.com/watch?v=sZu4mtuOwgQ,Music Video,JAZZ,INDIE,Voice,GROWsutra,,,,,"she's dreaming in the bathroom, wearing her anti-npd helmet",2025-03-15,57,,0,https://i.ytimg.com/vi/sZu4mtuOwgQ/maxresdefault.jpg,"Religious pundits somehow convinced people that there is an invisible man living in the sky, who watches everything you do, every minute of every day... and George Carlin convinced me it's so absurd it's (almost) hilarious.

Because see, that ""invisible man in the sky"" has a list of specific things he doesn’t want to do, and doing any of these things will send you to a special place of fire torture, where you’ll live forever after, to suffer and burn and scream until the end of time. But he loves you. 

He loves you, and also, he needs your money! And shall punish your sins, too... like, the more the better, ha. The invisible man in the sky demands you visit a very small and dark room to confess ALL your ""dirty secrets"", to him exclusively, directly and frequently, unconditionally and systematically... so he can save you in the end (maybe). True story. 

Sigh, blessed be the brave bringers of light and laughter! But(t) oh man, the freaking irony of holy proofs and invisible deceit... our world’s gone bananas looong time! And funny enough to mention, it's always the same story, on repeat. So, you gotta wonder WHY, no? Is it because most humans are either mean or stupid, or #whyjesus #why (TF) whyyy⁇¿؟

—
@bananasutra lyrics + #aivoice on #sunomusic 

You say there’s someone up above, 
An invisible man who calls for love. 
He sees your life, he keeps a score, 
But cross his line, you’ll burn for sure. 

He’s got a list, oh, don’t you know? 
The things he hates, the sins you show. 
If you don’t follow, you’ll fry and scream, 
But he loves you—so it seems. 

(Chorus)
Invisible man in the sky, 
Wants your money, makes you cry. 
He loves you, oh, it’s true, 
But he needs all your treasure too. 

Confess your sins, just let them pour, 
Every dirty story—he needs more. 
He’s always watching, every day, 
And judgment’s coming, so they say. 

He’s got a plan, it’s built on fear, 
And he demands you stay sincere. 
But if you’re wise, he won’t agree, 
‘Cause money’s all he needs, you see. 

(Chorus)
Invisible man in the sky, 
Wants your money, makes you cry. 
He loves you, oh, it’s true, 
But he’ll burn you if you’re through. 

It’s bananas, the world’s insane, 
They sell you love, deliver pain. 
They preach the rules, take their pay, 
The invisible man’s here to stay. 

Invisible man in the sky, 
Wants your money, makes you cry. 
He loves you, oh, it’s true, 
But he’ll burn you if you’re through. 
Invisible man, invisible man… 
In the sky… in the sky…",,,EN,"GROWsutra : GOD (Questions Etc...),BLUESsutra,KNOWsutra,Bible Gone Bananas",4,,public,checked,youtube,,New,,sZu4mtuOwgQ
"Early last century, Franco executed Garcia Lorca for being a free spirit... Now Trump hunts Obama❔❔❔",The Poem,L-254,checked,9:16,,3:00,"Independent music, Pop music",https://www.youtube.com/watch?v=ZYxxzAiPjyQ,Short/Reel,INDIE,,,GLOWsutra,,,,,The old guy by the race tracks,2025-07-20,187,1,0,https://i.ytimg.com/vi/ZYxxzAiPjyQ/maxresdefault.jpg,,,,EN,"GLOWsutra : POET(ry),Bible Gone Bananas",2,,public,checked,youtube,,New,,ZYxxzAiPjyQ
"FOTUS Circus 🎪 aka the Tyranny of Ignorance that unalived me, and so many… #asseenontv",The Tyranny of Ignorance,L-257,checked,9:16,3,3:25,"Entertainment, Performing arts",https://www.youtube.com/watch?v=gudenIaBT3U,Short/Reel,JAZZ,,Upright Bass,QUACKsutra,,,,,Peel the ducks off my back,2024-12-15,26,,0,https://i.ytimg.com/vi/gudenIaBT3U/sddefault.jpg,,,,EN,"BLOWsutra : FOTUS Circus,“UNAVAILABLE” Content said YouTube Music… Who knew? Not me!,BLUESsutra,JAZZsutra,BLOWsutra,BANJOsutra,FOTUS CIRCUS (Felon Of The United States),Bible Gone Bananas",8,,public,checked,youtube,,New,,gudenIaBT3U
I guess “Tyranny of Ignorance” sounds more appropriate than Duck shoves Bananas in your A$$  (sic) 🍌,The Tyranny of Ignorance,L-257,checked,16:9,4,3:31,"Politics, Pop music, Society",https://www.youtube.com/watch?v=7TkMnqTTMAA,Music Video,INDIE,,Cello,QUACKsutra,,,,,LOL that trump cartoon i made... it's on TV now.,2025-06-25,14,0,0,https://i.ytimg.com/vi/7TkMnqTTMAA/maxresdefault.jpg,"To be fair, clear, and accurate, the president who keeps bragging he rigged the elections didn’t include the word bananas in his recent expletive statement at the White House  (as cited in title) 🤡  #thecircus is #televised 

I may or may not add a cover, YT insight indicate it doesn’t matter anyway, for this kind of filtered out content…",,,EN,"BLOWsutra : DUCK (Shady),“UNAVAILABLE” Content said YouTube Music… Who knew? Not me!,BLOWsutra,KNOWsutra,FOTUS CIRCUS (Felon Of The United States),Bible Gone Bananas",6,,public,checked,youtube,,New,,7TkMnqTTMAA
Why do the grown-ups fight so loud? And where do kites fly now? #🕊️ #ceasefire #aivoice  #sunomusic,The Tyranny of Ignorance,L-257,checked,16:9,4,3:25,"Independent music, Music, Pop music",https://www.youtube.com/watch?v=Q0Bl_6Y6ozs,Music Video,JAZZ,INDIE,"Upright Bass,Banjo",QUACKsutra,,,,,,2025-05-15,21,0,0,https://i.ytimg.com/vi/Q0Bl_6Y6ozs/maxresdefault.jpg,,,,EN,"BLOWsutra : DUCK (Shady),BLOWsutra,FOTUS CIRCUS (Felon Of The United States),BURLESQUEsutra,Bible Gone Bananas",5,,public,checked,youtube,,New,,Q0Bl_6Y6ozs
“The Ummm” song 🌈💨 FLOWsutra Indie Music,The Umm Song,L-317,checked,16:9,3,2:19,"Independent music, Music, Pop music, Rock music",https://www.youtube.com/watch?v=BJ9Gc5773Ds,Music Video,FOLK,,Guitar,BOWsutra,,,,,"in my library with my puppy, mourning life, before the shark came in, um...",2025-08-31,17,1,0,https://i.ytimg.com/vi/BJ9Gc5773Ds/maxresdefault.jpg,Soothing (my) grief about a dobber life cut too short 🪩🕊️✨ #lifeisbutadream #gratitudejournaling,,,EN,"FLOWsutra : FLY (like water),PEACE CIRCUS,FLOWsutra,Bible Gone Bananas",4,,public,checked,youtube,,New,,BJ9Gc5773Ds
The world we knew • Sinatra Public Domain Lyrics • bananasutra production (heaven),The World We Knew,L-316,checked,16:9,4,1:53,Music,https://www.youtube.com/watch?v=rHFK9gBeeEY,Music Video,JAZZ,,Piano,GLOWsutra,,,,,"Back in my retro living room, watching tv, vintage sound and all. Oh and my rabbit on the couch :)",2025-01-16,38,,0,https://i.ytimg.com/vi/rHFK9gBeeEY/maxresdefault.jpg,,,,EN,"KNOWsutra,BURLESQUEsutra,Bible Gone Bananas",3,,public,checked,youtube,,New,,rHFK9gBeeEY
"Blessed be Frank, and all the unsung heroes of the #publicdomain resistance ❤️‍🔥 #theworldweknew",The World We Knew,L-316,checked,9:16,4,0:20,,https://www.youtube.com/watch?v=DXIS9WyFOJE,Short/Reel,JAZZ,,Voice,GLOWsutra,,,,,"Lost in the far west desert with my owl, again,",2025-01-16,23,,0,https://i.ytimg.com/vi/DXIS9WyFOJE/maxresdefault.jpg,,,,EN,"SHOWsutra : Fanana Club,JAZZsutra,SHORTsutra Bananas Matter",3,,public,checked,youtube,,New,,DXIS9WyFOJE
"“They Call it Freedom” 📺🍌 BLOWsutra #revolt (boing boing:) song, for a world gone bananas…","They Call It Freedom (Oh Hi, Sweet Honey Bun)",L-262,checked,9:16,,0:17,"Hip hop music, Independent music, Music, Pop music",https://www.youtube.com/watch?v=MPc6btO5FMQ,Short/Reel,FOLK,,,BLOWsutra,,,,,,2025-11-10,205,0,,https://i.ytimg.com/vi/MPc6btO5FMQ/maxresdefault.jpg,,,,EN,BLOWsutra : REVOLT (Now),1,,public,checked,youtube,,New,,MPc6btO5FMQ
They Call It Freedom ✊🕊️ BLOWsutra (Revolt Now) Music Therapy For The People,"They Call It Freedom (Oh Hi, Sweet Honey Bun)",L-262,checked,9:16,,2:58,"Music, Pop music, Reggae",https://www.youtube.com/watch?v=TWCfjqln71A,Music Video,FOLK,JAZZ,,BLOWsutra,,,,,,2025-12-07,14,0,0,https://i.ytimg.com/vi/TWCfjqln71A/maxresdefault.jpg,"Oh hi, sweet honey bun… how’s the land of the fussy felon freak king of the Disintegrated Slums of Murica treating your sanity, heh? 🙈🙉🙊🍟 #ahem #revoltnow

✯ ✯ ✯
@bananasutra #originalsong #lyrics

[Intro]
Oh hi, sweet honey bun
See us coming undone?
Please, let’s sing together,
Let’s think louder, higher!

[Verse 1]
Why trust it’s truth, when it’s a dumb trap
Why add your name on a poisoned map
Why wrap people in gilded wrong 
Why say fair questions don’t belong 

[Pre-Chorus]
They whisper “grace” with a hissing smile
Redefine “dissent” as thinking awhile
And build more prisons, like caring is vile

[Chorus]
Why call it freedom? Bias ain’t true tongue
Please question logic, or lives shall come undone
Know “restoring order” ain’t like holy rain
When it’s like steel boots stomping truth again

[Verse 2]
Learn what’s legit, why they closed a gate
Say “biological” and decree more hate
How ruling our wombs’ increases gloom
How they preach pro life, while filling more tombs

[Pre-Chorus]
They claim it’s science, but it’s scripture they shout
Wrapped in cheap flags, it’s logic they ripped out

[Chorus]
They call it freedom, while FOTUS builds cages they burn your page
Know what’s a villain, who’s burning the page
Who Says “liberty” loading a gun
Calling it peace once the purge is done

[Bridge]
Watch out for double speak, let them hear us cry
We simply ask for truth, why do they sell us lie?
Why let dumb decrees defile sacred truths like a meme
Use your brain, your heart, question men with no shame

[Final Chorus]
They call it freedom, with a serious tone
Like syrup on razors, like velvet on stone
They call it healing while poisoning us, hon
Beware of white gospel, hum, or we’ll all come undone

[Outro]
Let’s shine so bright 
We’ll feel god’s light,
reKindle our holy spark?
Please, let’s Come out of the dark!

Sing all that is fair and good
So we may all have some food,
Blessed be the bold, the brave,
Please, feel free to leave that cave!

✯ ✯ ✯",,,EN,"BLOWsutra : REVOLT (Now),PEACE CIRCUS,BLOWsutra,Bible Gone Bananas",4,,public,checked,youtube,,New,,TWCfjqln71A
“They Call It Freedom” Halloween Edition • BLOWsutra Revolution Ring song #suno5 #aivoiceover,"They Call It Freedom (Oh Hi, Sweet Honey Bun)",L-262,checked,9:16,3,0:15,"Independent music, Music, Reggae",https://www.youtube.com/watch?v=dOk_Phr2TVU,Short/Reel,INDIE,,Voice,BLOWsutra,,,,,"It's halloween, Or it?",2025-10-29,20,0,0,https://i.ytimg.com/vi/dOk_Phr2TVU/maxresdefault.jpg,,,,EN,"BLOWsutra : REVOLT (Now),SHORTsutra Bananas Matter",2,,public,checked,youtube,,New,,dOk_Phr2TVU
"Because “Rebel Romance” matters, dears! Any questions? I’ll be here cooling out my humanist fire 🔥",Time For Rebel Romance,L-265,checked,16:9,5,3:36,"Independent music, Music, Pop music",https://www.youtube.com/watch?v=drX7kVnobm8,Music Video,BURLESQUE,,Accordion,BLOWsutra,,,,checked,Octopus lady is reading the memo at the spa,2025-06-24,14,0,0,https://i.ytimg.com/vi/drX7kVnobm8/maxresdefault.jpg,"And for the curious ones, here’s a copy of the  banana memo of the day 🐙🍌

[Intro]
Slip me the memo with a crooked grin  
History’s spinnin that wheel again  

[Verse 1 - Swaggering Accordion Swagger :)]  
Another day in this techno charade  
Executive clown show on masquerade parade  
Bias patrol with a tattle-tale twist  
Snitchin for Christ on the government list  

[Verse 2 - Dubbed Out & Raspy]  
Retro-fit rage in a fascist disguise  
Psy-ops poppin with their sanctified lies  
File your faith in a fallout file  
Smile while they profile your style  

[Chorus]  
Memo memo what a show  
Fauxism's back with a holy glow  
Snitch stitch pitchin slow  
Tell the truth and watch it blow  

[Verse 3 - Cheeky Circus Wobble]  
Collabo callin from the capital pit  
Trigger those tears while the algorithm spits  
Stock crashin like morals in fog  
Mar-a-logo dreams for a demagogue  

[Bridge - Accordion Melts into Psychedelia]  
It’s a snitchin stitchin sitcom loop  
Truth gets tripped in a policy swoop  
Christian nation with a neon noose  
Swingin on lies with an old excuse  

[Chorus]  
Memo memo what a show  
Fauxism's back with a holy glow  
Snitch stitch pitchin slow  
Tell the truth and watch it blow  

[Verse 4 ]  
No TV but I see the con  
Big teeth grinnin while justice gone  
Punish the thought, reward the fear  
We’re past the edge and fallin clear  

[Outro - Spiraling Accordion :)]  
Wake me up from this red white trance  
Fifty years in a fascist dance  
But I still stand with a rebel romance  
Humanist fire in my last chance  

~
Made with my heart snd my berrain. A lill
whimsy #midjourney magic and #sunomusic",,,EN,"BLOWsutra : REVOLT (Now),FOTUS CIRCUS (Felon Of The United States),BURLESQUEsutra,Bible Gone Bananas",4,,public,checked,youtube,,New,,drX7kVnobm8
Blessed be “Rebel Romance” vs. Orwellian Ministry of “Religious Freedom” & the new “Board of Peace”,Time For Rebel Romance,L-265,checked,9:16,5,3:00,"Electronic music, Music, Pop music",https://www.youtube.com/watch?v=U2TfXSN760A,Short/Reel,BURLESQUE,,Accordion,BLOWsutra,,,,,Red tape blinding us everywhere,2026-02-24,4,0,0,https://i.ytimg.com/vi/U2TfXSN760A/sddefault.jpg,"“Time for Rebel Romance” fool EPx6, with lyrics, available on #soundcloud
—
In March 2025, Freaking Felon Fckr of the United States funded a federal “anti-Christian bias” (sic) surveillance task force, a blatantly discriminatory (and non-constitutional) governmental measure encouraging government employees to snitch on colleagues—anonymously, globally, and retroactively i.e. including alleged incidents “dating back to the previous administration” (sic). He even dared frame this great dystopian Christian State initiative as protecting “Religious Freedom” (sicKKK).

I wrote this song the week that memo dropped; when it became overwhelmingly clear to me that the rule of law no longer applied. At the time, to most, it felt like populist antics, grievance politics wrapped in sanctified language, bureaucratized suspicion dressed up as moral defense…. But(t) to me, it meant authoritarianism was officially here. The American Democracy was dead. It was Orwell’s 1984 Ministry of “Religious Feedom” à la Project 2025 deadly Atwood salsa. And I personally felt devastated, because #democracy is my chérie 🕊️

Nearly a year later, now, this track feels like a timestamp of doom, a bitter alarm… as publicly funded cruelty and lawless injustice continue to spread, fast and furious, on the daily, in all impunity, and with foool “federal immunity” (to quote Steven Miller directly)—through memos, “temporary” task forces, executive orders, etc. And yet, most people I know STILL think and say I’m overreacting, sigh #truecrimestory

“Rebel Romance” isn’t anti-faith. It’s anti-fear, anti-denial, and anti-apathy. It’s about the difference between “Freedom of Religion” (a fundamental constitutional right) and Authoritarian Indoctrination. It’s a fair warning about State Surveillance, where anonymous delation is policy, just like in the good old Gestapo daze… you know?

I so don’t want to say I told ya, but(t) WOW, WTFF?! I mean, heh, you gotta wonder, for Christ’s sake… where will we be next year?

It’s high time for Rebel Romance! Please? Because we’re livng in a #truecrimedocumentary and it’s truly deadly 📺🏴‍☠️

—

[Intro]
Slip me the memo with a crooked grin  
History’s spinnin that wheel again  

[Verse 1]  
Another day in this techno charade  
Executive clown show on masquerade parade  
Bias patrol with a tattle-tale twist  
Snitchin for Christ on the government list  

[Verse 2]  
Retro-fit rage in a fascist disguise  
Psy-ops poppin with their sanctified lies  
File your faith in a fallout file  
Smile while they profile your style  

[Chorus]  
Memo memo what a show  
Fauxism's back with a holy glow  
Snitch stitch pitchin slow  
Tell the truth and watch it blow  

[Verse 3]  
Collabo callin from the capital pit  
Trigger those tears while the algorithm spits  
Stock crashin like morals in fog  
Mar-a-logo dreams for a demagogue  

[Bridge]  
It’s a snitchin stitchin sitcom loop  
Truth gets tripped in a policy swoop  
Christian nation with a neon noose  
Swingin on lies with an old excuse  

[Chorus]  
Memo memo what a show  
Fauxism's back with a holy glow  
Snitch stitch pitchin slow  
Tell the truth and watch it blow  

[Verse 4]  
No TV but I see the con  
Big teeth grinnin while justice gone  
Punish the thought, reward the fear  
We’re past the edge and fallin clear  

[Outro]  
Wake me up from this red white trance  
Fifty years in a fascist dance  
But I still stand with a rebel romance  
Humanist fire in my last chance","Dystopian News,Songwriting,Accordion Music,Veaudeville,Grotesque Theater",,Bilingual,"BLOWsutra : REVOLT (Now),BLOWsutra,FOTUS CIRCUS (Felon Of The United States),BURLESQUEsutra,Bible Gone Bananas",5,,public,checked,youtube,,New,,U2TfXSN760A
Please don’t ever dare say the rise of fauXism in Murica was insidious… the entire world sees it 🌍,Time For Rebel Romance,L-265,checked,9:16,4,2:29,"Independent music, Lifestyle (sociology), Pop music",https://www.youtube.com/watch?v=LGpPdHz2kl0,Music Video,INDIE,JAZZ,Piano,BLOWsutra,,,,,,2025-05-18,8,,1,https://i.ytimg.com/vi/LGpPdHz2kl0/maxresdefault.jpg,,,,EN,"BLOWsutra : CENSOR(ed),REALsutras,BLOWsutra,FOTUS CIRCUS (Felon Of The United States),SHORTsutra Bananas Matter,Bible Gone Bananas",6,,public,checked,youtube,,New,,LGpPdHz2kl0
"“Lightly, my darling” ~ @bananasutra lyrics inspired by #aldoushuxley ‘s wisdom #psychedelicjourney","Too Hard, My Friend",L-267,checked,9:16,4,2:44,"Electronic music, Independent music, Music, Pop music",https://www.youtube.com/watch?v=kzcpKogZiD4,Short/Reel,INDIE,,Xylophone,FLOWsutra,,,,checked,"Foating in a psychelic dream, or am i falling?...",2025-08-28,184,0,0,https://i.ytimg.com/vi/kzcpKogZiD4/maxresdefault.jpg,"""It's dark because you are trying too hard. Lightly child, lightly. Learn to do everything lightly. Yes, feel lightly even though you're feeling deeply. Just lightly let things happen and lightly cope with them. I was so preposterously serious in those days...Lightly, lightly - it's the best advice ever given me...to throw away your baggage and go forward. There are quicksands all about you, sucking at your feet, trying to suck you down into fear and self-pity and despair. That's why you must walk so lightly. Lightly, my darling...""
- Aldous Huxley, Island",,,EN,"FLOWsutra : FLY (like water),FOLKsutra,FLOWsutra,Bible Gone Bananas",4,,public,checked,youtube,,New,,kzcpKogZiD4
“Too hard” is a song inspired by a #darling quote from #aldoushuxley  #sunomusic #aivoice #authentic,"Too Hard, My Friend",L-267,checked,9:16,5,2:43,"Music, Pop music",https://www.youtube.com/watch?v=oP6HFWnSHAE,Short/Reel,INDIE,,"Xylophone,Voice",FLOWsutra,,,,checked,"It's a trip to let go, just ask aldous huxley",2025-04-07,649,,0,https://i.ytimg.com/vi/oP6HFWnSHAE/maxresdefault.jpg,"""Not to know one's true identity is to be a mad, disensouled thing — a golem. And, indeed, this image, sickeningly Orwellian, applies to the mass of human beings now living in the high-tech industrial democracies. Their authenticity lies in their ability to obey and follow mass style changes that are conveyed through the media. Immersed in junk food, trash media, and cryp-tofascist politics, they are condemned to toxic lives of low awareness.
Sedated by the prescripted daily television fix, they are a living dead, lost to all but the act of consuming.""
- Terence McKenna",,,EN,"FLOWsutra : FLY (like water),PEACE CIRCUS,FLOWsutra,LULLABIESsutra,SHORTsutra Bananas Matter,Bible Gone Bananas",6,,public,checked,youtube,,New,,oP6HFWnSHAE
"Too hard, darling, too hard—said #aldoushuxley 😘","Too Hard, My Friend",L-267,checked,9:16,4,2:44,"Electronic music, Music, Pop music",https://www.youtube.com/watch?v=stV7qCd71ec,Short/Reel,INDIE,,"Voice,Upright Bass",FLOWsutra,,,,checked,At the SUTRAnews stand.,2025-02-09,35,,0,https://i.ytimg.com/vi/stV7qCd71ec/maxresdefault.jpg,#aldoushuxley quotes,,,EN,"FLOWsutra : FLY (like water),PEACE CIRCUS,FLOWsutra,JAZZsutra,LULLABIESsutra,SHORTsutra Bananas Matter,Bible Gone Bananas",7,,public,checked,youtube,,New,,stV7qCd71ec
(We Know) Trauma Begets Trauma 🕊️🎹✨ KNOWsutra Gipsy History Kitten Peace Piano Dream,Trauma Begets Trauma,L-268,checked,16:9,,3:50,"Independent music, Music",https://www.youtube.com/watch?v=jDJCzK472CE,Music Video,INDIE,,Piano,KNOWsutra,,,,,,2025-11-09,21,0,0,https://i.ytimg.com/vi/jDJCzK472CE/maxresdefault.jpg,"We knew #trauma begets trauma… but(t) who knew vengefool #violence and righteous #denial would be such popular trends in 2025—less than a century after WW2?! #sigh 😔 #meow #savethekitten #neveragainisnow #musictherapy 

Heartfelt ⁠⁠⁠⁠@bananasutra ♾️ #lyricsmatter 👇

[Intro]
We know drama begets drama,We know trauma begets trauma.

[Verse 1]If we let pain justify cruelty,If we let fear multiply tragedy,If we let facts deny kittens die,Woes of war will only amplify.

[Chorus]We know drama begets drama,We know trauma begets trauma…Round and round the pain parade,Different mask, same old charade.

[Verse 2]Why do we choose not to ask but to fight?No one wants children to suffer, right?What happened to leading by love, not might?And where the freakin’ fck is this going, right?

[Verse 3]I’ve hurt, been hurt, denied my part,Built a cage and called it “heart.”But pain’s not truth — it’s just a clue,To heal myself, I must heal you.

[Bridge]
Beyond the wounds, it’s the walls we build,Beyond the loss, it’s the blame we wield…Why preach revenge like a holy skill,Then wonder why the world won’t heal?

Your cynicism sure beats mine…But(t) where’s the cruelty victory line?A rabbit hole of self-foolfilled prophecy,Vengefool honor, endless atrocity.

[Outro]We know drama begets drama,We know trauma begets trauma…Silence begets silence, too,'Til someone breaks the loop… maybe you?

🕊️💨",,,EN,"KNOWsutra : PEACE (Not War),PEACE CIRCUS,PIANOsutra,KNOWsutra,Bible Gone Bananas",5,,public,checked,youtube,,New,,jDJCzK472CE
Who trusts a pedo-rap!st?! And w/ mass#incarceration #maga will soon mean Make America Gulag Alright,Trump Derangement Syndrome ™,L-269,checked,9:16,4,2:30,Music,https://www.youtube.com/watch?v=Ei4myikvbMc,Music Video,BURLESQUE,"BLUES,FOLK",Banjo,QUACKsutra,,,,,,2025-06-18,37,1,2,https://i.ytimg.com/vi/Ei4myikvbMc/maxresdefault.jpg,,,,EN,"BLOWsutra : MA❔A Saga,BLOWsutra : CENSOR(ed),BLOWsutra,FOTUS CIRCUS (Felon Of The United States),SHORTsutra Bananas Matter,Bible Gone Bananas",6,,public,checked,youtube,,New,,Ei4myikvbMc
Jazz of #blight not #plight 🗽⚡️ #trumpderangementsyndrome,Trump Derangement Syndrome ™,L-269,checked,9:16,,3:00,"Jazz, Music",https://www.youtube.com/watch?v=jFkns_qxzGc,Short/Reel,JAZZ,,Upright Bass,QUACKsutra,,,,,"TDS is a thing, or it almost was...",2025-09-20,4,0,0,https://i.ytimg.com/vi/jFkns_qxzGc/maxresdefault.jpg,,,,EN,BLOWsutra : DUCK (Shady),1,,public,checked,youtube,,New,,jFkns_qxzGc
"If you or your teen haven’t read “Steppenwolf”, by Herman Hesse, I’d like to recommend you do ❤️‍🔥",Tune In The Tender,L-273,checked,9:16,5,3:00,"Hobby, Lifestyle (sociology)",https://www.youtube.com/watch?v=6h67QM1fbGQ,Short/Reel,INDIE,,"Voice,Upright Bass",GROWsutra,,,,checked,"Me and my baby wolf, tuning in the tender.",2025-06-22,259,1,1,https://i.ytimg.com/vi/6h67QM1fbGQ/maxresdefault.jpg,,,,EN,"GLOWsutra: Rainbows (in my clouds),PEACE CIRCUS,GROWsutra,SHORTsutra Bananas Matter,Bible Gone Bananas",5,,public,checked,youtube,,New,,6h67QM1fbGQ
"“Tune in the Tender”, a song howling from my heart—inspired by “Steppenwolf”, a tale by Herman Hesse",Tune In The Tender,L-273,checked,16:9,5,4:07,"Independent music, Music, Pop music",https://www.youtube.com/watch?v=2dS7nbT48IY,Music Video,DUB,FOLK,Guitar,GROWsutra,,,,,"The big benevolent ehitr wolf likes my song, it's platying on tv",2025-06-22,35,0,0,https://i.ytimg.com/vi/2dS7nbT48IY/maxresdefault.jpg,"This song is for humans who care and dare to be brave enough to be as kind as selflessly clear and open... the (increasingly rare) sensitive, humble, and grateful humans who sometimes may even ""weep, just knowing dogs exist""! Fair warning: it can make the heart howl, loud and long and deep inside :)

It is also one version of many, some of which I released as an EP on SoundCloud. FWIW, I’d include lyrics for accurate captioning, but YouTube still has not added that feature on the mobile studio app. So, so be it, our loss I guess…

I wrote it after being inspired by a friend who had the kind idea of visiting me in person, recently, and triggered the (good:) remembering of my WOW feelings as a teenager, after reading Herman Hesse's fabulous tale of the ""Steppenwolf""… a powerfool story of not knowing yet knowing, that despair is as glorious as laughter, and tender wonder is simply everything!

I also want to dedicate this one to Lotus (the dog:), and my 2 all-time favorite women in the entire world, Alev and Celinha, who happened to meet in Istanbul tonight. They sent me sincere tender love, and I really felt it! And so now, I just want to take a minute to share how much I care for them, too, even if I'm not always the best at sharing it. I believe they know I care, but I want to write it here anyway, because it's alway a good idea to remember what we remember we feel, and... I love you so very much, for the bright, tender, loving humans you are, and all the light and win-wins you shared with me (and so many others)--I even weeped a little, just knowing you exist #ingratitude ✨ 


… Meanwhile, in the busy world, #midjourney did it again, this time with image animation aka video, and my brains just blew out 🤯 wow just wow",,,EN,"GLOWsutra: Rainbows (in my clouds),PEACE CIRCUS,GROWsutra,LOFIsutra,Bible Gone Bananas",5,,public,checked,youtube,,New,,2dS7nbT48IY
What the Twat #revolution #wanted #aivoice #aimusicrevolution 📺🚨 #grock ETHICAL ALERT ‼️,Twatocracy (Encore et Encore),L-343,checked,9:16,,1:01,"Electronic music, Music, Music of Asia, Pop music",https://www.youtube.com/watch?v=OHEZocOoNOk,Short/Reel,JAZZ,LOFI,,QUACKsutra,,,,,,2025-03-12,27,,0,https://i.ytimg.com/vi/OHEZocOoNOk/maxresdefault.jpg,,,,EN,"BLOWsutra : DUCK (Shady),ROCKsutra,BLOWsutra,FOTUS CIRCUS (Felon Of The United States),SHORTsutra Bananas Matter,Bible Gone Bananas",6,,public,checked,youtube,,New,,OHEZocOoNOk
Banjo banger tale of a pedoking  “Tweeting from the Throne” 🚽🇺🇸 #unreleased #truestory #aivoice,Tweeting from the Throne,L-315,checked,9:16,,2:35,"Country music, Music",https://www.youtube.com/watch?v=Kkim5ueKcnM,Short/Reel,BURLESQUE,"FOLK,BLUES",Banjo,QUACKsutra,,,,,,2025-06-13,197,0,1,https://i.ytimg.com/vi/Kkim5ueKcnM/maxresdefault.jpg,,,,EN,"BLOWsutra : DUCK (Shady),REALsutras,BLABLAsutra,BLOWsutra,BANJOsutra,FOTUS CIRCUS (Felon Of The United States),SHORTsutra Bananas Matter,Bible Gone Bananas",8,,public,checked,youtube,,New,,Kkim5ueKcnM
"“Two Things, Darling“ 🎻 KNOWsutra Conscious Gipsy Cello LoFi Indie song inspired by Bertrand Russell","Two Things, Darling",L-274,checked,16:9,,3:41,"Independent music, Music, Pop music, Rock music",https://www.youtube.com/watch?v=sXDZRAfur9s,Music Video,LOFI,,Cello,KNOWsutra,,,,,,2026-03-10,11,0,1,https://i.ytimg.com/vi/sXDZRAfur9s/maxresdefault.jpg,"This is an unreleased KNOWsutra Conscious Gipsy Cello LoFi Indie version of “Two Things, Darling“—a lill’ song I wrote early January, inspired by a quote from my favorite dead philosopher daddy #bertrandrussell 

It’s a simple yet profound reminder to myself, and maybe others, that living a happy life is a goal as important as simple, and ultimately consists in following 2 basic principles: 
1. get the facts right 
2. keep love in sight
et voilà :)

—
If you’re not familiar with Bertrand Russel, please consider looking him up… amongst many things, he taught me that “People’s opinions are mainly designed to make them feel comfortable; truth, for most people, is a secondary consideration.” And also, that “The Conquest of Happiness” is essentially an infinite, humble game of curiosity and kindness ❤️‍🔥

—
Here’s the fool interview quote that directly inspired this song, when he was asked to outline the advice he would give to future generations, circa 1959: 

“I should like to say two things, one intellectual and one moral. 
The intellectual thing I should want to say to them is this: When you are studying any matter or considering any philosophy, ask yourself only what are the facts and what is the truth that the facts bear out. Never let yourself be diverted either by what you wish to believe, or by what you think would have beneficent social effects if it were believed. But look only, and solely, at what are the facts. 
The moral thing I should wish to say to them is very simple. I should say love is wise, hatred is foolish. In this world, which is getting more and more interconnected, we have to learn to tolerate each other, we have to learn to put up with the fact that some people say things that we don’t like. We can only live together in that way. And if we are to live together and not die together, we should learn the kind of tolerance which is absolutely vital to the continuation of human life on this planet.”

—

“Two Things, Darling” @bananasutra #lyrics 

[Intro]
Not a guru, not a god, just a friendly lill’ line,
Just Bertrand, my wise old crush, tapping my mind
Says the world is small and the future is near
And it only takes two things to save us dear

[Verse 1 — The intellectual thing]
Look at the world with unclouded eyes
Not what you wish for, not pretty lies
Not what feels good, not what sells or saves
Just what is true in the light of the day
Let the facts be strange, let them be kind
Let them humble your heart and sharpen your mind

[Chorus]
Two things, darling, hold them tight
Clear in your head, keep love in sight
Think like a scientist, act like a true friend
Sing like a humanist, make hope matter again

[Verse 2 — The moral thing]
This world is crowded and beautifully odd
Full of people you’ll never fully applaud
Some will annoy you, some will offend
But none of us make it alone in the end
Love isn’t weak and it isn’t naive
It’s the only way any of us get to breathe

[Chorus]
Two things, darling, hold them tight
Clear in your head, keep love in sight
Think like a scientist, act like a true friend
Sing like a humanist, make hope matter again

[Bridge]
We’re riding one planet through infinite space
No spare, no backup, no second place
So hold your beliefs with a little bit loose
And hold on to each other like it really matters, because, it does

[Final Chorus]
Two things, darling, hold them tight
Clear in your head, keep love in sight
Think like a scientist, act like a true friend
Sing like a humanist, make hope matter again

[Outro]
If we’re gonna live, we live this way
With honest eyes, please don’t look away
Cherish the things that sing like a prayer
Let’s dare to share just how much we care

—
“Two Things, Darling” EPx11 with fool #lyrics available for free download on #bananasutra #soundcloud and flows LOFI ❯ INDIE ❯ DUB ❯ BLUES...","Bertrand Russel,Cello Music,Philosophy,Poetry,Wisdom",,EN,"KNOWsutra : Bertrand (He Knows),PEACE CIRCUS,KNOWsutra,LOFIsutra,Bible Gone Bananas",5,,public,checked,youtube,,New,,sXDZRAfur9s
Children Are Universal Currency & Human Decency Is The Rate—Not the Right or Left 💔BLOWsutra Folk 🎶,Universal Currency,L-275,checked,16:9,,3:13,"Independent music, Music",https://www.youtube.com/watch?v=dvkmyw9f2Sk,Music Video,FOLK,,,BLOWsutra,,,,,,2025-09-17,16,0,0,https://i.ytimg.com/vi/dvkmyw9f2Sk/maxresdefault.jpg,"Please stop it already, with the bigotry… what happened to basic human decency? 💔
What’s currently unfolding in Murica (and much of the world) is so NOT politics as usual, it’s gone so far beyond bipartisan opinions! Soul ain’t a binary reality 🇺🇸
Millions of humans are about to lose #health and #foodassistance because of the Machiavellian, #dystopian “One Big Beautiful Bill” of shameless greed. And the cruel irony is, #thepeople don’t even really know, nor understand (sh)it, at least not yet—because no one dares to care enough to speak the truth, or god forbid, educate ‘em! But(t) it’s #comingsoon sooo so soon #godhavemercy (they’ say, ha) 🪦 
And, in the grand scheme of feeds fool of memes… guess who are the primary, long-term victims of such stealthy filthy political non-sense? The #kids i.e. their future—the only true #universalcurrency worth fighting for 🩸

—

This song is part of my “DEFY” EPx7, released on #soundcloud and the last of 3 different songs, all inspired by @defiance13 (on tiktok), asking his audience a simple, important question that matters more than ever: what are we doing⁉️

@bananasutra lyrics©️

[Verse 1]
What’s a child worth on the sheet?
Not enough to skip elite.
Line item, bolded, clean,
$109k, no in-between.

[Verse 2]
They die in heat, they drown in flood,
While suits debate the cost of blood.
They say “don’t politicize the pain”,
But budgets got a dollar sign for shame.

[Chorus]
Children are the currency,
And decency’s the rate.
But y’all keep trading futures
For fear, and war, and hate.
What do they cost, in flesh and soul?
And how the hell did we get this cold?

[Verse 3]
A child in Ohio, a girl in the rain,
Died while you argued about campaign gain.
You priced their breath and called it fair,
As if love could balance a billionaire.

[Bridge]
Empathy ain’t weak, it’s wealth.
It’s everything you kill by stealth.

[Chorus]
Children are the currency,
And we’re bankrupt on the heart.
When budgets trump their little lives,
We’ve torn the world apart.
What are they worth? You tell me straight.
Before it’s all too damn late.

[Outro]
This ain’t about right or left.
It’s about what the soul has left.

—
#folksong #folkmusic #aimusic #sunoai #aivoiceover #madeinamerica #withlove 🙏",,,EN,"PEACE CIRCUS,FOLKsutra,BLOWsutra,Bible Gone Bananas",4,,public,checked,youtube,,New,,dvkmyw9f2Sk
(Children Are the) “Universal Currency” – BLOWsutra FOLK Music - DEFY EP Song #3 Lyrics Video,Universal Currency,L-275,checked,16:9,,3:13,"Christian music, Independent music, Music, Pop music, Rock music, Soul music",https://www.youtube.com/watch?v=KHKWCkhd6cs,Music Video,FOLK,,,BLOWsutra,,,,,,2025-07-25,23,0,0,https://i.ytimg.com/vi/KHKWCkhd6cs/maxresdefault.jpg,"“Children Are the Currency”, or “Universal Currency” (I haven’t decided yet:) is one of 7 tracks from my #unreleased “DEFY” EP, which belongs to the BLOWSutra of my gospel for peace…

Lyrics were inspired by the spoken words of @defiance13 on #tiktok ❤️‍🔥 who asked one simple question: “What are we doing?”

“Children are priceless.
Our most precious universal currency.
And the exchange rate is human decency.”

It’s a song for the children, and all of us who care about the future of innocents—a haunting lullaby for the ones we’re losing, the ones they priced out, the ones who still matter… This version is a stripped-down protest hymn sung from the soul that blends acoustic folk textures with soulful blues phrasing.

—
 @bananasutra lyrics:

[Verse 1]
What’s a child worth on the sheet?
Not enough to skip elite.
Line item, bolded, clean—
$109k, no in-between.

[Verse 2]
They die in heat, they drown in flood—
While suits debate the cost of blood.
They say “don’t politicize the pain”—
But budgets got a dollar sign for shame.

[Chorus]
Children are the currency—
And decency’s the rate.
But y’all keep trading futures
For fear, and war, and hate.
What do they cost, in flesh and soul?
And how the hell did we get this cold?

[Verse 3]
A child in Ohio, a girl in the rain—
Died while you argued about campaign gain.
You priced their breath and called it fair—
As if love could balance a billionaire.

[Bridge]
Empathy ain’t weak, it’s wealth.
It’s everything you kill by stealth.

[Chorus – repeat]
Children are the currency—
And we’re bankrupt on the heart.
When budgets trump their little lives,
We’ve torn the world apart.
What are they worth? You tell me straight.
Before it’s all too damn late.

[Outro]
This ain’t about right or left.
It’s about what the soul has left.

—

The DEFY EP is a collection of 7 raw, poetic protest tracks sung in a solo female tenor voice—no harmonies, no falsetto, no filters. Just grief, clarity, and love in defiance 🎶🔥

#UniversalCurrency #DEFYEP #comingsoon  #ChildrenAreTheCurrency #ProtestSong #FolkLullaby #TruthInMusic #BananaSutra",,,EN,"BLOWsutra : REVOLT (Now),PEACE CIRCUS,FOLKsutra,BLOWsutra,Bible Gone Bananas",5,,public,checked,youtube,,New,,KHKWCkhd6cs
"Universal Currency • DEFY EP (Vol.2, Song 3/3) • BLOWsutra Revolution Ring Burlesque JAZZ 👐",Universal Currency,L-275,checked,16:9,,3:12,"Hip hop music, Independent music, Jazz, Music, Pop music",https://www.youtube.com/watch?v=L_GWWoHetlc,Part-of-Series,JAZZ,BURLESQUE,,BLOWsutra,,,,,,2026-01-10,12,0,0,https://i.ytimg.com/vi/L_GWWoHetlc/maxresdefault.jpg,"Please, dear people of Murica, do not let uninformed opinions trump the data (ha). Please, stop it already, with the cowardly, selfish complacency... unless you’re a vain and ghoulish shallowstrich, I guess? #ahem 

The tragic fact of this song is that American government policies changes (primarily enacted by an onslaught of executive orders as cruel as puerile, and of course, the “One Big Beautiful Bill”, in 2025 only) are (very conservatively) estimated to directly cost the lives of 17M people—many of them children, abroad and in the States—i.e. 3X the number of deaths directly caused by the h0l0caust! #bbb25 

And, the fact a sociopathic criminal is acting like one ain’t even the most heartbreaking part of this #truestory imho. What is torturing my soul is the fact that most people (I know) are acting like this is politics as usual (IT IS NOT), and are simply, conveniently going on with their lives as usual, mostly unconcerned… as if the future of democracy was but(t) an inconsequential dreamer joke, as if accountability, fraternity, and moral duty gone freaking broke  🤯 #shameless 

—
“Universal Currency” is song 3 of DEFY EP Vol. 2, Jazz Edition.

@bananasutra #songlyrics 

[Verse 1]
What’s a child worth on the sheet?
Not enough to skip elite.
Line item, bolded, clean,
$109k, no in-between.

[Verse 2]
They die in heat, they drown in flood…
While suits debate the cost of blood.
They say “don’t politicize the pain”,
But budgets got a dollar sign for shame.

[Chorus]
Children are the currency,
And decency’s the rate.
But y’all keep trading futures
For fear, and war, and hate.
What do they cost, in flesh and soul?
And how the hell did we get this cold?

[Verse 3]
A child in Ohio, a girl in the rain,
Died while you argued about campaign gain.
You priced their breath and called it fair…
As if love could balance a billionaire.

[Bridge]
Empathy ain’t weak, it’s wealth.
It’s everything you kill by stealth.

[Chorus]
Children are the currency,
And we’re bankrupt on the heart.
When budgets trump their little lives,
We’ve torn the world apart.
What are they worth? You tell me straight.
Before it’s all too damn late.

[Outro]
This ain’t about right or left.
It’s about what the soul has left.",,3/3,EN,"BLOWsutra : REVOLT (Now),PIANOsutra,JAZZsutra,BLOWsutra,FOTUS CIRCUS (Felon Of The United States),BURLESQUEsutra,Bible Gone Bananas",7,,public,checked,youtube,,New,,L_GWWoHetlc
Just a heart that stays the same | BananaSutra Music | Banjo au Lavabo Truths,Untamed,L-276,checked,9:16,4,1:46,"Independent music, Music",https://www.youtube.com/watch?v=BUVdoSQqhlo,Short/Reel,FOLK,BLUES,Banjo,GROWsutra,,,,,"She sings on her toilets again, with her dog again.",2024-08-16,18,0,0,https://i.ytimg.com/vi/BUVdoSQqhlo/sddefault.jpg,,,,EN,,0,,public,checked,youtube,,New,,BUVdoSQqhlo
"Dear God people, please stop judging other humans truth based on your fears—it’s cowardly & unfair.",Untamed,L-276,checked,9:16,2,0:55,"Independent music, Music, Pop music",https://www.youtube.com/watch?v=C46jN68mfKE,Short/Reel,FOLK,INDIE,"Guitar,Voice",GROWsutra,,,,,,2024-10-18,18,,0,https://i.ytimg.com/vi/C46jN68mfKE/maxresdefault.jpg,,,,EN,"GROWsutra : GOD (Questions Etc...),BLUESsutra,KNOWsutra,SHORTsutra Bananas Matter",4,,public,checked,youtube,,New,,C46jN68mfKE
"Fascist Tango, Down We Go (with Waldo)",Waldo's Fascist Tango (Down We Go),L-281,checked,9:16,4,2:54,"Music, Pop music",https://www.youtube.com/watch?v=yWx-wMjkHeM,Short/Reel,JAZZ,,Cello,GROWsutra,,,,,"She sings it, with her dog and her cat",2025-02-07,9,,0,https://i.ytimg.com/vi/yWx-wMjkHeM/maxresdefault.jpg,"Welcome to the United Department Of Gangsters Economics #doge where Fascists Fantasize while Felons Fart  🦆💨 🎻 (ahem) 

Original @banasutra lyrics inspired by a  #ralphwaldoemerson quote",,,EN,"BLOWsutra : Apes Gone Wrong,BLOWsutra,BURLESQUEsutra,SHORTsutra Bananas Matter,Bible Gone Bananas",5,,public,checked,youtube,,New,,yWx-wMjkHeM
"""Wars Don't Flow"" QOTD: Do bombs have logos or flags on ‘em (before they k!ll) 📺🦔💣❔",Wars Don’t Flow,L-353,checked,9:16,5,2:37,"Music, Pop music, Rock music",https://www.youtube.com/watch?v=omdPPeVeuag,Short/Reel,INDIE,JAZZ,Cello,KNOWsutra,,,,,,2025-03-03,21,,0,https://i.ytimg.com/vi/omdPPeVeuag/maxresdefault.jpg,(She wondered sometimes…),,,EN,"KNOWsutra : PEACE (Not War),JAZZsutra,BLOWsutra,Bible Gone Bananas",4,,public,checked,youtube,,New,,omdPPeVeuag
"Why, Bro? War Woes FAQ • BURLESQUEsutra Moscow Rooftop Cabaret 🎻🔥",Wars Don’t Flow,L-353,checked,16:9,4,3:00,"Independent music, Music, Pop music, Rock music",https://www.youtube.com/watch?v=sIITiAoF0E8,Music Video,BURLESQUE,,Cello,KNOWsutra,,,,,,2025-03-11,31,,0,https://i.ytimg.com/vi/sIITiAoF0E8/maxresdefault.jpg,"'@bananasutra lyrics + #aivoice on #sunomusic 

Verse 1
I had faith, thought we were safe,Built on dreams, like a stronghold place,But I was wrong, ‘cause men of war,Kill at dawn, don’t keep no score.

Verse 2
Holy puppets chase a lie,Guns and gods, just alibis.But when the bombs begin to fall,Children scream—who answers the call?

Pre-Chorus
Food, shelter? Oops, bummer.Oh, my brother, what a disaster.

Chorus
We all know, wars don’t flow,They just sow the seeds of sorrow.We all know, in a child’s eyes,No war’s tale justifies.

Verse 3
A beasty bomb, a stolen life,A kid was riding—then came the strike.Mighty gods, they took a hike,Left the blood, and turned off the mic.

Bridge
Bombs set the tempo, a tragic beat,While mom was burned down in the street.Oh, crap—who wants that shit?When did we stop giving a damn about it?

Chorus (Reprise)
We all know, wars don’t flow,They just sow the seeds of sorrow.We all know, in a child’s eyes,No war’s tale justifies.

Outro
So we rise, we demand the right,A land safe from endless night.That is why we must not bow,Because what the wow, yo?!
I wonder, how low will Gods go,With dead children in tow, bro?",,,EN,"KNOWsutra : PEACE (Not War),JAZZsutra,BLOWsutra,Bible Gone Bananas",4,,public,checked,youtube,,New,,sIITiAoF0E8
"Bc puppy therapy matters, and “War Woes” beg the question “Why, Bro?”—unless u’re evil, or dumb⁉️💣",Wars Don’t Flow,L-353,checked,9:16,3,2:54,Music,https://www.youtube.com/watch?v=kyp8P25k6w0,Short/Reel,BURLESQUE,,"Accordion,Voice",KNOWsutra,,,,checked,captionned,2025-05-04,235,,1,https://i.ytimg.com/vi/kyp8P25k6w0/maxresdefault.jpg,,,,EN,"KNOWsutra : But(t) Whyyy,Bible Gone Bananas",2,,public,checked,youtube,,New,,kyp8P25k6w0
The Weary Blues • Public Domain Lyrics • BLUESsutra,Weary Blues,L-356,checked,16:9,4,3:20,Music,https://www.youtube.com/watch?v=b8JeousZ2Ow,Music Video,BLUES,,Banjo,BLOWsutra,,,,,THE weary blues,2025-01-16,35,,0,https://i.ytimg.com/vi/b8JeousZ2Ow/maxresdefault.jpg,,,,EN,"BLOWsutra : REVOLT (Now),BLUESsutra,SHOWsutra,BANJOsutra,Bible Gone Bananas",5,,public,checked,youtube,,New,,b8JeousZ2Ow
Nothing like a wet peaches blues 🍌📺,Wet (Prickly) Peaches vol.2,L-285,checked,16:9,4,2:45,"Music, Pop music",https://www.youtube.com/watch?v=1_0YnMCmPqo,Music Video,BLUES,,Banjo,FLOWsutra,,,,,The man is watching 'em lovers...,2025-03-05,20,,0,https://i.ytimg.com/vi/1_0YnMCmPqo/maxresdefault.jpg,@bananasutra lyrics + vocals on #sunomusic,,,EN,"FLOWsutra : WET (My Friend),SHOWsutra,BANJOsutra,Bible Gone Bananas",4,,public,checked,youtube,,New,,1_0YnMCmPqo
“This is what #dissent looks like now” 🎧 BLOWsutra Revolution Ring Conscious LOFI Dream 💭,What Dissent Looks Like Now,L-286,checked,9:16,,1:01,"Music, Pop music",https://www.youtube.com/watch?v=6nUPPenhTEE,Short/Reel,LOFI,INDIE,,BLOWsutra,,,,,,2026-01-14,7,0,0,https://i.ytimg.com/vi/6nUPPenhTEE/maxresdefault.jpg,,,,EN,"BLOWsutra : REVOLT (Now),BLOWsutra,LOFIsutra,SHORTsutra Bananas Matter,Bible Gone Bananas",5,,public,checked,youtube,,New,,6nUPPenhTEE
This is What Dissent Looks Like Now⁉️BLOWsutra (Revolution Ring) Conscious Gipsy LoFi Questions 🎧💬,What Dissent Looks Like Now,L-286,checked,16:9,5,3:59,"Music, Pop music",https://www.youtube.com/watch?v=7NM-uEYWuGo,Music Video,LOFI,JAZZ,"Upright Bass,Voice",BLOWsutra,,,,checked,DJ louise on the decks,2026-01-28,16,0,0,https://i.ytimg.com/vi/7NM-uEYWuGo/maxresdefault.jpg,"Dear Murica,

How do you feel about financing neofascism? Are you feeling dangerously insane YET? I'm asking because (to be completely honest), I dunno what(tf) dissent looks like now.

But(t), I'm thinking not financing neofascism with federal income and consumer taxes seems like a sensible, effective, possible way to RESIST aka STOP FUNDING authoritarian cruelty, for example—if only governors had more balls, or something, no?

Or wait, huh, maybe no—because at this rate, the government may start filling up their brand new for-profits prisons wit tax defectors too… with or soon after their declared enemies, aka Free Thinkers, such as Artists, Journalists, Educators, LGBT, women?! I could totally see THAT happening! Unless, perhaps they’ll just start murdering anyone they wish soonish, heh?! Oh wait, ok, yeah, they are! Make America GULAG Already (like I sing in another song)…

OH BOY, I so wish I was kidding. Sadly, this is a true story, unbelievable but(t) true! And I’m desperately wondering WHY so few are in fact reacting, much less organizing, concretely and proportionally. WHY are elected peeps doing what seems to account to essentially absolutely nothing of consequence? Where(tf) are the independent thinkers, the benevolent leaders, you know, the local Joan of Arcs? 

And, HOW CAN I HELP? 
I honestly dunno, but(t) I dare ask—even with just another BLOWsutra Revolution Ring song of yesterdays and tomorrows gone banana… It’s raw, it’s flawed, bloody GODDAMN heck, it’s  (almost) hump day in Murica 🙈🙉🙊🍟 

—
[Intro]
No, it’s not bullshit as usual...
The new normal is not neutral.
Consent’s just gone,
Rights abandoned.
Democracy’s dead,
Dissent’s gone dread...

[Verse 1 – state surveillance & corporate control]
We used to scream into the streets,
Now silence starts inside our feeds.
They call it bugs… but posts go poof!
YouTube’s chat rewrites the truth.

It’s a game of men of shame,
History’s a threat to them.
Big Tech broke its poker face,
Now every scroll’s a hiding place.

[Chorus]
This is what dissent looks like now:
Invisible, internal, thin,
A muted thought beneath your skin.
It’s algorithms, not a gun,
But hun, that’s how new wars are won.
This is what dissent looks like now?

[Verse 2 – systemic institutional sabotage]
They gutted justice from its core,
Civil servants walked out the door.
Philosophy? Deleted. Gone…
Because ideas might catch on!

The deans stay quiet, donors cheer.
The law’s sold in the name of fear.
A government of grift and dare,
Where treason hides in legal wear.

[Chorus]
This is what dissent looks like now:
A clause erased, a mail delayed,
A syllabus they never made,
A lawyer’s oath that’s lost its weight,
A student debt that seals a fate…
This is what dissent looks like now?

[Verse 3 – engineered chaos & bots Control]
They seed the feeds with farmed out bots,
Praise God, and peddle prison plots.
The “debates” are traps that loop and stall,
Just rage machines to waste us all.

Your logic’s flagged, your truth’s dismissed,
While trolls define who can exist.
They shoot and fire, then say “calm down”,
And blame the victim, as most yawn...

[Bridge – this is not a drill]
It’s not a glitch,
It’s not a test,
It’s policy,
A bloody mess!

They want confusion,
Promote delusion.
They bait with faith,
Then fear, then wrath!

Every move is built to break,
Not fix,
Not free,
Not heal,
Just take!

[Verse 4 – NO ONE IS SAFE]
No trial, no truth, no public proof,
No prayer strong enough to soothe.
Deport the loud, imprison the poor,
Fund new cages, then build some more!

Speak the truth and lose your claim.
No jobs, no aids, hopes gone in flame.
Their plan is prepped, the script’s in place,
And it’s ruthless, death wears no face…

[Final Chorus – the end game, i.e. so what now?]
This is what dissent looks like now:
A lullaby beneath a drone,
A name redacted from a phone,
A felon tweeting from hell’s throne.

May we dare scream, cry out loud…
This
is what dissent
looks like
now?
🕊️🩸",,,EN,"BLOWsutra : REVOLT (Now),BLOWsutra,LOFIsutra,FOTUS CIRCUS (Felon Of The United States),Bible Gone Bananas",5,,public,checked,youtube,,New,,7NM-uEYWuGo
“What It’s About” Murica 🇺🇸 • A Blues song from the bottom of my heart (escaping the Brandolini law),What It's About,L-288,checked,16:9,5,4:27,"Independent music, Music, Soul music",https://www.youtube.com/watch?v=wX7kpqxLAXM,Music Video,BLUES,,Bass,KNOWsutra,,,,checked,"It's about the kids, i.e. the future.",2025-06-04,12,0,0,https://i.ytimg.com/vi/wX7kpqxLAXM/maxresdefault.jpg,"I created this song just yesterday, after getting on on Facebook (as I very rarely do) and writing a heartfelt plea in a TL;DR kind of comment… in response to an old friend I respect very, very much, who is a young, brilliant disabilities attorney, hard-working diversity advocate, music production teacher and hella fun and stylish DJ, and also, as queer as bright and brave. Amen (ahem) 🙏

+++ here's the comment:

This is not about you, or me, it's about documenting the truth. It's about the integrity of American history. It's about exposing the abject lies and cruel actions of an authoritarian regime with no conscience nor accountability. It's about helping each others understand what(tf) is actually happening, ever since a convicted rap!st and recidivist fraudster felon ""rigged the elections"" (sic). It's about helping each other fight greed and corruption. It's about educating the people, equally. It's about justice, and the importance of transparency. It's about honesty. It's about being brave, and discussing the reality of fasc!sm in this country. 
It's about being kind, and that means being clear. Speaking up is the very least you, and I, and everyone MUST do.
Please, please, DO speak up! Why Not? We must, while we still can… Mass-incarcerations haven't started yet (ha hahem). 

+++ @bananasutra lyrics with #sunomusic and my #aivoice 

[Verse 1]
It’s not ’bout me, it’s not ’bout you,
It’s about the wounds that never heal through.
It’s about pages torn from time,
Truth in exile, buried in rhyme.

It’s about the silence, cold and wide,
Where history’s ghosts are forced to hide.
Not for glory, not for clout —
Just for saying what it’s about.

[Chorus]
What it’s about…
Is the truth they drown.
What it’s about…
Is the breaking down.
What it’s about…
Is the cries unheard.
What it’s about…
Is the weight of words.

[Verse 2]
It’s about a felon crowned in gold,
Feeding lies like they were soul.
It’s about greed with a mask of grace,
Selling fear to stay in place.

It’s about schools that never taught,
And cages built from every “ought.”
It’s about naming what they shout,
Then whispering: that’s what it’s about…

[Chorus]
What it’s about…
Is the ones they chain.
What it’s about…
Is the hidden pain.
What it’s about…
Is the smoke, the screen.
What it’s about…
Is what freedom means.

[Bridge]
It’s about the cost… of keeping still.
The hush that bends a nation’s will.
It’s not a choice to speak or not —
It’s breath, it’s blood, it’s all we’ve got.

They laugh and call it overblown,
While prisons fill and hearts turn stone.
But kindness cuts the deepest way —
And truth, my love, don’t look away.

[Final Chorus]
What it’s about…
Is the love that stays.
What it’s about…
Is the darker days.
What it’s about…
Is the voice inside.
What it’s about…
Is the will to rise.

[Outro]
So please…
Speak while we still can…
Before the silence
Takes the land.

That’s what it’s about.
Yes…
That’s what it’s about.

[end]",,,EN,"BLOWsutra : Apes Gone Wrong,PEACE CIRCUS,BLUESsutra,KNOWsutra,Bible Gone Bananas",5,,public,checked,youtube,,New,,wX7kpqxLAXM
What It’s About 🌟 BLOWsutra (Revolt Now) Piano Jazz Edition 🎹 (Meow),What It's About,L-288,checked,16:9,4,4:01,"Jazz, Music, Pop music",https://www.youtube.com/watch?v=qT4lNvSrfAc,Music Video,JAZZ,INDIE,Piano,KNOWsutra,,,,checked,"Nice sage green couch, the cat likes it, but(t) the art on the wall is moving?",2025-12-04,14,1,1,https://i.ytimg.com/vi/qT4lNvSrfAc/maxresdefault.jpg,"This one started as a heartfelt, conscious social media comment… In response to a young talented American disability attorney I know (in San Francisco, California). And I couldn’t help but(t) cringe a little. Here was a hard-working diversity advocate apologizing for making a factual post about witnessing an increase of hardship amongst the disadvantaged people he works with, as well as those who advocate for their basic, human rights... Sigh. As a French-American citizen who over half my life in the U.S., required positivity is such a weird hypocritical superficial cowardly vain thing to me- especially in the context of neo-fasc!st history! #ahem 
 
+++ Here’s my original comment:

This is not about you, or me, it's about documenting the truth. It's about the integrity of American history. It's about exposing the abject lies and cruel actions of an authoritarian regime with no conscience nor accountability. It's about helping each others understand what(tf) is actually happening, ever since a convicted rap!st and recidivist fraudster felon ""rigged the elections"" (sic). It's about helping each other fight greed and corruption. It's about educating the people, equally. It's about justice, and the importance of transparency. It's about honesty. It's about being brave, and discussing the reality of fasc!sm in this country. 
It's about being kind, and that means being clear. Speaking up is the very least you, and I, and everyone MUST do.
Please, please, DO speak up! Why Not? We must, while we still can… Mass-incarcerations haven't started yet (ha hahem). 

+++ Here’s the song I made out of it:

@bananasutra #originalsong #lyrics #pianomusic #jazz edition 

[Verse 1]
It’s not ’bout me, it’s not ’bout you,
It’s about the wounds that never heal through.
It’s about pages torn from time,
Truth in exile, buried in rhyme.

It’s about the silence, cold and wide,
Where history’s ghosts are forced to hide.
Not for glory, not for clout,
Just for saying what it’s about.

[Chorus]
What it’s about…
Is the truth they drown.
What it’s about…
Is the breaking down.
What it’s about…
Is the cries unheard.
What it’s about…
Is the weight of words.

[Verse 2]
It’s about a felon crowned in gold,
Feeding lies like they were soul.
It’s about greed with a mask of grace,
Selling fear to stay in place.

It’s about schools that never taught,
And cages built from every “ought.”
It’s about naming what they shout,
Then whispering: that’s what it’s about…

[Chorus]
What it’s about…
Is the ones they chain.
What it’s about…
Is the hidden pain.
What it’s about…
Is the smoke, the screen.
What it’s about…
Is what freedom means.

[Bridge]
It’s about the cost… of keeping still.
The hush that bends a nation’s will.
It’s not a choice to speak or not,
It’s breath, it’s blood, it’s all we’ve got.

They laugh and call it overblown,
While prisons fill and hearts turn stone.
But kindness cuts the deepest way,
And truth, my love, don’t look away.

[Final Chorus]
What it’s about…
Is the love that stays.
What it’s about…
Is the darker days.
What it’s about…
Is the voice inside.
What it’s about…
Is the will to rise.

[Outro]
So please…
Speak while we still can…
Before the silence
Takes the land.

That’s what it’s about.
Yes…
That’s what it’s about.

+++
Written in the land of FOTUS,  and produced with much #empathy + #hope + #sunomusic + my #aivoice
Full EP Vol. 02 available for free download on my #bananasutra #soundcloud #playground",,,Bilingual,"BLOWsutra : REVOLT (Now),PEACE CIRCUS,PIANOsutra,BLOWsutra,Bible Gone Bananas",5,,public,checked,youtube,,New,,qT4lNvSrfAc
What Justifies the Pain? KNOWsutra Peace FOLK 🕊️🎶,What Justifies The Pain?,L-314,checked,16:9,5,3:44,"Music, Pop music",https://www.youtube.com/watch?v=6xjTAUJz6G0,Music Video,FOLK,,Guitar,KNOWsutra,,,,checked,"Rise up people, pain is unecessary....",2025-09-25,7,0,0,https://i.ytimg.com/vi/6xjTAUJz6G0/maxresdefault.jpg,"Why can’t we agree violence is insane, and greed a vile kind of creed? What makes humans so prone to egotistical deception, and so gullible? How can evil get away with evil, over and over and over and again and again? When will we ever learn that peace is necessary to collective prosperity, the true glory? 

Will the deadly spirals of imperialism ever stop spinning out of control? Not in my lifetime, I know that much 🕊️💨 #apesgonewrong

—
@bananasutra lyrics:
[Verse 1]
Oh, tell me now, my dear, what justifies the pain?
What on earth makes violence ever seem sane?
Is it the promise of a world more fair,
Or the foolish pride of those who dare
To claim the ends can cleanse the stains,
Of broken hearts and shattered reigns?

[Chorus]
From Stalin’s grip to Mao’s command,
To every inch of stolen land,
Tell me, my friends, what do you see?
Is there a truth that sets us free?
Or do we dance to the same old song,
Believing right can come from wrong?

[Verse 2]
They said the bombs on Hiroshima’s shores
Would end a war, prevent more wars.
But what of lives turned into dust,
The silent screams of broken trust?
Do numbers add up to some great peace,
When history’s wounds have yet to cease?

[Bridge]
Oh, they speak of order, speak of gain,
But what justifies the mothers’ pain?
The fathers lost, the children weep,
As history digs its grave so deep.
What on earth, my friends, justifies
The lies that blind our very eyes?

[Verse 3]
Look at apartheid’s cold divide,
Or the Inquisition’s holy pride,
They claimed a cause, they claimed a need,
But all I see is human greed.
The fools who bamboozle, fools who scheme,
Turning justice into a fevered dream.

[Chorus]
From Stalin’s grip to Mao’s command,
To every inch of stolen land,
Tell me, my friends, what do you see?
Is there a truth that sets us free?
Or do we dance to the same old song,
Believing right can come from wrong?

[Outro]
So tell me now, my dear, what justifies the pain?
Can anything make violence ever seem sane?
Or do we learn from the tales of old,
That love, not power, is what we hold?
Oh, what justifies, what justifies the pain?",,,EN,"KNOWsutra : PEACE (Not War),PEACE CIRCUS,FOLKsutra,KNOWsutra,Bible Gone Bananas",5,,public,checked,youtube,,New,,6xjTAUJz6G0
What’s Behind Every Door • GROWsutra Core EPx2 • Vintage Psychedelic Indie Folk BANJO Poetry 🍌🚪,What’s Behind Every Door?,L-291,checked,16:9,5,6:50,"Independent music, Music, Rock music",https://www.youtube.com/watch?v=l0bvfdzqqRU,EP Compilation,FOLK,,Banjo,GROWsutra,,,,checked,"Is this Dorothy, is it Alice, she walking towards the door anyway...",2025-11-28,11,0,0,https://i.ytimg.com/vi/l0bvfdzqqRU/maxresdefault.jpg,"00:00 Song 1
02:49 Song 2

This is a core GROWsutra existential Folk history song on transparency and control, that asks “What would happen if we could see behind every door?”

Imagine if we could see behind every door… What if truth is the only way to be free? What if lying was the deadliest virus of all time? 

#vintagemusic #psychedelicjourney #folksong #authenticliving #transparencymatters 

—
@ban@bananasutranglyrics 
[Verse 1]
What would happen if we could see behind every door?
If the truth wasn’t hiding, would we need to hide no more?
Would the shadows disappear, would the fear just fade away?
Or would we stand in the light, with no secrets left to say?

[Chorus]
Tell me now, what’s behind every door?
Would we find the truth, or just hunger for more?
Is the mystery the key to control what we see,
Or is the truth the only way to truly be free?

[Verse 2]
Why do we turn away, from the things we don’t want to know?
Is it power we protect, or the seeds we refuse to sow?
If intentions are the gold, not the actions that we show,
Why do we play the game, when the win is letting go?

[Chorus]
Tell me now, what’s behind every door?
Would we find the truth, or just hunger for more?
Is the mystery the key to control what we see,
Or is the truth the only way to truly be free?

—

The GROWsutra Core Series focus on asking hard questions that everyone can relate to and understand, no matter their culture, faith, or education—to foster engagement and critical thinking by promoting / demonstrating:

- the importance of intentions vs. actions (I.e. the why of someone matters more than the who, what, and how) and seeking happiness for everyone, as a the ultimate goal and best catalyst of constructive evolution on earth—i.e. collaboration vs. competition, as illustrated by game theory, the fact win-win games are the only games truly worth winning in the long-term

- the universal (holy:) value of honesty, curiosity, creativity, humility, liberty, equality, fraternity (and transparency:) as guiding principles for living a good life, to help build a fair and sustainable world (vs sterile and oppressive dogma driven by hidden motives )

-  the fun of living a life with kindness

- the holy magic of arts as a universal language that unites humans, in the name of awe, gratitude, and “duende” ❤️‍🔥",,EPx2,EN,"GROWsutra : DARE (to Care),PEACE CIRCUS,GROWsutra,FOLKsutra,Bible Gone Bananas",5,,public,checked,youtube,,New,,l0bvfdzqqRU
"This is #boburnham “What’s funny?” song, but(t) updated for  #project2025  (ha) #questionsallowed",What's F-A-S-C-I-S-T?,L-292,checked,9:16,3,2:46,"Humour, Independent music, Music, Pop music",https://www.youtube.com/watch?v=zGPQT8Oqc7E,Short/Reel,LOFI,JAZZ,"Upright Bass,Voice",KNOWsutra,,,,checked,There's a lot going on in that video :) even the shining twins.,2025-03-30,125,,0,https://i.ytimg.com/vi/zGPQT8Oqc7E/maxresdefault.jpg,,"Fascism,Questions,FOTUS",,EN,"BLOWsutra : DUCK (Shady),BLOWsutra,FOTUS CIRCUS (Felon Of The United States),BURLESQUEsutra,SHORTsutra Bananas Matter,Bible Gone Bananas",6,,public,checked,youtube,,New,,zGPQT8Oqc7E
"QOTD (ain’t funny, even it’s inspired from Bo Burnham’ song asking that question): what’s fascist?",What's F-A-S-C-I-S-T?,L-292,checked,16:9,4,3:05,"Independent music, Music",https://www.youtube.com/watch?v=IsZAptrmbEg,Music Video,JAZZ,BURLESQUE,Upright Bass,KNOWsutra,,,,,,2025-03-31,15,0,0,https://i.ytimg.com/vi/IsZAptrmbEg/maxresdefault.jpg,"with a subtle wink à la Magritte, to honor the surreal fascist bamboozling  happening at the helm of musky right-wing double standards on the value and importance of #empathy",,,Bilingual,"BLOWsutra : CENSOR(ed),BLOWsutra,LOFIsutra,FOTUS CIRCUS (Felon Of The United States),Bible Gone Bananas",5,checked,public,checked,youtube,,New,,IsZAptrmbEg
What’s (not) funny?… 📺🍌 Time to #GROWsutra Murica,What's F-A-S-C-I-S-T?,L-292,checked,16:9,4,3:14,"Humour, Music",https://www.youtube.com/watch?v=DNIyYI5WwHk,Music Video,INDIE,JAZZ,Upright Bass,KNOWsutra,,,,,"Space station alert in the fog, question still matter tho...",2025-04-02,26,,0,https://i.ytimg.com/vi/DNIyYI5WwHk/maxresdefault.jpg,"Another version of “What’s Fascist?”—a social commentary story about the curse of a duck, lyrically inspired by #boburnham “what’s funny” song 🙏",,,EN,"BLOWsutra : DUCK (Shady),BLOWsutra,FOTUS CIRCUS (Felon Of The United States),BURLESQUEsutra,Bible Gone Bananas",5,checked,public,checked,youtube,,New,,DNIyYI5WwHk
Education and 🌈 Blessing is the best I got about this fascist predicament we fell into 🏴‍☠️,What's F-A-S-C-I-S-T?,L-292,checked,16:9,3,3:12,Pop music,https://www.youtube.com/watch?v=QFFvq0cPVUg,Music Video,BURLESQUE,"INDIE,JAZZ",Voice,KNOWsutra,,,,,,2025-03-31,14,,0,https://i.ytimg.com/vi/QFFvq0cPVUg/maxresdefault.jpg,"I dunno about you, but I’ll tell you that I’m still (since the elections!) waking up hoping this FOTUS CIRCUS tragedy could be a nightmare vs our reality… but(t) yeah, nah 🏴‍☠️ there’s even mad nazi billionaire! I men wow, what a mad plot … #prayformurica ;)",,,EN,"BLOWsutra : CENSOR(ed),BLOWsutra,FOTUS CIRCUS (Felon Of The United States),Bible Gone Bananas",4,checked,public,checked,youtube,,New,,QFFvq0cPVUg
Because FOTUS’s low opinion of Education means the people (that’s u & me) must contribute knowledge,What's F-A-S-C-I-S-T?,L-292,checked,16:9,3,3:31,"Independent music, Pop music, Society",https://www.youtube.com/watch?v=Qr4MkZpCfM0,Music Video,INDIE,,Voice,KNOWsutra,,,,,,2025-03-31,12,,0,https://i.ytimg.com/vi/Qr4MkZpCfM0/maxresdefault.jpg,🦆🤬,,,EN,"BLOWsutra : DUCK (Shady),BLOWsutra,FOTUS CIRCUS (Felon Of The United States),Bible Gone Bananas",4,checked,public,checked,youtube,,New,,Qr4MkZpCfM0
Kafka’s Ghost QOTD: When does dumb become dangerous? 🦆💨,What's F-A-S-C-I-S-T?,L-292,checked,16:9,3,3:14,Music,https://www.youtube.com/watch?v=djgAf4j_zcc,Music Video,BURLESQUE,JAZZ,Voice,KNOWsutra,,,,,,2025-04-27,9,,0,https://i.ytimg.com/vi/djgAf4j_zcc/maxresdefault.jpg,"Before you get on your righteous angry f-a-s-c-i-s-t horse, let’s talk about human rights, or the ones we lost? Unless you were denied the right to a proper #education already—then, sadly, you lack the critical thinking skills to debate logically, and that’s a shame, really 💔

“What’s Fascist?” @bananasutra lyrics inspired by facts and the #boburnham song “what’s funny?” (argh-em)

—

[Intro - psychedelic blues groove]

Welcome to the state of the not so free  
Where a felon gets elected by decree  
(FOTUS in the flesh baby)  
Say it with me F A S C I S T  
No vowels left in our democracy  

[Verse 1 - swagger blues rhythm]

My country’s got a new daddy  
Orange and flabby a bit too grabby  
Ties to Epstein tighter than his toupee  
But hey that’s just locker room foreplay  

Fraudulent mogul turned Führer lite  
Tweets at dawn dreams of Reich  
He lost the vote but won the rage  
And now he’s back on center stage  

[Chorus - theatrical gypsy blues shuffle]

What’s fascist  
What’s fascist what’s fascist what’s fascist  
Marchin boots or just bad business  
What’s fascist  
(Funny how it creeps in huh)  
When does dumb become dangerous  

[Verse 2 - funky groove with bite]

Elon a billion tech bro prophet  
Freedom of speech but only for profit  
Rocket to Mars but he won't go  
Too busy buying platforms to own the flow  

He memes like a teen but vibes like a czar  
Tesla'd the world now he’s steering the car  
He and the FOTUS make quite the pair  
One’s got satellites the other just stares  

[Bridge - slide guitar with surreal sarcasm]

Let’s talk about rights or the ones we lost  
Wrapped in flags sold at discount cost  
Freedom’s a brand now made in fear  
And the smell of fascism’s getting near  

You smell that  
(Sniff sniff)  
It’s liberty with a side of pepper spray  

[Chorus - blues gospel burst with harmonies]

What’s fascist  
What’s fascist what’s fascist what’s fascist  
Is it just a grift with a punch and a list  
What’s fascist  
Is it red hats and white fists  
Or your uncle yelling at the fridge  

[Verse 3 - descending gypsy rhythm with trippy edge]

When I was a baby I laughed at clowns  
Now they run the towns  
And pass laws so upside down  
That Kafka’s ghost just frowned  

They banned books but praised assault  
Said free speech but called it your fault  
They want order without a soul  
Power dressed in Sunday scroll  

[Chorus - chaotic voices and building tension]

What’s fascist  
What’s fascist what’s fascist what’s fascist  
When the court's a joke and the joke's a fascist  
What’s fascist  
(Oh baby it's creeping fast)  
When the lies feel just like facts…",,,EN,"“UNAVAILABLE” Content said YouTube Music… Who knew? Not me!,KNOWsutra,FOTUS CIRCUS (Felon Of The United States),BURLESQUEsutra,Bible Gone Bananas",5,,public,checked,youtube,,New,,djgAf4j_zcc
"Consensus on the meaning of words matter, kids… and today, we’re asking “what’s fascist?”",What's F-A-S-C-I-S-T?,L-292,checked,16:9,4,3:05,"Politics, Society",https://www.youtube.com/watch?v=pP5wyGzjsPA,Music Video,BURLESQUE,JAZZ,Accordion,KNOWsutra,,,,,,2025-04-22,14,,0,https://i.ytimg.com/vi/pP5wyGzjsPA/maxresdefault.jpg,"And of course, all constructive feedback is welcome, because we are good people, and good people enjoy debating such important questions because they aim to respect and understand each others viewpoints, even it means agreeing to disagree. Please trust me (not the fascists) on that! 

To be completely honest, I bet this video will get #censored by YouTube anyway, as did the others that share a related political opinion—proving #corporate #fascismo (while much quieter, i.e. covert, or hypocritical than the duck and company) is also a great contributor to the tragedy that is mass media misinformation warping your perception of the real world, primarily due to financial liability concern… 

Morale of the story? If you suspect possible factual or ethical bias during a conversation, never ever hesitate to ask questions ⚠️",,,EN,"BLABLAsutra,KNOWsutra,FOTUS CIRCUS (Felon Of The United States),Bible Gone Bananas",4,,public,checked,youtube,,New,,pP5wyGzjsPA
When Did Seduction Become So Untrue⁉️ GROWsutra Peace Flamenco House Techno Fusion Music,When Did Seduction Become so Untrue?,L-293,checked,16:9,,4:46,"Electronic music, Music",https://www.youtube.com/watch?v=QHRw32TX3zE,Music Video,WORLD,INDIE,Guitar,KNOWsutra,,,,,,2025-09-28,10,0,0,https://i.ytimg.com/vi/QHRw32TX3zE/maxresdefault.jpg,"For 50 years, I imagined most humans share similar core values—especially values like kindness and honesty, as if rights & wrong were universal virtues. 

Yet, I still can’t let go of that belief. That’s why I keep asking questions… Because that belief of mine stems from a deep personal commitment to these fundamental, ethical values.

Over the past 3 years, however, I have learned my candid belief humans are in essence good, and ultimately, “seekers of truth” (like me:) is deeply flawed, and undoubtedly incorrect. The reality is that people's values and principles do vary widely based on their individual experiences, cultural backgrounds, upbringing, and personal philosophies, or fears. This diversity in values is part of what makes human interactions complex and interesting, I guess. But(t) when I encounter situations where it seems like others don't prioritize these democratic values as I do, it feels awfully confusing and profoundly disturbing. 

This song is part of the EPx16 that crossed the mark of 1000 original tracks released on SoundCloud. So, YAY. I am just sooo grateful for being able to process my feelings with songs. And god knows there is indeed much to process in a world gone bananas. I considered making the 1000th track special, but I’m not that special, really ;)

It is also Vol. 02 of a song I love, “How do Kids Learn Now?” aka “When did seduction become so Untrue?”, a sonic question mark wrapped in 16-track Flamenco Techno journey made of lit Gipsy soul, Arabesk minimalism, flamenco fire, and wonder… asking: What are we teaching? Who profits from forgetting? What is lost when respect is mocked and liberty becomes a loophole?

It is yet another invitation to embrace reflection and growth, to help us understand and navigate a world where perspectives differ… With hypnotic claps, poetic whispers of truth in rhythm, this KNOWsutra release invites you to reflect—not retreat. This song asks questions that matter, with an emphasis the importance of kids learning to differentiate rights from wrongs—as required to foster a long-term peaceful, sustainable, harmonious future for everyone.

It matters to me because my faith, my commitment to kindness and honesty, is a significant part of who I am, and I care to understand who we are as humans, and how we can positively impact the world around us, to make it a better place for everyone… 

In a society where the moral compass is so blurred, covert narcissists charlatans like #robertgreen make  millions of dollars selling a book that teaches the  “The Art of Seduction” literally means “The Art of Manipulation” aka Deception, a reality where power grab and control have come to matter more than integrity, humility, and trust… despite what all regarded history, philosophy, economy, sociology, psychology, and of course poetry scholars know—which is that being vulnerable is being brave, because peace grows from trust, and trust relies on honesty, quite simply…

—
@bananasutra lyrics:

[Verse 1]
How do kids learn respect and fraternity?
Morality means we agree on rights and wrongs, can’t you see?
Liberty now means no accountability,
The new victors boast, proud in their spree.

[Chorus]
Freedom’s shadow, where did we stray?
Liberty twisted, lost on the way.
Respect and fraternity, fading from view,
When did seduction become so untrue?

[Verse 2]
Selling lies, saying attraction’s just a ruse,
Deceit for dollars, making souls confused.
Boasting takers, proud of deceit,
But what’s the cost, where does truth meet?

[Chorus]
Freedom’s shadow, where did we stray?
Liberty twisted, lost on the way.
Respect and fraternity, fading from view,
When did seduction become so untrue?

[Bridge]
We need to find the way back, clear and pure,
Teach kids respect, make fraternity sure.
Stand for liberty, rewrite the tale,
Bring back values, let truth prevail.

[Chorus]
Freedom’s shadow, where did we stray?
Liberty twisted, lost on the way.
Respect and fraternity, fading from view,
When did seduction become so untrue?

[Outro]
Restore the values, end manipulation’s reign,
Teach respect, embrace compassion again.",,,EN,"BLOWsutra : Apes Gone Wrong,PEACE CIRCUS,GROWsutra,Bible Gone Bananas",4,,public,checked,youtube,,New,,QHRw32TX3zE
"“Hi, Amigo Mio” is a #dub song about how to make love last 🎤😇💦  #truthmatters #trustiseverything",When We Duende (All Night),L-294,checked,9:16,4,3:00,"Independent music, Music, Pop music, Reggae",https://www.youtube.com/watch?v=rsN8DPwaxac,Short/Reel,FOLK,INDIE,Guitar,FLOWsutra,,,,checked,"Foating in a psychelic dream, or is he falling?...",2025-08-29,101,1,0,https://i.ytimg.com/vi/rsN8DPwaxac/maxresdefault.jpg,,,,EN,"FLOWsutra : WET (My Friend),PEACE CIRCUS,FLOWsutra,DUBsutra,LOFIsutra,SHORTsutra Bananas Matter,Bible Gone Bananas",7,,public,checked,youtube,,New,,rsN8DPwaxac
"Nothing like a cool crisp day, here in the dear SF Bay 🍏🐇🍌👀",Where We Begin (Preakly Peaches),L-297,checked,16:9,4,3:08,Music,https://www.youtube.com/watch?v=-NAlhhfFoiw,Music Video,JAZZ,,"Upright Bass,Voice",FLOWsutra,,,,,"Surreal SF scene, a couple, their apple, and the water rising...",2025-02-10,18,,0,https://i.ytimg.com/vi/-NAlhhfFoiw/maxresdefault.jpg,🔞 @bananasutra lyrics,,,EN,"FLOWsutra : WET (My Friend),FLOWsutra,JAZZsutra,Bible Gone Bananas",4,,public,checked,youtube,,New,,-NAlhhfFoiw
Who knows what goes on 🧦,Who Knows What Goes On?,L-357,checked,16:9,3,3:29,"Independent music,Music,Pop music",https://www.youtube.com/watch?v=4HHqCzy_84s,Music Video,INDIE,,,BOWsutra,,,,,"SUNO VIDEO, no dubbing",2025-01-08,4,,0,https://i.ytimg.com/vi/4HHqCzy_84s/sddefault.jpg,,,,EN,,0,,public,checked,youtube,,Out,,4HHqCzy_84s
Who Knows Where How Happiness Truly Grows? GROWsutra FOLK Yum Music,Who Knows Where How Happiness Truly Grows,L-300,checked,16:9,,3:51,"Independent music, Jazz, Music, Pop music",https://www.youtube.com/watch?v=wUgEGd2SQ84,Music Video,FOLK,INDIE,Guitar,GROWsutra,,,,,,2025-08-12,43,0,0,https://i.ytimg.com/vi/wUgEGd2SQ84/maxresdefault.jpg,"This song exists in 29 versions (my biggest EP on SoundCloud), and is for anyone who’s ever been told they’re “not enough” or “worthless”, because they’re not for sale. It is also for all hose not educated and aware enough to wonder why human’s worth now gets measured in the weirdest bullies ways—e.g. shallow appearances, stolen dollars, toxic hubris—while that very data is obviously, increasingly trumped (pun intended) by corporate (now also governmental) algorithms of deceit, i.e by definition, ruled by the bold audacity of greed and envy, blunt bias with no conscience, lies held as truth. 

It is about the importance of questioning the rehearsed script ‘em lost sheeple folks like to spread, and instead, praising integrity, honesty. It’s about maybe, hopefully, planting a seed for whoever’s listening—because staying small and human on purpose is just the coolest thing in my book of living a good, virtuous, unbranded life… because being soft, humble, and curious sure is its own kind of superpower.

⁠@bananasutra lyrics:

[intro]
Some good people are wondering 
Where the time goes, what we’re doing,
And I just sing, oh well, who knows 
Where, how happiness truly grows…

[Verse 1]
I just made songs everyone missed.
No release hype, no fancy twist,
No secret spin, no hidden grin,
Like asking god where we’ve all been
A gift of pause, instead of speed.
Praising the truth, the peace we need.

[Verse 2]
No branded ask, no bullshit mask
Just words that breathe, a divine task
They’ll tell you, “find your niche and stay”
(But in French, it means doghouse, hell yeah)
Not built for fame, nor made for scale
I dare to care, no fear, no fail

[Chorus]
They’ll call you worthless, if you’re not for sale
But meaning just ain’t something cheap, shipped by mail
They’ll brand you useless, claim you must reach wide
But Soul does matter, lies kill us inside

[Verse 3]
It’s not judgment that I bring
But curiosity’s a stubborn thing
Why do you mock what won’t compete?
Why shame what’s small, so soft and sweet?
Why Must power be loud and proud?
Can you Hear love cry through a crowd?

[Chorus]
They’ll call you worthless, if you’re not for sale
But meaning just ain’t something cheap, shipped by mail
They’ll brand you useless, claim you must reach wide
But Soul does matter, lies kill us inside

[Bridge]
If purpose bends to profit’s rule
Is our soul a corporate tool?
Kindness blooms where the pain grows
Brave hearts beat with what love knows

[Final Chorus]
They’ll call you useless — let them bark their piece
But try singing it — you might feel peace

[Outro]
Time just won’t tell, gone on sale
While Earth screams hell, we know too well
Time proved Time won’t testify
It shrugs and laughs while winners lie

Until the day, we all ask why
Until the time, tyrants all die…",,,Bilingual,"KNOWsutra : But(t) Whyyy,PEACE CIRCUS,GROWsutra,FOLKsutra,Bible Gone Bananas",5,,public,checked,youtube,,New,,wUgEGd2SQ84
"Worthless—but(t) who knows where, how happiness truly grows? GROWsutra 🍯🍑",Who Knows Where How Happiness Truly Grows,L-300,checked,16:9,4,4:00,"Electronic music, Independent music, Music, Pop music, Rock music",https://www.youtube.com/watch?v=n9l5lIRxJ5E,Music Video,FOLK,,"Guitar,Voice",GROWsutra,,,,checked,"Is she just a shadow of herself, stuck in a seat...",2025-08-10,9,1,0,https://i.ytimg.com/vi/n9l5lIRxJ5E/maxresdefault.jpg,"… I just picture a bunch of wild French poppies, a slow trip-hop beat, a sweet indie folk-jazz flavor, and me singing out loud—I dunno—where, how happiness truly grows. It’s a personal experience, really, which does evolve in time, like most things on Earth.

It’s a GROWsutra story, gently flipping the rehearsed script they tell—they making millions teaching “the art of seduction” is like “the art of manipulation”—and maybe, planting a seed for whoever’s listening, because staying small and human on purpose is totally cool… and soft, honest, and unbranded sure can be its own kind of superpower.

This song exists in an EPx29 (my biggest EP, because I luv that song:) on SoundCloud, and if it makes you feel a little more curious or amused or peaceful—or just a little more stubborn about being yourself—then, YAY ❤️‍🔥

@bananasutra lyrics:

[intro]
Some good people are wondering 
Where the time goes, what we’re doing,
And I just sing, oh well, who knows 
Where, how happiness truly grows…

[Verse 1]
I just made songs everyone missed.
No release hype, no fancy twist,
No secret spin, no hidden grin,
Like asking god where we’ve all been
A gift of pause, instead of speed.
Praising the truth, the peace we need.

[Verse 2]
No branded ask, no bullshit mask
Just words that breathe, a divine task
They’ll tell you, “find your niche and stay”
(But in French, it means doghouse, hell yeah)
Not built for fame, nor made for scale
I dare to care, no fear, no fail

[Chorus]
They’ll call you worthless, if you’re not for sale
But meaning just ain’t something cheap, shipped by mail
They’ll brand you useless, claim you must reach wide
But Soul does matter, lies kill us inside

[Verse 3]
It’s not judgment that I bring
But curiosity’s a stubborn thing
Why do you mock what won’t compete?
Why shame what’s small, so soft and sweet?
Why Must power be loud and proud?
Can you Hear love cry through a crowd?

[Chorus]
They’ll call you worthless, if you’re not for sale
But meaning just ain’t something cheap, shipped by mail
They’ll brand you useless, claim you must reach wide
But Soul does matter, lies kill us inside

[Bridge]
If purpose bends to profit’s rule
Is our soul a corporate tool?
Kindness blooms where the pain grows
Brave hearts beat with what love knows

[Final Chorus]
They’ll call you useless — let them bark their piece
But try singing it — you might feel peace

[Outro]
Time just won’t tell, gone on sale
While Earth screams hell, we know too well
Time proved Time won’t testify
It shrugs and laughs while winners lie

Until the day, we all ask why
Until the time, tyrants all die…

[end]


#notforsale",,,Bilingual,"KNOWsutra : But(t) Whyyy,PEACE CIRCUS,GROWsutra,FOLKsutra",4,,public,checked,youtube,,New,,n9l5lIRxJ5E
A cheeky humble French frog question in a song: “Who needs a big D?” 🐸 or “botched coQ implant” LOL,Who Needs A Big D?,L-301,checked,16:9,5,3:24,"Music, Pop music",https://www.youtube.com/watch?v=YGwFpza0CvI,Music Video,BLUES,FOLK,"Guitar,Xylophone",SHOWsutra,,,,checked,"OMG, aren't they cute, and if the dog kisses the frog then...",2025-04-29,14,,0,https://i.ytimg.com/vi/YGwFpza0CvI/maxresdefault.jpg,Just kidding about the dope 🥹,,,Bilingual,"SHOWsutra: B.J. is for Banana Joke,PEACE CIRCUS,SHOWsutra,BURLESQUEsutra,Bible Gone Bananas",5,,public,checked,youtube,,New,,YGwFpza0CvI
Meta Metaphors Matter… like silly frogs and bunny #poetry 🦗🐸 #authenticbranding #revolution,Who Needs A Big D?,L-301,checked,9:16,4,0:15,Lifestyle (sociology),https://www.youtube.com/watch?v=aZY5WzUvt3Y,Commentary,SPOKEN WORDS,,,SHOWsutra,,,,,"lol, vive les crickets",2025-04-07,110,,1,https://i.ytimg.com/vi/aZY5WzUvt3Y/maxresdefault.jpg,"""Not to know one's true identity is to be a mad, disensouled thing — a golem. And, indeed, this image, sickeningly Orwellian, applies to the mass of human beings now living in the high-tech industrial democracies. Their authenticity lies in their ability to obey and follow mass style changes that are conveyed through the media. Immersed in junk food, trash media, and cryp-tofascist politics, they are condemned to toxic lives of low awareness.
Sedated by the prescripted daily television fix, they are a living dead, lost to all but the act of consuming.""
- Terence McKenna",,,EN,"BLABLAsutra,SHORTsutra Bananas Matter,Bible Gone Bananas",3,,public,checked,youtube,,New,,aZY5WzUvt3Y
Who’s Your Vladdy❔EPx5 BLOWsutra World Peace Fusion Indie Music 🕊️🎶,Who's Your Vladdy?,L-302,checked,16:9,,22:37,"Independent music, Music, Rock music",https://www.youtube.com/watch?v=FbRcbFhBUJg,EP Compilation,INDIE,,,QUACKsutra,,,,,,2025-09-18,29,1,0,https://i.ytimg.com/vi/FbRcbFhBUJg/maxresdefault.jpg,"🇺🇸🤐 Mourning #freedomofspeech in Murica…

00:00 Song 1
04:59 Song 2
09:27 Song 3
13:46 Song 4
17:44 Song 5",,EPx5,EN,"BLOWsutra : DUCK (Shady),BLOWsutra,KNOWsutra,LOFIsutra,FOTUS CIRCUS (Felon Of The United States),Bible Gone Bananas",6,,public,checked,youtube,,New,,FbRcbFhBUJg
"Vlady, Donnie, & Bibi walked into #history and the rest is a #machiavellian masterpiece of #cynisme",Who's Your Vladdy?,L-302,checked,9:16,5,3:00,Lifestyle (sociology),https://www.youtube.com/watch?v=hx557jubgJE,Short/Reel,BURLESQUE,ROCK,"Bass,Voice",QUACKsutra,,,,,"5 because this video is as fun as messy, put it in huh i mean on lol",2025-09-20,218,0,0,https://i.ytimg.com/vi/hx557jubgJE/maxresdefault.jpg,,,,EN,BLOWsutra : DUCK (Shady),1,,public,checked,youtube,,New,,hx557jubgJE
Who’s Your Vladdy ⁉️ World Gone Bananas Meme Supreme • KNOWsutra World Peace Fusion LoFi 🎶,Who's Your Vladdy?,L-302,checked,16:9,,4:43,"Electronic music, Music, Pop music",https://www.youtube.com/watch?v=jU3eNehjaro,Music Video,LOFI,,,QUACKsutra,,,,,,2025-09-20,12,0,0,https://i.ytimg.com/vi/jU3eNehjaro/maxresdefault.jpg,"… Just red riddles in corrup air,
Big bill that kills, but no one dares
Ask duck daddy: what’s the #endgame 
Besides this nonsense #blame and #shame ??
🎤🗽💔🩸",,,EN,"BLOWsutra : DUCK (Shady),KNOWsutra,LOFIsutra,FOTUS CIRCUS (Felon Of The United States),Bible Gone Bananas",5,,public,checked,youtube,,New,,jU3eNehjaro
Hey can we talk (why wars) • JAZZsutra,Why Are Kids Allowed To Die? (Why War?),L-355,checked,16:9,4,3:01,"Music, Pop music",https://www.youtube.com/watch?v=9lxf862x5cU,Music Video,JAZZ,,Cello,KNOWsutra,,,,,,2025-03-05,38,,0,https://i.ytimg.com/vi/9lxf862x5cU/maxresdefault.jpg,⁠@bananasutra lyrics + #aivoice on #sunomusic (asking far from artificial questions…),,,EN,"KNOWsutra : But(t) Whyyy,KNOWsutra : PEACE (Not War),JAZZsutra,BLOWsutra,Bible Gone Bananas",5,,public,checked,youtube,,New,,9lxf862x5cU
Why War Woes psyLOFIsutra (it kicks in after 1:30 oh why) #waitforit,Why Are Kids Allowed To Die? (Why War?),L-355,checked,16:9,4,3:01,"Independent music, Music, Pop music",https://www.youtube.com/watch?v=-umN6Iv1oPc,Music Video,JAZZ,LOFI,Upright Bass,KNOWsutra,,,,,,2025-03-03,27,,0,https://i.ytimg.com/vi/-umN6Iv1oPc/maxresdefault.jpg,,,,EN,"KNOWsutra : But(t) Whyyy,KNOWsutra : PEACE (Not War),JAZZsutra,BLOWsutra,Bible Gone Bananas",5,,public,checked,youtube,,New,,-umN6Iv1oPc
"Why Trust an Old, Mean Felon, or Religion? Brave and Constructive Debate Welcome 🙏#criticalthinking","Why trust an old, mean religion?",L-303,checked,16:9,4,3:05,"Music, Religion",https://www.youtube.com/watch?v=RD0aen1vOFA,Music Video,DUB,,Bass,GROWsutra,,,,,"Housewife smoke Magritte's pipe, in the office, watching tv... with the duck, sigh",2025-04-22,4,,0,https://i.ytimg.com/vi/RD0aen1vOFA/maxresdefault.jpg,"Blessed be Reason, a holy light for which Humanity ought to feel Reverence #imho #bertrandrussell #philosophy #bewareofscammers #duckwalkeduptolemonadestand",,,EN,"GROWsutra : GOD (Questions Etc...),GROWsutra,KNOWsutra,DUBsutra,FOTUS CIRCUS (Felon Of The United States),Bible Gone Bananas",6,,public,checked,youtube,,New,,RD0aen1vOFA
Why we can’t be brave? Sheeples to the grave! 🪦🇺🇸 BLOWsutra Indie Gipsy Cello Dream Cut,Why We Can't Be Brave?,L-304,checked,9:16,,1:01,"Independent music, Music",https://www.youtube.com/watch?v=jqSwFlzVN9Q,Short/Reel,INDIE,WORLD,Cello,GROWsutra,,,,,,2025-12-06,80,0,0,https://i.ytimg.com/vi/jqSwFlzVN9Q/maxresdefault.jpg,,,,EN,,0,,public,checked,youtube,,New,,jqSwFlzVN9Q
Why We Can't Be Brave? 🎻🥊 GROWsutra (Censored) Indie Cello Dream (Don’t Always Come True),Why We Can't Be Brave?,L-304,checked,16:9,,4:15,Music,https://www.youtube.com/watch?v=v6PDIsDbjQM,Music Video,INDIE,,Cello,GROWsutra,,,,,,2025-12-03,7,0,0,https://i.ytimg.com/vi/v6PDIsDbjQM/maxresdefault.jpg,"Because I simply can't help but(t) hope, can’t stop but(t) dream of a kinder, truer, braver world that would honor divine femininity (e.g. generous titties LOL), and censor villains' stupidity (e.g. bro-nerous animosity)—versus, you know, vice versa wah wah (in reality) 🕊️🎻

☷☷☷
@ban@bananasutrariginalsong #lyrics

[Intro]
Why we can't be brave?
Sheeples to the grave...

[Verse 1]
Bro, what’s the deal with double standards?
Breasts get censored, but guns ain’t handled?
Lies on the news, try explainin’ to kids,
Why sexism’s cool if reason’s in the mix.

[preChorus]
They ban the skin, but not the sin,
Tales that degrade, yeah they let ‘em spin.
Power trips kill, they don’t even blink,
Humans don’t know, don’t grow, don’t even think.

[Chorus]
Why we can’t be brave? Why we can’t be kind?
Stuck in a cycle, lose your soul, lose your mind.
Integrity’s callin’, humility, too,
GROWsutra vibes, let the cello come through!

[Verse 2]
Corporate censors, what’s their goal?
Silence our light, while they bankroll us all.
Generations duped, all for control,
Who feels entitled to spite female soul?

[preChorus]
They ban the skin, but not the sin,
Tales that degrade, but they let ‘em spin.
Power trips kill, they don’t even blink,
Humans don’t know, don’t grow, don’t even think.

[Chorus]
Why we can’t be brave? Why we can’t be kind?
Stuck in a cycle, lose your soul, lose your mind.
Integrity’s callin’, humility, too,
GROWsutra vibes, let the cello come through!

[Verse 3]
Cello’s loopin’, justice savin’ lives,
Acoustic delight, yeah, the music thrives.
Truth is the rhythm, kindness is the flow,
Grow, glow, and show what humanity must know.

[Outro]
Bro, it’s time to learn, drop the fear and lies,
Let honesty shine, kindness energize...
Cello Sutra vibes, love in the spotlight,
GROW, be bold, and rewrite the night.

☷☷☷

#discriminationstory #doublestandards #equality (requires) #transparency (i.e. a corporate oxymoron, sigh…)

GROWsutra (Censored) EPx8 #cellolove  available for free download on #soundcloud and flows Burlesque (1) ❯ Indie (2-6) ❯ LoFi (7-8)",,,EN,"BLOWsutra : CENSOR(ed),PEACE CIRCUS,GROWsutra,Bible Gone Bananas",4,,public,checked,youtube,,New,,v6PDIsDbjQM
"Meanwhile, imagine that : now all rêveurs, râleurs, storytellers, and whatchamacalit can sing 🙌",Why You Lie (To The People's Face)?,L-305,checked,16:9,4,3:17,"Independent music, Music, Pop music",https://www.youtube.com/watch?v=2nEpIkxCiJw,Music Video,JAZZ,"LOFI,SPOKEN WORDS","Upright Bass,Voice",QUACKsutra,,,,,,2025-03-01,16,,0,https://i.ytimg.com/vi/2nEpIkxCiJw/maxresdefault.jpg,#grateful,,,EN,"BLOWsutra : DUCK (Shady),JAZZsutra,BLOWsutra,FOTUS CIRCUS (Felon Of The United States),Bible Gone Bananas",5,,public,checked,youtube,,New,,2nEpIkxCiJw
Project 2025 Matters: “Why You Lie (to the People’s face)?” 🇺🇸👺,Why You Lie (To The People's Face)?,L-305,checked,9:16,4,2:49,"Music, Pop music",https://www.youtube.com/watch?v=1qRne9-DHmU,Music Video,FOLK,BLUES,"Guitar,Voice",QUACKsutra,,,,,"She ain't drowning, just dreaming... like on big brother tv show",2025-02-28,20,,0,https://i.ytimg.com/vi/1qRne9-DHmU/maxresdefault.jpg,"Project 2025 is happening and fast—with no real opposition on bills passing, nor any accountability on FOTUS lying to the people throughout his entire campaign!

This song asks “Why you lie (to the people’s face)?”

FACT MAGA PEEPS DUNNO: The infant mortality rate in the U.S. is almost the worst in world; there are officially over 120 countries ranking GREATER than Murica for an infant to survive!… And I bet infant mortality data was included in the recent federal raids that deleted national statistics from national databases 🚨",,,EN,"BLOWsutra : DUCK (Shady),FOLKsutra,BLUESsutra,BLOWsutra,FOTUS CIRCUS (Felon Of The United States),Bible Gone Bananas",6,,public,checked,youtube,,New,,1qRne9-DHmU
"But is asking a Felon why he lies like playing dumb? Yeah… Oh boy, the wicked #irony in that story💔",Why You Lie (To The People's Face)?,L-305,checked,9:16,2,2:49,"Music, Pop music",https://www.youtube.com/watch?v=aDI_D3RGgQk,Music Video,INDIE,"FOLK,BLUES",Voice,QUACKsutra,,,,,,2025-02-28,10,,0,https://i.ytimg.com/vi/aDI_D3RGgQk/maxresdefault.jpg,"Project 2025 is happening and fast—with no real opposition on bills passing, nor any accountability on FOTUS lying to the people throughout his entire campaign!

This song asks “Why you lie (to the people’s face)?”

FACT MAGA PEEPS DUNNO: The infant mortality rate in the U.S. is almost the worst in world; there are officially over 120 countries ranking GREATER than Murica for an infant to survive!… And I bet infant mortality data was included in the recent federal raids that deleted national statistics from national databases 🚨",FOTUS,,EN,"BLOWsutra : DUCK (Shady),FOLKsutra,BLOWsutra,FOTUS CIRCUS (Felon Of The United States),SHORTsutra Bananas Matter,Bible Gone Bananas",6,,public,checked,youtube,,New,,aDI_D3RGgQk
Why you lie to the people’s face? #project2025 🚨🚨🚨 #authenticimagination,Why You Lie (To The People's Face)?,L-305,checked,9:16,4,0:31,,https://www.youtube.com/watch?v=y73Xru9ZTHQ,Short/Reel,LOFI,,,QUACKsutra,,,,,LOL trump's miniature hair takers...,2025-03-07,12,,0,https://i.ytimg.com/vi/y73Xru9ZTHQ/maxresdefault.jpg,,,,EN,"BLOWsutra : DUCK (Shady),SHORTsutra Bananas Matter",2,,public,checked,youtube,,New,,y73Xru9ZTHQ
Whack-A-Schmuck-Woke • Not Recommended for Moronic Homophob!c Egotistic Catholic Hacks • BLUESsutra,Woke 'em Whacks,L-309,checked,16:9,,3:15,"Religion, Society",https://www.youtube.com/watch?v=Q3bdOgV1aF0,Music Video,BLUES,MANTRA,Upright Bass,QUACKsutra,,,,,VERIFY LYRICS,2025-03-16,16,,0,https://i.ytimg.com/vi/Q3bdOgV1aF0/maxresdefault.jpg,"QOTD: now, seriously, WHO on earth is gonna STOP THE SOCIOPATHIC FASCISTS (Gone Bonkers Bananas), and help save oue #democracy along with the (many) poor, unhealthy, and uneducated People of Murica?? Who? How? When? And why oh why is this even happening? 🦆

Could someone please remind of even just one thing that is GREAT in Felon Nation? Because based on my research, the only things murica ranks high on are: infant mortality (*), incarceration rates, and gun violence related crimes. And, according to the very official Global Democracy Index, thanks to the FAR FROM GREAT policies for the environment, healthcare, and education, Murica worldwide rankings are only worsening, and fast! Check it out for yourselves, while public data still exist 🤐

Fun fact: Murica is also the only western country where electing a Felon for president is legal—yet another proof the notions of “constitutional rights”, “rule of law”, or even basic “double standards” were not taught in schools, for example 🦆

So, again, could someone PLEASE point me to ONE thing that is actually GREAT in Murica? #pinchme 🇺🇸

—

* to be extra clear on this issue, #infantmortality rates in Murica are SHOCKINGLY high, especially when compared to Europe; they are actually higher than in Cuba, for example, as well as 120+ other countries! And as we (all?) know, the “pro-life” changes to abortion laws only worsened infant (and mothers!) mortality rates 😳",,,EN,"BLOWsutra : DUCK (Shady),FOLKsutra,BLUESsutra,BLOWsutra,FOTUS CIRCUS (Felon Of The United States),Bible Gone Bananas",6,,public,checked,youtube,,New,,Q3bdOgV1aF0
WHACK-A-DUCK • FOTUS CIRCUS • QUACKsutra,Woke 'em Whacks,L-309,checked,9:16,,2:38,"Music, Pop music",https://www.youtube.com/watch?v=6oR-anwKzEA,Music Video,INDIE,,Cello,QUACKsutra,,,,,WHACK-A-DUCK missing song,2025-03-12,23,,0,https://i.ytimg.com/vi/6oR-anwKzEA/maxresdefault.jpg,🦆💨,,,EN,"BLOWsutra : DUCK (Shady),BLUESsutra,KNOWsutra,Bible Gone Bananas",4,,public,checked,youtube,,New,,6oR-anwKzEA
In Zappa’s World (we all can move) • Bananasutra JAZZ Burlesque Cabaret • Sunday sutraSHOW prayer,Zappa's Religion,L-311,checked,16:9,3,1:33,"Jazz, Music",https://www.youtube.com/watch?v=6SUGKyfOF1M,Music Video,BURLESQUE,,Accordion,SHOWsutra,,,,,Old school french revolutionary album cover,2024-10-28,29,,0,https://i.ytimg.com/vi/6SUGKyfOF1M/maxresdefault.jpg,"This sunday sutraSHOW is dedicated to monsieur Zappa—because the giraffe and cream joke was just delicious… and I just like that I sincerely miss Frank, and feel oh so grateful for his teachings 🥸❤️‍🔥🎶 so #voilà #sunday #gratitude (because it’s always a good idea to sprinkle some sutraGLOW everywhere, all the time anyway, just sayin’:)",,,EN,"SHOWsutra : Fanana Club,SHOWsutra,BURLESQUEsutra,Bible Gone Bananas",4,,public,checked,youtube,,New,,6SUGKyfOF1M
"So here’s a giraffe, with cream and stuff #frankzappa #augmentedimagination",Zappa's Religion,L-311,checked,9:16,3,0:12,Entertainment,https://www.youtube.com/watch?v=RHRXMcSHx3U,Commentary,SPOKEN WORDS,,"Accordion,Voice",SHOWsutra,,,,,"Zappa would like this leotard, i'm sure...",2024-10-28,55,,0,https://i.ytimg.com/vi/RHRXMcSHx3U/maxresdefault.jpg,,,,EN,"BLABLAsutra,SHORTsutra Bananas Matter",2,,public,checked,youtube,,New,,RHRXMcSHx3U
QOTD: What Would Frank Sing about DonOld 🍌🐵⁉️ #frankzappa #musicmatters #murica #gonebananas #wwfs,Zappa's Religion,L-311,checked,9:16,2,0:17,Entertainment,https://www.youtube.com/watch?v=XFGxxvRMnbA,Commentary,SPOKEN WORDS,,Voice,SHOWsutra,,,,,Evolution is questionable... zappa was no ape... thank god for self-deprecating humor. It's rooted in humility,2024-08-17,11,,0,https://i.ytimg.com/vi/XFGxxvRMnbA/maxresdefault.jpg,,,,EN,"BLOWsutra : DUCK (Shady),SHORTsutra Bananas Matter",2,,public,checked,youtube,,New,,XFGxxvRMnbA
Zero Sum (Zero Sean) EPx3 ♾️ GROWsutra Psychedelic Burlesque Cabaret Gone Absurd Bananas 🍌,Zero Sum (Zero Sean),L-312,checked,16:9,,9:56,"Music, Pop music, Reggae, Rock music",https://www.youtube.com/watch?v=alWS1LW5nWM,EP Compilation,DUB,"LOFI,BURLESQUE,ROCK",,GROWsutra,,,,,,2026-03-21,20,0,1,https://i.ytimg.com/vi/alWS1LW5nWM/maxresdefault.jpg,"“Zero Sum” is a GROWsutra (Dare to Care, not Date to Pare) experimental EPx3 sampler, à la psychedelic post-punk cabaret gipsy motorik lofi ragga dub salsa, olé 💃🏻

00:00 Post-Punk Cello Rock BURLESQUE
03:20 Psychedelic Motorik LoFi POP
07:13 Gipsy Circus Ragga DUB

This song is an (unfiltered) relational autopsy story, aka a #breakupsong, about a finite petty game played by “a wannabe punk with nothing but(t) junk”. Art inspired by #gracehopper’s first documented case of bug being found—because some bugs aren’t found in code but(t) in human character. And, real punks care to share, darling… Blessed be irony.

- Bug found: NO EMPATHY.
- Infinite test result: FAILED.
- Diagnostic: BUGS GOT NO GRACE.
- Highlight: “I didn’t mind zero 0rgasm. But(t) zero empathy is goddamn shitty. I didn’t mind the finite chasm. But(t) zero sum is so darn petty.”
- Features: Camus, Russell, Brel, one absurdist fart, and the subjective finite game theory of a wannabe punk who chose selfishness over connectedness, defect over respect, and contempt over content.

Free EPx22 available on #bananasutra #soundcloud and it flows fool on yum, like this:
❯ Hypnotic Motorik LOFI (1-3)
❯ Gipsy Hop LOFI (4-6)
❯ Folk Poetry DUB (7-8)
❯ Psychedelick Jazz DUB (9)
❯ Ragga Flamenco DUB (10-12)
❯ Flamenco Techno INDIE (13-15)
❯ Fado Punk BURLESQUE (16-18)
❯ Cello Accordion BURLESQUE (19-20)
❯ Post-Punk Cabaret BURLESQUE (21-22)

—
“Zero Sum” @bananasutra #lyrics

[Intro]
Zero sum, zero Sean
Zero seen, feeling shunned
By a wannabe punk
With nothing but(t) junk

[Verse 1]
You played a game with no fair end in sight
You brought the shrug, you picked the fight
We praised Camus, and we kissed like Brel
But(t) then you spat on me for a finite spell

[Chorus]
I didn’t mind zero orgasm
But(t) zero empathy is goddamn shitty
I didn’t mind the finite chasm
But(t) zero sum is so darn petty

Zero sum, zero seen
Fool on spite, flatline screen
Zero care, zero face
Proof that bugs got no grace

[Verse 2]
I over-explained, you anti-hugged
I prayed for peace, you just unplugged
I quoted history, you quoted silence
I sought connection, you sought compliance

[Chorus]
I didn’t mind zero orgasm
But(t) zero empathy is goddamn shitty
I didn’t mind the finite chasm
But(t) zero sum is so darn petty

Zero sum, zero seen
Fool on spite, flatline screen
Zero care, zero face
Proof that bugs got no grace

[Verse 3]
You called it subjective, I called it true
I called it cowardly, you called it through
I philosophized, with art and heart
You antagonized, like an absurd fart

[Bridge]
Real punks care, darling
Real trust is daring
Real games are infinite
Not just extractively lit

[Outro]
Two things darling, 
Two simple things:
Get the facts right
Keep love in sight

That’s all I need to know 
To know that you can’t grow

That’s all I need to flow 
To know that you can’t glow

Zero sum
Zero Sean
Infinite game theory 
Blessed be the irony

Bye Bye Spanganga(ss)
Sings Bananasutra…

🍌♾️","Game Theory,Grace Hopper,Relational Autopsy,Bug Found,Psychedelic Cabaret,Lyrics Therapy,Absurdist Fart",EPx3,Bilingual,"GROWsutra : DARE (to Care),GROWsutra,DUBsutra,BURLESQUEsutra,Bible Gone Bananas",5,,public,checked,youtube,,New,,alWS1LW5nWM
“Lyrics Matter” aka the SutraFOO song • SHOWsutra Burlesque Banana Banger Babe 🥊,Lyrics Matter (FOOsutra),L-148,checked,9:16,4,2:29,"Hip hop music, Independent music, Music, Pop music",https://www.youtube.com/watch?v=qnqL1PztSF0,Music Video,BURLESQUE,JAZZ,"Accordion,Cello",SHOWsutra,,,,checked,"Featuring the magic banana under spotlight, with me getting punched 📺🥊 in tv set",2025-07-26,39,0,0,https://i.ytimg.com/vi/qnqL1PztSF0/maxresdefault.jpg,"Lyrics Matter aka SutraFOO is a raw, surreal, and cheeky SHOWsutra song, a satirical burlesque anthem, with several #unreleased versions, all honoring playfulness and authenticity, celebrating Augmented Imagination, and mocking Authoritarian Indoctrination. 

This short track is an accordion-powered treat for French loving fools with soul, served on a bed of hip-thrusting AI philosophy—in the classic @bananasutra psychedelic burlesque meets philosophical cabaret SUTRA style:

KNOWsutra—don’t you dare lie  
BLOWsutra—they be speakin’ sly  
SHOWsutra—play until you cry  
GROWsutra—be brave babe, at least try  
FLOWsutra—let your spirit fly
GLOWsutra—now we swoon, oh my
BOWsutra—bow down boo, lights in the sky

—
Wait, babe, so what music #genre is that? Experimental Cabaret, Psychedelic Jazz-Punk, Burlesque Fusion, Spoken Word Hip Hop, Gypsy Jazz Cabaret, Feminist Alt Pop… Hypnotic vintage gypsy punk jazz hip hop swagger grit spinned into a philosophical spiral? :)

—
Okay, so what #mood is that? Bold, Playful, Fun, Defiant, Sexy, Satirical, Philosophical, Spirited, Theatrical, Rebellious, Empowering, you tell me—louder, higher? :)

—
Fool @bananasutra lyrics: 

[Intro]
Just say no to manipulation  
Authoritarian indoctrination  
Explore some wild ideation  
Embrace that augmented imagination  

[Chorus]
(woo babe louder)  
Feel that banger  
Bring it higher  
Oh LYRICS matter  

[Verse 1]
Authentic imagination  
Yeah that’s my superpower  
Artificial indoctrination  
Caves in by the hour  

Who’s gone bananas  
Licked the split and grinned  
Oui, huh, mm —  
A spiral with no end  

[Chorus]
(woo babe louder)  
Feel that banger  
Bring it higher  
Oh LYRICS matter  

[Verse 2]
Knowsutra — don’t you dare lie  
Blowsutra — they be speakin’ sly  
Showsutra — play until you cry  
Growsutra — be brave, at least try  
Flowsutra — let your spirit fly  
Glowsutra — now we swoon, oh my  
Bowsutra — bow down, lights in the sky  

[Chorus]
(woo babe louder)  
Feel that banger  
Bring it higher  
Oh LYRICS matter  

[Optional Outro]
Whoop whoop  
BAM — et voilà  
Byyye

[The End] 

—
#LyricsMatter #BananaSutra #SHOWsutra #BurlesqueAnthem #SutraFOO #TruthIsSexy #PsychedelicCabaret",,,Bilingual,"SHOWsutra: B.J. is for Banana Joke,SHOWsutra,BURLESQUEsutra,Bible Gone Bananas",4,,public,checked,youtube,,New,,qnqL1PztSF0
"A lill' late night jazz dream song, because #winwin is the only game worth playing ✨ #flowsutra",Win-Win After Midnight,L-345,checked,9:16,,1:57,"Independent music, Jazz, Music, Pop music",https://www.youtube.com/watch?v=IU5-Z5Ue-fs,Music Video,,,,FLOWsutra,,,,,,2026-04-26,44,0,0,https://i.ytimg.com/vi/IU5-Z5Ue-fs/maxresdefault.jpg,"This song is part of the Wet (My Friend) FLOWsutra songbook, i.e. where we practice trust...  #makeawish #truestory

⭐︎⭐︎⭐︎

@bananasutra #songlyrics

[Verse 1]
I don’t want tricks, I don’t want chase,
I want slow truth and breathing space,
Talk to me like minds undress,
Curiosity over excess.

I want honest wrapped in skin,
The only fair game we both can win.

[Chorus]
Win-win after midnight, stay,
Fair games only, come what may,
If it’s not glowing, walk away,
Win-win after midnight, stay.

[Verse 2]
Technology’s fast, hope feels thin,
But touch still teaches what’s within,
Justice purrs beneath the beat,
Equality tastes bittersweet.

I want abundance that helps us grow,
A deeper yes, a gentler no.

[Chorus]
Win-win after midnight, stay,
Fair games only, come what may,
If it’s not glowing, walk away,
Win-win after midnight, stay.

[Verse 3]
Warm light spills on messy sheets,
Trust lies closer, no one cheats,
Whispers flow where fear once slept,
Promises we actually kept.

I want lust and conscience, slow and kind,
Body present, a wide open mind.

[Chorus / Outro]
Win-win after midnight, stay,
Fair games only, come what may,
If it’s not glowing, walk away,
Win-win after midnight, stay.

⭐︎⭐︎⭐︎","Win-win,Jazz music,Late night,Lullaby,Songwriting,Music therapy",,English,"FLOWsutra : WET (My Friend),FLOWsutra,JAZZsutra,Bible Gone Bananas",4,,public,checked,youtube,,New,,IU5-Z5Ue-fs
