playlist_name,playlist_url,sc_playlist_type,scplaylist_in_app,sutra,genres,track_count,total_plays,total_likes,duration_total,artwork_url,SC TRACKs,SC EPs
FOTUS CIRCUS Playlist An American Freaks Show,https://soundcloud.com/bananasutra/sets/fotus-circus-playlist-an-3,collection,,BLOWsutra,"BANJO,BLUES,BURLESQUE,DUB,FOLK,JAZZ,LOFI,MANTRA,ROCK",9,6730,59,29:02,https://i1.sndcdn.com/artworks-fryyTDM2WyR2DKBA-QI4BwQ-t500x500.png,"""[05] Hereby, I Cry • Arabesk Drum MANTRA"",A [12] Make America Gulag Again • Ragga Lala DUB,""[08] FOTUS Circus VOL. 04 • Step Right Up, Murica Freaks (paper straws) • DUB QUACKsutra"",""[09] FOTUS Circus VOL. 04 • Step Right Up, My Dearest Souls • DUB QUACKsutra"",""[06] FOTUS Circus VOL. 04 • Step Right Up, for Plastic Straws • Banjo QUACKsutra"",[01] FOTUS Circus VOL. 04 • Step Right Up my Dearest Souls • Burlesque QUACKsutra,[06] FOTUS Circus VOL. 03 • When will you be angelic (Ginzberg’s Horror Show) • BURLESQUE QUACKsutra,[06] FOTUS Circus VOL. 02 • This ain't no hollow show • QUACKsutra,The Tyranny of Ignorance : BANJOsutra (Single Duck Release)","Daddy's a Creep ⚞  P3d0 T-Shirts ON SALE ⚟ BLOWsutra EPx4,Ego Ain't Your Amigo ⭐︎ EPx14 VOL. 01 ⭐︎ True Tales of BLUESsutra,FOTUS CIRCUS ★ VOL.2 EPx10 ★ BURLESQUEsutra,FOTUS CIRCUS ★ VOL.3 EPx9 ★ BURLESQUEsutra,FOTUS CIRCUS ★ VOL.4 EPx9 ★ BURLESQUEsutra,Hard Core (Questions that Matter) X5,Hereby · I Cry ☠ BLOWsutra EPx5,Make Amurica Gulag Again ☭ BLOWsutra DUB EPx25,MAxA Alphabet Series Compilation - Make America Humane · Kind · Safe · Smart · etcetera Alright?!,The Dystopian Quiz Song ★ EPx15 ★ Acoustic SOULsutra,What's F-A-S-C-I-S-T? EPx8 VOL. 1 ☆ BLOWsutra JAZZ FOLK Fusion,Why You Lie (to the People's Face) EP x7 ☠ QUACKsutra"
WORLDsutra : SPAN(k)ish,https://soundcloud.com/bananasutra/sets/worldsutra-span-k-ish,collection,checked,,"INDIE,WORLD,DUB,JAZZ,MANTRA",4,3154,36,15:03,https://i1.sndcdn.com/artworks-DQAHMhBcDTcoVFfl-BTKWAA-t500x500.png,"[06] La Poesia Importa 2 (low) - Psy JAZZsutra,[03] Creo (la poesia) - Contrabass Guitar Classico,[06] Creo - Muse DUBsutra,[02] Creo (la poesia) - Arabesk Fado","Creo (La Poesia) ☘ EPx10 VOL.01 ☘ Bananasutra En Español,La Poesia Importa ♕ EPx7 VOL.01 ♕ Bananasutra En Español"
Questions for the (kind) POPE in the Sky,https://soundcloud.com/bananasutra/sets/questions-for-the-pope-in-the-sky,collection,,GROWsutra,"BANJO,BLUES,BURLESQUE,DUB,FOLK,INDIE,JAZZ,LOFI,MANTRA,ROCK",21,19975,174,1:04:44,https://i1.sndcdn.com/artworks-AW1E67BzmypJfRI1-6hZzEg-t500x500.png,"[15] Queer Almighty - Drum Mantra DUBsutra,[06] Queer Almighty - Queer Enough to Cabaret - BANJOsutra,[08] Queer Almighty - Tell me why - FOLK BANJOsutra,[01] Queer Almighty - Folk BANJOsutra,[05] Queer Almighty - Jazzy Queer Almighty - BLUESy BANJOsutra,[04] Reason over Reverence - They said bow down but we rise 2 - DUBsutra,[01] Question Di Kingdom - Dub's the Path (Truth is the riddim) - Ragga DUBsutra,[02] Question Di Kingdom - Dub's the Path (Truth is the riddim) - DUBsutra,""[08] Why Trust an Old, Mean Religion AD2 Soul INDIE"",[7] Your rules don’t apply to me • Indie MANTRAsutra,[4] Shush the Bull Bro (Please) • DUBsutra,[2] Make your Own Bible - pbgal Burlesque LOFI,[2] Waldo's Fascist Tango - HATjazz BURLESQUE,[3] Question Di Kingdom (2) • RAGGAsutra,[4] Question Di Kingdom (1) • RAGGAsutrawav,[8] Reason fi di win • RAGGAsutra,[5] Dubbin' for Freedom • DUBsutra,""Pro-Life Means What, Honey • Jazzy Mantra DUBsutra (2)"",#5 Hard Core : Honey BLUESutra,#4 Hard Core : Burlesque Honeysutra,#1 Hard Core : Honey JAZZsutra","Atheist Tango EP x9 VOL. 1 ☰ Waldo's Burlesque Tales of Truth,Ethical Paradox (Bertrand Undone),Hard Core (Questions that Matter) X5,How to Help a Bible Bro Grow Up · In the name of Religious Freedom,I Ain't No Christian (No Holy Fool) ♥ EPx4 VOL.02,Make your Own Bible EP x6 VOL. 1 ℧ A Jazzy Burlesque Folk Trip Hop LOFI Venture (oui oui),Pro-life means what · honey?,Queer Almighty (Holy Questions Matter) - EPx16 VOL. 02,Question Di Kingdom EPx4 VOL.02,Question di Kingdom ✰ Ragga DUBsutra EPx10,Seminal Bollocks EP,The Invisible Man in the Sky (a song inspired by George Carlin) EPx8 VOL.01,Untamed EP X3,Waldo's Fascist Tango EPx3 VOL. 1 • Burlesque JAZZ,Why Trust an Old · Mean Religion? EPx9 VOL. 01"
Playlist Sidération Gone Bananas x29,https://soundcloud.com/bananasutra/sets/playlist-sideration-gone-bananas,collection,,BLOWsutra,"BLUES,JAZZ,LOFI",11,6227,56,34:44,https://i1.sndcdn.com/artworks-58HtMVlI0dnLHSez-V8vJyA-t500x500.png,"[09] Sideration's Calling • White House's Burning • Riddim Sister RAGGA DUBsutra,[01] Sideration's Calling • White House's Burning • Banger BURLESQUEsutra,[02] Sideration's Calling • White House's Burning • Jazzy LOFI DUBsutra,[07] Sideration's Calling • White House's Burning • Oh Lordy 2 DUBsutra,[04] Sidération Blues Revolution - A Song of Wrong - BLUESsutra,[07] Sideration - No Velvet Scream - BLUESsutra,[05] Sidération Blues Revolution - A Song of Wrong - BLUESsutra,[02] Sidération Blues Revolution - A Song of Wrong - BLUESsutra,[03] Sidération - The Sky Stood Still 4 - Revolution BLUESsutra,[02] Sidération - The Sky Stood Still 2 - Revolution JAZZ BURLESQUEsutra,[05] Sidération - The Sky Stood Still 5 - Revolution FOLKsutra","Sidération - Spoken Words Intro - EPx3 VOL. 1 of 4,Sidération - The Sky Stood Still - EPx6 VOL. 2 of 4,Sidération Blues - A Song of Wrong - EPx7 Vol 3 of 4,Sidération's Calling - White House's Burning - EPx13 Vol 4 of 4"
SINGLEsutra Exclusive SoundCloud (woo),https://soundcloud.com/bananasutra/sets/singlesutra,collection,checked,,"BANJO,BLUES,BURLESQUE,DUB,FOLK,INDIE,JAZZ,LOFI,MANTRA,ROCK",20,16711,227,1:01:11,https://i1.sndcdn.com/artworks-if82lONCI5YhLq5y-CMulEA-t500x500.png,"Everybody Knows • FLOWsutra Freedom Magic Cello Prayer INDIE.wav,Planet Idiocracy (Single) • BLOWsutra Peace Odyssey DUB,Poetry (Nah Lie) • GROWsutra Ragga Mantra DUB,Kindness (single) VOL. 04,MAKA MAKA Murica (Kindness Gone Folk),Where Hope Expires • Folk BANJOsutra,aintdoingbaddoingnothing 💨,Shady Fools • FOLKsutra,Liberty • Tribute to Victor Hugo’s Revolutionary Poetry • DUBsutra,Seminal Bollocks  • DUBsutra,making songs like…,She Wears the Words • JAZZsutra Mighty Poetry Minute,The Tyranny of Ignorance : BANJOsutra (Single Duck Release),Kamala has a dream (and that duck just blows) • bananasutraBLUES,""Flow like Water, My Friend"",Some Truths are Harder to Swallow • LOFI Jazzz • sutraGROW,""Hi, my name is (not Celine Dion) • Hip Pop Jazz, Quirky Stuff, a true story • Bananasutra(SHOW)"",""Hey, You (Creepers) • Fake Folk(s) True Tale • Bananasutra(BLOW) Authentic Imagination Music"",Rainbows in my Cloud (Merci) • Banjo Folk Gratitude Song • Bananasutra(GLOW),Kindness • Universal Jazz Cabaret of Blues Chanson • Bananasutra(GROW)","Crimina/els EP,Le Système EP MIX X16 | Bluesy French Jazz,Poetry Matters ☰ BANJOsutra EPx2,Seminal Bollocks EP"
WORLDsutra : Russian(ish),https://soundcloud.com/bananasutra/sets/worldsutra-russian-ish,collection,checked,,"BANJO,BLUES,BURLESQUE,DUB,FOLK,INDIE,LOFI,ROCK",6,3827,48,23:38,https://i1.sndcdn.com/artworks-acFrdgqIA6o30Zzp-mlZM9A-t500x500.png,"[03] The Echo Song - Vladimir Vysotsky Cover - Russian BLOWsutra Classic Psychedelic Banjo BLUES,[02] The Echo Song - Vladimir Vysotsky Cover - Russian BLOWsutra Gipsy Arabesk World Peace Indie Trip Pop LOFI,Who's Your Vladdy BLOWsutra Psychedelic Burlesque Punk ROCK,[08] Who's Your Vladdy • BLOWsutra Psychedelic Poetry Folk DUB,[07] Who's Your Vladdy • BLOWsutra Psychedelic Poetry Folk DUB,[04] Who's Your Vladdy • BLOWsutra Psychedelic World Soul FUSION","The Echo Song ☭ Russian EPx3 ☭ Gipsy BLOWsutra LoFi Blues (Vladimir Vysotsky Cover),Who's Your Vladdy? EPx10 ☿ BLOWsutra World Peace Fusion Indie,Who's Your Vladdy? EPx2 VOL.02 ☿ BLOWsutra World Peace LOFI + ROCK"
FRENCHsutra oui oui · sacrebleu,https://soundcloud.com/bananasutra/sets/sutrafrench,collection,checked,,"BANJO,BLUES,BURLESQUE,DUB,FOLK,INDIE,JAZZ,LOFI,MANTRA",39,39389,402,2:10:51,https://i1.sndcdn.com/artworks-e0sOW6yRL70L2ZRD-C8tirQ-t500x500.png,"[01] Jacques Brel - French GLOWsutra Oh Boy Accordion Circus Waltz Chanson BURLESQUE,[07] Jacques Brel - French GLOWsutra Psychedelic Circus Cello Chanson INDIE,[07] Secret de Polichinelle - French KNOWsutra Keep It Real Psychedelic Gipsy Circus Piano BURLESQUE,[01] Secret de Polichinelle - French KNOWsutra Keep It Real Psychedelic Gipsy Circus Accordion BURLESQUE,[06] Secret de Polichinelle - French KNOWsutra Keep It Real Psychedelic Gipsy Circus Indie Chanson BURLESQUE,[05] Secret de Polichinelle - French KNOWsutra Keep It Real Psychedelic Gipsy Circus Indie Chanson BURLESQUE,[08] Secret de Polichinelle - French KNOWsutra Keep It Real Psychedelic Gipsy Circus Indie Piano BURLESQUE,[07] Le Bal Des Salauds • French BLOWsutra Gipsy Accordion' Indie Folk BURLESQUE,[08] Le Bal Des Salauds • French BLOWsutra Tzigane World Indie LOFI,[03] Le Bal Des Salauds • French BLOWsutra PBGal Chanson BURLESQUE,[04] Le Bal Des Salauds • French BLOWsutra Oh Boy Accordion Circus BURLESQUE,[02] Le Bal Des Salauds • French BLOWsutra Gipsy LoFi Chanson INDIE,[01] Le Bal Des Salauds • French BLOWsutra Oh My Oh Why Cello Circus INDIE,[02] La Force Douce - French GROWsutra Gipsy Flamenco Duende Chanson INDIE,[03] La Force Douce - French GROWsutra Gipsy Flamenco Duende Chanson INDIE,[01] La Force Douce ✪ French GROWsutra Gipsy Flamenco Duende Chanson INDIE,[06] La Force Douce - French GROWsutra Tzigane Peace Soul Fusion LoFi INDIE,[01] Win Win Dub ⚭ French GROWsutra Soulful Hip Hop Ragga DUB,""[09] Freee, La Fille • French SHOWsutra Psychedelic Ragga DUB"",""[03] Freee, la fille (remastered) • French SHOWsutra Circus Accordion BURLESQUE"",""[08] Freee, La Fille • French SHOWsutra Psychedelic Ragga DUB"",[14] L'Embobinage (d'après Carl Sagan) • French GROWsutra World Peace PsyAccordion POP BURLESQUE 3 INDIE,[03] L'Embobinage (d'après Carl Sagan) • French GROWsutra World Peace PsyAccordion CelLOFI INDIE,[09] L'Embobinage (d'après Carl Sagan) • French GROWsutra World Peace Hypnotic Tango Jazz INDIE,[13] L'Embobinage (d'après Carl Sagan) • French GROWsutra World Peace Miss Cheeky DUB,[02] L'Embobinage (d'après Carl Sagan) • French GROWsutra World Peace CelLOFI,[05] L'Embobinage (d'après Carl Sagan) • French GROWsutra World Peace Tzigane Fusion INDIE,[11] L'Embobinage (d'après Carl Sagan) • French GROWsutra World Peace La Poesita Flamenco INDIE DUB,[12] L'Embobinage (d'après Carl Sagan) • French GROWsutra World Peace Miss Cheeky DUB,[01] L'Embobinage (d'après Carl Sagan) • French GROWsutra World Peace CelLOFI,[15] L'Embobinage (d'après Carl Sagan) • French GROWsutra World Peace PsyAccordion POP BURLESQUE INDIE,[01] Nous Sommes Le Feu - Chanson à la BLUESsutra - INDIE,""En Vrai, On Est Tous Frères • LOFI BLUES FRENCHsutra"",Comme un canard #9,Le Poids de l'Ego v1 • sutraFRENCH • Burlesque Ego Dub Cabaret,""Le système, ça voulait dire… v2 • sutraFRENCH • Burlesque Ego Accordion Cabaret"",""Manu, Le P'tit Menteur v2 • sutraFRENCH • Burlesque Ego Accordion Cabaret"",""Le système, ça voulait dire… v3 • sutraFRENCH • Burlesque Ego JAZZZ Masquerade"",Le P'tit Jupiter • sutraFRENCH • indieJAZZZ Piano LOFI Soul :)","Crimina/els EP,En Vrai · On Est Tous Frères ䷁ FRENCH BLUESsutra EPx5,Freee · La Fille • French SHOWsutra Psychedelic EPx10,Jacques Brel : French EPx9 : GLOWsutra Burlesque Indie Blues Gratitude POET(ry),L'Accordéon de l'Ignorance EP X9,L'Embobinage (d'après Carl Sagan) • French GROWsutra EPx17,La Force Douce EPx7 ✪ French GROWsutra World Peace Duende LoFi Indie Fusion,Le Bal Des Salauds - French BLOWsutra Indie Gipsy Burlesque EPx9,Le Système EP MIX X16 | Bluesy French Jazz,Nous Sommes Le Feu EPx4 ☲ GROWsutra French Peace Indie,Secret de Polichinelle 🎪 French EPx10 🎪 KNOWsutra Psychedelic Gipsy Circus,Segggsting • SHOWsutra EPx6 • French Burlesque Jazz Cabaret,What the Mirror Said (Reste Lucide) - GLOWsutra JAZZ,WIN-WIN DUB EPx3 ⚭ French-English GROWsutra Fusion Soul"
BANJOsutra,https://soundcloud.com/bananasutra/sets/banjosutra,genre (all),,,"BANJO,BLUES,BURLESQUE,DUB,FOLK,INDIE,JAZZ,LOFI,MANTRA,ROCK",30,27025,212,1:35:07,https://i1.sndcdn.com/artworks-iPtXxjIVQyjzpElZ-rzZZyw-t500x500.png,"[10] MASA (Make America Safe Again) • QUACKsutra Psychedelic Booya Country BANJO,[06] MASA (Make America Safe Again) • QUACKsutra Psychedelic BANJO BLUES,[07] MASA (Make America Safe Again) • QUACKsutra Psychedelic BANJO BLUES,[01] MASA (Make America Safe Again) • QUACKsutra Psychedelic DUB BANJO,Side A [04] CREEPYPASTA • SHOWsutra Hide Yo Pets Bluegrass BANJO,[01] Reason over Reverence (No Need for Gods) • Banjo Blues FOLKsutra,""[06] FOTUS Circus VOL. 04 • Step Right Up, for Plastic Straws • Banjo QUACKsutra"",[06] Queer Almighty - Queer Enough to Cabaret - BANJOsutra,[08] Queer Almighty - Tell me why - FOLK BANJOsutra,[01] Queer Almighty - Folk BANJOsutra,[05] Queer Almighty - Jazzy Queer Almighty - BLUESy BANJOsutra,[02] Because the Fight ⭐︎ MellO BANJOsutra,[01] Dressed in Wonder • psyBLUES BANJOsutra,[4] MAKA MAKA - Oh Hey Folk BANJOsutra,Where Hope Expires • Folk BANJOsutra,[7] MAHA • Make America Humane Again • Booya BANJOsutra,MAWA MAWA • Make America Woke Again • Banger BANJOsutra,[6] Shades of Fools • All I know is I dunno • Fastass BANJOsutra,Wet Peaches • Blues BANJOsutra,""En Vrai, On Est Tous Frères • LOFI BLUES FRENCHsutra"",""Ooh, Freedom ♛ BLUESsutra Soul (Public Domain Heavens)"",Poetry Matters (1) ☰ BANJOsutra dream,Tell the Truth : BANJOsutra,""New Normalcy, Space Oddity ☰ BANJOsutra"",The Tyranny of Ignorance : BANJOsutra (Single Duck Release),""#1 Hold the Mic, Babe ☰ BANJOsutra Vocal Hug"",""#3 Hold the Mic, Babe ☰ BANJOsutra Hug for Ya, Babe"",Just Grind(ha) • Harmonica Blues Lo-fi • sutraFLOW,Kamala has a dream (and that duck just blows) • bananasutraBLUES,Rainbows in my Cloud (Merci) • Banjo Folk Gratitude Song • Bananasutra(GLOW)","A Letter to My Friend (Never Again) EPx44 ☮ GROWsutra World Peace Mantra,A Man's A Man for A' That - VOL. 01 - Revolution Forever,A stroll down history’s lane ☆ KNOWsutra ☆ EPx6 Vol. 1,AI Fair Use Manifesto EPx3 VOL.1 : LOFI BURLESQUE BLUES,All the -Isms | BLOWsutra EPx7,Because the Light ☉ EPx4 VOL.01,Bee the Fool EP x2 : BANJOsutra,Blaise's Tale ⭐︎ EPx3 ⭐︎ KNOWsutra Folk Cabaret,But(t) How you Kids Learn Now? EPx9 VOL. 01,Courage · Care · and Coconuts © GROWsutra EPx4,CREEPYPASTA (what the hella) ♅ SHOWsutra ♅ EPx23 Side A+B,Dressed in (nothing butt) Wonder ★ Exxxplore and Play (EP) x16 Bananas,Ego Ain't Your Amigo ⭐︎ EPx14 VOL. 01 ⭐︎ True Tales of BLUESsutra,En Vrai · On Est Tous Frères ䷁ FRENCH BLUESsutra EPx5,FOTUS CIRCUS ★ VOL.2 EPx10 ★ BURLESQUEsutra,FOTUS CIRCUS ★ VOL.3 EPx9 ★ BURLESQUEsutra,FOTUS CIRCUS ★ VOL.4 EPx9 ★ BURLESQUEsutra,Gladys in Sonderland EPx14 • SHOWsutra Psychedelic Gipsy Dream,Grifters • BLOWsutra (Apes Gone Wrong) EPx14,Hammy On Clyde ✪ SHOWsutra EPx8,Hard Core (Questions that Matter) X5,HashtagWHY (to be ctd...),Hi · My Name Is (Not Celine Dion) - Vol02 EPx11 - SHOWsutra Dubby Grass Burlesque Edition,Hold the Mic · Babe  EP X7 | Soul Prayer Lullabies,How to Help a Bible Bro Grow Up · In the name of Religious Freedom,Idiocracy Now ✪ QUACKsutra EPx10,Ironic Moronic Eugenics ☤ What Happens When KNOWsutra & BLOWsutra Make a Baby,Jolly Poo - EPx15 VOL. 01 - Banjo Blues BLOWsutra,Just Be EP X7 | Vocal Honey Audio Ideals,Kindness Matters - Human Life Soundtrack EP,Lightly · My Darling ✦ FLOWsutra (Fly Like Water) BANJO EPx5,MAKA MAKA EPx7 ⭐︎ MAxA Series · Vol. 4,Male Fantasies • CheekySUTRA EPx6 VOL. 02,MASA (Make America Safe Again) ✮ EPX12 ✮ QUACKsutra Psychedelic BANJO,MAxA Alphabet Series Compilation - Make America Humane · Kind · Safe · Smart · etcetera Alright?!,New Normalcy (Planet Earth to Higher Grounds) EP x7,Nietzsche's Gift (They Muddy the Water to Make it Look Deep) - KNOWsutra EPx13 Vol. 5,Oh · Freedom EP x10 ♛ BLUESsutra (Public Domain Lyrics),Okey Dokey · No It's Not Ξ EPx5 Ξ LOFIsutra,Pedo Nation ★ Felon Nation Redux ★ BLOWsutra EPx14,Poem (I wanted to be · basically) ℘ EPx14 VOL.01,Poetry Matters ☰ BANJOsutra EPx2,Pro-life means what · honey?,Queer Almighty (Holy Questions Matter) - EPx16 VOL. 02,Question di Kingdom ✰ Ragga DUBsutra EPx10,Reason over Reverence (No need for God) ☷ KNOWsutra EPx6,RUN (now · if you can),Second Hand Smoke (of) Arrogant Hearts - BLOWsutra EGO Therapy EPx6,Segggsting • SHOWsutra EPx6 • French Burlesque Jazz Cabaret,Shades of Fools EPx9,Tell the Truth EP x4 BLUESsutra,The Dystopian Quiz Song ★ EPx15 ★ Acoustic SOULsutra,They Muddy the Waters (aka Nietzsche's Gift) EPx5 VOL. 04,Trump Derangement Syndrome ™ EPx7,Untamed EP X3,Wet (Prickly) Peaches vol.2,Who's Your Vladdy? EPx10 ☿ BLOWsutra World Peace Fusion Indie,Why Trust an Old · Mean Religion? EPx9 VOL. 01"
JAZZsutra,https://soundcloud.com/bananasutra/sets/jazzsutra,genre (all),,,"BLUES,BURLESQUE,DUB,FOLK,INDIE,JAZZ,LOFI",84,104423,1226,4:57:26,https://i1.sndcdn.com/artworks-QRaUbtlHanDIuOON-8Hr9pg-t500x500.png,"[06] The Great Naked King • SHOWsutra Psychedelick French Accordion Cello Tango JAZZ,[07] The Great Naked King • SHOWsutra Psychedelick French Accordion Cello Tango JAZZ,[04] The Great Naked King • SHOWsutra Psychedelick French Accordion Cello Tango JAZZ,""[02] So, What Is Racism • KNOWsutra Ethically Gipsy Fusion JAZZ"",""[03] So, What Is Racism • KNOWsutra Ethically Gipsy Fusion JAZZ"",[19] This Is My Quest • GROWsutra Ethically Psychedelic Gipsy JAZZ,[05] F*CK (Bo Burnham Gone Bananas) - COVERsutra Candid Piano JAZZ,[01] Kiss A Pulse • GLOWsutra (Lucille Clifton Poetry) Ethically Gipsy JAZZ,""[09] Hello, Oh No • GROWsutra Psychedelic Circus Indie Tango JAZZ"",[02] What Dissent Looks Like Now • BLOWsutra Post-Punk Trip Hop Lo-Fi Burlesque Piano JAZZ,[04] What Dissent Looks Like Now • BLOWsutra Post-Punk Piano Trip Hop Lo-Fi Burlesque JAZZ,[01] What Dissent Looks Like Now • BLOWsutra Post-Punk Piano Trip Hop Lo-Fi Burlesque JAZZ,""[03] Nice Work If You Can Get It - An American in Paris, Public Domain Lyrics - SHOWsutra Indie JAZZ"",Side A [02] Dare to Care (This Issue is Real) - BLOWsutra Revolt Now Dubby Bluesy Burlesque JAZZ,""[10] The Atheist Tango • GROWsutra (God, Etc) Gipsy Bass Piano Twirl Burlesque JAZZ"",""[09] The Atheist Tango • GROWsutra (God, Etc) Gipsy Cello Burlesque Tango JAZZ"",Side A [03] Universal Currency - DEFY EP Vol 2 - BLOWsutra Revolution Ring Psychedelic Piano Burlesque JAZZ,Side A [02] Optics of Cruelty - DEFY EP Vol 2 - BLOWsutra Revolution Ring Psychedelic Piano Burlesque JAZZ,""[05] It's an Ethical Paradox, an Oxymoron Maze • KNOWsutra (Bertrand Knows) Gipsy Burlesque Upright Bass Piano JAZZ"",""[07] It's an Ethical Paradox, an Oxymoron Maze • KNOWsutra (Bertrand Knows) Gipsy Burlesque Upright Bass JAZZ"",""[02] It's an Ethical Paradox, an Oxymoron Maze • KNOWsutra (Bertrand Knows) Gipsy Burlesque Upright Bass JAZZ"",""[01] It's an Ethical Paradox, an Oxymoron Maze • KNOWsutra (Bertrand Knows) Gipsy Burlesque Piano Bass JAZZ"",""[06] It's an Ethical Paradox, an Oxymoron Maze • KNOWsutra (Bertrand Knows) Gipsy Burlesque Piano Upright Bass JAZZ"",""[03] It's an Ethical Paradox, an Oxymoron Maze • KNOWsutra (Bertrand Knows) Gipsy Burlesque Upright Bass JAZZ"",""[06] Sing Your Own Gospel • GROWsutra (God, Etc.) Gipsy Bass JAZZ"",""[07] Sing Your Own Gospel • GROWsutra (God, Etc.) Gipsy Bass JAZZ"",""[04] Sing Your Own Gospel • GROWsutra (God, Etc.) Gipsy Piano JAZZ"",Side B [13] Donkeys Years • SHOWsutra Fanana Club Gipsy Piano Kitten Cabaret Burlesque JAZZ,[04] Peel Me Kindly • FLOWsutra Gone Banana Joke Gipsy JAZZ,[05] Peel Me Kindly • FLOWsutra Gone Banana Joke Gipsy JAZZ,[02] Peel Me Kindly • FLOWsutra Gone Banana Joke Gipsy JAZZ,[01] Peel Me Kindly • FLOWsutra Gone Banana Joke Gipsy JAZZ,""Side B [11] No Fear, My Dear • BLOWsutra Revolt Now Dubby Psychedelic Folky BLUES"",""Side A [07] No Fear, My Dear • BLOWsutra Revolt Now Dubby Bluesy Psychedelic Chanson Piano JAZZ"",""Side B [18] No Fear, My Dear • BLOWsutra Revolt Now Psychedelic Gipsy World Fusion Indie LOFI"",""Side B [15] No Fear, My Dear • BLOWsutra Revolt Now Psychedelic Gipsy World LoFi Folk Fusion INDIE"",""Side B [12] No Fear, My Dear • BLOWsutra Revolt Now Dubby Bluesy Jazzy Psychedelic Chanson Piano FOLK"",""Side A [10] No Fear, My Dear • BLOWsutra Revolt Now Dubby Psychedelic Chanson Bluesy JAZZ"",""Side A [05] No Fear, My Dear • BLOWsutra Revolt Now Bluesy Psychedelic Chanson Piano JAZZ"",""Side A [09] No Fear, My Dear • BLOWsutra Revolt Now Bluesy Psychedelic Chanson Piano JAZZ"",""Side A [02] No Fear, My Dear • BLOWsutra Revolt Now Bluesy Psychedelic Chanson Piano Bass JAZZ"",""Side A [01] No Fear, My Dear • BLOWsutra Revolt Now Bluesy Psychedelic Chanson Piano JAZZ"",""Side A [08] No Fear, My Dear • BLOWsutra Revolt Now Psychedelic Gipsy World LoFi Fusion Piano Indie JAZZ"",""Side A [03] No Fear, My Dear • BLOWsutra Revolt Now Bluesy Psychedelic Chanson Piano JAZZ"",Side B [04] EP Bertrand - The Conquest of Happiness - GROWsutra Indie Folk JAZZ,Side A [05] EP Bertrand - The Unhappiness Dance - GROWsutra Indie JAZZ,[05] Peace Matters More - GROWsutra Gipsy DUB JAZZ,[01] Ain't Doing Bad Doing Nothing ⭐︎ Public Domain Lyrics Fun ⭐︎ FLOWsutra Wet JAZZ,[07] Ain't Doing Bad Doing Nothing ⭐︎ Public Domain Lyrics Fun ⭐︎ FLOWsutra Wet JAZZ,Side A [08] Oh Martine • BOWsutra French Psychedelic Cello Indie JAZZ,Side A [07] Oh Martine • BOWsutra French Psychedelic Cello Indie JAZZ,""[14] So, What Is Racism? KNOWsutra Gipsy Dub JAZZ"",""[10] So, What Is Racism? KNOWsutra Gipsy Dub JAZZ"",""[08] So, What Is Racism? KNOWsutra Gipsy Dub JAZZ"",""[11] So, What Is Racism? KNOWsutra Gipsy Dub JAZZ"",""[09] So, What Is Racism? KNOWsutra Gipsy Dub JAZZ"",[04] Reason over Reverence (No Need for Gods) • Cello Bass JAZZsutra,[01] El Papito no es loco - Latin JAZZ,[02] Tune in the Tender • LOFI JAZZsutra,When We Duende 4 - SHOWsutra JAZZ DUB,[06] La Poesia Importa 2 (low) - Psy JAZZsutra,[03] Glitter and Guts - Arabesk Indie JAZZsutra,[06] I Wanted to Be the Poem - Bluesy Burlesque JAZZ,[01] Ego Ain't Your Amigo (Fasho at Marlago) - oh hi salty honey bluesy JAZZ tempo,[11] Mass Media Freakshow • PBgal psyBASS JAZZ,[0] How do kids learn • Destiny JAZZsutra (high),[3] MAHA • Make America Humane Again • Bass IBYN BURLESQUE JAZZsutra,aintdoingbaddoingnothing 💨,Woke-N-Whack-A-Musk ☆ BLUESsutra (1),Feeel The Rhythm (Tell the Truth),Let’s Do It • Public Domain Lyrics • JAZZsutra 1,Let’s Do It • Public Domain Lyrics • JAZZsutra 2,Let’s Do It • Public Domain Lyrics • JAZZsutra 3,Some Songs Are More JAZZ Than Others : JAZZsutra,Comme un canard #9,#2 Darling - JAZZsutra,She Wears the Words • JAZZsutra Mighty Poetry Minute,#1 Hard Core : Honey JAZZsutra,The Tyranny of Ignorance : BANJOsutra (Single Duck Release),Mind the Felon (one) • JAZZsutra,Mind the Felon (three) • JAZZsutra,""Le système, ça voulait dire… v3 • sutraFRENCH • Burlesque Ego JAZZZ Masquerade"",Some Truths are Harder to Swallow • LOFI Jazzz • sutraGROW,Kindness • Universal Jazz Cabaret of Blues Chanson • Bananasutra(GROW)","Ain't Doing Bad Doing Nothing ⭐︎ Public Domain Vol. 02 EPx10 ⭐︎ FLOWsutra Wet JAZZ,All I Know • Shades of Fools (It's the Why) • KNOWsutra EPx5 Vol. 02,All the -Isms | BLOWsutra EPx7,An American in Paris (Public Domain Lyrics) 🎙️ SHOWsutra Classic Retro Musical REMAKE,Atheist Tango EP x9 VOL. 1 ☰ Waldo's Burlesque Tales of Truth,Blessed Are the Cracked EP X3,Bloom Past Doom - Vol. 2 · 2 songs EPx7 - BLOWsutra (Revolution Ring Series) Fusion Jazz,Bo Burnham Gone Bananas 🍌 COVERsutra Vaudeville Indie JAZZ EPx11,But(t) How you Kids Learn Now? EPx9 VOL. 01,Darling EP,DEFY (Vol 2) - 3 Songs EPx6 - BLOWsutra Revolution Ring LoFi Jazz Fusion,Do Panic Now ✝ GROWsutra EPx13,Donkeys Years - SHOWsutra Fanana Club Gratitude EPx20,Double Standards EPx3 VOL. 1 • BURLESQUEsutra,Double Standards EPx4 VOL. 2 ★ BLOWsutra LOFI,Ego Ain't Your Amigo ⭐︎ EPx14 VOL. 01 ⭐︎ True Tales of BLUESsutra,El Papito Leo Es No MAGA Show ☰ KNOWsutra EPx6,Ethical Paradox (Bertrand Undone),Foolish EPx5,FOTUS CIRCUS ★ VOL.4 EPx9 ★ BURLESQUEsutra,Glitter on a Turd ❯ GROWsutra Banana Cabaret EPx5,Hammy On Clyde ✪ SHOWsutra EPx8,Hard Core (Questions that Matter) X5,Hello · Oh No • EPx16 • GROWsutra Psychedelic Logic Harmonics,Hereby · I Cry ☠ BLOWsutra EPx5,Hi · My Name Is (Not Celine Dion) - Vol02 EPx11 - SHOWsutra Dubby Grass Burlesque Edition,Hold the Mic · Babe  EP X7 | Soul Prayer Lullabies,How to Help a Bible Bro Grow Up · In the name of Religious Freedom,I Think I Need a Good Spank!ng (in Madrid) ⚯ SHOWsutra EPx9,Ironic Moronic Eugenics ☤ What Happens When KNOWsutra & BLOWsutra Make a Baby,It's an Ethical Paradox • Vol. 2 EPx15 • KNOWsutra (Bertrand Knows) Gipsy Burlesque Jazz,Jealousy (not for me) ♡ GROWsutra EPx22,Just Be EP X7 | Vocal Honey Audio Ideals,Kiss A Pulse • GLOWsutra (Lucille Clifton Poetry) EPx16,L'Accordéon de l'Ignorance EP X9,La Poesia Importa ♕ EPx7 VOL.01 ♕ Bananasutra En Español,Le Système EP MIX X16 | Bluesy French Jazz,Let’s Do It (Let's Fall in Love) EP • Public Domain Lyrics • JAZZsutra,MAKA MAKA EPx7 ⭐︎ MAxA Series · Vol. 4,Male Fantasies • CheekySUTRA EPx6 VOL. 02,Mass Media Freakshow EPx13 VOL.02 ⭐︎ Terrence MCKenna KNOWs ⭐︎ Burlesque or Snooze?,MAWA MAWA EPx2 (if Soundcloud allows) ⭐︎ MAxA Series · Vol. 2,MAxA Alphabet Series Compilation - Make America Humane · Kind · Safe · Smart · etcetera Alright?!,Mind the Felon EP X5 | JAZZ LOFI : Psychedelic Paradox Soul Chanson,My Quest • EPx6 Vol. 2 • GLOWsutra Jacques Brel Dream,New Normalcy (Planet Earth to Higher Grounds) EP x7,Nietzsche's Gift (They Muddy the Water to Make it Look Deep) - KNOWsutra EPx13 Vol. 5,No Fear · My Dear ❢ BLOWsutra Revolution Ring Jazz EPx19,Oh · Freedom EP x10 ♛ BLUESsutra (Public Domain Lyrics),Oh · Martine ❃ French GLOW+BOWsutra ❃ Side A+B EPx28,Peace Matters More (The Only Wish Worth Making) 🪽 GROWsutra Birthday Wish Song,Peel Me Kindly 🍌 SHOWsutra Gone Banana à la Gipsy JAZZ EPx7,Poem (I wanted to be · basically) ℘ EPx14 VOL.01,Poetry Matters ☰ BANJOsutra EPx2,Predators (why war) EP x11 vol.2,Reason over Reverence (No need for God) ☷ KNOWsutra EPx6,Segggsting • SHOWsutra EPx6 • French Burlesque Jazz Cabaret,Sidération - The Sky Stood Still - EPx6 VOL. 2 of 4,Sing Your Own Gospel • Vol. 2 EPx7 • GROWsutra (God · Etc) Revolutionary Gipsy JAZZ,So · What Is Racism • EPx9 Vol. 2 • KNOWsutra Gipsy Jazz + LoFi,So · What Is Racism? KNOWsutra Gone Banana EPx17,some songs are more fun than others EP x8 ∞,Some Truths (Are Harder to Swallow) EPx7,SS Means Sacred Sp3rm ☠ BLOWsutra EPx19,Sutra of Immanence - FLOWsutra Dog Poetry - Jazz & Dub EPx3,Tell the Truth EP x4 BLUESsutra,The Atheist Tango • Vol. 2 EPx12  •  GROWsutra (God · Etc) Conscious Gipsy LoFi Burlesque Jazz,The Conquest of Happiness (according to Bertrand Russel) ☰ 2 Songs EPx10 ☰ KNOWsutra,The Dystopian Quiz Song ★ EPx15 ★ Acoustic SOULsutra,The Great Naked King • SHOWsutra Psychedelick Fools Cabaret EPx30,This Is My Quest • GROWsutra (Dare to Care) Dream EPx19,This Is What Dissent Looks Like Now - BLOWsutra (Revolution Ring) Jazz Indie LoFi Dream,To Dream EP X8 | Jacques Brel Chanson Reimagined : Psychedelic French Poetry JAZZsutra X5,Too Hard · My Friend • FLOWsutra (Fly Like Water) Lullabies EPx2,Truth Don't Care ✗ EPx2 ✗ KNOWsutra Psychedelic Muse Cabaret,Tune in the Tender ☲ #GROWsutra EPx9,Wet (Prickly) Peaches vol.2,What the Mirror Said (Reste Lucide) - GLOWsutra JAZZ,What's F-A-S-C-I-S-T? EPx8 VOL. 1 ☆ BLOWsutra JAZZ FOLK Fusion,When We Duende (All Night) EPx9 ☯ DUB + BURLESQUEsutra,Where Hope Expires ℧ EPx8 VOL.02,Who Knows Where How Happiness Truly Grows ☰ GROWsutra EPx29,Who Needs a Big D? EP x8 VOL. 1 - JAZZ 'n DUB,Woke 'em Whacks EPx4 : BLUES & DUBsutra (Music Therapy)"
ROCKsutra,https://soundcloud.com/bananasutra/sets/rocksutra,genre (all),,,"BURLESQUE,FOLK,INDIE,JAZZ,LOFI,MANTRA,ROCK",17,12984,124,57:45,https://i1.sndcdn.com/artworks-RvPg90tJzDpSlPKh-ns1cUw-t500x500.png,"""[10] Everything is Stupid, Absurd, and Divine • SHOWsutra Psy Punk Chanson Burlesque ROCK"",[07] I Did the Math (and Everything is Stupid) • SHOWsutra Psychedelic Burlesque Indie ROCK,""[09] Everything is Stupid, Absurd, and Divine • SHOWsutra Psy Punk Chanson Burlesque ROCK"",[08] Synthema Sutras - SHOWsutra Banana Psychedelic Burlesque Indie Punk ROCK,[11] We Live Not By Lies - GROWsutra IBYN Post-Punk BURLESQUE ROCK,[02] Tell The Truth • KNOWsutra Bluesy ROCK Cover,""Oy, We Care! BLOWsutra I Burlesque You Not 1"",Who's Your Vladdy BLOWsutra Psychedelic Burlesque Punk ROCK,[14] Men-Oh-Pause • GROWsutra I Burlesque You Not Psychedelic Punk ROCK,""[13] It's War, My Friend • QUACKsutra Psychedelic ROCK"",""[15] It's War, My Friend • QUACKsutra Psychedelic Punk ROCK"",[01] Blessed Be The Dogs • SHOWsutra Post-Punk Burlesque ROCK,[05] Blessed Be The Dogs • SHOWsutra Post-Punk Burlesque ROCK,""[03] Hey, You - BLOWsutra psyPunk ROCK"",[14] SS Means Sacred Sp3rm • Jazz INDIE,[2] Trust no one - BLOWsutra Udio ROCK,""New Normalcy, Space Oddity ☰ BANJOsutra""","Blessed Be the Dogs ☰ SHOWsutra EPx9 ☰ Post-Punk Burlesque ROCK,Dump Trump EPx4 🪦 BLOWsutra Burlesque ROCK,Everybody Knows EP x6 : INDIEsutra,Hey · Creeps • EPx20 • BLOWsutra Ego Gone Loco,Hey · You ✖ EPx8 ✖ BLOWsutra Indie Punk ROCK,Hope is So Do-Do-Dope 🎪🦤 SHOWsutra Surreal Soul Circus EPx9,I Ain't No Christian (No Holy Fool) ♥ EPx4 VOL.02,I Did the Math · and Everything is Stupid • SHOWsutra Snoopy Fanana Club EPx11,Idiocracy Now ✪ QUACKsutra EPx10,Ironic Moronic Eugenics ☤ What Happens When KNOWsutra & BLOWsutra Make a Baby,It's War · My Friend ☳ QUACKsutra EPx15,Just Be EP X7 | Vocal Honey Audio Ideals,Le Système EP MIX X16 | Bluesy French Jazz,Men-Oh-Pause 🩸 KNOWsutra EPx14,My Quest • EPx6 Vol. 2 • GLOWsutra Jacques Brel Dream,New Normalcy (Planet Earth to Higher Grounds) EP x7,Oh · Freedom EP x10 ♛ BLUESsutra (Public Domain Lyrics),Oh · Martine ❃ French GLOW+BOWsutra ❃ Side A+B EPx28,One Percent Rising • GROWsutra (Dare to Care) Psychedelic Indie EPx6,Oy · We Care 🦆 QUACKsutra Psychedelic Punk Rock Mantra EPx4,Read Me Harder (BB is for Banned Books) ☆ SHOWsutra Side A+B EPx19,RHINOCEROSS ♦ EPx7 ♦ BLOWsutra Surreal Real Poetry,Seminal Bollocks - Merry Psychedelic GROWsutra (God Etc.) EPx10,Seminal Bollocks EP,Shades of Fools EPx9,Shady Fools (Oh Can’t You See?) • Vol. 2 EPx9 • BLOWsutra Ego Gone Loco LoFi Burlesque,Some Truths (Are Harder to Swallow) EPx7,Spit Back The Lies • BLOWsutra (Revolution Ring) EPx20,SS Means Sacred Sp3rm ☠ BLOWsutra EPx19,SynthemaSutra ♆ SHOWsutra Banana EPx8,Tell The Truth (encore) KNOWsutra EPx9 Vol. 04,The Invisible Man in the Sky (a song inspired by George Carlin) EPx8 VOL.01,Time for Rebel Romance ☆ EPx6 ☆ BLOWsutra (Revolt Now) Cabaret,To Dream EP X8 | Jacques Brel Chanson Reimagined : Psychedelic French Poetry JAZZsutra X5,Trust No One EP x3 VOL.1 ☆ BLOWsutra Alternative Indie ROCK,We Live Not By Lies ⚬ EPx12 ⚬ GROWsutra Revolution Ring,Where We Begin (Preakly Peaches) EPx4,Who's Your Vladdy? EPx10 ☿ BLOWsutra World Peace Fusion Indie,Who's Your Vladdy? EPx2 VOL.02 ☿ BLOWsutra World Peace LOFI + ROCK"
INDIEsutra,https://soundcloud.com/bananasutra/sets/indiesutra-2,genre (all),,,"BLUES,BURLESQUE,DUB,FOLK,INDIE,JAZZ,LOFI,MANTRA,ROCK",80,82873,834,4:47:44,https://i1.sndcdn.com/artworks-iPtXxjIVQyjzpElZ-rzZZyw-t500x500.png,"[13] Zero Sum • GROWsutra Psychedelick Gipsy Flamenco Techno Fusion INDIE,[14] Zero Sum • GROWsutra Psychedelick Gipsy Flamenco Techno Fusion INDIE,[06] This Is My Quest • GROWsutra Psychedelic Gipsy Techno Fado Flamenco Duende INDIE,[01] This Is My Quest • GROWsutra Psychedelic Gipsy Techno Fado Flamenco Duende INDIE,[05] This Is My Quest • GROWsutra Psychedelic Gipsy Techno Fado Flamenco Duende INDIE,[09] This Is My Quest • GROWsutra Psychedelic Gipsy Fado Arabesk Lofi Dub INDIE,[01] My Quest • To dream an impossible dream • GLOWsutra Psychedelic Cello Lullaby INDIE,[05] Curious Like A Kiss • FLOWsutra La Poesita Flamenco Duende Dub INDIE,[03] Spit Back The Lies • BLOWsutra (Revolution Ring) Mama-b-c Psychedelic Cello Fusion INDIE,[02] Spit Back The Lies • BLOWsutra (Revolution Ring) Mama-b-c Psychedelic Cello Fusion INDIE,Side A [03] MAMA-B-C (Make America Mine Achtung) • BLOWsutra Cello Melancholia Burlesque INDIE,[BONUS] What Dissent Looks Like Now • BLOWsutra Psychedelic Burlesque MamA-B-Cello Dream Cabaret INDIE,[10] What Dissent Looks Like Now • BLOWsutra Post-Punk Gipsy Trip Hop Lo-Fi Burlesque INDIE,[08] What Dissent Looks Like Now • BLOWsutra Post-Punk Gipsy Trip Hop Lo-Fi Burlesque INDIE,Side B [05] Revolution's Lit (This Ain't Fiction) - BLOWsutra Revolt Now Jazzy INDIE,""[07] Two Things, Darling • KNOWsutra Bertrand (Knows) La Poesita Gipsy Flamenco Dub INDIE"",""[05] Two Things, Darling • KNOWsutra Bertrand (Knows) La Poesita Gipsy Flamenco Dub INDIE"",""[Bonus] I did the Math, and Everything is Stupid • SHOWsutra Snoopy Poopy INDIE"",Side A [02] Donkeys Years • SHOWsutra Fanana Club Gipsy La Poesita Cabaret Dub INDIE,Side A [01] Donkeys Years • SHOWsutra Fanana Club Gipsy Flamenco Cabaret Dub INDIE,[04] Why We Can't Be Brave - GROWsutra (Censored) Psychedelic Flamenco Dub Cello Fusion INDIE,[02] Why We Can't Be Brave - GROWsutra (Censored) Psychedelic Cello Drama Duende Dream INDIE,[07] Jacques Brel - French GLOWsutra Psychedelic Circus Cello Chanson INDIE,[02] Foolish Goldfish (Forever) • KNOWsutra Peace (Not War) La Poesita Psychedelic Cello Dub INDIE,[01] Foolish Goldfish (Forever) • KNOWsutra Peace (Not War) Mama-b-c Psychedelic Cello Dream INDIE,[02] We Live Not By Lies - GROWsutra Pyschedelic Cello Dream Dub INDIE,[03] We Live Not By Lies - GROWsutra Psychedelic Piano Cello INDIE,[04] We Live Not By Lies - GROWsutra Psychedelic Piano Cello INDIE,[01] Peace Matters More - GROWsutra Gipsy psyCello INDIE,[02] Peace Matters More - GROWsutra Gipsy Burlesque INDIE,[05] Everybody Knows • KNOWsutra Psychedelic Trip Hop Cello Waltz INDIE,[04] Everybody Knows • KNOWsutra Burlesque Trip Hop Piano Jazz INDIE,[05] The (Bloody Mountain) Echo - Vladimir Vysotsky English Cover - BLOWsutra Gipsy Piano Cello Duende INDIE,Side B [08] Oh Martine • BOWsutra Gipsy World LoFi Fusion INDIE,Side A [15] Oh Martine • BOWsutra La Poesita Fado World Duende INDIE,Side A [12] Oh Martine • BOWsutra La Poesita Fado World Duende INDIE,Side A [13] Oh Martine • BOWsutra La Poesita Fado World Duende INDIE,[32] Letter to My Friend (Never Again) • GROWsutra She Wanna Know PsyBass Circus JAZZ,[02] La Force Douce - French GROWsutra Gipsy Flamenco Duende Chanson INDIE,[03] La Force Douce - French GROWsutra Gipsy Flamenco Duende Chanson INDIE,[01] La Force Douce ✪ French GROWsutra Gipsy Flamenco Duende Chanson INDIE,[02] The Love Of A Dove - GROWsutra Duende Amoris Fado Fiddle INDIE,[04] The Love Of A Dove - GROWsutra Mama-b-c Peace Cello INDIE,Everybody Knows • FLOWsutra Freedom Magic Cello Prayer INDIE.wav,[14] L'Embobinage (d'après Carl Sagan) • French GROWsutra World Peace PsyAccordion POP BURLESQUE 3 INDIE,[03] L'Embobinage (d'après Carl Sagan) • French GROWsutra World Peace PsyAccordion CelLOFI INDIE,[09] L'Embobinage (d'après Carl Sagan) • French GROWsutra World Peace Hypnotic Tango Jazz INDIE,[15] L'Embobinage (d'après Carl Sagan) • French GROWsutra World Peace PsyAccordion POP BURLESQUE INDIE,[07] Easy (Death Is Nothing At All) • BOWsutra La Poesita Peace DUB INDIE,[05] Men-Oh-Pause • GROWsutra She Wanna Know Fusion Jazz CelLOFI INDIE,[04] Men-Oh-Pause • GROWsutra She Wanna Know Fusion Jazz CelLOFI INDIE,[01] Nous Sommes Le Feu - Chanson à la BLUESsutra - INDIE,[06] Cassandra's Lullaby • Jewish World INDIE FOLK,[14] SS Means Sacred Sp3rm • Jazz INDIE,[11] Jealousy (not for me) - MAMA-B-C INDIE,[06] El Papito Leo es No MAGA Show - Cello INDIE,[07] Tune in the Tender • Cello INDIEsutra,[04] Ordo Amoris In Decay - Indie LOFIsutra,we remember what we remember when we feel 3,we remember what we remember when we feel 2,we remember what we remember when we feel 4,we remember what we remember when we feel 1,we remember what we remember when we feel 5,[03] If We Had But(t) The Truth (Not The Quack) (low) - Drum INDIEsutra,[01] Fluye • Oh My (Socrates) Cello INDIE,Where Hope Expires - Piano CAT JAZZ,""[08] Why Trust an Old, Mean Religion AD2 Soul INDIE"",[1] Trust no one - BLOWsutra Suno JAZZ,MAKA MAKA Murica (Kindness Gone Folk),[1] MAHA • Make America Humane Again • Psy Waltz BURLESQUEsutra,Woke-N-Whack-A-Musk ☆ BLUESsutra (2),Predators (why Kids Are Allowed To Die) • CELLOsutra,Predators (always Inspired) 5,Predators (always Inspired) 4,Dark (Lace) Rhythms • TANGOsutra,Just Grind(ha) • Harmonica Blues Lo-fi • sutraFLOW,""Manu, Le P'tit Menteur v2 • sutraFRENCH • Burlesque Ego Accordion Cabaret"",Le P'tit Jupiter • sutraFRENCH • indieJAZZZ Piano LOFI Soul :),""Genius, You See V.1 • Indie Jazz Folk Lullaby  • sutraKNOW inspired by Albert Einstein"",Some Truths are Harder to Swallow • LOFI Jazzz • sutraGROW","A Letter to My Friend (Never Again) EPx44 ☮ GROWsutra World Peace Mantra,A Man's a Man and A' That (à la bananasutra) EPx3 - VOL. 02 - Revolution Forever,A stroll down history’s lane ☆ KNOWsutra ☆ EPx6 Vol. 1,ABCs of Kindness - KNOWsutra,All I Know • Shades of Fools (It's the Why) • KNOWsutra EPx5 Vol. 02,An American in Paris (Public Domain Lyrics) 🎙️ SHOWsutra Classic Retro Musical REMAKE,Because the Light ☉ EPx4 VOL.01,Best Teacher Award · in Love & Death : Indie Bliss EPx3 VOL. 1 : BOWsutra,Bloom Past Doom (Apes Gone Wrong Series) EPx5 - BLOWsutra (Revolt Now)  Grassroots Hope Song,Bloom Past Doom - Vol. 2 · 2 songs EPx7 - BLOWsutra (Revolution Ring Series) Fusion Jazz,Bo Burnham Gone Bananas 🍌 COVERsutra Vaudeville Indie JAZZ EPx11,But(t) How Can You? GROWsutra (Dare to Care) EPx10,Cassandra’s Lullaby • KNOWsutra EPx11 World,CREEPYPASTA (what the hella) ♅ SHOWsutra ♅ EPx23 Side A+B,Curious Like A Kiss • FLOWsutra Cheeky Duende EPx11,Darling EP,Do Panic Now ✝ GROWsutra EPx13,Donkeys Years - SHOWsutra Fanana Club Gratitude EPx20,Easy (Death Is Nothing At All) ❣ BOWsutra EPx9,El Papito Leo Es No MAGA Show ☰ KNOWsutra EPx6,Everybody Knows EP x6 : INDIEsutra,Everybody Knows ✔ Vol. 03 - EPx7 ✔ KNOWsutra Gipsy Trip Hop Truth Prayer Dream,Fluye (como el mar) FLOWsutra,Foolish EPx5,Foolish Goldfish (Forever) ❃ Vol. 02 EPx15 ❃ KNOWsutra Peace (Not War),Genius EP,Gladys in Sonderland EPx14 • SHOWsutra Psychedelic Gipsy Dream,Grifters • BLOWsutra (Apes Gone Wrong) EPx14,Hey · You ✖ EPx8 ✖ BLOWsutra Indie Punk ROCK,Hope is So Do-Do-Dope 🎪🦤 SHOWsutra Surreal Soul Circus EPx9,I Ain't No Christian (No Holy Fool) ♥ EPx4 VOL.02,I Did the Math · and Everything is Stupid • SHOWsutra Snoopy Fanana Club EPx11,I Think I Need a Good Spank!ng (in Madrid) ⚯ SHOWsutra EPx9,Idiocracy Now ✪ QUACKsutra EPx10,If We Had But(t) The Truth • Vol. 2 EPx22 • BLOWsutra (Censored) Epstein Etcetera Soundtrack,If We Had But(t) The Truth ☲ Easterican Profanities EPx5 ☲ QUACKsutra,It's War · My Friend ☳ QUACKsutra EPx15,Jacques Brel : French EPx9 : GLOWsutra Burlesque Indie Blues Gratitude POET(ry),Jealousy (not for me) ♡ GROWsutra EPx22,Joseph Campbell's Truth Metaphors ☷ KNOWsutra EPx12,Just Be EP X7 | Vocal Honey Audio Ideals,Kindness - Psychedelic INDIEsutra,L'Accordéon de l'Ignorance EP X9,L'Embobinage (d'après Carl Sagan) • French GROWsutra EPx17,La Force Douce EPx7 ✪ French GROWsutra World Peace Duende LoFi Indie Fusion,Le Système EP MIX X16 | Bluesy French Jazz,Linguistic Weaponry EPx7 Burlesque DUBsutra,Male Fantasies • CheekySUTRA EPx6 VOL. 02,MAMA-B-C (Make America Mine Achtung Encore) • BLOWsutra MAxA Series EPx3,MAMA-B-C (Make America Mine Achtung) • BLOWsutra MAxA Series EPx8,MAxA Alphabet Series Compilation - Make America Humane · Kind · Safe · Smart · etcetera Alright?!,Men-Oh-Pause 🩸 KNOWsutra EPx14,My Quest • EPx6 Vol. 2 • GLOWsutra Jacques Brel Dream,Nietzsche's Gift (They Muddy the Water to Make it Look Deep) - KNOWsutra EPx13 Vol. 5,No Fear · My Dear ❢ BLOWsutra Revolution Ring Jazz EPx19,Nous Sommes Le Feu EPx4 ☲ GROWsutra French Peace Indie,Oh My · Oh Why (Socrates Song) - GROWsutra EPx7,Oh · Martine ❃ French GLOW+BOWsutra ❃ Side A+B EPx28,Ordo Amoris in Decay ♡ GROWsutra EPx6,Peace Matters More (The Only Wish Worth Making) 🪽 GROWsutra Birthday Wish Song,Poem (I wanted to be · basically) ℘ EPx14 VOL.01,Predators (why war) EP x11 vol.2,Project 2-0-2-5 (Explicit Fascism Advisory) • Pray for Murica SOULsutra EPx7,Rainbows in the Clouds • GLOWsutra Dub LoFi Blues,Reason over Reverence (No need for God) ☷ KNOWsutra EPx6,RHINOCEROSS ♦ EPx7 ♦ BLOWsutra Surreal Real Poetry,Segggsting • SHOWsutra EPx6 • French Burlesque Jazz Cabaret,Seminal Bollocks - Merry Psychedelic GROWsutra (God Etc.) EPx10,Seminal Bollocks EP,Shades of Fools EPx9,Shady Fools (Oh Can’t You See?) • Vol. 2 EPx9 • BLOWsutra Ego Gone Loco LoFi Burlesque,Spit Back The Lies • BLOWsutra (Revolution Ring) EPx20,SS Means Sacred Sp3rm ☠ BLOWsutra EPx19,SynthemaSutra ♆ SHOWsutra Banana EPx8,Tell the Truth EP x4 BLUESsutra,The Conquest of Happiness (according to Bertrand Russel) ☰ 2 Songs EPx10 ☰ KNOWsutra,The Dystopian Quiz Song ★ EPx15 ★ Acoustic SOULsutra,The Echo Song Song ☭ Vladimir Vysotsky - EPx6  English Cover ☭ BLOWsutra Gipsy Trip Hop Trip,The Great Naked King • SHOWsutra Psychedelick Fools Cabaret EPx30,The Love of a Dove ☩ EPx18 ☩ GROWsutra Peace Fusion Prayer,They Muddy the Waters (aka Nietzsche's Gift) EPx5 VOL. 04,This Is My Quest • GROWsutra (Dare to Care) Dream EPx19,This Is What Dissent Looks Like Now - BLOWsutra (Revolution Ring) Jazz Indie LoFi Dream,Trump Derangement Syndrome ™ EPx7,Trust No One EP x3 VOL.1 ☆ BLOWsutra Alternative Indie ROCK,Tune in the Tender ☲ #GROWsutra EPx9,Two Things · Darling • EPx11 • KNOWsutra (Bertrand) Conscious Gipsy LoFi Blues INDIE,Up a San Francisco Hill EP(x4) VOL.2,Up a San Francisco Hill • Bananasutra Heart Beats,We Live Not By Lies ⚬ EPx12 ⚬ GROWsutra Revolution Ring,We Remember What (We Remember What) We Feel☉EPx5 INDIE GROWsutra,We're Tiny Specks · Right • BOWsutra,Wet (Prickly) Peaches vol.2,What It's About - Blues Dub Murica Mantra EPx7,Where Hope Expires ℧ EPx8 VOL.02,Where We Begin (Preakly Peaches) EPx4,Who Knows Where How Happiness Truly Grows ☰ GROWsutra EPx29,Who's Your Vladdy? EPx10 ☿ BLOWsutra World Peace Fusion Indie,Why Trust an Old · Mean Religion? EPx9 VOL. 01,Why We Can't Be Brave? ☷ GROWsutra (Censored) Cello EPx8,Woke 'em Whacks EPx4 : BLUES & DUBsutra (Music Therapy),Zero Sum (Zero Sean) • GROWsutra (Dare to Care) EPx22"
BLUESsutra,https://soundcloud.com/bananasutra/sets/bluessutra,genre (all),,,"BANJO,BLUES,BURLESQUE,DUB,FOLK,INDIE,JAZZ,LOFI,MANTRA,ROCK",56,65117,799,3:20:18,https://i1.sndcdn.com/artworks-iPtXxjIVQyjzpElZ-rzZZyw-t500x500.png,"[07] Grifters • BLOWsutra Queen of Authentic Country Banjo Folk Dub BLUES,[20] Spit Back The Lies • BLOWsutra (Revolution Ring) Psychedelic Destiny Banjo BLUES,[15] Kiss A Pulse • GLOWsutra (Lucille Clifton Poetry) Psychedelic Destiny Banjo Soul BLUES,[16] Kiss A Pulse • GLOWsutra (Lucille Clifton Poetry) Psychedelic Destiny Banjo Soul BLUES,""[11] Hello, Oh No • GROWsutra Psychedelic Queen of Authentic Dubby Folk Banjo BLUES"",[21] Ego Ain't Your Amigo • BLOWsutra (Ego Gone Loco) Queen of Authentic Dubby Psychedelic Folk BLUES,Side A [01] MAMA-B-C (Make America Mine Achtung) • BLOWsutra Back-to-Basics Folk Indie Cello BLUES,Side A [02] MAMA-B-C (Make America Mine Achtung) • BLOWsutra psychedelic kindness is depth (high) Banjo Folk BLUES,[09] Rainbows in the Clouds • GLOWsutra Maya Mama Classic BLUES,[12] Rainbows in the Clouds • GLOWsutra Maya Mama Classic BLUES,[08] Rainbows in the Clouds • GLOWsutra Queen of Authentic Dubby Folk Classic BLUES,""[01] Sing Your Own Gospel • GROWsutra (God, Etc.) Gipsy Gospel BLUES"",""[11] Two Things, Darling • KNOWsutra Bertrand (Knows) Psychedelic Destiny Banjo BLUES"",""[09] Two Things, Darling • KNOWsutra Bertrand (Knows) Psychedelic Destiny Banjo BLUES"",[01] Not Who Powers • There's No Prayer Like Desire • KNOWsutra But(t) Why Banjo Destiny BLUES,""[10] They Call It Freedom (Oh Hi, Sweet Honey Bun) • BLOWsutra (Revolt Now) Classichedelic Americana BLUES"",""[08] They Call It Freedom (Oh Hi, Sweet Honey Bun) • BLOWsutra (Revolt Now) Classichedelic Americana Dubby Folky BLUES"",""Side B [11] No Fear, My Dear • BLOWsutra Revolt Now Dubby Psychedelic Folky BLUES"",[14] Foolish Goldfish (Forever) • KNOWsutra Peace (Not War) Psychedelic Destiny BLUES,[05] All I Know - Shades of Fools • KNOWsutra Destiny BLUES,[02] Everybody Knows • KNOWsutra Burlesque Trip Hop Indie Dub Piano BLUES,[01] Everybody Knows • KNOWsutra Burlesque Trip Hop Indie Piano BLUES,[08] Tell The Truth • KNOWsutra True BLUES Cover,[06] Tell The Truth • KNOWsutra Cello BLUES Cover,[03] The Echo Song - Vladimir Vysotsky Cover - Russian BLOWsutra Classic Psychedelic Banjo BLUES,Side B [04] READ ME HARDER (BB for Banned Books) - SHOWsutra Psychedelic Destiny Banjo BLUES,[08] The Love Of A Dove - GROWsutra Only The Brave PsyBluegrass Dubby BLUES,[09] The Love Of A Dove - GROWsutra Queen of Authentic Dubby Psychedelic BLUES,[11] The Love Of A Dove - GROWsutra Psychedelic Destiny BLUES,""[17] So, What Is Racism? KNOWsutra Banjo Booya Folk Banjo Harmonica BLUES"",[01] Easy (Death Is Nothing At All) • BOWsutra Weary Banjo Mama BLUES,[04] Ironic Moronic Eugenics • BLOWsutra Psychedelic Banjo Psybass Bluegrass BLUES,""[10] It's War, My Friend • QUACKsutra Psychedelic BLUES"",""[11] It's War, My Friend • QUACKsutra Psychedelic Folk BLUES"",[01] Reason over Reverence (No Need for Gods) • Banjo Blues FOLKsutra,[01] Tune in the Tender • LOFI BLUESsutra,""[02] Thank you, Mister Paine - American Accountability Revolution BLUESsutra"",""[03] Thank you, Mister Paine - American Accountability Revolution BLUESsutra"",[02] What It's About - BLUESsutra,[04] If We Had But(t) The Truth (Not The Quack) - Blues FOLKsutra,[04] Sidération Blues Revolution - A Song of Wrong - BLUESsutra,[07] Sideration - No Velvet Scream - BLUESsutra,[05] Sidération Blues Revolution - A Song of Wrong - BLUESsutra,[02] Sidération Blues Revolution - A Song of Wrong - BLUESsutra,[03] Sidération - The Sky Stood Still 4 - Revolution BLUESsutra,RUN V3 - Destiny BLUES (high),[05] Queer Almighty - Jazzy Queer Almighty - BLUESy BANJOsutra,The Dystopian Quizz Song v3-2 ★ Blues Circus SOULsutra,Wet Peaches • Blues BANJOsutra,Woke-N-Whack-A-Musk ☆ BLUESsutra (1),Woke-N-Whack-A-Musk ☆ BLUESsutra (2),""Ooh, Freedom ♛ BLUESsutra Soul (Public Domain Heavens)"",Tell the Truth : BANJOsutra,#5 Hard Core : Honey BLUESutra,Kamala has a dream (and that duck just blows) • bananasutraBLUES,Kindness • Universal Jazz Cabaret of Blues Chanson • Bananasutra(GROW)","AI Fair Use Manifesto EPx3 VOL.1 : LOFI BURLESQUE BLUES,Ain't Doing Bad Doing Nothing ⭐︎ Public Domain Vol. 02 EPx10 ⭐︎ FLOWsutra Wet JAZZ,All I Know • Shades of Fools (It's the Why) • KNOWsutra EPx5 Vol. 02,Best Teacher Award · in Love & Death : Indie Bliss EPx3 VOL. 1 : BOWsutra,Bloom Past Doom - Vol. 2 · 2 songs EPx7 - BLOWsutra (Revolution Ring Series) Fusion Jazz,Cassandra’s Lullaby • KNOWsutra EPx11 World,Daddy's a Creep ⚞  P3d0 T-Shirts ON SALE ⚟ BLOWsutra EPx4,DEFY ✰ 3 Songs EPx7 ✰ BLOWsutra Jazzy Folk Lo-Fi BLUES,Dressed in (nothing butt) Wonder ★ Exxxplore and Play (EP) x16 Bananas,Easy (Death Is Nothing At All) ❣ BOWsutra EPx9,Ego Ain't Your Amigo • Vol. 2 · EPx21 • BLOWsutra (Ego Gone Loco)  Dub LoFi Burlesque,Ego Ain't Your Amigo ⭐︎ EPx14 VOL. 01 ⭐︎ True Tales of BLUESsutra,En Vrai · On Est Tous Frères ䷁ FRENCH BLUESsutra EPx5,Everybody Knows ✔ Vol. 03 - EPx7 ✔ KNOWsutra Gipsy Trip Hop Truth Prayer Dream,Foolish Goldfish (Forever) ❃ Vol. 02 EPx15 ❃ KNOWsutra Peace (Not War),Freee · La Fille • French SHOWsutra Psychedelic EPx10,Gladys in Sonderland EPx14 • SHOWsutra Psychedelic Gipsy Dream,Grifters • BLOWsutra (Apes Gone Wrong) EPx14,Hammy On Clyde ✪ SHOWsutra EPx8,Hard Core (Questions that Matter) X5,Hello · Oh No • EPx16 • GROWsutra Psychedelic Logic Harmonics,I Ain't No Christian (No Holy Fool) ♥ EPx4 VOL.02,If We Had But(t) The Truth • Vol. 2 EPx22 • BLOWsutra (Censored) Epstein Etcetera Soundtrack,If We Had But(t) The Truth ☲ Easterican Profanities EPx5 ☲ QUACKsutra,Ironic Moronic Eugenics ☤ What Happens When KNOWsutra & BLOWsutra Make a Baby,It's War · My Friend ☳ QUACKsutra EPx15,Jacques Brel : French EPx9 : GLOWsutra Burlesque Indie Blues Gratitude POET(ry),Jealousy (not for me) ♡ GROWsutra EPx22,Jolly Poo - EPx15 VOL. 01 - Banjo Blues BLOWsutra,Joseph Campbell's Truth Metaphors ☷ KNOWsutra EPx12,Kindness Matters - Human Life Soundtrack EP,Kiss A Pulse • GLOWsutra (Lucille Clifton Poetry) EPx16,MAHA (Make America Humane Again) ☆ VOL.2 EPx6 ☆ BLOWsutra (MAxA Series) Psychedelic Trip Hop,MAKA MAKA EPx7 ⭐︎ MAxA Series · Vol. 4,MAMA-B-C (Make America Mine Achtung Encore) • BLOWsutra MAxA Series EPx3,MAMA-B-C (Make America Mine Achtung) • BLOWsutra MAxA Series EPx8,MAxA Alphabet Series Compilation - Make America Humane · Kind · Safe · Smart · etcetera Alright?!,Men-Oh-Pause 🩸 KNOWsutra EPx14,My Quest • EPx6 Vol. 2 • GLOWsutra Jacques Brel Dream,No Fear · My Dear ❢ BLOWsutra Revolution Ring Jazz EPx19,Oh · Freedom EP x10 ♛ BLUESsutra (Public Domain Lyrics),Oh · Martine ❃ French GLOW+BOWsutra ❃ Side A+B EPx28,Pedo Nation ★ Felon Nation Redux ★ BLOWsutra EPx14,Poem (I wanted to be · basically) ℘ EPx14 VOL.01,Pro-life means what · honey?,Project 2-0-2-5 (Explicit Fascism Advisory) • Pray for Murica SOULsutra EPx7,Queer Almighty (Holy Questions Matter) - EPx16 VOL. 02,Question the Nation • EPx10 • BLOWsutra Psychedelic Dub Revolution,Rainbows in the Clouds • GLOWsutra Dub LoFi Blues,Read Me Harder (BB is for Banned Books) ☆ SHOWsutra Side A+B EPx19,Reason over Reverence (No need for God) ☷ KNOWsutra EPx6,RHINOCEROSS ♦ EPx7 ♦ BLOWsutra Surreal Real Poetry,RUN (now · if you can),Second Hand Smoke (of) Arrogant Hearts - BLOWsutra EGO Therapy EPx6,Shades of Fools EPx9,Sidération - The Sky Stood Still - EPx6 VOL. 2 of 4,Sidération Blues - A Song of Wrong - EPx7 Vol 3 of 4,Sing Your Own Gospel • Vol. 2 EPx7 • GROWsutra (God · Etc) Revolutionary Gipsy JAZZ,So · What Is Racism? KNOWsutra Gone Banana EPx17,Spit Back The Lies • BLOWsutra (Revolution Ring) EPx20,SS Means Sacred Sp3rm ☠ BLOWsutra EPx19,Tell The Truth (encore) KNOWsutra EPx9 Vol. 04,Tell the Truth EP x4 BLUESsutra,Thank you · Mister Paine - American Accountability Revolution Blues EPx3,The Accordion of Ignorance EP X4,The Dystopian Quiz Song ★ EPx15 ★ Acoustic SOULsutra,The Echo Song ☭ Russian EPx3 ☭ Gipsy BLOWsutra LoFi Blues (Vladimir Vysotsky Cover),The Great Naked King • SHOWsutra Psychedelick Fools Cabaret EPx30,The Invisible Man in the Sky (a song inspired by George Carlin) EPx8 VOL.01,The Love of a Dove ☩ EPx18 ☩ GROWsutra Peace Fusion Prayer,There's No Prayer Like Desire • KNOWsutra But(t) Why EPx4,They Call It Freedom (Oh Hi · Sweet Honey Bun) ✯ BLOWsutra (Revolt Now) EPx11,Trump Derangement Syndrome ™ EPx7,Tune in the Tender ☲ #GROWsutra EPx9,Two Things · Darling • EPx11 • KNOWsutra (Bertrand) Conscious Gipsy LoFi Blues INDIE,Untamed EP X3,Wet (Prickly) Peaches vol.2,What It's About - Blues Dub Murica Mantra EPx7,Why Trust an Old · Mean Religion? EPx9 VOL. 01,Why You Lie (to the People's Face) EP x7 ☠ QUACKsutra,Woke 'em Whacks EPx4 : BLUES & DUBsutra (Music Therapy)"
LOFIsutra,https://soundcloud.com/bananasutra/sets/lofisutra,genre (all),,,"BANJO,BLUES,BURLESQUE,DUB,FOLK,INDIE,JAZZ,LOFI,MANTRA,ROCK",98,124273,1199,5:06:01,https://i1.sndcdn.com/artworks-iPtXxjIVQyjzpElZ-rzZZyw-t500x500.png,"""[06] We're Tiny Specks, Right • BOWsutra (Cosmic Banana) Psychedelick Indie Cello LOFI"",""[03] We're Tiny Specks, Right • BOWsutra (Cosmic Banana) Psychedelick Indie Hop Hop LOFI"",""[01] We're Tiny Specks, Right • BOWsutra (Cosmic Banana) Psychedelick Indie Hop Hop LOFI"",[29] The Great Naked King • SHOWsutra Psychedelick Hillbilly Hop Pop Blues Banjo LOFI,[19] The Great Naked King • SHOWsutra Psychedelick Gipsy Hip Hop Jazz LOFI,[26] The Great Naked King • SHOWsutra Psychedelick Hillbilly Hop Pop Indie Blues Banjo LOFI,[22] The Great Naked King • SHOWsutra Psychedelick Hop Pop Piano Jazz LOFI,""[04] So, What Is Racism • KNOWsutra Ethically Gipsy Fusion LOFI"",""[07] So, What Is Racism • KNOWsutra Ethically Gipsy Fusion LOFI"",[03] Zero Sum • GROWsutra Hypnotic Post-Punk Motorik Fusion LOFI,[06] Zero Sum • GROWsutra Psychedelick Gipsy Hop Fusion LOFI,[01] Zero Sum • GROWsutra Hypnotic Post-Punk Motorik Fusion LOFI,[09] Curious Like A Kiss • FLOWsutra Cheeky Duende Arabesk Dub LOFI,[07] Curious Like A Kiss • FLOWsutra Cheeky Duende Gipsy Fusion LOFI,[10] Curious Like A Kiss • FLOWsutra Cheeky Duende Arabesk Dub LOFI,[05] But(t) How Can You GROWsutra F-Bomb Psychedelic Hip Hop LOFI,[11] Spit Back The Lies • BLOWsutra (Revolution Ring) Indie Gipsy Hip Hop Fusion LOFI,[13] Spit Back The Lies • BLOWsutra (Revolution Ring) Psychedelic Bruh Hip Hop Dub LOFI,[03] Kiss A Pulse • GLOWsutra (Lucille Clifton Poetry) Indie Gipsy Fusion LOFI,""[07] Hello, Oh No • GROWsutra Psychedelic Gipsy Fusion LOFI"",[04] One Percent Rising • GROWsutra (Dare to Care) Psychedelic Indie Gipsy Hip Hop Fusion LOFI,[13] Ego Ain't Your Amigo • BLOWsutra (Ego Gone Loco) Psychedelic Cello Burlesque Jazz LOFI,[15] Ego Ain't Your Amigo • BLOWsutra (Ego Gone Loco) Psychedelic Gipsy Indie Jazz Fusion LOFI,[06] Question The Nation • BLOWsutra (Revolt Now) Gipsy Indie Trip Hop(e) Dub LOFI,[09] Question The Nation • BLOWsutra (Revolt Now) SWK Dubby Raw Acoustic Bass Jazz LOFI,Side B [03] MAMA-B-C (Make America Mine Achtung) • BLOWsutra Trip Hop Smooth LOFI,[01] MAHA (Make America Humane Again) • Vol. 2 • BLOWsutra Gipsy Trip Hop Blues LOFI,[06] MAHA (Make America Humane Again) • Vol. 2 • BLOWsutra Gipsy Bass Trip Drum Hop Blues LOFI,[04] MAHA (Make America Humane Again) • Vol. 2 • BLOWsutra Gipsy LoFi Trip Hip Blop LOFI,[11] What Dissent Looks Like Now • BLOWsutra Psychedelic Hip Hop BRUH Cabaret Rap LOFI,Side A [01] If We Had But(t) The Truth • BLOWsutra (Censored) Jazzy Psychedelic Hip Trip Hop LOFI,[04] Rainbows in the Clouds • GLOWsutra Gipsy Jazz Conscious Fusion LOFI,[02] Rainbows in the Clouds • GLOWsutra Gipsy Jazz Conscious Fusion LOFI,[05] Rainbows in the Clouds • GLOWsutra Gipsy Jazz Conscious Fusion LOFI,""[01] The Atheist Tango • GROWsutra (God, Etc) Conscious Gipsy Burlesque Fusion LOFI"",""[02] The Atheist Tango • GROWsutra (God, Etc) Conscious Gipsy Burlesque Fusion LOFI"",""[03] The Atheist Tango • GROWsutra (God, Etc) Conscious Gipsy Burlesque Fusion LOFI"",""[04] The Atheist Tango • GROWsutra (God, Etc) Conscious Gipsy Burlesque Fusion LOFI"",""[05] The Atheist Tango • GROWsutra (God, Etc) Conscious Gipsy Burlesque Fusion LOFI"",Side B [01] Shameless - DEFY EP Vol 2 - BLOWsutra Revolution Ring Psychedelic Trip Hop(e) LOFI,""[14] It's an Ethical Paradox, an Oxymoron Maze • KNOWsutra (Bertrand Knows) Gipsy Burlesque Jazz Cello LOFI"",""[13] It's an Ethical Paradox, an Oxymoron Maze • KNOWsutra (Bertrand Knows) Gipsy Burlesque Jazz Cello Trip Hop LOFI"",[01] Awe Is Mighty (Maybe Even Holy) - GLOWsutra Conscious Indie trip Hop(e) Blues Lullaby LOFI,""[07] Seminal Bollocks - GROWsutra (God, Etc) Gipsy Trip BRUH Hop LOFI"",""[06] Seminal Bollocks - GROWsutra (God, Etc) Psychedelic Tzigane Fusion Folk LOFI"",Side A [06] Donkeys Years • SHOWsutra Fanana Club Gipsy Cabaret Indie LOFI,Side A [09] Donkeys Years • SHOWsutra Fanana Club Gipsy Cabaret Indie Cello LOFI,""[02] They Call It Freedom (Oh Hi, Sweet Honey Bun) • BLOWsutra (Revolt Now) Psychedelic Gipsy Dadadam Indie LOFI"",""[06] They Call It Freedom (Oh Hi, Sweet Honey Bun) • BLOWsutra (Revolt Now) Psychedelic Gipsy Cello Trip Hip Hop Indie LOFI"",[02] Kids Are Asking - KNOWsutra But(t) Why Acoustic Trip Hop LoFi JAZZ,[07] Why We Can't Be Brave - GROWsutra (Censored) Psychedelic Hip Hop Cello Indie Dub Fusion LOFI,[08] Why We Can't Be Brave - GROWsutra (Censored) Psychedelic Hip Hop Cello Indie Dub Fusion LOFI,""Side B [18] No Fear, My Dear • BLOWsutra Revolt Now Psychedelic Gipsy World Fusion Indie LOFI"",[08] Foolish Goldfish (Forever) • KNOWsutra Peace (Not War) Psychedelic Tzigane Soul Fusion LOFI,[07] Foolish Goldfish (Forever) • KNOWsutra Peace (Not War) Psychedelic Tzigane Soul Fusion LOFI,[02] Synthema Sutras - SHOWsutra Banana Tzigane Conscious Soul Fusion Indie LOFI,""[12] Hey, Creeps • BLOWsutra Ego Gone Loco Tzigane Fusion LOFI"",""[02] Hey, Creeps • BLOWsutra Ego Gone à la Psychedelic Gipsy Grouchy Cosmic Punk LOFI"",""[01] Hey, Creeps • BLOWsutra Ego Gone à la Psychedelic Gipsy Bonobo Cosmic Punk LOFI"",""[05] Hey, Creeps • BLOWsutra Ego Gone Bamboozlers Indie CelLOFI"",""[13] Hey, Creeps • BLOWsutra Ego Gone Psychedelic Hip Hop Storyteller LOFI"",[06] Shady Fools (Oh Can’t You See?) • BLOWsutra Arabesk Fado Hip Hop LOFI,[07] We Live Not By Lies - GROWsutra Tzigane Arabesk Fusion Indie LOFI,Side A [03] Secondhand Smoke • BLOWsutra Ego Gone Loco Gipsy Indie Trip Hop LOFI,Side A [01] Secondhand Smoke • BLOWsutra Ego Gone Loco Gipsy Indie Trip Hop LOFI,Side B [02] CREEPYPASTA • SHOWsutra Trip Storyteller LOFI,Side B [01] CREEPYPASTA • SHOWsutra Trip Storyteller LOFI,""[08] Hi, My Name Is (Not Céline Dion) - SHOWsutra Gipsy Fusion Trip Hop World LOFI"",""[02] Hi, My Name Is (Not Céline Dion) - SHOWsutra Gipsy Fusion Trip Hop World LOFI"",[32] Letter to My Friend (Never Again) • GROWsutra She Wanna Know PsyBass Circus JAZZ,[06] La Force Douce - French GROWsutra Tzigane Peace Soul Fusion LoFi INDIE,[02] L'Embobinage (d'après Carl Sagan) • French GROWsutra World Peace CelLOFI,[05] L'Embobinage (d'après Carl Sagan) • French GROWsutra World Peace Tzigane Fusion INDIE,[01] L'Embobinage (d'après Carl Sagan) • French GROWsutra World Peace CelLOFI,[01] RhinoceroSS - BLOWsutra She Wanna Know Indie LOFI,[04] Who's Your Vladdy • BLOWsutra Psychedelic World Soul FUSION,[13] They Muddy the Water • Nietzsche's Gift • KNOWsutra Drum LOFI,[06] All Lame-Isms (Queen of Authentic) - BLOWsutra FOLK,[02] Joseph Campbell - Hold the Sacred - KNOWsutra Chillhop Piano Psy-LOFI,[10] PEDO Nation • Cello Trip Hop LOFI,[04] Ordo Amoris In Decay - Indie LOFIsutra,[02] Sideration's Calling • White House's Burning • Jazzy LOFI DUBsutra,[05] Glitter and Guts - Bass Revolution LOFIsutra,""[04] Okey Dokey, No It's Not • Jazzy LOFIsutra"",""[03] Okey Dokey, No It's Not • Indie LOFIsutra"",""[02] Okey Dokey, No It's Not • Indie LOFIsutra"",""[05] Okey Dokey, No It's Not • Jazzy LOFIsutra"",[01] Because the Light (wontdietonight) ⭐︎ Breathy LOFIsutra,[02] A Man's a Man and A' That - VOL. 02 - A Spin on Robert Burns' Revolutionary Song - Capela MANTRA LOFI,[4] Shush the Bull Bro (Please) • DUBsutra,[5] stymy stymy yuck • Arabesk DUB,[2] Make your Own Bible - pbgal Burlesque LOFI,""En Vrai, On Est Tous Frères • LOFI BLUES FRENCHsutra"",Poetry Matters • LOFI DUBsutra,Predators (why Kids Are Allowed To Die) • CELLOsutra,Predators (always Inspired) 5,Le Poids de l'Ego v1 • sutraFRENCH • Burlesque Ego Dub Cabaret,Nietzsche’s Gift V.3 • LOFI Jazzz • sutraKNOW","A Letter to My Friend (Never Again) EPx44 ☮ GROWsutra World Peace Mantra,A Man's a Man and A' That (à la bananasutra) EPx3 - VOL. 02 - Revolution Forever,AI Fair Use Manifesto EPx3 VOL.1 : LOFI BURLESQUE BLUES,All the -Isms | BLOWsutra EPx7,Awe Is Mighty (Maybe Even Holy) - GLOWsutra Conscious Indie LoFi Lullaby EPx2,Because the Light ☉ EPx4 VOL.01,Bo Burnham Gone Bananas 🍌 COVERsutra Vaudeville Indie JAZZ EPx11,But(t) How Can You? GROWsutra (Dare to Care) EPx10,Courage · Care · and Coconuts © GROWsutra EPx4,Creepy Con Meme EPX2 • Dicky Ducky DUBsutra,CREEPYPASTA (what the hella) ♅ SHOWsutra ♅ EPx23 Side A+B,Curious Like A Kiss • FLOWsutra Cheeky Duende EPx11,DEFY (Vol 2) - 3 Songs EPx6 - BLOWsutra Revolution Ring LoFi Jazz Fusion,DEFY ✰ 3 Songs EPx7 ✰ BLOWsutra Jazzy Folk Lo-Fi BLUES,Do Panic Now ✝ GROWsutra EPx13,Donkeys Years - SHOWsutra Fanana Club Gratitude EPx20,Dump Trump EPx4 🪦 BLOWsutra Burlesque ROCK,Ego Ain't Your Amigo • Vol. 2 · EPx21 • BLOWsutra (Ego Gone Loco)  Dub LoFi Burlesque,En Vrai · On Est Tous Frères ䷁ FRENCH BLUESsutra EPx5,Ethical Paradox (Bertrand Undone),Everybody Knows EP x6 : INDIEsutra,Foolish Goldfish (Forever) ❃ Vol. 02 EPx15 ❃ KNOWsutra Peace (Not War),FOTUS CIRCUS ★ VOL.2 EPx10 ★ BURLESQUEsutra,Freee · La Fille • French SHOWsutra Psychedelic EPx10,Glitter on a Turd ❯ GROWsutra Banana Cabaret EPx5,Grifters • BLOWsutra (Apes Gone Wrong) EPx14,Hammy On Clyde ✪ SHOWsutra EPx8,Hello · Oh No • EPx16 • GROWsutra Psychedelic Logic Harmonics,Hey · Creeps • EPx20 • BLOWsutra Ego Gone Loco,Hi · My Name Is (Not Celine Dion) - Vol03 EPx11 - SHOWsutra Gipsy Trip Hop World LoFi Edition,How to Help a Bible Bro Grow Up · In the name of Religious Freedom,I Think I Need a Good Spank!ng (in Madrid) ⚯ SHOWsutra EPx9,If We Had But(t) The Truth • Vol. 2 EPx22 • BLOWsutra (Censored) Epstein Etcetera Soundtrack,It's an Ethical Paradox • Vol. 2 EPx15 • KNOWsutra (Bertrand Knows) Gipsy Burlesque Jazz,Jealousy (not for me) ♡ GROWsutra EPx22,Joseph Campbell's Truth Metaphors ☷ KNOWsutra EPx12,Kids Are Asking ✪ KNOWsutra But(t) Why EPx3,Kindness Matters - Human Life Soundtrack EP,Kiss A Pulse • GLOWsutra (Lucille Clifton Poetry) EPx16,L'Embobinage (d'après Carl Sagan) • French GROWsutra EPx17,La Force Douce EPx7 ✪ French GROWsutra World Peace Duende LoFi Indie Fusion,La Poesia Importa ♕ EPx7 VOL.01 ♕ Bananasutra En Español,Le Système EP MIX X16 | Bluesy French Jazz,Linguistic Weaponry EPx7 Burlesque DUBsutra,MAHA (Make America Humane Again) ☆ VOL.2 EPx6 ☆ BLOWsutra (MAxA Series) Psychedelic Trip Hop,Make Amurica Gulag Again ☭ BLOWsutra DUB EPx25,Make your Own Bible EP x6 VOL. 1 ℧ A Jazzy Burlesque Folk Trip Hop LOFI Venture (oui oui),Male Fantasies - bananasutra EPx2 Vol. 03,Male Fantasies • CheekySUTRA EPx6 VOL. 02,MAMA-B-C (Make America Mine Achtung) • BLOWsutra MAxA Series EPx8,MAxA Alphabet Series Compilation - Make America Humane · Kind · Safe · Smart · etcetera Alright?!,Men-Oh-Pause 🩸 KNOWsutra EPx14,Muddy Waters EP,Nietzsche's Gift (They Muddy the Water to Make it Look Deep) - KNOWsutra EPx13 Vol. 5,No Fear · My Dear ❢ BLOWsutra Revolution Ring Jazz EPx19,Oh · Martine ❃ French GLOW+BOWsutra ❃ Side A+B EPx28,Okey Dokey · No It's Not Ξ EPx5 Ξ LOFIsutra,One Percent Rising • GROWsutra (Dare to Care) Psychedelic Indie EPx6,Ordo Amoris in Decay ♡ GROWsutra EPx6,Pedo Nation ★ Felon Nation Redux ★ BLOWsutra EPx14,Poem (I wanted to be · basically) ℘ EPx14 VOL.01,Poetry Matters EP vol.3,Predators (why war) EP x11 vol.2,Question di Kingdom ✰ Ragga DUBsutra EPx10,Question the Nation • EPx10 • BLOWsutra Psychedelic Dub Revolution,Rainbows in the Clouds • GLOWsutra Dub LoFi Blues,Relative Steve - KNOWsutra Hip de la HoP EPx2 Bass Interlude,RHINOCEROSS ♦ EPx7 ♦ BLOWsutra Surreal Real Poetry,Second Hand Smoke (of) Arrogant Hearts - BLOWsutra EGO Therapy EPx6,Segggsting • SHOWsutra EPx6 • French Burlesque Jazz Cabaret,Seminal Bollocks - Merry Psychedelic GROWsutra (God Etc.) EPx10,Shady Fools (Oh Can’t You See?) • Vol. 2 EPx9 • BLOWsutra Ego Gone Loco LoFi Burlesque,Sidération - Spoken Words Intro - EPx3 VOL. 1 of 4,Sidération's Calling - White House's Burning - EPx13 Vol 4 of 4,So · What Is Racism • EPx9 Vol. 2 • KNOWsutra Gipsy Jazz + LoFi,Spit Back The Lies • BLOWsutra (Revolution Ring) EPx20,SS Means Sacred Sp3rm ☠ BLOWsutra EPx19,Stymy Stymy Yuck : A Story of Old Bastards - EPx5 VOL.1 - DUBsutra,SynthemaSutra ♆ SHOWsutra Banana EPx8,The Atheist Tango • Vol. 2 EPx12  •  GROWsutra (God · Etc) Conscious Gipsy LoFi Burlesque Jazz,The Echo Song Song ☭ Vladimir Vysotsky - EPx6  English Cover ☭ BLOWsutra Gipsy Trip Hop Trip,The Echo Song ☭ Russian EPx3 ☭ Gipsy BLOWsutra LoFi Blues (Vladimir Vysotsky Cover),The Great Naked King • SHOWsutra Psychedelick Fools Cabaret EPx30,The Invisible Man in the Sky (a song inspired by George Carlin) EPx8 VOL.01,They Call It Freedom (Oh Hi · Sweet Honey Bun) ✯ BLOWsutra (Revolt Now) EPx11,They Muddy the Waters (aka Nietzsche's Gift) EPx5 VOL. 04,This Is What Dissent Looks Like Now - BLOWsutra (Revolution Ring) Jazz Indie LoFi Dream,Too Hard · My Friend • FLOWsutra (Fly Like Water) Lullabies EPx2,Two Things · Darling • EPx11 • KNOWsutra (Bertrand) Conscious Gipsy LoFi Blues INDIE,We Live Not By Lies ⚬ EPx12 ⚬ GROWsutra Revolution Ring,We're Tiny Specks · Right • BOWsutra,What's F-A-S-C-I-S-T? EPx8 VOL. 1 ☆ BLOWsutra JAZZ FOLK Fusion,When We Duende · Encore ★ Arabesk Fado Soul EPx2 VOL.2,Who Knows Where How Happiness Truly Grows ☰ GROWsutra EPx29,Who's Your Vladdy? EPx10 ☿ BLOWsutra World Peace Fusion Indie,Who's Your Vladdy? EPx2 VOL.02 ☿ BLOWsutra World Peace LOFI + ROCK,Why Trust an Old · Mean Religion? EPx9 VOL. 01,Why We Can't Be Brave? ☷ GROWsutra (Censored) Cello EPx8,Why You Lie (to the People's Face) EP x7 ☠ QUACKsutra,Woke 'em Whacks EPx4 : BLUES & DUBsutra (Music Therapy),Zero Sum (Zero Sean) • GROWsutra (Dare to Care) EPx22"
FOLKsutra,https://soundcloud.com/bananasutra/sets/folksutra,genre (all),,,"BANJO,BLUES,BURLESQUE,DUB,FOLK,INDIE,JAZZ,LOFI",35,22485,243,1:53:37,https://i1.sndcdn.com/artworks-XITSzbW3Jfw7E2Bb-d1yIpQ-t500x500.png,"""[01] Rise Up, You Naked People (Freedom Rings) - BLOWsutra Victor Hugo Revolution Ring FOLK"",Side B [15] If We Had But(t) The Truth • BLOWsutra (Censored) Gipsy Psychedelia Accordion Cello Indie FOLK,Side B [07] Revolution's Lit (This Ain't Fiction) - BLOWsutra Revolt Now Bluesy Psychedelic Americana Banjo FOLK,""[07] They Call It Freedom (Oh Hi, Sweet Honey Bun) • BLOWsutra  (Revolt Now) Psychedelic Dubby Americana Indie LoFi FOLK"",""Side B [12] No Fear, My Dear • BLOWsutra Revolt Now Dubby Bluesy Jazzy Psychedelic Chanson Piano FOLK"",""Side B [13] No Fear, My Dear • BLOWsutra Revolt Now Dubby Psychedelic FOLK"",[06] All Lame-Isms (Queen of Authentic) - BLOWsutra FOLK,[03] Cassandra's Lullaby • World Reckoning INDIE FOLK,[18] Who Knows Where How Happiness Truly Grows • DUENDE FOLK,[01] DO PANIC NOW - Murica Galaxy Rule Number 1 - Sweet FOLK,[10] SS Means Sacred Sp3rm • Oh Baby FOLK,[01] Reason over Reverence (No Need for Gods) • Banjo Blues FOLKsutra,[04] If We Had But(t) The Truth (Not The Quack) - Blues FOLKsutra,""[02] Courage, Care, and Coconuts (Kindness is Clear more than Nice) - Dreamy Indie FOLKsutra"",RUN v2 - Duende Amoris FOLK,Kindness (single) VOL. 04,Where Hope Expires - Queen of Authentic FOLK,Where Hope Expires - dem sed Dub INDIE FOLK,The Dystopian Quizz Song v3-2 ★ Blues Circus SOULsutra,[13] Mass Media Freakshow - McKenna's Folk,[8] How do kids learn • DRUM FOLKsutra,MAKA MAKA Murica (Kindness Gone Folk),Where Hope Expires • Folk BANJOsutra,[5] MAHA • Make America Humane Again • Authentic Banjo FOLKsutra,Shady Fools • FOLKsutra,Project 2-0-2-5 • Dummy FOLKsutra,""En Vrai, On Est Tous Frères • LOFI BLUES FRENCHsutra"",Woke-N-Whack-A-Musk ☆ BLUESsutra (2),(what u) think about? • (introvert) FOLKsutra,Mind the Felon (two) • FOLKsutra,#3 The Quest of an Unyielding Star (v2) • Jacques Brel Remake • Bananasutra Jazz,#2 The Quest of an Unyielding Star (v3) • Jacques Brel Remake • Bananasutra Jazz,Just Gasp(be) • Jazzy DUB Poetry • sutraFLOW (v1),""Genius, You See V.1 • Indie Jazz Folk Lullaby  • sutraKNOW inspired by Albert Einstein"",""Hey, You (Creepers) • Fake Folk(s) True Tale • Bananasutra(BLOW) Authentic Imagination Music""","A stroll down history’s lane ☆ KNOWsutra ☆ EPx6 Vol. 1,All the -Isms | BLOWsutra EPx7,Atheist Tango EP x9 VOL. 1 ☰ Waldo's Burlesque Tales of Truth,Blaise's Tale ⭐︎ EPx3 ⭐︎ KNOWsutra Folk Cabaret,Bloom Past Doom (Apes Gone Wrong Series) EPx5 - BLOWsutra (Revolt Now)  Grassroots Hope Song,Bloom Past Doom - Vol. 2 · 2 songs EPx7 - BLOWsutra (Revolution Ring Series) Fusion Jazz,But(t) How you Kids Learn Now? EPx9 VOL. 01,Cassandra’s Lullaby • KNOWsutra EPx11 World,Courage · Care · and Coconuts © GROWsutra EPx4,Crimina/els EP,Do Panic Now ✝ GROWsutra EPx13,Double Standards EPx4 VOL. 2 ★ BLOWsutra LOFI,Ego Ain't Your Amigo ⭐︎ EPx14 VOL. 01 ⭐︎ True Tales of BLUESsutra,En Vrai · On Est Tous Frères ䷁ FRENCH BLUESsutra EPx5,Ethical Paradox (Bertrand Undone),Foolish EPx5,Foolish Goldfish (Forever) ❃ Vol. 02 EPx15 ❃ KNOWsutra Peace (Not War),Genius EP,Hereby · I Cry ☠ BLOWsutra EPx5,Hi · My Name Is (Not Celine Dion) - Vol02 EPx11 - SHOWsutra Dubby Grass Burlesque Edition,How to Help a Bible Bro Grow Up · In the name of Religious Freedom,I Ain't No Christian (No Holy Fool) ♥ EPx4 VOL.02,Idiocracy Now ✪ QUACKsutra EPx10,If We Had But(t) The Truth • Vol. 2 EPx22 • BLOWsutra (Censored) Epstein Etcetera Soundtrack,If We Had But(t) The Truth ☲ Easterican Profanities EPx5 ☲ QUACKsutra,Ironic Moronic Eugenics ☤ What Happens When KNOWsutra & BLOWsutra Make a Baby,Just Be EP X7 | Vocal Honey Audio Ideals,Kids Are Asking ✪ KNOWsutra But(t) Why EPx3,Kindness Matters - Human Life Soundtrack EP,L'Accordéon de l'Ignorance EP X9,Le Système EP MIX X16 | Bluesy French Jazz,Lightly · My Darling ✦ FLOWsutra (Fly Like Water) BANJO EPx5,Mass Media Freakshow EPx13 VOL.02 ⭐︎ Terrence MCKenna KNOWs ⭐︎ Burlesque or Snooze?,MAxA Alphabet Series Compilation - Make America Humane · Kind · Safe · Smart · etcetera Alright?!,Men-Oh-Pause 🩸 KNOWsutra EPx14,Mind the Felon EP X5 | JAZZ LOFI : Psychedelic Paradox Soul Chanson,New Normalcy (Planet Earth to Higher Grounds) EP x7,No Fear · My Dear ❢ BLOWsutra Revolution Ring Jazz EPx19,Oh My · Oh Why (Socrates Song) - GROWsutra EPx7,Oh · Freedom EP x10 ♛ BLUESsutra (Public Domain Lyrics),Poem (I wanted to be · basically) ℘ EPx14 VOL.01,Predators (why war) EP x11 vol.2,Project 2-0-2-5 (Explicit Fascism Advisory) • Pray for Murica SOULsutra EPx7,Rainbows in the Clouds • GLOWsutra Dub LoFi Blues,Reason over Reverence (No need for God) ☷ KNOWsutra EPx6,Rise Up · You Naked Peoples (Freedom Rings) ☆ BLOWsutra Victor Hugo Revolution Song,RUN (now · if you can),Seminal Bollocks - Merry Psychedelic GROWsutra (God Etc.) EPx10,Sing Your Own Gospel • Vol. 2 EPx7 • GROWsutra (God · Etc) Revolutionary Gipsy JAZZ,SS Means Sacred Sp3rm ☠ BLOWsutra EPx19,The Accordion of Ignorance EP X4,The Conquest of Happiness (according to Bertrand Russel) ☰ 2 Songs EPx10 ☰ KNOWsutra,The Dystopian Quiz Song ★ EPx15 ★ Acoustic SOULsutra,The Invisible Man in the Sky (a song inspired by George Carlin) EPx8 VOL.01,The Love of a Dove ☩ EPx18 ☩ GROWsutra Peace Fusion Prayer,They Call It Freedom (Oh Hi · Sweet Honey Bun) ✯ BLOWsutra (Revolt Now) EPx11,To Dream EP X8 | Jacques Brel Chanson Reimagined : Psychedelic French Poetry JAZZsutra X5,Untamed EP X3,What's F-A-S-C-I-S-T? EPx8 VOL. 1 ☆ BLOWsutra JAZZ FOLK Fusion,Where Hope Expires ℧ EPx8 VOL.02,Who Knows Where How Happiness Truly Grows ☰ GROWsutra EPx29,Why Trust an Old · Mean Religion? EPx9 VOL. 01,Woke 'em Whacks EPx4 : BLUES & DUBsutra (Music Therapy)"
MANTRAsutra,https://soundcloud.com/bananasutra/sets/mantrasutra,genre (all),,,"BANJO,BLUES,BURLESQUE,DUB,FOLK,INDIE,JAZZ,LOFI,MANTRA",15,9112,114,51:32,https://i1.sndcdn.com/artworks-OV8ZRGizQyraCB7N-C8HWOQ-t500x500.png,"[02] Awe Is Mighty (Maybe Even Holy) - GLOWsutra Psychedelic Folk Circus Dreamy Drum Indie MANTRA,Side B [03] Arrogant Hearts - BLOWsutra Indie Cello MANTRA,[02] EGO's masquerade • Tzigane Trip Hop Lo-Fi INDIE,[02] Joseph Campbell - Hold the Sacred - KNOWsutra Chillhop Piano Psy-LOFI,[11] Cassandra's Lullaby • Jewish Drum Indie Jazz MANTRA,""[05] Hereby, I Cry • Arabesk Drum MANTRA"",[13] PEDO Nation • High Drum Prayer MANTRA,[15] Queer Almighty - Drum Mantra DUBsutra,[02] A Man's a Man and A' That - VOL. 02 - A Spin on Robert Burns' Revolutionary Song - Capela MANTRA LOFI,[7] Your rules don’t apply to me • Indie MANTRAsutra,""En Vrai, On Est Tous Frères • LOFI BLUES FRENCHsutra"",Poetry Matters • LOFI DUBsutra,i did the math and everything is stupid • DRUMsutra.wav,(what u) think about? • (introvert) FOLKsutra,Just Grind(ha) • Harmonica Blues Lo-fi • sutraFLOW","A Man's a Man and A' That (à la bananasutra) EPx3 - VOL. 02 - Revolution Forever,A Man's A Man for A' That - VOL. 01 - Revolution Forever,A stroll down history’s lane ☆ KNOWsutra ☆ EPx6 Vol. 1,ABCs of Kindness - KNOWsutra,Awe Is Mighty (Maybe Even Holy) - GLOWsutra Conscious Indie LoFi Lullaby EPx2,Because the Light ☉ EPx4 VOL.01,Best Teacher Award · in Love & Death : Indie Bliss EPx3 VOL. 1 : BOWsutra,Cassandra’s Lullaby • KNOWsutra EPx11 World,Creo (La Poesia) ☘ EPx10 VOL.01 ☘ Bananasutra En Español,Daddy's a Creep ⚞  P3d0 T-Shirts ON SALE ⚟ BLOWsutra EPx4,Darling EP,Do Panic Now ✝ GROWsutra EPx13,Double Standards EPx4 VOL. 2 ★ BLOWsutra LOFI,EGO's Masquerade • EPx4 • BLOWsutra Tzigane Trip Hop Lo-Fi INDIE,En Vrai · On Est Tous Frères ䷁ FRENCH BLUESsutra EPx5,Everybody Knows EP x6 : INDIEsutra,FOTUS CIRCUS ★ VOL.3 EPx9 ★ BURLESQUEsutra,HashtagWHY (to be ctd...),Hereby · I Cry ☠ BLOWsutra EPx5,Hold the Mic · Babe  EP X7 | Soul Prayer Lullabies,How to Help a Bible Bro Grow Up · In the name of Religious Freedom,If We Had But(t) The Truth ☲ Easterican Profanities EPx5 ☲ QUACKsutra,Jolly Poo - EPx15 VOL. 01 - Banjo Blues BLOWsutra,Joseph Campbell's Truth Metaphors ☷ KNOWsutra EPx12,Just Be EP X7 | Vocal Honey Audio Ideals,Kids Are Asking ✪ KNOWsutra But(t) Why EPx3,L'Accordéon de l'Ignorance EP X9,Linguistic Weaponry EPx4 (Vol 2) DUBsutra,Mind the Felon EP X5 | JAZZ LOFI : Psychedelic Paradox Soul Chanson,Nous Sommes Le Feu EPx4 ☲ GROWsutra French Peace Indie,Oh My · Oh Why (Socrates Song) - GROWsutra EPx7,Pedo Nation ★ Felon Nation Redux ★ BLOWsutra EPx14,Poetry Matters EP vol.3,Predators (why war) EP x11 vol.2,Queer Almighty (Holy Questions Matter) - EPx16 VOL. 02,Second Hand Smoke (of) Arrogant Hearts - BLOWsutra EGO Therapy EPx6,Sidération - Spoken Words Intro - EPx3 VOL. 1 of 4,Sidération - The Sky Stood Still - EPx6 VOL. 2 of 4,SS Means Sacred Sp3rm ☠ BLOWsutra EPx19,The Conquest of Happiness (according to Bertrand Russel) ☰ 2 Songs EPx10 ☰ KNOWsutra,The Dystopian Quiz Song ★ EPx15 ★ Acoustic SOULsutra,They Muddy the Waters (aka Nietzsche's Gift) EPx5 VOL. 04,To Dream EP X8 | Jacques Brel Chanson Reimagined : Psychedelic French Poetry JAZZsutra X5,Trump Derangement Syndrome ™ EPx7,Tune in the Tender ☲ #GROWsutra EPx9,Up a San Francisco Hill • Bananasutra Heart Beats,What It's About - Blues Dub Murica Mantra EPx7,Where Hope Expires ℧ EPx8 VOL.02,Who Knows Where How Happiness Truly Grows ☰ GROWsutra EPx29,Why Trust an Old · Mean Religion? EPx9 VOL. 01"
DUBsutra,https://soundcloud.com/bananasutra/sets/dubsutra,genre (all),,,"BANJO,BLUES,BURLESQUE,DUB,FOLK,INDIE,JAZZ,LOFI,MANTRA,ROCK",134,144633,1510,7:21:56,https://i1.sndcdn.com/artworks-iPtXxjIVQyjzpElZ-rzZZyw-t500x500.png,"""[07] We're Tiny Specks, Right • BOWsutra (Cosmic Banana) Psychedelick Acoustic DUB"",[08] Grifters • BLOWsutra Psychedelic Poetry Folk the Bridge DUB,[09] Grifters • BLOWsutra Psychedelic Poetry Folk the Bridge DUB,[08] Zero Sum • GROWsutra Psychedelick Folk Poetry Bridges The DUB,[10] Zero Sum • GROWsutra Psychedelick Gipsy Flamenco  Ragga Circus DUB,[12] Zero Sum • GROWsutra Psychedelick Gipsy Indie Ragga Flamenco DUB,[09] Zero Sum • GROWsutra She Wanna Know Psychedelick Jazz Fusion LoFi DUB,[07] Zero Sum • GROWsutra Psychedelick Folk Poetry Bridges The DUB,[07] This Is My Quest • GROWsutra La Poesita Gipsy Fado Flamenco Duende DUB,[15] This Is My Quest • GROWsutra Psychedelic Poetry Bridges the DUB,[12] This Is My Quest • GROWsutra Psychedelic Poetry Bridges the DUB,[04] My Quest • To dream an impossible dream with Jacques Brel • GLOWsutra Psychedelic Muse DUB,[10] What's Funny (Bo Burnham Gone Bananas) - COVERsutra Indie Reggae DUB,[02] But(t) How Can You GROWsutra Dem Sed Psychedelic Ragga DUB,[05] Spit Back The Lies • BLOWsutra (Revolution Ring) La Poesita Indie Flamenco Fusion DUB,[10] Spit Back The Lies • BLOWsutra (Revolution Ring) Psychedelick Folk Poetry Bridges the DUB,[08] Spit Back The Lies • BLOWsutra (Revolution Ring) Psychedelick Folk Poetry Bridges the DUB,[08] Kiss A Pulse • GLOWsutra (Lucille Clifton Poetry) Psychedelic Folk Bridges the DUB,[09] Kiss A Pulse • GLOWsutra (Lucille Clifton Poetry) Psychedelic Folk Bridges the DUB,[06] Kiss A Pulse • GLOWsutra (Lucille Clifton Poetry) Psychedelic Folk Bridges the DUB,[07] Kiss A Pulse • GLOWsutra (Lucille Clifton Poetry) Psychedelic Folk Bridges the DUB,""[01] Hello, Oh No • GROWsutra Psychedelic Folk Poetry Bridges the DUB"",""[06] Hello, Oh No • GROWsutra La Poesita Gipsy Flamenco DUB"",""[03] Hello, Oh No • GROWsutra Psychedelic Folk Poetry Bridges the DUB"",""[11] Hello, Oh No • GROWsutra Psychedelic Queen of Authentic Dubby Folk Banjo BLUES"",[06] Ego Ain't Your Amigo • BLOWsutra (Ego Gone Loco) Psychedelic Bridge Poetry Folk DUB,[08] Ego Ain't Your Amigo • BLOWsutra (Ego Gone Loco) She Wanna Know Psychedelic Jazz Fusion DUB,[05] Ego Ain't Your Amigo • BLOWsutra (Ego Gone Loco) Psychedelic Bridge Poetry Folk DUB,[09] Ego Ain't Your Amigo • BLOWsutra (Ego Gone Loco) She Wanna Know Psychedelic Jazz Fusion DUB,[07] Ego Ain't Your Amigo • BLOWsutra (Ego Gone Loco) Psychedelic Bridge Poetry Folk DUB,[02] Ego Ain't Your Amigo • BLOWsutra (Ego Gone Loco) La Poesita Psychedelic Indie Flamenco DUB,[01] Ego Ain't Your Amigo • BLOWsutra (Ego Gone Loco) La Poesita Psychedelic Indie Flamenco DUB,[03] Ego Ain't Your Amigo • BLOWsutra (Ego Gone Loco) La Poesita Psychedelic Indie Flamenco DUB,[04] Ego Ain't Your Amigo • BLOWsutra (Ego Gone Loco) Psychedelic Bridge Poetry Folk DUB,[05] Time for Rebel Romance ☆ BLOWsutra (Revolt Now) Accordion Ragga Burlesque DUB,[02] MAHA (Make America Humane Again) • Vol. 2 • BLOWsutra Gipsy Trip Hop Lofi DUB,Side A [08] If We Had But(t) The Truth • BLOWsutra (Censored) Folk Poetry on the Bridge DUB,Side A [06] If We Had But(t) The Truth • BLOWsutra (Censored) Folk Poetry on the Bridge DUB,Side A [09] If We Had But(t) The Truth • BLOWsutra (Censored) Feel Di Riddim Ragga Mama DUB,[01] Rainbows in the Clouds • GLOWsutra Folk Poetry Dubs the DUB,""[04] Embraceable You - An American in Paris, Public Domain Lyrics - SHOWsutra Indie Jazz DUB"",""[05] Tra-La-La - An American in Paris, Public Domain Lyrics - SHOWsutra Indie Jazz DUB"",Side A [01] Dare to Care (This Issue is Real) - BLOWsutra Revolt Now Jazzy Gipsy Blues DUB,""[08] Two Things, Darling • KNOWsutra Bertrand (Knows) Existential Poetry Mama DUB"",[05] Foolish Goldfish (Forever) • KNOWsutra Peace (Not War) Psychedelic Poetry Dubs The Bridge DUB,[04] Synthema Sutras - SHOWsutra Banana Jazzy Bass Indie Cello Fusion DUB,""[16] Hey, Creeps • BLOWsutra Ego Gone She Wanna Know Psychedelic LoFi Jazz DUB"",[01] We Live Not By Lies - GROWsutra Gipsy Poetry DUB,[07] Peace Matters More - GROWsutra Gipsy Hop DUB,[02] The (Bloody Mountain) Echo - Vladimir Vysotsky English Cover - BLOWsutra Gipsy La Poesita Cello Indie Folk DUB,Side B [10] READ ME HARDER (BB for Banned Books) - SHOWsutra She Wanna Know Jazzy LoFi Indie DUB,[01] Win Win Dub ⚭ French GROWsutra Soulful Hip Hop Ragga DUB,[16] The Love Of A Dove - GROWsutra Dem Sed Psychedelic Ragga DUB,[14] The Love Of A Dove - GROWsutra Feel Di Riddim Psychedelic Ragga DUB,""[01] So, What Is Racism? KNOWsutra She Wanna Know Jazzy LoFi DUB"",""[03] So, What Is Racism? KNOWsutra Rebound & Rise Jazzy Ragga DUB"",""[09] Freee, La Fille • French SHOWsutra Psychedelic Ragga DUB"",""[08] Freee, La Fille • French SHOWsutra Psychedelic Ragga DUB"",Planet Idiocracy (Single) • BLOWsutra Peace Odyssey DUB,[13] L'Embobinage (d'après Carl Sagan) • French GROWsutra World Peace Miss Cheeky DUB,[11] L'Embobinage (d'après Carl Sagan) • French GROWsutra World Peace La Poesita Flamenco INDIE DUB,[12] L'Embobinage (d'après Carl Sagan) • French GROWsutra World Peace Miss Cheeky DUB,[07] Easy (Death Is Nothing At All) • BOWsutra La Poesita Peace DUB INDIE,[08] Who's Your Vladdy • BLOWsutra Psychedelic Poetry Folk DUB,[07] Who's Your Vladdy • BLOWsutra Psychedelic Poetry Folk DUB,[08] Men-Oh-Pause • GROWsutra Dem Sed Ragga DUB,""[04] Hereby, I Cry • We Sing mo' DUB"",B [07] Make America Gulag Again • Tzigane Fusion DUB,B [09] Make America Gulag Again • Tzigane Fusion DUB,A [15] Make America Gulag Again • Di Riddim Ragga DUB,A [14] Make America Gulag Again • Di Riddim Ragga DUB,A [08] Make America Gulag Again • Muse DUB,A [06] Make America Gulag Again • Bruh Ragga DUB,A [12] Make America Gulag Again • Ragga Lala DUB,[18] Jealousy (not for me) - Muse 1 DUB,[15] Jealousy (not for me) - WSWHFN DUB,[03] El Papito Leo es No MAGA Show - Muse DUB,[02] El Papito Leo es No MAGA Show - Muse DUB,[06] Tune in the Tender • Jazzy DUBsutra,[05] Ordo Amoris In Decay - muse DUBsutra,When We Duende 3 - FLOWsutra DUB,[03] Poetry Nah Lie - Ragga DUBsutra,[06] Poetry Nah Lie - Ragga DUBsutra,[02] Poetry Nah Lie - Ragga DUBsutra,[01] Poetry Nah Lie - Ragga DUBsutra,[05] Poetry Slow Burns - Sweet DUBsutra,[03] Poetry Slow Burns - DUBsutra,[02] Poetry Slow Burns - DUBsutra,[01] Poetry Slow Burns  - Gold DUBsutra,[03] Poetry Duende - DUBsutra,[01] Poetry Duende - DUBsutra,[03] La Poesia Importa - Oh Lordy DUBsutra,[06] Creo - Muse DUBsutra,[12] Jolly Poo - Beware of Dog who won’t Bark - DUBsutra,[11] Jolly Poo - Coward Dawgs Gossip but(t) only in your back  - DUBsutra,[09] Sideration's Calling • White House's Burning • Riddim Sister RAGGA DUBsutra,[02] Sideration's Calling • White House's Burning • Jazzy LOFI DUBsutra,[07] Sideration's Calling • White House's Burning • Oh Lordy 2 DUBsutra,""[08] FOTUS Circus VOL. 04 • Step Right Up, Murica Freaks (paper straws) • DUB QUACKsutra"",""[09] FOTUS Circus VOL. 04 • Step Right Up, My Dearest Souls • DUB QUACKsutra"",[07] Fluye • Miss Cheeky DUB (1),[05] Fluye • Queen (of Authentic) DUB (1),[09] Fluye • Muse Prima DUB (1),[06] Fluye • Queen (of Authentic) DUB (2),[11] Fluye • Feel Di (Ragga) Riddim DUB,[08] Fluye • Miss Cheeky DUB (2),[15] Queer Almighty - Drum Mantra DUBsutra,[04] Reason over Reverence - They said bow down but we rise 2 - DUBsutra,[01] Question Di Kingdom - Dub's the Path (Truth is the riddim) - Ragga DUBsutra,[02] Question Di Kingdom - Dub's the Path (Truth is the riddim) - DUBsutra,[4] Shush the Bull Bro (Please) • DUBsutra,[2] stymy stymy yuck • muse DUB,[3] Question Di Kingdom (2) • RAGGAsutra,[4] Question Di Kingdom (1) • RAGGAsutrawav,[8] Reason fi di win • RAGGAsutra,[5] Dubbin' for Freedom • DUBsutra,Creepy Con Meme • Dicky DUBsutra,""Pro-Life Means What, Honey • Jazzy Mantra DUBsutra (2)"",ABC Of Kindness - A Is For Always Speak From Your Heart - DUBsutra (1),Liberty • Tribute to Victor Hugo’s Revolutionary Poetry • DUBsutra,[1] Serial BLOWERS (now twat?) • DUBsutra,Woke-N-Whack-A-Musk ☆ DUBsutra (2),Double (decking) Standards VOL. 1 • DUBsutra,Poetry Matters • LOFI DUBsutra,Some Songs Are More POOH Than Others : DUBsutra,Prickly Peaches (one) • DUB Sutra,Seminal Bollocks  • DUBsutra,""New Normalcy, Space Oddity ☰ DUBsutra"",Absinthe Bliss (Kiss Me Slow) • DUBsutra,making songs like…,""#2 Hold the Mic, Babe ☰ DUBsutra Vocal Hug"",Just Gasp(be) • Jazzy DUB Poetry • sutraFLOW (v1),Le Poids de l'Ego v1 • sutraFRENCH • Burlesque Ego Dub Cabaret,""Flow like Water, My Friend""","A stroll down history’s lane ☆ KNOWsutra ☆ EPx6 Vol. 1,ABCs of Kindness - KNOWsutra,All the -Isms | BLOWsutra EPx7,An American in Paris (Public Domain Lyrics) 🎙️ SHOWsutra Classic Retro Musical REMAKE,Bloom Past Doom - Vol. 2 · 2 songs EPx7 - BLOWsutra (Revolution Ring Series) Fusion Jazz,Bo Burnham Gone Bananas 🍌 COVERsutra Vaudeville Indie JAZZ EPx11,But(t) How Can You? GROWsutra (Dare to Care) EPx10,Creepy Con Meme EPX2 • Dicky Ducky DUBsutra,CREEPYPASTA (what the hella) ♅ SHOWsutra ♅ EPx23 Side A+B,Creo (La Poesia) ☘ EPx10 VOL.01 ☘ Bananasutra En Español,Do Panic Now ✝ GROWsutra EPx13,Double Standards EPx3 VOL. 1 • BURLESQUEsutra,Easy (Death Is Nothing At All) ❣ BOWsutra EPx9,Ego Ain't Your Amigo • Vol. 2 · EPx21 • BLOWsutra (Ego Gone Loco)  Dub LoFi Burlesque,Ego Ain't Your Amigo ⭐︎ EPx14 VOL. 01 ⭐︎ True Tales of BLUESsutra,El Papito Leo Es No MAGA Show ☰ KNOWsutra EPx6,Ethical Paradox (Bertrand Undone),F-BOMB ⚝ SHOWsutra DUB EPx7,Fluye (como el mar) FLOWsutra,Foolish EPx5,Foolish Goldfish (Forever) ❃ Vol. 02 EPx15 ❃ KNOWsutra Peace (Not War),FOTUS CIRCUS ★ VOL.4 EPx9 ★ BURLESQUEsutra,Freee · La Fille • French SHOWsutra Psychedelic EPx10,Grifters • BLOWsutra (Apes Gone Wrong) EPx14,Hammy On Clyde ✪ SHOWsutra EPx8,Hello · Oh No • EPx16 • GROWsutra Psychedelic Logic Harmonics,Hereby · I Cry ☠ BLOWsutra EPx5,Hey · Creeps • EPx20 • BLOWsutra Ego Gone Loco,Hi · My Name Is (Not Celine Dion) - Vol02 EPx11 - SHOWsutra Dubby Grass Burlesque Edition,Hold the Mic · Babe  EP X7 | Soul Prayer Lullabies,How to Help a Bible Bro Grow Up · In the name of Religious Freedom,I Did the Math · and Everything is Stupid • SHOWsutra Snoopy Fanana Club EPx11,I Think I Need a Good Spank!ng (in Madrid) ⚯ SHOWsutra EPx9,If We Had But(t) The Truth • Vol. 2 EPx22 • BLOWsutra (Censored) Epstein Etcetera Soundtrack,Ironic Moronic Eugenics ☤ What Happens When KNOWsutra & BLOWsutra Make a Baby,It's War · My Friend ☳ QUACKsutra EPx15,Jealousy (not for me) ♡ GROWsutra EPx22,Jolly Poo - EPx15 VOL. 01 - Banjo Blues BLOWsutra,Joseph Campbell's Truth Metaphors ☷ KNOWsutra EPx12,Just Be EP X7 | Vocal Honey Audio Ideals,Kiss A Pulse • GLOWsutra (Lucille Clifton Poetry) EPx16,L'Embobinage (d'après Carl Sagan) • French GROWsutra EPx17,La Poesia Importa ♕ EPx7 VOL.01 ♕ Bananasutra En Español,Le Système EP MIX X16 | Bluesy French Jazz,Linguistic Weaponry EPx7 Burlesque DUBsutra,MAHA (Make America Humane Again) ☆ VOL.2 EPx6 ☆ BLOWsutra (MAxA Series) Psychedelic Trip Hop,Make Amurica Gulag Again ☭ BLOWsutra DUB EPx25,MAMA-B-C (Make America Mine Achtung Encore) • BLOWsutra MAxA Series EPx3,MAxA Alphabet Series Compilation - Make America Humane · Kind · Safe · Smart · etcetera Alright?!,Men-Oh-Pause 🩸 KNOWsutra EPx14,My Quest • EPx6 Vol. 2 • GLOWsutra Jacques Brel Dream,New Normalcy (Planet Earth to Higher Grounds) EP x7,Nietzsche's Gift (They Muddy the Water to Make it Look Deep) - KNOWsutra EPx13 Vol. 5,Nous Sommes Le Feu EPx4 ☲ GROWsutra French Peace Indie,Oh My · Oh Why (Socrates Song) - GROWsutra EPx7,Oh · Freedom EP x10 ♛ BLUESsutra (Public Domain Lyrics),Oh · Martine ❃ French GLOW+BOWsutra ❃ Side A+B EPx28,Ordo Amoris in Decay ♡ GROWsutra EPx6,Peace Matters More (The Only Wish Worth Making) 🪽 GROWsutra Birthday Wish Song,Pedo Nation ★ Felon Nation Redux ★ BLOWsutra EPx14,Poetry Matters EP vol.3,Poetry Matters ☰ BANJOsutra EPx2,Poetry Matters ☲ EPx3 Vol.05 ☲ DUBsutra,Poetry Nah Lie ☲ EPx6 Vol.01 ☲ DUBsutra,Poetry Slow Burns ☲ EPx5 Vol.01 ☲ DUBsutra,Prickly Peaches DUBsutra EPx3,Pro-life means what · honey?,Project 2-0-2-5 (Explicit Fascism Advisory) • Pray for Murica SOULsutra EPx7,Queer Almighty (Holy Questions Matter) - EPx16 VOL. 02,Question Di Kingdom EPx4 VOL.02,Question di Kingdom ✰ Ragga DUBsutra EPx10,Question the Nation • EPx10 • BLOWsutra Psychedelic Dub Revolution,Rainbows in the Clouds • GLOWsutra Dub LoFi Blues,Read Me Harder (BB is for Banned Books) ☆ SHOWsutra Side A+B EPx19,Reason over Reverence (No need for God) ☷ KNOWsutra EPx6,RHINOCEROSS ♦ EPx7 ♦ BLOWsutra Surreal Real Poetry,Seminal Bollocks EP,Serial BLOWerrr ✰ RAGGA DUBsutra,Sidération's Calling - White House's Burning - EPx13 Vol 4 of 4,So · What Is Racism? KNOWsutra Gone Banana EPx17,some songs are more fun than others EP x8 ∞,Spit Back The Lies • BLOWsutra (Revolution Ring) EPx20,Stymied Felon goes Stymy Stymy Yuck Encore - Freee Bonus EPx2 VOL.02,Stymy Stymy Yuck : A Story of Old Bastards - EPx5 VOL.1 - DUBsutra,Sutra of Immanence - FLOWsutra Dog Poetry - Jazz & Dub EPx3,SynthemaSutra ♆ SHOWsutra Banana EPx8,The Echo Song Song ☭ Vladimir Vysotsky - EPx6  English Cover ☭ BLOWsutra Gipsy Trip Hop Trip,The Love of a Dove ☩ EPx18 ☩ GROWsutra Peace Fusion Prayer,This Is My Quest • GROWsutra (Dare to Care) Dream EPx19,Time for Rebel Romance ☆ EPx6 ☆ BLOWsutra (Revolt Now) Cabaret,Tune in the Tender ☲ #GROWsutra EPx9,Two Things · Darling • EPx11 • KNOWsutra (Bertrand) Conscious Gipsy LoFi Blues INDIE,Up a San Francisco Hill • Bananasutra Heart Beats,We Live Not By Lies ⚬ EPx12 ⚬ GROWsutra Revolution Ring,We're Tiny Specks · Right • BOWsutra,Wet (Prickly) Peaches vol.2,When We Duende (All Night) EPx9 ☯ DUB + BURLESQUEsutra,Where Hope Expires ℧ EPx8 VOL.02,Who Knows Where How Happiness Truly Grows ☰ GROWsutra EPx29,Who Needs a Big D? EP x8 VOL. 1 - JAZZ 'n DUB,Who's Your Vladdy? EPx10 ☿ BLOWsutra World Peace Fusion Indie,Why Trust an Old · Mean Religion? EPx9 VOL. 01,Why You Lie (to the People's Face) EP x7 ☠ QUACKsutra,WIN-WIN DUB EPx3 ⚭ French-English GROWsutra Fusion Soul,Woke 'em Whacks EPx4 : BLUES & DUBsutra (Music Therapy),Zero Sum (Zero Sean) • GROWsutra (Dare to Care) EPx22"
BURLESQUEsutra,https://soundcloud.com/bananasutra/sets/burlesquesutra,genre (all),,,"BANJO,BLUES,BURLESQUE,DUB,FOLK,INDIE,JAZZ,LOFI,MANTRA,ROCK",76,76395,755,4:14:41,https://i1.sndcdn.com/artworks-iPtXxjIVQyjzpElZ-rzZZyw-t500x500.png,"[17] The Great Naked King • SHOWsutra Psychedelick Cabaret Jazz Swing BURLESQUE,[18] The Great Naked King • SHOWsutra Psychedelick Cabaret Gipsy Swing BURLESQUE,[11] The Great Naked King • SHOWsutra Psychedelick Circus Accordion Waltz BURLESQUE,[14] The Great Naked King • SHOWsutra Psychedelick Circus Accordion Waltz BURLESQUE,[20] Zero Sum • GROWsutra Psychedelick Post-Punk Cello Dub Cabaret BURLESQUE,[02] Curious Like A Kiss • FLOWsutra Oh Boy Piano Waltz BURLESQUE,[14] Kiss A Pulse • GLOWsutra (Lucille Clifton Poetry) Psychedelic Indie Cello Cabaret BURLESQUE,[18] Ego Ain't Your Amigo • BLOWsutra (Ego Gone Loco) Post-Punk Psychedelic IBYN Rock BURLESQUE,[04] Time for Rebel Romance ☆ BLOWsutra (Revolt Now) IBYN Psychedelic Piano Jazz BURLESQUE,[01] Time for Rebel Romance ☆ BLOWsutra (Revolt Now) Oh Boy Psychedelic Accordion Circus BURLESQUE,[02] Time for Rebel Romance ☆ BLOWsutra (Revolt Now) Oh Boy Psychedelic Accordion Circus BURLESQUE,Side B [16] If We Had But(t) The Truth • BLOWsutra (Censored) PsyPunk Rock Cabaret BURLESQUE,[03] Bloom Past Doom - BLOWsutra (Revolt Now) Cello Circus Chanson Cabaret BURLESQUE,""[08] The Atheist Tango • GROWsutra (God, Etc) Gipsy Cello Bass Chanson Jazz BURLESQUE"",[BONUS] Shameless - DEFY EP Vol 2 - BLOWsutra Revolution Ring Psychedelic Piano Jazz BURLESQUE,""[04] Seminal Bollocks - GROWsutra (God, Etc) French Accordion Psychedelia BURLESQUE"",[04] I Did the Math (and Everything is Stupid) • SHOWsutra Indie Chanson Gipsy BURLESQUE,[04] The Fire We Share • There's No Prayer Like Desire • KNOWsutra But(t) Why Accordion Chanson BURLESQUE,Side B [18] Donkeys Years • SHOWsutra Fanana Club Gipsy Oh Boy Accordion Circus Waltz BURLESQUE,Side B [17] Donkeys Years • SHOWsutra Fanana Club Psychedelic Gipsy IBYN Cabaret Rock BURLESQUE,[01] Jacques Brel - French GLOWsutra Oh Boy Accordion Circus Waltz Chanson BURLESQUE,Side B [05] EP Bertrand - The Conquest of Happiness - GROWsutra Sweet Waltz BURLESQUE,Side A [01] EP Bertrand - The Unhappiness Dance - GROWsutra Jazzy BURLESQUE,[10] We Live Not By Lies - GROWsutra Post-Punk Rock Bar Girl BURLESQUE,[07] Secret de Polichinelle - French KNOWsutra Keep It Real Psychedelic Gipsy Circus Piano BURLESQUE,[01] Secret de Polichinelle - French KNOWsutra Keep It Real Psychedelic Gipsy Circus Accordion BURLESQUE,[06] Secret de Polichinelle - French KNOWsutra Keep It Real Psychedelic Gipsy Circus Indie Chanson BURLESQUE,[05] Secret de Polichinelle - French KNOWsutra Keep It Real Psychedelic Gipsy Circus Indie Chanson BURLESQUE,[08] Secret de Polichinelle - French KNOWsutra Keep It Real Psychedelic Gipsy Circus Indie Piano BURLESQUE,[04] Peace Matters More - GROWsutra Gipsy Circus BURLESQUE,[08] Ain't Doing Bad Doing Nothing ⭐︎ Public Domain Lyrics Fun ⭐︎ FLOWsutra Wet BURLESQUE,[07] Le Bal Des Salauds • French BLOWsutra Gipsy Accordion' Indie Folk BURLESQUE,[03] Le Bal Des Salauds • French BLOWsutra PBGal Chanson BURLESQUE,[04] Le Bal Des Salauds • French BLOWsutra Oh Boy Accordion Circus BURLESQUE,[12] Gladys in Sonderland • SHOWsutra Psychedelic Gipsy Cello Waltz BURLESQUE,[10] Gladys in Sonderland • SHOWsutra Psychedelic Gipsy Cello Waltz INDIE BURLESQUE,[06] Gladys in Sonderland • SHOWsutra Psychedelic Gipsy Cello Waltz Breathing BURLESQUE,[11] Gladys in Sonderland • SHOWsutra Psychedelic Gipsy Accordion Circus Waltz BURLESQUE,[04] Gladys in Sonderland • SHOWsutra Psychedelic Gentle Gipsy Piano Cello Accordion Waltz Cameo BURLESQUE,Side A [03] Oh Martine • BOWsutra Cheeky Piano Bar Kittens BURLESQUE,Side A [04] Oh Martine • BOWsutra Cheeky Piano Bar Kittens BURLESQUE,Side A [06] READ ME HARDER (BB is for Banned Books) - SHOWsutra Gypsy Hip Hop Rebellion BURLESQUE,Side A [03] BB is for Banned Books - SHOWsutra Gypsy Hip Hop Fusion BURLESQUE,Side A [05] READ ME HARDER (BB is for Banned Books) - SHOWsutra Gypsy Hip Hop Rebellion BURLESQUE,""[11] Hi, My Name Is (Not Celine Dion) • SHOWsutra Cello Circus Waltz BURLESQUE"",""[03] Freee, la fille (remastered) • French SHOWsutra Circus Accordion BURLESQUE"",[14] L'Embobinage (d'après Carl Sagan) • French GROWsutra World Peace PsyAccordion POP BURLESQUE 3 INDIE,[09] L'Embobinage (d'après Carl Sagan) • French GROWsutra World Peace Hypnotic Tango Jazz INDIE,[13] Men-Oh-Pause • GROWsutra Accordion Circus BURLESQUE,[12] Men-Oh-Pause • GROWsutra Accordion Circus BURLESQUE,[04] All Lame-Isms (oh boy) 1 - BLOWsutra BURLESQUE,[03] BANANA ALLELUIA — KNOWsutra Banjo Waltz Bounce BURLESQUE,[04] SS Means Sacred Sp3rm • Piano Jazz BURLESQUE,[01] Ordo Amoris In Decay - Gypsy Fado BURLESQUEsutra,[00] All I Want Is To Believe - CAT JAZZ BURLESQUEsutra,[02] Ordo Amoris In Decay - Oh Boy Accordion Cello BURLESQUEsutra,[01] Sideration's Calling • White House's Burning • Banger BURLESQUEsutra,[02] Sidération - The Sky Stood Still 2 - Revolution JAZZ BURLESQUEsutra,[01] Glitter and Guts - Circus BURLESQUEsutra,[05] Mass Media Freakshow - chanson encore oh boy BURLESQUE,[01] Mass Media Freakshow • udio PSYcircus BURLESQUE,[1] Who Needs a Big D? OG BURLESQUE,[2] Waldo's Fascist Tango - HATjazz BURLESQUE,MAWA MAWA • Make America Woke Again • Accordion Cello Lament BURLESQUEsutra,[4] MAHA • Make America Humane Again • Accordion CAT BURLESQUEsutra,aintdoingbaddoingnothing 💨,Some Songs Are More WOMP Than Others : CIRCUSsutra,Where We Begin (one) : BURLESQUEsutra,Dark (Lace) Rhythms • TANGOsutra,She Wears the Words • JAZZsutra Mighty Poetry Minute,#4 Hard Core : Burlesque Honeysutra,#1 The Quest • Jacques Brel Remake • Bananasutra French Accordion,Just Waltz(be) • Jazzy Grinding Waltz • sutraFLOW (v5),""Le système, ça voulait dire… v2 • sutraFRENCH • Burlesque Ego Accordion Cabaret"",""Manu, Le P'tit Menteur v2 • sutraFRENCH • Burlesque Ego Accordion Cabaret"",""Hi, my name is (not Celine Dion) • Hip Pop Jazz, Quirky Stuff, a true story • Bananasutra(SHOW)""","AI Fair Use Manifesto EPx3 VOL.1 : LOFI BURLESQUE BLUES,Ain't Doing Bad Doing Nothing ⭐︎ Public Domain Vol. 02 EPx10 ⭐︎ FLOWsutra Wet JAZZ,All I Know • Shades of Fools (It's the Why) • KNOWsutra EPx5 Vol. 02,All the -Isms | BLOWsutra EPx7,Atheist Tango EP x9 VOL. 1 ☰ Waldo's Burlesque Tales of Truth,BANANA ALLELUIA ♾ EPx5 ♾ KNOWsutra BURLESQUE,Blaise's Tale ⭐︎ EPx3 ⭐︎ KNOWsutra Folk Cabaret,Blessed Are the Cracked EP X3,Bloom Past Doom (Apes Gone Wrong Series) EPx5 - BLOWsutra (Revolt Now)  Grassroots Hope Song,Bo Burnham Gone Bananas 🍌 COVERsutra Vaudeville Indie JAZZ EPx11,But(t) How you Kids Learn Now? EPx9 VOL. 01,Carnival FOTUS (ctd) EP X3,Cassandra’s Lullaby • KNOWsutra EPx11 World,CREEPYPASTA (what the hella) ♅ SHOWsutra ♅ EPx23 Side A+B,Crimina/els EP,Curious Like A Kiss • FLOWsutra Cheeky Duende EPx11,Daddy's a Creep ⚞  P3d0 T-Shirts ON SALE ⚟ BLOWsutra EPx4,DEFY (Vol 2) - 3 Songs EPx6 - BLOWsutra Revolution Ring LoFi Jazz Fusion,Donkeys Years - SHOWsutra Fanana Club Gratitude EPx20,Double Standards EPx3 VOL. 1 • BURLESQUEsutra,Ego Ain't Your Amigo • Vol. 2 · EPx21 • BLOWsutra (Ego Gone Loco)  Dub LoFi Burlesque,Ego Ain't Your Amigo ⭐︎ EPx14 VOL. 01 ⭐︎ True Tales of BLUESsutra,Everybody Knows EP x6 : INDIEsutra,Foolish EPx5,Freee · La Fille • French SHOWsutra Psychedelic EPx10,Gladys in Sonderland EPx14 • SHOWsutra Psychedelic Gipsy Dream,Glitter on a Turd ❯ GROWsutra Banana Cabaret EPx5,Grifters • BLOWsutra (Apes Gone Wrong) EPx14,Hard Core (Questions that Matter) X5,Hello · Oh No • EPx16 • GROWsutra Psychedelic Logic Harmonics,Hey · You ✖ EPx8 ✖ BLOWsutra Indie Punk ROCK,Hi · My Name Is (Not Celine Dion) - Vol02 EPx11 - SHOWsutra Dubby Grass Burlesque Edition,Hope is So Do-Do-Dope 🎪🦤 SHOWsutra Surreal Soul Circus EPx9,How to Help a Bible Bro Grow Up · In the name of Religious Freedom,I Ain't No Christian (No Holy Fool) ♥ EPx4 VOL.02,I Did the Math · and Everything is Stupid • SHOWsutra Snoopy Fanana Club EPx11,I Think I Need a Good Spank!ng (in Madrid) ⚯ SHOWsutra EPx9,If We Had But(t) The Truth • Vol. 2 EPx22 • BLOWsutra (Censored) Epstein Etcetera Soundtrack,Ironic Moronic Eugenics ☤ What Happens When KNOWsutra & BLOWsutra Make a Baby,Jacques Brel : French EPx9 : GLOWsutra Burlesque Indie Blues Gratitude POET(ry),Jealousy (not for me) ♡ GROWsutra EPx22,Joseph Campbell's Truth Metaphors ☷ KNOWsutra EPx12,Just Be EP X7 | Vocal Honey Audio Ideals,Kiss A Pulse • GLOWsutra (Lucille Clifton Poetry) EPx16,L'Accordéon de l'Ignorance EP X9,L'Embobinage (d'après Carl Sagan) • French GROWsutra EPx17,La Poesia Importa ♕ EPx7 VOL.01 ♕ Bananasutra En Español,Le Bal Des Salauds - French BLOWsutra Indie Gipsy Burlesque EPx9,Le Système EP MIX X16 | Bluesy French Jazz,MAKA MAKA EPx7 ⭐︎ MAxA Series · Vol. 4,Male Fantasies • CheekySUTRA EPx6 VOL. 02,MASA (Make America Safe Again) ✮ EPX12 ✮ QUACKsutra Psychedelic BANJO,Mass Media Freakshow EPx13 VOL.02 ⭐︎ Terrence MCKenna KNOWs ⭐︎ Burlesque or Snooze?,MAWA MAWA EPx2 (if Soundcloud allows) ⭐︎ MAxA Series · Vol. 2,MAxA Alphabet Series Compilation - Make America Humane · Kind · Safe · Smart · etcetera Alright?!,Men-Oh-Pause 🩸 KNOWsutra EPx14,Mind the Felon EP X5 | JAZZ LOFI : Psychedelic Paradox Soul Chanson,New Normalcy (Planet Earth to Higher Grounds) EP x7,Nietzsche's Gift (They Muddy the Water to Make it Look Deep) - KNOWsutra EPx13 Vol. 5,Oh My · Oh Why (Socrates Song) - GROWsutra EPx7,Oh · Freedom EP x10 ♛ BLUESsutra (Public Domain Lyrics),Oh · Martine ❃ French GLOW+BOWsutra ❃ Side A+B EPx28,Ordo Amoris in Decay ♡ GROWsutra EPx6,Oy · We Care 🦆 QUACKsutra Psychedelic Punk Rock Mantra EPx4,Peace Matters More (The Only Wish Worth Making) 🪽 GROWsutra Birthday Wish Song,Predators (why war) EP x11 vol.2,Queer Almighty (Holy Questions Matter) - EPx16 VOL. 02,Read Me Harder (BB is for Banned Books) ☆ SHOWsutra Side A+B EPx19,Reason over Reverence (No need for God) ☷ KNOWsutra EPx6,Secret de Polichinelle 🎪 French EPx10 🎪 KNOWsutra Psychedelic Gipsy Circus,Segggsting • SHOWsutra EPx6 • French Burlesque Jazz Cabaret,Seminal Bollocks - Merry Psychedelic GROWsutra (God Etc.) EPx10,Shades of Fools EPx9,Shady Fools (Oh Can’t You See?) • Vol. 2 EPx9 • BLOWsutra Ego Gone Loco LoFi Burlesque,Sidération - The Sky Stood Still - EPx6 VOL. 2 of 4,Sidération's Calling - White House's Burning - EPx13 Vol 4 of 4,some songs are more fun than others EP x8 ∞,Some Truths (Are Harder to Swallow) EPx7,SS Means Sacred Sp3rm ☠ BLOWsutra EPx19,SynthemaSutra ♆ SHOWsutra Banana EPx8,Tell The Truth (encore) KNOWsutra EPx9 Vol. 04,The Accordion of Ignorance EP X4,The Atheist Tango • Vol. 2 EPx12  •  GROWsutra (God · Etc) Conscious Gipsy LoFi Burlesque Jazz,The Conquest of Happiness (according to Bertrand Russel) ☰ 2 Songs EPx10 ☰ KNOWsutra,The Dystopian Quiz Song ★ EPx15 ★ Acoustic SOULsutra,The Echo Song Song ☭ Vladimir Vysotsky - EPx6  English Cover ☭ BLOWsutra Gipsy Trip Hop Trip,The Great Naked King • SHOWsutra Psychedelick Fools Cabaret EPx30,The Invisible Man in the Sky (a song inspired by George Carlin) EPx8 VOL.01,There's No Prayer Like Desire • KNOWsutra But(t) Why EPx4,They Call It Freedom (Oh Hi · Sweet Honey Bun) ✯ BLOWsutra (Revolt Now) EPx11,They Muddy the Waters (aka Nietzsche's Gift) EPx5 VOL. 04,Time for Rebel Romance ☆ EPx6 ☆ BLOWsutra (Revolt Now) Cabaret,To Dream EP X8 | Jacques Brel Chanson Reimagined : Psychedelic French Poetry JAZZsutra X5,Truth Don't Care ✗ EPx2 ✗ KNOWsutra Psychedelic Muse Cabaret,Up a San Francisco Hill • Bananasutra Heart Beats,Waldo's Fascist Tango EPx3 VOL. 1 • Burlesque JAZZ,We Live Not By Lies ⚬ EPx12 ⚬ GROWsutra Revolution Ring,What the Mirror Said (Reste Lucide) - GLOWsutra JAZZ,What's F-A-S-C-I-S-T? EPx8 VOL. 1 ☆ BLOWsutra JAZZ FOLK Fusion,When We Duende (All Night) EPx9 ☯ DUB + BURLESQUEsutra,Where We Begin (Preakly Peaches) EPx4,Who Knows Where How Happiness Truly Grows ☰ GROWsutra EPx29,Who Needs a Big D? EP x8 VOL. 1 - JAZZ 'n DUB,Why We Can't Be Brave? ☷ GROWsutra (Censored) Cello EPx8,Why You Lie (to the People's Face) EP x7 ☠ QUACKsutra,Zero Sum (Zero Sean) • GROWsutra (Dare to Care) EPx22"
BLOWsutra,https://soundcloud.com/bananasutra/sets/sutrablow,sutra (all),,BLOWsutra,"BANJO,BLUES,BURLESQUE,DUB,FOLK,INDIE,JAZZ,LOFI,MANTRA,ROCK",150,185014,1767,8:46:44,https://i1.sndcdn.com/artworks-iPtXxjIVQyjzpElZ-rzZZyw-t500x500.png,"[08] Grifters • BLOWsutra Psychedelic Poetry Folk the Bridge DUB,[09] Grifters • BLOWsutra Psychedelic Poetry Folk the Bridge DUB,[07] Grifters • BLOWsutra Queen of Authentic Country Banjo Folk Dub BLUES,[05] Spit Back The Lies • BLOWsutra (Revolution Ring) La Poesita Indie Flamenco Fusion DUB,[10] Spit Back The Lies • BLOWsutra (Revolution Ring) Psychedelick Folk Poetry Bridges the DUB,[20] Spit Back The Lies • BLOWsutra (Revolution Ring) Psychedelic Destiny Banjo BLUES,[03] Spit Back The Lies • BLOWsutra (Revolution Ring) Mama-b-c Psychedelic Cello Fusion INDIE,[11] Spit Back The Lies • BLOWsutra (Revolution Ring) Indie Gipsy Hip Hop Fusion LOFI,[02] Spit Back The Lies • BLOWsutra (Revolution Ring) Mama-b-c Psychedelic Cello Fusion INDIE,[08] Spit Back The Lies • BLOWsutra (Revolution Ring) Psychedelick Folk Poetry Bridges the DUB,[13] Spit Back The Lies • BLOWsutra (Revolution Ring) Psychedelic Bruh Hip Hop Dub LOFI,[06] Ego Ain't Your Amigo • BLOWsutra (Ego Gone Loco) Psychedelic Bridge Poetry Folk DUB,[08] Ego Ain't Your Amigo • BLOWsutra (Ego Gone Loco) She Wanna Know Psychedelic Jazz Fusion DUB,[05] Ego Ain't Your Amigo • BLOWsutra (Ego Gone Loco) Psychedelic Bridge Poetry Folk DUB,[18] Ego Ain't Your Amigo • BLOWsutra (Ego Gone Loco) Post-Punk Psychedelic IBYN Rock BURLESQUE,[09] Ego Ain't Your Amigo • BLOWsutra (Ego Gone Loco) She Wanna Know Psychedelic Jazz Fusion DUB,[21] Ego Ain't Your Amigo • BLOWsutra (Ego Gone Loco) Queen of Authentic Dubby Psychedelic Folk BLUES,[07] Ego Ain't Your Amigo • BLOWsutra (Ego Gone Loco) Psychedelic Bridge Poetry Folk DUB,[02] Ego Ain't Your Amigo • BLOWsutra (Ego Gone Loco) La Poesita Psychedelic Indie Flamenco DUB,[01] Ego Ain't Your Amigo • BLOWsutra (Ego Gone Loco) La Poesita Psychedelic Indie Flamenco DUB,[03] Ego Ain't Your Amigo • BLOWsutra (Ego Gone Loco) La Poesita Psychedelic Indie Flamenco DUB,[13] Ego Ain't Your Amigo • BLOWsutra (Ego Gone Loco) Psychedelic Cello Burlesque Jazz LOFI,[04] Ego Ain't Your Amigo • BLOWsutra (Ego Gone Loco) Psychedelic Bridge Poetry Folk DUB,[15] Ego Ain't Your Amigo • BLOWsutra (Ego Gone Loco) Psychedelic Gipsy Indie Jazz Fusion LOFI,[04] Time for Rebel Romance ☆ BLOWsutra (Revolt Now) IBYN Psychedelic Piano Jazz BURLESQUE,[01] Time for Rebel Romance ☆ BLOWsutra (Revolt Now) Oh Boy Psychedelic Accordion Circus BURLESQUE,[05] Time for Rebel Romance ☆ BLOWsutra (Revolt Now) Accordion Ragga Burlesque DUB,[02] Time for Rebel Romance ☆ BLOWsutra (Revolt Now) Oh Boy Psychedelic Accordion Circus BURLESQUE,""[01] Rise Up, You Naked People (Freedom Rings) - BLOWsutra Victor Hugo Revolution Ring FOLK"",[06] Question The Nation • BLOWsutra (Revolt Now) Gipsy Indie Trip Hop(e) Dub LOFI,[09] Question The Nation • BLOWsutra (Revolt Now) SWK Dubby Raw Acoustic Bass Jazz LOFI,Side A [03] MAMA-B-C (Make America Mine Achtung) • BLOWsutra Cello Melancholia Burlesque INDIE,Side B [03] MAMA-B-C (Make America Mine Achtung) • BLOWsutra Trip Hop Smooth LOFI,Side A [01] MAMA-B-C (Make America Mine Achtung) • BLOWsutra Back-to-Basics Folk Indie Cello BLUES,Side A [02] MAMA-B-C (Make America Mine Achtung) • BLOWsutra psychedelic kindness is depth (high) Banjo Folk BLUES,[01] MAHA (Make America Humane Again) • Vol. 2 • BLOWsutra Gipsy Trip Hop Blues LOFI,[02] MAHA (Make America Humane Again) • Vol. 2 • BLOWsutra Gipsy Trip Hop Lofi DUB,[06] MAHA (Make America Humane Again) • Vol. 2 • BLOWsutra Gipsy Bass Trip Drum Hop Blues LOFI,[04] MAHA (Make America Humane Again) • Vol. 2 • BLOWsutra Gipsy LoFi Trip Hip Blop LOFI,[BONUS] What Dissent Looks Like Now • BLOWsutra Psychedelic Burlesque MamA-B-Cello Dream Cabaret INDIE,[10] What Dissent Looks Like Now • BLOWsutra Post-Punk Gipsy Trip Hop Lo-Fi Burlesque INDIE,[02] What Dissent Looks Like Now • BLOWsutra Post-Punk Trip Hop Lo-Fi Burlesque Piano JAZZ,[04] What Dissent Looks Like Now • BLOWsutra Post-Punk Piano Trip Hop Lo-Fi Burlesque JAZZ,[01] What Dissent Looks Like Now • BLOWsutra Post-Punk Piano Trip Hop Lo-Fi Burlesque JAZZ,[11] What Dissent Looks Like Now • BLOWsutra Psychedelic Hip Hop BRUH Cabaret Rap LOFI,[08] What Dissent Looks Like Now • BLOWsutra Post-Punk Gipsy Trip Hop Lo-Fi Burlesque INDIE,Side B [15] If We Had But(t) The Truth • BLOWsutra (Censored) Gipsy Psychedelia Accordion Cello Indie FOLK,Side A [08] If We Had But(t) The Truth • BLOWsutra (Censored) Folk Poetry on the Bridge DUB,Side A [01] If We Had But(t) The Truth • BLOWsutra (Censored) Jazzy Psychedelic Hip Trip Hop LOFI,Side A [06] If We Had But(t) The Truth • BLOWsutra (Censored) Folk Poetry on the Bridge DUB,Side A [09] If We Had But(t) The Truth • BLOWsutra (Censored) Feel Di Riddim Ragga Mama DUB,Side B [16] If We Had But(t) The Truth • BLOWsutra (Censored) PsyPunk Rock Cabaret BURLESQUE,Side B [05] Revolution's Lit (This Ain't Fiction) - BLOWsutra Revolt Now Jazzy INDIE,Side A [01] Dare to Care (This Issue is Real) - BLOWsutra Revolt Now Jazzy Gipsy Blues DUB,Side B [07] Revolution's Lit (This Ain't Fiction) - BLOWsutra Revolt Now Bluesy Psychedelic Americana Banjo FOLK,Side A [02] Dare to Care (This Issue is Real) - BLOWsutra Revolt Now Dubby Bluesy Burlesque JAZZ,[03] Bloom Past Doom - BLOWsutra (Revolt Now) Cello Circus Chanson Cabaret BURLESQUE,[BONUS] Shameless - DEFY EP Vol 2 - BLOWsutra Revolution Ring Psychedelic Piano Jazz BURLESQUE,Side B [01] Shameless - DEFY EP Vol 2 - BLOWsutra Revolution Ring Psychedelic Trip Hop(e) LOFI,Side A [03] Universal Currency - DEFY EP Vol 2 - BLOWsutra Revolution Ring Psychedelic Piano Burlesque JAZZ,Side A [02] Optics of Cruelty - DEFY EP Vol 2 - BLOWsutra Revolution Ring Psychedelic Piano Burlesque JAZZ,""[02] They Call It Freedom (Oh Hi, Sweet Honey Bun) • BLOWsutra (Revolt Now) Psychedelic Gipsy Dadadam Indie LOFI"",""[10] They Call It Freedom (Oh Hi, Sweet Honey Bun) • BLOWsutra (Revolt Now) Classichedelic Americana BLUES"",""[06] They Call It Freedom (Oh Hi, Sweet Honey Bun) • BLOWsutra (Revolt Now) Psychedelic Gipsy Cello Trip Hip Hop Indie LOFI"",""[07] They Call It Freedom (Oh Hi, Sweet Honey Bun) • BLOWsutra  (Revolt Now) Psychedelic Dubby Americana Indie LoFi FOLK"",""[08] They Call It Freedom (Oh Hi, Sweet Honey Bun) • BLOWsutra (Revolt Now) Classichedelic Americana Dubby Folky BLUES"",""Side B [11] No Fear, My Dear • BLOWsutra Revolt Now Dubby Psychedelic Folky BLUES"",""Side A [07] No Fear, My Dear • BLOWsutra Revolt Now Dubby Bluesy Psychedelic Chanson Piano JAZZ"",""Side B [18] No Fear, My Dear • BLOWsutra Revolt Now Psychedelic Gipsy World Fusion Indie LOFI"",""Side B [15] No Fear, My Dear • BLOWsutra Revolt Now Psychedelic Gipsy World LoFi Folk Fusion INDIE"",""Side B [12] No Fear, My Dear • BLOWsutra Revolt Now Dubby Bluesy Jazzy Psychedelic Chanson Piano FOLK"",""Side A [10] No Fear, My Dear • BLOWsutra Revolt Now Dubby Psychedelic Chanson Bluesy JAZZ"",""Side A [05] No Fear, My Dear • BLOWsutra Revolt Now Bluesy Psychedelic Chanson Piano JAZZ"",""Side B [13] No Fear, My Dear • BLOWsutra Revolt Now Dubby Psychedelic FOLK"",""Side A [09] No Fear, My Dear • BLOWsutra Revolt Now Bluesy Psychedelic Chanson Piano JAZZ"",""Side A [02] No Fear, My Dear • BLOWsutra Revolt Now Bluesy Psychedelic Chanson Piano Bass JAZZ"",""Side A [01] No Fear, My Dear • BLOWsutra Revolt Now Bluesy Psychedelic Chanson Piano JAZZ"",""Side A [08] No Fear, My Dear • BLOWsutra Revolt Now Psychedelic Gipsy World LoFi Fusion Piano Indie JAZZ"",""Side A [03] No Fear, My Dear • BLOWsutra Revolt Now Bluesy Psychedelic Chanson Piano JAZZ"",""[16] Hey, Creeps • BLOWsutra Ego Gone She Wanna Know Psychedelic LoFi Jazz DUB"",""[12] Hey, Creeps • BLOWsutra Ego Gone Loco Tzigane Fusion LOFI"",""[02] Hey, Creeps • BLOWsutra Ego Gone à la Psychedelic Gipsy Grouchy Cosmic Punk LOFI"",""[01] Hey, Creeps • BLOWsutra Ego Gone à la Psychedelic Gipsy Bonobo Cosmic Punk LOFI"",""[05] Hey, Creeps • BLOWsutra Ego Gone Bamboozlers Indie CelLOFI"",""[13] Hey, Creeps • BLOWsutra Ego Gone Psychedelic Hip Hop Storyteller LOFI"",[03] What It's About • Vol. 02 • BLOWsutra Revolution Ring Piano Jazz BURLESQUE,[04] What It's About • Vol. 02 • BLOWsutra Revolution Ring Psychedelic Piano Trip Hop Blues JAZZ,[01] What It's About • Vol. 02 • BLOWsutra Revolution Ring Piano Jazz BURLESQUE,[05] What It's About • Vol. 02 • BLOWsutra Revolution Ring Psychedelic BANJO Trip Hop Blues JAZZ,Side A [03] Secondhand Smoke • BLOWsutra Ego Gone Loco Gipsy Indie Trip Hop LOFI,Side A [01] Secondhand Smoke • BLOWsutra Ego Gone Loco Gipsy Indie Trip Hop LOFI,Side B [03] Arrogant Hearts - BLOWsutra Indie Cello MANTRA,[05] The (Bloody Mountain) Echo - Vladimir Vysotsky English Cover - BLOWsutra Gipsy Piano Cello Duende INDIE,[02] The (Bloody Mountain) Echo - Vladimir Vysotsky English Cover - BLOWsutra Gipsy La Poesita Cello Indie Folk DUB,Planet Idiocracy (Single) • BLOWsutra Peace Odyssey DUB,[01] RhinoceroSS - BLOWsutra She Wanna Know Indie LOFI,[04] Ironic Moronic Eugenics • BLOWsutra Psychedelic Banjo Psybass Bluegrass BLUES,Who's Your Vladdy BLOWsutra Psychedelic Burlesque Punk ROCK,[07] Who's Your Vladdy • BLOWsutra Psychedelic Poetry Folk DUB,[02] EGO's masquerade • Tzigane Trip Hop Lo-Fi INDIE,[06] All Lame-Isms (Queen of Authentic) - BLOWsutra FOLK,[04] All Lame-Isms (oh boy) 1 - BLOWsutra BURLESQUE,""[03] Hey, You - BLOWsutra psyPunk ROCK"",""[05] Hereby, I Cry • Arabesk Drum MANTRA"",[14] SS Means Sacred Sp3rm • Jazz INDIE,[04] SS Means Sacred Sp3rm • Piano Jazz BURLESQUE,A [12] Make America Gulag Again • Ragga Lala DUB,[02] What It's About - BLUESsutra,[05] Jolly Poo - No one knows how dark you are - FOLKsutra,[12] Jolly Poo - Beware of Dog who won’t Bark - DUBsutra,[11] Jolly Poo - Coward Dawgs Gossip but(t) only in your back  - DUBsutra,[03] Sidération - The Sky Stood Still 4 - Revolution BLUESsutra,RUN v5 (2) [ordo duende amoris],RUN v2 - Duende Amoris FOLK,RUN V3 - Destiny BLUES (high),RUN v4 (2) [ordo Duende amoris],RUN v1 - cello mama,RUN v2 - Muse DUB,RUN v3  - Muse DUB (low),RUN v4 - WSWHFN DUB,[01] Male Fantasies • Minimal Vocal JAZZsutra,""[04] Okey Dokey, No It's Not • Jazzy LOFIsutra"",""[03] Okey Dokey, No It's Not • Indie LOFIsutra"",""[02] Okey Dokey, No It's Not • Indie LOFIsutra"",""[05] Okey Dokey, No It's Not • Jazzy LOFIsutra"",[01] Because the Light (wontdietonight) ⭐︎ Breathy LOFIsutra,[02] Because the Fight ⭐︎ MellO BANJOsutra,Where Hope Expires - Queen of Authentic FOLK,Where Hope Expires - dem sed Dub INDIE FOLK,Where Hope Expires - Piano CAT JAZZ,[2] Trust no one - BLOWsutra Udio ROCK,[1] Trust no one - BLOWsutra Suno JAZZ,[4] MAHA • Make America Humane Again • Accordion CAT BURLESQUEsutra,Shady Fools • FOLKsutra,Liberty • Tribute to Victor Hugo’s Revolutionary Poetry • DUBsutra,[1] Serial BLOWERS (now twat?) • DUBsutra,Project 2-0-2-5 • Dummy FOLKsutra,Woke-N-Whack-A-Musk ☆ BLUESsutra (1),Woke-N-Whack-A-Musk ☆ BLUESsutra (2),Woke-N-Whack-A-Musk ☆ DUBsutra (2),Predators (always Inspired) 5,Comme un canard #9,The Tyranny of Ignorance : BANJOsutra (Single Duck Release),Mind the Felon (two) • FOLKsutra,Mind the Felon (one) • JAZZsutra,Mind the Felon (three) • JAZZsutra,Le Poids de l'Ego v1 • sutraFRENCH • Burlesque Ego Dub Cabaret,""Manu, Le P'tit Menteur v2 • sutraFRENCH • Burlesque Ego Accordion Cabaret"",Le P'tit Jupiter • sutraFRENCH • indieJAZZZ Piano LOFI Soul :),Kamala has a dream (and that duck just blows) • bananasutraBLUES","A stroll down history’s lane ☆ KNOWsutra ☆ EPx6 Vol. 1,All the -Isms | BLOWsutra EPx7,Because the Light ☉ EPx4 VOL.01,Bloom Past Doom (Apes Gone Wrong Series) EPx5 - BLOWsutra (Revolt Now)  Grassroots Hope Song,Bloom Past Doom - Vol. 2 · 2 songs EPx7 - BLOWsutra (Revolution Ring Series) Fusion Jazz,Crimina/els EP,DEFY (Vol 2) - 3 Songs EPx6 - BLOWsutra Revolution Ring LoFi Jazz Fusion,DEFY ✰ 3 Songs EPx7 ✰ BLOWsutra Jazzy Folk Lo-Fi BLUES,Double Standards EPx3 VOL. 1 • BURLESQUEsutra,Ego Ain't Your Amigo • Vol. 2 · EPx21 • BLOWsutra (Ego Gone Loco)  Dub LoFi Burlesque,EGO's Masquerade • EPx4 • BLOWsutra Tzigane Trip Hop Lo-Fi INDIE,Ethical Paradox (Bertrand Undone),Grifters • BLOWsutra (Apes Gone Wrong) EPx14,Hereby · I Cry ☠ BLOWsutra EPx5,Hey · Creeps • EPx20 • BLOWsutra Ego Gone Loco,Hey · You ✖ EPx8 ✖ BLOWsutra Indie Punk ROCK,If We Had But(t) The Truth • Vol. 2 EPx22 • BLOWsutra (Censored) Epstein Etcetera Soundtrack,Ironic Moronic Eugenics ☤ What Happens When KNOWsutra & BLOWsutra Make a Baby,Jolly Poo - EPx15 VOL. 01 - Banjo Blues BLOWsutra,L'Accordéon de l'Ignorance EP X9,Le Système EP MIX X16 | Bluesy French Jazz,MAHA (Make America Humane Again) ☆ VOL.2 EPx6 ☆ BLOWsutra (MAxA Series) Psychedelic Trip Hop,Make Amurica Gulag Again ☭ BLOWsutra DUB EPx25,Male Fantasies - bananasutra EPx2 Vol. 03,MAMA-B-C (Make America Mine Achtung Encore) • BLOWsutra MAxA Series EPx3,MAMA-B-C (Make America Mine Achtung) • BLOWsutra MAxA Series EPx8,MASA (Make America Safe Again) ✮ EPX12 ✮ QUACKsutra Psychedelic BANJO,MAxA Alphabet Series Compilation - Make America Humane · Kind · Safe · Smart · etcetera Alright?!,Mind the Felon EP X5 | JAZZ LOFI : Psychedelic Paradox Soul Chanson,No Fear · My Dear ❢ BLOWsutra Revolution Ring Jazz EPx19,Oh · Freedom EP x10 ♛ BLUESsutra (Public Domain Lyrics),Okey Dokey · No It's Not Ξ EPx5 Ξ LOFIsutra,Project 2-0-2-5 (Explicit Fascism Advisory) • Pray for Murica SOULsutra EPx7,Question the Nation • EPx10 • BLOWsutra Psychedelic Dub Revolution,RHINOCEROSS ♦ EPx7 ♦ BLOWsutra Surreal Real Poetry,Rise Up · You Naked Peoples (Freedom Rings) ☆ BLOWsutra Victor Hugo Revolution Song,RUN (now · if you can),Second Hand Smoke (of) Arrogant Hearts - BLOWsutra EGO Therapy EPx6,Serial BLOWerrr ✰ RAGGA DUBsutra,Shady Fools (Oh Can’t You See?) • Vol. 2 EPx9 • BLOWsutra Ego Gone Loco LoFi Burlesque,Sidération - The Sky Stood Still - EPx6 VOL. 2 of 4,Spit Back The Lies • BLOWsutra (Revolution Ring) EPx20,SS Means Sacred Sp3rm ☠ BLOWsutra EPx19,Stymied Felon goes Stymy Stymy Yuck Encore - Freee Bonus EPx2 VOL.02,Stymy Stymy Yuck : A Story of Old Bastards - EPx5 VOL.1 - DUBsutra,The Accordion of Ignorance EP X4,The Echo Song Song ☭ Vladimir Vysotsky - EPx6  English Cover ☭ BLOWsutra Gipsy Trip Hop Trip,They Call It Freedom (Oh Hi · Sweet Honey Bun) ✯ BLOWsutra (Revolt Now) EPx11,They Muddy the Waters (aka Nietzsche's Gift) EPx5 VOL. 04,This Is What Dissent Looks Like Now - BLOWsutra (Revolution Ring) Jazz Indie LoFi Dream,Time for Rebel Romance ☆ EPx6 ☆ BLOWsutra (Revolt Now) Cabaret,Trust No One EP x3 VOL.1 ☆ BLOWsutra Alternative Indie ROCK,What It's About - Blues Dub Murica Mantra EPx7,What It's About • Vol. 02 EPx6 • BLOWsutra Revolution Ring,What's F-A-S-C-I-S-T? EPx8 VOL. 1 ☆ BLOWsutra JAZZ FOLK Fusion,Where Hope Expires ℧ EPx8 VOL.02,Who's Your Vladdy? EPx10 ☿ BLOWsutra World Peace Fusion Indie,Who's Your Vladdy? EPx2 VOL.02 ☿ BLOWsutra World Peace LOFI + ROCK,Woke 'em Whacks EPx4 : BLUES & DUBsutra (Music Therapy)"
BOWsutra the last of 7 sutras · it's divine <3,https://soundcloud.com/bananasutra/sets/bowsutra,sutra (all),,BOWsutra,"BANJO,BLUES,BURLESQUE,DUB,FOLK,INDIE,JAZZ,LOFI,ROCK",18,11883,149,49:20,https://i1.sndcdn.com/artworks-PhV4HcOuFKRdx4bD-cO41eQ-t500x500.png,"""[07] We're Tiny Specks, Right • BOWsutra (Cosmic Banana) Psychedelick Acoustic DUB"",""[11] We're Tiny Specks, Right • BOWsutra (Cosmic Banana) Psychedelick Motorik INDIE"",""[06] We're Tiny Specks, Right • BOWsutra (Cosmic Banana) Psychedelick Indie Cello LOFI"",""[03] We're Tiny Specks, Right • BOWsutra (Cosmic Banana) Psychedelick Indie Hop Hop LOFI"",""[01] We're Tiny Specks, Right • BOWsutra (Cosmic Banana) Psychedelick Indie Hop Hop LOFI"",Side B [08] Oh Martine • BOWsutra Gipsy World LoFi Fusion INDIE,Side A [15] Oh Martine • BOWsutra La Poesita Fado World Duende INDIE,Side A [12] Oh Martine • BOWsutra La Poesita Fado World Duende INDIE,Side A [13] Oh Martine • BOWsutra La Poesita Fado World Duende INDIE,Side A [08] Oh Martine • BOWsutra French Psychedelic Cello Indie JAZZ,Side A [03] Oh Martine • BOWsutra Cheeky Piano Bar Kittens BURLESQUE,Side A [04] Oh Martine • BOWsutra Cheeky Piano Bar Kittens BURLESQUE,Side A [07] Oh Martine • BOWsutra French Psychedelic Cello Indie JAZZ,[01] Easy (Death Is Nothing At All) • BOWsutra Weary Banjo Mama BLUES,[07] Easy (Death Is Nothing At All) • BOWsutra La Poesita Peace DUB INDIE,Poetry Matters • LOFI DUBsutra,""Ooh, Freedom ♛ BLUESsutra Soul (Public Domain Heavens)"",#2 Darling - JAZZsutra","Best Teacher Award · in Love & Death : Indie Bliss EPx3 VOL. 1 : BOWsutra,Darling EP,Easy (Death Is Nothing At All) ❣ BOWsutra EPx9,Hold the Mic · Babe  EP X7 | Soul Prayer Lullabies,Oh · Freedom EP x10 ♛ BLUESsutra (Public Domain Lyrics),Oh · Martine ❃ French GLOW+BOWsutra ❃ Side A+B EPx28,Poetry Matters EP vol.3,Untamed EP X3,We're Tiny Specks · Right • BOWsutra"
GROWsutra where we be brave,https://soundcloud.com/bananasutra/sets/sutragrow,sutra (all),,GROWsutra,"BANJO,BLUES,BURLESQUE,DUB,FOLK,INDIE,JAZZ,LOFI,MANTRA,ROCK",119,143688,1466,6:43:57,https://i1.sndcdn.com/artworks-EIMomqQ3VHc9dl93-DvcAsA-t500x500.png,"[08] Zero Sum • GROWsutra Psychedelick Folk Poetry Bridges The DUB,[13] Zero Sum • GROWsutra Psychedelick Gipsy Flamenco Techno Fusion INDIE,[10] Zero Sum • GROWsutra Psychedelick Gipsy Flamenco  Ragga Circus DUB,[14] Zero Sum • GROWsutra Psychedelick Gipsy Flamenco Techno Fusion INDIE,[12] Zero Sum • GROWsutra Psychedelick Gipsy Indie Ragga Flamenco DUB,[09] Zero Sum • GROWsutra She Wanna Know Psychedelick Jazz Fusion LoFi DUB,[07] Zero Sum • GROWsutra Psychedelick Folk Poetry Bridges The DUB,[03] Zero Sum • GROWsutra Hypnotic Post-Punk Motorik Fusion LOFI,[06] Zero Sum • GROWsutra Psychedelick Gipsy Hop Fusion LOFI,[01] Zero Sum • GROWsutra Hypnotic Post-Punk Motorik Fusion LOFI,[20] Zero Sum • GROWsutra Psychedelick Post-Punk Cello Dub Cabaret BURLESQUE,[07] This Is My Quest • GROWsutra La Poesita Gipsy Fado Flamenco Duende DUB,[15] This Is My Quest • GROWsutra Psychedelic Poetry Bridges the DUB,[19] This Is My Quest • GROWsutra Ethically Psychedelic Gipsy JAZZ,[06] This Is My Quest • GROWsutra Psychedelic Gipsy Techno Fado Flamenco Duende INDIE,[01] This Is My Quest • GROWsutra Psychedelic Gipsy Techno Fado Flamenco Duende INDIE,[12] This Is My Quest • GROWsutra Psychedelic Poetry Bridges the DUB,[05] This Is My Quest • GROWsutra Psychedelic Gipsy Techno Fado Flamenco Duende INDIE,[09] This Is My Quest • GROWsutra Psychedelic Gipsy Fado Arabesk Lofi Dub INDIE,[02] But(t) How Can You GROWsutra Dem Sed Psychedelic Ragga DUB,[05] But(t) How Can You GROWsutra F-Bomb Psychedelic Hip Hop LOFI,""[01] Hello, Oh No • GROWsutra Psychedelic Folk Poetry Bridges the DUB"",""[06] Hello, Oh No • GROWsutra La Poesita Gipsy Flamenco DUB"",""[07] Hello, Oh No • GROWsutra Psychedelic Gipsy Fusion LOFI"",""[03] Hello, Oh No • GROWsutra Psychedelic Folk Poetry Bridges the DUB"",""[09] Hello, Oh No • GROWsutra Psychedelic Circus Indie Tango JAZZ"",""[11] Hello, Oh No • GROWsutra Psychedelic Queen of Authentic Dubby Folk Banjo BLUES"",[04] One Percent Rising • GROWsutra (Dare to Care) Psychedelic Indie Gipsy Hip Hop Fusion LOFI,""[01] The Atheist Tango • GROWsutra (God, Etc) Conscious Gipsy Burlesque Fusion LOFI"",""[02] The Atheist Tango • GROWsutra (God, Etc) Conscious Gipsy Burlesque Fusion LOFI"",""[08] The Atheist Tango • GROWsutra (God, Etc) Gipsy Cello Bass Chanson Jazz BURLESQUE"",""[05] The Atheist Tango • GROWsutra (God, Etc) Conscious Gipsy Burlesque Fusion LOFI"",""[10] The Atheist Tango • GROWsutra (God, Etc) Gipsy Bass Piano Twirl Burlesque JAZZ"",""[06] Sing Your Own Gospel • GROWsutra (God, Etc.) Gipsy Bass JAZZ"",""[07] Sing Your Own Gospel • GROWsutra (God, Etc.) Gipsy Bass JAZZ"",""[04] Sing Your Own Gospel • GROWsutra (God, Etc.) Gipsy Piano JAZZ"",""[01] Sing Your Own Gospel • GROWsutra (God, Etc.) Gipsy Gospel BLUES"",""[07] Seminal Bollocks - GROWsutra (God, Etc) Gipsy Trip BRUH Hop LOFI"",""[04] Seminal Bollocks - GROWsutra (God, Etc) French Accordion Psychedelia BURLESQUE"",""[06] Seminal Bollocks - GROWsutra (God, Etc) Psychedelic Tzigane Fusion Folk LOFI"",[04] Why We Can't Be Brave - GROWsutra (Censored) Psychedelic Flamenco Dub Cello Fusion INDIE,[07] Why We Can't Be Brave - GROWsutra (Censored) Psychedelic Hip Hop Cello Indie Dub Fusion LOFI,[08] Why We Can't Be Brave - GROWsutra (Censored) Psychedelic Hip Hop Cello Indie Dub Fusion LOFI,[02] Why We Can't Be Brave - GROWsutra (Censored) Psychedelic Cello Drama Duende Dream INDIE,Side A [03] EP Bertrand - The Unhappiness Dance - GROWsutra Jazzy Indie FOLK,Side B [04] EP Bertrand - The Conquest of Happiness - GROWsutra Indie Folk JAZZ,Side B [05] EP Bertrand - The Conquest of Happiness - GROWsutra Sweet Waltz BURLESQUE,Side A [01] EP Bertrand - The Unhappiness Dance - GROWsutra Jazzy BURLESQUE,Side A [05] EP Bertrand - The Unhappiness Dance - GROWsutra Indie JAZZ,[10] We Live Not By Lies - GROWsutra Post-Punk Rock Bar Girl BURLESQUE,[02] We Live Not By Lies - GROWsutra Pyschedelic Cello Dream Dub INDIE,[03] We Live Not By Lies - GROWsutra Psychedelic Piano Cello INDIE,[07] We Live Not By Lies - GROWsutra Tzigane Arabesk Fusion Indie LOFI,[01] We Live Not By Lies - GROWsutra Gipsy Poetry DUB,[04] We Live Not By Lies - GROWsutra Psychedelic Piano Cello INDIE,[11] We Live Not By Lies - GROWsutra IBYN Post-Punk BURLESQUE ROCK,[05] Peace Matters More - GROWsutra Gipsy DUB JAZZ,[04] Peace Matters More - GROWsutra Gipsy Circus BURLESQUE,[07] Peace Matters More - GROWsutra Gipsy Hop DUB,[01] Peace Matters More - GROWsutra Gipsy psyCello INDIE,[02] Peace Matters More - GROWsutra Gipsy Burlesque INDIE,[32] Letter to My Friend (Never Again) • GROWsutra She Wanna Know PsyBass Circus JAZZ,[02] La Force Douce - French GROWsutra Gipsy Flamenco Duende Chanson INDIE,[03] La Force Douce - French GROWsutra Gipsy Flamenco Duende Chanson INDIE,[01] La Force Douce ✪ French GROWsutra Gipsy Flamenco Duende Chanson INDIE,[06] La Force Douce - French GROWsutra Tzigane Peace Soul Fusion LoFi INDIE,[01] Win Win Dub ⚭ French GROWsutra Soulful Hip Hop Ragga DUB,[16] The Love Of A Dove - GROWsutra Dem Sed Psychedelic Ragga DUB,[08] The Love Of A Dove - GROWsutra Only The Brave PsyBluegrass Dubby BLUES,[02] The Love Of A Dove - GROWsutra Duende Amoris Fado Fiddle INDIE,[14] The Love Of A Dove - GROWsutra Feel Di Riddim Psychedelic Ragga DUB,[04] The Love Of A Dove - GROWsutra Mama-b-c Peace Cello INDIE,[09] The Love Of A Dove - GROWsutra Queen of Authentic Dubby Psychedelic BLUES,[11] The Love Of A Dove - GROWsutra Psychedelic Destiny BLUES,[14] L'Embobinage (d'après Carl Sagan) • French GROWsutra World Peace PsyAccordion POP BURLESQUE 3 INDIE,[03] L'Embobinage (d'après Carl Sagan) • French GROWsutra World Peace PsyAccordion CelLOFI INDIE,[09] L'Embobinage (d'après Carl Sagan) • French GROWsutra World Peace Hypnotic Tango Jazz INDIE,[13] L'Embobinage (d'après Carl Sagan) • French GROWsutra World Peace Miss Cheeky DUB,[02] L'Embobinage (d'après Carl Sagan) • French GROWsutra World Peace CelLOFI,[05] L'Embobinage (d'après Carl Sagan) • French GROWsutra World Peace Tzigane Fusion INDIE,[11] L'Embobinage (d'après Carl Sagan) • French GROWsutra World Peace La Poesita Flamenco INDIE DUB,[12] L'Embobinage (d'après Carl Sagan) • French GROWsutra World Peace Miss Cheeky DUB,[01] L'Embobinage (d'après Carl Sagan) • French GROWsutra World Peace CelLOFI,[15] L'Embobinage (d'après Carl Sagan) • French GROWsutra World Peace PsyAccordion POP BURLESQUE INDIE,[13] Men-Oh-Pause • GROWsutra Accordion Circus BURLESQUE,[14] Men-Oh-Pause • GROWsutra I Burlesque You Not Psychedelic Punk ROCK,[05] Men-Oh-Pause • GROWsutra She Wanna Know Fusion Jazz CelLOFI INDIE,[08] Men-Oh-Pause • GROWsutra Dem Sed Ragga DUB,[04] Men-Oh-Pause • GROWsutra She Wanna Know Fusion Jazz CelLOFI INDIE,[12] Men-Oh-Pause • GROWsutra Accordion Circus BURLESQUE,[01] Nous Sommes Le Feu - Chanson à la BLUESsutra - INDIE,Poetry (Nah Lie) • GROWsutra Ragga Mantra DUB,we remember what we remember when we feel 3,we remember what we remember when we feel 2,we remember what we remember when we feel 4,we remember what we remember when we feel 1,we remember what we remember when we feel 5,""[02] Courage, Care, and Coconuts (Kindness is Clear more than Nice) - Dreamy Indie FOLKsutra"",[03] Glitter and Guts - Arabesk Indie JAZZsutra,[01] Glitter and Guts - Circus BURLESQUEsutra,[05] Glitter and Guts - Bass Revolution LOFIsutra,[04] Glitter and Guts - oh lordy DUBsutra,Kindness (single) VOL. 04,""[08] Why Trust an Old, Mean Religion AD2 Soul INDIE"",[01] Ego Ain't Your Amigo (Fasho at Marlago) - oh hi salty honey bluesy JAZZ tempo,[0] How do kids learn • Destiny JAZZsutra (high),[7] Your rules don’t apply to me • Indie MANTRAsutra,[4] Shush the Bull Bro (Please) • DUBsutra,MAKA MAKA Murica (Kindness Gone Folk),Where Hope Expires • Folk BANJOsutra,MAWA MAWA • Make America Woke Again • Banger BANJOsutra,Shady Fools • FOLKsutra,[7] Shades of Fools • All I know is I dunno • Ragga DUBsutra High,[6] Shades of Fools • All I know is I dunno • Fastass BANJOsutra,Feeel The Rhythm (Tell the Truth),""#1 Hold the Mic, Babe ☰ BANJOsutra Vocal Hug"",""#3 Hold the Mic, Babe ☰ BANJOsutra Hug for Ya, Babe"",""#2 Hold the Mic, Babe ☰ DUBsutra Vocal Hug"",Some Truths are Harder to Swallow • LOFI Jazzz • sutraGROW","A Letter to My Friend (Never Again) EPx44 ☮ GROWsutra World Peace Mantra,But(t) How Can You? GROWsutra (Dare to Care) EPx10,But(t) How you Kids Learn Now? EPx9 VOL. 01,Courage · Care · and Coconuts © GROWsutra EPx4,Double Standards EPx4 VOL. 2 ★ BLOWsutra LOFI,Ego Ain't Your Amigo ⭐︎ EPx14 VOL. 01 ⭐︎ True Tales of BLUESsutra,Glitter on a Turd ❯ GROWsutra Banana Cabaret EPx5,Hello · Oh No • EPx16 • GROWsutra Psychedelic Logic Harmonics,Hold the Mic · Babe  EP X7 | Soul Prayer Lullabies,How to Help a Bible Bro Grow Up · In the name of Religious Freedom,L'Embobinage (d'après Carl Sagan) • French GROWsutra EPx17,La Force Douce EPx7 ✪ French GROWsutra World Peace Duende LoFi Indie Fusion,MAWA MAWA EPx2 (if Soundcloud allows) ⭐︎ MAxA Series · Vol. 2,MAxA Alphabet Series Compilation - Make America Humane · Kind · Safe · Smart · etcetera Alright?!,Men-Oh-Pause 🩸 KNOWsutra EPx14,Nous Sommes Le Feu EPx4 ☲ GROWsutra French Peace Indie,Oh My · Oh Why (Socrates Song) - GROWsutra EPx7,Oh · Freedom EP x10 ♛ BLUESsutra (Public Domain Lyrics),One Percent Rising • GROWsutra (Dare to Care) Psychedelic Indie EPx6,Peace Matters More (The Only Wish Worth Making) 🪽 GROWsutra Birthday Wish Song,Poetry Matters ☰ BANJOsutra EPx2,Seminal Bollocks - Merry Psychedelic GROWsutra (God Etc.) EPx10,Shades of Fools EPx9,Sing Your Own Gospel • Vol. 2 EPx7 • GROWsutra (God · Etc) Revolutionary Gipsy JAZZ,Some Truths (Are Harder to Swallow) EPx7,Tell the Truth EP x4 BLUESsutra,The Atheist Tango • Vol. 2 EPx12  •  GROWsutra (God · Etc) Conscious Gipsy LoFi Burlesque Jazz,The Conquest of Happiness (according to Bertrand Russel) ☰ 2 Songs EPx10 ☰ KNOWsutra,The Dystopian Quiz Song ★ EPx15 ★ Acoustic SOULsutra,The Invisible Man in the Sky (a song inspired by George Carlin) EPx8 VOL.01,The Love of a Dove ☩ EPx18 ☩ GROWsutra Peace Fusion Prayer,This Is My Quest • GROWsutra (Dare to Care) Dream EPx19,We Live Not By Lies ⚬ EPx12 ⚬ GROWsutra Revolution Ring,We Remember What (We Remember What) We Feel☉EPx5 INDIE GROWsutra,What's F-A-S-C-I-S-T? EPx8 VOL. 1 ☆ BLOWsutra JAZZ FOLK Fusion,Why Trust an Old · Mean Religion? EPx9 VOL. 01,Why We Can't Be Brave? ☷ GROWsutra (Censored) Cello EPx8,WIN-WIN DUB EPx3 ⚭ French-English GROWsutra Fusion Soul,Zero Sum (Zero Sean) • GROWsutra (Dare to Care) EPx22"
SHOWsutra where bananas play,https://soundcloud.com/bananasutra/sets/sutrashow-where-bananas-get,sutra (all),,SHOWsutra,"BANJO,BLUES,BURLESQUE,DUB,FOLK,INDIE,JAZZ,LOFI,ROCK",57,58038,631,3:22:21,https://i1.sndcdn.com/artworks-QRaUbtlHanDIuOON-8Hr9pg-t500x500.png,"[29] The Great Naked King • SHOWsutra Psychedelick Hillbilly Hop Pop Blues Banjo LOFI,[19] The Great Naked King • SHOWsutra Psychedelick Gipsy Hip Hop Jazz LOFI,[26] The Great Naked King • SHOWsutra Psychedelick Hillbilly Hop Pop Indie Blues Banjo LOFI,[17] The Great Naked King • SHOWsutra Psychedelick Cabaret Jazz Swing BURLESQUE,[18] The Great Naked King • SHOWsutra Psychedelick Cabaret Gipsy Swing BURLESQUE,[22] The Great Naked King • SHOWsutra Psychedelick Hop Pop Piano Jazz LOFI,[11] The Great Naked King • SHOWsutra Psychedelick Circus Accordion Waltz BURLESQUE,[06] The Great Naked King • SHOWsutra Psychedelick French Accordion Cello Tango JAZZ,[07] The Great Naked King • SHOWsutra Psychedelick French Accordion Cello Tango JAZZ,[14] The Great Naked King • SHOWsutra Psychedelick Circus Accordion Waltz BURLESQUE,[04] The Great Naked King • SHOWsutra Psychedelick French Accordion Cello Tango JAZZ,""[03] Nice Work If You Can Get It - An American in Paris, Public Domain Lyrics - SHOWsutra Indie JAZZ"",""[04] Embraceable You - An American in Paris, Public Domain Lyrics - SHOWsutra Indie Jazz DUB"",""[05] Tra-La-La - An American in Paris, Public Domain Lyrics - SHOWsutra Indie Jazz DUB"",Side A [02] Donkeys Years • SHOWsutra Fanana Club Gipsy La Poesita Cabaret Dub INDIE,Side B [18] Donkeys Years • SHOWsutra Fanana Club Gipsy Oh Boy Accordion Circus Waltz BURLESQUE,Side A [06] Donkeys Years • SHOWsutra Fanana Club Gipsy Cabaret Indie LOFI,Side A [09] Donkeys Years • SHOWsutra Fanana Club Gipsy Cabaret Indie Cello LOFI,Side B [17] Donkeys Years • SHOWsutra Fanana Club Psychedelic Gipsy IBYN Cabaret Rock BURLESQUE,Side A [01] Donkeys Years • SHOWsutra Fanana Club Gipsy Flamenco Cabaret Dub INDIE,Side B [13] Donkeys Years • SHOWsutra Fanana Club Gipsy Piano Kitten Cabaret Burlesque JAZZ,[04] Peel Me Kindly • FLOWsutra Gone Banana Joke Gipsy JAZZ,[05] Peel Me Kindly • FLOWsutra Gone Banana Joke Gipsy JAZZ,[02] Peel Me Kindly • FLOWsutra Gone Banana Joke Gipsy JAZZ,[01] Peel Me Kindly • FLOWsutra Gone Banana Joke Gipsy JAZZ,[02] Synthema Sutras - SHOWsutra Banana Tzigane Conscious Soul Fusion Indie LOFI,[08] Synthema Sutras - SHOWsutra Banana Psychedelic Burlesque Indie Punk ROCK,[04] Synthema Sutras - SHOWsutra Banana Jazzy Bass Indie Cello Fusion DUB,[12] Gladys in Sonderland • SHOWsutra Psychedelic Gipsy Cello Waltz BURLESQUE,[10] Gladys in Sonderland • SHOWsutra Psychedelic Gipsy Cello Waltz INDIE BURLESQUE,[06] Gladys in Sonderland • SHOWsutra Psychedelic Gipsy Cello Waltz Breathing BURLESQUE,[11] Gladys in Sonderland • SHOWsutra Psychedelic Gipsy Accordion Circus Waltz BURLESQUE,[04] Gladys in Sonderland • SHOWsutra Psychedelic Gentle Gipsy Piano Cello Accordion Waltz Cameo BURLESQUE,Side B [02] CREEPYPASTA • SHOWsutra Trip Storyteller LOFI,Side B [01] CREEPYPASTA • SHOWsutra Trip Storyteller LOFI,Side A [04] CREEPYPASTA • SHOWsutra Hide Yo Pets Bluegrass BANJO,Side B [10] READ ME HARDER (BB for Banned Books) - SHOWsutra She Wanna Know Jazzy LoFi Indie DUB,Side B [04] READ ME HARDER (BB for Banned Books) - SHOWsutra Psychedelic Destiny Banjo BLUES,Side A [06] READ ME HARDER (BB is for Banned Books) - SHOWsutra Gypsy Hip Hop Rebellion BURLESQUE,Side A [03] BB is for Banned Books - SHOWsutra Gypsy Hip Hop Fusion BURLESQUE,Side A [05] READ ME HARDER (BB is for Banned Books) - SHOWsutra Gypsy Hip Hop Rebellion BURLESQUE,""[08] Hi, My Name Is (Not Céline Dion) - SHOWsutra Gipsy Fusion Trip Hop World LOFI"",""[02] Hi, My Name Is (Not Céline Dion) - SHOWsutra Gipsy Fusion Trip Hop World LOFI"",""[11] Hi, My Name Is (Not Celine Dion) • SHOWsutra Cello Circus Waltz BURLESQUE"",""[09] Freee, La Fille • French SHOWsutra Psychedelic Ragga DUB"",""[03] Freee, la fille (remastered) • French SHOWsutra Circus Accordion BURLESQUE"",""[08] Freee, La Fille • French SHOWsutra Psychedelic Ragga DUB"",[01] Blessed Be The Dogs • SHOWsutra Post-Punk Burlesque ROCK,[05] Blessed Be The Dogs • SHOWsutra Post-Punk Burlesque ROCK,[1] Who Needs a Big D? OG BURLESQUE,[15] Oh My Cha Cha Cha • Accordion BURLESQUEsutra,[01] Dressed in Wonder • psyBLUES BANJOsutra,Wet Peaches • Blues BANJOsutra,i did the math and everything is stupid • DRUMsutra.wav,Some Songs Are More JAZZ Than Others : JAZZsutra,Some Songs Are More POOH Than Others : DUBsutra,""Hi, my name is (not Celine Dion) • Hip Pop Jazz, Quirky Stuff, a true story • Bananasutra(SHOW)""","An American in Paris (Public Domain Lyrics) 🎙️ SHOWsutra Classic Retro Musical REMAKE,Atheist Tango EP x9 VOL. 1 ☰ Waldo's Burlesque Tales of Truth,Blessed Be the Dogs ☰ SHOWsutra EPx9 ☰ Post-Punk Burlesque ROCK,Carnival FOTUS (ctd) EP X3,CREEPYPASTA (what the hella) ♅ SHOWsutra ♅ EPx23 Side A+B,Donkeys Years - SHOWsutra Fanana Club Gratitude EPx20,Dressed in (nothing butt) Wonder ★ Exxxplore and Play (EP) x16 Bananas,Freee · La Fille • French SHOWsutra Psychedelic EPx10,Gladys in Sonderland EPx14 • SHOWsutra Psychedelic Gipsy Dream,Hammy On Clyde ✪ SHOWsutra EPx8,Hi · My Name Is (Not Celine Dion) - Vol02 EPx11 - SHOWsutra Dubby Grass Burlesque Edition,Hi · My Name Is (Not Celine Dion) - Vol03 EPx11 - SHOWsutra Gipsy Trip Hop World LoFi Edition,Hope is So Do-Do-Dope 🎪🦤 SHOWsutra Surreal Soul Circus EPx9,Peel Me Kindly 🍌 SHOWsutra Gone Banana à la Gipsy JAZZ EPx7,Read Me Harder (BB is for Banned Books) ☆ SHOWsutra Side A+B EPx19,Segggsting • SHOWsutra EPx6 • French Burlesque Jazz Cabaret,some songs are more fun than others EP x8 ∞,Some Truths (Are Harder to Swallow) EPx7,SynthemaSutra ♆ SHOWsutra Banana EPx8,The Great Naked King • SHOWsutra Psychedelick Fools Cabaret EPx30,Wet (Prickly) Peaches vol.2,Who Needs a Big D? EP x8 VOL. 1 - JAZZ 'n DUB"
KNOWsutra where questions matter,https://soundcloud.com/bananasutra/sets/sutraknow,sutra (all),,KNOWsutra,"BANJO,BLUES,BURLESQUE,DUB,FOLK,INDIE,JAZZ,LOFI,MANTRA,ROCK",101,118451,1375,5:42:13,https://i1.sndcdn.com/artworks-NK0wy8xSKMBP4LSI-DlE3WA-t500x500.png,"""[04] So, What Is Racism • KNOWsutra Ethically Gipsy Fusion LOFI"",""[02] So, What Is Racism • KNOWsutra Ethically Gipsy Fusion JAZZ"",""[03] So, What Is Racism • KNOWsutra Ethically Gipsy Fusion JAZZ"",""[07] So, What Is Racism • KNOWsutra Ethically Gipsy Fusion LOFI"",""[05] It's an Ethical Paradox, an Oxymoron Maze • KNOWsutra (Bertrand Knows) Gipsy Burlesque Upright Bass Piano JAZZ"",""[14] It's an Ethical Paradox, an Oxymoron Maze • KNOWsutra (Bertrand Knows) Gipsy Burlesque Jazz Cello LOFI"",""[13] It's an Ethical Paradox, an Oxymoron Maze • KNOWsutra (Bertrand Knows) Gipsy Burlesque Jazz Cello Trip Hop LOFI"",""[07] It's an Ethical Paradox, an Oxymoron Maze • KNOWsutra (Bertrand Knows) Gipsy Burlesque Upright Bass JAZZ"",""[02] It's an Ethical Paradox, an Oxymoron Maze • KNOWsutra (Bertrand Knows) Gipsy Burlesque Upright Bass JAZZ"",""[01] It's an Ethical Paradox, an Oxymoron Maze • KNOWsutra (Bertrand Knows) Gipsy Burlesque Piano Bass JAZZ"",""[15] It's an Ethical Paradox, an Oxymoron Maze • KNOWsutra (Bertrand Knows) Gipsy Burlesque Jazz Cello DUB"",""[06] It's an Ethical Paradox, an Oxymoron Maze • KNOWsutra (Bertrand Knows) Gipsy Burlesque Piano Upright Bass JAZZ"",""[03] It's an Ethical Paradox, an Oxymoron Maze • KNOWsutra (Bertrand Knows) Gipsy Burlesque Upright Bass JAZZ"",""[11] Two Things, Darling • KNOWsutra Bertrand (Knows) Psychedelic Destiny Banjo BLUES"",""[08] Two Things, Darling • KNOWsutra Bertrand (Knows) Existential Poetry Mama DUB"",""[07] Two Things, Darling • KNOWsutra Bertrand (Knows) La Poesita Gipsy Flamenco Dub INDIE"",""[05] Two Things, Darling • KNOWsutra Bertrand (Knows) La Poesita Gipsy Flamenco Dub INDIE"",""[09] Two Things, Darling • KNOWsutra Bertrand (Knows) Psychedelic Destiny Banjo BLUES"",[04] The Fire We Share • There's No Prayer Like Desire • KNOWsutra But(t) Why Accordion Chanson BURLESQUE,[01] Not Who Powers • There's No Prayer Like Desire • KNOWsutra But(t) Why Banjo Destiny BLUES,[02] Kids Are Asking - KNOWsutra But(t) Why Acoustic Trip Hop LoFi JAZZ,[05] All I Know - Shades of Fools • KNOWsutra Destiny BLUES,[03] Trauma Begets Trauma • KNOWsutra Whimsical Gipsy Peace Kitten Dream Piano INDIE,[04] Trauma Begets Trauma • KNOWsutra Whimsical Gipsy Peace Kitten Dream Piano INDIE,[01] Trauma Begets Trauma • KNOWsutra Whimsical Gipsy Peace Kitten Dream Piano INDIE,[02] Everybody Knows • KNOWsutra Burlesque Trip Hop Indie Dub Piano BLUES,[05] Everybody Knows • KNOWsutra Psychedelic Trip Hop Cello Waltz INDIE,[04] Everybody Knows • KNOWsutra Burlesque Trip Hop Piano Jazz INDIE,[01] Everybody Knows • KNOWsutra Burlesque Trip Hop Indie Piano BLUES,[08] Tell The Truth • KNOWsutra True BLUES Cover,[02] Tell The Truth • KNOWsutra Bluesy ROCK Cover,[06] Tell The Truth • KNOWsutra Cello BLUES Cover,[32] Letter to My Friend (Never Again) • GROWsutra She Wanna Know PsyBass Circus JAZZ,[23] Letter to My Friend (Never Again) • Gipsy Peace Duende Soul Fusion INDIE LOFI,[39] Letter to My Friend (Never Again) • GROWsutra PsyDestiny Banjo BLUES,[19] Letter to My Friend (Never Again) • Gipsy Peace Duende Soul Fusion INDIE LOFI,[27] Letter to My Friend (Never Again) • GROWsutra Jazzy Hop Storyteller LOFI 02,[31] Letter to My Friend (Never Again) • GROWsutra She Wanna Know PsyBass Circus JAZZ,[21] Letter to My Friend (Never Again) • Gipsy Peace Duende Soul Fusion INDIE LOFI,[18] Letter to My Friend (Never Again) • Gipsy Peace Duende Soul Fusion INDIE LOFI,[15] Letter to My Friend (Never Again) - GROWsutra Tzigane Arabesk Soul Peace Fusion Gipsy INDIE,[28] Letter to My Friend (Never Again) • GROWsutra Jazzy Hop Storyteller LOFI 03,[08] Letter to My Friend (Never Again) - GROWsutra Tzigane Arabesk Soul Peace Fusion Gipsy INDIE,[26] Letter to My Friend (Never Again) • Gipsy Peace Duende Soul Fusion INDIE LOFI,[12] Letter to My Friend (Never Again) - GROWsutra Tzigane Arabesk Soul Peace Fusion Gipsy INDIE,[17] Letter to My Friend (Never Again) • Gipsy Peace Duende Soul Fusion INDIE LOFI,[01] Letter to My Friend (Never Again) - GROWsutra Tzigane Arabesk Soul Peace Fusion Gipsy INDIE,""[17] So, What Is Racism? KNOWsutra Banjo Booya Folk Banjo Harmonica BLUES"",""[14] So, What Is Racism? KNOWsutra Gipsy Dub JAZZ"",""[10] So, What Is Racism? KNOWsutra Gipsy Dub JAZZ"",""[08] So, What Is Racism? KNOWsutra Gipsy Dub JAZZ"",""[01] So, What Is Racism? KNOWsutra She Wanna Know Jazzy LoFi DUB"",""[11] So, What Is Racism? KNOWsutra Gipsy Dub JAZZ"",""[03] So, What Is Racism? KNOWsutra Rebound & Rise Jazzy Ragga DUB"",""[09] So, What Is Racism? KNOWsutra Gipsy Dub JAZZ"",[13] Men-Oh-Pause • GROWsutra Accordion Circus BURLESQUE,[14] Men-Oh-Pause • GROWsutra I Burlesque You Not Psychedelic Punk ROCK,[05] Men-Oh-Pause • GROWsutra She Wanna Know Fusion Jazz CelLOFI INDIE,[08] Men-Oh-Pause • GROWsutra Dem Sed Ragga DUB,[04] Men-Oh-Pause • GROWsutra She Wanna Know Fusion Jazz CelLOFI INDIE,[12] Men-Oh-Pause • GROWsutra Accordion Circus BURLESQUE,[13] They Muddy the Water • Nietzsche's Gift • KNOWsutra Drum LOFI,[04] All Lame-Isms (oh boy) 1 - BLOWsutra BURLESQUE,[11] How Do Kids Learn KNOWsutra Gipsy Fado Flamenco Techno Arabesk WORLD 11,""[12] No, I'm Not Being Political • KNOWsutra DUB"",""[04] No, I'm Not Being Political • KNOWsutra Dubby Tzigane FOLK"",[01] BANANA ALLELUIA — KNOWsutra Folk Waltz Ballad BURLESQUE,[11] Cassandra's Lullaby • Jewish Drum Indie Jazz MANTRA,[06] Cassandra's Lullaby • Jewish World INDIE FOLK,[03] Cassandra's Lullaby • World Reckoning INDIE FOLK,[15] Queer Almighty - Drum Mantra DUBsutra,[04] Reason over Reverence - They said bow down but we rise 2 - DUBsutra,[01] Question Di Kingdom - Dub's the Path (Truth is the riddim) - Ragga DUBsutra,[02] Question Di Kingdom - Dub's the Path (Truth is the riddim) - DUBsutra,[02] A Man's a Man and A' That - VOL. 02 - A Spin on Robert Burns' Revolutionary Song - Capela MANTRA LOFI,[8] How do kids learn • DRUM FOLKsutra,[0] How do kids learn • Destiny JAZZsutra (high),[2] stymy stymy yuck • muse DUB,[3] Question Di Kingdom (2) • RAGGAsutra,[4] Question Di Kingdom (1) • RAGGAsutrawav,[8] Reason fi di win • RAGGAsutra,[5] Dubbin' for Freedom • DUBsutra,""Pro-Life Means What, Honey • Jazzy Mantra DUBsutra (2)"",ABC Of Kindness - A Is For Always Speak From Your Heart - DUBsutra (1),Kindness - JAZZsutra,""En Vrai, On Est Tous Frères • LOFI BLUES FRENCHsutra"",Feeel The Rhythm (Tell the Truth),Double (decking) Standards VOL. 1 • DUBsutra,Poetry Matters • LOFI DUBsutra,i did the math and everything is stupid • DRUMsutra.wav,Tell the Truth : BANJOsutra,Seminal Bollocks  • DUBsutra,""New Normalcy, Space Oddity ☰ BANJOsutra"",""New Normalcy, Space Oddity ☰ DUBsutra"",#5 Hard Core : Honey BLUESutra,#4 Hard Core : Burlesque Honeysutra,#1 Hard Core : Honey JAZZsutra,""Le système, ça voulait dire… v2 • sutraFRENCH • Burlesque Ego Accordion Cabaret"",""Le système, ça voulait dire… v3 • sutraFRENCH • Burlesque Ego JAZZZ Masquerade"",""Genius, You See V.1 • Indie Jazz Folk Lullaby  • sutraKNOW inspired by Albert Einstein"",Nietzsche’s Gift V.3 • LOFI Jazzz • sutraKNOW","A Letter to My Friend (Never Again) EPx44 ☮ GROWsutra World Peace Mantra,A Man's a Man and A' That (à la bananasutra) EPx3 - VOL. 02 - Revolution Forever,A Man's A Man for A' That - VOL. 01 - Revolution Forever,A stroll down history’s lane ☆ KNOWsutra ☆ EPx6 Vol. 1,ABCs of Kindness - KNOWsutra,All I Know • Shades of Fools (It's the Why) • KNOWsutra EPx5 Vol. 02,All the -Isms | BLOWsutra EPx7,BANANA ALLELUIA ♾ EPx5 ♾ KNOWsutra BURLESQUE,Blaise's Tale ⭐︎ EPx3 ⭐︎ KNOWsutra Folk Cabaret,But(t) How you Kids Learn Now? EPx9 VOL. 01,Cassandra’s Lullaby • KNOWsutra EPx11 World,Double Standards EPx3 VOL. 1 • BURLESQUEsutra,Ego Ain't Your Amigo ⭐︎ EPx14 VOL. 01 ⭐︎ True Tales of BLUESsutra,En Vrai · On Est Tous Frères ䷁ FRENCH BLUESsutra EPx5,Ethical Paradox (Bertrand Undone),Everybody Knows EP x6 : INDIEsutra,Everybody Knows ✔ Vol. 03 - EPx7 ✔ KNOWsutra Gipsy Trip Hop Truth Prayer Dream,Genius EP,Hard Core (Questions that Matter) X5,HashtagWHY (to be ctd...),I Ain't No Christian (No Holy Fool) ♥ EPx4 VOL.02,It's an Ethical Paradox • Vol. 2 EPx15 • KNOWsutra (Bertrand Knows) Gipsy Burlesque Jazz,Joseph Campbell's Truth Metaphors ☷ KNOWsutra EPx12,Kids Are Asking ✪ KNOWsutra But(t) Why EPx3,Kindness - Psychedelic INDIEsutra,Kindness Matters - Human Life Soundtrack EP,Le Système EP MIX X16 | Bluesy French Jazz,Linguistic Weaponry EPx4 (Vol 2) DUBsutra,Linguistic Weaponry EPx7 Burlesque DUBsutra,Men-Oh-Pause 🩸 KNOWsutra EPx14,Muddy Waters EP,New Normalcy (Planet Earth to Higher Grounds) EP x7,Nietzsche's Gift (They Muddy the Water to Make it Look Deep) - KNOWsutra EPx13 Vol. 5,No · I'm Not Being Political 🇺🇸 KNOWsutra Indie Dub EPx15,Poetry Matters EP vol.3,Pro-life means what · honey?,Queer Almighty (Holy Questions Matter) - EPx16 VOL. 02,Question Di Kingdom EPx4 VOL.02,Question di Kingdom ✰ Ragga DUBsutra EPx10,Relative Steve - KNOWsutra Hip de la HoP EPx2 Bass Interlude,Seminal Bollocks EP,Shades of Fools EPx9,So · What Is Racism • EPx9 Vol. 2 • KNOWsutra Gipsy Jazz + LoFi,So · What Is Racism? KNOWsutra Gone Banana EPx17,Stymy Stymy Yuck : A Story of Old Bastards - EPx5 VOL.1 - DUBsutra,Tell The Truth (encore) KNOWsutra EPx9 Vol. 04,Tell the Truth EP x4 BLUESsutra,There's No Prayer Like Desire • KNOWsutra But(t) Why EPx4,Trauma Begets Trauma - KNOWsutra Peace (not War) Piano Kitten Truth EPx5,Truth Don't Care ✗ EPx2 ✗ KNOWsutra Psychedelic Muse Cabaret,Two Things · Darling • EPx11 • KNOWsutra (Bertrand) Conscious Gipsy LoFi Blues INDIE,When Did Seduction Become so Untrue? EPx16 Vol. 02 ䷶ KNOWsutra Flamenco Techno,Who's Your Vladdy? EPx2 VOL.02 ☿ BLOWsutra World Peace LOFI + ROCK"
FLOWsutra where time is space,https://soundcloud.com/bananasutra/sets/sutraflow,sutra (all),,FLOWsutra,"BLUES,BURLESQUE,DUB,FOLK,INDIE,JAZZ,LOFI",24,21196,287,1:16:40,https://i1.sndcdn.com/artworks-zbyI4lbDpbvjrsBi-cszDDA-t500x500.png,"[09] Curious Like A Kiss • FLOWsutra Cheeky Duende Arabesk Dub LOFI,[05] Curious Like A Kiss • FLOWsutra La Poesita Flamenco Duende Dub INDIE,[07] Curious Like A Kiss • FLOWsutra Cheeky Duende Gipsy Fusion LOFI,[10] Curious Like A Kiss • FLOWsutra Cheeky Duende Arabesk Dub LOFI,[02] Curious Like A Kiss • FLOWsutra Oh Boy Piano Waltz BURLESQUE,[01] Ain't Doing Bad Doing Nothing ⭐︎ Public Domain Lyrics Fun ⭐︎ FLOWsutra Wet JAZZ,[08] Ain't Doing Bad Doing Nothing ⭐︎ Public Domain Lyrics Fun ⭐︎ FLOWsutra Wet BURLESQUE,[07] Ain't Doing Bad Doing Nothing ⭐︎ Public Domain Lyrics Fun ⭐︎ FLOWsutra Wet JAZZ,Everybody Knows • FLOWsutra Freedom Magic Cello Prayer INDIE.wav,[15] Jealousy (not for me) - WSWHFN DUB,MAKA MAKA Murica (Kindness Gone Folk),aintdoingbaddoingnothing 💨,Let’s Do It • Public Domain Lyrics • JAZZsutra 1,Let’s Do It • Public Domain Lyrics • JAZZsutra 2,Let’s Do It • Public Domain Lyrics • JAZZsutra 3,Prickly Peaches (one) • DUB Sutra,Where We Begin (one) : BURLESQUEsutra,Absinthe Bliss (Kiss Me Slow) • DUBsutra,Dark (Lace) Rhythms • TANGOsutra,making songs like…,Just Waltz(be) • Jazzy Grinding Waltz • sutraFLOW (v5),Just Grind(ha) • Harmonica Blues Lo-fi • sutraFLOW,Just Gasp(be) • Jazzy DUB Poetry • sutraFLOW (v1),""Flow like Water, My Friend""","Ain't Doing Bad Doing Nothing ⭐︎ Public Domain Vol. 02 EPx10 ⭐︎ FLOWsutra Wet JAZZ,Bee the Fool EP x2 : BANJOsutra,Curious Like A Kiss • FLOWsutra Cheeky Duende EPx11,Foolish EPx5,Jealousy (not for me) ♡ GROWsutra EPx22,Just Be EP X7 | Vocal Honey Audio Ideals,Let’s Do It (Let's Fall in Love) EP • Public Domain Lyrics • JAZZsutra,Lightly · My Darling ✦ FLOWsutra (Fly Like Water) BANJO EPx5,Prickly Peaches DUBsutra EPx3,Sutra of Immanence - FLOWsutra Dog Poetry - Jazz & Dub EPx3,Too Hard · My Friend • FLOWsutra (Fly Like Water) Lullabies EPx2,Where We Begin (Preakly Peaches) EPx4"
GLOWsutra where gratitude feeds,https://soundcloud.com/bananasutra/sets/sutraglow,sutra (all),,GLOWsutra,"BANJO,BLUES,BURLESQUE,DUB,FOLK,INDIE,JAZZ,LOFI,MANTRA,ROCK",55,58028,644,3:02:21,https://i1.sndcdn.com/artworks-RvPg90tJzDpSlPKh-ns1cUw-t500x500.png,"[04] My Quest • To dream an impossible dream with Jacques Brel • GLOWsutra Psychedelic Muse DUB,[01] My Quest • To dream an impossible dream • GLOWsutra Psychedelic Cello Lullaby INDIE,[08] Kiss A Pulse • GLOWsutra (Lucille Clifton Poetry) Psychedelic Folk Bridges the DUB,[15] Kiss A Pulse • GLOWsutra (Lucille Clifton Poetry) Psychedelic Destiny Banjo Soul BLUES,[14] Kiss A Pulse • GLOWsutra (Lucille Clifton Poetry) Psychedelic Indie Cello Cabaret BURLESQUE,[16] Kiss A Pulse • GLOWsutra (Lucille Clifton Poetry) Psychedelic Destiny Banjo Soul BLUES,[09] Kiss A Pulse • GLOWsutra (Lucille Clifton Poetry) Psychedelic Folk Bridges the DUB,[06] Kiss A Pulse • GLOWsutra (Lucille Clifton Poetry) Psychedelic Folk Bridges the DUB,[07] Kiss A Pulse • GLOWsutra (Lucille Clifton Poetry) Psychedelic Folk Bridges the DUB,[03] Kiss A Pulse • GLOWsutra (Lucille Clifton Poetry) Indie Gipsy Fusion LOFI,[01] Kiss A Pulse • GLOWsutra (Lucille Clifton Poetry) Ethically Gipsy JAZZ,[04] Rainbows in the Clouds • GLOWsutra Gipsy Jazz Conscious Fusion LOFI,[09] Rainbows in the Clouds • GLOWsutra Maya Mama Classic BLUES,[12] Rainbows in the Clouds • GLOWsutra Maya Mama Classic BLUES,[02] Rainbows in the Clouds • GLOWsutra Gipsy Jazz Conscious Fusion LOFI,[01] Rainbows in the Clouds • GLOWsutra Folk Poetry Dubs the DUB,[08] Rainbows in the Clouds • GLOWsutra Queen of Authentic Dubby Folk Classic BLUES,[05] Rainbows in the Clouds • GLOWsutra Gipsy Jazz Conscious Fusion LOFI,[01] Awe Is Mighty (Maybe Even Holy) - GLOWsutra Conscious Indie trip Hop(e) Blues Lullaby LOFI,[02] Awe Is Mighty (Maybe Even Holy) - GLOWsutra Psychedelic Folk Circus Dreamy Drum Indie MANTRA,[01] Jacques Brel - French GLOWsutra Oh Boy Accordion Circus Waltz Chanson BURLESQUE,[07] Jacques Brel - French GLOWsutra Psychedelic Circus Cello Chanson INDIE,[06] Tune in the Tender • Jazzy DUBsutra,[02] Tune in the Tender • LOFI JAZZsutra,[07] Tune in the Tender • Cello INDIEsutra,[01] Tune in the Tender • LOFI BLUESsutra,[03] Poetry Nah Lie - Ragga DUBsutra,[06] Poetry Nah Lie - Ragga DUBsutra,[02] Poetry Nah Lie - Ragga DUBsutra,[01] Poetry Nah Lie - Ragga DUBsutra,[05] Poetry Slow Burns - Sweet DUBsutra,[03] Poetry Slow Burns - DUBsutra,[02] Poetry Slow Burns - DUBsutra,[01] Poetry Slow Burns  - Gold DUBsutra,[03] Poetry Duende - DUBsutra,[01] Poetry Duende - DUBsutra,[06] La Poesia Importa 2 (low) - Psy JAZZsutra,[03] La Poesia Importa - Oh Lordy DUBsutra,[01] Creo (la poesia) - Arabesk Flamenco,[04] Creo - Cello Accordion Psychedelic Circus 1,[03] Creo (la poesia) - Contrabass Guitar Classico,[06] Creo - Muse DUBsutra,[02] Creo (la poesia) - Arabesk Fado,[06] I Wanted to Be the Poem - Bluesy Burlesque JAZZ,MAKA MAKA Murica (Kindness Gone Folk),""En Vrai, On Est Tous Frères • LOFI BLUES FRENCHsutra"",Poetry Matters • LOFI DUBsutra,Poetry Matters (1) ☰ BANJOsutra dream,(what u) think about? • (introvert) FOLKsutra,She Wears the Words • JAZZsutra Mighty Poetry Minute,#3 The Quest of an Unyielding Star (v2) • Jacques Brel Remake • Bananasutra Jazz,#2 The Quest of an Unyielding Star (v3) • Jacques Brel Remake • Bananasutra Jazz,#1 The Quest • Jacques Brel Remake • Bananasutra French Accordion,Rainbows in my Cloud (Merci) • Banjo Folk Gratitude Song • Bananasutra(GLOW),Kindness • Universal Jazz Cabaret of Blues Chanson • Bananasutra(GROW)","Awe Is Mighty (Maybe Even Holy) - GLOWsutra Conscious Indie LoFi Lullaby EPx2,Blessed Are the Cracked EP X3,Creo (La Poesia) ☘ EPx10 VOL.01 ☘ Bananasutra En Español,En Vrai · On Est Tous Frères ䷁ FRENCH BLUESsutra EPx5,Jacques Brel : French EPx9 : GLOWsutra Burlesque Indie Blues Gratitude POET(ry),Kiss A Pulse • GLOWsutra (Lucille Clifton Poetry) EPx16,La Poesia Importa ♕ EPx7 VOL.01 ♕ Bananasutra En Español,My Quest • EPx6 Vol. 2 • GLOWsutra Jacques Brel Dream,Poem (I wanted to be · basically) ℘ EPx14 VOL.01,Poetry Matters EP vol.3,Poetry Matters ☰ BANJOsutra EPx2,Poetry Matters ☲ EPx3 Vol.05 ☲ DUBsutra,Poetry Nah Lie ☲ EPx6 Vol.01 ☲ DUBsutra,Poetry Slow Burns ☲ EPx5 Vol.01 ☲ DUBsutra,Rainbows in the Clouds • GLOWsutra Dub LoFi Blues,To Dream EP X8 | Jacques Brel Chanson Reimagined : Psychedelic French Poetry JAZZsutra X5,Tune in the Tender ☲ #GROWsutra EPx9,Up a San Francisco Hill EP(x4) VOL.2,Up a San Francisco Hill • Bananasutra Heart Beats,What the Mirror Said (Reste Lucide) - GLOWsutra JAZZ"
QUACKsutra where we sing FU,https://soundcloud.com/bananasutra/sets/ducksutra-where-we-sing-fu,sutra (all),,QUACKsutra,"BANJO,BLUES,BURLESQUE,DUB,FOLK,INDIE,JAZZ,LOFI,MANTRA,ROCK",71,56372,534,3:58:05,https://i1.sndcdn.com/artworks-FCpNyoKfIRn6bNzD-59cLWg-t500x500.png,"[04] Time for Rebel Romance ☆ BLOWsutra (Revolt Now) IBYN Psychedelic Piano Jazz BURLESQUE,[01] Time for Rebel Romance ☆ BLOWsutra (Revolt Now) Oh Boy Psychedelic Accordion Circus BURLESQUE,[05] Time for Rebel Romance ☆ BLOWsutra (Revolt Now) Accordion Ragga Burlesque DUB,[02] Time for Rebel Romance ☆ BLOWsutra (Revolt Now) Oh Boy Psychedelic Accordion Circus BURLESQUE,Side B [15] If We Had But(t) The Truth • BLOWsutra (Censored) Gipsy Psychedelia Accordion Cello Indie FOLK,Side A [08] If We Had But(t) The Truth • BLOWsutra (Censored) Folk Poetry on the Bridge DUB,Side A [01] If We Had But(t) The Truth • BLOWsutra (Censored) Jazzy Psychedelic Hip Trip Hop LOFI,Side A [06] If We Had But(t) The Truth • BLOWsutra (Censored) Folk Poetry on the Bridge DUB,Side A [09] If We Had But(t) The Truth • BLOWsutra (Censored) Feel Di Riddim Ragga Mama DUB,Side B [16] If We Had But(t) The Truth • BLOWsutra (Censored) PsyPunk Rock Cabaret BURLESQUE,[03] Bloom Past Doom - BLOWsutra (Revolt Now) Cello Circus Chanson Cabaret BURLESQUE,[10] MASA (Make America Safe Again) • QUACKsutra Psychedelic Booya Country BANJO,[06] MASA (Make America Safe Again) • QUACKsutra Psychedelic BANJO BLUES,[07] MASA (Make America Safe Again) • QUACKsutra Psychedelic BANJO BLUES,[01] MASA (Make America Safe Again) • QUACKsutra Psychedelic DUB BANJO,""Oy, We Care! BLOWsutra I Burlesque You Not 1"",Who's Your Vladdy BLOWsutra Psychedelic Burlesque Punk ROCK,[07] Who's Your Vladdy • BLOWsutra Psychedelic Poetry Folk DUB,""[10] It's War, My Friend • QUACKsutra Psychedelic BLUES"",""[11] It's War, My Friend • QUACKsutra Psychedelic Folk BLUES"",""[13] It's War, My Friend • QUACKsutra Psychedelic ROCK"",""[02] It's War, My Friend • QUACKsutra Tzigane Indie Fusion LOFI"",""[15] It's War, My Friend • QUACKsutra Psychedelic Punk ROCK"",""[04] Hereby, I Cry • We Sing mo' DUB"",""[05] Hereby, I Cry • Arabesk Drum MANTRA"",A [12] Make America Gulag Again • Ragga Lala DUB,[13] PEDO Nation • High Drum Prayer MANTRA,[10] PEDO Nation • Cello Trip Hop LOFI,""[02] Thank you, Mister Paine - American Accountability Revolution BLUESsutra"",""[03] Thank you, Mister Paine - American Accountability Revolution BLUESsutra"",[02] What It's About - BLUESsutra,[03] If We Had But(t) The Truth (Not The Quack) (low) - Drum INDIEsutra,[04] If We Had But(t) The Truth (Not The Quack) - Blues FOLKsutra,[01] Sideration's Calling • White House's Burning • Banger BURLESQUEsutra,[02] Sideration's Calling • White House's Burning • Jazzy LOFI DUBsutra,[07] Sideration's Calling • White House's Burning • Oh Lordy 2 DUBsutra,[04] Sidération Blues Revolution - A Song of Wrong - BLUESsutra,[07] Sideration - No Velvet Scream - BLUESsutra,[05] Sidération Blues Revolution - A Song of Wrong - BLUESsutra,[02] Sidération Blues Revolution - A Song of Wrong - BLUESsutra,[03] Sidération - The Sky Stood Still 4 - Revolution BLUESsutra,[02] Sidération - The Sky Stood Still 2 - Revolution JAZZ BURLESQUEsutra,[05] Sidération - The Sky Stood Still 5 - Revolution FOLKsutra,The Dystopian Quizz Song v3-2 ★ Blues Circus SOULsutra,[01] Ego Ain't Your Amigo (Fasho at Marlago) - oh hi salty honey bluesy JAZZ tempo,[7] Your rules don’t apply to me • Indie MANTRAsutra,[4] Shush the Bull Bro (Please) • DUBsutra,[5] stymy stymy yuck • Arabesk DUB,[2] stymy stymy yuck • muse DUB,[2] Waldo's Fascist Tango - HATjazz BURLESQUE,MAKA MAKA Murica (Kindness Gone Folk),[4] MAKA MAKA - Oh Hey Folk BANJOsutra,[4] MAHA • Make America Humane Again • Accordion CAT BURLESQUEsutra,[5] MAHA • Make America Humane Again • Authentic Banjo FOLKsutra,[1] MAHA • Make America Humane Again • Psy Waltz BURLESQUEsutra,[3] MAHA • Make America Humane Again • Bass IBYN BURLESQUE JAZZsutra,[7] MAHA • Make America Humane Again • Booya BANJOsutra,MAWA MAWA • Make America Woke Again • Banger BANJOsutra,Creepy Con Meme • Dicky DUBsutra,""Pro-Life Means What, Honey • Jazzy Mantra DUBsutra (2)"",Liberty • Tribute to Victor Hugo’s Revolutionary Poetry • DUBsutra,[1] Serial BLOWERS (now twat?) • DUBsutra,Project 2-0-2-5 • Dummy FOLKsutra,Woke-N-Whack-A-Musk ☆ BLUESsutra (1),Woke-N-Whack-A-Musk ☆ BLUESsutra (2),Woke-N-Whack-A-Musk ☆ DUBsutra (2),The Tyranny of Ignorance : BANJOsutra (Single Duck Release),Mind the Felon (two) • FOLKsutra,Mind the Felon (one) • JAZZsutra,Mind the Felon (three) • JAZZsutra,Kamala has a dream (and that duck just blows) • bananasutraBLUES","Bloom Past Doom (Apes Gone Wrong Series) EPx5 - BLOWsutra (Revolt Now)  Grassroots Hope Song,Carnival FOTUS (ctd) EP X3,Creepy Con Meme EPX2 • Dicky Ducky DUBsutra,Daddy's a Creep ⚞  P3d0 T-Shirts ON SALE ⚟ BLOWsutra EPx4,Dump Trump EPx4 🪦 BLOWsutra Burlesque ROCK,Ego Ain't Your Amigo ⭐︎ EPx14 VOL. 01 ⭐︎ True Tales of BLUESsutra,Hard Core (Questions that Matter) X5,Hereby · I Cry ☠ BLOWsutra EPx5,How to Help a Bible Bro Grow Up · In the name of Religious Freedom,I Ain't No Christian (No Holy Fool) ♥ EPx4 VOL.02,Idiocracy Now ✪ QUACKsutra EPx10,If We Had But(t) The Truth • Vol. 2 EPx22 • BLOWsutra (Censored) Epstein Etcetera Soundtrack,If We Had But(t) The Truth ☲ Easterican Profanities EPx5 ☲ QUACKsutra,It's War · My Friend ☳ QUACKsutra EPx15,MAKA MAKA EPx7 ⭐︎ MAxA Series · Vol. 4,Make Amurica Gulag Again ☭ BLOWsutra DUB EPx25,MASA (Make America Safe Again) ✮ EPX12 ✮ QUACKsutra Psychedelic BANJO,MAWA MAWA EPx2 (if Soundcloud allows) ⭐︎ MAxA Series · Vol. 2,MAxA Alphabet Series Compilation - Make America Humane · Kind · Safe · Smart · etcetera Alright?!,Mind the Felon EP X5 | JAZZ LOFI : Psychedelic Paradox Soul Chanson,Oy · We Care 🦆 QUACKsutra Psychedelic Punk Rock Mantra EPx4,Pedo Nation ★ Felon Nation Redux ★ BLOWsutra EPx14,Pro-life means what · honey?,Project 2-0-2-5 (Explicit Fascism Advisory) • Pray for Murica SOULsutra EPx7,Serial BLOWerrr ✰ RAGGA DUBsutra,Sidération - Spoken Words Intro - EPx3 VOL. 1 of 4,Sidération - The Sky Stood Still - EPx6 VOL. 2 of 4,Sidération Blues - A Song of Wrong - EPx7 Vol 3 of 4,Sidération's Calling - White House's Burning - EPx13 Vol 4 of 4,Stymied Felon goes Stymy Stymy Yuck Encore - Freee Bonus EPx2 VOL.02,Stymy Stymy Yuck : A Story of Old Bastards - EPx5 VOL.1 - DUBsutra,Thank you · Mister Paine - American Accountability Revolution Blues EPx3,The Dystopian Quiz Song ★ EPx15 ★ Acoustic SOULsutra,Time for Rebel Romance ☆ EPx6 ☆ BLOWsutra (Revolt Now) Cabaret,Trump Derangement Syndrome ™ EPx7,Waldo's Fascist Tango EPx3 VOL. 1 • Burlesque JAZZ,What It's About - Blues Dub Murica Mantra EPx7,What's F-A-S-C-I-S-T? EPx8 VOL. 1 ☆ BLOWsutra JAZZ FOLK Fusion,Who's Your Vladdy? EPx10 ☿ BLOWsutra World Peace Fusion Indie,Who's Your Vladdy? EPx2 VOL.02 ☿ BLOWsutra World Peace LOFI + ROCK,Why You Lie (to the People's Face) EP x7 ☠ QUACKsutra,Woke 'em Whacks EPx4 : BLUES & DUBsutra (Music Therapy)"
GLOWsutra : POET(ry),https://soundcloud.com/bananasutra/sets/glowsutra-poet-ry,songbook,checked,GLOWsutra,"BANJO,BLUES,BURLESQUE,DUB,INDIE,JAZZ,LOFI,MANTRA",10,5873,74,36:45,https://i1.sndcdn.com/artworks-OV8ZRGizQyraCB7N-C8HWOQ-t500x500.png,"[01] Awe Is Mighty (Maybe Even Holy) - GLOWsutra Conscious Indie trip Hop(e) Blues Lullaby LOFI,Poetry (Nah Lie) • GROWsutra Ragga Mantra DUB,[05] Poetry Slow Burns - Sweet DUBsutra,[01] Poetry Slow Burns  - Gold DUBsutra,[03] Poetry Duende - DUBsutra,[01] Poetry Duende - DUBsutra,[03] La Poesia Importa - Oh Lordy DUBsutra,[06] I Wanted to Be the Poem - Bluesy Burlesque JAZZ,Poetry Matters • LOFI DUBsutra,Poetry Matters (1) ☰ BANJOsutra dream","Awe Is Mighty (Maybe Even Holy) - GLOWsutra Conscious Indie LoFi Lullaby EPx2,Creo (La Poesia) ☘ EPx10 VOL.01 ☘ Bananasutra En Español,La Poesia Importa ♕ EPx7 VOL.01 ♕ Bananasutra En Español,Poem (I wanted to be · basically) ℘ EPx14 VOL.01,Poetry Matters EP vol.3,Poetry Matters ☰ BANJOsutra EPx2,Poetry Matters ☲ EPx3 Vol.05 ☲ DUBsutra,Poetry Slow Burns ☲ EPx5 Vol.01 ☲ DUBsutra"
BOWsutra : (Thank) Dogs,https://soundcloud.com/bananasutra/sets/bowsutra-thank-dogs,songbook,checked,SHOWsutra,"BLUES,BURLESQUE,DUB,INDIE,JAZZ,ROCK",1,287,7,4:06,https://i1.sndcdn.com/artworks-safSzuvAHiwvn0LF-0u5a3Q-t500x500.png,[05] Blessed Be The Dogs • SHOWsutra Post-Punk Burlesque ROCK,"Best Teacher Award · in Love & Death : Indie Bliss EPx3 VOL. 1 : BOWsutra,Blessed Be the Dogs ☰ SHOWsutra EPx9 ☰ Post-Punk Burlesque ROCK,Hammy On Clyde ✪ SHOWsutra EPx8,Sutra of Immanence - FLOWsutra Dog Poetry - Jazz & Dub EPx3"
BLOWsutra : CENSOR(ed),https://soundcloud.com/bananasutra/sets/blowsutra-censor-ed,songbook,checked,BLOWsutra,"BURLESQUE,DUB,FOLK,INDIE,JAZZ,LOFI,ROCK",11,15322,158,35:01,https://i1.sndcdn.com/artworks-oX7ZY3z8JzrLVWyA-Iz5Tsg-t500x500.png,"[04] What Dissent Looks Like Now • BLOWsutra Post-Punk Piano Trip Hop Lo-Fi Burlesque JAZZ,Side B [15] If We Had But(t) The Truth • BLOWsutra (Censored) Gipsy Psychedelia Accordion Cello Indie FOLK,Side A [08] If We Had But(t) The Truth • BLOWsutra (Censored) Folk Poetry on the Bridge DUB,Side B [16] If We Had But(t) The Truth • BLOWsutra (Censored) PsyPunk Rock Cabaret BURLESQUE,[07] Why We Can't Be Brave - GROWsutra (Censored) Psychedelic Hip Hop Cello Indie Dub Fusion LOFI,Side A [03] BB is for Banned Books - SHOWsutra Gypsy Hip Hop Fusion BURLESQUE,Side A [05] READ ME HARDER (BB is for Banned Books) - SHOWsutra Gypsy Hip Hop Rebellion BURLESQUE,[14] Men-Oh-Pause • GROWsutra I Burlesque You Not Psychedelic Punk ROCK,[10] SS Means Sacred Sp3rm • Oh Baby FOLK,[14] SS Means Sacred Sp3rm • Jazz INDIE,[04] SS Means Sacred Sp3rm • Piano Jazz BURLESQUE","If We Had But(t) The Truth • Vol. 2 EPx22 • BLOWsutra (Censored) Epstein Etcetera Soundtrack,Le Système EP MIX X16 | Bluesy French Jazz,Men-Oh-Pause 🩸 KNOWsutra EPx14,Read Me Harder (BB is for Banned Books) ☆ SHOWsutra Side A+B EPx19,Some Truths (Are Harder to Swallow) EPx7,SS Means Sacred Sp3rm ☠ BLOWsutra EPx19,This Is What Dissent Looks Like Now - BLOWsutra (Revolution Ring) Jazz Indie LoFi Dream,What's F-A-S-C-I-S-T? EPx8 VOL. 1 ☆ BLOWsutra JAZZ FOLK Fusion,Why We Can't Be Brave? ☷ GROWsutra (Censored) Cello EPx8"
SHOWsutra : FANANA Club,https://soundcloud.com/bananasutra/sets/showsutra-fanana-club,songbook,checked,SHOWsutra,"BANJO,BURLESQUE,FOLK,INDIE,JAZZ,LOFI",11,7101,95,38:42,https://i1.sndcdn.com/artworks-09nrbUudNilo3UyQ-Qz1LzA-t500x500.png,"Side A [06] Donkeys Years • SHOWsutra Fanana Club Gipsy Cabaret Indie LOFI,[06] Gladys in Sonderland • SHOWsutra Psychedelic Gipsy Cello Waltz Breathing BURLESQUE,[11] Gladys in Sonderland • SHOWsutra Psychedelic Gipsy Accordion Circus Waltz BURLESQUE,""[08] Hi, My Name Is (Not Céline Dion) - SHOWsutra Gipsy Fusion Trip Hop World LOFI"",""[11] Hi, My Name Is (Not Celine Dion) • SHOWsutra Cello Circus Waltz BURLESQUE"",[15] Oh My Cha Cha Cha • Accordion BURLESQUEsutra,[01] Dressed in Wonder • psyBLUES BANJOsutra,i did the math and everything is stupid • DRUMsutra.wav,Some Songs Are More POOH Than Others : DUBsutra,Some Songs Are More WOMP Than Others : CIRCUSsutra,""Hi, my name is (not Celine Dion) • Hip Pop Jazz, Quirky Stuff, a true story • Bananasutra(SHOW)""","Donkeys Years - SHOWsutra Fanana Club Gratitude EPx20,Dressed in (nothing butt) Wonder ★ Exxxplore and Play (EP) x16 Bananas,Gladys in Sonderland EPx14 • SHOWsutra Psychedelic Gipsy Dream,Hi · My Name Is (Not Celine Dion) - Vol02 EPx11 - SHOWsutra Dubby Grass Burlesque Edition,Hi · My Name Is (Not Celine Dion) - Vol03 EPx11 - SHOWsutra Gipsy Trip Hop World LoFi Edition,Linguistic Weaponry EPx7 Burlesque DUBsutra,some songs are more fun than others EP x8 ∞"
BOWsutra : DEATH (is nothing),https://soundcloud.com/bananasutra/sets/bowsutra-death-is-nothing,songbook,checked,BOWsutra,"BLUES,DUB,INDIE,JAZZ",5,4758,53,14:38,https://i1.sndcdn.com/artworks-PhV4HcOuFKRdx4bD-cO41eQ-t500x500.png,"Side A [12] Oh Martine • BOWsutra La Poesita Fado World Duende INDIE,Side A [08] Oh Martine • BOWsutra French Psychedelic Cello Indie JAZZ,Side A [07] Oh Martine • BOWsutra French Psychedelic Cello Indie JAZZ,[07] Easy (Death Is Nothing At All) • BOWsutra La Poesita Peace DUB INDIE,#2 Darling - JAZZsutra","Best Teacher Award · in Love & Death : Indie Bliss EPx3 VOL. 1 : BOWsutra,Darling EP,Easy (Death Is Nothing At All) ❣ BOWsutra EPx9,Oh · Martine ❃ French GLOW+BOWsutra ❃ Side A+B EPx28"
QUACKsutra : DUCK (shady),https://soundcloud.com/bananasutra/sets/quacksutra-duck-shady,songbook,checked,QUACKsutra,"BANJO,BLUES,BURLESQUE,DUB,FOLK,INDIE,JAZZ,LOFI,MANTRA,ROCK",12,5060,58,39:56,https://i1.sndcdn.com/artworks-301rwrEjz0M0tuZV-1dVJMg-t500x500.png,"Who's Your Vladdy BLOWsutra Psychedelic Burlesque Punk ROCK,[07] Who's Your Vladdy • BLOWsutra Psychedelic Poetry Folk DUB,""[15] It's War, My Friend • QUACKsutra Psychedelic Punk ROCK"",[13] PEDO Nation • High Drum Prayer MANTRA,[01] Ego Ain't Your Amigo (Fasho at Marlago) - oh hi salty honey bluesy JAZZ tempo,[5] stymy stymy yuck • Arabesk DUB,[2] stymy stymy yuck • muse DUB,Creepy Con Meme • Dicky DUBsutra,Woke-N-Whack-A-Musk ☆ BLUESsutra (1),Woke-N-Whack-A-Musk ☆ BLUESsutra (2),Mind the Felon (two) • FOLKsutra,Mind the Felon (one) • JAZZsutra","Creepy Con Meme EPX2 • Dicky Ducky DUBsutra,Dump Trump EPx4 🪦 BLOWsutra Burlesque ROCK,Ego Ain't Your Amigo ⭐︎ EPx14 VOL. 01 ⭐︎ True Tales of BLUESsutra,It's War · My Friend ☳ QUACKsutra EPx15,Mind the Felon EP X5 | JAZZ LOFI : Psychedelic Paradox Soul Chanson,Pedo Nation ★ Felon Nation Redux ★ BLOWsutra EPx14,Project 2-0-2-5 (Explicit Fascism Advisory) • Pray for Murica SOULsutra EPx7,Stymied Felon goes Stymy Stymy Yuck Encore - Freee Bonus EPx2 VOL.02,Stymy Stymy Yuck : A Story of Old Bastards - EPx5 VOL.1 - DUBsutra,Trump Derangement Syndrome ™ EPx7,Who's Your Vladdy? EPx10 ☿ BLOWsutra World Peace Fusion Indie,Who's Your Vladdy? EPx2 VOL.02 ☿ BLOWsutra World Peace LOFI + ROCK,Why You Lie (to the People's Face) EP x7 ☠ QUACKsutra,Woke 'em Whacks EPx4 : BLUES & DUBsutra (Music Therapy)"
GROWsutra : GOD (etc),https://soundcloud.com/bananasutra/sets/growsutra-god-etc,songbook,checked,GROWsutra,"BANJO,BLUES,BURLESQUE,DUB,FOLK,JAZZ,LOFI,MANTRA,ROCK",16,21509,253,49:04,https://i1.sndcdn.com/artworks-eYKRlb3V6IdPR1u7-GGSyjw-t500x500.png,"""[02] The Atheist Tango • GROWsutra (God, Etc) Conscious Gipsy Burlesque Fusion LOFI"",""[04] Sing Your Own Gospel • GROWsutra (God, Etc.) Gipsy Piano JAZZ"",""[01] Sing Your Own Gospel • GROWsutra (God, Etc.) Gipsy Gospel BLUES"",""[07] Seminal Bollocks - GROWsutra (God, Etc) Gipsy Trip BRUH Hop LOFI"",""[06] Seminal Bollocks - GROWsutra (God, Etc) Psychedelic Tzigane Fusion Folk LOFI"",[01] Reason over Reverence (No Need for Gods) • Banjo Blues FOLKsutra,[03] El Papito Leo es No MAGA Show - Muse DUB,[01] El Papito no es loco - Latin JAZZ,[15] Queer Almighty - Drum Mantra DUBsutra,[06] Queer Almighty - Queer Enough to Cabaret - BANJOsutra,[08] Queer Almighty - Tell me why - FOLK BANJOsutra,[01] Queer Almighty - Folk BANJOsutra,[4] Shush the Bull Bro (Please) • DUBsutra,[2] Make your Own Bible - pbgal Burlesque LOFI,""Pro-Life Means What, Honey • Jazzy Mantra DUBsutra (2)"",Seminal Bollocks  • DUBsutra","Atheist Tango EP x9 VOL. 1 ☰ Waldo's Burlesque Tales of Truth,El Papito Leo Es No MAGA Show ☰ KNOWsutra EPx6,How to Help a Bible Bro Grow Up · In the name of Religious Freedom,Make your Own Bible EP x6 VOL. 1 ℧ A Jazzy Burlesque Folk Trip Hop LOFI Venture (oui oui),Pro-life means what · honey?,Queer Almighty (Holy Questions Matter) - EPx16 VOL. 02,Reason over Reverence (No need for God) ☷ KNOWsutra EPx6,Seminal Bollocks - Merry Psychedelic GROWsutra (God Etc.) EPx10,Seminal Bollocks EP,Sing Your Own Gospel • Vol. 2 EPx7 • GROWsutra (God · Etc) Revolutionary Gipsy JAZZ,The Atheist Tango • Vol. 2 EPx12  •  GROWsutra (God · Etc) Conscious Gipsy LoFi Burlesque Jazz,The Invisible Man in the Sky (a song inspired by George Carlin) EPx8 VOL.01,Untamed EP X3,Why Trust an Old · Mean Religion? EPx9 VOL. 01"
QUACKsutra : FOTUS Circus,https://soundcloud.com/bananasutra/sets/quacksutra-fotus-circus,songbook,checked,QUACKsutra,"BANJO,BURLESQUE,DUB,FOLK,INDIE,LOFI,ROCK",8,6181,52,25:12,https://i1.sndcdn.com/artworks-PbQdusXHHfL2vzQG-PVycmg-t500x500.png,"""[02] It's War, My Friend • QUACKsutra Tzigane Indie Fusion LOFI"",""[08] FOTUS Circus VOL. 04 • Step Right Up, Murica Freaks (paper straws) • DUB QUACKsutra"",""[09] FOTUS Circus VOL. 04 • Step Right Up, My Dearest Souls • DUB QUACKsutra"",""[06] FOTUS Circus VOL. 04 • Step Right Up, for Plastic Straws • Banjo QUACKsutra"",[01] FOTUS Circus VOL. 04 • Step Right Up my Dearest Souls • Burlesque QUACKsutra,[06] FOTUS Circus VOL. 03 • When will you be angelic (Ginzberg’s Horror Show) • BURLESQUE QUACKsutra,[06] FOTUS Circus VOL. 02 • This ain't no hollow show • QUACKsutra,The Tyranny of Ignorance : BANJOsutra (Single Duck Release)","Carnival FOTUS (ctd) EP X3,Daddy's a Creep ⚞  P3d0 T-Shirts ON SALE ⚟ BLOWsutra EPx4,FOTUS CIRCUS ★ VOL.2 EPx10 ★ BURLESQUEsutra,FOTUS CIRCUS ★ VOL.3 EPx9 ★ BURLESQUEsutra,FOTUS CIRCUS ★ VOL.4 EPx9 ★ BURLESQUEsutra,Idiocracy Now ✪ QUACKsutra EPx10,It's War · My Friend ☳ QUACKsutra EPx15"
BLOWsutra : EGO (gone loco),https://soundcloud.com/bananasutra/sets/knowsutra-ego-gone-loco,songbook,checked,BLOWsutra,"BANJO,BLUES,BURLESQUE,DUB,FOLK,INDIE,JAZZ,LOFI,MANTRA,ROCK",20,27144,298,1:07:27,https://i1.sndcdn.com/artworks-qfOVhmHG1WJJqjc9-k1w2VA-t500x500.png,"[06] Ego Ain't Your Amigo • BLOWsutra (Ego Gone Loco) Psychedelic Bridge Poetry Folk DUB,[05] Ego Ain't Your Amigo • BLOWsutra (Ego Gone Loco) Psychedelic Bridge Poetry Folk DUB,[02] Ego Ain't Your Amigo • BLOWsutra (Ego Gone Loco) La Poesita Psychedelic Indie Flamenco DUB,""[12] Hey, Creeps • BLOWsutra Ego Gone Loco Tzigane Fusion LOFI"",""[01] Hey, Creeps • BLOWsutra Ego Gone à la Psychedelic Gipsy Bonobo Cosmic Punk LOFI"",""[13] Hey, Creeps • BLOWsutra Ego Gone Psychedelic Hip Hop Storyteller LOFI"",Side A [03] Secondhand Smoke • BLOWsutra Ego Gone Loco Gipsy Indie Trip Hop LOFI,Side A [01] Secondhand Smoke • BLOWsutra Ego Gone Loco Gipsy Indie Trip Hop LOFI,Side B [03] Arrogant Hearts - BLOWsutra Indie Cello MANTRA,[02] EGO's masquerade • Tzigane Trip Hop Lo-Fi INDIE,[06] All Lame-Isms (Queen of Authentic) - BLOWsutra FOLK,""[03] Hey, You - BLOWsutra psyPunk ROCK"",[11] Jolly Poo - Coward Dawgs Gossip but(t) only in your back  - DUBsutra,[01] Male Fantasies • Minimal Vocal JAZZsutra,Where Hope Expires - Queen of Authentic FOLK,Where Hope Expires - dem sed Dub INDIE FOLK,[2] Trust no one - BLOWsutra Udio ROCK,[1] Trust no one - BLOWsutra Suno JAZZ,Nietzsche’s Gift V.3 • LOFI Jazzz • sutraKNOW,""Hey, You (Creepers) • Fake Folk(s) True Tale • Bananasutra(BLOW) Authentic Imagination Music""","All the -Isms | BLOWsutra EPx7,Ego Ain't Your Amigo • Vol. 2 · EPx21 • BLOWsutra (Ego Gone Loco)  Dub LoFi Burlesque,EGO's Masquerade • EPx4 • BLOWsutra Tzigane Trip Hop Lo-Fi INDIE,Hey · Creeps • EPx20 • BLOWsutra Ego Gone Loco,Hey · You ✖ EPx8 ✖ BLOWsutra Indie Punk ROCK,Ironic Moronic Eugenics ☤ What Happens When KNOWsutra & BLOWsutra Make a Baby,Jolly Poo - EPx15 VOL. 01 - Banjo Blues BLOWsutra,Male Fantasies - bananasutra EPx2 Vol. 03,Muddy Waters EP,Nietzsche's Gift (They Muddy the Water to Make it Look Deep) - KNOWsutra EPx13 Vol. 5,Second Hand Smoke (of) Arrogant Hearts - BLOWsutra EGO Therapy EPx6,They Muddy the Waters (aka Nietzsche's Gift) EPx5 VOL. 04,Trust No One EP x3 VOL.1 ☆ BLOWsutra Alternative Indie ROCK,Where Hope Expires ℧ EPx8 VOL.02"
KNOWsutra : BERTRAND (mon chéri),https://soundcloud.com/bananasutra/sets/knowsutra-bertrand-mon-cheri,songbook,checked,KNOWsutra,"BANJO,BLUES,BURLESQUE,DUB,FOLK,INDIE,JAZZ,LOFI",11,19635,258,40:05,https://i1.sndcdn.com/artworks-dpot7zmJbp98Q8za-Swn1Rg-t500x500.png,"""[02] It's an Ethical Paradox, an Oxymoron Maze • KNOWsutra (Bertrand Knows) Gipsy Burlesque Upright Bass JAZZ"",""[01] It's an Ethical Paradox, an Oxymoron Maze • KNOWsutra (Bertrand Knows) Gipsy Burlesque Piano Bass JAZZ"",""[06] It's an Ethical Paradox, an Oxymoron Maze • KNOWsutra (Bertrand Knows) Gipsy Burlesque Piano Upright Bass JAZZ"",""[07] Two Things, Darling • KNOWsutra Bertrand (Knows) La Poesita Gipsy Flamenco Dub INDIE"",Side A [03] EP Bertrand - The Unhappiness Dance - GROWsutra Jazzy Indie FOLK,Side B [05] EP Bertrand - The Conquest of Happiness - GROWsutra Sweet Waltz BURLESQUE,Side A [01] EP Bertrand - The Unhappiness Dance - GROWsutra Jazzy BURLESQUE,[01] Reason over Reverence (No Need for Gods) • Banjo Blues FOLKsutra,[04] Reason over Reverence - They said bow down but we rise 2 - DUBsutra,[01] Question Di Kingdom - Dub's the Path (Truth is the riddim) - Ragga DUBsutra,[3] Question Di Kingdom (2) • RAGGAsutra","Ethical Paradox (Bertrand Undone),It's an Ethical Paradox • Vol. 2 EPx15 • KNOWsutra (Bertrand Knows) Gipsy Burlesque Jazz,Question Di Kingdom EPx4 VOL.02,Question di Kingdom ✰ Ragga DUBsutra EPx10,Reason over Reverence (No need for God) ☷ KNOWsutra EPx6,The Conquest of Happiness (according to Bertrand Russel) ☰ 2 Songs EPx10 ☰ KNOWsutra,Two Things · Darling • EPx11 • KNOWsutra (Bertrand) Conscious Gipsy LoFi Blues INDIE"
KNOWsutra : PEACE (not War),https://soundcloud.com/bananasutra/sets/knowsutra-peace-not-war,songbook,checked,KNOWsutra,"BANJO,BLUES,BURLESQUE,DUB,FOLK,INDIE,JAZZ,LOFI,MANTRA",30,42652,441,1:49:24,https://i1.sndcdn.com/artworks-0YzGiltzEidfTrxR-osiLXg-t500x500.png,"[02] Foolish Goldfish (Forever) • KNOWsutra Peace (Not War) La Poesita Psychedelic Cello Dub INDIE,[05] Foolish Goldfish (Forever) • KNOWsutra Peace (Not War) Psychedelic Poetry Dubs The Bridge DUB,[01] Foolish Goldfish (Forever) • KNOWsutra Peace (Not War) Mama-b-c Psychedelic Cello Dream INDIE,[01] Trauma Begets Trauma • KNOWsutra Whimsical Gipsy Peace Kitten Dream Piano INDIE,[05] Peace Matters More - GROWsutra Gipsy DUB JAZZ,[02] Peace Matters More - GROWsutra Gipsy Burlesque INDIE,[23] Letter to My Friend (Never Again) • Gipsy Peace Duende Soul Fusion INDIE LOFI,[39] Letter to My Friend (Never Again) • GROWsutra PsyDestiny Banjo BLUES,[19] Letter to My Friend (Never Again) • Gipsy Peace Duende Soul Fusion INDIE LOFI,[27] Letter to My Friend (Never Again) • GROWsutra Jazzy Hop Storyteller LOFI 02,[31] Letter to My Friend (Never Again) • GROWsutra She Wanna Know PsyBass Circus JAZZ,[21] Letter to My Friend (Never Again) • Gipsy Peace Duende Soul Fusion INDIE LOFI,[18] Letter to My Friend (Never Again) • Gipsy Peace Duende Soul Fusion INDIE LOFI,[15] Letter to My Friend (Never Again) - GROWsutra Tzigane Arabesk Soul Peace Fusion Gipsy INDIE,[08] Letter to My Friend (Never Again) - GROWsutra Tzigane Arabesk Soul Peace Fusion Gipsy INDIE,[12] Letter to My Friend (Never Again) - GROWsutra Tzigane Arabesk Soul Peace Fusion Gipsy INDIE,[17] Letter to My Friend (Never Again) • Gipsy Peace Duende Soul Fusion INDIE LOFI,[01] Letter to My Friend (Never Again) - GROWsutra Tzigane Arabesk Soul Peace Fusion Gipsy INDIE,[16] The Love Of A Dove - GROWsutra Dem Sed Psychedelic Ragga DUB,[08] The Love Of A Dove - GROWsutra Only The Brave PsyBluegrass Dubby BLUES,[02] The Love Of A Dove - GROWsutra Duende Amoris Fado Fiddle INDIE,[14] The Love Of A Dove - GROWsutra Feel Di Riddim Psychedelic Ragga DUB,[09] The Love Of A Dove - GROWsutra Queen of Authentic Dubby Psychedelic BLUES,[11] The Love Of A Dove - GROWsutra Psychedelic Destiny BLUES,[11] Cassandra's Lullaby • Jewish Drum Indie Jazz MANTRA,[06] Cassandra's Lullaby • Jewish World INDIE FOLK,[03] Cassandra's Lullaby • World Reckoning INDIE FOLK,Predators (why Kids Are Allowed To Die) • CELLOsutra,Predators (always Inspired) 5,Predators (always Inspired) 4","A Letter to My Friend (Never Again) EPx44 ☮ GROWsutra World Peace Mantra,A stroll down history’s lane ☆ KNOWsutra ☆ EPx6 Vol. 1,Cassandra’s Lullaby • KNOWsutra EPx11 World,Foolish Goldfish (Forever) ❃ Vol. 02 EPx15 ❃ KNOWsutra Peace (Not War),Peace Matters More (The Only Wish Worth Making) 🪽 GROWsutra Birthday Wish Song,Predators (why war) EP x11 vol.2,The Love of a Dove ☩ EPx18 ☩ GROWsutra Peace Fusion Prayer,Trauma Begets Trauma - KNOWsutra Peace (not War) Piano Kitten Truth EPx5"
OUI OUI : Pardon (my French),https://soundcloud.com/bananasutra/sets/oui-oui-pardon-my-french,songbook,checked,,"BLUES,BURLESQUE,DUB,INDIE,JAZZ,LOFI,MANTRA",22,29957,293,1:15:30,https://i1.sndcdn.com/artworks-e0sOW6yRL70L2ZRD-C8tirQ-t500x500.png,"[01] Secret de Polichinelle - French KNOWsutra Keep It Real Psychedelic Gipsy Circus Accordion BURLESQUE,[05] Secret de Polichinelle - French KNOWsutra Keep It Real Psychedelic Gipsy Circus Indie Chanson BURLESQUE,[03] Le Bal Des Salauds • French BLOWsutra PBGal Chanson BURLESQUE,[04] Le Bal Des Salauds • French BLOWsutra Oh Boy Accordion Circus BURLESQUE,[01] Le Bal Des Salauds • French BLOWsutra Oh My Oh Why Cello Circus INDIE,Side A [15] Oh Martine • BOWsutra La Poesita Fado World Duende INDIE,Side A [12] Oh Martine • BOWsutra La Poesita Fado World Duende INDIE,[02] La Force Douce - French GROWsutra Gipsy Flamenco Duende Chanson INDIE,[03] La Force Douce - French GROWsutra Gipsy Flamenco Duende Chanson INDIE,[06] La Force Douce - French GROWsutra Tzigane Peace Soul Fusion LoFi INDIE,[01] Win Win Dub ⚭ French GROWsutra Soulful Hip Hop Ragga DUB,""[03] Freee, la fille (remastered) • French SHOWsutra Circus Accordion BURLESQUE"",""[08] Freee, La Fille • French SHOWsutra Psychedelic Ragga DUB"",[14] L'Embobinage (d'après Carl Sagan) • French GROWsutra World Peace PsyAccordion POP BURLESQUE 3 INDIE,[09] L'Embobinage (d'après Carl Sagan) • French GROWsutra World Peace Hypnotic Tango Jazz INDIE,[13] L'Embobinage (d'après Carl Sagan) • French GROWsutra World Peace Miss Cheeky DUB,[02] L'Embobinage (d'après Carl Sagan) • French GROWsutra World Peace CelLOFI,[05] L'Embobinage (d'après Carl Sagan) • French GROWsutra World Peace Tzigane Fusion INDIE,[11] L'Embobinage (d'après Carl Sagan) • French GROWsutra World Peace La Poesita Flamenco INDIE DUB,[15] L'Embobinage (d'après Carl Sagan) • French GROWsutra World Peace PsyAccordion POP BURLESQUE INDIE,""En Vrai, On Est Tous Frères • LOFI BLUES FRENCHsutra"",Le P'tit Jupiter • sutraFRENCH • indieJAZZZ Piano LOFI Soul :)","Crimina/els EP,En Vrai · On Est Tous Frères ䷁ FRENCH BLUESsutra EPx5,Freee · La Fille • French SHOWsutra Psychedelic EPx10,Jacques Brel : French EPx9 : GLOWsutra Burlesque Indie Blues Gratitude POET(ry),L'Accordéon de l'Ignorance EP X9,L'Embobinage (d'après Carl Sagan) • French GROWsutra EPx17,La Force Douce EPx7 ✪ French GROWsutra World Peace Duende LoFi Indie Fusion,Le Bal Des Salauds - French BLOWsutra Indie Gipsy Burlesque EPx9,Le Système EP MIX X16 | Bluesy French Jazz,Nous Sommes Le Feu EPx4 ☲ GROWsutra French Peace Indie,Oh · Martine ❃ French GLOW+BOWsutra ❃ Side A+B EPx28,Secret de Polichinelle 🎪 French EPx10 🎪 KNOWsutra Psychedelic Gipsy Circus,What the Mirror Said (Reste Lucide) - GLOWsutra JAZZ,WIN-WIN DUB EPx3 ⚭ French-English GROWsutra Fusion Soul"
BLOWsutra : APES (gone wrong),https://soundcloud.com/bananasutra/sets/blowsutra-apes-gone-wrong,songbook,checked,BLOWsutra,"BLUES,BURLESQUE,DUB,FOLK,INDIE,JAZZ,MANTRA,ROCK",13,9543,82,39:41,https://i1.sndcdn.com/artworks-tJXDrinLqIXiRhrv-9pyIzQ-t500x500.jpg,"Planet Idiocracy (Single) • BLOWsutra Peace Odyssey DUB,[01] Ordo Amoris In Decay - Gypsy Fado BURLESQUEsutra,[00] All I Want Is To Believe - CAT JAZZ BURLESQUEsutra,[02] Ordo Amoris In Decay - Oh Boy Accordion Cello BURLESQUEsutra,[04] If We Had But(t) The Truth (Not The Quack) - Blues FOLKsutra,""[04] Okey Dokey, No It's Not • Jazzy LOFIsutra"",The Dystopian Quizz Song v3-2 ★ Blues Circus SOULsutra,[05] Mass Media Freakshow - chanson encore oh boy BURLESQUE,[01] Mass Media Freakshow • udio PSYcircus BURLESQUE,[1] Serial BLOWERS (now twat?) • DUBsutra,Double (decking) Standards VOL. 1 • DUBsutra,""New Normalcy, Space Oddity ☰ DUBsutra"",Kamala has a dream (and that duck just blows) • bananasutraBLUES","Crimina/els EP,Double Standards EPx3 VOL. 1 • BURLESQUEsutra,If We Had But(t) The Truth ☲ Easterican Profanities EPx5 ☲ QUACKsutra,Mass Media Freakshow EPx13 VOL.02 ⭐︎ Terrence MCKenna KNOWs ⭐︎ Burlesque or Snooze?,New Normalcy (Planet Earth to Higher Grounds) EP x7,No · I'm Not Being Political 🇺🇸 KNOWsutra Indie Dub EPx15,Okey Dokey · No It's Not Ξ EPx5 Ξ LOFIsutra,Ordo Amoris in Decay ♡ GROWsutra EPx6,RHINOCEROSS ♦ EPx7 ♦ BLOWsutra Surreal Real Poetry,Serial BLOWerrr ✰ RAGGA DUBsutra,The Accordion of Ignorance EP X4,The Dystopian Quiz Song ★ EPx15 ★ Acoustic SOULsutra,Waldo's Fascist Tango EPx3 VOL. 1 • Burlesque JAZZ"
FLOWsutra : WET (my friend),https://soundcloud.com/bananasutra/sets/flowsutra-wet-my-friend,songbook,checked,FLOWsutra,"BLUES,BURLESQUE,DUB,JAZZ",8,3794,62,27:07,https://i1.sndcdn.com/artworks-lciyCEyApUx6fnqe-mWMztg-t500x500.png,"[01] Peel Me Kindly • FLOWsutra Gone Banana Joke Gipsy JAZZ,When We Duende 3 - FLOWsutra DUB,When We Duende 4 - SHOWsutra JAZZ DUB,Wet Peaches • Blues BANJOsutra,Let’s Do It • Public Domain Lyrics • JAZZsutra 2,Prickly Peaches (one) • DUB Sutra,Absinthe Bliss (Kiss Me Slow) • DUBsutra,Dark (Lace) Rhythms • TANGOsutra","Foolish EPx5,I Think I Need a Good Spank!ng (in Madrid) ⚯ SHOWsutra EPx9,Let’s Do It (Let's Fall in Love) EP • Public Domain Lyrics • JAZZsutra,Peel Me Kindly 🍌 SHOWsutra Gone Banana à la Gipsy JAZZ EPx7,Prickly Peaches DUBsutra EPx3,Wet (Prickly) Peaches vol.2,When We Duende (All Night) EPx9 ☯ DUB + BURLESQUEsutra,When We Duende · Encore ★ Arabesk Fado Soul EPx2 VOL.2,Where We Begin (Preakly Peaches) EPx4"
GROWsutra : DARE (to care),https://soundcloud.com/bananasutra/sets/growsutra-dare-to-care,songbook,checked,GROWsutra,"BANJO,BLUES,DUB,FOLK,INDIE,LOFI,MANTRA",4,4330,46,13:29,https://i1.sndcdn.com/artworks-qhqHRqMMeCjATzsp-RQ8fQQ-t500x500.png,"[15] This Is My Quest • GROWsutra Psychedelic Poetry Bridges the DUB,""[05] Hereby, I Cry • Arabesk Drum MANTRA"",we remember what we remember when we feel 2,Where Hope Expires • Folk BANJOsutra","Double Standards EPx4 VOL. 2 ★ BLOWsutra LOFI,Hereby · I Cry ☠ BLOWsutra EPx5,This Is My Quest • GROWsutra (Dare to Care) Dream EPx19,We Remember What (We Remember What) We Feel☉EPx5 INDIE GROWsutra,What It's About - Blues Dub Murica Mantra EPx7"
KNOWsutra : (naked) TRUTH,https://soundcloud.com/bananasutra/sets/knowsura-naked-truth,songbook,checked,KNOWsutra,"BLUES,BURLESQUE,DUB,INDIE,LOFI",12,17085,331,41:42,https://i1.sndcdn.com/artworks-aUUxzKo6oEXsOIfq-vtqUJA-t500x500.png,"[04] We Live Not By Lies - GROWsutra Psychedelic Piano Cello INDIE,[02] Everybody Knows • KNOWsutra Burlesque Trip Hop Indie Dub Piano BLUES,[08] Tell The Truth • KNOWsutra True BLUES Cover,Everybody Knows • FLOWsutra Freedom Magic Cello Prayer INDIE.wav,[02] Joseph Campbell - Hold the Sacred - KNOWsutra Chillhop Piano Psy-LOFI,[8] How do kids learn • DRUM FOLKsutra,[0] How do kids learn • Destiny JAZZsutra (high),Feeel The Rhythm (Tell the Truth),Tell the Truth : BANJOsutra,She Wears the Words • JAZZsutra Mighty Poetry Minute,#4 Hard Core : Burlesque Honeysutra,#1 Hard Core : Honey JAZZsutra","But(t) How you Kids Learn Now? EPx9 VOL. 01,Everybody Knows ✔ Vol. 03 - EPx7 ✔ KNOWsutra Gipsy Trip Hop Truth Prayer Dream,Hard Core (Questions that Matter) X5,Joseph Campbell's Truth Metaphors ☷ KNOWsutra EPx12,Relative Steve - KNOWsutra Hip de la HoP EPx2 Bass Interlude,Tell The Truth (encore) KNOWsutra EPx9 Vol. 04,Tell the Truth EP x4 BLUESsutra,Truth Don't Care ✗ EPx2 ✗ KNOWsutra Psychedelic Muse Cabaret,We Live Not By Lies ⚬ EPx12 ⚬ GROWsutra Revolution Ring,When Did Seduction Become so Untrue? EPx16 Vol. 02 ䷶ KNOWsutra Flamenco Techno"
KNOWsutra : but(t) WHY,https://soundcloud.com/bananasutra/sets/knowsutra-but-t-why,songbook,checked,KNOWsutra,"BANJO,BLUES,BURLESQUE,DUB,FOLK,INDIE,JAZZ,LOFI,ROCK",9,15040,168,28:42,https://i1.sndcdn.com/artworks-L6uXyHUyGsqH0ZAv-cvmeZg-t500x500.png,"""[17] So, What Is Racism? KNOWsutra Banjo Booya Folk Banjo Harmonica BLUES"",""[14] So, What Is Racism? KNOWsutra Gipsy Dub JAZZ"",""[10] So, What Is Racism? KNOWsutra Gipsy Dub JAZZ"",""[08] So, What Is Racism? KNOWsutra Gipsy Dub JAZZ"",""[01] So, What Is Racism? KNOWsutra She Wanna Know Jazzy LoFi DUB"",""[11] So, What Is Racism? KNOWsutra Gipsy Dub JAZZ"",""[03] So, What Is Racism? KNOWsutra Rebound & Rise Jazzy Ragga DUB"",""[09] So, What Is Racism? KNOWsutra Gipsy Dub JAZZ"",[14] Men-Oh-Pause • GROWsutra I Burlesque You Not Psychedelic Punk ROCK","AI Fair Use Manifesto EPx3 VOL.1 : LOFI BURLESQUE BLUES,Blaise's Tale ⭐︎ EPx3 ⭐︎ KNOWsutra Folk Cabaret,HashtagWHY (to be ctd...),Kids Are Asking ✪ KNOWsutra But(t) Why EPx3,Men-Oh-Pause 🩸 KNOWsutra EPx14,Oh My · Oh Why (Socrates Song) - GROWsutra EPx7,So · What Is Racism? KNOWsutra Gone Banana EPx17,Who Knows Where How Happiness Truly Grows ☰ GROWsutra EPx29,Why Trust an Old · Mean Religion? EPx9 VOL. 01"
BLOWsutra : REVOLT (now),https://soundcloud.com/bananasutra/sets/blowsutra-revolt-now,songbook,checked,BLOWsutra,"BANJO,BLUES,BURLESQUE,DUB,FOLK,INDIE,JAZZ,LOFI,MANTRA,ROCK",23,19926,228,1:17:11,https://i1.sndcdn.com/artworks-FCpNyoKfIRn6bNzD-59cLWg-t500x500.png,"[01] Time for Rebel Romance ☆ BLOWsutra (Revolt Now) Oh Boy Psychedelic Accordion Circus BURLESQUE,[03] Bloom Past Doom - BLOWsutra (Revolt Now) Cello Circus Chanson Cabaret BURLESQUE,""[02] They Call It Freedom (Oh Hi, Sweet Honey Bun) • BLOWsutra (Revolt Now) Psychedelic Gipsy Dadadam Indie LOFI"",""[07] They Call It Freedom (Oh Hi, Sweet Honey Bun) • BLOWsutra  (Revolt Now) Psychedelic Dubby Americana Indie LoFi FOLK"",""Side A [01] No Fear, My Dear • BLOWsutra Revolt Now Bluesy Psychedelic Chanson Piano JAZZ"",[10] We Live Not By Lies - GROWsutra Post-Punk Rock Bar Girl BURLESQUE,[03] We Live Not By Lies - GROWsutra Psychedelic Piano Cello INDIE,[05] The (Bloody Mountain) Echo - Vladimir Vysotsky English Cover - BLOWsutra Gipsy Piano Cello Duende INDIE,[03] The Echo Song - Vladimir Vysotsky Cover - Russian BLOWsutra Classic Psychedelic Banjo BLUES,[02] The Echo Song - Vladimir Vysotsky Cover - Russian BLOWsutra Gipsy Arabesk World Peace Indie Trip Pop LOFI,[01] DEFY (Song 1) • Shameless • KNOWsutra BLUES,[03] DEFY (Song 2) • Optics of Cruelty • BLOWsutra JAZZ LOFI,[01] DO PANIC NOW - Murica Galaxy Rule Number 1 - Sweet FOLK,""[02] Thank you, Mister Paine - American Accountability Revolution BLUESsutra"",[01] Sideration's Calling • White House's Burning • Banger BURLESQUEsutra,[03] Sidération - The Sky Stood Still 4 - Revolution BLUESsutra,RUN v5 (2) [ordo duende amoris],RUN v2 - Duende Amoris FOLK,RUN v2 - Muse DUB,[02] Because the Fight ⭐︎ MellO BANJOsutra,[02] A Man's a Man and A' That - VOL. 02 - A Spin on Robert Burns' Revolutionary Song - Capela MANTRA LOFI,Liberty • Tribute to Victor Hugo’s Revolutionary Poetry • DUBsutra,""Ooh, Freedom ♛ BLUESsutra Soul (Public Domain Heavens)""","A Man's a Man and A' That (à la bananasutra) EPx3 - VOL. 02 - Revolution Forever,A Man's A Man for A' That - VOL. 01 - Revolution Forever,Because the Light ☉ EPx4 VOL.01,Bloom Past Doom (Apes Gone Wrong Series) EPx5 - BLOWsutra (Revolt Now)  Grassroots Hope Song,DEFY ✰ 3 Songs EPx7 ✰ BLOWsutra Jazzy Folk Lo-Fi BLUES,Do Panic Now ✝ GROWsutra EPx13,No Fear · My Dear ❢ BLOWsutra Revolution Ring Jazz EPx19,Oh · Freedom EP x10 ♛ BLUESsutra (Public Domain Lyrics),Oy · We Care 🦆 QUACKsutra Psychedelic Punk Rock Mantra EPx4,RUN (now · if you can),Sidération - Spoken Words Intro - EPx3 VOL. 1 of 4,Sidération - The Sky Stood Still - EPx6 VOL. 2 of 4,Sidération's Calling - White House's Burning - EPx13 Vol 4 of 4,Thank you · Mister Paine - American Accountability Revolution Blues EPx3,The Echo Song Song ☭ Vladimir Vysotsky - EPx6  English Cover ☭ BLOWsutra Gipsy Trip Hop Trip,The Echo Song ☭ Russian EPx3 ☭ Gipsy BLOWsutra LoFi Blues (Vladimir Vysotsky Cover),They Call It Freedom (Oh Hi · Sweet Honey Bun) ✯ BLOWsutra (Revolt Now) EPx11,Time for Rebel Romance ☆ EPx6 ☆ BLOWsutra (Revolt Now) Cabaret,We Live Not By Lies ⚬ EPx12 ⚬ GROWsutra Revolution Ring"
SHOWsutra : B.J. (is for Banana Jesters),https://soundcloud.com/bananasutra/sets/showsutra-b-j-is-for-banana,songbook,checked,SHOWsutra,"BANJO,BURLESQUE,DUB,FOLK,INDIE,JAZZ,LOFI",4,1406,19,14:20,https://i1.sndcdn.com/artworks-yoEMRKS82rZVyqki-15yXGg-t500x500.png,"[02] Synthema Sutras - SHOWsutra Banana Tzigane Conscious Soul Fusion Indie LOFI,[01] BANANA ALLELUIA — KNOWsutra Folk Waltz Ballad BURLESQUE,[03] BANANA ALLELUIA — KNOWsutra Banjo Waltz Bounce BURLESQUE,[1] Who Needs a Big D? OG BURLESQUE","BANANA ALLELUIA ♾ EPx5 ♾ KNOWsutra BURLESQUE,CREEPYPASTA (what the hella) ♅ SHOWsutra ♅ EPx23 Side A+B,SynthemaSutra ♆ SHOWsutra Banana EPx8,Who Needs a Big D? EP x8 VOL. 1 - JAZZ 'n DUB"
SHOWsutra: (shades of) FOOLS,https://soundcloud.com/bananasutra/sets/showsutra-shades-of-fools,songbook,checked,SHOWsutra,"BURLESQUE,DUB,INDIE,JAZZ,LOFI",5,4324,61,15:23,https://i1.sndcdn.com/artworks-oX7ZY3z8JzrLVWyA-Iz5Tsg-t500x500.png,"[04] What Dissent Looks Like Now • BLOWsutra Post-Punk Piano Trip Hop Lo-Fi Burlesque JAZZ,[01] Win Win Dub ⚭ French GROWsutra Soulful Hip Hop Ragga DUB,Shady Fools • FOLKsutra,[7] Shades of Fools • All I know is I dunno • Ragga DUBsutra High,[6] Shades of Fools • All I know is I dunno • Fastass BANJOsutra","Bee the Fool EP x2 : BANJOsutra,Shades of Fools EPx9,This Is What Dissent Looks Like Now - BLOWsutra (Revolution Ring) Jazz Indie LoFi Dream,WIN-WIN DUB EPx3 ⚭ French-English GROWsutra Fusion Soul"
BLOWsutra : MAxA Series,https://soundcloud.com/bananasutra/sets/blowsutra-maxa-series,songbook,checked,BLOWsutra,"BANJO,BLUES,BURLESQUE,DUB,FOLK,INDIE",12,11749,111,42:24,https://i1.sndcdn.com/artworks-uDzqzbtn80lOeo3H-hV475g-t500x500.png,"Side A [01] MAMA-B-C (Make America Mine Achtung) • BLOWsutra Back-to-Basics Folk Indie Cello BLUES,[10] MASA (Make America Safe Again) • QUACKsutra Psychedelic Booya Country BANJO,[01] MASA (Make America Safe Again) • QUACKsutra Psychedelic DUB BANJO,A [15] Make America Gulag Again • Di Riddim Ragga DUB,A [08] Make America Gulag Again • Muse DUB,A [12] Make America Gulag Again • Ragga Lala DUB,MAKA MAKA Murica (Kindness Gone Folk),[4] MAKA MAKA - Oh Hey Folk BANJOsutra,[4] MAHA • Make America Humane Again • Accordion CAT BURLESQUEsutra,[5] MAHA • Make America Humane Again • Authentic Banjo FOLKsutra,[1] MAHA • Make America Humane Again • Psy Waltz BURLESQUEsutra,MAWA MAWA • Make America Woke Again • Banger BANJOsutra","MAKA MAKA EPx7 ⭐︎ MAxA Series · Vol. 4,Make Amurica Gulag Again ☭ BLOWsutra DUB EPx25,MAMA-B-C (Make America Mine Achtung) • BLOWsutra MAxA Series EPx8,MASA (Make America Safe Again) ✮ EPX12 ✮ QUACKsutra Psychedelic BANJO,MAxA Alphabet Series Compilation - Make America Humane · Kind · Safe · Smart · etcetera Alright?!"
GROWsutra : KIND(ness),https://soundcloud.com/bananasutra/sets/growsutra-kind-ness,songbook,checked,GROWsutra,"BLUES,BURLESQUE,FOLK,INDIE,JAZZ,LOFI",13,12646,105,42:52,https://i1.sndcdn.com/artworks-FCpNyoKfIRn6bNzD-59cLWg-t500x500.png,"[01] Time for Rebel Romance ☆ BLOWsutra (Revolt Now) Oh Boy Psychedelic Accordion Circus BURLESQUE,[02] La Force Douce - French GROWsutra Gipsy Flamenco Duende Chanson INDIE,[03] La Force Douce - French GROWsutra Gipsy Flamenco Duende Chanson INDIE,""[02] Courage, Care, and Coconuts (Kindness is Clear more than Nice) - Dreamy Indie FOLKsutra"",[03] Glitter and Guts - Arabesk Indie JAZZsutra,[04] Glitter and Guts - oh lordy DUBsutra,Kindness (single) VOL. 04,MAKA MAKA Murica (Kindness Gone Folk),ABC Of Kindness - A Is For Always Speak From Your Heart - DUBsutra (1),Kindness - JAZZsutra,""#1 Hold the Mic, Babe ☰ BANJOsutra Vocal Hug"",""Genius, You See V.1 • Indie Jazz Folk Lullaby  • sutraKNOW inspired by Albert Einstein"",Kindness • Universal Jazz Cabaret of Blues Chanson • Bananasutra(GROW)","ABCs of Kindness - KNOWsutra,Courage · Care · and Coconuts © GROWsutra EPx4,Genius EP,Glitter on a Turd ❯ GROWsutra Banana Cabaret EPx5,Hold the Mic · Babe  EP X7 | Soul Prayer Lullabies,Kindness Matters - Human Life Soundtrack EP,La Force Douce EPx7 ✪ French GROWsutra World Peace Duende LoFi Indie Fusion,Time for Rebel Romance ☆ EPx6 ☆ BLOWsutra (Revolt Now) Cabaret"
FLOWsutra : FLY (like water),https://soundcloud.com/bananasutra/sets/flowsutra-fly-like-water,songbook,checked,FLOWsutra,"BLUES,DUB,LOFI",8,7219,100,24:01,https://i1.sndcdn.com/artworks-NrFEJYn5QiBNXnw5-RFTkHQ-t500x500.png,"[15] Jealousy (not for me) - WSWHFN DUB,[07] Fluye • Miss Cheeky DUB (1),[06] Fluye • Queen (of Authentic) DUB (2),aintdoingbaddoingnothing 💨,making songs like…,Just Grind(ha) • Harmonica Blues Lo-fi • sutraFLOW,Just Gasp(be) • Jazzy DUB Poetry • sutraFLOW (v1),""Flow like Water, My Friend""","Fluye (como el mar) FLOWsutra,Jealousy (not for me) ♡ GROWsutra EPx22,Just Be EP X7 | Vocal Honey Audio Ideals"
GLOWsutra : RAINBOWS (in my clouds),https://soundcloud.com/bananasutra/sets/glowsutra-rainbows-in-my,songbook,checked,GLOWsutra,"BANJO,BLUES,DUB,FOLK,INDIE,JAZZ,LOFI",8,12225,159,21:33,https://i1.sndcdn.com/artworks-OuzjTqyXc8wz8Uv9-0cXu0Q-t500x500.png,"[02] Rainbows in the Clouds • GLOWsutra Gipsy Jazz Conscious Fusion LOFI,[01] Rainbows in the Clouds • GLOWsutra Folk Poetry Dubs the DUB,[08] Rainbows in the Clouds • GLOWsutra Queen of Authentic Dubby Folk Classic BLUES,[05] Rainbows in the Clouds • GLOWsutra Gipsy Jazz Conscious Fusion LOFI,[02] Tune in the Tender • LOFI JAZZsutra,(what u) think about? • (introvert) FOLKsutra,#1 The Quest • Jacques Brel Remake • Bananasutra French Accordion,Rainbows in my Cloud (Merci) • Banjo Folk Gratitude Song • Bananasutra(GLOW)","Blessed Are the Cracked EP X3,Rainbows in the Clouds • GLOWsutra Dub LoFi Blues,To Dream EP X8 | Jacques Brel Chanson Reimagined : Psychedelic French Poetry JAZZsutra X5,Tune in the Tender ☲ #GROWsutra EPx9,Up a San Francisco Hill EP(x4) VOL.2,What the Mirror Said (Reste Lucide) - GLOWsutra JAZZ"